wavelength_A,flux_1e17,ivar,and_mask
3799.2685546950834,30.59662628173828,0.06440802663564682,0
3800.142571433285,33.2457275390625,0.0,0
3801.0188759171087,35.895118713378906,0.06292833387851715,0
3801.8932953144076,36.73588180541992,0.06377547979354858,0
3802.770003511291,35.93941116333008,0.06664873659610748,0
3803.6448257531915,39.86510467529297,0.06628207117319107,0
3804.5219378491265,42.03230285644531,0.0675252377986908,0
3805.397163121219,33.16265869140625,0.07628561556339264,0
3806.272589737735,42.120155334472656,0.06881563365459442,0
3807.1503077902407,41.53078079223633,0.07282915711402893,0
3808.0261377153843,31.77043342590332,0.08145548403263092,0
3808.9042601321803,40.23218536376953,0.07664478570222855,0
3809.780493551755,38.219181060791016,0.07673190534114838,0
3810.659020519133,31.843490600585938,0.08299520611763,0
3811.5356576190284,36.660709381103516,0.07891759276390076,0
3812.412496388137,38.188926696777344,0.07564245909452438,0
3813.291630289555,40.61811828613281,0.07321625202894211,0
3814.168873017869,34.490318298339844,0.07758498936891556,0
3815.048411935859,33.31614685058594,0.08021414279937744,0
3815.9260588094817,36.18434524536133,0.07765091210603714,0
3816.8060029306343,37.60335159301758,0.0777176022529602,0
3817.6840541357556,37.36473846435547,0.08044329285621643,0
3818.5623073354027,29.52753257751465,0.08519662171602249,0
3819.442859369643,28.91007423400879,0.08755873888731003,0
3820.321517180123,38.07846450805664,0.07914227992296219,0
3821.2024748842678,34.97010040283203,0.0829526036977768,0
3822.081537491985,44.14131546020508,0.07550684362649918,0
3822.962901052926,34.929561614990234,0.08393675833940506,0
3823.8423686443693,44.605552673339844,0.07653360068798065,0
3824.7241382490856,42.624046325683594,0.08028443157672882,0
3825.6040110108315,35.779144287109375,0.08704619854688644,0
3826.48408618615,34.0833625793457,0.08915252983570099,0
3827.366464965097,36.286415100097656,0.08640792220830917,0
3828.246945590631,39.11843490600586,0.08276787400245667,0
3829.129730881063,39.104862213134766,0.08281776309013367,0
3830.010617143604,34.21049499511719,0.08898858726024628,0
3830.893809132801,31.312652587890625,0.09365998208522797,0
3831.7751012192257,34.61994934082031,0.09076608717441559,0
3832.6565960457365,40.555973052978516,0.08617158234119415,0
3833.5403981918244,40.004119873046875,0.0875965878367424,0
3834.422299122584,37.76770782470703,0.09116188436746597,0
3835.306508435901,36.13123321533203,0.09132081270217896,0
3836.1888156580017,36.330345153808594,0.09266970306634903,0
3837.0734323261304,41.452022552490234,0.08863293379545212,0
3837.9561460267496,45.41678237915039,0.08468285948038101,0
3838.839062794496,38.805362701416016,0.09185746312141418,0
3839.724290603761,33.146690368652344,0.09824422001838684,0
3840.6076141308436,38.491790771484375,0.09272446483373642,0
3841.4932497641403,47.88612747192383,0.08522891253232956,0
3842.376980237953,41.83820724487305,0.08895792812108994,0
3843.2630238831666,37.58945083618164,0.09182023257017136,0
3844.1471614911898,39.89554977416992,0.09060714393854141,0
3845.0315024939073,36.16083908081055,0.09418785572052002,0
3845.9181582660904,37.47438049316406,0.0958121195435524,0
3846.8029066842887,34.946144104003906,0.09967963397502899,0
3847.6899709383656,35.77073287963867,0.09949332475662231,0
3848.575126959741,32.75639343261719,0.10570024698972702,0
3849.4625998838987,32.19623565673828,0.10888589173555374,0
3850.3481636962338,32.788818359375,0.10732058435678482,0
3851.2339312313597,38.431278228759766,0.10147678107023239,0
3852.1220172699104,40.25537109375,0.100474514067173,0
3853.0081928777204,34.70133972167969,0.10767419636249542,0
3853.896688057088,35.053367614746094,0.10798771679401398,0
3854.78327192558,38.988922119140625,0.09975466132164001,0
3855.6721764342556,42.6900634765625,0.09386512637138367,0
3856.5591687515152,34.39140319824219,0.10632193088531494,0
3857.4463651201922,36.8593635559082,0.10464763641357422,0
3858.3358837322767,39.02332305908203,0.10515367239713669,0
3859.2234888319,38.136375427246094,0.10631430894136429,0
3860.1134172447873,36.03421401977539,0.10681889206171036,0
3861.001431263659,34.739986419677734,0.10644993931055069,0
3861.8917696661447,36.15026092529297,0.1018434539437294,0
3862.780192792654,37.98897171020508,0.0986088439822197,0
3863.668820299736,37.45097351074219,0.09953402727842331,0
3864.5597737962416,37.6855583190918,0.10077305138111115,0
3865.448810693595,39.11473846435547,0.10334397107362747,0
3866.3401746519544,34.3767204284668,0.10829434543848038,0
3867.229621128185,33.66093063354492,0.10989583283662796,0
3868.121395737497,39.649620056152344,0.10497251152992249,0
3869.0112519812974,41.86985397338867,0.10450445115566254,0
3869.9013129353575,39.02739334106445,0.10911863297224045,0
3870.7937036308995,39.185447692871094,0.10967931151390076,0
3871.684174635619,38.0595817565918,0.11111486703157425,0
3872.576976455132,40.873199462890625,0.10559676587581635,0
3873.467857699421,34.69562530517578,0.11193348467350006,0
3874.3610708323085,40.174434661865234,0.1043097972869873,0
3875.252362505165,34.70445251464844,0.10772447288036346,0
3876.143859218499,35.50852966308594,0.10864100605249405,0
3877.0376894314263,38.71070098876953,0.1085602268576622,0
3877.929596856874,34.459808349609375,0.11205316334962845,0
3878.8238388569566,34.84665298461914,0.11262530833482742,0
3879.7161571837323,35.61973571777344,0.11067096889019012,0
3880.6108111606804,40.36603546142578,0.10396991670131683,0
3881.5035405780864,34.89125061035156,0.10921776294708252,0
3882.396475366721,42.808258056640625,0.09931931644678116,0
3883.2917474191227,40.096736907958984,0.09945502132177353,0
3884.1850935823913,41.31183624267578,0.09286276251077652,0
3885.080778086203,45.839534759521484,0.08648833632469177,0
3885.9745358136256,42.46530532836914,0.08678407967090607,0
3886.8706329588636,37.25284194946289,0.09005165845155716,0
3887.7648024400473,39.392333984375,0.08618710935115814,0
3888.6591776237456,37.71534729003906,0.09217176586389542,0
3889.555893841455,39.287269592285156,0.0939805880188942,0
3890.4506810633766,38.61568069458008,0.0997362956404686,0
3891.3478103978227,38.35458755493164,0.10739085078239441,0
3892.243009847793,36.39980697631836,0.11339735984802246,0
3893.1405524892984,38.408233642578125,0.11060450226068497,0
3894.0361643572305,44.279624938964844,0.10416822135448456,0
3894.9341204962057,47.122352600097656,0.09703819453716278,0
3895.8301449721007,49.014556884765625,0.0953601822257042,0
3896.726375577249,56.33856201171875,0.08665987104177475,0
3897.62495207299,51.71757888793945,0.09328553825616837,0
3898.5215955711533,56.66339874267578,0.08831385523080826,0
3899.420586040659,64.6850814819336,0.08441425859928131,0
3900.317642622057,52.23417282104492,0.10217134654521942,0
3901.217047256046,47.43693923950195,0.11183132231235504,0
3902.114517110986,44.395023345947266,0.11736579984426498,0
3903.0121934276863,38.48398971557617,0.12433771044015884,0
3903.91221941914,37.64701843261719,0.1283065527677536,0
3904.810309294894,35.24419021606445,0.134136363863945,0
3905.710749927895,36.244693756103516,0.13070879876613617,0
3906.609253553229,38.288185119628906,0.12305333465337753,0
3907.510109018803,32.18632888793945,0.12900538742542267,0
3908.4090265843315,36.51710891723633,0.11853595823049545,0
3909.3081509446642,39.105690002441406,0.11487439274787903,0
3910.2096287700156,41.27226638793945,0.10584698617458344,0
3911.109167356515,41.56776809692383,0.10428930819034576,0
3912.0110604922734,38.59273910522461,0.11459403485059738,0
3912.911013495773,36.53622055053711,0.12194980680942535,0
3913.8133221332714,35.45494079589844,0.13475301861763,0
3914.7136897446935,39.877464294433594,0.13329172134399414,0
3915.614264484501,37.47276306152344,0.1437491625547409,0
3916.517196485707,34.69891357421875,0.15015269815921783,0
3917.4181861198704,30.803680419921875,0.15433956682682037,0
3918.321534101421,31.277313232421875,0.15017589926719666,0
3919.2229388210817,34.63117599487305,0.14418445527553558,0
3920.126702974619,34.427371978759766,0.14648444950580597,0
3921.028522971007,31.72098159790039,0.15357521176338196,0
3921.9305504298995,33.834598541259766,0.15102672576904297,0
3922.834938952694,37.37149429321289,0.14268897473812103,0
3923.7373819752092,35.80998229980469,0.1459701657295227,0
3924.6421871493676,40.40583038330078,0.13646923005580902,0
3925.5450459269555,42.412574768066406,0.1347632259130478,0
3926.4502679444286,39.30025100708008,0.14500199258327484,0
3927.3535426686276,39.2910270690918,0.14972417056560516,0
3928.2570251899897,39.2060661315918,0.15078450739383698,0
3929.162872583891,37.867122650146484,0.15516585111618042,0
3930.066771339222,39.45148468017578,0.15363489091396332,0
3930.9730360565886,39.75617218017578,0.15339219570159912,0
3931.877351237648,33.82791519165039,0.1709354817867279,0
3932.78403347074,38.23257827758789,0.1584790199995041,0
3933.6887652693745,33.199710845947266,0.16920426487922668,0
3934.5937052003706,40.07035827636719,0.14997169375419617,0
3935.5010138186867,39.015708923339844,0.144157275557518,0
3936.4063706550796,35.387550354003906,0.1443069577217102,0
3937.314097270046,37.30400848388672,0.14180953800678253,0
3938.219871203905,37.89620590209961,0.13689519464969635,0
3939.1280160080923,35.216949462890625,0.14025172591209412,0
3940.034207231573,38.9711799621582,0.13373379409313202,0
3940.9406069231536,38.982643127441406,0.13307814300060272,0
3941.849379122989,37.26662826538086,0.13834376633167267,0
3942.7561963924777,37.04777145385742,0.14108657836914062,0
3943.665387263235,39.65825653076172,0.13139718770980835,0
3944.5726223030097,40.9910774230957,0.12448712438344955,0
3945.48223203757,41.5867919921875,0.11875412613153458,0
3946.389885040098,44.149269104003906,0.11463511735200882,0
3947.297746847006,44.055206298828125,0.11186617612838745,0
3948.207984989267,37.04951858520508,0.12202287465333939,0
3949.116265047679,36.81713104248047,0.12150519341230392,0
3950.026922536221,46.14244079589844,0.10762011259794235,0
3950.9356210388255,44.361663818359375,0.10993451625108719,0
3951.8466980668404,39.29848098754883,0.11613046377897263,0
3952.7558152064144,46.07857131958008,0.10855034738779068,0
3953.6651414871912,42.730712890625,0.1087893396615982,0
3954.5768479365934,41.76173782348633,0.10698901861906052,0
3955.486593143557,45.241355895996094,0.10314711183309555,0
3956.398719615688,43.052391052246094,0.10266036540269852,0
3957.308883941837,43.24945831298828,0.10619901865720749,0
3958.221430630201,40.682716369628906,0.1094897910952568,0
3959.132014268624,35.25467300415039,0.1168539747595787,0
3960.044981366815,39.9939079284668,0.11542370170354843,0
3960.9559845106883,41.149147033691406,0.11629761010408401,0
3961.8671972296374,35.37159729003906,0.12800221145153046,0
3962.780795054978,36.8023681640625,0.13382510840892792,0
3963.6924275691954,37.20474624633789,0.138198584318161,0
3964.606446288621,35.25520706176758,0.1448880136013031,0
3965.518498791505,38.972293853759766,0.1420881301164627,0
3966.4329385989217,37.1322021484375,0.1468944102525711,0
3967.3454112839613,38.8454475402832,0.15155497193336487,0
3968.2580938821434,32.72288513183594,0.1749337762594223,0
3969.173165434137,33.500572204589844,0.18142905831336975,0
3970.086268504759,33.80599594116211,0.1803075075149536,0
3971.001761629783,37.1075325012207,0.18028457462787628,0
3971.915285366557,35.250362396240234,0.17969661951065063,0
3972.831200258829,33.20602035522461,0.18677835166454315,0
3973.7451448555557,36.86627197265625,0.17763377726078033,0
3974.659299704035,38.084476470947266,0.17397598922252655,0
3975.5758473599535,34.65554428100586,0.18056795001029968,0
3976.4904233591387,37.52470779418945,0.17338375747203827,0
3977.407393268127,40.01500701904297,0.1641002595424652,0
3978.3223906120415,38.19245147705078,0.16920320689678192,0
3979.239782968633,39.3712272644043,0.16389498114585876,0
3980.15520185139,41.07762145996094,0.16046684980392456,0
3981.0708313250575,37.79996109008789,0.16536366939544678,0
3981.9888574660067,37.64692306518555,0.16526946425437927,0
3982.904908769739,42.300209045410156,0.15862569212913513,0
3983.8233578448962,40.21186447143555,0.1612197309732437,0
3984.73983117303,38.888275146484375,0.16751042008399963,0
3985.6587033772407,38.927490234375,0.1723366379737854,0
3986.575598924202,43.35061264038086,0.16775767505168915,0
3987.4927054017794,35.547611236572266,0.19417735934257507,0
3988.412212412707,36.07682800292969,0.19152136147022247,0
3989.3297414008034,37.10807800292969,0.18883825838565826,0
3990.2496720281756,35.470558166503906,0.18239541351795197,0
3991.167623721442,37.41521453857422,0.17320416867733002,0
3992.0879781604176,39.92835235595703,0.16390442848205566,0
3993.006352753594,36.6859016418457,0.1695735603570938,0
3993.9249386176384,36.49249267578125,0.17211030423641205,0
3994.845928887339,31.614442825317383,0.18851397931575775,0
3995.764937943456,34.04313659667969,0.19232231378555298,0
3996.6863525129374,30.307832717895508,0.20552892982959747,0
3997.6057849560907,37.11467742919922,0.19070973992347717,0
3998.5276240208273,35.28371810913086,0.19238460063934326,0
3999.447480046071,33.95756912231445,0.1958957314491272,0
4000.367547682985,35.54462432861328,0.17800788581371307,0
4001.290023604107,34.27916717529297,0.13599707186222076,0
4002.2105151157443,37.70704650878906,0.1283280849456787,0
4003.133416021086,35.664676666259766,0.1734468787908554,0
4004.0543316027265,33.846256256103516,0.18199941515922546,0
4004.9776576880777,32.51278305053711,0.18265098333358765,0
4005.8989975350905,35.619564056396484,0.1710510104894638,0
4006.8205493351243,37.767364501953125,0.16574476659297943,0
4007.7445133041747,33.498207092285156,0.17348213493824005,0
4008.6664896626858,32.35734558105469,0.18137507140636444,0
4009.5908793014987,32.713077545166016,0.19318442046642303,0
4010.5132804140812,30.340728759765625,0.21359069645404816,0
4011.4380959187624,33.680423736572266,0.20730102062225342,0
4012.3609219811,36.808555603027344,0.19343726336956024,0
4013.283960338361,34.046363830566406,0.1985049694776535,0
4014.209414755713,37.96403884887695,0.1850171536207199,0
4015.1328783563076,36.96378707885742,0.17676392197608948,0
4016.0587591300714,37.66299057006836,0.16650722920894623,0
4016.9826481699088,35.24094009399414,0.16612836718559265,0
4017.908955496506,34.06212615966797,0.17177388072013855,0
4018.833270171586,36.5158805847168,0.1754397600889206,0
4019.757797484042,38.552127838134766,0.17775803804397583,0
4020.684744753942,39.29212951660156,0.18031150102615356,0
4021.609697995693,37.43804931640625,0.17841514945030212,0
4022.5370723097603,36.72920227050781,0.17041942477226257,0
4023.4624516770314,35.68510055541992,0.15464091300964355,0
4024.3902532320058,33.78230667114258,0.15767496824264526,0
4025.316058921112,36.196510314941406,0.16287481784820557,0
4026.2420775906007,36.71656036376953,0.17588426172733307,0
4027.170520121172,36.048805236816406,0.1828068196773529,0
4028.0969654070227,38.45589065551758,0.17909735441207886,0
4029.025835670627,39.63246536254883,0.1733783483505249,0
4029.952707769382,35.38623809814453,0.17879125475883484,0
4030.882005963077,36.441856384277344,0.17359909415245056,0
4031.8093050713683,36.984413146972656,0.1638566553592682,0
4032.7390313923,38.5355339050293,0.15313397347927094,0
4033.666757706851,41.248687744140625,0.14984923601150513,0
4034.594697443621,34.1509895324707,0.16380612552165985,0
4035.5250660698825,33.376216888427734,0.17388112843036652,0
4036.4534333080496,35.58597946166992,0.17451485991477966,0
4037.384230554696,36.83244705200195,0.17195256054401398,0
4038.3130254912094,39.24648666381836,0.16570338606834412,0
4039.244251555706,37.477176666259766,0.16590532660484314,0
4040.1734743876063,37.55870819091797,0.16243332624435425,0
4041.1029109859983,41.82421112060547,0.15410390496253967,0
4042.034780391928,40.157588958740234,0.1586657613515854,0
4042.96464518132,43.71478271484375,0.14917048811912537,0
4043.8969438990434,43.738609313964844,0.1463022232055664,0
4044.827237076703,44.30835723876953,0.1408279985189438,0
4045.759965304004,50.61354446411133,0.1262023001909256,0
4046.6906870672897,49.9930419921875,0.1207844465970993,0
4047.6216229418937,42.65998840332031,0.12996023893356323,0
4048.554995548403,46.83710861206055,0.13710981607437134,0
4049.4863603047233,44.601200103759766,0.1457991749048233,0
4050.42016291555,44.32976150512695,0.14094111323356628,0
4051.351956751172,37.6455078125,0.1565130650997162,0
4052.2861895644187,36.43230438232422,0.16707295179367065,0
4053.2184126770194,36.95515823364258,0.17290276288986206,0
4054.1508502463216,38.50723648071289,0.17090637981891632,0
4055.0857284782264,39.279483795166016,0.1703472137451172,0
4056.018595621075,38.472694396972656,0.17445163428783417,0
4056.953904550938,38.624881744384766,0.1824687421321869,0
4057.8872014652375,39.213409423828125,0.18186604976654053,0
4058.822941291481,35.919979095458984,0.19210457801818848,0
4059.756668175226,35.538150787353516,0.194437175989151,0
4060.6906098616137,31.548933029174805,0.20179177820682526,0
4061.626996147642,39.17826461791992,0.1807885766029358,0
4062.5613681005216,40.71785354614258,0.17412354052066803,0
4063.4981857792677,36.35791778564453,0.18256038427352905,0
4064.4329881968633,37.42082214355469,0.18004320561885834,0
4065.37023746707,41.47475051879883,0.17419689893722534,0
4066.305470547696,40.119773864746094,0.17047499120235443,0
4067.2409187774633,38.33536148071289,0.1708289086818695,0
4068.1788155502604,41.70878982543945,0.16497057676315308,0
4069.114694740583,38.61433029174805,0.17983229458332062,0
4070.053023601979,44.244632720947266,0.17466063797473907,0
4070.9893339514015,40.50843811035156,0.18806064128875732,0
4071.928095100459,44.484954833984375,0.18346662819385529,0
4072.864836807615,41.881591796875,0.19134892523288727,0
4073.8017940109703,37.02861022949219,0.1984228789806366,0
4074.741203707106,38.31757736206055,0.18998649716377258,0
4075.6785925662,41.69210433959961,0.17710423469543457,0
4076.6184350479375,41.22151565551758,0.18095622956752777,0
4077.556255761635,39.753379821777344,0.1931917518377304,0
4078.4965312283575,41.23659133911133,0.18754352629184723,0
4079.4347839956135,41.35828399658203,0.18811698257923126,0
4080.3732526066856,37.343406677246094,0.1932799369096756,0
4081.314177666659,41.74282455444336,0.17730076611042023,0
4082.2530786297752,40.958133697509766,0.17635662853717804,0
4083.1944371734776,40.56913375854492,0.1854918897151947,0
4084.1337706878226,41.17182159423828,0.19456596672534943,0
4085.07556291496,41.07563781738281,0.2026418298482895,0
4086.015329179809,40.55561828613281,0.20014283061027527,0
4086.9553116366533,38.42014694213867,0.2022743672132492,0
4087.8977545049015,40.77410125732422,0.19421324133872986,0
4088.8381700112172,39.15690231323242,0.19853712618350983,0
4089.7810470624486,41.46670150756836,0.19319917261600494,0
4090.7218958177423,41.45596694946289,0.1910143345594406,0
4091.6652072519837,36.74005889892578,0.20709604024887085,0
4092.6064894558535,38.28085708618164,0.203824982047081,0
4093.547988200457,40.143131256103516,0.19300514459609985,0
4094.49195132536,40.336673736572266,0.18026846647262573,0
4095.4338838179888,40.83808135986328,0.17511309683322906,0
4096.378281826256,40.476600646972656,0.17886649072170258,0
4097.320648266737,44.50640869140625,0.17365507781505585,0
4098.26548135872,41.879859924316406,0.18221424520015717,0
4099.208281946973,40.825401306152344,0.1850963979959488,0
4100.151299425264,38.555912017822266,0.19450612366199493,0
4101.096785259151,41.20060348510742,0.1936311423778534,0
4102.040237185147,39.991825103759766,0.19763989746570587,0
4102.98615860391,40.02861404418945,0.19789591431617737,0
4103.93004517776,41.310306549072266,0.19745637476444244,0
4104.876402382072,38.99637222290039,0.20385225117206573,0
4105.8207238040195,36.74650573730469,0.21254639327526093,0
4106.767516994647,37.91451644897461,0.20915716886520386,0
4107.712273465026,35.81804275512695,0.2134682685136795,0
4108.65724727539,34.41228103637695,0.21969790756702423,0
4109.604694562065,34.40241241455078,0.21713022887706757,0
4110.550103721414,32.48832321166992,0.22068816423416138,0
4111.497987496605,34.1052360534668,0.220424622297287,0
4112.443832205507,30.149106979370117,0.24084609746932983,0
4113.392152670303,25.556533813476562,0.26029345393180847,0
4114.338433129414,28.749267578125,0.25526097416877747,0
4115.2849312791,33.63663864135742,0.2336503267288208,0
4116.233906895068,32.57527160644531,0.22942028939723969,0
4117.180841096004,31.13388442993164,0.22679944336414337,0
4118.130253904588,32.50885009765625,0.2171516865491867,0
4119.077624357661,37.7071533203125,0.19584855437278748,0
4120.0274745602765,35.61806869506836,0.2002115100622177,0
4120.975281466467,36.50347900390625,0.20529544353485107,0
4121.923306414392,41.32494354248047,0.20186199247837067,0
4122.873812825004,40.96517562866211,0.20092852413654327,0
4123.822274527573,38.563720703125,0.21253055334091187,0
4124.773218836039,38.87889099121094,0.20359884202480316,0
4125.722117494464,39.169105529785156,0.18147994577884674,0
4126.673499902521,39.17448043823242,0.14550040662288666,0
4127.622835718109,40.259151458740234,0.1327352523803711,0
4128.572389927153,41.72711944580078,0.20032179355621338,0
4129.524429601738,38.66067886352539,0.2099115252494812,0
4130.474421269957,40.49372863769531,0.20478768646717072,0
4131.426899548768,37.651397705078125,0.2114361971616745,0
4132.377328877698,37.922115325927734,0.20354324579238892,0
4133.330245962801,36.928138732910156,0.15189997851848602,0
4134.281113154072,35.64126968383789,0.15659253299236298,0
4135.2321990910905,41.678348541259766,0.17261740565299988,0
4136.18577450296,44.84770584106445,0.19399723410606384,0
4137.137298604819,36.18182373046875,0.21577636897563934,0
4138.0913133284275,40.729042053222656,0.20146997272968292,0
4139.043275796989,40.58451843261719,0.19783781468868256,0
4139.99773003473,40.14252853393555,0.19926044344902039,0
4140.950131071949,39.952701568603516,0.20441454648971558,0
4141.9027512077755,39.954742431640625,0.21156974136829376,0
4142.85786483423,37.647125244140625,0.22676752507686615,0
4143.810923841702,33.84510040283203,0.24554534256458282,0
4144.766477488551,33.20262908935547,0.2536139190196991,0
4145.719975569855,35.158843994140625,0.24042046070098877,0
4146.675969439816,33.82408905029297,0.23649324476718903,0
4147.629906797235,33.58414840698242,0.23682372272014618,0
4148.584063606689,37.670406341552734,0.22442588210105896,0
4149.540717929026,32.12601852416992,0.25328490138053894,0
4150.495314318069,33.63069152832031,0.24931453168392181,0
4151.452409370599,34.16604232788086,0.24172697961330414,0
4152.407445541747,36.18275833129883,0.23450151085853577,0
4153.364981527513,35.39812469482422,0.23947322368621826,0
4154.320457683372,32.88492202758789,0.2523457705974579,0
4155.276153645265,33.433311462402344,0.25626832246780396,0
4156.234351148784,35.40161895751953,0.25348299741744995,0
4157.1904873993535,36.35123825073242,0.24977564811706543,0
4158.149126344008,36.107269287109375,0.25166526436805725,0
4159.105703086096,35.36793899536133,0.25076884031295776,0
4160.064783675258,39.42353820800781,0.2286587506532669,0
4161.021801111796,42.78980255126953,0.22034458816051483,0
4161.979038708938,39.05925369262695,0.23687595129013062,0
4162.938781882949,37.79831314086914,0.24140582978725433,0
4163.896460478998,41.0965690612793,0.22984106838703156,0
4164.856645806234,41.68483352661133,0.22070235013961792,0
4165.814765604358,41.268497467041016,0.21395769715309143,0
4166.77539328852,42.36793899536133,0.20981428027153015,0
4167.733954491981,38.194358825683594,0.22705774009227753,0
4168.692736211187,43.22460174560547,0.2089298665523529,0
4169.654027549014,40.8389778137207,0.21548165380954742,0
4170.613250978504,42.27821731567383,0.21196971833705902,0
4171.574985182794,43.10661315917969,0.21850059926509857,0
4172.534650526063,42.85783004760742,0.22335705161094666,0
4173.4968278008455,43.65576171875,0.2221970111131668,0
4174.4569352614835,42.30034637451172,0.22713282704353333,0
4175.417263593581,40.870323181152344,0.23061881959438324,0
4176.38010559257,42.798439025878906,0.21865005791187286,0
4177.3408763474745,45.77128601074219,0.20559997856616974,0
4178.304161927316,46.816001892089844,0.1927744448184967,0
4179.265375308852,39.69490051269531,0.2130252718925476,0
4180.229104673904,43.58879470825195,0.20623177289962769,0
4181.190760885988,47.303096771240234,0.20442789793014526,0
4182.154934240702,44.34813690185547,0.21440443396568298,0
4183.117033487348,46.01171875,0.21274535357952118,0
4184.079354063661,45.853267669677734,0.21142438054084778,0
4185.044193521581,44.12139129638672,0.21498346328735352,0
4186.006957438528,43.913516998291016,0.2199956327676773,0
4186.972241397529,43.15675735473633,0.22192105650901794,0
4187.935448859356,42.66931915283203,0.22662092745304108,0
4188.901177524219,43.58348083496094,0.2271203100681305,0
4189.864828735267,41.0283088684082,0.23336449265480042,0
4190.82870163301,42.376556396484375,0.22725628316402435,0
4191.795097475572,44.932579040527344,0.2187839299440384,0
4192.759414429102,45.50435256958008,0.2074722796678543,0
4193.726255489772,45.378456115722656,0.19783316552639008,0
4194.691016703665,43.5698127746582,0.1921938806772232,0
4195.658303187552,41.67173385620117,0.1951863169670105,0
4196.623508866479,43.3546028137207,0.19690702855587006,0
4197.588936589704,47.40602493286133,0.19925156235694885,0
4198.5568913275165,48.330726623535156,0.20695018768310547,0
4199.522763822836,45.377498626708984,0.219621479511261,0
4200.491164496938,42.309967041015625,0.23309288918972015,0
4201.457481969258,40.450382232666016,0.24142321944236755,0
4202.426328785091,46.004302978515625,0.22102825343608856,0
4203.393091439412,43.507843017578125,0.22628286480903625,0
4204.360076496212,45.97735595703125,0.2188887894153595,0
4205.329592643932,47.407527923583984,0.2141575813293457,0
4206.297023190289,45.03313064575195,0.22211985290050507,0
4207.266985993639,44.91280746459961,0.22545969486236572,0
4208.23486223479,45.558841705322266,0.2270764857530594,0
4209.205271899543,43.47764205932617,0.2334565669298172,0
4210.173594040819,44.70113754272461,0.23024533689022064,0
4211.142138943332,41.88909149169922,0.23999416828155518,0
4212.113219019673,47.797607421875,0.21376949548721313,0
4213.082210130363,44.6981315612793,0.22348809242248535,0
4214.053737582835,45.53218460083008,0.22771789133548737,0
4215.023175107271,43.29608154296875,0.2396906614303589,0
4215.995150141979,40.09406661987305,0.17146708071231842,0
4216.965034285822,43.72734451293945,0.16427451372146606,0
4217.935141550239,44.221736907958984,0.23116080462932587,0
4218.907788077978,40.134891510009766,0.24279455840587616,0
4219.87834227035,43.308998107910156,0.23086778819561005,0
4220.851436895883,43.35439682006836,0.22980841994285583,0
4221.822438222112,43.09737777709961,0.23098239302635193,0
4222.795981151879,46.751304626464844,0.22400695085525513,0
4223.767429817958,40.96685791015625,0.2518323063850403,0
4224.739101964527,42.93675231933594,0.24957583844661713,0
4225.71331747051,46.08589553833008,0.23595330119132996,0
4226.685437265976,47.09584426879883,0.231256902217865,0
4227.660101592581,41.126678466796875,0.24640457332134247,0
4228.632669243176,39.991024017333984,0.2465967833995819,0
4229.607782597174,45.37687683105469,0.2234007567167282,0
4230.5807983092245,43.28861618041992,0.22385992109775543,0
4231.554037862261,39.34816360473633,0.24179957807064056,0
4232.529824877411,38.79801940917969,0.24597327411174774,0
4233.503512801448,42.461421966552734,0.23564927279949188,0
4234.479749361212,45.24513244628906,0.22644515335559845,0
4235.453885862814,45.77199935913086,0.22440285980701447,0
4236.430572174299,45.97593688964844,0.22514177858829498,0
4237.405157460125,45.498802185058594,0.23179827630519867,0
4238.379966948017,43.80873489379883,0.24138015508651733,0
4239.357328007337,42.407440185546875,0.24952252209186554,0
4240.332586589497,43.201717376708984,0.2454160898923874,0
4241.310397918594,44.58422088623047,0.2412446290254593,0
4242.286105801921,43.27027893066406,0.24131929874420166,0
4243.264367608233,43.12419128417969,0.23970744013786316,0
4244.240524999719,45.769500732421875,0.22643673419952393,0
4245.216906954929,42.88871765136719,0.23248136043548584,0
4246.195844597515,42.55046463012695,0.22878330945968628,0
4247.17267637143,45.22758102416992,0.21391278505325317,0
4248.152065010123,45.225345611572266,0.22231875360012054,0
4249.129346809973,42.33905029296875,0.24058958888053894,0
4250.1091866525485,41.96311569213867,0.2512356638908386,0
4251.08691868566,42.56003952026367,0.25252869725227356,0
4252.064875644741,40.22901916503906,0.25895577669143677,0
4253.045392413782,40.06736755371094,0.2569027245044708,0
4254.0237999171695,45.477752685546875,0.23169787228107452,0
4255.004768409822,45.360931396484375,0.2362169325351715,0
4255.983626665083,44.722103118896484,0.23693598806858063,0
4256.965047089454,43.90885543823242,0.23373790085315704,0
4257.94435630425,44.422203063964844,0.2313222885131836,0
4258.926228868545,42.177642822265625,0.2359585165977478,0
4259.905989250631,43.91261291503906,0.2341250479221344,0
4260.885975025306,44.64228439331055,0.23390959203243256,0
4261.868525920381,43.674339294433594,0.24492616951465607,0
4262.848963174038,42.605220794677734,0.24842263758182526,0
4263.831966729845,41.58710479736328,0.2522917091846466,0
4264.81285567048,43.598724365234375,0.24454879760742188,0
4265.796312095559,42.0719108581543,0.24327898025512695,0
4266.777652931263,43.349178314208984,0.22879892587661743,0
4267.759219523137,47.558292388916016,0.20991270244121552,0
4268.7433553732135,44.204071044921875,0.21672679483890533,0
4269.725374172352,44.89258575439453,0.22352755069732666,0
4270.7099634133465,44.740177154541016,0.2306855171918869,0
4271.692434628079,45.98712158203125,0.2318631112575531,0
4272.677477468872,45.449363708496094,0.23442217707633972,0
4273.660401307628,43.02479553222656,0.24255554378032684,0
4274.643551266721,43.50222396850586,0.23552446067333221,0
4275.629274628493,45.77451705932617,0.2225043773651123,0
4276.612877524305,46.955299377441406,0.2205391526222229,0
4277.5990550083625,46.37548065185547,0.22648358345031738,0
4278.583111049563,45.911712646484375,0.23088082671165466,0
4279.569742865119,45.87254333496094,0.23463134467601776,0
4280.554252260472,43.8466911315918,0.24661214649677277,0
4281.538988140917,43.233421325683594,0.2442367523908615,0
4282.526301575202,43.90394973754883,0.23760570585727692,0
4283.511491123,43.37968444824219,0.23567412793636322,0
4284.499259412117,45.58773422241211,0.23251719772815704,0
4285.484902836272,45.22888946533203,0.24254079163074493,0
4286.473126189771,39.91141128540039,0.26579421758651733,0
4287.459223699386,41.49442672729492,0.26076367497444153,0
4288.445548059436,42.63892364501953,0.25975459814071655,0
4289.434454131184,41.59467697143555,0.2681112289428711,0
4290.4212328904,40.578208923339844,0.2694379985332489,0
4291.410594550706,42.23841857910156,0.2595445215702057,0
4292.397827918428,41.70981979370117,0.25668710470199585,0
4293.387645377183,45.64168930053711,0.24149656295776367,0
4294.37533356285,43.901611328125,0.2421673834323883,0
4295.363248964885,40.12210464477539,0.17032457888126373,0
4296.353750243184,41.91865921020508,0.17206113040447235,0
4297.342120777377,43.93363571166992,0.1694895476102829,0
4298.333078379144,41.7463264465332,0.26468268036842346,0
4299.321904255175,43.10776138305664,0.26443201303482056,0
4300.313318390639,46.792972564697266,0.24880674481391907,0
4301.302599818281,44.50831604003906,0.25873589515686035,0
4302.292108828816,46.03520584106445,0.24501539766788483,0
4303.284207886895,47.89778518676758,0.2324945032596588,0
4304.274172763761,47.1966552734375,0.229599729180336,0
4305.266728881406,47.10749435424805,0.23226164281368256,0
4306.257149834622,44.00251388549805,0.24820424616336823,0
4307.2501632224,43.41680145263672,0.2580542266368866,0
4308.2410404620805,43.935089111328125,0.25981971621513367,0
4309.232145651767,43.529991149902344,0.2637590169906616,0
4310.22584506701,44.7884521484375,0.2572062313556671,0
4311.217406858387,44.73870849609375,0.25161805748939514,0
4312.211564070479,44.13750076293945,0.2530856728553772,0
4313.203582673904,41.71247863769531,0.25923171639442444,0
4314.198197893752,45.7687873840332,0.24380040168762207,0
4315.190673519677,44.1830940246582,0.2556043267250061,0
4316.183377463316,44.12169647216797,0.25912466645240784,0
4317.178679817262,43.54165267944336,0.26442354917526245,0
4318.171841099136,42.75264358520508,0.26837947964668274,0
4319.167601988404,41.878604888916016,0.26569414138793945,0
4320.161220819211,40.70254898071289,0.2537546157836914,0
4321.157440455049,42.158626556396484,0.23785583674907684,0
4322.15151704558,43.96411895751953,0.23175454139709473,0
4323.145822322123,40.940399169921875,0.25516220927238464,0
4324.142730200476,42.986473083496094,0.26462841033935547,0
4325.13749355299,42.00249099731445,0.2739157974720001,0
4326.134860706329,44.654720306396484,0.25896114110946655,0
4327.130082345848,47.375328063964844,0.24959667026996613,0
4328.127908985762,49.6781005859375,0.2389700561761856,0
4329.123589123418,45.525394439697266,0.24627043306827545,0
4330.119498315981,46.45295333862305,0.24095328152179718,0
4331.118014308616,44.72929000854492,0.24928322434425354,0
4332.114382316072,41.286922454833984,0.2716692090034485,0
4333.11335832455,40.63328552246094,0.2865777909755707,0
4334.110185358275,40.68806076049805,0.2831708490848541,0
4335.109621594527,43.213443756103516,0.26783594489097595,0
4336.106907865994,42.97446823120117,0.2650548219680786,0
4337.106804542047,45.62083053588867,0.2544075548648834,0
4338.104550262826,46.411983489990234,0.25814610719680786,0
4339.102525513697,44.47475051879883,0.2731841206550598,0
4340.1031129725625,42.4128532409668,0.2798997163772583,0
4341.101547990159,44.05479049682617,0.27177974581718445,0
4342.102596419193,44.819000244140625,0.2574041187763214,0
4343.101491415328,43.47601318359375,0.2520585060119629,0
4344.103001026899,42.109500885009766,0.24993455410003662,0
4345.102356213485,40.32955551147461,0.26021474599838257,0
4346.101941300419,39.42769241333008,0.2710828483104706,0
4347.104142809106,42.40882873535156,0.2593614459037781,0
4348.104188404415,43.75364685058594,0.2576085031032562,0
4349.106851626862,42.64437484741211,0.2685985565185547,0
4350.107357942704,46.64032745361328,0.2422349750995636,0
4351.110483091622,42.330284118652344,0.2575261890888214,0
4352.111450340249,44.07738494873047,0.2574853003025055,0
4353.112647860075,42.42717742919922,0.2616408169269562,0
4354.116466022211,48.7296257019043,0.24543826282024384,0
4355.11812479326,44.49109649658203,0.24623160064220428,0
4356.1224054139475,42.651851654052734,0.24046339094638824,0
4357.124525648717,44.146915435791016,0.20822495222091675,0
4358.12926894101,40.376792907714844,0.1848585605621338,0
4359.131850852098,43.18661117553711,0.1705070436000824,0
4360.134663405836,46.121063232421875,0.17605425417423248,0
4361.140100829248,39.470298767089844,0.21994327008724213,0
4362.143375378255,40.40131759643555,0.24580931663513184,0
4363.14927600621,39.859127044677734,0.26131024956703186,0
4364.153012763326,43.4228515625,0.2470877766609192,0
4365.159376809224,45.54945373535156,0.2150052785873413,0
4366.163575987388,46.01105499267578,0.23148399591445923,0
4367.1680061802535,42.92197036743164,0.2567369341850281,0
4368.175065476975,40.15877914428711,0.2696171700954437,0
4369.179958410354,40.1497917175293,0.27200785279273987,0
4370.187481658815,41.810428619384766,0.2670111060142517,0
4371.192837545892,42.647220611572266,0.2638731300830841,0
4372.200824959837,43.23602294921875,0.2638590335845947,0
4373.206644013894,47.16874313354492,0.2473132163286209,0
4374.212694455303,42.87496566772461,0.26545724272727966,0
4375.221378241581,43.215293884277344,0.26198768615722656,0
4376.227892169952,40.226966857910156,0.2715003192424774,0
4377.237040656371,43.155517578125,0.2587665319442749,0
4378.244018285232,42.364566802978516,0.2564312815666199,0
4379.253631685881,41.17808532714844,0.2586638927459717,0
4380.261073228858,43.821102142333984,0.24907712638378143,0
4381.268746532437,46.259456634521484,0.24174898862838745,0
4382.27905742874,44.9000244140625,0.24849924445152283,0
4383.2871949669325,41.27998733520508,0.2681756317615509,0
4384.297971312986,40.14578628540039,0.28041279315948486,0
4385.306573299665,43.165428161621094,0.2773056626319885,0
4386.3178153099025,42.52088165283203,0.2797957956790924,0
4387.326881959038,42.05925750732422,0.2822081744670868,0
4388.33618074263,42.67256164550781,0.2686404883861542,0
4389.348121373652,45.742122650146484,0.2500508725643158,0
4390.357885140716,40.87202835083008,0.266918808221817,0
4391.370291972307,41.40519332885742,0.27268335223197937,0
4392.380520937059,40.06840515136719,0.2917902171611786,0
4393.393394183998,42.70933532714844,0.2848171293735504,0
4394.404088560755,44.5544319152832,0.27270257472991943,0
4395.415015446425,43.80608367919922,0.2772105038166046,0
4396.428588441096,42.52845764160156,0.27884525060653687,0
4397.439981060304,40.486454010009766,0.28762003779411316,0
4398.454021007572,43.52559280395508,0.27381977438926697,0
4399.465879574879,40.50474166870117,0.2881167531013489,0
4400.480386689871,43.8163948059082,0.276403546333313,0
4401.492711419941,40.39034652709961,0.2860792577266693,0
4402.505269033984,45.60573959350586,0.2547169625759125,0
4403.520477025472,45.1312370300293,0.2580113410949707,0
4404.533501124329,43.32780456542969,0.268890917301178,0
4405.549176821657,43.05938720703125,0.27915051579475403,0
4406.5626676202355,43.55699157714844,0.2828374207019806,0
4407.5788112388755,42.20429229736328,0.28407981991767883,0
4408.592768952185,41.14196014404297,0.28076744079589844,0
4409.606959925133,44.0731315612793,0.26223018765449524,0
4410.623805550856,46.550968170166016,0.24966944754123688,0
4411.6384637611045,44.088871002197266,0.2581181824207306,0
4412.655777847124,45.667293548583984,0.25336867570877075,0
4413.67090350993,48.53744125366211,0.24782678484916687,0
4414.688686272067,47.73720169067383,0.2479981631040573,0
4415.704279602784,42.56961441040039,0.2787204086780548,0
4416.722531256957,43.45802307128906,0.2633662223815918,0
4417.73859247104,43.07140350341797,0.26431649923324585,0
4418.7548874286695,42.34086990356445,0.27466192841529846,0
4419.77384254627,38.99380111694336,0.297406941652298,0
4420.790605710505,40.05800247192383,0.2987978160381317,0
4421.810030260245,41.398014068603516,0.2936382293701172,0
4422.827261846788,38.59539794921875,0.3057893216609955,0
4423.847156044934,40.31387710571289,0.2970113754272461,0
4424.864856269587,43.70969772338867,0.275903582572937,0
4425.882790614839,45.197052001953125,0.2640385329723358,0
4426.903389411171,41.5439453125,0.28048649430274963,0
4427.921792718293,45.44682693481445,0.26233339309692383,0
4428.942861704006,43.09196853637695,0.27197808027267456,0
4429.961734189049,42.03033447265625,0.2799025774002075,0
4430.98327358076,42.397029876708984,0.2793179452419281,0
4432.002615459874,45.803688049316406,0.26310232281684875,0
4433.022191837247,44.727745056152344,0.26078304648399353,0
4434.044436963733,42.85834884643555,0.26420858502388,0
4435.06448305946,43.197532653808594,0.2690977156162262,0
4436.087199133791,45.04925537109375,0.26510488986968994,0
4437.10771516427,46.512481689453125,0.25866198539733887,0
4438.130902403412,44.796783447265625,0.260838121175766,0
4439.151888585143,46.98331069946289,0.25234872102737427,0
4440.173109643404,43.74368667602539,0.2644113600254059,0
4441.197003755741,41.40428924560547,0.2815876305103302,0
4442.218695290059,45.297542572021484,0.274279922246933,0
4443.243061109929,42.9195442199707,0.2869846820831299,0
4444.265223337053,41.92921829223633,0.29239773750305176,0
4445.290061081771,44.05464553833008,0.2798169255256653,0
4446.312694218547,39.654632568359375,0.28772804141044617,0
4447.335562610734,38.861473083496094,0.291969358921051,0
4448.361108368907,44.14839172363281,0.2769128680229187,0
4449.384447996076,44.94754409790039,0.2815660536289215,0
4450.410466222694,42.29337692260742,0.29550230503082275,0
4451.434277301944,42.91448211669922,0.29453766345977783,0
4452.4607682146725,42.00193405151367,0.2966502606868744,0
4453.4850509632015,42.81937789916992,0.29591870307922363,0
4454.509569346632,44.04128646850586,0.29182422161102295,0
4455.536769414913,43.6346435546875,0.29075443744659424,0
4456.561759793476,44.335105895996094,0.28192219138145447,0
4457.589433092342,42.72464370727539,0.2830997109413147,0
4458.614895683487,42.88322067260742,0.27842092514038086,0
4459.643042430955,44.4703369140625,0.273746520280838,0
4460.668977452229,44.88084030151367,0.27352404594421387,0
4461.695148488507,44.76436233520508,0.27229323983192444,0
4462.724005535468,45.526161193847656,0.26431068778038025,0
4463.750649328255,44.66083908081055,0.2577078938484192,0
4464.7799803691705,42.12272644042969,0.26349151134490967,0
4465.807097136267,42.56329345703125,0.27004316449165344,0
4466.836902389504,43.295082092285156,0.27857378125190735,0
4467.864492348808,43.23554229736328,0.29375728964805603,0
4468.892318703832,39.70823287963867,0.31917867064476013,0
4469.922835402349,42.24583053588867,0.2986050248146057,0
4470.951135276488,42.56698226928711,0.29659712314605713,0
4471.982126733558,41.66459274291992,0.301347017288208,0
4473.010900344962,44.521202087402344,0.2913210093975067,0
4474.0423667793075,47.97535705566406,0.2805299758911133,0
4475.071614346226,44.35494613647461,0.2932363450527191,0
4476.101098690194,45.47652053833008,0.28872933983802795,0
4477.133277717454,46.67741394042969,0.2846581041812897,0
4478.163236344371,43.148193359375,0.2980769872665405,0
4479.19589089602,42.866146087646484,0.306164026260376,0
4480.226324024388,41.716102600097656,0.3159255385398865,0
4481.259454319499,44.401954650878906,0.3005425035953522,0
4482.290362167922,45.13707733154297,0.29529866576194763,0
4483.321507175339,44.59859085083008,0.29646942019462585,0
4484.355351212848,46.435611724853516,0.2868821620941162,0
4485.386971268283,42.64883041381836,0.292612761259079,0
4486.42129159725,41.7435302734375,0.2896469235420227,0
4487.453386919555,44.709068298339844,0.2825983464717865,0
4488.488183759407,41.10989761352539,0.3075336813926697,0
4489.520754567538,41.699432373046875,0.31980037689208984,0
4490.5535629172255,41.869144439697266,0.3193463385105133,0
4491.589074650816,43.36991500854492,0.3130585849285126,0
4492.6223588148205,43.8751106262207,0.3031548261642456,0
4493.658347608175,39.579750061035156,0.31705164909362793,0
4494.692107805705,41.77558517456055,0.3064690828323364,0
4495.728573878606,37.995487213134766,0.324749618768692,0
4496.762810328968,40.343345642089844,0.3190379738807678,0
4497.799753901298,39.520957946777344,0.3307669758796692,0
4498.834466823902,39.39738464355469,0.329355925321579,0
4499.869417780855,39.52959442138672,0.32850921154022217,0
4500.907077730001,40.71516036987305,0.3151751458644867,0
4501.9425054883695,36.78369903564453,0.33142343163490295,0
4502.980643486962,36.94618606567383,0.3206442594528198,0
4504.016548266408,38.64558410644531,0.3078489303588867,0
4505.055164534685,37.80350112915039,0.3032768666744232,0
4506.091546554971,38.0233268737793,0.31120285391807556,0
4507.128166993579,40.352455139160156,0.3105778098106384,0
4508.167500794262,38.9295768737793,0.31640487909317017,0
4509.204598803414,37.01247787475586,0.33056211471557617,0
4510.244411424686,45.53667068481445,0.29311424493789673,0
4511.281987224401,45.41858673095703,0.29624220728874207,0
4512.322278886854,42.30702209472656,0.3080330193042755,0
4513.360332697247,48.074317932128906,0.2813470959663391,0
4514.398625310555,47.042640686035156,0.2872578501701355,0
4515.439635662869,48.64111328125,0.2800092399120331,0
4516.4784066170905,46.32235336303711,0.2854783535003662,0
4517.5198965623795,48.0715446472168,0.27563217282295227,0
4518.559146077888,49.8730354309082,0.2695099711418152,0
4519.601115837101,46.16997528076172,0.2765989899635315,0
4520.640844134369,45.68033981323242,0.27443432807922363,0
4521.680811619765,44.09735870361328,0.27434900403022766,0
4522.723501228157,41.76816177368164,0.2736833095550537,0
4523.763947826081,44.2878303527832,0.2607470154762268,0
4524.807117801081,42.62497329711914,0.26848962903022766,0
4525.84804373226,44.48846435546875,0.27279943227767944,0
4526.891694295173,44.8651237487793,0.2834662199020386,0
4527.933099780434,50.69086837768555,0.25888895988464355,0
4528.974744839658,51.49257278442383,0.2544865012168884,0
4530.019116412942,48.97036361694336,0.2659691274166107,0
4531.061241357551,49.727935791015625,0.2601829469203949,0
4532.106094072323,47.14051818847656,0.26346299052238464,0
4533.148699123401,47.759029388427734,0.2589663863182068,0
4534.194033201322,48.86863327026367,0.2640898525714874,0
4535.237118580052,47.532188415527344,0.273676335811615,0
4536.280443919203,47.82115936279297,0.2744705080986023,0
4537.326500170559,49.235198974609375,0.26373133063316345,0
4538.370306169198,47.86400604248047,0.26760220527648926,0
4539.416844338172,46.11959457397461,0.28367671370506287,0
4540.461131217741,46.827964782714844,0.2867623269557953,0
4541.508151526354,47.43367004394531,0.27772173285484314,0
4542.552919508393,47.46622848510742,0.2749784290790558,0
4543.597927837933,47.152950286865234,0.2822401821613312,0
4544.645671484917,45.60289764404297,0.2959265112876892,0
4545.6911612493,45.12098693847656,0.299216091632843,0
4546.739387591287,45.423072814941406,0.29327669739723206,0
4547.785359012308,46.44546127319336,0.28288891911506653,0
4548.834068271673,46.70701599121094,0.2761469781398773,0
4549.880521571232,46.229251861572266,0.28167444467544556,0
4550.927215605997,46.76150131225586,0.2826208472251892,0
4551.976649370554,46.80354309082031,0.28746429085731506,0
4553.023825616765,48.14654541015625,0.2898091673851013,0
4554.073742854959,48.40766143798828,0.29214364290237427,0
4555.1214015347705,45.43840408325195,0.3026588261127472,0
4556.171802469338,46.396339416503906,0.2928697168827057,0
4557.219943805007,48.541133880615234,0.2810516655445099,0
4558.268326264211,49.63829040527344,0.27619755268096924,0
4559.319452872673,50.79805374145508,0.27595189213752747,0
4560.368318321179,52.560977935791016,0.2614684998989105,0
4561.41992918317,48.948143005371094,0.2781960368156433,0
4562.469277843492,51.51279830932617,0.2615327835083008,0
4563.521373182108,52.316993713378906,0.26226505637168884,0
4564.57120527686,51.73655700683594,0.2671743333339691,0
4565.621278884107,49.495079040527344,0.27209460735321045,0
4566.674101067201,49.8610954284668,0.273528128862381,0
4567.72465844286,48.64601516723633,0.2829650044441223,0
4568.777965660635,49.10369873046875,0.2861313223838806,0
4569.829007027579,50.09006881713867,0.2795937657356262,0
4570.882799503491,47.775203704833984,0.2903728485107422,0
4571.934325084694,48.13070297241211,0.2894614636898041,0
4572.9886030422995,46.34013366699219,0.2970498502254486,0
4574.040613060839,44.37527084350586,0.3053123950958252,0
4575.092865092902,46.28325653076172,0.2895021438598633,0
4576.147871402857,46.635372161865234,0.28891587257385254,0
4577.200608206932,46.09447479248047,0.30065327882766724,0
4578.256100557794,46.757843017578125,0.30202266573905945,0
4579.309322357215,45.53154754638672,0.2819700837135315,0
4580.365300972902,44.029422760009766,0.2745363712310791,65536
4581.419007991108,47.36153030395508,0.25992774963378906,65536
4582.472957413228,45.94432067871094,0.28587251901626587,0
4583.5296655561715,42.49545669555664,0.31405216455459595,0
4584.584100532291,42.22296142578125,0.324205219745636,0
4585.641295500175,41.94136428833008,0.3352624475955963,0
4586.696216253988,42.63383102416992,0.33190274238586426,0
4587.753898271093,45.15851593017578,0.31584349274635315,0
4588.809305026397,46.087852478027344,0.2996599078178406,0
4589.8649545766375,46.56520080566406,0.297410786151886,0
4590.923367297802,43.1063117980957,0.317850798368454,0
4591.97950318529,45.45443344116211,0.30878978967666626,0
4593.038403516693,44.59222412109375,0.30947721004486084,0
4594.095025965484,45.07087326049805,0.3066294491291046,0
4595.154414131766,45.895023345947266,0.30730196833610535,0
4596.211523366019,46.90267562866211,0.30376070737838745,0
4597.268875786861,49.22242736816406,0.29098984599113464,0
4598.328995835904,50.94753646850586,0.2853909134864807,0
4599.386835378505,46.03369903564453,0.3095235526561737,0
4600.4474438243515,44.775028228759766,0.3210223317146301,0
4601.505770713128,46.73512649536133,0.31435951590538025,0
4602.566867780783,44.91219711303711,0.3198038935661316,0
4603.625682240256,45.026878356933594,0.32532382011413574,0
4604.684740278603,46.08798599243164,0.321795791387558,0
4605.7465704096185,43.063262939453125,0.3392714858055115,0
4606.806116355503,44.48109817504883,0.33126410841941833,0
4607.868435671156,41.71759033203125,0.34370723366737366,0
4608.928469749355,45.475833892822266,0.3147163689136505,0
4609.991278475013,44.615272521972656,0.3107280135154724,0
4611.05180091041,45.956398010253906,0.31843388080596924,0
4612.112567317599,45.450740814208984,0.3227729797363281,0
4613.176110289124,47.02384567260742,0.2995239198207855,0
4614.2373653908935,49.04360580444336,0.2853950560092926,0
4615.301398336162,47.87724304199219,0.30006080865859985,0
4616.3631423576535,46.95752716064453,0.31228283047676086,0
4617.427665502395,47.32683181762695,0.3119658827781677,0
4618.489898668854,46.808258056640625,0.31027862429618835,0
4619.552376200658,47.973331451416016,0.2976657748222351,0
4620.617634775679,47.85940170288086,0.29425275325775146,0
4621.680601790378,45.87602615356445,0.29894930124282837,0
4622.74635112952,48.288429260253906,0.29537469148635864,0
4623.809807852619,48.87215805053711,0.2920733690261841,0
4624.876048181975,47.664306640625,0.2973393201828003,0
4625.939994839083,50.619056701660156,0.28658604621887207,0
4627.00418625572,48.21542739868164,0.30247700214385986,0
4628.071163201681,47.64242172241211,0.30719465017318726,0
4629.1358448907995,49.65277099609375,0.29538604617118835,0
4630.203313392534,52.043907165527344,0.28487429022789,0
4631.268485580003,48.048526763916016,0.30487847328186035,0
4632.33644586397,50.96181106567383,0.29236483573913574,0
4633.402108775759,49.40669250488281,0.30004367232322693,0
4634.468016841901,48.48369598388672,0.29873713850975037,0
4635.536714930711,50.044158935546875,0.28795868158340454,0
4636.603114060194,48.258262634277344,0.27201715111732483,0
4637.672304497706,48.52121353149414,0.28144916892051697,0
4638.739194916762,49.03272247314453,0.29859480261802673,0
4639.808877929803,47.974430084228516,0.2998829782009125,0
4640.876259864769,49.98301696777344,0.2872932553291321,0
4641.943887349547,48.547786712646484,0.2933789789676666,0
4643.014309357584,47.679073333740234,0.301124632358551,0
4644.082428697839,46.81257247924805,0.3128015398979187,0
4645.153343848788,49.47713088989258,0.29680803418159485,0
4646.221955271115,53.954864501953125,0.2776060700416565,0
4647.293363792167,49.416412353515625,0.2726912796497345,0
4648.3624675232695,46.272735595703125,0.3155337870121002,0
4649.431817200281,50.240570068359375,0.29759669303894043,0
4650.503965908404,51.14986801147461,0.2940223217010498,0
4651.573808234305,49.08623123168945,0.3015052080154419,0
4652.646450880829,52.21583938598633,0.2904970645904541,0
4653.716786082583,51.0986213684082,0.2878538966178894,0
4654.789922895066,51.897037506103516,0.2836543321609497,0
4655.86075119974,51.190818786621094,0.28529977798461914,0
4656.934382405843,48.462745666503906,0.30047979950904846,0
4658.005704040609,49.194854736328125,0.30288931727409363,0
4659.077272131509,49.66411590576172,0.3002461791038513,0
4660.151645060236,47.97679901123047,0.29779326915740967,0
4661.223706822047,46.20439147949219,0.30254220962524414,0
4662.298574713873,47.39955520629883,0.2974814772605896,0
4663.371130374029,46.87946319580078,0.3064648509025574,0
4664.446493456983,47.565940856933594,0.3166196644306183,0
4665.519543243024,46.32040023803711,0.3320893347263336,0
4666.592839882758,45.186710357666016,0.33408018946647644,0
4667.668945884809,49.7522087097168,0.30455321073532104,0
4668.742736991796,46.560997009277344,0.30607956647872925,0
4669.819338755372,48.771480560302734,0.29355594515800476,0
4670.893624557413,48.19093322753906,0.29818496108055115,0
4671.970722310911,50.98332214355469,0.2933611273765564,0
4673.045503035912,51.46547317504883,0.28951406478881836,0
4674.120531012806,51.24801254272461,0.29077664017677307,0
4675.198372883806,49.55263900756836,0.2970936894416809,0
4676.273896125579,50.15241622924805,0.29365015029907227,0
4677.352234557818,52.64463424682617,0.2801297605037689,0
4678.428253292638,53.14358901977539,0.2801178991794586,0
4679.507088514882,54.32810974121094,0.276028037071228,0
4680.5836029710235,53.128929138183594,0.2789880931377411,0
4681.660365077902,54.64139938354492,0.2649507224559784,0
4682.739945617984,52.976131439208984,0.2678256034851074,0
4683.817203788654,52.31453323364258,0.26600709557533264,0
4684.897281690979,49.039310455322266,0.2793557047843933,0
4685.975036153978,50.774295806884766,0.27101436257362366,0
4687.055611647681,47.34615707397461,0.2914923131465912,0
4688.133862631649,49.40363693237305,0.2870682179927826,0
4689.21236166584,50.43663024902344,0.28773659467697144,0
4690.293683679656,50.80902099609375,0.28121963143348694,0
4691.37267957784,49.287960052490234,0.2774454355239868,0
4692.454499756195,51.67829513549805,0.2671525776386261,0
4693.533992747279,51.01737594604492,0.2675785422325134,0
4694.616311319677,50.20841979980469,0.27567872405052185,0
4695.69630163267,53.99658203125,0.2692468762397766,0
4696.776540396015,54.14948654174805,0.2670685052871704,0
4697.859606692738,52.14484405517578,0.2699372470378876,0
4698.94034312157,54.98226547241211,0.2575359642505646,0
4700.0239083864235,52.6582145690918,0.2645164728164673,0
4701.105142710015,49.58919906616211,0.2753069996833801,0
4702.189207172873,54.02363586425781,0.26115116477012634,0
4703.270939620604,51.77305603027344,0.271732896566391,0
4704.352920919464,51.823951721191406,0.2790299355983734,0
4705.4377343128035,53.82562255859375,0.27169325947761536,0
4706.520214079935,55.89106369018555,0.2628055214881897,0
4707.60552724629,54.42529296875,0.2660619616508484,0
4708.688505711337,53.58152389526367,0.2633835971355438,0
4709.774318880954,59.15296936035156,0.24143090844154358,0
4710.857796273665,56.33381271362305,0.2461627870798111,0
4711.941522918928,53.946144104003906,0.25502824783325195,0
4713.028086227128,54.21479797363281,0.2574295401573181,0
4714.112312144743,53.84537887573242,0.2639676630496979,0
4715.199376032144,53.71275329589844,0.27084022760391235,0
4716.284101452124,53.11204528808594,0.27663713693618774,0
4717.371666149343,52.57567596435547,0.282269150018692,0
4718.45689130181,52.66658401489258,0.2775508463382721,0
4719.542366108897,52.878719329833984,0.26991379261016846,0
4720.63068215475,53.13916015625,0.26983579993247986,0
4721.716657039566,51.12974548339844,0.28334689140319824,0
4722.805474472105,50.87164306640625,0.2900592088699341,0
4723.891949665035,50.86614227294922,0.2980571389198303,0
4724.981268715249,50.34032440185547,0.306982159614563,0
4726.068244446787,52.131473541259766,0.29732444882392883,0
4727.1554702356625,53.64510726928711,0.2884953022003174,0
4728.2455418465115,52.59760284423828,0.29592365026474,0
4729.333268519793,53.8350715637207,0.28343865275382996,0
4730.423842326117,55.05912780761719,0.2758503258228302,0
4731.512070114561,54.09807586669922,0.2807564437389374,0
4732.60314634772,51.52729797363281,0.29960739612579346,0
4733.69187548219,50.449092864990234,0.3060794770717621,0
4734.780855077367,49.70807647705078,0.3070096969604492,0
4735.872685085119,47.22166061401367,0.3171888589859009,0
4736.962166372679,48.20378112792969,0.3086012601852417,0
4738.0544993859985,49.64085388183594,0.3032209873199463,0
4739.144482597071,49.13148880004883,0.3009604513645172,0
4740.237318847692,48.77456283569336,0.29697880148887634,0
4741.327804213513,50.23897171020508,0.2867850959300995,0
4742.421143933277,52.79597854614258,0.2861342430114746,0
4743.512131685189,49.2459831237793,0.3098320960998535,0
4744.6033704174,49.122806549072266,0.31724080443382263,0
4745.697465475495,52.076133728027344,0.2992720901966095,0
4746.789206940873,51.69778823852539,0.29920893907546997,0
4747.883806048043,54.230796813964844,0.2890591323375702,0
4748.976050478196,54.27654266357422,0.28990522027015686,0
4750.071153866656,51.51149368286133,0.3029065728187561,0
4751.1639014933,51.574039459228516,0.2947046756744385,0
4752.2569005051,52.743980407714844,0.2899329960346222,0
4753.352760450329,51.51760482788086,0.2996439039707184,0
4754.446263006255,48.0592041015625,0.3229646384716034,0
4755.542627813642,49.38182830810547,0.3161252439022064,0
4756.636634145678,51.62297439575195,0.30385586619377136,0
4757.733504047812,48.271732330322266,0.308410108089447,0
4758.828014388046,49.99964904785156,0.30320364236831665,0
4759.922776518945,51.24782180786133,0.3028263449668884,0
4761.020404198252,50.230655670166016,0.3158610761165619,0
4762.115670685547,51.4058723449707,0.3146187663078308,0
4763.213804041406,50.442901611328125,0.320556104183197,0
4764.3095751174515,49.14066696166992,0.3248184323310852,0
4765.408214382826,51.756046295166016,0.3117496967315674,0
4766.504490280087,53.20201110839844,0.3073469400405884,0
4767.601018374177,51.119503021240234,0.31824663281440735,0
4768.700416639098,50.48788833618164,0.320755273103714,0
4769.797449903162,53.257957458496094,0.30016225576400757,0
4770.897354660342,56.42259979248047,0.2823481857776642,0
4771.99489332711,51.953399658203125,0.30291375517845154,0
4773.09530480989,53.69770050048828,0.2916750907897949,0
4774.193349112202,54.17058563232422,0.2847912013530731,0
4775.291646018162,51.56707763671875,0.2929003834724426,0
4776.392817724832,54.25801467895508,0.28359925746917725,0
4777.491620615656,53.464744567871094,0.2902792990207672,0
4778.593299631609,54.08915710449219,0.2882075309753418,0
4779.692608740404,52.76051712036133,0.2958277463912964,0
4780.794795299356,52.392189025878906,0.29577550292015076,0
4781.894610859337,51.10763931274414,0.29953017830848694,0
4782.994679430442,55.2166633605957,0.2880527377128601,0
4784.0976274396035,55.33858871459961,0.1906079202890396,0
4785.198202811777,52.57666778564453,0.20257143676280975,0
4786.301658948563,53.6810302734375,0.2733526825904846,0
4787.402741355289,52.919124603271484,0.29071855545043945,0
4788.506705853794,53.28248977661133,0.28747764229774475,0
4789.608295528664,52.81777572631836,0.2981884777545929,0
4790.71013862279,49.78604507446289,0.3173930048942566,0
4791.814865799799,52.071685791015625,0.3080019950866699,0
4792.9172165125165,53.210105895996094,0.2981148660182953,0
4794.022452636814,53.97511672973633,0.2869284451007843,0
4795.125311201981,51.235923767089844,0.29867953062057495,0
4796.231056508037,53.9022216796875,0.291678786277771,0
4797.334423159623,53.764923095703125,0.2978440821170807,0
4798.438043639257,50.67687225341797,0.3101944625377655,0
4799.544552854096,49.19916915893555,0.311926931142807,0
4800.648681771162,52.33000183105469,0.29964569211006165,0
4801.755700754271,54.12517166137695,0.2914084792137146,0
4802.860338343005,55.851844787597656,0.28570085763931274,0
4803.967867329236,52.74867248535156,0.3022896647453308,0
4805.073013823984,50.744754791259766,0.31155312061309814,0
4806.1784145562315,53.21944808959961,0.2989846169948578,0
4807.286708683508,54.324188232421875,0.2914811074733734,0
4808.392618673348,50.88848114013672,0.30487605929374695,0
4809.501423391203,52.475528717041016,0.30153027176856995,0
4810.607842873252,53.2754020690918,0.2987802028656006,0
4811.717158416915,50.72431564331055,0.30921322107315063,0
4812.824087625894,53.09416961669922,0.30463916063308716,0
4813.931271482483,53.22859191894531,0.30078551173210144,0
4815.041353401443,51.52735900878906,0.3115057647228241,0
4816.1490473371105,52.56251525878906,0.300617516040802,0
4817.259640670284,53.61631774902344,0.29024264216423035,0
4818.367844920022,54.64278793334961,0.2845205068588257,0
4819.4789499030185,60.25812530517578,0.25774458050727844,0
4820.587664701929,55.78797912597656,0.2771057188510895,0
4821.696634559222,53.226463317871094,0.29377999901771545,0
4822.808507153757,58.111305236816406,0.2686793804168701,0
4823.917987912937,53.412452697753906,0.29452237486839294,0
4825.030372746649,53.440242767333984,0.29204192757606506,0
4826.140364643089,55.7233772277832,0.275200217962265,0
4827.253261951967,52.903934478759766,0.28777435421943665,0
4828.363765221147,54.70774459838867,0.2745644450187683,0
4829.477175241288,53.12051773071289,0.27710410952568054,0
4830.588190118799,52.68095397949219,0.2752901613712311,0
4831.699460583821,55.05620193481445,0.2738528549671173,0
4832.813639807945,54.07217025756836,0.2797276973724365,0
4833.925422234744,56.77273178100586,0.2680777311325073,0
4835.040114760708,55.835899353027344,0.26784470677375793,0
4836.152409385144,52.949195861816406,0.2801482379436493,0
4837.267615449427,53.96172332763672,0.2754002809524536,0
4838.380422507469,54.64193344116211,0.2702704966068268,0
4839.493485565313,54.130977630615234,0.27028217911720276,0
4840.6094620743825,54.55780029296875,0.2709968090057373,0
4841.723037919849,55.2840576171875,0.2771982252597809,0
4842.839528558768,52.846500396728516,0.2886946201324463,0
4843.953617428099,51.36850357055664,0.3022431433200836,0
4845.0706224337255,51.08548355102539,0.3029569089412689,0
4846.185224563271,52.04591369628906,0.29187658429145813,0
4847.300083105571,53.31907272338867,0.2757416367530823,0
4848.417859798791,55.288673400878906,0.2684643864631653,0
4849.533231955893,52.12336730957031,0.2903021574020386,0
4850.651523608307,55.01073455810547,0.27860671281814575,0
4851.767409616833,48.344017028808594,0.3096713721752167,0
4852.88621646568,53.270050048828125,0.2878238260746002,0
4854.002616562361,52.920230865478516,0.2898191511631012,0
4855.119273485418,54.8210334777832,0.27954480051994324,0
4856.23885326667,55.35276794433594,0.27818068861961365,0
4857.356024633042,53.49162673950195,0.29023778438568115,0
4858.476120204169,49.36376190185547,0.30873966217041016,0
4859.5938062508585,50.88660430908203,0.31017276644706726,0
4860.714417849485,51.01072692871094,0.3146807849407196,0
4861.832618813606,51.68067169189453,0.3097567558288574,0
4862.951077018391,52.11922836303711,0.3021279275417328,0
4864.072462796241,51.4207878112793,0.3003552556037903,0
4865.19143627419,52.11484146118164,0.2965482175350189,0
4866.3133386739355,52.293426513671875,0.30336958169937134,0
4867.432827662436,51.953094482421875,0.312033087015152,0
4868.555246922085,53.102725982666016,0.30928856134414673,0
4869.675251658631,53.27769470214844,0.3072325587272644,0
4870.795514050795,52.8817138671875,0.3132823705673218,0
4871.918708738499,52.42743682861328,0.3157575726509094,0
4873.039487235016,50.55729675292969,0.33197715878486633,0
4874.16319937798,51.794334411621094,0.322642982006073,0
4875.284494216618,52.97028350830078,0.3195835053920746,0
4876.408724053234,50.967376708984375,0.3245047926902771,0
4877.530535471874,48.12577438354492,0.33932581543922424,0
4878.652604961756,48.41642379760742,0.33341434597969055,0
4879.7776114772705,49.39826583862305,0.3231477737426758,0
4880.900197904034,51.90303039550781,0.30909907817840576,0
4882.025722709517,48.037940979003906,0.33060315251350403,0
4883.148826311316,49.591556549072266,0.3252217769622803,0
4884.274869645543,48.187259674072266,0.329147070646286,0
4885.398490660638,48.8421745300293,0.3257037103176117,0
4886.522370163272,50.51351547241211,0.32117098569869995,0
4887.649191429261,50.41748046875,0.3285285234451294,0
4888.773588702648,52.293357849121094,0.3231482207775116,0
4889.90092909466,51.78573226928711,0.3247118294239044,0
4891.025844377338,48.969783782958984,0.3360728621482849,0
4892.153704134535,49.445186614990234,0.3361605703830719,0
4893.27913766515,48.26505661010742,0.34246349334716797,0
4894.40483010027,48.4570198059082,0.3373587727546692,0
4895.533469044111,52.220672607421875,0.319383442401886,0
4896.659680085203,52.323368072509766,0.3159310519695282,0
4897.78883899247,51.99124526977539,0.31045013666152954,0
4898.915568878454,53.51668930053711,0.30003511905670166,0
4900.045247988694,51.705997467041016,0.30920645594596863,0
4901.172496958603,50.73637771606445,0.32149040699005127,0
4902.300005250656,53.97041702270508,0.30900484323501587,0
4903.430464804449,54.22840118408203,0.3106752336025238,0
4904.558492539038,52.88001251220703,0.31715676188468933,0
4905.68947289501,52.79094314575195,0.31013602018356323,0
4906.818020311442,50.48160934448242,0.32329505681991577,0
4907.949521709528,54.4676628112793,0.31440848112106323,0
4909.07858904722,51.148677825927734,0.33459678292274475,0
4910.207916125368,51.12663650512695,0.33425667881965637,0
4911.340199225942,50.876914978027344,0.34030988812446594,0
4912.47004658454,51.3669319152832,0.3279745876789093,0
4913.602851327402,49.339351654052734,0.347098708152771,0
4914.733219206142,50.34205627441406,0.3413417935371399,0
4915.866545831613,49.732845306396484,0.34523674845695496,0
4916.997434470299,50.51103210449219,0.3415476381778717,0
4918.131283218808,50.15825653076172,0.3453209102153778,0
4919.262692857354,49.02138900756836,0.35319745540618896,0
4920.3943627752,51.680240631103516,0.33611828088760376,0
4921.528994847874,49.38552474975586,0.3476129472255707,0
4922.661186125514,52.037052154541016,0.3317640423774719,0
4923.796340922646,51.03495788574219,0.33158132433891296,0
4924.929053800272,48.3684196472168,0.3363206684589386,0
4926.064731562681,51.2652473449707,0.3272441029548645,0
4927.1979662805925,52.03849411010742,0.32015883922576904,0
4928.331461697661,51.132049560546875,0.32125625014305115,0
4929.467924047816,51.980613708496094,0.3137377202510834,0
4930.601941665687,53.0043830871582,0.31412625312805176,0
4931.7389275835085,52.35990524291992,0.3239673674106598,0
4932.8734676427575,51.800079345703125,0.33403638005256653,0
4934.010977369452,52.96622848510742,0.3296680450439453,0
4935.146040110769,52.03349685668945,0.3301759958267212,0
4936.281363971778,51.7384033203125,0.3287297189235687,0
4937.419659551839,53.631378173828125,0.31826847791671753,0
4938.555506456012,51.67217254638672,0.32929331064224243,0
4939.694326448307,50.953277587890625,0.32037052512168884,0
4940.830696636611,52.36126708984375,0.30889788269996643,0
4941.970041282736,54.10441589355469,0.3043850064277649,0
4943.106934996247,51.28779983520508,0.3275720179080963,0
4944.244090250662,50.32966232299805,0.3468950688838959,0
4945.384222017817,51.68933868408203,0.3384161591529846,0
4946.521901159119,51.463035583496094,0.3357625901699066,0
4947.662558184437,50.60165023803711,0.3424470126628876,0
4948.800761453981,48.202049255371094,0.3585917055606842,0
4949.94194397945,50.68370056152344,0.33849605917930603,0
4951.0806716187,50.34532928466797,0.33154991269111633,0
4952.219661220747,50.32387924194336,0.31968510150909424,0
4953.361632136952,53.050689697265625,0.30614566802978516,0
4954.501146470968,50.166141510009766,0.32103559374809265,0
4955.643643492633,54.35647201538086,0.3027826249599457,0
4956.783682800362,52.49371337890625,0.3143003582954407,0
4957.926706169863,53.81550216674805,0.3100455403327942,0
4959.067270693162,54.223785400390625,0.3128229081630707,0
4960.20809760183,51.76951217651367,0.3280574679374695,0
4961.351910633821,51.86020278930664,0.32956647872924805,0
4962.493263120905,55.01462173461914,0.31428226828575134,0
4963.637603107017,53.19136428833008,0.320955753326416,0
4964.779481414651,51.19961929321289,0.3174416124820709,0
4965.924348597652,55.63636779785156,0.29293352365493774,0
4967.066752968081,56.299560546875,0.28835076093673706,0
4968.209420147135,53.23662567138672,0.3070972263813019,0
4969.3550782664315,49.615142822265625,0.334116667509079,0
4970.498271871712,49.90150833129883,0.3369870185852051,0
4971.644457795162,52.246864318847656,0.32345059514045715,0
4972.788178069195,51.68717956542969,0.3193470537662506,0
4973.934892039956,52.51293182373047,0.3165784776210785,0
4975.079139225378,53.31622314453125,0.3120005428791046,0
4976.22364964336,51.77061462402344,0.3225436508655548,0
4977.3711558262785,51.413909912109375,0.32705044746398926,0
4978.5161935196675,51.90324783325195,0.3249140679836273,0
4979.6642283581405,52.17818832397461,0.31990841031074524,0
4980.809793569852,50.851097106933594,0.3257569670677185,0
4981.9583573074315,50.657508850097656,0.323148638010025,0
4983.1044502804925,52.497066497802734,0.31475743651390076,0
4984.250806910737,51.16554260253906,0.32612112164497375,0
4985.400164138392,50.43872833251953,0.3242616355419159,0
4986.547048894592,51.78041458129883,0.31153959035873413,0
4987.696935630577,50.83732604980469,0.3295525908470154,0
4988.844348756041,52.02439880371094,0.33383530378341675,0
4989.994765244301,54.599937438964844,0.3156373202800751,0
4991.142706982447,54.06992721557617,0.31886395812034607,0
4992.2909128030815,52.77570724487305,0.3111799359321594,0
4993.442124061398,55.058048248291016,0.2931060492992401,0
4994.59085885991,55.1337890625,0.2960381507873535,0
4995.742600480708,52.92364501953125,0.31243327260017395,0
4996.891864500797,56.40517807006836,0.29539740085601807,0
4998.044136728413,53.3856315612793,0.3209674656391144,0
4999.193930213891,52.29750061035156,0.33595630526542664,0
5000.34398820785,53.9185791015625,0.3279378116130829,0
5001.497056487568,52.20363998413086,0.3401802182197571,0
5002.647644312699,54.375118255615234,0.3231860101222992,0
5003.801243810428,55.91436004638672,0.3085472285747528,0
5004.952361710824,55.580509185791016,0.31205448508262634,0
5006.106492671294,54.75309371948242,0.31517505645751953,0
5007.258140891163,55.11298751831055,0.32090431451797485,0
5008.412803559219,52.45848846435547,0.33556967973709106,0
5009.564982342876,55.07652282714844,0.32621124386787415,0
5010.717426183747,54.50453186035156,0.3237161636352539,0
5011.872886555352,57.199546813964844,0.3113243281841278,0
5013.025861326555,58.195518493652344,0.3025267422199249,0
5014.181854018205,55.079017639160156,0.30778440833091736,0
5015.335359964339,58.65098190307617,0.2914460301399231,0
5016.491885221273,58.97601318359375,0.29078209400177,0
5017.645922587049,56.47218322753906,0.30270832777023315,0
5018.800225437605,55.37236785888672,0.3074418902397156,0
5019.957549684866,56.452335357666016,0.30123621225357056,0
5021.112384322197,58.34434509277344,0.29772087931632996,0
5022.27024174819,57.533626556396484,0.19831976294517517,0
5023.42560841729,58.116031646728516,0.19055674970149994,0
5024.58399926765,61.08855438232422,0.1719696819782257,0
5025.739898213628,59.509300231933594,0.2159077525138855,65536
5026.89606307264,58.91535568237305,0.20396265387535095,65536
5028.055254202179,59.58655548095703,0.27493539452552795,0
5029.211951705793,57.141563415527344,0.30447110533714294,0
5030.371676874134,58.481117248535156,0.29892852902412415,0
5031.528907267741,59.071353912353516,0.2927077114582062,0
5032.6891667209175,58.55022430419922,0.2959984540939331,0
5033.846930250017,58.28795623779297,0.29351601004600525,0
5035.004960121095,59.63795471191406,0.2882539927959442,0
5036.166021144383,58.378196716308594,0.2944525480270386,0
5037.324584519273,62.21090316772461,0.2789020836353302,0
5038.486180442824,60.865291595458984,0.2856241762638092,0
5039.645277567312,60.80198669433594,0.2841619551181793,0
5040.8074086375545,58.498619079589844,0.29415494203567505,0
5041.967039757538,61.489498138427734,0.28306129574775696,0
5043.126937649137,60.56047439575195,0.2876349091529846,0
5044.289871582505,61.78007125854492,0.2870652973651886,0
5045.450303838512,57.249061584472656,0.3088187873363495,0
5046.613773534991,59.24913787841797,0.29692694544792175,0
5047.774740401589,60.55066680908203,0.2848045229911804,0
5048.938746108006,63.01249313354492,0.2741049528121948,0
5050.1002478314895,59.45219039916992,0.2943248152732849,0
5051.262016756918,60.04034423828125,0.29321473836898804,0
5052.4268266215595,60.863162994384766,0.2888631522655487,0
5053.589130773381,58.90848159790039,0.2944191098213196,0
5054.7544772653755,58.36062240600586,0.29063859581947327,0
5055.917316890169,60.07972717285156,0.2802797555923462,0
5057.0832002567395,61.07476806640625,0.27881065011024475,0
5058.246575601196,59.5423698425293,0.286448210477829,0
5059.410218578622,60.748268127441406,0.28159767389297485,0
5060.576907400608,60.02911376953125,0.29130619764328003,0
5061.741086467802,57.461753845214844,0.3031054437160492,0
5062.908312782775,59.95848083496094,0.29254043102264404,0
5064.0730281867145,59.68018341064453,0.29675596952438354,0
5065.240792242297,58.8250617980957,0.29826614260673523,0
5066.40604423007,59.807701110839844,0.2954615354537964,0
5067.571564282532,56.588050842285156,0.30912262201309204,0
5068.740135092811,58.51628112792969,0.3037191331386566,0
5069.906192099808,60.23021697998047,0.29625624418258667,0
5071.075301270106,60.42506408691406,0.295184463262558,0
5072.241895479014,57.19282150268555,0.30650657415390015,0
5073.411543257352,59.19059371948242,0.2984529435634613,0
5074.578674915658,59.9298210144043,0.2962135672569275,0
5075.746075071069,58.636802673339844,0.30158528685569763,0
5076.9165309054815,58.14607620239258,0.3055736720561981,0
5078.0844688815905,58.686458587646484,0.30600160360336304,0
5079.255463944452,58.7789306640625,0.3046489953994751,0
5080.423939989032,60.3309440612793,0.29564473032951355,0
5081.595474528764,60.6233024597168,0.291614294052124,0
5082.764488889704,62.13936233520508,0.2817453145980835,0
5083.9337721808615,60.2681770324707,0.28357890248298645,0
5085.106116080145,61.28588104248047,0.27898097038269043,0
5086.27593805956,61.2144660949707,0.27741360664367676,0
5087.448822057122,61.08464050292969,0.27409085631370544,0
5088.619182972969,63.021484375,0.275134414434433,0
5089.792607317632,60.697486877441406,0.29140350222587585,0
5090.963507418198,57.564205169677734,0.3034249544143677,0
5092.134676882793,57.11355209350586,0.3005434572696686,0
5093.308911892588,57.22048568725586,0.30831974744796753,0
5094.480620914401,57.64578628540039,0.3125453293323517,0
5095.655396893707,57.34377670288086,0.3132987320423126,0
5096.827645721311,57.103031158447266,0.31125608086586,0
5098.002962919354,58.58124542236328,0.30215150117874146,0
5099.1757518014365,58.803497314453125,0.29980605840682983,0
5100.351610467556,60.148681640625,0.2970254421234131,0
5101.524939652921,61.019134521484375,0.29359859228134155,0
5102.698538761123,59.56382751464844,0.29905813932418823,0
5103.875209774134,61.78338623046875,0.28238582611083984,0
5105.049349558889,61.87735366821289,0.28254032135009766,0
5106.226562663679,60.11573791503906,0.28824928402900696,0
5107.401243374075,59.18687057495117,0.3002433478832245,0
5108.578998820384,59.30381774902344,0.3028237521648407,0
5109.754220705628,57.7103271484375,0.3121923804283142,0
5110.9297129491215,57.8004264831543,0.31134143471717834,0
5112.108282052721,57.07844543457031,0.31251776218414307,0
5113.284315844934,55.91817855834961,0.31145915389060974,0
5114.46342791476,58.41676712036133,0.3025631904602051,0
5115.640003505184,59.46845245361328,0.2966594994068146,0
5116.819658791383,59.89358901977539,0.29610398411750793,0
5117.9967764296225,58.95429229736328,0.2995927929878235,0
5119.174164862229,58.99089431762695,0.30013930797576904,0
5120.35463511823,63.00091552734375,0.28546324372291565,0
5121.532565973129,60.3364372253418,0.30292022228240967,0
5122.7135800712185,61.04814910888672,0.2985546886920929,0
5123.892053598303,60.93708801269531,0.29728418588638306,0
5125.073611789027,59.940711975097656,0.300984263420105,0
5126.252628238308,59.18931198120117,0.3036345839500427,0
5127.4319159187735,61.16360855102539,0.2930026650428772,0
5128.61429039393,63.21982192993164,0.2790190875530243,0
5129.79412137167,61.35281753540039,0.28220924735069275,0
5130.9770405661875,61.60831069946289,0.28067612648010254,0
5132.1574150915,61.82555389404297,0.28438910841941833,0
5133.34087925633,59.305789947509766,0.299367755651474,0
5134.521797579627,59.718631744384766,0.30093252658843994,0
5135.702987571632,56.968482971191406,0.31093862652778625,0
5136.887269337644,58.36845016479492,0.3096650540828705,0
5138.0690035033185,57.464881896972656,0.3190039098262787,0
5139.253830867379,57.960777282714844,0.31971475481987,0
5140.436109457423,59.919734954833984,0.3101344406604767,0
5141.621482670889,56.26655197143555,0.32603663206100464,0
5142.804305936119,57.85755157470703,0.31610414385795593,0
5143.987401308287,56.34956359863281,0.32675254344940186,0
5145.17359344181,53.81322479248047,0.3428959250450134,0
5146.357233865455,51.31907653808594,0.36123359203338623,0
5147.543972477131,52.784881591796875,0.34929025173187256,0
5148.728158203358,54.071441650390625,0.34139835834503174,0
5149.915443544951,54.7288932800293,0.3407957851886749,0
5151.100174824981,55.583717346191406,0.33743637800216675,0
5152.2851786508845,55.27470397949219,0.331209659576416,0
5153.473284233536,58.38299560546875,0.30754151940345764,0
5154.658833990141,58.765350341796875,0.3054092526435852,0
5155.84748693247,56.417869567871094,0.32049301266670227,0
5157.033582871286,59.67381286621094,0.3072844445705414,0
5158.222783425463,56.04281997680664,0.3249218463897705,0
5159.409425798115,55.88920593261719,0.32935604453086853,0
5160.596341156286,59.625675201416016,0.3077545166015625,0
5161.786363274655,54.816162109375,0.3354514241218567,0
5162.973825444168,53.87440872192383,0.3467373549938202,0
5164.164395805163,52.60983657836914,0.35611996054649353,0
5165.352405037935,56.55268096923828,0.33288276195526123,0
5166.54352389413,53.33845901489258,0.349983274936676,0
5167.7320804421925,55.73181915283203,0.3358422517776489,0
5168.920910416126,55.37390899658203,0.3390152156352997,0
5170.11285216178,58.19001770019531,0.32152828574180603,0
5171.30222982912,58.021881103515625,0.316642165184021,0
5172.494720701771,58.451168060302734,0.31438910961151123,0
5173.684646314839,63.01345443725586,0.292745977640152,0
5174.877686567469,59.976802825927734,0.2807496190071106,0
5176.0681603787025,56.946495056152344,0.33139997720718384,0
5177.258908056871,58.638614654541016,0.3257540464401245,0
5178.452772526365,58.72890090942383,0.32365161180496216,0
5179.644068781426,58.87175369262695,0.321077436208725,0
5180.838483263715,60.16351318359375,0.30689913034439087,0
5182.0303283483945,63.089866638183594,0.2921251356601715,0
5183.22529309687,68.35034942626953,0.25966325402259827,0
5184.417687264015,83.00133514404297,0.20538915693759918,0
5185.610355739871,89.14004516601562,0.1855270117521286,0
5186.806146034755,81.60838317871094,0.20524421334266663,0
5187.999363972413,74.37181854248047,0.22768208384513855,0
5189.19570516732,79.75236511230469,0.21567340195178986,0
5190.389472819916,75.71925354003906,0.2293776273727417,0
5191.586365168644,65.5898208618164,0.2742611765861511,0
5192.780682789431,57.98987579345703,0.3235323429107666,0
5193.978126545897,55.845977783203125,0.338705450296402,0
5195.1729943882465,55.54669189453125,0.3422762155532837,0
5196.368137108372,56.30431365966797,0.33284521102905273,0
5197.56640812388,52.29938507080078,0.3075735569000244,0
5198.762101445691,56.11542892456055,0.27297401428222656,0
5199.960924504088,55.7374382019043,0.2855796217918396,0
5201.157168681245,59.408836364746094,0.28774821758270264,0
5202.356544036857,57.09482955932617,0.3036077916622162,0
5203.55333932314,53.35692596435547,0.338148832321167,0
5204.750409930605,56.050941467285156,0.337030827999115,0
5205.950613879712,54.32439422607422,0.3407959043979645,0
5207.148235977039,57.07727813720703,0.31995055079460144,0
5208.348992859537,53.05497360229492,0.3429853916168213,0
5209.547166700796,48.53124237060547,0.3790249228477478,0
5210.74847677142,49.74867630004883,0.37572556734085083,0
5211.947202610801,52.68192672729492,0.3547789454460144,0
5213.146204215484,54.22011184692383,0.3319900929927826,0
5214.3483442162105,54.74070739746094,0.30250871181488037,0
5215.547898200366,55.89635467529297,0.32780221104621887,0
5216.75059202642,54.49630355834961,0.3502800762653351,0
5217.950698644527,55.534942626953125,0.34711000323295593,0
5219.153946551057,52.362098693847656,0.3577641248703003,0
5220.354606057714,53.36995315551758,0.3500680923461914,0
5221.555541774513,53.788761138916016,0.35067495703697205,0
5222.759620949906,52.322383880615234,0.35839879512786865,0
5223.9611099372205,53.22547149658203,0.3503130376338959,0
5225.16574383132,52.9677848815918,0.3526065945625305,0
5226.367786344041,55.445457458496094,0.34360548853874207,0
5227.572975212403,53.7188720703125,0.35120877623558044,0
5228.77557150554,55.91111755371094,0.3394675850868225,0
5229.978444454373,55.76409149169922,0.33027705550193787,0
5231.1844659325225,63.41733932495117,0.2850725054740906,0
5232.3878930443525,76.89933776855469,0.22369739413261414,0
5233.594470136025,102.08554077148438,0.15365295112133026,0
5234.798451666155,145.7161102294922,0.09458991140127182,0
5236.005584627322,155.56765747070312,0.0841015875339508,0
5237.210120831172,131.494140625,0.10518905520439148,0
5238.414934136994,121.41458129882812,0.11687015742063522,0
5239.622901051031,116.33311462402344,0.12568756937980652,0
5240.828269413771,98.15365600585938,0.1627534180879593,0
5242.036792837592,72.28656768798828,0.24368537962436676,0
5243.242716512966,57.719764709472656,0.32388028502464294,0
5244.451796702955,52.820281982421875,0.3534300625324249,0
5245.658275946794,52.328041076660156,0.35741832852363586,0
5246.865032739597,51.190277099609375,0.36227312684059143,0
5248.074948227709,50.45664596557617,0.3645657002925873,0
5249.282260972795,52.65255355834961,0.364301472902298,0
5250.492733868397,51.653175354003906,0.3713970482349396,0
5251.700602821893,53.16102600097656,0.36324992775917053,0
5252.911633381785,49.58450698852539,0.38348791003227234,0
5254.120058799935,54.05356216430664,0.34803467988967896,0
5255.328762214763,51.8963623046875,0.35947757959365845,0
5256.540629420198,49.002262115478516,0.3759065270423889,0
5257.749889684117,52.6171989440918,0.3470718264579773,0
5258.962315196199,53.85318374633789,0.3416597247123718,0
5260.172132565748,54.005306243896484,0.3467162251472473,0
5261.385116641689,51.63874435424805,0.36677348613739014,0
5262.595491373527,54.98984146118164,0.3433851897716522,0
5263.806144550481,52.36689758300781,0.35859450697898865,0
5265.0199666215585,52.49050521850586,0.36589786410331726,0
5266.231177545858,50.41839599609375,0.3889268934726715,0
5267.445558824189,52.037899017333984,0.3739135265350342,0
5268.657327752787,52.957725524902344,0.36366814374923706,0
5269.872268495997,49.97171401977539,0.3753874599933624,0
5271.084595685965,48.8106803894043,0.37866640090942383,0
5272.29720177021,48.10950469970703,0.3910953998565674,0
5273.51298186033,50.61674118041992,0.3764627277851105,0
5274.726146591624,53.862953186035156,0.3503338098526001,0
5275.942486791054,51.4819450378418,0.3645644187927246,0
5277.156210426764,51.80679702758789,0.3543664813041687,0
5278.373110993547,54.47235107421875,0.3328072130680084,0
5279.587393791161,54.14729309082031,0.3364912271499634,0
5280.804854983459,55.66603469848633,0.33442941308021545,0
5282.019697200582,52.122535705566406,0.36622169613838196,0
5283.234818890561,53.307674407958984,0.358330637216568,0
5284.453121171031,51.74199676513672,0.35851505398750305,0
5285.668802666995,50.037418365478516,0.37137076258659363,0
5286.887666218749,51.800270080566406,0.3644278645515442,0
5288.103907778603,54.73980712890625,0.348896324634552,0
5289.3233328602155,53.368465423583984,0.3568742275238037,0
5290.54013474198,52.594749450683594,0.35471591353416443,0
5291.757216547418,56.84625244140625,0.32616904377937317,0
5292.977484073965,52.98471450805664,0.3600330650806427,0
5294.195126588413,54.01384735107422,0.3475680351257324,0
5295.41595629163,52.03456115722656,0.356134831905365,0
5296.634159773408,53.153076171875,0.34817418456077576,0
5297.855551912292,54.35062789916992,0.3423149883747101,0
5299.074316619836,52.27384567260742,0.3611868619918823,0
5300.2933617026,52.12956619262695,0.36748942732810974,0
5301.515597645366,53.337223052978516,0.3617056906223297,0
5302.735204341621,51.62425231933594,0.3739570677280426,0
5303.958003367907,52.91222381591797,0.36532485485076904,0
5305.178171936389,51.743228912353516,0.3653946816921234,0
5306.401534305606,54.232540130615234,0.35000675916671753,0
5307.6222650051695,54.06186294555664,0.3417211174964905,0
5308.843276532226,51.64032745361328,0.3513842523097992,0
5310.067484066468,53.28935241699219,0.34453317523002625,0
5311.289058112956,50.52748489379883,0.36367034912109375,0
5312.513829639029,50.65501022338867,0.368326336145401,0
5313.735966464101,48.934364318847656,0.3739412724971771,0
5314.961302241835,51.295406341552734,0.35549062490463257,0
5316.184002104764,51.170692443847656,0.3580790162086487,0
5317.406983248188,50.57940673828125,0.36888977885246277,0
5318.6331655542845,51.78056335449219,0.3683871924877167,0
5319.856710124543,53.19993209838867,0.354597270488739,0
5321.083457332246,51.80293273925781,0.3623999059200287,0
5322.307565588908,54.11088562011719,0.3525448441505432,0
5323.534877958468,55.099815368652344,0.34902897477149963,0
5324.759550161223,53.031494140625,0.36273956298828125,0
5325.984504098209,52.83631134033203,0.3631157875061035,0
5327.212664361669,55.611572265625,0.35032010078430176,0
5328.438182634352,52.4021110534668,0.36676570773124695,0
5329.666908710664,51.509971618652344,0.3768877387046814,0
5330.892991579035,53.23406982421875,0.363720178604126,0
5332.122283728867,52.2313232421875,0.36882349848747253,0
5333.348931453034,50.41455841064453,0.3809375464916229,0
5334.575861365898,50.475494384765625,0.3874303102493286,0
5335.806002777369,50.023345947265625,0.3880874812602997,0
5337.033497936262,51.089698791503906,0.37891554832458496,0
5338.264206073298,52.33877944946289,0.36807623505592346,0
5339.492266738629,52.05362319946289,0.3676324486732483,0
5340.72354186232,51.699485778808594,0.36698102951049805,0
5341.952168294618,51.81009292602539,0.3653174638748169,0
5343.181077370811,51.18726348876953,0.36355775594711304,0
5344.413203126087,52.53228759765625,0.3594360947608948,0
5345.642678360109,51.23543930053711,0.37064793705940247,0
5346.875371755136,52.255306243896484,0.37035614252090454,0
5348.105413407816,52.41987228393555,0.36437472701072693,0
5349.338674704106,52.166568756103516,0.36233052611351013,0
5350.569283036392,54.340938568115234,0.3486464023590088,0
5351.800174468508,53.441646575927734,0.3641301989555359,0
5353.034287768538,53.61530303955078,0.3621663451194763,0
5354.2657462717525,55.64988327026367,0.3380940854549408,0
5355.500428127195,51.324275970458984,0.3580321967601776,0
5356.732453962759,53.348575592041016,0.3496633768081665,0
5357.967704635546,52.42365264892578,0.3690873682498932,0
5359.2002980648285,50.227882385253906,0.38669353723526,0
5360.433175050609,50.006614685058594,0.39511704444885254,0
5361.669279101506,48.42485809326172,0.4005292057991028,0
5362.902724073129,53.405155181884766,0.36707672476768494,0
5364.139397596577,51.30680847167969,0.37926581501960754,0
5365.373410815713,51.05442428588867,0.3850923776626587,0
5366.610654074067,51.3278694152832,0.38308197259902954,0
5367.845235802509,51.79599380493164,0.3763599395751953,0
5369.080101544855,52.05708694458008,0.3764532804489136,0
5370.318199557903,53.090118408203125,0.36847203969955444,0
5371.553634202312,52.15707778930664,0.3757455348968506,0
5372.792302606528,53.95469284057617,0.3671250641345978,0
5374.028306415092,52.593170166015625,0.3761773407459259,0
5375.267545473254,50.35382843017578,0.38873258233070374,0
5376.504118708187,53.0753059387207,0.3673244118690491,0
5377.743928683196,52.63319396972656,0.36626145243644714,0
5378.981071606831,52.04316329956055,0.3666834831237793,0
5380.218499133571,52.538055419921875,0.35960814356803894,0
5381.459165636502,53.77250289916992,0.35635626316070557,0
5382.697163245516,53.23835372924805,0.360978901386261,0
5383.938401322918,52.673072814941406,0.37882837653160095,0
5385.176969276843,51.025901794433594,0.38696905970573425,0
5386.4187791920385,49.59208679199219,0.39729779958724976,0
5387.657917753633,52.97624206542969,0.36883115768432617,0
5388.897341377426,51.79917526245117,0.36170175671577454,0
5390.14000920221,50.23910903930664,0.36737146973609924,0
5391.380003827879,52.89851760864258,0.35742053389549255,0
5392.623244149142,53.920989990234375,0.36391663551330566,0
5393.863810039747,54.48945617675781,0.3609611690044403,0
5395.1076231212355,51.77328872680664,0.373542457818985,0
5396.348760539958,51.97120666503906,0.3678250014781952,0
5397.590183480712,53.00424575805664,0.35978245735168457,0
5398.834855855686,54.25498962402344,0.3590722978115082,0
5400.076850719401,52.105987548828125,0.38214758038520813,0
5401.322096514348,48.16909408569336,0.41480132937431335,0
5402.564663564508,47.517250061035156,0.4243549108505249,0
5403.810483043603,46.78860092163086,0.4314766526222229,0
5405.053622543814,45.39250564575195,0.44141602516174316,0
5406.297048026632,46.290245056152344,0.4292483627796173,0
5407.543728185341,44.29970169067383,0.4339808523654938,0
5408.78772651369,46.068660736083984,0.43182870745658875,0
5410.034981017357,46.291873931884766,0.43513259291648865,0
5411.279552455147,48.20341110229492,0.4188636243343353,0
5412.527381568371,49.364837646484375,0.40671491622924805,0
5413.772526379632,49.202030181884766,0.3987923860549927,0
5415.01795763482,50.04949188232422,0.38460782170295715,0
5416.266648816023,51.73284149169922,0.37702617049217224,0
5417.5126538408,48.67478942871094,0.39747437834739685,0
5418.761920293438,47.29328155517578,0.41202208399772644,0
5420.00849935214,43.08464050292969,0.44685593247413635,0
5421.25834134124,46.63994598388672,0.41819778084754944,0
5422.505494698323,49.390071868896484,0.39392581582069397,0
5423.752934961397,47.950416564941406,0.3980633616447449,0
5425.003640409078,52.53803253173828,0.365286648273468,0
5426.2516553672895,52.308563232421875,0.3688174784183502,0
5427.502937014378,54.1280403137207,0.3593217134475708,0
5428.7515269324895,53.975067138671875,0.3543030023574829,0
5430.00338504444,54.00494384765625,0.3601057827472687,0
5431.252550187334,51.22041320800781,0.3871484398841858,0
5432.502002699028,52.24614715576172,0.3761591613292694,0
5433.754725662407,54.0079460144043,0.35205191373825073,0
5435.00475379628,53.87102127075195,0.3507482409477234,0
5436.258053888534,57.680686950683594,0.32918140292167664,0
5437.508657909777,53.2388916015625,0.3573577404022217,0
5438.762535396789,56.794273376464844,0.3384367823600769,0
5440.013715570711,55.1228141784668,0.3463546633720398,0
5441.265183576988,52.881744384765625,0.36830848455429077,0
5442.519927310522,51.332977294921875,0.3822559714317322,0
5443.771971867516,50.564170837402344,0.37714260816574097,0
5445.0272936608935,51.901771545410156,0.3637976348400116,0
5446.279915034222,52.45247268676758,0.35908010601997375,0
5447.535815153754,48.86137008666992,0.38921883702278137,0
5448.7890136091555,51.16127395629883,0.3831854462623596,0
5450.042500361214,53.13747024536133,0.3740779459476471,0
5451.299268124612,50.81542205810547,0.3834705650806427,0
5452.553332357424,54.943031311035156,0.3606834411621094,0
5453.810679113135,56.08333969116211,0.34765714406967163,0
5455.065321092744,55.44597244262695,0.34966519474983215,0
5456.32324710751,55.45168685913086,0.3525489866733551,0
5457.578467100084,52.885162353515625,0.35744914412498474,0
5458.833975854367,57.07969665527344,0.33061060309410095,0
5460.092770912597,53.608882904052734,0.31965509057044983,0
5461.348858079169,57.5443000793457,0.27955299615859985,0
5462.6082330636855,52.397010803222656,0.27269697189331055,0
5463.864898909019,53.52944564819336,0.29706910252571106,0
5465.124854086995,52.45935821533203,0.3506753444671631,0
5466.382098877687,52.90203094482422,0.36438509821891785,0
5467.639632895892,53.61711502075195,0.359295129776001,0
5468.900458519188,52.711036682128906,0.3646205961704254,0
5470.158571882718,54.31525802612305,0.3568585515022278,0
5471.4199783677805,55.9072265625,0.3467476963996887,0
5472.678671343541,56.62794876098633,0.341262549161911,0
5473.940658957974,53.25196075439453,0.3645870089530945,0
5475.199931812992,54.377281188964844,0.36481940746307373,0
5476.462500824519,56.0413932800293,0.350065678358078,0
5477.722353825945,55.82655334472656,0.35007545351982117,0
5478.982496654898,54.86674880981445,0.3462236821651459,0
5480.245937917523,56.35633087158203,0.3294871747493744,0
5481.506661293681,54.4571418762207,0.3375576138496399,0
5482.770684623098,54.82752227783203,0.3396143317222595,0
5484.031988813916,56.99741744995117,0.33128422498703003,0
5485.296594478281,57.66883087158203,0.3297533094882965,0
5486.558479751342,56.016021728515625,0.33657774329185486,0
5487.820655319452,55.50019073486328,0.33800870180130005,0
5489.086134641946,53.062007904052734,0.3401413559913635,0
5490.348891693741,54.36747741699219,0.337618350982666,0
5491.614954021959,55.03703689575195,0.34421467781066895,0
5492.87829282533,54.09250259399414,0.35428884625434875,0
5494.144938427862,53.73304748535156,0.34521397948265076,0
5495.4088592508215,56.28265380859375,0.33141985535621643,0
5496.673070837104,54.106868743896484,0.3490750789642334,0
5497.940591507065,55.8480110168457,0.35152631998062134,0
5499.205385515026,56.429264068603516,0.34470704197883606,0
5500.473490131158,55.516075134277344,0.3435046374797821,0
5501.73886682912,57.34317398071289,0.3271945118904114,0
5503.007555660447,52.31780242919922,0.363609254360199,0
5504.273515316853,52.24392318725586,0.3778625726699829,0
5505.539766205615,52.03697967529297,0.38200798630714417,0
5506.809331515944,48.884246826171875,0.4033624827861786,0
5508.0761657658895,51.765926361083984,0.36903244256973267,0
5509.346315964355,48.3831901550293,0.3754556477069855,0
5510.6137338442395,50.940025329589844,0.3621515929698944,0
5511.8844692002995,49.40995407104492,0.37280037999153137,0
5513.152470978999,52.5339241027832,0.34264838695526123,0
5514.420764459843,52.370819091796875,0.34117811918258667,0
5515.692377708754,54.167808532714844,0.3416937291622162,0
5516.961255491803,56.503292083740234,0.3364149034023285,0
5518.233454572335,55.55282974243164,0.3402884304523468,0
5519.502916926777,54.84269714355469,0.3451796770095825,0
5520.775702108823,54.66899871826172,0.34496673941612244,0
5522.04574930397,56.88029861450195,0.3263203203678131,0
5523.316088671805,56.170806884765625,0.3323625922203064,0
5524.589753162833,55.96061706542969,0.34059467911720276,0
5525.860677775412,54.18400192260742,0.3551837205886841,0
5527.134929043068,54.26118087768555,0.3573852479457855,0
5528.406439170014,54.17403030395508,0.35330185294151306,0
5529.681277484624,58.1402702331543,0.3257078230381012,0
5530.953373395683,57.93507766723633,0.32355210185050964,0
5532.2257619507345,57.05589294433594,0.33250489830970764,0
5533.5014809927425,56.74665069580078,0.33919647336006165,0
5534.774455736598,57.958457946777344,0.33686214685440063,0
5536.0507625017635,58.267189025878906,0.3312109112739563,0
5537.32432370448,59.01418685913086,0.32128608226776123,0
5538.601218463567,53.398475646972656,0.35512736439704895,0
5539.875366395326,56.29877853393555,0.3388986885547638,0
5541.149807443142,54.345184326171875,0.36034074425697327,0
5542.427584350331,52.189876556396484,0.3619210422039032,0
5543.702612532534,53.527835845947266,0.3513394296169281,0
5544.980978110937,56.304019927978516,0.34451812505722046,0
5546.256593698019,56.140960693359375,0.34330856800079346,0
5547.535548218839,56.87825012207031,0.3306684195995331,0
5548.811751481417,57.98506546020508,0.3122411370277405,0
5550.088248332878,59.16325378417969,0.3126191198825836,0
5551.368086424794,57.21571350097656,0.330439031124115,0
5552.64517135775,55.44453811645508,0.348063588142395,0
5553.925599070468,58.074039459228516,0.33316338062286377,0
5555.203272355847,58.41637420654297,0.3241514563560486,0
5556.484289961005,57.69631576538086,0.32980597019195557,0
5557.7625518698605,57.905330657958984,0.33675238490104675,0
5559.041107841189,57.70040512084961,0.336298406124115,0
5560.323010442734,57.757381439208984,0.3372381627559662,0
5561.602155444191,58.048095703125,0.33305129408836365,0
5562.884648617657,58.20811462402344,0.32681140303611755,0
5564.1643829206105,58.343109130859375,0.3167632520198822,0
5565.447466938073,55.904212951660156,0.32984116673469543,0
5566.727790814014,55.47320556640625,0.3457919955253601,0
5568.008409226779,54.895050048828125,0.3542933762073517,0
5569.292379668218,55.80083084106445,0.3510950207710266,0
5570.573588061279,55.165130615234375,0.3514821529388428,0
5571.858150027292,53.06283187866211,0.352309912443161,0
5573.139948672452,52.66646194458008,0.3564057946205139,0
5574.4251024355535,51.74575424194336,0.35395750403404236,0
5575.707491604742,51.59607696533203,0.2143213301897049,0
5576.993237437573,49.90776062011719,0.02713564783334732,8388608
5578.276217402844,57.15802001953125,0.028800848871469498,8388608
5579.559492515969,62.6233024597168,0.04780614376068115,8388608
5580.846126611703,53.59920883178711,0.11792069673538208,0
5582.129992929065,60.266357421875,0.24456733465194702,0
5583.417219776516,55.30104446411133,0.31682059168815613,0
5584.7016775704815,53.728065490722656,0.3562866747379303,0
5585.989497442732,53.57870101928711,0.3633226454257965,0
5587.274546985794,56.80024337768555,0.335673987865448,0
5588.559892152815,56.487056732177734,0.32746216654777527,0
5589.848601720826,53.88404846191406,0.3489321768283844,0
5591.134539045756,56.146217346191406,0.3384062349796295,0
5592.423842321654,54.469547271728516,0.3548075556755066,0
5593.7103720773,55.13539123535156,0.3583880066871643,0
5595.000269334606,54.45551300048828,0.35800573229789734,0
5596.287391793901,55.822166442871094,0.34989312291145325,0
5597.574810354026,56.75168991088867,0.33814316987991333,0
5598.8655987422635,57.2655029296875,0.33371683955192566,0
5600.153610415509,58.58866882324219,0.3293136954307556,0
5601.444993469345,58.91021728515625,0.3274492621421814,0
5602.733598528957,59.10573196411133,0.3244488537311554,0
5604.025576522354,58.743507385253906,0.31636032462120056,0
5605.314775241707,59.143917083740234,0.3022627830505371,0
5606.604270539531,56.73250961303711,0.3170296251773834,0
5607.8971411013445,56.10504150390625,0.33844926953315735,0
5609.1872304690405,55.55865478515625,0.343377947807312,0
5610.480696655709,56.4483642578125,0.332645982503891,0
5611.771380366965,56.77987289428711,0.3291381895542145,0
5613.065442452892,54.81748580932617,0.3467459976673126,0
5614.356720781522,55.729957580566406,0.349707692861557,0
5615.648296167035,55.06841278076172,0.35043349862098694,0
5616.943252261183,54.20630645751953,0.35116690397262573,0
5618.235422674864,55.622825622558594,0.3463514745235443,0
5619.530975354671,55.0356330871582,0.3478465974330902,0
5620.823741070649,54.8515510559082,0.3483653664588928,0
5622.11989061096,56.34815216064453,0.3442493677139282,0
5623.413251903491,56.47451400756836,0.34119343757629395,0
5624.706910732087,55.75826644897461,0.34499838948249817,0
5626.0039557227465,56.88938903808594,0.3336200416088104,0
5627.298210539351,55.01572036743164,0.341769814491272,0
5628.595853078023,57.560646057128906,0.32608410716056824,0
5629.890704157208,56.30207061767578,0.3309434652328491,0
5631.188944519182,56.5082893371582,0.3346693813800812,0
5632.484392135646,55.9758186340332,0.34211844205856323,0
5633.780137768132,55.970726013183594,0.35079362988471985,0
5635.079275024906,55.92945098876953,0.3513806462287903,0
5636.37561760679,53.523094177246094,0.3600810468196869,0
5637.675353375483,53.64319610595703,0.3518798053264618,0
5638.97229318178,54.63786315917969,0.33465316891670227,0
5640.272627738125,53.926414489746094,0.33969977498054504,0
5641.570165043976,54.796390533447266,0.3500710129737854,0
5642.868000846579,53.39099884033203,0.36987361311912537,0
5644.169233744507,52.49364471435547,0.37361547350883484,0
5645.467667459449,51.47201156616211,0.3706989288330078,0
5646.769499834757,54.162925720214844,0.35154062509536743,0
5648.0685317374955,54.760929107666016,0.3470822274684906,0
5649.370963866361,54.6847038269043,0.35128626227378845,0
5650.6705942324825,54.142730712890625,0.35958921909332275,0
5651.970523576861,52.2269172668457,0.3772771656513214,0
5653.273855496427,51.855587005615234,0.3808944821357727,0
5654.574383717638,53.864322662353516,0.3641551733016968,0
5655.878316081601,51.754730224609375,0.369613915681839,0
5657.179443455548,52.934024810791016,0.36624929308891296,0
5658.483976540533,51.942264556884766,0.3694148659706116,0
5659.785703343243,51.780704498291016,0.37106603384017944,0
5661.087729606495,54.96864318847656,0.35196277499198914,0
5662.393163933633,54.572181701660156,0.35306844115257263,0
5663.6957900397665,54.575286865234375,0.3552060127258301,0
5665.001825779882,56.69684600830078,0.3399239778518677,0
5666.305052005245,55.11676788330078,0.3457786738872528,0
5667.611689435406,55.19982147216797,0.3448964059352875,0
5668.915516056473,57.04496765136719,0.3358355462551117,0
5670.21964262114,55.029205322265625,0.3467128574848175,0
5671.5271827472525,53.404056549072266,0.3511289954185486,0
5672.831910122411,56.79680633544922,0.31980493664741516,0
5674.140052631638,54.948974609375,0.3302059769630432,0
5675.445381094079,52.603965759277344,0.3588537275791168,0
5676.754126263941,56.527854919433594,0.33520445227622986,0
5678.060056090586,54.19927978515625,0.34660857915878296,0
5679.369404198726,55.05245590209961,0.33487656712532043,0
5680.675935666623,53.6029052734375,0.3324776887893677,0
5681.982767700368,54.195343017578125,0.3260859251022339,0
5683.293020377142,52.78211975097656,0.3362658619880676,0
5684.600454467784,52.84893798828125,0.31837648153305054,0
5685.9113107773455,56.55430221557617,0.29377231001853943,0
5687.219347202254,55.45929718017578,0.3043302297592163,0
5688.530807422696,56.84339141845703,0.3121393620967865,0
5689.839446459365,56.08741760253906,0.30528223514556885,0
5691.148386546724,58.4634895324707,0.3052414655685425,0
5692.460752794961,56.4627685546875,0.32312414050102234,0
5693.770295910398,55.15806198120117,0.33542439341545105,0
5695.083266765144,56.259124755859375,0.3226073384284973,0
5696.3934131864735,53.840843200683594,0.33425047993659973,0
5697.706988926269,53.628910064697266,0.349849134683609,0
5699.017738931434,55.71439743041992,0.33826321363449097,0
5700.328790472915,54.54322814941406,0.3396761119365692,0
5701.643273702021,52.23399353027344,0.32949206233024597,0
5702.954929244326,52.91321563720703,0.31896302103996277,0
5704.270018055233,53.956790924072266,0.3319079577922821,0
5705.582277876624,53.012611389160156,0.3483116030693054,0
5706.897972548322,56.246826171875,0.3328123390674591,0
5708.210836927191,55.54373550415039,0.3333759307861328,0
5709.524003328785,55.03040313720703,0.34201550483703613,0
5710.840606953667,53.07975387573242,0.3558138310909271,0
5712.1543783304,53.61076736450195,0.350157231092453,0
5713.471588513947,55.01226043701172,0.33335748314857483,0
5714.78596514453,52.707454681396484,0.3459157645702362,0
5716.103782166185,51.84654998779297,0.36130619049072266,0
5717.418764329458,54.74669647216797,0.3422872722148895,0
5718.734049002651,51.712066650390625,0.35647737979888916,0
5720.052776443723,52.47406768798828,0.3504087030887604,0
5721.368667067941,51.56683349609375,0.35511866211891174,0
5722.688002046119,54.7958869934082,0.34263065457344055,0
5724.004498900525,54.542293548583984,0.34496980905532837,0
5725.324441695702,53.07790756225586,0.35100993514060974,0
5726.641545059584,52.01036071777344,0.3453609347343445,0
5727.958951421363,52.769744873046875,0.3435075879096985,0
5729.279806104559,53.91532516479492,0.33927348256111145,0
5730.597819394824,53.03795623779297,0.3559289276599884,0
5731.919282595146,51.0475959777832,0.37184667587280273,0
5733.237903093509,53.52091979980469,0.3504718542098999,0
5734.559975091302,53.088104248046875,0.335905522108078,0
5735.879203077503,56.483516693115234,0.3222709894180298,0
5737.198734550369,51.85593795776367,0.35643768310546875,0
5738.521719907148,54.540653228759766,0.3402749001979828,0
5739.841859287538,51.07714080810547,0.36057761311531067,0
5741.165454143043,52.58518981933594,0.35344767570495605,0
5742.48620171102,51.531776428222656,0.361234575510025,0
5743.810406346047,55.078208923339844,0.3377854526042938,0
5745.131762381802,54.983070373535156,0.32960405945777893,0
5746.453422393778,53.87314987182617,0.33983591198921204,0
5747.778541861132,53.83372116088867,0.3453948199748993,0
5749.100810761248,53.79409408569336,0.33898985385894775,0
5750.426540710513,56.87080764770508,0.31755530834198,0
5751.7494187792845,55.02199935913086,0.3219372034072876,0
5753.075759491708,54.902225494384766,0.32561808824539185,0
5754.399247009779,53.579776763916016,0.3307783305644989,0
5755.723038994414,55.44145965576172,0.3137683570384979,0
5757.050296014883,52.94972610473633,0.32713964581489563,0
5758.374697869857,50.69830322265625,0.342888206243515,0
5759.702566357007,54.84051513671875,0.32503563165664673,0
5761.027578363289,54.84141159057617,0.32984310388565063,0
5762.35605859882,53.81859588623047,0.33040791749954224,0
5763.681681037505,55.025821685791016,0.3288746178150177,0
5765.00760843389,52.171165466308594,0.34061241149902344,0
5766.337006455565,52.893558502197266,0.33325424790382385,0
5767.663544706073,54.96803665161133,0.31507742404937744,0
5768.993555180787,54.21947479248047,0.31096935272216797,0
5770.320704566837,56.852542877197266,0.29071009159088135,0
5771.651327776746,53.729156494140625,0.29013484716415405,0
5772.97908857989,55.79751205444336,0.283510684967041,0
5774.307154832662,55.83860397338867,0.2959866225719452,0
5775.638697309198,55.163238525390625,0.31330955028533936,0
5776.967375401462,54.63068771362305,0.3181265890598297,0
5778.299531318985,55.55649185180664,0.3183682858943939,0
5779.628821532617,55.68165588378906,0.3124837577342987,0
5780.96159117374,53.677520751953125,0.32555630803108215,0
5782.2914937907435,55.014739990234375,0.3189893364906311,0
5783.624877438208,53.27025604248047,0.3143320679664612,0
5784.955392740717,54.356590270996094,0.30448010563850403,0
5786.286214126521,54.22751235961914,0.3091652989387512,0
5787.620518947673,53.213623046875,0.31658411026000977,0
5788.95195344226,54.61457443237305,0.31049463152885437,0
5790.28687297701,55.3951301574707,0.303902804851532,0
5791.618920862837,56.82945251464844,0.27399906516075134,0
5792.954455394383,57.99602508544922,0.28524670004844666,0
5794.28711695404,55.99924087524414,0.3008576035499573,0
5795.620085090737,53.732913970947266,0.31788384914398193,0
5796.956542281918,55.91207504272461,0.302364706993103,0
5798.290124516404,55.92332458496094,0.3014531433582306,0
5799.6271974127785,57.298439025878906,0.28637656569480896,0
5800.961394027968,54.730770111083984,0.2929449677467346,0
5802.299082913192,53.40633010864258,0.31056153774261475,0
5803.633894192129,55.07395935058594,0.30310434103012085,0
5804.969012542647,54.7006950378418,0.30137303471565247,0
5806.30762557585,53.2684326171875,0.31285959482192993,0
5807.643359014758,54.09511947631836,0.3144729733467102,0
5808.982588746351,56.11404037475586,0.30958467721939087,0
5810.318937557022,57.149898529052734,0.30339503288269043,0
5811.658784271117,57.011295318603516,0.3052368760108948,0
5812.995748737051,55.20835494995117,0.3214106261730194,0
5814.333020769904,55.21005630493164,0.32349517941474915,0
5815.673793122722,54.04536437988281,0.31706705689430237,0
5817.011681236167,56.68792724609375,0.31286731362342834,0
5818.353071282172,55.03200912475586,0.32255998253822327,0
5819.691575760036,54.238250732421875,0.3383479714393616,0
5821.0335837838,55.23063659667969,0.32761892676353455,0
5822.372704910043,52.862953186035156,0.33213287591934204,0
5823.71213409934,52.77424621582031,0.3350163400173187,0
5825.055069254977,53.76533889770508,0.3376615345478058,0
5826.395115518667,53.99327850341797,0.3384321630001068,0
5827.738669363894,53.02913284301758,0.2646753191947937,0
5829.079332986262,54.143760681152344,0.2623780369758606,0
5830.423505806108,53.5859489440918,0.34019407629966736,0
5831.764787071572,55.00147247314453,0.32791176438331604,0
5833.106376897028,54.379638671875,0.33962368965148926,0
5834.4514783443055,53.511558532714844,0.34373176097869873,0
5835.793686239559,54.31552505493164,0.3287389278411865,0
5837.139407374435,54.99343490600586,0.2952277958393097,0
5838.48223362423,54.622127532958984,0.2869036793708801,0
5839.828574732194,53.149532318115234,0.2892146110534668,0
5841.1720196214055,53.8539924621582,0.3300670087337494,0
5842.515773568347,51.56880569458008,0.3649984896183014,0
5843.863044801715,50.44556427001953,0.37746936082839966,0
5845.2074178154635,54.060115814208984,0.3616654872894287,0
5846.55530973605,52.76103210449219,0.3770594894886017,0
5847.900302101808,51.06614685058594,0.39180126786231995,0
5849.248814995563,50.586421966552734,0.347929447889328,0
5850.594426998667,51.3156623840332,0.33985432982444763,0
5851.940348558043,52.883689880371094,0.3329300582408905,0
5853.289793077589,53.91376876831055,0.37276408076286316,0
5854.63633470239,53.98595428466797,0.3725564777851105,0
5855.986400910385,52.109619140625,0.3767775595188141,0
5857.333562886274,54.48029708862305,0.3782990872859955,0
5858.684251069132,53.37675476074219,0.39544788002967834,0
5860.032033681905,52.83772659301758,0.399191677570343,0
5861.380126350296,53.698265075683594,0.3927634060382843,0
5862.731747661751,55.57194519042969,0.38058558106422424,0
5864.080461395796,57.460880279541016,0.3739962875843048,0
5865.432705398548,55.71098709106445,0.3690129816532135,0
5866.7820404843715,53.832313537597656,0.37211453914642334,0
5868.134907465294,55.98371124267578,0.36391669511795044,0
5869.484864189151,51.6765022277832,0.3929941654205322,0
5870.835131468779,53.08724594116211,0.4070252776145935,0
5872.188933083531,55.11102294921875,0.4024572968482971,0
5873.539822430655,54.116825103759766,0.4022933542728424,0
5874.894247741169,52.39302062988281,0.4083409607410431,0
5876.245759442374,48.97005081176758,0.417705237865448,0
5877.600808735987,53.137855529785156,0.3942388892173767,0
5878.952943077992,54.58940887451172,0.41110938787460327,0
5880.305388476725,52.26192092895508,0.44386208057403564,0
5881.6613739118275,52.057533264160156,0.4514337182044983,0
5883.0144423815145,53.44125747680664,0.43944621086120605,0
5884.371052518464,53.55210494995117,0.44751349091529846,0
5885.724744346154,53.862159729003906,0.4500519335269928,0
5887.08197947275,54.28581237792969,0.43137115240097046,0
5888.436294945624,52.13033676147461,0.3628500699996948,0
5889.7941553497985,52.711524963378906,0.24602746963500977,0
5891.149094755168,53.91996383666992,0.21477940678596497,0
5892.504345862568,50.782344818115234,0.29563528299331665,0
5893.8631443503,51.77370834350586,0.37103477120399475,0
5895.219019821241,54.82914352416992,0.2995055317878723,0
5896.578444306792,53.75773620605469,0.25274085998535156,0
5897.934944428921,50.55029296875,0.31883350014686584,0
5899.294995200688,52.36893081665039,0.41930124163627625,0
5900.6521202617805,54.22686004638672,0.4595111608505249,0
5902.009557527709,54.15880584716797,0.47855570912361145,0
5903.370547896257,54.0191764831543,0.472581684589386,0
5904.728610532891,55.42060089111328,0.4626448154449463,0
5906.090227909057,54.52777099609375,0.46280303597450256,0
5907.448916204503,52.41986083984375,0.4753921627998352,0
5908.811160877149,51.236080169677734,0.5003105998039246,0
5910.170475119649,53.990867614746094,0.49992620944976807,0
5911.530102070604,54.54492950439453,0.5055165886878967,0
5912.893287855697,51.29701232910156,0.5338220000267029,0
5914.253541186144,51.75924301147461,0.5167351365089417,0
5915.6173549902815,52.06499481201172,0.4935716390609741,0
5916.978234988793,49.772525787353516,0.5022414326667786,0
5918.342677101303,52.30963897705078,0.5218820571899414,0
5919.704184056584,49.07497024536133,0.5806488394737244,0
5921.066004224752,50.24184036254883,0.5674009919166565,0
5922.43138896782,51.08792495727539,0.5507762432098389,0
5923.793836525893,51.814517974853516,0.5342863202095032,0
5925.159850301065,53.7764892578125,0.5109068751335144,0
5926.522925538082,54.30745315551758,0.5138645768165588,0
5927.8895686351525,53.374568939208984,0.5225339531898499,0
5929.253271840285,53.832576751708984,0.5136404037475586,0
5930.6172887635485,54.84849548339844,0.5003483891487122,0
5931.984876011736,55.037384033203125,0.4800516963005066,0
5933.349521336949,53.56975555419922,0.4807496964931488,0
5934.717738631933,52.43545913696289,0.5021859407424927,0
5936.0830126486,53.75636291503906,0.5161832571029663,0
5937.451860280644,53.948055267333984,0.5130121111869812,0
5938.817763278403,54.36428451538086,0.5166419148445129,0
5940.183980500352,52.428749084472656,0.5313494801521301,0
5941.553773806525,51.82933807373047,0.5581908226013184,0
5942.920620444101,53.719818115234375,0.528410017490387,0
5944.2910448134,55.49965286254883,0.5134134888648987,0
5945.658521156573,54.86822509765625,0.5073912143707275,0
5947.02957687973,53.14268112182617,0.5071476697921753,0
5948.397683218606,53.427642822265625,0.5136524438858032,0
5949.766104288548,53.534603118896484,0.5325124859809875,0
5951.138107211303,53.98755645751953,0.5392879843711853,0
5952.507158712183,55.671607971191406,0.5123721361160278,0
5953.879793716033,53.81364440917969,0.5011013150215149,0
5955.249475938291,53.9253044128418,0.4953077733516693,0
5956.622743314438,54.543846130371094,0.5235717296600342,0
5957.993056548646,52.833248138427734,0.5368689298629761,0
5959.363685021613,52.53011703491211,0.5420758128166199,0
5960.737901125286,54.20637512207031,0.5228514671325684,0
5962.109161046141,52.01498031616211,0.5437668561935425,0
5963.484010250522,50.41148376464844,0.5664125680923462,0
5964.855901910172,53.31015396118164,0.5498422980308533,0
5966.23138450693,54.59648513793945,0.5412251353263855,0
5967.603908196417,55.255558013916016,0.5183894634246826,0
5968.976747633175,50.37559127807617,0.540380597114563,0
5970.353180487856,52.09465026855469,0.5269681215286255,0
5971.726652391092,54.24964141845703,0.5209068059921265,0
5973.103719367736,52.19976806640625,0.5320403575897217,0
5974.477824028827,51.632225036621094,0.5210325717926025,0
5975.855525419574,53.977298736572266,0.5063991546630859,0
5977.230263130031,54.158016204833984,0.5179754495620728,0
5978.605317097091,52.4614372253418,0.5438917279243469,0
5979.983970278624,52.39828872680664,0.5474096536636353,0
5981.359657732395,56.41615676879883,0.5135701894760132,0
5982.738946058795,54.9227409362793,0.5239412188529968,0
5984.115267291123,56.808013916015625,0.5166177749633789,0
5985.495191055002,56.425724029541016,0.5236315131187439,0
5986.8721463578695,55.34549331665039,0.5180436372756958,0
5988.249418427496,56.35538864135742,0.49878963828086853,0
5989.630295517494,57.81972122192383,0.4879167079925537,0
5991.00820209571,56.154090881347656,0.5128381848335266,0
5992.38971535513,55.44553756713867,0.5204967856407166,0
5993.768256734253,57.081695556640625,0.5121427178382874,0
5995.150406456177,56.570369720458984,0.5182544589042664,0
5996.529582928659,54.8519401550293,0.5314505100250244,0
5997.912369406305,55.75105285644531,0.5270191431045532,0
5999.292181264735,57.197425842285156,0.5203984975814819,0
6000.672310547068,56.022281646728516,0.5309590101242065,0
6002.056052328553,53.770751953125,0.5489392876625061,0
6003.436817435793,53.63540267944336,0.5441184639930725,0
6004.821196706461,54.41153335571289,0.5400729179382324,0
6006.202597931531,54.555931091308594,0.5399913787841797,0
6007.587614985072,55.32808303833008,0.5387469530105591,0
6008.969652621033,55.74482727050781,0.5239498019218445,0
6010.352008192935,54.767391204833984,0.5314021706581116,0
6011.7379820913175,54.34287643432617,0.5500439405441284,0
6013.120974513777,55.50788497924805,0.5440820455551147,0
6014.507586929677,54.66607666015625,0.5592161417007446,0
6015.891216496089,54.700279235839844,0.5467116832733154,0
6017.278467723672,57.48016357421875,0.5200940370559692,0
6018.66273472757,54.54770278930664,0.5448011755943298,0
6020.047320180272,56.53450012207031,0.5338137149810791,0
6021.435529796186,58.0550422668457,0.52403724193573,0
6022.820753126751,54.502906799316406,0.4295562505722046,0
6024.209602290176,55.11863708496094,0.4303051829338074,0
6025.5954637924715,55.91476058959961,0.5397131443023682,0
6026.984952798049,53.917945861816406,0.5576804280281067,0
6028.371452766081,54.53232955932617,0.5527510046958923,0
6029.758271696611,53.04893112182617,0.5621761679649353,0
6031.148720636495,56.846954345703125,0.532211184501648,0
6032.536178473848,56.61761474609375,0.5217400193214417,0
6033.927267992901,57.03165054321289,0.5151218175888062,0
6035.315365031421,54.9798469543457,0.535037636756897,0
6036.707095424756,55.552452087402344,0.538120687007904,0
6038.095831958924,55.57063674926758,0.5318092107772827,0
6039.484887970107,57.792999267578125,0.5112331509590149,0
6040.877579846221,56.04454803466797,0.5206824541091919,0
6042.26727579485,56.11333465576172,0.506290078163147,0
6043.660609283453,57.794189453125,0.4822300374507904,0
6045.050945464346,54.76339340209961,0.5244275331497192,0
6046.444920861026,54.9779052734375,0.5384274125099182,0
6047.835897569138,54.36903762817383,0.5428734421730042,0
6049.227194269615,53.866390228271484,0.552273690700531,0
6050.622132700046,54.19738006591797,0.5486499667167664,0
6052.014070370253,54.29166030883789,0.5320932269096375,0
6053.409651448156,54.36017990112305,0.5141975283622742,0
6054.802230383388,56.089420318603516,0.5118663907051086,0
6056.198454404833,54.03696823120117,0.5342147946357727,0
6057.59167490052,55.654659271240234,0.5328181385993958,0
6058.985215904751,56.51691818237305,0.524043619632721,0
6060.382404513419,55.086456298828125,0.5223935842514038,0
6061.77658752133,55.86640167236328,0.5127623677253723,0
6063.174419814127,57.14145278930664,0.4939178228378296,0
6064.569245121489,58.10405349731445,0.4805639684200287,0
6065.967721394961,58.93056106567383,0.4764975607395172,0
6067.363189297681,58.2706298828125,0.4823867380619049,0
6068.758978225957,57.52996826171875,0.49179279804229736,0
6070.15842064263,58.587982177734375,0.4796454906463623,0
6071.554852610205,55.251258850097656,0.5159621238708496,0
6072.954939749335,54.83625793457031,0.5192850828170776,0
6074.352015052455,56.4826774597168,0.5063197016716003,0
6075.752747211066,56.50157928466797,0.5009122490882874,0
6077.150466146116,56.94683074951172,0.5013316869735718,0
6078.548506624569,56.991477966308594,0.49986663460731506,0
6079.950206484868,55.57748794555664,0.5074734687805176,0
6081.348891039908,58.03363037109375,0.4839693307876587,0
6082.751236662669,58.6160774230957,0.47436201572418213,0
6084.15056559102,55.9716682434082,0.5055853724479675,0
6085.5535572737435,58.61595916748047,0.4840378165245056,0
6086.953530872269,55.07720947265625,0.5145939588546753,0
6088.353826532881,56.7523078918457,0.4937240779399872,0
6089.757787478295,57.8643684387207,0.4822371006011963,0
6091.158728254453,57.352352142333984,0.4832259714603424,0
6092.563336004008,57.440895080566406,0.48470669984817505,0
6093.9649221929185,57.470272064208984,0.4808077812194824,0
6095.370177044599,58.38385009765625,0.46773627400398254,0
6096.7724089436015,59.32733154296875,0.45836591720581055,0
6098.178311195526,57.27368927001953,0.480752170085907,0
6099.581189102099,55.370208740234375,0.5054958462715149,0
6100.984389738892,57.438411712646484,0.4912768304347992,0
6102.391263264284,56.737579345703125,0.49375617504119873,0
6103.795110354946,56.2078971862793,0.49251195788383484,0
6105.202632026304,57.63408660888672,0.47936612367630005,0
6106.607125868654,56.38209533691406,0.4881799817085266,0
6108.01529598458,57.89304733276367,0.4625082015991211,0
6109.420436876577,59.67769241333008,0.44390153884887695,0
6110.825901019391,58.9395637512207,0.4485760033130646,0
6112.235043975547,58.1453857421875,0.45813417434692383,0
6113.641155615025,57.831119537353516,0.4661792814731598,0
6115.050947762675,57.34491729736328,0.4721571207046509,0
6116.457707197117,57.96978759765625,0.47178202867507935,0
6117.86814883534,57.406742095947266,0.47414517402648926,0
6119.275556363188,55.68486785888672,0.49235811829566956,0
6120.683287663288,57.24312973022461,0.47645652294158936,0
6122.0947037110345,55.6519775390625,0.49313992261886597,0
6123.503083552277,55.18895721435547,0.4942263662815094,0
6124.915149838727,55.05895233154297,0.49690574407577515,0
6126.324178519894,54.32767105102539,0.5063121914863586,0
6127.736895344614,54.6829948425293,0.5089448690414429,0
6129.146573164627,54.74509048461914,0.505207896232605,0
6130.55657527917,55.49382781982422,0.4947706162929535,0
6131.970268085233,56.82445526123047,0.47836175560951233,0
6133.380919787082,56.710418701171875,0.47497814893722534,0
6134.795263880752,56.105106353759766,0.4766179025173187,0
6136.2065654691705,56.552852630615234,0.46593186259269714,0
6137.621561150494,55.535362243652344,0.46863317489624023,0
6139.033512924885,56.346153259277344,0.4582979083061218,0
6140.445789516927,55.16090774536133,0.4726305902004242,0
6141.8617627539525,55.36567687988281,0.47432801127433777,0
6143.274689981151,55.664756774902344,0.46783536672592163,0
6144.691315556375,56.567161560058594,0.4544855058193207,0
6146.104893718478,56.328208923339844,0.456360399723053,0
6147.522171932433,57.38001251220703,0.44811826944351196,0
6148.936401329324,58.52232360839844,0.4345562756061554,0
6150.350956067829,57.96262741088867,0.42920249700546265,0
6151.7692134143845,57.86293029785156,0.4281139373779297,0
6153.1844198375875,57.53316116333008,0.4350564479827881,0
6154.60333057463,54.43735885620117,0.4579649865627289,0
6156.019188982761,54.63345718383789,0.45577260851860046,0
6157.4387534113075,53.424747467041016,0.4472218155860901,0
6158.855264104735,51.05231475830078,0.4930247366428375,0
6160.272100664588,51.136451721191406,0.49148839712142944,0
6161.692645805175,50.12506103515625,0.5093856453895569,0
6163.110135100958,49.96356201171875,0.5187764763832092,0
6164.5313346860175,48.9539909362793,0.5320172905921936,0
6165.949477018448,50.651947021484375,0.5151870846748352,0
6167.371331349483,50.982276916503906,0.5123893022537231,0
6168.790127019413,51.34463882446289,0.49450352787971497,0
6170.209249081423,53.71322250366211,0.4553471505641937,0
6171.6320857064875,54.35858154296875,0.43004539608955383,0
6173.051861557358,55.21106719970703,0.4211789667606354,0
6174.475353682581,56.720130920410156,0.4248524308204651,0
6175.895783623513,53.70272445678711,0.4740367829799652,0
6177.319931550884,55.56759262084961,0.4522765278816223,0
6178.741015883216,54.896820068359375,0.4556273818016052,0
6180.162427134132,55.473541259765625,0.45111092925071716,0
6181.587558940072,54.1865119934082,0.46841275691986084,0
6183.009625034478,56.70638656616211,0.4489854872226715,0
6184.435413397965,55.57883834838867,0.4555622339248657,0
6185.858134637546,54.912715911865234,0.4529716372489929,0
6187.284579861056,55.93348693847656,0.4351615607738495,0
6188.707956547638,57.49911117553711,0.4211146831512451,0
6190.131660680156,58.6258659362793,0.41413384675979614,0
6191.559091369333,56.732749938964844,0.42701685428619385,0
6192.983451401669,55.342044830322266,0.43721267580986023,0
6194.411539707489,55.5504035949707,0.43813368678092957,0
6195.836555941817,56.22911834716797,0.4346201717853546,0
6197.265302167242,56.730220794677734,0.4388163685798645,0
6198.690974905874,53.20991897583008,0.47550514340400696,0
6200.1169756186455,56.8852424621582,0.4395952820777893,0
6201.546708899394,57.356849670410156,0.4260360598564148,0
6202.973366570018,57.25069808959961,0.4292946457862854,0
6204.403758528211,57.98938751220703,0.42784079909324646,0
6205.831073459348,56.246986389160156,0.42688557505607605,0
6207.262124398438,55.67607498168945,0.4335935711860657,0
6208.690096892887,56.879249572753906,0.43900465965270996,0
6210.121807116466,56.232215881347656,0.4416481554508209,0
6211.550437477165,56.254005432128906,0.45077788829803467,0
6212.979396492403,57.33974075317383,0.4492953419685364,0
6214.412095818996,56.45284652709961,0.45395538210868835,0
6215.841713154974,56.05052947998047,0.4622887969017029,0
6217.275072525467,56.11143493652344,0.4649305045604706,0
6218.705348485475,56.67365646362305,0.46389758586883545,0
6220.139368203951,56.033695220947266,0.47027432918548584,0
6221.570303091415,55.31056594848633,0.4736519157886505,0
6223.001567163568,54.94980239868164,0.4772089123725891,0
6224.436577580584,56.45275115966797,0.47283661365509033,0
6225.868501035417,54.890625,0.4939613342285156,0
6227.30417256105,53.487457275390625,0.5058948993682861,0
6228.736755702341,54.48960494995117,0.49731191992759705,0
6230.173088641165,55.05377960205078,0.4872695207595825,0
6231.60633177283,55.67946243286133,0.48813343048095703,0
6233.039904620194,55.40610122680664,0.4906326234340668,0
6234.4772298556545,57.035518646240234,0.45209798216819763,0
6235.911463149349,55.8485107421875,0.43452006578445435,0
6237.349450559865,54.54172897338867,0.4612104296684265,0
6238.784344604158,55.969329833984375,0.4622645676136017,0
6240.222994494791,55.72697448730469,0.46572843194007874,0
6241.658549594091,54.52485656738281,0.4807960093021393,0
6243.094434940954,55.07955551147461,0.48211750388145447,0
6244.5340787289,54.59892654418945,0.49094265699386597,0
6245.970625587462,55.503135681152344,0.49069589376449585,0
6247.410932618618,56.46702194213867,0.48012450337409973,0
6248.848141293637,55.53232192993164,0.4854159653186798,0
6250.28911187356,54.71352767944336,0.496576189994812,0
6251.726982669934,54.521644592285156,0.5164925456047058,0
6253.165184246594,55.22618103027344,0.5250892043113708,0
6254.607150327088,55.125946044921875,0.5275347828865051,0
6256.046014482533,55.41531753540039,0.517106294631958,0
6257.488644876116,55.9185791015625,0.4755968451499939,0
6258.928171915596,55.09162902832031,0.46778133511543274,0
6260.371466928317,55.42496871948242,0.4791133403778076,0
6261.811657157222,54.982303619384766,0.5088105797767639,0
6263.252178699995,55.82129669189453,0.5044000744819641,0
6264.696470819131,54.892234802246094,0.5058223009109497,0
6266.137656009497,55.987396240234375,0.4956572651863098,0
6267.5826135133275,57.66350555419922,0.49496185779571533,0
6269.024462657027,57.267757415771484,0.5019782781600952,0
6270.470085852094,56.202388763427734,0.5200814604759216,0
6271.912599255011,54.9993782043457,0.537554144859314,0
6273.35544450624,55.12118148803711,0.5396710634231567,0
6274.802066416156,56.46517562866211,0.5234947204589844,0
6276.245576385509,54.86491012573242,0.5394715666770935,0
6277.692864753453,55.29368209838867,0.5229958891868591,0
6279.137039747164,53.883544921875,0.5405753254890442,0
6280.584994880173,55.5177001953125,0.5231644511222839,0
6282.029835204619,53.446311950683594,0.5459769368171692,0
6283.475007912683,53.44225311279297,0.5401279926300049,0
6284.923963371571,55.09397506713867,0.5244648456573486,0
6286.369801870016,55.32712936401367,0.5080047845840454,0
6287.819424861996,54.192420959472656,0.5050325393676758,0
6289.265929457552,53.185302734375,0.5275030136108398,0
6290.716220290158,53.76231002807617,0.5401125550270081,0
6292.163391289695,55.36996078491211,0.5409091114997864,0
6293.61089520902,55.56784439086914,0.5312139391899109,0
6295.062187981131,55.24775695800781,0.5144340395927429,0
6296.510358764825,55.5374870300293,0.47772300243377686,0
6297.962320146828,53.1329345703125,0.24605584144592285,8388608
6299.411158102115,57.68398666381836,0.03618582338094711,142606336
6300.863788402039,65.3966293334961,0.011935526505112648,142606336
6302.313293836285,63.027198791503906,0.015932120382785797,142606336
6303.763132727352,54.009098052978516,0.08188807219266891,8388608
6305.216766583012,55.091922760009766,0.23993298411369324,0
6306.667273414168,56.032386779785156,0.42644065618515015,0
6308.121576958257,56.37615966796875,0.4782029092311859,0
6309.572752037223,57.00957489013672,0.4772140383720398,0
6311.027725578265,55.695289611816406,0.5145811438560486,0
6312.479569212902,56.076847076416016,0.5197336077690125,0
6313.931746842259,58.188236236572266,0.48352453112602234,0
6315.3877255578755,56.5917854309082,0.4905588626861572,0
6316.840572204777,55.41780471801758,0.5152271389961243,0
6318.2972216890985,57.57833480834961,0.5029109716415405,0
6319.750737661762,54.81498336791992,0.5284010767936707,0
6321.2080582238095,58.38495635986328,0.4765412211418152,0
6322.662243830593,57.12532043457031,0.48954710364341736,0
6324.120235779532,56.02283477783203,0.4980822205543518,0
6325.575091328935,55.73543930053711,0.49605268239974976,0
6327.030281565945,56.93181228637695,0.5035138130187988,0
6328.489280774739,56.197418212890625,0.5109595656394958,0
6329.945141417202,56.670372009277344,0.4969240725040436,0
6331.40481278624,56.94207000732422,0.4809090793132782,0
6332.86134414301,56.9456672668457,0.48593249917030334,0
6334.321687981956,57.27782440185547,0.5057377815246582,0
6335.778890362031,56.57783889770508,0.521139919757843,0
6337.2364279696,56.043601989746094,0.5244883298873901,0
6338.697780693213,54.97671890258789,0.5346641540527344,0
6340.155989787666,55.094383239746094,0.5289860963821411,0
6341.618015755786,55.84406280517578,0.5224899053573608,0
6343.0768966464775,53.853233337402344,0.540526807308197,0
6344.5395961692675,56.629119873046875,0.5135197639465332,0
6345.999149165695,55.52928924560547,0.5218122601509094,0
6347.45903793037,56.47218322753906,0.5022267699241638,0
6348.922747965262,57.77600860595703,0.49350449442863464,0
6350.3833092999985,56.03428268432617,0.5106329917907715,0
6351.84769366541,56.69271469116211,0.5119116902351379,0
6353.308927880062,56.962440490722656,0.5023407340049744,0
6354.773986886655,56.075923919677734,0.4926398694515228,0
6356.235894291217,56.729576110839844,0.4676818549633026,0
6357.698138005656,55.93439483642578,0.46869587898254395,0
6359.16420915441,53.95454406738281,0.5014723539352417,0
6360.627126523835,56.4750862121582,0.4558846652507782,0
6362.093873090873,58.228790283203125,0.34297415614128113,8388608
6363.557464425637,57.442352294921875,0.216339573264122,8388608
6365.024886722123,54.90580749511719,0.182979017496109,8388608
6366.48915233272,55.337162017822266,0.21828937530517578,8388608
6367.953754795697,54.36323165893555,0.380008339881897,0
6369.422190867032,56.22318649291992,0.4743686318397522,0
6370.88746807167,55.42028045654297,0.5192451477050781,0
6372.356580650807,55.58238220214844,0.5224597454071045,0
6373.822532907958,55.47614288330078,0.5231103897094727,0
6375.292322306564,56.15213394165039,0.5239114761352539,0
6376.758949927224,55.16379928588867,0.5408791303634644,0
6378.225914943642,53.922157287597656,0.5389929413795471,0
6379.69671975242,54.86553955078125,0.5143365859985352,0
6381.164360598926,54.939964294433594,0.5128247737884521,0
6382.635843006781,54.737022399902344,0.5273604393005371,0
6384.104159994729,55.408206939697266,0.531599223613739,0
6385.576320313833,55.63862228393555,0.5252879858016968,0
6387.04531375472,56.152587890625,0.5046800374984741,0
6388.514645135619,56.239830017089844,0.5011976957321167,0
6389.987822502855,55.528038024902344,0.5136950612068176,0
6391.457830804024,54.776004791259766,0.5270994901657104,0
6392.931686863374,58.09400177001953,0.49515002965927124,0
6394.402372396671,57.36037063598633,0.5030719041824341,0
6395.87690746081,57.41413879394531,0.5105317831039429,0
6397.348270538234,56.17484664916992,0.523168683052063,0
6398.8199721008,55.681575775146484,0.5328155755996704,0
6400.295525853674,55.19034194946289,0.5326206684112549,0
6401.767905428454,55.17897415161133,0.525741696357727,0
6403.244138968241,55.443058013916016,0.520512044429779,0
6404.717196867592,54.171504974365234,0.5381051301956177,0
6406.194110507472,55.26596450805664,0.5408046245574951,0
6407.667847043899,56.720462799072266,0.5257073044776917,0
6409.1419226114795,55.17839431762695,0.5453639030456543,0
6410.619856583343,56.121952056884766,0.5335826277732849,0
6412.094611256839,56.81555938720703,0.5153173804283142,0
6413.573226112183,55.541751861572266,0.5294244289398193,0
6415.0486602044575,54.49021530151367,0.544477641582489,0
6416.527956256964,55.18682861328125,0.5297905206680298,0
6418.004070081025,55.98960494995117,0.5179772973060608,0
6419.480523483132,56.29844284057617,0.5188565254211426,0
6420.960841513523,56.504337310791016,0.5284037590026855,0
6422.437975117012,54.737762451171875,0.5530865788459778,0
6423.918975129217,55.40329360961914,0.5534746050834656,0
6425.3967892474575,56.30476760864258,0.5439319610595703,0
6426.878471555666,54.97815704345703,0.5576004385948181,0
6428.35696650217,55.251670837402344,0.5577126741409302,0
6429.835801574493,55.86952590942383,0.5477771162986755,0
6431.3185075091405,56.758968353271484,0.5384535193443298,0
6432.79802388008,56.386627197265625,0.5471543669700623,0
6434.281412896648,54.34339141845703,0.569279134273529,0
6435.761610880079,55.868255615234375,0.5503472685813904,0
6437.245683293265,56.03126525878906,0.5453409552574158,0
6438.726563203205,55.248817443847656,0.5560923218727112,0
6440.211319327847,55.12764358520508,0.5582572221755981,0
6441.69288147846,53.422183990478516,0.5825574398040771,0
6443.174784460497,52.82414627075195,0.5945690274238586,0
6444.660566335137,51.26178741455078,0.6125965118408203,0
6446.143152029176,50.51084899902344,0.6283867955207825,0
6447.6296184028215,49.84553909301758,0.6399666666984558,0
6449.112887123388,50.57815170288086,0.6322486400604248,0
6450.600038311386,52.44051742553711,0.6083939671516418,0
6452.0839903731485,53.168426513671875,0.5889303684234619,0
6453.568283816132,52.72962951660156,0.5807807445526123,0
6455.056462408768,52.92457580566406,0.5774885416030884,0
6456.541439665038,55.36644744873047,0.5575072765350342,0
6458.030303860845,54.62148666381836,0.5668174624443054,0
6459.515965245433,55.07982635498047,0.562107503414154,0
6461.00551536027,54.220130920410156,0.5794524550437927,0
6462.491861188352,56.31930160522461,0.5471584796905518,0
6463.97854894834,53.72987365722656,0.5676434636116028,0
6465.469128125123,53.589599609375,0.5529573559761047,0
6466.956500801456,54.94544982910156,0.5327567458152771,0
6468.447766687359,54.00552749633789,0.5453486442565918,0
6469.93582459558,53.92053985595703,0.5404349565505981,0
6471.4277775069695,52.30424118041992,0.5545350313186646,0
6472.916520962763,51.8271484375,0.5645169019699097,0
6474.405606902032,53.88142395019531,0.5655359029769897,0
6475.898590535348,53.15520095825195,0.5826513171195984,0
6477.388362495803,52.544891357421875,0.5853490829467773,0
6478.8820339459735,55.01780700683594,0.5556766986846924,0
6480.372492243664,55.28211975097656,0.5523332953453064,0
6481.866851827563,54.453224182128906,0.5724660158157349,0
6483.3579967786845,53.5989990234375,0.5846167206764221,0
6484.849484765744,53.956031799316406,0.5796940922737122,0
6486.34487673423,53.63056945800781,0.5820333361625671,0
6487.8370518490965,53.99073028564453,0.5798885226249695,0
6489.333132743954,55.76627731323242,0.5606040358543396,0
6490.825995303188,53.652435302734375,0.5825931429862976,0
6492.322765441804,55.444007873535156,0.5583171844482422,0
6493.816315762113,52.92900085449219,0.5808683633804321,0
6495.31020967171,53.035762786865234,0.5835335850715637,0
6496.808013860255,53.94478225708008,0.5594300627708435,0
6498.302596006069,53.54765701293945,0.533440351486206,0
6499.801090232293,54.302040100097656,0.5035382509231567,0
6501.296360931392,52.959991455078125,0.5309641361236572,0
6502.795545513197,52.97929382324219,0.5608268976211548,0
6504.291505082798,54.508697509765625,0.37546926736831665,0
6505.7878087959325,52.81238555908203,0.3795536458492279,0
6507.288029095694,53.499107360839844,0.5563249588012695,0
6508.78502215524,53.68257141113281,0.5666724443435669,0
6510.285933605783,53.580047607421875,0.5706283450126648,0
6511.7836163293205,54.52704620361328,0.5640957951545715,0
6513.285219249057,51.63821792602539,0.5960719585418701,0
6514.783591954317,51.62214660644531,0.5873892903327942,0
6516.282309358247,53.00621032714844,0.5720453262329102,0
6517.78494966666,53.06332778930664,0.5796505808830261,0
6519.284357528989,51.229042053222656,0.5984868407249451,0
6520.7876901030795,52.358436584472656,0.5778861045837402,0
6522.2877887419,53.70835494995117,0.5546920895576477,0
6523.791813900594,54.88368606567383,0.5432488322257996,0
6525.292603634146,52.81725311279297,0.5738480091094971,0
6526.793738622404,51.744384765625,0.5938388705253601,0
6528.298802843189,52.15420150756836,0.5890936255455017,0
6529.800629403624,52.531654357910156,0.5724092125892639,0
6531.306387006782,52.74697494506836,0.5473018288612366,0
6532.808905458001,52.741539001464844,0.5166066288948059,0
6534.315356762974,52.54643249511719,0.5229306221008301,0
6535.818567423731,50.74962615966797,0.5608726739883423,0
6537.322123896126,53.05864334106445,0.5763224959373474,0
6538.829615939302,52.08790969848633,0.5957397818565369,0
6540.333865099451,53.09797286987305,0.5803532600402832,0
6541.842051643496,52.79982376098633,0.5759087800979614,0
6543.34699381052,51.8639030456543,0.5793448090553284,0
6544.855875175392,53.03721237182617,0.5516858696937561,0
6546.361510668558,51.929603576660156,0.5641190409660339,0
6547.867492531191,51.97705841064453,0.5796248316764832,0
6549.377416313084,52.26434326171875,0.589480459690094,0
6550.884091980847,53.2033576965332,0.5786460041999817,0
6552.394711383909,54.0240364074707,0.5443357229232788,0
6553.9020811764385,53.56474304199219,0.5217321515083313,0
6555.413396521145,54.932655334472656,0.5120543241500854,0
6556.921460758223,55.1865234375,0.5327103734016418,0
6558.433472365191,53.81590270996094,0.5597237944602966,0
6559.942231366748,53.84231185913086,0.5564045310020447,0
6561.45133745633,54.07382583618164,0.5424265265464783,0
6562.964393642861,55.07590866088867,0.5230686664581299,0
6564.474194976903,54.2169075012207,0.5332174897193909,0
6565.987948227702,54.31440353393555,0.5366721749305725,0
6567.498445126504,54.605560302734375,0.5502877235412598,0
6569.012895762707,52.430519104003906,0.5853800773620605,0
6570.524088546713,53.19621276855469,0.5764228105545044,0
6572.035628978634,52.13606643676758,0.5916600823402405,0
6573.551125879412,53.825801849365234,0.5526151657104492,0
6575.063362677293,53.96278762817383,0.5456095337867737,0
6576.579557766776,55.50194549560547,0.5230847001075745,0
6578.092491251433,54.885841369628906,0.5180352330207825,0
6579.609384851274,55.64134979248047,0.5189092755317688,0
6581.12301534367,53.03258514404297,0.3635026812553406,0
6582.636994044771,54.92098617553711,0.36682310700416565,0
6584.154935596919,57.40035629272461,0.5168890953063965,0
6585.669611787292,57.49887466430664,0.5121657252311707,0
6587.188252654393,59.719696044921875,0.49332576990127563,0
6588.703626655367,60.5036506652832,0.4856284260749817,0
6590.222967159596,58.57997512817383,0.5034360289573669,0
6591.7390392926545,58.54810333251953,0.5079488754272461,0
6593.255460196115,56.569618225097656,0.5244386792182922,0
6594.775850343105,54.98396682739258,0.546828031539917,0
6596.292969860957,55.086952209472656,0.5556151270866394,0
6597.814060450967,56.215553283691406,0.5433990955352783,0
6599.331878905061,54.28810501098633,0.5685305595397949,0
6600.853670260784,55.87435531616211,0.548664927482605,0
6602.372187973121,54.67576599121094,0.5605776906013489,0
6603.891055018462,53.94646072387695,0.5681276321411133,0
6605.4138977101275,55.731571197509766,0.5462656617164612,0
6606.933464496796,53.17640686035156,0.5767620205879211,0
6608.457008761368,53.328365325927734,0.5817679762840271,0
6609.9772756117345,54.74113845825195,0.5727311372756958,0
6611.501521772428,54.735687255859375,0.5731794834136963,0
6613.022489009011,53.21589279174805,0.59040766954422,0
6614.543806142109,53.91349792480469,0.5848391652107239,0
6616.069105334656,54.95614242553711,0.572860598564148,0
6617.591123337836,56.37357711791992,0.5534549951553345,0
6619.117125234998,57.109439849853516,0.5413097739219666,0
6620.63984443115,54.85836410522461,0.5595515966415405,0
6622.1665493566625,54.901920318603516,0.5616159439086914,0
6623.689970068827,55.86126708984375,0.5591568946838379,0
6625.213741241924,57.18113708496094,0.5422243475914001,0
6626.741500897939,54.51397705078125,0.5758846998214722,0
6628.265974071693,54.503414154052734,0.5793535709381104,0
6629.794437565857,54.07501983642578,0.5809943675994873,0
6631.31961306368,55.941619873046875,0.5606900453567505,0
6632.848780720251,55.58826446533203,0.5606168508529663,0
6634.374658865702,55.39666748046875,0.5524113178253174,0
6635.900888037416,56.5910758972168,0.5431239604949951,0
6637.431112125878,56.887237548828125,0.5430191159248352,0
6638.9580444306475,56.14315414428711,0.5497763156890869,0
6640.488973492621,55.83984375,0.5610507726669312,0
6642.01660925438,54.730072021484375,0.5852584838867188,0
6643.548243614647,55.5056037902832,0.5843312740325928,0
6645.076583157476,55.63029861450195,0.5826740860939026,0
6646.605274292809,54.35038757324219,0.5923652052879333,0
6648.1379667891,53.879825592041016,0.5935144424438477,0
6649.667362191713,53.65380096435547,0.6051881909370422,0
6651.200760798711,53.45878982543945,0.6088448166847229,0
6652.730860793062,54.83399963378906,0.5895687937736511,0
6654.26496583607,56.18183135986328,0.5666590929031372,0
6655.795770746762,55.759952545166016,0.5795173645019531,0
6657.326927817114,56.23081588745117,0.5792831778526306,0
6658.862092703026,55.12349319458008,0.5863803029060364,0
6660.393955176714,55.857059478759766,0.5648458003997803,0
6661.929827312362,56.296478271484375,0.5532284379005432,0
6663.462395514365,55.40435028076172,0.5689795613288879,0
6664.998975225578,56.996273040771484,0.5619099140167236,0
6666.532249481024,56.97401428222656,0.564373791217804,0
6668.065876464199,57.770668029785156,0.5541479587554932,0
6669.603517727952,57.951995849609375,0.548324704170227,0
6671.137851252351,58.38357925415039,0.5404223799705505,0
6672.676200906704,56.56809997558594,0.5592280626296997,0
6674.2112412978295,57.418739318847656,0.5560657382011414,0
6675.75029966914,56.701534271240234,0.5601745247840881,0
6677.286047252646,57.98194885253906,0.5495820641517639,0
6678.825814667418,58.364158630371094,0.5419225096702576,0
6680.362269769109,57.66318130493164,0.5556297302246094,0
6681.899078330276,57.47541427612305,0.5528278946876526,0
6683.439909499826,57.54584884643555,0.5447459816932678,0
6684.977426067969,58.126319885253906,0.5394134521484375,0
6686.518967097708,57.37160110473633,0.5437474846839905,0
6688.057191999004,57.395729064941406,0.5544931888580322,0
6689.599443215966,57.27635955810547,0.5642604231834412,0
6691.138376776746,56.5446662902832,0.5717658996582031,0
6692.677664367168,58.325382232666016,0.5482305884361267,0
6694.220981054852,56.968910217285156,0.572175145149231,0
6695.760977794338,56.80787658691406,0.5713396072387695,0
6697.305005487288,57.35729217529297,0.5600055456161499,0
6698.845711702543,59.468727111816406,0.5343456268310547,0
6700.39045072832,57.34744644165039,0.5549898147583008,0
6701.931866746196,57.17365646362305,0.5541958808898926,0
6703.473637364802,58.80704879760742,0.5376337766647339,0
6705.019443580015,56.39483642578125,0.5696984529495239,0
6706.561924491614,55.83198547363281,0.5707584023475647,0
6708.1084428590175,56.142337799072266,0.560026228427887,0
6709.6516343908415,56.77022171020508,0.5583335161209106,0
6711.1988652385235,57.622222900390625,0.5575703382492065,0
6712.742767717955,57.583595275878906,0.5594208836555481,0
6714.287025370122,57.856510162353516,0.5574595928192139,0
6715.835325128726,56.763397216796875,0.5099875330924988,0
6717.380294219663,56.57914352416992,0.3845779299736023,0
6718.929307279231,58.43180847167969,0.3673555850982666,0
6720.474988136694,58.45903778076172,0.5441495776176453,0
6722.024714825846,58.76240921020508,0.5340351462364197,0
6723.571107777748,60.170257568359375,0.5114288926124573,0
6725.117856475315,60.64162826538086,0.5048652291297913,0
6726.668653799651,57.50408935546875,0.5502762198448181,0
6728.216115083611,58.61824035644531,0.5417824983596802,0
6729.767626859539,59.27886199951172,0.5292852520942688,0
6731.315801058178,58.98857116699219,0.523440420627594,0
6732.868027614846,60.63025665283203,0.502275288105011,0
6734.416915056605,57.84054946899414,0.5382788181304932,0
6735.966158817885,58.65263366699219,0.5316057801246643,0
6737.51945773678,60.442195892333984,0.5159207582473755,0
6739.0694152339265,58.778507232666016,0.5329698920249939,0
6740.623429756898,60.4503059387207,0.5128591656684875,0
6742.174101318728,60.03067398071289,0.5185152888298035,0
6743.728831775454,58.604251861572266,0.5277508497238159,0
6745.280217730937,59.137332916259766,0.5271549820899963,0
6746.831960580721,58.87139892578125,0.5257774591445923,0
6748.387765129504,58.93857192993164,0.5194660425186157,0
6749.940222866484,59.850433349609375,0.505066454410553,0
6751.496744173685,61.74167251586914,0.48584797978401184,0
6753.049917127209,62.38307189941406,0.47896572947502136,0
6754.607155523038,61.8370475769043,0.487083375453949,0
6756.161044022604,61.91057205200195,0.48643773794174194,0
6757.7152899921775,62.9577751159668,0.47392359375953674,0
6759.273604212686,64.01680755615234,0.47187960147857666,0
6760.828566222641,63.41970443725586,0.46834951639175415,0
6762.387598357772,64.6329345703125,0.458016961812973,0
6763.943276737987,64.69276428222656,0.45523250102996826,0
6765.503027118484,66.25704193115234,0.4423440098762512,0
6767.059422198991,65.14422607421875,0.4539297819137573,0
6768.616175326142,67.94148254394531,0.425383061170578,0
6770.177003266733,69.00824737548828,0.4139626622200012,0
6771.734473589311,68.86347961425781,0.41508159041404724,0
6773.296020602594,68.51082611083984,0.41794049739837646,0
6774.854208451011,69.660888671875,0.4086495339870453,0
6776.416474868262,69.9515151977539,0.40550655126571655,0
6777.975380573083,69.36489868164062,0.4091367721557617,0
6779.534644902113,70.02127838134766,0.40573811531066895,0
6781.097990617673,69.07057189941406,0.41081249713897705,0
6782.657973299039,70.69996643066406,0.39878031611442566,0
6784.222039247229,70.97341918945312,0.3921467661857605,0
6785.782740611877,72.27484893798828,0.38670429587364197,0
6787.347527124508,71.22846221923828,0.3890744149684906,0
6788.908947503534,71.28977966308594,0.3917127847671509,0
6790.470727085268,71.0853271484375,0.3932427763938904,0
6792.036594637226,69.53116607666016,0.40592077374458313,0
6793.599093730072,68.75165557861328,0.4098837971687317,0
6795.165682676467,69.76366424560547,0.4016300439834595,0
6796.728901611906,70.56366729736328,0.39294812083244324,0
6798.296212285087,70.68563842773438,0.3905021846294403,0
6799.860151394747,73.05987548828125,0.3774510622024536,0
6801.428184127211,73.53479766845703,0.37518778443336487,0
6802.992843742878,73.93128204345703,0.37144696712493896,0
6804.557863306433,74.71401977539062,0.36226800084114075,0
6806.126979320889,77.83771514892578,0.342012494802475,0
6807.692719888216,76.44908142089844,0.3482188284397125,0
6809.262558793676,76.54855346679688,0.3495507538318634,0
6810.829020696939,75.42479705810547,0.3560457229614258,0
6812.399582826439,77.0974349975586,0.3454618752002716,0
6813.966766397958,76.84127807617188,0.3478410840034485,0
6815.534310497998,78.88419342041016,0.3366794288158417,0
6817.105957656934,77.80435943603516,0.3410590887069702,0
6818.674223923798,77.68958282470703,0.3386784493923187,0
6820.246595139835,78.78718566894531,0.33220285177230835,0
6821.815583906225,77.78570556640625,0.3388047218322754,0
6823.388679512936,78.80301666259766,0.33096373081207275,0
6824.958391111706,81.94129180908203,0.31587788462638855,0
6826.528463820568,81.89520263671875,0.3090384304523468,0
6828.102646206977,80.463134765625,0.3005388379096985,0
6829.673442247591,80.71174621582031,0.29479554295539856,0
6831.24834985908,79.16134643554688,0.3067866861820221,0
6832.819869564685,78.14295959472656,0.32028356194496155,0
6834.395502735364,77.67118835449219,0.31770259141921997,0
6835.967746439353,78.36988067626953,0.31081444025039673,0
6837.540351835939,79.16287994384766,0.3157108724117279,0
6839.1170735394035,78.17571258544922,0.3326454162597656,0
6840.690403434551,78.30097198486328,0.33289727568626404,0
6842.267851532956,80.64525604248047,0.3174785375595093,0
6843.841906260441,83.43022918701172,0.3025413751602173,0
6845.420081088438,82.44548034667969,0.30648887157440186,0
6846.994860982189,83.7108154296875,0.3023874759674072,0
6848.570003151984,84.0729751586914,0.3009895980358124,0
6850.149268268681,81.29412078857422,0.3169575333595276,0
6851.725136105728,80.22523498535156,0.32642507553100586,0
6853.305128789117,81.04523468017578,0.3217604160308838,0
6854.881722627729,80.11798858642578,0.3293417692184448,0
6856.462443212997,79.17796325683594,0.3333396911621094,0
6858.039763387643,82.98152160644531,0.309717059135437,0
6859.617446422722,85.68232727050781,0.2919842004776001,0
6861.199259055439,93.06962585449219,0.2571024000644684,0
6862.777668928345,101.0194320678711,0.21552975475788116,0
6864.360210301391,97.7533950805664,0.2021038979291916,0
6865.939347346976,93.82563018798828,0.2094596028327942,0
6867.522617796083,94.7231674194336,0.22396638989448547,0
6869.102482349357,90.20738220214844,0.24282678961753845,0
6870.682710348396,82.35262298583984,0.2656750977039337,0
6872.267074606534,77.50897216796875,0.28827378153800964,0
6873.848030615863,75.99726104736328,0.3077928423881531,0
6875.4331247898635,75.68887329101562,0.322894811630249,0
6877.0148091448755,75.3583984375,0.33051037788391113,0
6878.600633571011,78.93759155273438,0.3172866404056549,0
6880.183046607256,82.73475646972656,0.2976589798927307,0
6881.765823675541,87.52434539794922,0.27571195363998413,0
6883.352743675133,95.22037506103516,0.24547438323497772,0
6884.936249928062,98.56303405761719,0.23183320462703705,0
6886.523901020947,94.8382797241211,0.24347944557666779,0
6888.108136794456,90.0915756225586,0.2586269676685333,0
6889.6965193174465,87.72871398925781,0.26835140585899353,0
6891.281484947626,84.45849609375,0.2831467390060425,0
6892.866815197066,79.1762924194336,0.3129206895828247,0
6894.456295060785,75.65363311767578,0.3399199843406677,0
6896.042355671119,75.31067657470703,0.3397485017776489,0
6897.632567807459,76.25298309326172,0.33853790163993835,0
6899.219359115164,74.33067321777344,0.34934425354003906,0
6900.810303861481,74.97750854492188,0.3405013382434845,0
6902.397826203189,74.76913452148438,0.3364534080028534,0
6903.985713752326,75.20857238769531,0.3416464030742645,0
6905.577757609495,74.44557189941406,0.3586570620536804,0
6907.166376697673,73.63035583496094,0.3674750030040741,0
6908.759154008692,72.56356811523438,0.37750518321990967,0
6910.348504972931,72.64044952392578,0.3750532567501068,0
6911.942016075702,73.34175872802734,0.3650650680065155,0
6913.532099253177,72.088134765625,0.3672123849391937,0
6915.122548227197,71.83330535888672,0.370604008436203,0
6916.717160213799,72.07198333740234,0.37896156311035156,0
6918.308341906907,72.17893981933594,0.379446804523468,0
6919.903688530494,73.92655181884766,0.36869028210639954,0
6921.495603280255,70.85602569580078,0.3778019845485687,0
6923.091684879276,71.40958404541016,0.36217042803764343,0
6924.684333023406,70.00590515136719,0.3654445707798004,0
6926.2811499364625,68.21349334716797,0.38828325271606445,0
6927.8745318128385,69.63235473632812,0.3985100984573364,0
6929.4682802446205,69.94071197509766,0.40087923407554626,0
6931.066200325341,69.98048400878906,0.4052742123603821,0
6932.66068299627,69.3893814086914,0.41284170746803284,0
6934.259339238014,67.87279510498047,0.4257378876209259,0
6935.854556486353,68.37647247314453,0.4218699634075165,0
6937.45394922827,68.28512573242188,0.41883382201194763,0
6939.04990139244,67.123779296875,0.4136991500854492,0
6940.646220703308,68.738525390625,0.3964959383010864,0
6942.24671839241,69.36148834228516,0.3953726589679718,0
6943.843773126828,67.13290405273438,0.4211575388908386,0
6945.445008164456,66.85623168945312,0.43317970633506775,0
6947.042798661233,66.3008041381836,0.4306755065917969,0
6948.644771387084,65.51117706298828,0.415061891078949,0
6950.243297985186,64.84423065185547,0.4108481705188751,0
6951.8421923222295,63.620018005371094,0.4325266182422638,0
6953.4452717776585,63.911373138427734,0.4588400721549988,0
6955.044902724566,62.86441421508789,0.4756396412849426,0
6956.648720717941,63.684600830078125,0.46844959259033203,0
6958.249088614067,62.252681732177734,0.47887659072875977,0
6959.85364548563,63.662864685058594,0.4689343571662903,0
6961.454750670488,62.84284210205078,0.47366806864738464,0
6963.056224187489,61.27560043334961,0.49304914474487305,0
6964.661889573898,60.33613586425781,0.5001432299613953,0
6966.26410088899,61.48521041870117,0.48989465832710266,0
6967.870506004681,57.68840789794922,0.5234584808349609,0
6969.473455457766,57.508445739746094,0.5190529823303223,0
6971.080600643533,60.037742614746094,0.4856531322002411,0
6972.684288574671,60.237239837646484,0.479900598526001,0
6974.28834543211,60.394996643066406,0.4932880997657776,0
6975.896600920871,59.025115966796875,0.5171477794647217,0
6977.501396766543,58.96734619140625,0.49314752221107483,0
6979.110393177845,59.22356414794922,0.4662177264690399,0
6980.715928352202,60.23141098022461,0.4641778767108917,0
6982.325666027389,58.47990417480469,0.4978086054325104,0
6983.931940871041,58.527374267578125,0.5086082816123962,0
6985.538585236109,57.298606872558594,0.5284833908081055,0
6987.149435005321,57.96005630493164,0.5274984836578369,0
6988.7568195506865,57.584346771240234,0.5264886617660522,0
6990.368411437623,58.1256103515625,0.5183471441268921,0
6991.976536504287,59.360477447509766,0.5091843605041504,0
6993.588870850842,58.30550765991211,0.5218273997306824,0
6995.197736779962,56.834815979003906,0.5394396185874939,0
6996.806972826574,55.938167572021484,0.5488765239715576,0
6998.420421061077,56.91501998901367,0.5422431826591492,0
7000.030398481973,57.967918395996094,0.5315752029418945,0
7001.644590031312,56.57569122314453,0.5435945391654968,0
7003.255309168042,56.833621978759766,0.5401846170425415,0
7004.870244374663,56.81844711303711,0.5367295145988464,0
7006.481705568936,55.17436981201172,0.5532418489456177,0
7008.09353747774,55.597354888916016,0.5532819628715515,0
7009.709588369123,55.26168441772461,0.5603321194648743,0
7011.322162848122,56.728031158447266,0.5398053526878357,0
7012.938958253385,56.53404235839844,0.5278418064117432,0
7014.552275644683,55.047882080078125,0.5415533185005188,0
7016.169815906822,56.72040939331055,0.5330622792243958,0
7017.783876552677,58.94313430786133,0.5030113458633423,0
7019.398308511062,56.85056686401367,0.5002458095550537,0
7021.016966257678,60.114280700683594,0.49142396450042725,0
7022.632141984101,61.60625457763672,0.4763236939907074,0
7024.251545445572,61.69582748413086,0.48135343194007874,0
7025.867465282688,62.62360382080078,0.4739939868450165,0
7027.487614802566,60.328277587890625,0.5002105832099915,0
7029.104279093184,61.598594665527344,0.4894023537635803,0
7030.721315295297,59.364559173583984,0.5181924104690552,0
7032.342584102268,56.18653106689453,0.5590702891349792,0
7033.9603652721935,58.23138427734375,0.5333119034767151,0
7035.582380996935,58.028282165527344,0.5312979221343994,0
7037.200907477878,62.02521514892578,0.4870874583721161,0
7038.823670464495,65.02869415283203,0.4495242238044739,0
7040.4429425998205,64.78804779052734,0.4506038725376129,0
7042.066453192577,61.206642150878906,0.48310476541519165,0
7043.686471325807,61.09135055541992,0.4889111816883087,0
7045.306862142081,58.18756866455078,0.5227146148681641,0
7046.93149434394,56.52827453613281,0.5432243943214417,0
7048.552631673494,53.822265625,0.5720368027687073,0
7050.17801234264,53.705657958984375,0.5634642839431763,0
7051.799896529393,54.234188079833984,0.560501217842102,0
7053.426026010641,52.93069076538086,0.596023678779602,0
7055.04865739867,52.781253814697266,0.6074246764183044,0
7056.671662070918,54.19682312011719,0.5929803848266602,0
7058.298914970541,53.610294342041016,0.5902512669563293,0
7059.922667360272,53.19715881347656,0.5972328186035156,0
7061.550669934533,53.5710563659668,0.6009908318519592,0
7063.17517038622,53.02559280395508,0.6073155999183655,0
7064.803922980496,53.82712173461914,0.6005876660346985,0
7066.429171838771,52.9521484375,0.6088719367980957,0
7068.05479458341,52.214996337890625,0.6037195324897766,0
7069.684672408249,53.889793395996094,0.5684986710548401,0
7071.311044076516,55.43877029418945,0.5611429214477539,0
7072.941672785296,54.86387252807617,0.5762311816215515,0
7074.568793722218,54.31050491333008,0.5870006084442139,0
7076.200173660872,54.5630989074707,0.5790188312530518,0
7077.828044211639,53.54098892211914,0.5945148468017578,0
7079.456289251887,53.39912796020508,0.6003304123878479,0
7081.088796236215,54.32006072998047,0.5935435891151428,0
7082.717791408181,54.16733169555664,0.5945478081703186,0
7084.351050487703,53.807708740234375,0.5962278842926025,0
7085.9807961369725,54.5628776550293,0.5880873799324036,0
7087.614807658178,54.014766693115234,0.5925290584564209,0
7089.245304130496,53.4391975402832,0.6026673913002014,0
7090.876175696384,54.6999397277832,0.5913289785385132,0
7092.511316081303,55.5553092956543,0.5839570760726929,0
7094.14293898895,53.130699157714844,0.6158686876296997,0
7095.778832682269,52.506866455078125,0.6254181861877441,0
7097.411207277815,54.04850387573242,0.6052460670471191,0
7099.047854626583,54.257606506347656,0.5952226519584656,0
7100.6809812563315,53.647926330566406,0.5994292497634888,0
7102.314483584715,54.86833190917969,0.5909262895584106,0
7103.95226161817,55.331459045410156,0.5905903577804565,0
7105.5865165003015,53.414772033691406,0.6104538440704346,0
7107.225049057321,55.111873626708984,0.5876404047012329,0
7108.8600568399015,53.33992004394531,0.6133291125297546,0
7110.4993442680925,53.27880859375,0.6170889735221863,0
7112.1351052979835,53.798580169677734,0.6069539189338684,0
7113.771242632551,55.596031188964844,0.5878471732139587,0
7115.411662569339,53.69367980957031,0.6208481788635254,0
7117.0485536716,55.70720672607422,0.5900803208351135,0
7118.689729349075,55.823699951171875,0.5919594764709473,0
7120.32737456629,54.10820007324219,0.6184525489807129,0
7121.969306332622,53.36006546020508,0.6318421959877014,0
7123.6077060122125,54.35445022583008,0.6116207838058472,0
7125.246482603497,54.18254470825195,0.607603132724762,0
7126.889548705278,54.50844955444336,0.6015085577964783,0
7128.52908028016,53.18326187133789,0.6117287874221802,0
7130.172903341715,54.458961486816406,0.5917790532112122,0
7131.813190248017,54.06058883666992,0.6024510264396667,0
7133.457770618077,53.23902893066406,0.633348286151886,0
7135.098813203779,52.10884475708008,0.6446378827095032,0
7136.740233309172,55.51647186279297,0.5994626879692078,0
7138.385949844479,55.50539779663086,0.5897566676139832,0
7140.028126151336,53.117919921875,0.6318166255950928,0
7141.674600867472,52.36665344238281,0.6434764862060547,0
7143.317533724175,53.135746002197266,0.6158255934715271,0
7144.964766970431,53.87751007080078,0.5931180715560913,0
7146.608456725522,53.00835418701172,0.6076751351356506,0
7148.252524609282,54.14213943481445,0.6032290458679199,0
7149.900895853537,53.64893341064453,0.6122248768806458,0
7151.545721158591,55.035037994384766,0.6042568683624268,0
7153.1948518066965,54.52273178100586,0.6138063669204712,0
7154.840434881989,53.396522521972656,0.6296678185462952,0
7156.490325283802,52.741397857666016,0.6365505456924438,0
7158.136666478437,53.35039138793945,0.6262525916099548,0
7159.7833864117,54.0146598815918,0.6180562973022461,0
7161.434416647219,54.34719467163086,0.6152043342590332,0
7163.081895223575,52.544437408447266,0.6327944993972778,0
7164.733686087941,53.0628776550293,0.6315199732780457,0
7166.381923656896,52.902488708496094,0.6308038234710693,0
7168.03447550053,53.465606689453125,0.6215739250183105,0
7169.683472411752,53.90121078491211,0.6138395071029663,0
7171.336785585237,53.444053649902344,0.6189042329788208,0
7172.986542188553,53.97224807739258,0.6149759888648987,0
7174.636678316209,53.10227584838867,0.617953360080719,0
7176.291133688035,53.99864196777344,0.6097451448440552,0
7177.942030032623,53.346778869628906,0.6149126291275024,0
7179.597247611255,52.89255905151367,0.6238513588905334,0
7181.248904523005,53.30500030517578,0.6163422465324402,0
7182.904884659591,52.690452575683594,0.6251311302185059,0
7184.557302488897,53.604854583740234,0.616216242313385,0
7186.210100454754,53.45602035522461,0.6090660691261292,0
7187.867224632165,54.45119094848633,0.596103310585022,0
7189.52078404126,53.84872817993164,0.6031738519668579,0
7191.178671654994,53.48078918457031,0.6100630760192871,0
7192.832992858126,53.60164260864258,0.5998220443725586,0
7194.491644259897,51.84653091430664,0.602600634098053,0
7196.146727608023,53.00142288208008,0.5981893539428711,0
7197.802191705898,53.653289794921875,0.6014830470085144,0
7199.461988993948,53.46636199951172,0.6033257842063904,0
7201.118215763348,53.24220275878906,0.601879894733429,0
7202.778777719222,54.754886627197266,0.5809464454650879,0
7204.43576751151,52.68239212036133,0.6100874543190002,0
7206.097094487489,53.3505744934082,0.608474850654602,0
7207.754847654189,56.66301727294922,0.567870020866394,0
7209.412982184826,54.29828643798828,0.5950402617454529,0
7211.075456895516,54.86152267456055,0.5876792073249817,0
7212.734355327945,56.134666442871094,0.5726489424705505,0
7214.397595939947,56.038700103759766,0.5771271586418152,0
7216.057258626098,53.9100456237793,0.6026020646095276,0
7217.7212654922605,53.345306396484375,0.608828604221344,0
7219.381692784224,54.37742233276367,0.5898905396461487,0
7221.042502055304,55.80608367919922,0.5608651041984558,0
7222.707658507591,53.96237564086914,0.5856959223747253,0
7224.369232912714,55.289676666259766,0.5672928094863892,0
7226.03515650179,53.76317596435547,0.5761916637420654,0
7227.697496393454,54.109073638916016,0.569514811038971,0
7229.364187472737,53.71961975097656,0.578320324420929,0
7231.027293203601,53.014915466308594,0.5942319631576538,0
7232.690781529754,53.774749755859375,0.5855375528335571,0
7234.358624049561,54.490116119384766,0.571557343006134,0
7236.022878743996,53.31752395629883,0.5654921531677246,0
7237.691489638061,53.60474395751953,0.5394497513771057,0
7239.356511053846,53.78681182861328,0.4917463958263397,0
7241.025890676158,52.94667053222656,0.4450370967388153,0
7242.69167916652,54.0223503112793,0.4257618188858032,0
7244.357850869334,51.45496368408203,0.44564124941825867,0
7246.028383789562,54.317806243896484,0.4088086187839508,0
7247.69532309689,55.96877670288086,0.4049399197101593,0
7249.3666256308425,52.673500061035156,0.5226704478263855,0
7251.034332896319,55.182987213134766,0.5542699694633484,0
7252.706405398557,54.294612884521484,0.5452287197113037,0
7254.37488097598,53.98870086669922,0.5243253707885742,0
7256.043740384017,54.515838623046875,0.5069038271903992,0
7257.716968044558,54.84748458862305,0.5156253576278687,0
7259.386596295333,56.587581634521484,0.5083757638931274,0
7261.060594811063,54.05506896972656,0.549313485622406,0
7262.730992258782,52.74185562133789,0.583245038986206,0
7264.405761984835,53.57255935668945,0.5638973712921143,0
7266.076928983866,55.2418098449707,0.539522111415863,0
7267.74848043267,53.496063232421875,0.5711857676506042,0
7269.424407180413,54.31646728515625,0.5548303127288818,0
7271.096728712177,52.89228439331055,0.5769082903862,0
7272.773427558579,53.00275802612305,0.5723664164543152,0
7274.446519528079,55.47277069091797,0.5071203112602234,0
7276.123990828844,58.3939323425293,0.32014894485473633,0
7277.7978535910215,55.45833206176758,0.2695622146129608,0
7279.472101423128,53.52454376220703,0.3855833411216736,0
7281.150731611979,54.728538513183594,0.5161058902740479,0
7282.825750769267,54.27523422241211,0.5360469818115234,0
7284.505154302251,57.36741638183594,0.4323731064796448,0
7286.180945140071,55.51833724975586,0.43236851692199707,0
7287.861122373466,52.24874496459961,0.508654773235321,0
7289.537685247331,51.8004150390625,0.5815656781196594,0
7291.214633812281,54.795841217041016,0.5414610505104065,0
7292.8959718031665,54.214839935302734,0.5486015677452087,0
7294.573692937525,55.91202926635742,0.5273235440254211,0
7296.255805520026,54.09682846069336,0.535415530204773,0
7297.934299579717,52.91158676147461,0.5474701523780823,0
7299.617187110686,51.97514343261719,0.5846897959709167,0
7301.2964544517945,53.558692932128906,0.5727332830429077,0
7302.980117288253,55.3822021484375,0.5122939944267273,0
7304.660158267028,54.4666862487793,0.4662732779979706,0
7306.3405857370235,55.41545104980469,0.48481008410453796,0
7308.025411739015,54.33405685424805,0.5304944515228271,0
7309.7066133811495,53.092098236083984,0.5533370971679688,0
7311.392215581681,55.14265823364258,0.5403231978416443,0
7313.074191752615,54.83060073852539,0.5380479097366333,0
7314.760570509281,53.7472038269043,0.4812090992927551,0
7316.443321565839,54.75713348388672,0.33874231576919556,0
7318.126459737067,55.95829391479492,0.35811781883239746,0
7319.814003535572,53.255271911621094,0.4449602961540222,0
7321.497917127757,53.98442459106445,0.516747772693634,0
7323.18623837689,53.863983154296875,0.5499123930931091,0
7324.870927747269,54.312503814697266,0.5647187829017639,0
7326.5600268052,54.14042663574219,0.5643171072006226,0
7328.245492311174,55.37191390991211,0.5074660778045654,0
7329.9313455562715,53.13874816894531,0.44591790437698364,0
7331.621611535374,54.306640625,0.42784053087234497,0
7333.308241452262,54.11520004272461,0.5239822864532471,0
7334.999286136099,56.302955627441406,0.534782886505127,0
7336.686693082591,53.793087005615234,0.5495412945747375,0
7338.378516829913,54.612911224365234,0.4989490807056427,0
7340.066701163984,54.23392868041992,0.34112831950187683,0
7341.755273862644,55.702972412109375,0.3057878911495209,0
7343.4482664134985,54.63172912597656,0.3800302743911743,0
7345.137617036799,54.04271697998047,0.4773431122303009,0
7346.83138954852,54.44580841064453,0.5185068249702454,0
7348.521518454852,53.87199783325195,0.53954017162323,0
7350.216071286766,52.4582405090332,0.5847439169883728,0
7351.906978834684,54.33176803588867,0.5583046674728394,0
7353.598275373662,55.45897674560547,0.526311457157135,0
7355.293998894508,53.408485412597656,0.5530321002006531,0
7356.986074613,54.20748519897461,0.5380595922470093,0
7358.682579352868,55.72978210449219,0.46465861797332764,0
7360.375434609841,55.26859664916992,0.46128028631210327,0
7362.072720928639,54.387454986572266,0.5152219533920288,0
7363.766356083226,55.94021224975586,0.5300104022026062,0
7365.460380856354,54.48293685913086,0.5403120517730713,0
7367.158839752526,57.06016540527344,0.509890615940094,0
7368.853644962064,56.920658111572266,0.44466328620910645,0
7370.552886337444,58.04230499267578,0.34689852595329285,0
7372.24847234294,54.015933990478516,0.3831709921360016,0
7373.948496558015,54.007755279541016,0.5085126161575317,0
7375.644863719179,54.69153594970703,0.5441845059394836,0
7377.34162112738,51.13750076293945,0.6081571578979492,0
7379.042819811316,55.600379943847656,0.553070604801178,0
7380.74035891485,51.75079345703125,0.6078118681907654,0
7382.442341340214,52.76762390136719,0.5838302969932556,0
7384.140662499208,53.11606216430664,0.5833939909934998,0
7385.843429027068,53.359405517578125,0.574242889881134,0
7387.542532601815,52.00066375732422,0.5908154845237732,0
7389.2420270531065,52.41722869873047,0.591464102268219,0
7390.945969944365,53.1992073059082,0.5673083662986755,0
7392.646247351945,52.6427001953125,0.5482354760169983,0
7394.350975248886,53.05084228515625,0.5331655740737915,0
7396.052035973461,53.669437408447266,0.5435442328453064,0
7397.757549237736,51.98307800292969,0.5964986085891724,0
7399.459393640181,53.303611755371094,0.5804073214530945,0
7401.161629549694,52.83467483520508,0.5409821271896362,0
7402.868321074962,52.35190963745117,0.4699538052082062,0
7404.571341203752,53.71056365966797,0.4090493619441986,0
7406.278819000998,51.67390060424805,0.5353572964668274,0
7407.9826237103525,52.532230377197266,0.5951064825057983,0
7409.690888141809,51.71599578857422,0.6183258891105652,0
7411.395477793187,51.3486213684082,0.6175418496131897,0
7413.100459583174,50.1935920715332,0.6208598613739014,0
7414.809904176279,52.663917541503906,0.5749980807304382,0
7416.515671450568,51.97386169433594,0.5902108550071716,0
7418.225903583988,52.019073486328125,0.5985676050186157,0
7419.932456704451,53.180233001708984,0.5966300964355469,0
7421.643476741004,51.020992279052734,0.6356459856033325,0
7423.35081606968,50.39015197753906,0.642958402633667,0
7425.058548169526,52.653587341308594,0.6066607236862183,0
7426.770750271449,52.14260482788086,0.6183412671089172,0
7428.479269122664,52.08604049682617,0.6056757569313049,0
7430.192260035284,51.68142318725586,0.5787937045097351,0
7431.901566000322,50.658687591552734,0.5972945690155029,0
7433.615346087044,50.67754364013672,0.6237272024154663,0
7435.32543952853,49.957786560058594,0.6429264545440674,0
7437.040009152925,51.16165542602539,0.6114022135734558,0
7438.75089043365,51.841060638427734,0.5683565139770508,0
7440.462165300365,51.19819641113281,0.563310980796814,0
7442.177919442377,52.15188217163086,0.5784180164337158,0
7443.889982692613,53.9213981628418,0.5697720646858215,0
7445.606527281744,53.616294860839844,0.57050621509552,0
7447.319379278707,52.951622009277344,0.5963708758354187,0
7449.036714679118,51.94084167480469,0.6096600294113159,0
7450.750355786184,51.483272552490234,0.608955442905426,0
7452.464391114134,51.628536224365234,0.6036301851272583,0
7454.18291294291,51.568023681640625,0.6070858836174011,0
7455.897737926123,51.52519989013672,0.6214625239372253,0
7457.617051477091,52.42958068847656,0.614246666431427,0
7459.332666479362,51.3792839050293,0.6263992190361023,0
7461.0527721172675,51.08317565917969,0.6238160729408264,0
7462.769177502556,51.96105194091797,0.614733099937439,0
7464.485977744648,53.45841979980469,0.5919494032859802,0
7466.20727172475,53.45170593261719,0.5809758305549622,0
7467.924862895899,53.73471450805664,0.5744995474815369,0
7469.646949875322,51.310447692871094,0.6039195656776428,0
7471.365332339909,50.93275833129883,0.6143966913223267,0
7473.088212683987,51.461585998535156,0.595712423324585,0
7474.807386806561,50.59196853637695,0.6029489040374756,0
7476.526956422884,49.52224349975586,0.6343986988067627,0
7478.251027026075,49.144840240478516,0.6488311886787415,0
7479.971388847304,51.20623016357422,0.5945939421653748,0
7481.696253729005,50.673377990722656,0.5738216638565063,0
7483.417408120109,51.708580017089844,0.5649341940879822,0
7485.143067646242,50.87352752685547,0.5725918412208557,0
7486.86501497236,50.89400863647461,0.5985091924667358,0
7488.587358430195,51.76789855957031,0.6127946376800537,0
7490.314210135452,51.39387130737305,0.6299753189086914,0
7492.037347076103,50.92050552368164,0.6392356157302856,0
7493.764994341122,51.9069709777832,0.6178383827209473,0
7495.488925130144,52.69012451171875,0.5912666320800781,0
7497.217368321439,51.201255798339844,0.6142983436584473,0
7498.942093324558,51.81863784790039,0.6252806186676025,0
7500.667215098399,51.74372482299805,0.6356247067451477,0
7502.396852391923,51.34419250488281,0.644952118396759,0
7504.122768928546,51.50719451904297,0.6371417045593262,0
7505.853203065151,52.108787536621094,0.6305860280990601,0
7507.579914730705,51.26335906982422,0.6389453411102295,0
7509.311146077497,50.978702545166016,0.6489269733428955,0
7511.038653238296,51.432674407958984,0.6425028443336487,0
7512.766557809848,50.469886779785156,0.6493044495582581,0
7514.498985185078,51.36871337890625,0.6401320695877075,0
7516.227685801447,48.4591178894043,0.6761296987533569,0
7517.960911305147,51.13639831542969,0.6363537907600403,0
7519.69040833307,49.6999397277832,0.6479459404945374,0
7521.424432332939,49.93351364135742,0.6101039052009583,0
7523.154726139323,49.70224380493164,0.506454348564148,0
7524.885417997523,52.11427307128906,0.45061129331588745,0
7526.6206399551465,52.64370346069336,0.49359390139579773,0
7528.352129142265,49.954769134521484,0.6084769368171692,0
7530.088150515822,50.028141021728516,0.6263368129730225,0
7531.820437399188,50.80949783325195,0.5934094190597534,0
7533.557258556969,50.7779655456543,0.5823721289634705,0
7535.290343504081,50.13786315917969,0.6398419141769409,0
7537.023827145108,50.411094665527344,0.6590244174003601,0
7538.761848193071,49.3204460144043,0.6762012243270874,0
7540.49613044919,49.296043395996094,0.6659595370292664,0
7542.234952202626,51.97812271118164,0.6122410893440247,0
7543.9700334417585,50.03472900390625,0.6298195719718933,0
7545.709656269552,50.95785903930664,0.6076263785362244,0
7547.445536859788,52.56853103637695,0.5884575247764587,0
7549.181816787072,51.82566833496094,0.6119328737258911,0
7550.922641440595,50.57140350341797,0.6238043904304504,0
7552.659721271219,50.79145431518555,0.59613436460495,0
7554.401347921834,52.06679153442383,0.5743675231933594,0
7556.139228024313,51.1954231262207,0.605339765548706,0
7557.881657041499,52.069705963134766,0.5811715722084045,0
7559.620337784518,54.752845764160156,0.5330258011817932,0
7561.359418508755,52.7391357421875,0.5613440275192261,0
7563.103051290338,52.30360794067383,0.6009604930877686,0
7564.842933208241,52.650062561035156,0.6110451817512512,0
7566.587369280621,52.81387710571289,0.6068751215934753,0
7568.328052761299,52.346553802490234,0.6014847755432129,0
7570.07329249455,53.19095230102539,0.5636202692985535,0
7571.8147779072815,54.60049819946289,0.5047739744186401,0
7573.56082167165,54.17984390258789,0.48588213324546814,0
7575.303109385886,50.93526077270508,0.5545798540115356,0
7577.045797911122,52.39813995361328,0.5983368754386902,0
7578.79304793715,51.758785247802734,0.6157320141792297,0
7580.536539318162,54.842960357666016,0.5801380276679993,0
7582.284594301449,53.51103210449219,0.5957167148590088,0
7584.028888908114,52.68353271484375,0.6016183495521545,0
7585.777749219503,52.94984817504883,0.558241605758667,0
7587.522847421867,52.392555236816406,0.5246601700782776,0
7589.268347081778,53.29428482055664,0.5238441228866577,0
7591.01841560065,53.9367561340332,0.5492069721221924,0
7592.764719411428,53.95263671875,0.5675351619720459,0
7594.515594186036,52.39336395263672,0.5532935857772827,0
7596.262702518152,50.70164108276367,0.46734994649887085,0
7598.014383919939,50.93842315673828,0.3450637459754944,0
7599.762297144034,51.839046478271484,0.26258230209350586,0
7601.51061247327,51.70895004272461,0.24145269393920898,0
7603.263504031503,53.26604080200195,0.24523572623729706,0
7605.012624808782,51.01369094848633,0.24106042087078094,0
7606.766323923323,53.55683517456055,0.23262014985084534,0
7608.516250519716,52.29030990600586,0.2533178925514221,0
7610.270757562608,52.3679084777832,0.27497756481170654,0
7612.021490349354,54.819950103759766,0.29123425483703613,0
7613.7726258898765,52.84540557861328,0.35342952609062195,0
7615.52834504132,51.95596694946289,0.4154578149318695,0
7617.280287329156,53.98491287231445,0.4543265700340271,0
7619.03681533958,53.329322814941406,0.4879469573497772,0
7620.789564746397,52.02748107910156,0.49699458479881287,0
7622.546901988443,52.18971633911133,0.4761731028556824,0
7624.300458886081,52.660308837890625,0.42400023341178894,0
7626.0544191871795,52.904685974121094,0.4026908576488495,0
7627.812970493031,51.792869567871094,0.353678435087204,0
7629.5677388428085,53.51339340209961,0.292803555727005,0
7631.327100312413,53.465084075927734,0.30889612436294556,0
7633.082677083137,52.826271057128906,0.37271448969841003,0
7634.842849089737,51.6336669921875,0.4281783103942871,0
7636.599234653847,50.74821853637695,0.44632434844970703,0
7638.356024272148,54.81575012207031,0.42483213543891907,0
7640.117412300962,53.10512161254883,0.4570917785167694,0
7641.875011271407,53.60253143310547,0.44026607275009155,0
7643.637210770852,52.86690902709961,0.47269898653030396,0
7645.39561946631,53.269718170166016,0.4770278334617615,0
7647.158630810228,53.161094665527344,0.4798164665699005,0
7648.9178496037375,53.823829650878906,0.4981406033039093,0
7650.677473103219,54.619972229003906,0.47304651141166687,0
7652.4417024309205,53.60511779785156,0.46982061862945557,0
7654.202136588115,53.57832336425781,0.4803566038608551,0
7655.96717869543,55.338218688964844,0.47699087858200073,0
7657.728423883806,53.34713363647461,0.5203155279159546,0
7659.494279145184,54.110931396484375,0.5259979367256165,0
7661.256335738383,54.650794982910156,0.48553597927093506,0
7663.018797690385,54.14939498901367,0.4846886694431305,0
7664.785872900279,53.645286560058594,0.5007981061935425,0
7666.549146817667,53.8691520690918,0.5036091804504395,0
7668.317036118272,54.275299072265625,0.5180016756057739,0
7670.081122375118,53.80532455444336,0.5492309927940369,0
7671.849826141485,54.08443069458008,0.5525540709495544,0
7673.614725112034,53.2960205078125,0.5638495087623596,0
7675.380030095271,53.47745895385742,0.5697802901268005,0
7677.149955778055,55.419044494628906,0.5473078489303589,0
7678.916074036461,53.407318115234375,0.5608327388763428,0
7680.686815123169,54.70402908325195,0.548443078994751,0
7682.453747031419,54.686546325683594,0.547896683216095,0
7684.225303897706,54.40364456176758,0.5487866997718811,0
7685.9930498306485,53.493751525878906,0.5543878078460693,0
7687.76120243122,55.507484436035156,0.5269626379013062,0
7689.533983185,54.128387451171875,0.5370655655860901,0
7691.302950372636,54.7630615234375,0.5303572416305542,0
7693.076547845669,54.822364807128906,0.5391618013381958,0
7694.846329995649,53.68043899536133,0.5638059377670288,0
7696.620744564198,53.827632904052734,0.5687294602394104,0
7698.391342051976,56.112701416015625,0.5252301692962646,0
7700.16234686338,55.265594482421875,0.5350330471992493,0
7701.937987293676,55.54385757446289,0.5348722338676453,0
7703.709808006157,53.82597351074219,0.565787672996521,0
7705.486266473157,53.80218505859375,0.5739204287528992,0
7707.2589034626,56.24929428100586,0.5352380275726318,0
7709.036180343174,54.022666931152344,0.5580485463142395,0
7710.809633985638,55.001678466796875,0.49445557594299316,0
7712.587729656829,55.52830123901367,0.34956711530685425,0
7714.362000328545,56.30571746826172,0.28472524881362915,0
7716.136679168897,56.50617218017578,0.3129587173461914,0
7717.916003244942,54.52509689331055,0.34558606147766113,0
7719.691499678995,54.72835922241211,0.4091366231441498,0
7721.471643488797,54.208106994628906,0.5002584457397461,0
7723.247957893215,54.988399505615234,0.5299411416053772,0
7725.028921814427,54.93498611450195,0.5064433813095093,0
7726.806054566049,54.99188232421875,0.49399933218955994,0
7728.583596144726,53.127994537353516,0.5304805040359497,0
7730.365790452334,53.02222442626953,0.5585759878158569,0
7732.144150943574,53.8969841003418,0.5571334362030029,0
7733.927166307254,54.88036346435547,0.5419032573699951,0
7735.706346088328,55.26428985595703,0.5352533459663391,0
7737.490182886342,53.50104904174805,0.5462886095046997,0
7739.270182334698,53.86734390258789,0.5482745170593262,0
7741.050591269588,53.33194351196289,0.5564852356910706,0
7742.835660438736,54.996158599853516,0.540678858757019,0
7744.616889607179,55.189239501953125,0.5426528453826904,0
7746.402781156848,53.305084228515625,0.5588505268096924,0
7748.184830936723,55.86631774902344,0.47207361459732056,0
7749.971545245782,53.77219772338867,0.309445321559906,0
7751.7544160151465,56.52114486694336,0.29871854186058044,0
7753.5376969315885,53.513023376464844,0.3712661862373352,0
7755.325645599723,51.166019439697266,0.503400444984436,0
7757.109748072838,54.04055404663086,0.5576324462890625,0
7758.898520448077,52.14984893798828,0.5487304329872131,0
7760.683444856355,53.0097770690918,0.4511985778808594,0
7762.47304131818,55.565765380859375,0.42178186774253845,0
7764.258788040286,53.34165954589844,0.5060815811157227,0
7766.04494557108,53.05050277709961,0.563738226890564,0
7767.835778383127,54.56079864501953,0.5516985654830933,0
7769.622758795848,55.28388977050781,0.5391522645950317,0
7771.414416643724,56.17851257324219,0.5142542719841003,0
7773.202220317474,55.83140182495117,0.48930099606513977,0
7774.994703581269,54.429908752441406,0.4814930260181427,0
7776.783330895325,53.773780822753906,0.502223014831543,0
7778.572369680743,55.32255935668945,0.5262178778648376,0
7780.366091289122,53.80278778076172,0.5144150853157043,0
7782.15595428386,53.59183120727539,0.489859938621521,0
7783.950502258933,54.52951431274414,0.5186814665794373,0
7785.741189842705,55.269981384277344,0.5397182106971741,0
7787.536564565179,55.31331253051758,0.5370057225227356,0
7789.328077117872,54.606807708740234,0.5461361408233643,0
7791.120001805673,52.2413444519043,0.5675769448280334,0
7792.916616870307,55.52771759033203,0.4536565840244293,0
7794.709367096962,56.482810974121094,0.3552626371383667,0
7796.506809861304,55.622013092041016,0.3665396273136139,0
7798.3003860071385,54.47592544555664,0.4905812442302704,0
7800.0986568525095,55.33710479736328,0.5466307997703552,0
7801.893059298024,54.85070037841797,0.5396695733070374,0
7803.687874543464,55.49164962768555,0.5395570993423462,0
7805.487387731792,54.04498291015625,0.5641438364982605,0
7807.283029847765,54.907745361328125,0.5214808583259583,0
7809.083372070966,54.81907272338867,0.436937153339386,0
7810.87984143841,56.096961975097656,0.4157741069793701,0
7812.68101307842,54.61286544799805,0.5048165917396545,0
7814.47831007845,54.63134765625,0.5491424798965454,0
7816.276020544292,55.028404235839844,0.538347065448761,0
7818.078436531286,53.75141906738281,0.5309966206550598,0
7819.876975201488,54.56353759765625,0.46332743763923645,0
7821.680221560672,56.66214370727539,0.34331411123275757,0
7823.479588816787,56.2166633605957,0.3192135691642761,0
7825.283665930714,54.81441879272461,0.4177863597869873,0
7827.083862154471,55.95839309692383,0.49199187755584717,0
7828.884472511003,55.489566802978516,0.5185652375221252,0
7830.689795979172,55.37986755371094,0.5277560949325562,0
7832.491235876042,56.53142166137695,0.5230729579925537,0
7834.297391055878,55.420494079589844,0.5235242247581482,0
7836.099660875254,54.12794876098633,0.5315612554550171,0
7837.906648149925,55.51337814331055,0.5213216543197632,0
7839.709748274153,55.94913864135742,0.5036673545837402,0
7841.513263199194,55.1638298034668,0.4584014117717743,0
7843.321498838604,55.43449783325195,0.4114852845668793,0
7845.125844642117,55.3151969909668,0.4848690629005432,0
7846.934913334829,55.061344146728516,0.5356953740119934,0
7848.740090399598,56.308292388916016,0.49079573154449463,0
7850.549992529398,55.836761474609375,0.45582500100135803,0
7852.356001238385,57.34268569946289,0.37063196301460266,0
7854.166737189239,55.292320251464844,0.27144402265548706,0
7855.973577925582,57.763973236083984,0.2706979513168335,0
7857.780834323262,53.93914794921875,0.42680880427360535,0
7859.5928212286435,56.60702133178711,0.45479288697242737,0
7861.400910228489,55.263614654541016,0.4169817268848419,0
7863.21373191538,54.01830291748047,0.4324467182159424,0
7865.02265390097,55.7698974609375,0.4710213541984558,0
7866.836310753952,56.677669525146484,0.47981759905815125,0
7868.646066109044,55.76816940307617,0.4449352025985718,0
7870.456237795976,54.76674270629883,0.3864677846431732,0
7872.2711476214035,53.66452407836914,0.36701929569244385,0
7874.082153253575,55.55513000488281,0.41045451164245605,0
7875.897899207099,55.71406936645508,0.48267391324043274,0
7877.709739168706,54.58217239379883,0.5062199234962463,0
7879.526321635529,53.968502044677734,0.4758567214012146,0
7881.338996310948,56.77180862426758,0.4249207675457001,0
7883.152087989793,55.01354217529297,0.4517369270324707,0
7884.969925450235,55.164337158203125,0.48158732056617737,0
7886.783852419557,55.76251220703125,0.4918653070926666,0
7888.602527356855,55.919036865234375,0.45201748609542847,0
7890.417290001472,57.15890884399414,0.4000203311443329,0
7892.236802801451,55.59440231323242,0.3956676423549652,0
7894.052401506358,53.863407135009766,0.4513067305088043,0
7895.868417887362,55.8309326171875,0.4922669231891632,0
7897.689187705391,55.481590270996094,0.5043321847915649,0
7899.506040724281,56.34809112548828,0.5069258809089661,0
7901.327649370102,54.85313415527344,0.5201435089111328,0
7903.145339412316,54.89188766479492,0.5261962413787842,0
7904.967787272378,54.09602355957031,0.5271682739257812,0
7906.786314723532,55.570892333984375,0.508790135383606,0
7908.605260524537,55.54762268066406,0.5049986839294434,0
7910.428967430348,55.2406005859375,0.4974781274795532,0
7912.248751218821,57.63392639160156,0.3838408887386322,0
7914.073298305539,57.60194778442383,0.23712566494941711,0
7915.893920467541,57.627593994140625,0.2039608210325241,0
7917.719308122237,55.45698165893555,0.3747062385082245,0
7919.540769044005,56.99876403808594,0.4289599061012268,0
7921.362648990465,55.84676742553711,0.3628610372543335,0
7923.1892977218795,56.30912780761719,0.3624555170536041,0
7925.012017007567,55.80288314819336,0.43694618344306946,0
7926.839507275186,54.855018615722656,0.5039736032485962,0
7928.663066286785,55.549217224121094,0.5134304761886597,0
7930.491398478304,52.90620040893555,0.48345574736595154,0
7932.315797602674,54.83881759643555,0.3384680151939392,0
7934.140616427666,54.90740203857422,0.3721851706504822,0
7935.9702117301495,51.743896484375,0.496559202671051,0
7937.795871248309,54.51248550415039,0.5141257643699646,0
7939.626309444481,53.707786560058594,0.5220974683761597,0
7941.452810043115,53.870235443115234,0.5298583507537842,0
7943.284091521296,52.4324836730957,0.5380727648735046,0
7945.11143358789,52.949825286865234,0.5293992757797241,0
7946.9391960321245,52.057464599609375,0.5301433801651001,0
7948.771742658798,53.000831604003906,0.45209619402885437,0
7950.600347152324,55.42349624633789,0.3856182098388672,0
7952.4337380323595,53.15757751464844,0.45952776074409485,0
7954.263184963109,53.86704635620117,0.5195540189743042,0
7956.097420485453,55.143035888671875,0.5097226500511169,0
7957.927710241536,52.4582633972168,0.5379476547241211,0
7959.758421053372,54.917301177978516,0.5144107937812805,0
7961.593923765023,53.070091247558594,0.5266822576522827,0
7963.425477984461,53.676666259765625,0.42645499110221863,0
7965.261826311341,54.38957595825195,0.23420634865760803,0
7967.094224326941,52.74284362792969,0.23921695351600647,0
7968.931418658623,50.853050231933594,0.38387611508369446,0
7970.76466085912,51.98368835449219,0.5029233694076538,0
7972.598324794577,50.85386657714844,0.5489471554756165,0
7974.436788359671,54.18558883666992,0.5150184631347656,0
7976.271297063233,54.033443450927734,0.48490869998931885,0
7978.110607607619,53.8637580871582,0.45488038659095764,0
7979.945961468471,54.65041732788086,0.4139195680618286,0
7981.786119382355,52.010684967041016,0.44056829810142517,0
7983.6223187898595,54.32874298095703,0.4803912341594696,0
7985.458940612626,53.47804641723633,0.5206227898597717,0
7987.3003698073235,53.38166046142578,0.5248700976371765,0
7989.137837760893,53.3599739074707,0.5228462815284729,0
7990.980115301147,53.20289993286133,0.49192389845848083,0
7992.8184297753305,54.97539520263672,0.3311234414577484,0
7994.661556051975,53.397640228271484,0.2749040424823761,0
7996.500717436766,53.73308563232422,0.2958005368709564,0
7998.344692840811,51.50916290283203,0.46205464005470276,0
8000.18470152638,51.734344482421875,0.542498767375946,0
8002.02513350353,52.7373046875,0.5283369421958923,0
8003.8703828257185,51.68946838378906,0.5244879126548767,0
8005.711662689007,53.3024787902832,0.5236893892288208,0
8007.557762116685,51.86392593383789,0.5508328080177307,0
8009.399890256734,51.481536865234375,0.5433318018913269,0
8011.246840181541,51.92189407348633,0.5212759971618652,0
8013.089816989151,51.51264953613281,0.49670886993408203,0
8014.933217771153,52.37458801269531,0.46143868565559387,0
8016.781443669065,49.92570877075195,0.49925655126571655,0
8018.625693704934,49.938865661621094,0.5465744137763977,0
8020.474771079641,49.03571319580078,0.5686428546905518,0
8022.319870760626,50.415367126464844,0.5461811423301697,0
8024.169800004403,52.21385192871094,0.47837376594543457,0
8026.015749721937,52.319847106933594,0.35783684253692627,0
8027.862124097778,50.73542404174805,0.34461936354637146,0
8029.713331372934,53.131893157958984,0.4374961256980896,0
8031.560556372574,49.736080169677734,0.5548310875892639,0
8033.4126164980435,52.381378173828125,0.517916738986969,0
8035.260692513366,52.808937072753906,0.5054764151573181,0
8037.1136058820575,51.08408737182617,0.5337579250335693,0
8038.9625333051235,54.333152770996094,0.5194084644317627,0
8040.811886071513,52.77240753173828,0.5403294563293457,0
8042.666079533179,50.13109588623047,0.5661336779594421,0
8044.5162842955115,51.02424621582031,0.5588634610176086,0
8046.371331983226,50.20302963256836,0.5623490214347839,0
8048.222389134015,52.45857238769531,0.5366288423538208,0
8050.078291441319,50.3526725769043,0.5377410650253296,0
8051.930201373261,54.4816780090332,0.4681254029273987,0
8053.782537334649,52.93230438232422,0.4635498523712158,0
8055.639721799848,53.249019622802734,0.4931105971336365,0
8057.492911131535,50.90742874145508,0.5618893504142761,0
8059.350951200737,50.11962127685547,0.5678459405899048,0
8061.20499429587,52.36525344848633,0.5044071078300476,0
8063.063890363251,51.64094543457031,0.4334419369697571,0
8064.91878761516,51.452301025390625,0.4210488796234131,0
8066.774111583743,50.497867584228516,0.5018125772476196,0
8068.634291877271,51.751373291015625,0.5478224754333496,0
8070.490470592727,51.209999084472656,0.557305634021759,0
8072.351507870434,51.290367126464844,0.5633878707885742,0
8074.208541726544,50.17620849609375,0.5759607553482056,0
8076.070436383243,52.16865158081055,0.5507701635360718,0
8077.928325773971,52.553802490234375,0.5245893597602844,0
8079.786642569711,52.03654098510742,0.5221182703971863,0
8081.649823524143,52.79165267944336,0.5322838425636292,0
8083.508996445551,53.454254150390625,0.5278435945510864,0
8085.373035766566,51.19657516479492,0.5517395734786987,0
8087.233065208057,50.91377258300781,0.5550908446311951,0
8089.097963291104,53.2224235534668,0.5329033136367798,0
8090.958849647276,51.019962310791016,0.5633388161659241,0
8092.8201640979105,53.31852722167969,0.5147519707679749,0
8094.686350553621,52.62077713012695,0.4924267530441284,0
8096.54852251094,53.07211685180664,0.4983658492565155,0
8098.415568717865,50.988067626953125,0.5419468879699707,0
8100.278598576922,52.05839157104492,0.5430413484573364,0
8102.146504931151,51.262840270996094,0.5117929577827454,0
8104.01039308718,50.635746002197266,0.4979557394981384,0
8105.874710028231,51.829254150390625,0.5141109824180603,0
8107.7439068334,50.139610290527344,0.5509229898452759,0
8109.609082664381,51.784908294677734,0.5451697707176208,0
8111.479140607633,52.230342864990234,0.5468263626098633,0
8113.345175724235,51.122947692871094,0.5638437867164612,0
8115.216095202294,52.8520622253418,0.5360469222068787,0
8117.08299000039,51.7593994140625,0.5540929436683655,0
8118.950314275181,51.27261734008789,0.5572888851165771,0
8120.82252628581,52.46610641479492,0.5409027338027954,0
8122.690710836009,51.82767105102539,0.5539910197257996,0
8124.563785373824,50.48661804199219,0.5674898028373718,0
8126.43283059576,51.996116638183594,0.549568772315979,0
8128.306768058127,50.52613067626953,0.544960618019104,0
8130.17667434831,49.80442428588867,0.543285071849823,0
8132.051475132777,51.44687271118164,0.5300537347793579,0
8133.922242887902,52.05228805541992,0.5325294733047485,0
8135.793441010691,50.95760726928711,0.5477123260498047,0
8137.669537009145,52.28534698486328,0.5280634164810181,0
8139.541597192021,49.707576751708984,0.5452636480331421,0
8141.418557507012,52.12155532836914,0.520688533782959,0
8143.291480147128,52.607994079589844,0.5178341269493103,0
8145.169305176846,52.435325622558594,0.5305168628692627,0
8147.043090671534,51.84244155883789,0.5206887722015381,0
8148.917307228112,52.250030517578125,0.5113686323165894,0
8150.79642956113,50.506858825683594,0.5410512089729309,0
8152.671509568388,51.557010650634766,0.5338483452796936,0
8154.551497612173,51.93842697143555,0.521571159362793,0
8156.427441467901,52.74991989135742,0.515680193901062,0
8158.3082956212875,53.545799255371094,0.5100667476654053,0
8160.18510372346,53.966766357421875,0.5019469857215881,0
8162.062343582871,53.16504669189453,0.498590350151062,0
8163.944497132239,53.702144622802734,0.4837540090084076,0
8165.822601835163,52.1431999206543,0.49963465332984924,0
8167.70562249178,53.72821044921875,0.49791190028190613,0
8169.5845924366495,51.98527526855469,0.5271000862121582,0
8171.4684805999905,51.808799743652344,0.5181270837783813,0
8173.348316185423,53.017154693603516,0.5107018947601318,0
8175.228584224562,51.38943862915039,0.526475191116333,0
8177.1137738799425,53.508819580078125,0.5026761889457703,0
8178.994908157676,52.2923469543457,0.5128805637359619,0
8180.880966319038,53.0556755065918,0.5054907202720642,0
8182.76296723444,52.51976776123047,0.500893235206604,0
8184.649894301903,54.75987243652344,0.48321816325187683,0
8186.532762254235,52.769840240478516,0.49407073855400085,0
8188.416063357866,51.4489860534668,0.49217209219932556,0
8190.304294016809,51.80546951293945,0.4851644039154053,0
8192.188462756365,52.45975112915039,0.5033994317054749,0
8194.077563322277,51.00917053222656,0.52888023853302,0
8195.962600097479,51.05674362182617,0.518158495426178,0
8197.852570971127,51.14004898071289,0.5132899284362793,0
8199.738476181876,52.31341552734375,0.5026928186416626,0
8201.624815242641,49.21974563598633,0.533596396446228,0
8203.516091810596,53.40690994262695,0.48634177446365356,0
8205.403299906871,52.86066818237305,0.48468104004859924,0
8207.295447785044,50.957916259765625,0.5136515498161316,0
8209.183525317196,50.826045989990234,0.5297206044197083,0
8211.076544906999,51.44219207763672,0.5270302891731262,0
8212.965492275574,50.60618209838867,0.5346316695213318,0
8214.85487419401,53.21946716308594,0.5127965807914734,0
8216.749201584338,53.22015380859375,0.5032671093940735,0
8218.639453940128,53.39094543457031,0.5006962418556213,0
8220.534654046185,51.435752868652344,0.5152204036712646,0
8222.42577724034,52.864994049072266,0.5108858346939087,0
8224.321850464188,51.67137908935547,0.5069900751113892,0
8226.213844897902,53.24734115600586,0.48173972964286804,0
8228.106274582447,51.832000732421875,0.4847809076309204,0
8230.003657716437,52.029266357421875,0.4846673905849457,0
8231.896959242442,51.39122772216797,0.5056654214859009,0
8233.795216499942,50.75731658935547,0.5277253985404968,0
8235.689390269063,50.67103958129883,0.5237462520599365,0
8237.58852205278,52.71426773071289,0.49996164441108704,0
8239.483568466858,52.54703903198242,0.5054711103439331,0
8241.379050833872,50.85718536376953,0.5244609713554382,0
8243.27949464075,52.097557067871094,0.5101174712181091,0
8245.175850255593,51.00547790527344,0.5139912962913513,0
8247.077169596034,52.189666748046875,0.5056663155555725,0
8248.974398861008,52.679317474365234,0.5120766758918762,0
8250.876594138366,50.93226623535156,0.5301005840301514,0
8252.774697455965,51.71761703491211,0.5199664235115051,0
8254.673237429737,51.96803283691406,0.4988802373409271,0
8256.576746846682,51.04331588745117,0.49280688166618347,0
8258.47616147692,50.34088134765625,0.49592506885528564,0
8260.380547839752,51.653926849365234,0.49159273505210876,0
8262.28083752941,50.86063766479492,0.5049147605895996,0
8264.186101242136,50.32929992675781,0.5195314884185791,0
8266.087266394352,50.18240737915039,0.5348072648048401,0
8267.988868907114,50.800785064697266,0.5225374698638916,0
8269.895448879268,52.7617073059082,0.49785900115966797,0
8271.797927459405,50.1423225402832,0.5181984901428223,0
8273.705385792051,51.04521942138672,0.5117408633232117,0
8275.608740843169,50.38496017456055,0.5147298574447632,0
8277.517077940962,51.3627815246582,0.47828251123428345,0
8279.421309866848,52.12020492553711,0.41555118560791016,0
8281.33052613464,52.809200286865234,0.35238561034202576,0
8283.235635339272,51.19464874267578,0.3469275236129761,0
8285.141182811773,48.93242263793945,0.41983523964881897,0
8287.051718069632,50.55513381958008,0.406914621591568,0
8288.95814342695,51.85807800292969,0.2257290780544281,0
8290.869558867496,49.1783447265625,0.19361385703086853,0
8292.776862514072,50.48291778564453,0.37993648648262024,0
8294.689158542806,49.9737548828125,0.4965737462043762,0
8296.597340883269,50.340091705322266,0.3953961431980133,0
8298.505962198571,50.90831756591797,0.2966574430465698,0
8300.419579345038,51.600582122802734,0.25697505474090576,0
8302.329079961277,47.643287658691406,0.32219401001930237,0
8304.243578710255,47.42009735107422,0.4500923752784729,0
8306.153959032523,48.85523223876953,0.5066795349121094,0
8308.069339790167,49.6990852355957,0.5154792666435242,0
8309.980600223742,49.93644332885742,0.44964417815208435,0
8311.892300340269,50.01689147949219,0.382936954498291,0
8313.809004346745,49.78865432739258,0.42341387271881104,0
8315.72158518261,51.98432922363281,0.47976475954055786,0
8317.639172213712,50.16499710083008,0.5145590305328369,0
8319.55263417466,52.31813430786133,0.48345208168029785,0
8321.471104637201,51.238525390625,0.4876737892627716,0
8323.385448129167,50.58861541748047,0.49531614780426025,0
8325.300232013338,50.45386505126953,0.49801599979400635,0
8327.220027859246,50.60658264160156,0.5014545917510986,0
8329.135693883445,52.170379638671875,0.4774477183818817,0
8331.056374178388,51.98058319091797,0.46567073464393616,0
8332.972922749015,50.96833038330078,0.4847281873226166,0
8334.89448790046,53.85857009887695,0.47466522455215454,0
8336.811919424106,53.32986831665039,0.4771044850349426,0
8338.729792050355,52.99282455444336,0.4769788682460785,0
8340.652684723145,50.11307907104492,0.46366438269615173,0
8342.571440912403,53.57097244262695,0.34412798285484314,0
8344.495219460936,56.39542770385742,0.17918002605438232,8388608
8346.414859620261,52.99342727661133,0.13546307384967804,8388608
8348.33952445266,51.710147857666016,0.1864464282989502,8388608
8350.260048989296,52.38557434082031,0.3233201205730438,0
8352.181015340077,54.10020065307617,0.32549601793289185,0
8354.10700983525,52.61372375488281,0.24768663942813873,0
8356.028861174318,49.196651458740234,0.30322757363319397,0
8357.955742974242,51.034027099609375,0.46933862566947937,0
8359.87847970931,49.849735260009766,0.5048972964286804,0
8361.806249222765,49.9148063659668,0.4823327958583832,0
8363.729871761738,53.560672760009766,0.41178378462791443,0
8365.653936827548,52.033599853515625,0.3860556185245514,0
8367.583038148658,52.83564758300781,0.4036446511745453,0
8369.50798963033,53.10615921020508,0.45468276739120483,0
8371.437979687506,52.74436569213867,0.47724801301956177,0
8373.363817993413,49.87094497680664,0.5002574920654297,0
8375.294697196092,53.01311492919922,0.48171696066856384,0
8377.221422734794,51.7366828918457,0.4778340756893158,0
8379.148591514175,53.61371994018555,0.4505535066127777,0
8381.08080467285,52.264854431152344,0.40420448780059814,0
8383.008861297974,53.864410400390625,0.33188551664352417,0
8384.941964626338,54.068809509277344,0.3432943522930145,0
8386.870909506235,53.00804138183594,0.42549264430999756,0
8388.804903414384,50.1785888671875,0.49388357996940613,0
8390.734736958273,51.99330139160156,0.48489874601364136,0
8392.665014457833,52.52639389038086,0.46507418155670166,0
8394.600344473785,49.759521484375,0.48366492986679077,0
8396.531511251274,49.9905891418457,0.44382959604263306,0
8398.467732872849,52.082096099853516,0.20362797379493713,0
8400.399789337956,48.38859176635742,0.08752387017011642,8388608
8402.336902975914,50.78636169433594,0.20374369621276855,0
8404.26984953852,53.864253997802734,0.4128425717353821,0
8406.20324077294,51.992530822753906,0.46448037028312683,0
8408.141692673982,53.674861907958984,0.4634397029876709,0
8410.075974620828,52.14811706542969,0.4744003415107727,0
8412.01531956574,51.13418197631836,0.45837393403053284,0
8413.950492635364,55.11387252807617,0.361857533454895,0
8415.890731035573,52.292720794677734,0.2844182550907135,0
8417.826795638512,53.221343994140625,0.2718889117240906,0
8419.763305630568,50.92482376098633,0.3966340124607086,0
8421.704884452614,50.79130554199219,0.46559005975723267,0
8423.642286593906,51.01459884643555,0.4765129089355469,0
8425.584759900397,53.079898834228516,0.438760906457901,0
8427.523054601936,51.20121383666992,0.4108116328716278,0
8429.466422804959,53.36469268798828,0.21481205523014069,0
8431.405610477948,58.85478973388672,0.08963298797607422,0
8433.34987398978,51.19492721557617,0.18021872639656067,0
8435.289955045611,50.55248260498047,0.36140206456184387,0
8437.23048241454,51.435813903808594,0.4484882056713104,0
8439.176089128974,52.952301025390625,0.45908764004707336,0
8441.117510497941,52.28189468383789,0.4583416283130646,0
8443.064013552468,53.31192398071289,0.44423744082450867,0
8445.00632933334,51.716182708740234,0.4380987882614136,0
8446.953729140901,53.15391540527344,0.3892174959182739,0
8448.896939745731,50.89417266845703,0.38052037358283997,0
8450.840597383609,52.32370376586914,0.36794644594192505,0
8452.789342560496,56.44114685058594,0.30455219745635986,0
8454.733895640526,55.03892517089844,0.30857378244400024,0
8456.683538603393,51.58135223388672,0.40732628107070923,0
8458.628987538104,51.70612335205078,0.45955905318260193,0
8460.57952870056,50.80908203125,0.4673486351966858,0
8462.525873902672,50.9615478515625,0.43776458501815796,0
8464.472666858941,49.29743194580078,0.27559220790863037,0
8466.424555560941,54.153594970703125,0.14919443428516388,0
8468.372245403803,48.860015869140625,0.2034192830324173,0
8470.325033340003,50.8964958190918,0.377645343542099,0
8472.273620482652,49.259056091308594,0.4665570557117462,0
8474.22730806733,51.94403076171875,0.44247370958328247,0
8476.17679292315,53.45307922363281,0.43063122034072876,0
8478.126726255401,51.07646560668945,0.46198025345802307,0
8480.08176355334,50.92441177368164,0.47678467631340027,0
8482.032595218952,51.3472900390625,0.4721919596195221,0
8483.98853320165,52.58935546875,0.45773041248321533,0
8485.940263614486,51.232418060302734,0.4701625406742096,0
8487.897102696883,50.89963150024414,0.4647795557975769,0
8489.849732270995,52.277801513671875,0.4416831135749817,0
8491.802811044974,53.16502380371094,0.38181257247924805,0
8493.761002017862,53.2755241394043,0.32910481095314026,0
8495.714980574307,51.27573776245117,0.354879766702652,0
8497.674073684846,53.06196594238281,0.4107383191585541,0
8499.628952438285,52.853084564208984,0.4435437023639679,0
8501.588948102093,52.296077728271484,0.44553059339523315,0
8503.544727467246,55.94767761230469,0.3561886250972748,0
8505.500956756874,55.32666778564453,0.24780496954917908,0
8507.462306491907,50.74455261230469,0.261422723531723,0
8509.41943701544,52.15266036987305,0.3557271957397461,0
8511.381690343369,51.430850982666016,0.4229678511619568,0
8513.339722516006,52.0460090637207,0.4423255920410156,0
8515.30287985311,52.14578628540039,0.4524790644645691,0
8517.261814090241,54.02537536621094,0.4373740553855896,0
8519.22119897762,53.02717971801758,0.4393351972103119,0
8521.185712570208,52.0028076171875,0.44590792059898376,0
8523.146000145274,53.75053787231445,0.4315352439880371,0
8525.111418788341,53.11143493652344,0.43921005725860596,0
8527.072609466966,52.91558074951172,0.4386206567287445,0
8529.03893357747,55.3514289855957,0.41745755076408386,0
8531.00102777571,53.32279968261719,0.43259450793266296,0
8532.96357335114,51.6970329284668,0.45143285393714905,0
8534.931255904907,50.77684783935547,0.4605858027935028,0
8536.894705624154,52.93950271606445,0.43055790662765503,0
8538.863294688339,53.50381088256836,0.39526045322418213,0
8540.827648967941,52.60208511352539,0.3890916407108307,0
8542.797144960176,52.24587631225586,0.40861549973487854,0
8544.762404216863,52.41160583496094,0.4285397231578827,0
8546.72811557886,51.710365295410156,0.41184332966804504,0
8548.698972205662,53.054351806640625,0.3325275778770447,0
8550.665589169952,51.47098159790039,0.31532856822013855,0
8552.637353769469,53.942352294921875,0.3713003396987915,0
8554.604876753261,52.79459762573242,0.43596765398979187,0
8556.577549743793,50.96465301513672,0.45604804158210754,0
8558.545979164492,52.66748809814453,0.44018104672431946,0
8560.514861419791,52.41592788696289,0.4414788782596588,0
8562.488897239735,49.71697998046875,0.462312251329422,0
8564.458686558157,49.50674819946289,0.4640662968158722,0
8566.433631815466,49.33695602416992,0.4602653980255127,0
8568.404328614894,53.16938018798828,0.4302310645580292,0
8570.380183728546,51.89363479614258,0.4348774552345276,0
8572.351788427055,52.671077728271484,0.4250527322292328,0
8574.323846690633,50.83523941040039,0.43338650465011597,0
8576.30106683208,51.927398681640625,0.4176903963088989,0
8578.274033621965,51.820411682128906,0.4218859076499939,0
8580.252164667796,51.906471252441406,0.4345758259296417,0
8582.226040402546,51.3013916015625,0.4381825625896454,0
8584.205082772409,52.516204833984375,0.42507800459861755,0
8586.179867870775,51.201622009277344,0.428739994764328,0
8588.159821984522,52.6445198059082,0.40739893913269043,0
8590.135516865445,50.412689208984375,0.41807135939598083,0
8592.11166625238,52.05692672729492,0.4166935980319977,0
8594.092988225731,50.51239776611328,0.4248112440109253,0
8596.070048023752,52.35582733154297,0.38417038321495056,0
8598.052282791197,53.91175079345703,0.34544071555137634,0
8600.030253419729,52.817386627197266,0.3539101481437683,0
8602.013401401793,52.95100784301758,0.38916146755218506,0
8603.992283280455,51.237613677978516,0.4194304943084717,0
8605.971620398293,50.6230354309082,0.42835214734077454,0
8607.95613844646,51.802242279052734,0.4115547835826874,0
8609.936387443971,53.44925308227539,0.39662113785743713,0
8611.921819758662,53.6867790222168,0.3879717290401459,0
8613.902981055946,53.5993537902832,0.37745755910873413,0
8615.889328058362,54.62558364868164,0.3719252645969391,0
8617.871402075718,53.524131774902344,0.35922858119010925,0
8619.853932066595,54.575435638427734,0.3346412479877472,0
8621.841651345172,53.7191276550293,0.3263843059539795,0
8623.825094686677,53.13130569458008,0.31706562638282776,0
8625.813729706582,50.835933685302734,0.30882006883621216,0
8627.798086819494,53.39341354370117,0.3012336492538452,0
8629.78763800261,53.0198860168457,0.2657722234725952,0
8631.772909307903,51.97734832763672,0.2698383331298828,0
8633.758637322251,49.5247917175293,0.2863500118255615,0
8635.74956299515,52.5552978515625,0.2646303176879883,0
8637.736205833453,51.55497741699219,0.29436567425727844,0
8639.728048724864,50.3852424621582,0.32260358333587646,0
8641.71560680858,54.10914993286133,0.3305882215499878,0
8643.708367341067,51.55658721923828,0.35464712977409363,0
8645.69684109185,53.15739440917969,0.35509082674980164,0
8647.685772288409,52.301029205322266,0.35168230533599854,0
8649.67990952787,52.86301803588867,0.335360050201416,0
8651.669757024085,51.53324508666992,0.27239754796028137,0
8653.664812961626,52.119140625,0.2519705593585968,0
8655.655577179641,55.87892532348633,0.2644023299217224,0
8657.651552238507,52.098419189453125,0.28256264328956604,0
8659.643233600653,52.796878814697266,0.26101982593536377,0
8661.635373146479,54.48888397216797,0.23168961703777313,0
8663.632727133088,51.53103256225586,0.3010919690132141,0
8665.625784456659,53.488868713378906,0.29594576358795166,0
8667.624058623302,53.821529388427734,0.28045961260795593,0
8669.618034147437,52.90303039550781,0.30460894107818604,0
8671.617228918041,54.37348175048828,0.3037700355052948,0
8673.612123065755,49.66238021850586,0.33654719591140747,0
8675.607476136245,51.75895309448242,0.3415623903274536,0
8677.608052058944,50.5390739440918,0.3503167927265167,0
8679.604324387648,52.29472732543945,0.35943591594696045,0
8681.605821974726,50.772953033447266,0.36594128608703613,0
8683.603013985145,50.83910369873047,0.36993998289108276,0
8685.605433661212,50.58280944824219,0.385131299495697,0
8687.603545777045,51.96013259887695,0.3746933341026306,0
8689.602117555944,50.016761779785156,0.3894711434841156,0
8691.605920612044,50.07617950439453,0.39036819338798523,0
8693.605413132012,51.44993209838867,0.37210607528686523,0
8695.610139339233,50.18180465698242,0.39001473784446716,0
8697.610553024459,49.92818832397461,0.3940417170524597,0
8699.61620280809,50.758750915527344,0.3800041079521179,0
8701.617538082952,50.31034469604492,0.3451768457889557,0
8703.619333762363,50.29695129394531,0.3394399583339691,0
8705.626369157562,51.47787094116211,0.38381320238113403,0
8707.629087063295,52.89443588256836,0.37569159269332886,0
8709.63704709875,51.55021286010742,0.38732829689979553,0
8711.640687655672,47.957340240478516,0.42509958148002625,0
8713.649572757362,50.017730712890625,0.40700051188468933,0
8715.65413639054,51.33588790893555,0.39226430654525757,0
8717.659161170945,51.288997650146484,0.3897186517715454,0
8719.669434119336,51.42306137084961,0.39841997623443604,0
8721.675382613708,50.35209274291992,0.4053876996040344,0
8723.686581693893,51.84014129638672,0.3940841853618622,0
8725.693454327786,50.06597137451172,0.3998141586780548,0
8727.705579966434,50.59184265136719,0.38796186447143555,0
8729.713377165597,51.16393280029297,0.38428375124931335,0
8731.721636255868,51.34305191040039,0.3850769102573395,0
8733.735151979954,51.37088394165039,0.3923526704311371,0
8735.744336274236,51.20988845825195,0.3956630825996399,0
8737.75877962406,51.81032180786133,0.3822062611579895,0
8739.768889548595,50.75510025024414,0.387719988822937,0
8741.784260951517,51.69999313354492,0.38061463832855225,0
8743.79529693274,52.83980941772461,0.3744836151599884,0
8745.811596816311,50.42131805419922,0.3814842700958252,0
8747.823559280858,52.32901382446289,0.3611890971660614,0
8749.835984594723,50.929046630859375,0.3697998821735382,0
8751.853677447529,52.98659133911133,0.3757118880748749,0
8753.867029884785,49.55261993408203,0.3956122398376465,0
8755.88565228773,54.44264602661133,0.36430519819259644,0
8757.899932275499,49.70774841308594,0.34302961826324463,0
8759.919484656828,53.02463912963867,0.22090907394886017,0
8761.934692622432,51.39821243286133,0.16303996741771698,0
8763.95036418398,49.931190490722656,0.19419871270656586,0
8765.971311781545,48.058135986328125,0.217489093542099,0
8767.987911962025,57.09206008911133,0.16355717182159424,0
8770.00979060919,53.33527755737305,0.16054339706897736,0
8772.027319836418,48.896785736083984,0.2799428105354309,0
8774.050129962117,49.149417877197266,0.340396523475647,0
8776.068588664104,53.415401458740234,0.23052096366882324,0
8778.087511709862,54.6668815612793,0.14896555244922638,8388608
8780.111719302422,54.94232177734375,0.13204129040241241,8388608
8782.13157246507,49.85451126098633,0.23343995213508606,0
8784.15671260911,52.37298583984375,0.32733115553855896,0
8786.177496317152,52.2054557800293,0.36621755361557007,0
8788.203569442296,51.34043884277344,0.3757651746273041,0
8790.225284124435,51.96134567260742,0.3124271631240845,0
8792.247463899379,53.07734680175781,0.21861982345581055,0
8794.27493674564,53.23528289794922,0.23342016339302063,0
8796.298048137849,51.30208206176758,0.3166707754135132,0
8798.326455039889,50.81949234008789,0.36944419145584106,0
8800.350498478558,52.2187385559082,0.3691380023956299,0
8802.379839866695,50.983551025390625,0.37015968561172485,0
8804.404815781216,53.33442306518555,0.3496195375919342,0
8806.430257538785,53.86112594604492,0.3461993932723999,0
8808.461000905934,53.1686897277832,0.3503027558326721,0
8810.48737578356,54.233272552490234,0.3380845785140991,0
8812.519054713217,52.77168273925781,0.34740906953811646,0
8814.546363140787,54.43506622314453,0.35298892855644226,0
8816.578978063964,51.93708801269531,0.37577807903289795,0
8818.607220471566,54.786067962646484,0.35242846608161926,0
8820.63592947367,53.821773529052734,0.35738620162010193,0
8822.669948637393,53.61407470703125,0.35129740834236145,0
8824.699592264771,49.4305305480957,0.2631998360157013,0
8826.734548500159,56.231075286865234,0.0981178879737854,8388608
8828.765127183395,63.866939544677734,0.05436812713742256,8388608
8830.801020922154,49.41920852661133,0.0837453231215477,0
8832.832535092028,50.530765533447266,0.2671729028224945,0
8834.864516609065,55.5552864074707,0.2532622516155243,0
8836.901816853555,54.16104507446289,0.18191538751125336,0
8838.934734503515,52.732139587402344,0.18859374523162842,0
8840.972973331262,49.75448226928711,0.27652090787887573,0
8843.006827545418,51.46424102783203,0.3246697187423706,0
8845.046005388827,50.455657958984375,0.33262449502944946,0
8847.080796598655,51.13180160522461,0.356131374835968,0
8849.116055909528,50.19086456298828,0.34222742915153503,0
8851.156642527505,53.15018081665039,0.26585426926612854,0
8853.192839481377,49.11709976196289,0.30884850025177,0
8855.234366196642,50.43377685546875,0.3715741038322449,0
8857.271501225485,51.12096405029297,0.3826411962509155,0
8859.313968471139,51.744346618652344,0.3800624907016754,0
8861.352042007125,49.17211151123047,0.3818768858909607,0
8863.390584399249,52.83910369873047,0.3440687656402588,0
8865.434462691968,51.714080810546875,0.30782896280288696,0
8867.473944239608,51.80218505859375,0.19483372569084167,0
8869.518764146087,52.51505661010742,0.1463116705417633,0
8871.559185281907,48.46820068359375,0.23604853451251984,0
8873.604947235948,52.029720306396484,0.32792025804519653,0
8875.646308392817,49.78160095214844,0.38081902265548706,0
8877.68813916214,50.70283126831055,0.38703805208206177,0
8879.73531443941,52.06610870361328,0.3704729974269867,0
8881.778085879198,47.888519287109375,0.37018513679504395,0
8883.826204289147,50.657379150390625,0.2555353343486786,0
8885.86991683277,54.420860290527344,0.09099366515874863,0
8887.9189788099,55.87989807128906,0.05153093487024307,8388608
8889.963632890922,47.425559997558594,0.16155339777469635,0
8892.00875734193,47.38855743408203,0.33330583572387695,0
8894.059234922122,49.84812545776367,0.3593226671218872,0
8896.105301560994,50.47997283935547,0.36842426657676697,0
8898.156723795235,50.48042678833008,0.3503129482269287,0
8900.203733056038,49.556880950927734,0.3195434808731079,0
8902.25610037953,53.38525390625,0.20911894738674164,0
8904.30405269653,52.986907958984375,0.1426129937171936,0
8906.357365544674,53.011104583740234,0.21932664513587952,0
8908.406261352337,48.035423278808594,0.3486602008342743,0
8910.455628505784,50.67860412597656,0.3610426187515259,0
8912.510359893724,49.18814468383789,0.3792257010936737,0
8914.560671189649,47.18393325805664,0.39007723331451416,0
8916.616349191365,54.73509216308594,0.3150801360607147,0
8918.667605064733,46.760475158691406,0.14409203827381134,0
8920.72423011633,59.528282165527344,0.047713663429021835,8388608
8922.776431002305,50.07902145385742,0.07858235388994217,8388608
8924.829103994396,46.18360137939453,0.21033376455307007,0
8926.88714987404,49.189971923828125,0.32229769229888916,0
8928.940768531605,46.436439514160156,0.3856470286846161,0
8930.999762552008,45.76768112182617,0.39518749713897705,0
8933.054327310716,44.46056365966797,0.40428996086120605,0
8935.114269908689,42.17899703979492,0.42360371351242065,0
8937.169781204408,42.53610610961914,0.44159233570098877,0
8939.225765367799,45.46512222290039,0.3987513482570648,0
8941.287131085755,48.595664978027344,0.3062289357185364,0
8943.344062440076,51.5196533203125,0.2000403106212616,0
8945.406377828243,49.65869140625,0.18071554601192474,0
8947.464256809862,48.74334716796875,0.2721150815486908,0
8949.52752230575,52.947200775146484,0.33434757590293884,0
8951.586349351242,52.6718635559082,0.3382079005241394,0
8953.64565002719,52.804588317871094,0.3258550465106964,0
8955.710340938702,49.53496170043945,0.285746306180954,0
8957.770590333495,57.85729217529297,0.13996991515159607,0
8959.83623244713,56.46338653564453,0.07300669699907303,8388608
8961.897430997844,54.05450439453125,0.12332968413829803,0
8963.964024751822,49.30754470825195,0.2904367446899414,0
8966.026172895728,50.05807876586914,0.3355093002319336,0
8968.088795434107,52.3838005065918,0.3292297422885895,0
8970.15681690305,49.91312026977539,0.3390301465988159,0
8972.220389690654,51.357215881347656,0.3277575671672821,0
8974.289363896107,51.44340133666992,0.32038047909736633,0
8976.353887370715,52.343135833740234,0.3208146095275879,0
8978.423814751604,52.138694763183594,0.32215043902397156,0
8980.489289351199,53.44877624511719,0.3125831186771393,0
8982.55523911051,50.27518844604492,0.32170307636260986,0
8984.626596509414,55.675750732421875,0.3095052242279053,0
8986.693498050801,51.52275085449219,0.2838273048400879,0
8988.765809723076,58.52161407470703,0.1752832531929016,0
8990.833663485022,52.70870590209961,0.17848721146583557,0
8992.906929870303,52.338199615478516,0.25255724787712097,0
8994.975736291497,50.313804626464844,0.32528242468833923,0
8997.04501863889,51.03363800048828,0.22462968528270721,0
8999.11971734895,49.10192108154297,0.1968751698732376,0
9001.18995301374,56.89885711669922,0.11753887683153152,0
9003.265607536512,48.70798110961914,0.08992123603820801,0
9005.33679695789,52.3433952331543,0.17646685242652893,0
9007.413407733718,51.56618881225586,0.2793577313423157,0
9009.485551351081,50.859840393066406,0.320926308631897,0
9011.55817166236,52.137908935546875,0.3341890871524811,0
9013.636217073454,50.059242248535156,0.3632441461086273,0
9015.709792239928,52.1741943359375,0.3481021225452423,0
9017.788795005557,48.402191162109375,0.35318082571029663,0
9019.863325467128,52.20989227294922,0.33787238597869873,0
9021.943286028345,49.54152297973633,0.34406256675720215,0
9024.018772225116,54.25722885131836,0.3059390187263489,0
9026.094735884759,53.149871826171875,0.2955276668071747,0
9028.176133395455,51.00704574584961,0.30566081404685974,0
9030.253053450571,54.7279167175293,0.3094891309738159,0
9032.335409860114,51.82358169555664,0.3383689224720001,0
9034.413286751316,52.30465316772461,0.3398727774620056,0
9036.49660250147,50.46506881713867,0.3144508898258209,0
9038.57543666957,49.69359588623047,0.25951477885246277,0
9040.654749070738,51.33201217651367,0.2578859031200409,0
9042.739504088317,48.838401794433594,0.2998628318309784,0
9044.819774427724,53.08864212036133,0.3204818069934845,0
9046.90548989095,50.07864761352539,0.31537681818008423,0
9048.986718609916,53.83092498779297,0.2303481101989746,0
9051.07339496127,50.84780502319336,0.16397185623645782,0
9053.155582501318,50.737247467041016,0.21256129443645477,0
9055.238249045875,45.15411376953125,0.33371415734291077,0
9057.326366986339,45.12369155883789,0.3764697313308716,0
9059.409993014386,44.259456634521484,0.38092002272605896,0
9061.499072949795,44.35810852050781,0.37602144479751587,0
9063.583658903364,46.832435607910156,0.3586091995239258,0
9065.67370127691,46.72093963623047,0.35691556334495544,0
9067.75924759824,49.79726791381836,0.3362686038017273,0
9069.850252853315,45.73098373413086,0.3406153619289398,0
9071.936759984848,47.257118225097656,0.31609082221984863,0
9074.023747114603,50.98657989501953,0.2898017466068268,0
9076.116196949431,48.06206512451172,0.3129318952560425,0
9078.204145553167,48.509552001953125,0.33612459897994995,0
9080.297559378643,51.680084228515625,0.3142379820346832,0
9082.386469899311,48.549678802490234,0.32190805673599243,0
9084.480848159545,50.07354736328125,0.32141658663749695,0
9086.5707210403,50.431358337402344,0.3196330666542053,0
9088.661074693564,49.56926345825195,0.3042970895767212,0
9090.756899863803,49.415279388427734,0.30480435490608215,0
9092.848216542006,48.610050201416016,0.276627779006958,0
9094.945007257907,47.41975784301758,0.27018773555755615,0
9097.037287404712,48.378562927246094,0.29483562707901,0
9099.135044111103,48.54183578491211,0.31009945273399353,0
9101.228288170378,52.45272445678711,0.2735643982887268,0
9103.322013777699,51.97736358642578,0.24417123198509216,0
9105.42121972811,51.70463562011719,0.24389523267745972,0
9107.515909913827,47.162322998046875,0.2856915593147278,0
9109.616082967425,49.60480499267578,0.30674049258232117,0
9111.711738175916,49.721763610839844,0.32787543535232544,0
9113.812878778243,47.32041931152344,0.35314100980758667,0
9115.909499454096,50.71125030517578,0.32950901985168457,0
9118.00660245478,49.89796829223633,0.32851463556289673,0
9120.109194638906,50.21436309814453,0.31435859203338623,0
9122.20726377395,51.31141662597656,0.31586953997612,0
9124.310824621298,51.57892990112305,0.3242092728614807,0
9126.409860335796,47.82110595703125,0.3467113673686981,0
9128.514390292632,47.55909729003906,0.34246861934661865,0
9130.614393031887,48.39143753051758,0.31877753138542175,0
9132.714878874014,49.37094497680664,0.3076077997684479,0
9134.820862754199,49.47470474243164,0.31252092123031616,0
9136.922316289158,48.31549835205078,0.3089323937892914,0
9139.029270395116,49.69257736206055,0.3054785132408142,0
9141.131692068722,48.23103713989258,0.32769832015037537,0
9143.23961684744,50.79771423339844,0.3134564757347107,0
9145.343007105714,47.21607208251953,0.3127771317958832,0
9147.446881246153,49.060543060302734,0.30099883675575256,0
9149.556262293547,48.260215759277344,0.3022744655609131,0
9151.661105687805,49.8775520324707,0.28313925862312317,0
9153.771458526047,49.58734130859375,0.2573949098587036,0
9155.877271620659,48.26034927368164,0.2566473186016083,0
9157.988596697453,51.48177719116211,0.2533547878265381,0
9160.09537993916,50.73103713989258,0.2519155442714691,0
9162.202647843582,49.102176666259766,0.24843335151672363,0
9164.315431538162,51.7889404296875,0.2559084892272949,0
9166.423670259908,47.061038970947266,0.3003586232662201,0
9168.537427312936,51.40005111694336,0.2931995093822479,0
9170.646637299264,50.234989166259766,0.29228633642196655,0
9172.761368159163,48.59811782836914,0.2976495623588562,0
9174.87154985753,49.67976379394531,0.28553202748298645,0
9176.982217000424,50.6865348815918,0.27349185943603516,0
9179.098408831009,49.954551696777344,0.29093703627586365,0
9181.210048357256,49.51904296875,0.2980445921421051,0
9183.327215116415,50.50333023071289,0.29352545738220215,0
9185.439827473989,51.7741813659668,0.28498515486717224,0
9187.55796961087,49.24524688720703,0.2978014349937439,0
9189.671555247956,49.355506896972656,0.30382880568504333,0
9191.785627112642,51.31116485595703,0.28933727741241455,0
9193.905232576903,53.27968978881836,0.27283939719200134,0
9196.020278393495,50.236167907714844,0.2806294858455658,0
9198.140860358988,51.70271682739258,0.18243204057216644,0
