specObjID,plate,mjd,fiberID,ra,dec,z,h_alpha_flux,h_alpha_flux_err,h_beta_flux,h_beta_flux_err,oiii_5007_flux,oiii_5007_flux_err,nii_6584_flux,nii_6584_flux_err,lgm_tot_p50,lgm_tot_p16,lgm_tot_p84,sfr_tot_p50
299489677444933632,266,51630,1,146.71421,-1.0413043,0.02122228,472.5904,10.04917,119.4956,6.650275,68.39606,6.610639,224.1136,8.453454,10.29471,10.20275,10.38957,-0.5273424
299490502078654464,266,51630,4,146.62857,-0.76513683,0.06465632,99.40005,3.448143,25.64047,2.906838,21.44437,3.302969,51.59155,3.155578,10.56586,10.4713,10.65747,-1.15523
299491051834468352,266,51630,6,146.63167,-0.98827781,0.05265425,127.3058,2.640886,38.33226,2.279489,35.46671,2.388157,25.78963,1.602235,9.363875,9.29432,9.457402,-0.4110092
299492701101910016,266,51630,12,146.9639,-0.54500256,0.05598059,195.5197,3.023592,42.86956,2.540211,16.26119,2.387796,61.2213,2.193481,9.958716,9.864082,10.05901,-0.1258186
299493250857723904,266,51630,14,146.94999,-0.59220225,0.06477907,229.1325,3.449572,60.80691,2.776852,29.73346,2.717081,73.87218,2.368429,9.767632,9.688359,9.858889,-0.2007935
299494075491444736,266,51630,17,146.59272,-0.76025604,0.06495924,206.2126,3.444913,46.94843,2.55519,14.43169,2.63401,74.37387,2.565654,10.13885,10.05214,10.23553,0.0820602
299499298171676672,266,51630,36,147.32951,0.028902695,0.04808582,510.6647,6.506711,91.71097,3.794378,55.35548,3.821943,367.8763,5.501723,10.64257,10.55161,10.73338,-0.02475803
299500672561211392,266,51630,41,146.57134,-0.95721148,0.06518305,351.3045,4.348549,66.98206,2.776938,18.08399,2.641367,147.909,3.140503,10.67823,10.5874,10.77742,0.6109347
299500947439118336,266,51630,42,146.56561,-1.0847419,0.09755617,169.8101,5.768546,24.93788,4.248411,135.8997,5.443582,248.9264,5.930826,10.67565,10.57952,10.76747,-0.7962662
299503421340280832,266,51630,51,146.51283,-0.84576492,0.06490172,1151.211,9.593594,257.9409,4.88587,95.84792,4.246964,563.4586,6.08935,10.87028,10.76188,10.96667,0.8837754
299504245974001664,266,51630,54,146.44831,-0.71339967,0.1146793,919.3564,8.633987,194.093,3.75711,203.211,8.831159,384.8589,4.72942,10.51968,10.40668,10.66229,0.675212
299506444997257216,266,51630,62,146.90125,-0.4131573,0.05654794,131.2589,4.462103,34.24051,3.790666,46.40644,4.171093,64.89413,3.72322,10.33381,10.2418,10.42076,-0.9101483
299507544508884992,266,51630,66,146.86432,-0.46407191,0.06510994,435.4091,5.183943,104.5165,3.677787,16.89602,3.199192,149.0907,3.430533,10.14619,10.05422,10.24702,0.2748753
299508644020512768,266,51630,70,146.8833,-0.49469887,0.08376556,417.9288,6.584504,79.06378,4.534498,33.67719,4.405496,225.8526,5.593966,11.29423,11.19738,11.39267,0.4195795
299508918898419712,266,51630,71,146.85967,-0.098938627,0.1253916,234.3734,3.918873,44.53191,2.885862,49.30866,3.187995,158.4377,3.405399,10.66728,10.56994,10.76627,0.3161958
299509193776326656,266,51630,72,146.85676,-0.27404021,0.02196459,168.5709,2.579092,53.58604,2.570964,111.6831,3.207255,16.38062,1.387947,8.460274,8.395155,8.551243,-1.112155
299511667677489152,266,51630,81,146.11835,-0.8681462,0.127676,204.2957,3.723447,39.90464,2.667855,19.36009,2.735669,107.4403,2.900706,10.52625,10.42412,10.62764,0.05640164
299513316944930816,266,51630,87,146.23485,-1.1527694,0.06741422,625.9243,5.773787,117.5592,3.160311,51.88348,2.842988,187.5996,2.99105,9.703469,9.605868,9.816233,0.3415436
299517714991441920,266,51630,103,146.59449,-0.13317431,0.0456523,76.40859,2.839703,15.31487,2.407868,12.30203,2.256964,17.57924,1.596452,9.605663,9.505731,9.714461,-0.4948
299517989869348864,266,51630,104,146.74174,-0.52469154,0.1315038,174.6208,3.75349,39.86888,2.717322,68.8668,2.989341,129.9966,3.173395,10.57511,10.48054,10.67777,0.3770837
299518539625162752,266,51630,106,146.62966,-0.46568888,0.0893447,143.5105,3.736548,28.48076,3.250213,33.11293,3.538887,116.9966,3.449952,10.79986,10.70343,10.89749,-0.04048941
299518814503069696,266,51630,107,146.49052,-0.36931044,0.1231987,555.7532,6.709946,111.3009,4.588033,34.62197,3.919865,256.0729,4.786215,11.05481,10.9602,11.15189,1.085434
299519089380976640,266,51630,108,146.7517,-0.40839151,0.03580831,1311.788,11.60913,333.1961,5.413537,210.5195,4.986704,359.1024,4.67798,9.92328,9.845766,10.02416,0.05681415
299524586939115520,266,51630,128,145.89059,-1.0976161,0.06248942,350.3976,4.863601,83.53896,3.405174,37.32424,3.323633,129.4616,3.283788,10.24447,10.17316,10.33719,0.4240833
299528160351905792,266,51630,141,146.37378,-0.36838682,0.05290708,737.1107,8.049224,149.5079,4.917249,95.27357,4.747185,407.2752,6.169335,11.09292,10.97,11.10596,0.1309832
299529534741440512,266,51630,146,146.35204,-0.33269118,0.05217639,1334.967,10.99427,266.446,5.0481,86.13953,4.271465,489.7381,6.155217,10.31967,10.22864,10.40989,0.533149
299529809619347456,266,51630,147,146.29988,-0.12001413,0.03070351,307.6506,5.760308,58.5244,4.004864,594.889,7.784786,269.4241,5.051071,10.5907,10.50047,10.6798,-0.7614397
299530909130975232,266,51630,151,146.36539,-0.34351527,0.05248393,1031.952,8.5541,218.4372,4.912825,145.1758,4.648521,284.6306,4.713027,10.39559,10.30113,10.49203,0.2163385
299531733764696064,266,51630,154,146.39902,-0.35038267,0.05354775,376.7933,4.230413,83.58832,2.909524,70.26048,2.801459,107.1019,2.328439,9.64341,9.552347,9.743503,-0.1013138
299532008642603008,266,51630,155,146.32316,-0.029989881,0.02170876,2255.693,15.7854,663.3409,7.208734,2956.007,23.91256,85.94353,1.881054,8.618754,8.544708,8.684018,-0.276271
299532558398416896,266,51630,157,146.30086,0.035479627,0.021758,2292.528,16.9811,638.0527,8.117599,780.1143,9.821332,465.8451,5.742815,9.370238,9.286871,9.486657,-0.2561884
299532833276323840,266,51630,158,146.32958,-0.30622363,0.03645184,145.3708,2.529001,36.18832,2.318291,114.1467,3.21343,73.52751,1.929005,9.682122,9.594073,9.782871,-0.3905433
299535582055393280,266,51630,168,146.22225,-0.3758881,0.06740563,311.4394,4.491274,64.8153,2.882532,15.68244,2.852173,91.55006,3.216102,10.60537,10.5131,10.69602,0.4338767
299536681567021056,266,51630,172,146.28301,0.064056069,0.0215799,136.375,2.585506,28.29921,2.410678,28.87652,2.287023,38.69307,1.757945,8.997279,8.9031,9.090311,-1.1372
299537231322834944,266,51630,174,146.23184,0.068229156,0.02160817,0.0,-0.7688856,46.34507,6.921701,132.5827,8.37802,0.0,-0.7688856,10.83038,10.75386,10.89984,-1.88822
299538055956555776,266,51630,177,146.16563,-0.064166288,0.0632066,78.06777,4.780887,22.74333,3.988343,39.65755,4.741744,49.33593,4.546391,10.46866,10.37871,10.55623,-1.572315
299538880590276608,266,51630,180,145.99396,-0.13584762,0.0630479,59.09758,3.320358,15.02143,2.645438,18.65338,3.125456,44.0032,3.264544,10.61892,10.52513,10.71381,-0.4738789
299541354491439104,266,51630,189,145.8774,-0.050187511,0.09099656,168.7761,2.980114,37.64988,2.335013,15.99098,2.814936,66.1244,2.316749,10.70655,10.60269,10.8131,0.1077921
299544103270508544,266,51630,199,145.82273,-0.16028957,0.06265516,473.5915,4.960597,119.7019,3.138772,38.83449,2.581303,144.3199,2.701742,9.779675,9.691397,9.900231,0.01975928
299546852049577984,266,51630,209,145.59655,-1.2053233,0.1473114,1584.278,12.58163,472.8501,31.42236,1647.43,13.33863,230.83,3.172207,9.402138,9.246933,9.635912,1.436788
299548501317019648,266,51630,215,145.64788,-0.77176336,0.02165231,110.7399,2.381031,33.48423,2.171841,20.9408,2.098912,25.88362,1.644201,9.256276,9.191234,9.348593,-0.5833332
299548776194926592,266,51630,216,145.75973,-0.81389214,0.06763429,472.3678,7.710236,122.3304,5.087923,966.6317,9.964752,547.7561,7.527822,10.80751,10.7108,10.90287,-0.38664
299550150584461312,266,51630,221,145.74475,-0.076351718,0.06259136,724.7258,6.389958,194.5769,3.490486,107.4063,3.052692,229.4589,3.151566,10.07151,9.993697,10.17097,0.327821
299550700340275200,266,51630,223,145.6012,-0.001388682,0.1458226,850.1395,7.674769,109.6307,4.157013,130.8339,4.614863,427.1596,4.936272,10.94257,10.84735,11.03522,0.9163785
299552349607716864,266,51630,229,145.68939,-0.011335705,0.09768173,270.9315,3.600594,57.52115,2.602858,25.31132,2.533188,88.04391,2.432146,10.28719,10.19302,10.38187,0.3071693
299552624485623808,266,51630,230,145.70269,-0.048527481,0.09832241,486.8309,5.050817,103.9028,2.861259,27.63784,2.452554,155.741,2.850807,10.38063,10.30156,10.47236,0.7173395
299553174241437696,266,51630,232,145.64341,-0.3001479,0.1254306,141.8279,2.550789,36.50489,2.028913,60.51614,2.64468,19.75354,1.54015,9.07505,8.989124,9.223822,-0.07874525
299557297410041856,266,51630,247,145.37115,-1.0810148,0.09888671,222.7212,3.230571,49.36584,2.493793,24.30521,2.295768,80.86584,2.636434,10.75458,10.63135,10.90326,-0.004746808
299559221555390464,266,51630,254,145.39427,-0.55765535,0.1259125,655.6909,6.363143,157.7448,3.424962,80.88867,3.19178,313.3217,4.129543,10.50753,10.39972,10.62481,0.5638793
299562245212366848,266,51630,265,145.39106,-0.41559587,0.03587863,150.1607,2.613316,33.75164,2.055372,17.00939,2.137769,54.15761,1.884659,9.719369,9.627297,9.820531,-0.6342857
299565818625157120,266,51630,278,145.51958,-0.2775546,0.09826267,210.204,3.037643,52.01683,2.339695,34.71779,2.353605,61.65749,2.018251,10.28323,10.20209,10.3812,0.3088091
299567742770505728,266,51630,285,145.35048,-1.0805558,0.07141443,109.4993,2.945569,33.09707,2.57707,22.76943,2.841714,52.34507,2.657699,10.22944,10.1404,10.32597,0.05845378
299569117160040448,266,51630,290,145.1963,-0.87997986,0.118615,133.9965,4.148329,32.09054,2.476033,28.0456,2.704547,68.26641,3.145915,10.4884,10.38037,10.59056,-0.4871002
299569392037947392,266,51630,291,145.36211,-0.71402013,0.1315616,179.5962,2.84467,50.89903,2.28608,15.69489,2.10017,58.15033,1.837542,10.24234,10.17335,10.33113,0.5304826
299572415694923776,266,51630,302,145.3206,-0.25286139,0.05195406,390.5861,4.782414,100.7561,3.012126,25.6267,2.540199,151.7201,3.259198,10.07888,9.995679,10.17451,0.02538303
299576813741434880,266,51630,318,145.2754,-0.47347782,0.1482937,127.7553,3.123969,24.91961,3.866444,38.00034,3.016786,46.22643,2.578492,11.02895,10.91856,11.14643,0.5325284
299577088619341824,266,51630,319,145.16739,-0.4823431,0.06237372,118.0372,2.249772,35.12086,1.940183,21.07775,2.098637,32.00217,1.619299,9.530203,9.459841,9.624979,-0.2674824
299578188130969600,266,51630,323,145.54119,0.79539687,0.09888644,232.5851,3.154212,65.53061,2.818776,26.8483,2.318933,75.80746,2.315226,9.964664,9.897678,10.0542,0.3440312
299578463008876544,266,51630,324,145.19872,0.93266524,0.06147218,316.7157,3.869589,100.3149,3.023209,136.573,3.498331,50.85091,1.911729,9.556428,9.485744,9.648721,-0.1727699
299581211787945984,266,51630,334,145.34769,1.0774531,0.08884182,403.3705,4.359007,103.2128,3.061851,59.81681,2.790186,97.73875,2.382014,9.841748,9.747566,9.999209,0.3352649
299582036421666816,266,51630,337,145.26325,0.99193054,0.05720619,180.8174,3.342798,41.71413,2.539734,15.20661,2.510475,65.8357,2.419622,10.17545,10.08314,10.23681,-0.2453488
299583135933294592,266,51630,341,145.34123,0.54730699,0.09790488,174.8124,3.792407,33.71523,2.95185,18.5977,2.937178,72.38217,3.110757,10.69117,10.59619,10.78826,0.6518281
299588083735619584,266,51630,359,145.28856,0.34651307,0.06460119,155.0861,2.713421,32.05624,2.166479,12.76922,2.183434,46.9244,1.971767,9.92829,9.843597,10.02864,0.03468393
299591107392595968,266,51630,370,145.61284,0.97233302,0.05735964,404.0885,4.68324,106.4664,3.231663,53.55283,3.116404,130.4489,2.82396,9.639505,9.566569,9.733171,-0.1979035
299592481782130688,266,51630,375,145.7134,1.167356,0.06218995,0.0,-0.8174241,72.68593,3.833393,26.1153,3.02151,0.0,-0.8174241,10.17625,10.07797,10.27583,-0.6459082
299593581293758464,266,51630,379,145.66358,0.97364599,0.1353705,600.7238,6.603685,129.7674,3.651696,26.49664,3.401081,234.5796,4.26261,10.90862,10.82504,11.00753,1.208628
299594680805386240,266,51630,383,145.59403,0.30938427,0.04570889,586.3332,6.867763,113.9731,3.847119,37.4241,3.757887,269.3496,4.707122,10.50634,10.40837,10.60452,0.220492
299597154706548736,266,51630,392,145.47131,0.15515025,0.1225,576.2369,6.277106,121.3313,3.905878,452.449,5.716667,520.5421,5.17182,10.83282,10.73276,10.92868,0.5681606
299599078851897344,266,51630,399,145.55565,0.18343852,0.120346,96.39385,3.502309,29.89396,2.659805,14.3692,2.793613,47.33845,3.237979,10.52048,10.41586,10.61769,-0.7429063
299600178363525120,266,51630,403,145.99263,0.78807767,0.03801033,993.2001,9.111692,214.1007,4.768551,107.3838,4.515635,380.6035,5.656456,10.11601,10.02681,10.20623,0.4564192
299601277875152896,266,51630,407,145.89128,1.1165244,0.05158934,3601.152,23.90178,998.5123,10.1605,2524.677,20.69341,441.258,4.637217,8.311054,8.141227,8.574471,0.4230646
299602377386780672,266,51630,411,146.01513,0.8235057,0.1232092,102.78,3.917822,20.05196,3.250397,35.29883,3.139234,74.64108,3.427151,10.8927,10.79336,10.98929,0.06027856
299602927142594560,266,51630,413,146.01225,0.76563817,0.0374546,725.4607,6.299401,214.1368,3.881145,197.4061,3.864455,161.5144,2.73844,9.420765,9.328526,9.548104,-0.3197586
299604851287943168,266,51630,420,145.89356,1.0284222,0.05329375,267.5282,3.874518,61.06378,2.786848,21.92434,2.540144,86.58644,2.464135,10.00599,9.924275,10.09746,0.04179282
299607050311198720,266,51630,428,145.79259,0.52472729,0.1222728,196.0961,5.006794,43.1407,3.539336,50.93515,3.686884,132.1341,3.75264,10.689,10.58738,10.79093,0.335008
299607600067012608,266,51630,430,145.80019,0.41417226,0.02524959,374.9436,5.602103,70.19812,3.546628,49.28839,3.722379,198.3827,4.582889,10.64084,10.54976,10.73814,-0.06158126
299608424700733440,266,51630,433,145.79648,0.56150148,0.07998672,198.1381,3.222979,53.30949,2.711504,34.14091,2.705215,51.09724,2.075826,9.866174,9.787848,9.960643,0.07959186
299609249334454272,266,51630,436,145.72946,0.12689565,0.03669919,225.3687,3.504264,49.74669,2.491828,15.15882,2.424595,89.19385,2.776854,10.07409,9.981021,10.16908,-0.3499999
299609799090268160,266,51630,438,145.77515,0.32021602,0.02492348,2154.871,15.82008,695.6219,7.29741,4605.134,32.47083,51.04001,1.513543,8.344721,8.297695,8.399385,-0.2318827
299610073968175104,266,51630,439,145.76582,0.13534552,0.123279,236.8927,4.493991,56.34292,3.604278,146.4084,4.171804,173.0037,3.981126,10.66705,10.56318,10.76319,-0.4363673
299615021770500096,266,51630,457,146.12635,0.75790423,0.1241094,147.9404,5.130025,29.45722,4.218459,215.3123,4.913185,125.6447,4.285956,10.87543,10.7813,10.96999,-0.9132857
299616945915848704,266,51630,464,145.92821,0.53113356,0.03047678,77.74821,2.379075,23.93297,2.521744,14.54816,2.602245,19.76946,1.734667,9.560891,9.483556,9.656876,-0.5566664
299617220793755648,266,51630,465,146.05095,0.44008916,0.08006686,887.5396,7.529619,197.7811,4.082595,96.68105,3.558557,252.1798,3.588517,10.38975,10.29985,10.49999,0.5795317
299617770549569536,266,51630,467,145.94781,0.46529716,0.0303838,200.2706,4.791296,44.90566,3.0527,38.5819,3.440107,86.59311,3.292519,10.39088,10.29915,10.48203,-0.2571291
299618045427476480,266,51630,468,146.06202,0.30231485,0.1222152,190.735,5.154664,47.87605,3.846734,173.4187,4.731881,167.8519,4.113263,10.76661,10.66897,10.86924,-0.007015522
299619969572825088,266,51630,475,145.93972,0.11688777,0.1454365,309.0901,4.535244,66.13542,3.096109,14.76035,2.806496,104.2506,2.910951,10.67866,10.5943,10.77316,0.7649049
299621069084452864,266,51630,479,145.93858,0.15101524,0.08002961,263.7695,3.175677,71.70961,2.448429,69.72427,2.577072,57.32608,1.670398,9.637386,9.571494,9.725523,0.111839
299621343962359808,266,51630,480,145.97847,0.29494694,0.1256616,115.1415,4.170919,26.89888,3.686138,18.70492,3.50337,52.58656,3.543383,11.14941,11.04884,11.25292,0.007689876
299622718351894528,266,51630,485,146.25172,0.506149,0.03735736,459.367,4.848978,94.31874,3.305722,87.5701,3.325171,131.3241,2.92366,9.547865,9.455293,9.640102,-0.333807
299623817863522304,266,51630,489,146.08981,0.65983497,0.03610206,56.51643,1.956962,15.24712,2.175401,15.74001,2.28521,20.85264,1.516511,9.533856,9.428717,9.642643,-1.197285
299625742008870912,266,51630,496,146.17224,0.57064832,0.1443569,173.359,3.039831,41.44617,2.804401,15.18344,2.650295,63.29676,2.475496,10.52166,10.43293,10.6166,0.5626905
299627941032126464,266,51630,504,146.40623,0.6041419,0.05756393,159.557,3.218228,36.79979,2.853023,22.10358,2.902605,44.34494,2.140167,9.735383,9.649574,9.832218,-0.2059492
299628490787940352,266,51630,506,146.46299,0.63870908,0.03032346,1473.619,11.88737,317.4383,5.827258,85.59758,4.441088,505.576,5.605134,10.07582,9.963053,10.18785,0.2455383
299630140055382016,266,51630,512,146.51535,0.16677959,0.04892132,507.958,5.551169,128.0497,3.680076,45.90336,3.107361,182.7587,3.413367,9.786887,9.721808,9.876781,0.08696627
299632339078637568,266,51630,520,146.58882,0.1725996,0.05742602,225.8311,5.138267,53.42515,4.097387,38.00491,4.35134,132.5258,4.488177,10.44229,10.34373,10.53327,-0.3882968
299634263223986176,266,51630,527,146.39189,0.97823298,0.06153553,77.01791,2.155873,15.91509,2.291965,26.32885,2.273408,14.35056,1.414333,9.539064,9.466505,9.635831,-0.03008004
299635637613520896,266,51630,532,146.53089,0.7819304,0.02025769,155.941,2.916511,50.22465,3.523444,73.61599,3.965743,11.30263,1.647674,8.306102,8.252028,8.37967,-1.207801
299637836636776448,266,51630,540,146.5912,0.89671788,0.02630387,184.5013,3.00137,51.13116,3.045956,36.91146,2.759681,44.08714,1.904889,9.077971,8.998153,9.175884,-0.9228603
299638386392590336,266,51630,542,146.78188,0.70441663,0.08525799,111.7934,2.556624,33.0836,2.810834,13.6483,2.66028,33.79543,1.974431,9.944739,9.85008,10.0592,-0.4007896
299638661270497280,266,51630,543,146.8068,0.66563514,0.0200758,853.0652,10.24324,156.3904,5.302642,70.22443,5.325087,515.1613,8.314297,9.863219,9.755301,9.962021,-0.6832175
299639211026311168,266,51630,545,146.79909,0.70274154,0.03053254,2139.695,15.96448,612.728,7.618419,1053.112,10.97926,351.6221,4.485957,9.564083,9.47232,9.745411,0.510581
299640585415845888,266,51630,550,146.61129,0.69305476,0.02518325,229.0997,3.249729,68.75723,3.336348,114.6989,3.820442,31.27232,1.721761,8.826766,8.752969,8.937211,-0.780873
299649656386775040,266,51630,583,146.8769,0.36161608,0.1258487,1001.9,8.549173,234.3673,4.26445,152.4512,4.071981,407.2336,4.751184,10.70791,10.61581,10.82463,1.084822
299652130287937536,266,51630,592,147.03909,0.52560708,0.06346273,516.7769,4.336855,134.6182,2.004113,120.4238,2.013692,113.3248,1.411529,9.582463,9.258946,9.872376,0.1788332
299652954921658368,266,51630,595,146.88773,0.21745855,0.06296776,254.0052,4.060719,40.674,3.036987,15.48976,3.004034,132.8655,3.181401,10.42633,10.3274,10.52983,-0.2375593
299653229799565312,266,51630,596,146.97831,0.38903265,0.07030654,285.4309,3.436531,66.73431,2.613403,53.36222,2.536451,75.6659,2.031482,9.365223,9.255149,9.526814,0.07446159
299654054433286144,266,51630,599,146.95764,0.39340648,0.06987419,604.0031,6.696008,120.2294,3.531661,43.16371,3.142366,192.3833,3.382054,10.26434,10.19475,10.35321,0.6089147
299654329311193088,266,51630,600,147.11309,0.44008895,0.06238846,244.7573,4.562272,76.61945,3.449817,524.8609,6.523363,171.0604,3.48332,10.23831,10.14397,10.32692,-1.345935
299658727357704192,266,51630,616,146.84222,0.74084309,0.02013125,473.6742,4.980221,116.5431,3.381064,105.9001,3.362133,128.7748,2.614155,9.300351,9.197773,9.401096,-0.991119
299661201258866688,266,51630,625,147.17998,0.49299324,0.06260023,122.8106,2.473173,29.06633,2.158391,28.77853,2.105381,30.25807,1.433975,9.331306,9.259628,9.453248,-0.0418992
299661476136773632,266,51630,626,147.12735,0.50446172,0.08605687,74.91304,2.266917,17.67595,2.309391,14.21761,2.328523,49.63749,2.182207,10.50141,10.40784,10.59428,-0.2281457
299663125404215296,266,51630,632,147.32681,0.2454933,0.09284572,98.09557,2.536072,27.12378,2.310349,17.24143,2.353659,44.43774,2.213493,10.65635,10.56483,10.75735,0.4698959
299664774671656960,266,51630,638,147.19292,0.27191843,0.02016207,2891.112,21.44574,794.5548,9.272701,626.6895,9.35099,740.2675,7.623108,9.370326,9.296456,9.50381,-0.07398286
300615576982677504,267,51608,1,148.59859,-0.73222758,0.04655848,212.5971,3.508145,74.67915,2.687029,104.2611,3.149531,42.20855,1.772798,9.622324,9.530331,9.738407,-0.2669785
300616126738491392,267,51608,3,148.6669,-0.89910499,0.09342866,121.1885,5.431174,24.16568,4.469627,34.30636,4.512201,133.5011,5.083827,11.0098,10.9201,11.09481,-0.7992526
300617501128026112,267,51608,8,148.73288,-0.76115921,0.08627161,266.537,5.180221,64.29639,4.022976,27.43689,3.998506,123.455,4.317158,10.97769,10.884,11.07403,0.4647422
300620799662909440,267,51608,20,148.72704,-1.1209844,0.08433501,255.8474,3.203324,62.44374,2.522492,12.67478,2.276222,98.81001,2.212105,10.07819,9.975739,10.1838,0.2422513
300622998686164992,267,51608,28,149.19127,-0.25953399,0.07061857,197.9253,4.749385,56.44421,3.823157,128.8982,5.090958,153.9535,4.527078,10.16462,10.07389,10.26304,0.08035678
300623273564071936,267,51608,29,149.1499,-0.49002964,0.08809023,55.78424,2.526301,16.89307,2.343119,14.49268,2.75703,37.46064,2.574049,10.431,10.33112,10.52697,-0.402063
300628221366396928,267,51608,47,148.4325,-1.0264118,0.1102809,960.9924,8.588178,160.043,4.352494,711.9967,7.452432,708.8573,6.789004,11.07725,10.98155,11.17287,0.7602202
300631245023373312,267,51608,58,148.50439,-0.7917225,0.0891128,228.8008,2.936457,60.60601,2.051957,58.85229,2.196884,53.63553,1.645658,9.847684,9.788057,9.929645,0.376092
300631794779187200,267,51608,60,148.45399,-0.79593592,0.08940861,875.5927,7.129237,196.5765,3.698131,56.91388,2.927918,352.4027,4.041708,10.33737,10.2452,10.43735,0.5681639
300632619412908032,267,51608,63,149.09028,-0.25137208,0.02139691,1253.103,10.34363,293.0078,4.646025,109.8257,3.454516,380.4087,4.460206,9.548556,9.4619,9.646119,-0.3263336
300633444046628864,267,51608,66,149.06268,-0.029201504,0.06383968,497.6858,5.561821,112.1052,3.298527,20.10443,2.90599,207.3628,3.694206,10.2292,10.1399,10.32755,0.3829436
300633718924535808,267,51608,67,149.11249,0.1297301,0.04578607,404.6502,4.871091,91.85473,2.895476,85.69548,3.021172,91.56993,2.597965,10.0368,9.96052,10.12765,0.07085373
300638391848953856,267,51608,84,148.35708,-1.0615241,0.08362079,203.1273,4.996762,56.25274,3.753434,255.691,5.128017,277.184,4.81763,11.02841,10.93634,11.12277,0.3178225
300638941604767744,267,51608,86,148.39456,-0.88771162,0.13728,96.90291,3.922285,17.37077,3.08075,98.33616,4.087401,99.79275,3.4381,11.2901,11.18837,11.39324,-0.5407047
300639491360581632,267,51608,88,148.24551,-0.97315015,0.04863385,821.1564,7.370894,185.9286,3.838354,130.6652,3.709748,218.9889,3.542726,9.94955,9.874758,10.04868,0.183914
300639766238488576,267,51608,89,148.35353,-0.90500968,0.1375007,174.0884,3.305641,38.97179,2.534952,63.26905,3.147506,124.1617,2.851237,10.61777,10.52183,10.71705,0.3749826
300640590872209408,267,51608,92,148.36573,-1.0232385,0.1467323,483.593,5.236706,109.484,5.37523,27.90955,2.770728,288.652,3.45208,10.00533,9.918778,10.11549,0.4422228
300644164284999680,267,51608,105,148.87361,-0.29058415,0.1354369,164.0225,3.250294,45.68753,2.303758,13.09859,2.553002,74.49374,2.697261,10.79502,10.71426,10.88966,0.8989325
300644714040813568,267,51608,107,148.97947,-0.19030594,0.02094694,49.14135,3.021232,18.50891,2.49609,29.85291,3.246228,29.0288,3.132327,10.27903,10.17964,10.3834,-0.5873457
300645813552441344,267,51608,111,148.79165,-0.021022616,0.08521271,144.6992,2.91601,17.52187,2.282252,12.52802,2.299657,61.60482,2.38296,10.63641,10.5361,10.74419,0.1749027
300646363308255232,267,51608,113,148.9724,0.094808663,0.08464247,129.9941,2.417264,32.22066,1.996921,21.52588,1.999836,46.02188,1.820856,10.14994,10.05614,10.24455,0.05300877
300646913064069120,267,51608,115,148.84264,-0.078736738,0.08793307,72.34141,2.107149,18.22849,1.813968,12.8526,2.011326,28.66508,1.839836,10.2766,10.18959,10.36892,0.2371759
300648012575696896,267,51608,119,148.95481,-0.0020917873,0.1248562,172.4987,3.365013,46.60953,2.753104,27.57891,2.640432,76.3737,2.846534,10.49663,10.40538,10.59386,0.4144873
300649386965231616,267,51608,124,148.09525,-1.1431802,0.04876426,102.7766,2.097193,31.3578,1.928037,28.25503,1.96263,16.22527,1.283019,9.315481,9.251305,9.402247,-0.2733917
300650761354766336,267,51608,129,148.2123,-1.1734604,0.08359117,145.1428,3.636704,36.98163,3.066018,32.4646,3.469229,90.51871,3.370343,10.83213,10.73917,10.93536,0.354512
300651036232673280,267,51608,130,147.99099,-1.1068001,0.07459193,1732.984,12.62226,426.2533,5.720361,177.5252,4.512386,754.5494,6.491689,10.24318,10.15913,10.34509,0.676011
300651585988487168,267,51608,132,148.00631,-1.0176983,0.108012,135.0494,4.687079,27.57534,3.3701,35.33691,3.637091,82.54055,3.542251,10.78305,10.67975,10.88938,-0.1821404
300652410622208000,267,51608,135,148.00219,-0.78406217,0.132866,146.121,3.083715,29.37436,2.223124,13.06574,2.547204,54.43324,2.320663,10.50689,10.41844,10.59426,0.7059128
300653785011742720,267,51608,140,148.03294,-1.1427995,0.08339076,136.4809,3.940536,22.34612,3.320544,52.73117,3.846022,149.6109,3.836601,10.4502,10.32825,10.57431,-1.338601
300654334767556608,267,51608,142,148.54937,-0.066125284,0.0475889,158.4125,2.595488,42.71885,2.001095,43.8336,1.999932,27.02734,1.431815,9.488363,9.427135,9.571453,0.01522352
300655434279184384,267,51608,146,148.58493,-0.31146803,0.02968988,39.28343,1.473909,15.30469,1.505966,21.22053,1.851103,6.298053,1.095224,8.576424,8.513987,8.649391,-0.808125
300657083546626048,267,51608,152,148.72889,0.18885939,0.0944446,196.4521,2.778513,44.83024,2.013663,19.76693,1.888765,56.54558,1.786835,10.06941,9.997887,10.16025,0.3579999
300657358424532992,267,51608,153,148.43474,-0.090464332,0.08368891,649.7175,6.220168,134.8891,3.350105,40.89649,2.977184,329.9208,4.12891,10.77691,10.69475,10.87785,0.9586749
300658732814067712,267,51608,158,148.69239,0.042002604,0.103538,733.8729,6.793257,209.273,3.613756,366.8779,4.95212,126.7331,2.517758,9.73715,9.612437,9.908228,0.5010959
300659557447788544,267,51608,161,148.10352,-0.46224293,0.106981,283.6448,3.75158,70.57777,2.381278,23.34986,2.239243,106.8202,2.771751,10.23378,10.15535,10.32833,0.3965435
300660382081509376,267,51608,164,148.18303,-0.058259826,0.04565335,559.7024,7.05019,129.3916,3.96503,24.06569,3.557712,199.7853,4.817954,10.62687,10.54474,10.72119,0.62
300662581104764928,267,51608,172,148.40568,-0.041013942,0.1110355,661.7244,6.191997,135.8446,3.07524,62.87858,2.784092,257.8566,4.055047,10.5958,10.50155,10.69852,0.9414937
300662855982671872,267,51608,173,148.24054,0.11791934,0.08234423,205.8799,3.045944,46.9252,2.253267,16.82545,2.152422,71.37787,2.146207,10.16364,10.08866,10.25352,0.3407368
300664230372206592,267,51608,178,148.12516,-0.41786911,0.05177494,151.0803,4.412542,32.35971,3.28867,19.38296,3.56437,102.9211,4.279146,10.55623,10.4666,10.65234,0.0322901
300665055005927424,267,51608,181,147.8307,-0.17603576,0.03704123,142.7995,2.539015,38.72056,2.020909,61.89884,2.543088,20.31067,1.559555,9.11881,9.031665,9.227972,-0.6792246
300665329883834368,267,51608,182,147.72827,0.13585898,0.08011292,166.6004,3.439218,48.60486,2.687743,33.17283,2.81045,63.6263,2.676329,10.23796,10.14023,10.33438,-0.2570093
300665604761741312,267,51608,183,147.92467,-0.23894113,0.06465202,302.0594,3.924648,66.28398,2.594217,28.85373,2.583353,115.9089,2.801136,9.972538,9.880946,10.06606,-0.07868595
300666429395462144,267,51608,186,147.86306,-0.16839547,0.1258022,322.898,4.425548,68.62122,2.804698,14.56087,2.467841,107.7153,2.848806,10.67832,10.59114,10.78139,0.9499127
300666979151276032,267,51608,188,147.78785,0.0098501986,0.1327755,213.6901,5.589685,41.74068,3.397546,71.88594,4.524001,219.5685,5.208125,11.03869,10.92292,11.14492,0.05964404
300667254029182976,267,51608,189,147.90346,-0.3177735,0.0792563,150.9513,3.859812,34.89052,2.978564,26.64145,3.100027,89.92256,3.384989,10.64978,10.55296,10.74464,-0.1255503
300668353540810752,267,51608,193,147.85775,-0.04388436,0.07448252,113.5525,2.372455,29.64138,1.916025,10.94909,1.784128,37.02156,1.673235,9.783442,9.709517,9.875787,-0.07528552
300669727930345472,267,51608,198,147.81045,0.046493486,0.1333251,242.1171,3.539927,44.05736,2.231546,11.61989,2.240019,125.6245,2.698405,10.68994,10.58842,10.78647,0.9699833
300670277686159360,267,51608,200,147.77579,0.05411649,0.08020487,167.4065,2.650855,45.88344,2.083282,13.65809,1.842152,56.78626,1.834561,9.930161,9.848987,10.0285,-0.05630505
300672751587321856,267,51608,209,147.90662,-1.1703902,0.06287614,151.5709,2.673202,39.58074,1.982732,15.4572,1.973304,51.24837,1.807892,9.807639,9.731225,9.899595,-0.1488666
300674125976856576,267,51608,214,147.80929,-0.72849148,0.03680692,323.2633,3.871348,70.00838,2.275418,27.10915,2.110068,108.3483,2.333258,10.06454,9.97729,10.15662,-0.200828
300675775244298240,267,51608,220,147.65921,-1.0037984,0.03727411,172.9532,2.501132,46.19492,1.896508,26.81836,1.894686,50.81336,1.801032,9.590242,9.52142,9.681688,-0.2371874
300676325000112128,267,51608,222,147.64572,-0.27665868,0.06367001,270.1227,4.424151,59.54145,3.084947,27.02074,3.017359,117.5956,3.327346,10.22881,10.13387,10.32212,-0.06385112
300676599878019072,267,51608,223,147.82997,-0.44150459,0.08107782,89.55761,2.406978,17.90499,1.967553,16.80273,2.139389,40.15483,2.101715,10.52183,10.41883,10.63025,0.009345332
300678249145460736,267,51608,229,147.86931,-0.56269163,0.0371546,732.1072,6.706946,147.4689,3.155749,68.83253,2.763731,215.644,3.309934,9.880125,9.791718,9.970487,-0.05909066
300678798901274624,267,51608,231,147.8548,-0.36901139,0.07910439,367.6431,4.601235,76.19621,2.945373,21.31556,2.582665,138.4123,3.062431,10.49521,10.41067,10.5903,0.6323105
300679073779181568,267,51608,232,147.7359,-0.31801106,0.05252608,257.3629,3.982412,65.85088,2.673676,24.48704,2.558568,95.99925,2.815305,9.910865,9.82613,10.00735,-0.1872817
300682372314064896,267,51608,244,147.40154,-0.83309354,0.08136618,354.9441,4.05916,77.33115,2.755032,24.42945,2.396262,113.7861,2.519552,10.13407,10.04639,10.22901,0.2234096
300685670848948224,267,51608,256,147.60714,-0.75427855,0.1256663,178.9259,3.338372,48.07443,2.419599,29.85422,2.328833,78.98722,2.500422,11.07409,11.04677,11.13667,0.7976806
300685945726855168,267,51608,257,147.52334,-0.84953021,0.09255436,240.4535,3.223991,56.27959,2.139345,15.56774,1.923998,71.10073,1.8552,9.848537,9.777802,9.941079,0.201619
300686770360576000,267,51608,260,147.42829,-0.84007574,0.08097252,73.12326,4.779845,31.29603,4.112629,37.87999,3.802993,63.11119,3.921458,10.87984,10.7875,10.96304,-0.9462859
300687594994296832,267,51608,263,147.43725,-0.34209863,0.09523784,78.36694,2.611777,19.99411,2.19906,42.78285,2.72123,44.62761,2.202727,10.51907,10.42279,10.61689,0.2226197
300688969383831552,267,51608,268,147.56782,-0.28138654,0.1259008,121.7341,3.701471,30.5525,2.743062,21.48228,2.88918,88.82385,3.179532,10.73571,10.6389,10.83502,-0.06031256
300691993040807936,267,51608,279,147.4905,-0.31634141,0.06365392,205.4111,3.441482,49.79659,2.463042,14.78505,2.39604,72.0042,2.355003,10.14175,10.06406,10.23778,0.2553846
300695291575691264,267,51608,291,147.07152,-1.2306963,0.06696795,213.6567,3.545455,57.40089,2.835768,49.01106,3.024706,69.56985,2.487296,10.08787,9.997892,10.18643,-0.06720676
300695566453598208,267,51608,292,147.22992,-0.89837162,0.08512671,171.8185,2.670748,43.74771,2.293757,42.19922,2.544891,40.58176,1.791486,9.983566,9.917219,10.07059,0.4029852
300696391087319040,267,51608,295,147.07786,-0.87301304,0.06685378,153.4416,3.742943,40.20667,3.001977,29.25554,3.328949,78.76233,3.169369,10.63173,10.53671,10.73452,0.03470102
300698040354760704,267,51608,301,146.78847,-0.31065752,0.05661373,86.15946,2.05165,21.42213,1.931363,20.60324,1.93604,15.16521,1.368317,9.405702,9.318319,9.504146,-0.3492937
300698864988481536,267,51608,304,147.34191,-0.54030367,0.1253882,375.5125,4.464956,87.45477,2.895989,29.80406,2.606321,132.4469,2.958981,10.3644,10.28335,10.4509,0.6928027
300699139866388480,267,51608,305,147.36287,-0.32793275,0.036578,190.5719,2.972147,49.47713,2.046206,51.20166,2.374477,43.35619,1.888904,9.297723,9.220586,9.399889,-0.5551799
300699414744295424,267,51608,306,147.22073,-0.29316914,0.08420008,80.78886,6.229854,25.76162,4.800033,47.07151,5.371298,125.7663,6.366876,11.29601,11.20166,11.38529,-0.9864712
300700239378016256,267,51608,309,147.39152,-0.24981181,0.03620402,181.898,2.998813,41.81347,2.17581,16.31828,2.09271,59.38943,2.069721,9.793032,9.703703,9.886352,-0.4782557
300701613767550976,267,51608,314,147.40538,0.11135887,0.06903543,240.6416,3.406973,63.58613,2.517336,20.62229,2.343444,90.13706,2.346674,9.954155,9.874044,10.04603,-0.05035771
300702713279178752,267,51608,318,147.49765,0.10419984,0.08416865,77.96598,1.978819,22.90193,1.92491,20.20629,2.191805,16.92961,1.493205,9.928359,9.847779,10.02784,0.05157023
300703263034992640,267,51608,320,147.37888,-0.38506069,0.1163653,396.0972,4.593658,90.2422,2.710786,67.93123,2.764414,104.9147,2.447429,10.1613,10.09324,10.25238,0.6751044
300705462058248192,267,51608,328,147.24571,1.1384966,0.02552898,318.014,3.685425,82.50459,3.035689,113.5187,3.009628,61.67018,1.792972,9.284393,9.167809,9.409682,-1.020794
300705736936155136,267,51608,329,147.19636,1.0532201,0.02726925,283.4354,7.783105,80.64535,5.582968,112.5854,6.458562,174.2049,7.089195,10.3834,10.29413,10.47823,-0.1630996
300707111325689856,267,51608,334,147.30638,1.1777612,0.02502265,132.1454,3.792178,35.75417,3.186168,24.1864,3.934504,71.00978,3.572607,9.871923,9.787072,9.972424,-0.3139794
300707935959410688,267,51608,337,147.20183,0.92040828,0.02855049,43.80646,1.709719,14.86939,2.184654,17.43116,2.150306,7.199251,1.244774,9.082833,9.013775,9.17522,-0.655131
300710959616387072,267,51608,348,146.7729,0.70115846,0.03038891,138.2226,2.703249,35.16845,2.906108,79.2635,3.595001,12.66583,1.563434,8.756393,8.702564,8.823506,-0.6856732
300712883761735680,267,51608,355,147.37271,0.24256335,0.06938305,82.7048,2.703203,18.74982,2.730434,13.45825,2.559514,56.70716,2.552496,10.66269,10.54961,10.76558,-0.03002499
300713708395456512,267,51608,358,147.30934,0.3442723,0.07294767,277.6913,3.502074,81.46915,2.689712,77.41117,2.920129,69.25172,2.054905,9.863623,9.790909,9.982266,0.4332767
300718106441967616,267,51608,374,147.64263,0.78011335,0.08081359,190.4596,3.089953,34.71544,2.219832,19.16951,2.293681,69.0127,2.267645,10.56999,10.47719,10.66936,0.463352
300719205953595392,267,51608,378,147.56153,1.2298604,0.09892269,115.2665,4.22546,24.34726,3.657398,33.40894,4.282706,79.28927,4.614231,10.84768,10.74955,10.94357,0.2597745
300719755709409280,267,51608,380,147.45014,0.75806793,0.07320447,362.7931,3.921815,91.86626,2.596873,26.23361,2.241884,107.428,2.237974,10.02805,9.952782,10.11686,0.2616978
300721130098944000,267,51608,385,147.50009,0.64493882,0.09785258,240.6636,3.711795,65.26759,2.791241,16.21121,2.644735,105.8659,2.879528,10.31192,10.22673,10.41031,0.3806043
300725803023362048,267,51608,402,147.66407,1.210253,0.06303807,240.7912,3.219587,70.18707,2.467898,32.88492,2.117299,59.7957,1.729674,9.647291,9.581315,9.738261,0.07690421
300726077901268992,267,51608,403,147.8556,0.93210938,0.1164241,320.3292,4.8383,73.24532,3.136828,17.83123,3.171563,127.1261,3.684787,10.60441,10.50897,10.70076,0.6489584
300726627657082880,267,51608,405,147.62725,1.220489,0.1306843,467.7469,5.964449,91.38157,3.619728,144.1277,4.439923,262.4843,4.834754,10.87177,10.7612,10.96497,0.5989978
300727452290803712,267,51608,408,147.72594,1.1926648,0.02833657,403.5322,4.124889,133.7764,3.078757,352.6557,4.84404,33.18724,1.488544,8.596456,8.530986,8.68104,-0.68762
300729651314059264,267,51608,416,147.74024,0.86319252,0.02513117,794.5677,6.912191,187.697,3.635218,75.86851,2.874546,250.4049,3.240401,9.507603,9.428089,9.606095,-0.4206373
300730201069873152,267,51608,418,147.83541,0.89975941,0.02049324,115.8531,2.00572,36.34275,2.087453,68.23159,2.394264,11.30907,1.085533,8.511279,8.446169,8.598856,-1.202332
300733224726849536,267,51608,429,147.67103,0.66726577,0.08665648,255.3856,3.346963,79.70146,2.681105,46.05843,2.557864,81.54813,2.078593,9.800471,9.731092,9.896713,0.1019466
300734873994291200,267,51608,435,147.86563,0.5020026,0.08063073,245.1226,5.412045,37.91085,3.699154,25.22724,3.975001,163.3945,4.9493,11.08662,10.98842,11.1826,-0.2130616
300735698628012032,267,51608,438,147.7793,0.22625902,0.07421976,190.1765,2.604056,58.66723,2.142268,77.76672,2.446718,34.95163,1.404765,9.479727,9.398656,9.616268,0.1849088
300736248383825920,267,51608,440,147.86458,0.25588937,0.0858379,522.236,4.921081,99.44359,2.754525,113.2058,3.001092,164.933,2.662507,10.84727,10.74851,10.94945,0.6696789
300738172529174528,267,51608,447,147.82756,1.1323062,0.08834895,298.9723,3.822321,58.42739,2.69111,18.29012,2.579597,108.2495,2.591106,10.30523,10.21202,10.40175,0.3813092
300738447407081472,267,51608,448,147.89586,1.1120728,0.02054176,182.9019,10.22667,67.62199,7.579397,87.11272,8.168595,74.39542,8.984309,10.37194,10.28106,10.45588,-1.500359
300739272040802304,267,51608,451,147.99447,0.98467764,0.0466621,563.0275,5.93625,206.2887,3.679489,316.7859,4.590294,116.5738,2.399572,9.149796,9.06491,9.284305,-0.4352404
300739821796616192,267,51608,453,147.96838,0.76446076,0.1427079,234.954,3.251319,53.53412,2.471125,14.18542,2.209085,80.6431,2.562717,10.48629,10.40199,10.58005,0.6909093
300740646430337024,267,51608,456,147.99331,0.93640433,0.0880089,258.7148,3.512493,56.74957,2.61239,25.94346,2.54135,79.41491,2.277211,10.19501,10.10859,10.29358,0.2724679
300741745941964800,267,51608,460,147.9313,0.95214425,0.02719792,103.7139,2.066362,22.88308,2.1467,69.57492,2.583532,9.762487,1.116325,8.727859,8.669301,8.813364,-0.8434943
300742845453592576,267,51608,464,147.95132,0.60521717,0.03107532,54.51644,1.621801,15.57128,1.799573,16.57702,1.805128,6.72329,1.084199,9.202699,9.111903,9.299096,-1.205593
300744769598941184,267,51608,471,148.06874,0.5475899,0.0766883,121.9495,2.165179,40.76297,1.8557,29.04739,2.110308,31.1424,1.498663,9.756457,9.685003,9.847955,-0.05414481
300745594232662016,267,51608,474,147.89718,0.43473978,0.02063313,1615.863,12.72154,491.2562,5.860299,465.3918,5.990117,311.3021,3.726539,9.396223,9.303869,9.498045,-0.390406
300746143988475904,267,51608,476,147.90535,0.41213467,0.0935129,125.0809,2.680183,29.65475,2.378293,20.45291,2.368426,37.05072,1.940552,10.25833,10.17151,10.35999,0.2468232
300748068133824512,267,51608,483,148.24725,0.50288721,0.03552244,1489.198,11.72215,435.304,6.524838,1136.897,11.18169,132.2474,2.88816,9.228323,9.173508,9.309336,-0.02136666
300748617889638400,267,51608,485,148.18812,0.75165767,0.02616739,2008.508,14.68418,652.4969,7.216549,2147.528,17.18211,139.4422,2.398625,8.485353,8.36093,8.651177,-0.2876188
300749992279173120,267,51608,490,148.23848,0.54952673,0.07917745,225.959,2.833634,57.90806,2.152777,35.79316,1.966972,60.37647,1.607021,9.782539,9.71111,9.876727,0.1033481
300750816912893952,267,51608,493,148.14636,0.24905748,0.08185273,1902.939,12.50428,328.7025,4.390118,429.9758,5.213962,548.7486,4.649296,10.12967,10.09712,10.30201,1.242481
300753565691963392,267,51608,503,148.41382,0.59534421,0.09474918,560.9105,5.524244,153.242,3.417337,77.42367,2.950464,151.5102,2.605667,9.939402,9.838399,10.09711,0.3918995
300754115447777280,267,51608,505,148.33526,0.72067232,0.02078303,282.2596,3.608432,94.89962,3.100027,114.8077,3.430614,53.88492,1.957381,8.857337,8.789945,8.955684,-0.8698019
300754665203591168,267,51608,507,148.4297,0.66652892,0.09665815,31.83925,2.686687,13.7003,2.717071,14.98844,2.667522,19.21963,2.259088,10.55641,10.46264,10.65306,-0.2511294
300755489837312000,267,51608,510,148.39516,0.59630101,0.09438431,94.46148,4.389953,23.86093,3.829411,58.24282,3.94381,88.80113,3.738286,10.99036,10.89863,11.08006,-0.616134
300758238616381440,267,51608,520,148.44366,0.49440186,0.02076184,627.834,5.328325,223.9737,3.956278,625.7214,7.005453,48.6262,1.57941,8.802424,8.759869,8.855371,-0.5913914
300758513494288384,267,51608,521,148.06238,1.2082125,0.09917402,98.60318,4.182631,19.00392,3.773029,147.8519,5.228453,123.3741,4.67048,10.6705,10.56758,10.77509,-0.4675722
300758788372195328,267,51608,522,148.04775,1.0954677,0.0202142,1482.796,14.15764,280.2601,6.561121,71.1323,5.903343,902.1597,10.57504,10.48113,10.38939,10.57943,-0.09926607
300759063250102272,267,51608,523,148.04667,1.1789327,0.06115794,294.662,5.588205,43.4965,4.131476,33.7829,4.214995,169.3631,4.903591,10.85309,10.75951,10.94508,-0.2798376
300760162761730048,267,51608,527,148.23259,1.0715144,0.09863139,295.8098,3.395192,90.64887,2.481857,92.23936,2.748619,73.01641,1.967893,9.838661,9.780648,9.923796,0.3127707
300760437639636992,267,51608,528,148.16127,1.1031797,0.06287378,93.78834,2.199248,27.30935,1.820855,22.63283,1.943323,20.37842,1.333207,9.542772,9.471795,9.635749,-0.1874999
300760712517543936,267,51608,529,148.10327,1.2529087,0.08115898,1821.166,13.49144,294.9541,4.768464,125.9498,4.056274,839.2515,7.293208,10.82232,10.72488,10.93087,1.471289
300761262273357824,267,51608,531,148.07488,0.88948517,0.04655245,70.88,2.088715,19.00775,1.633041,16.89259,1.695655,20.00998,1.388493,9.58652,9.509115,9.682005,-0.3586956
300761537151264768,267,51608,532,148.18634,1.0591506,0.04833083,183.4266,2.86227,53.02825,2.264342,33.23087,2.341923,42.86845,1.901507,9.638206,9.556543,9.742972,-0.2069229
300762636662892544,267,51608,536,148.05468,0.92452048,0.04688425,163.4166,3.28244,26.77592,2.200272,12.66671,2.209862,67.60773,2.400674,9.981749,9.888005,10.08129,-0.134413
300764011052427264,267,51608,541,148.52474,0.65054949,0.03454532,475.1909,4.81842,129.862,3.066569,51.63588,2.498042,147.078,2.432759,9.800086,9.727224,9.900822,0.1557378
300764835686148096,267,51608,544,148.54249,0.60547208,0.03512238,578.2524,5.73483,136.3546,3.132781,208.4404,3.787976,119.8987,2.610343,9.507027,9.428754,9.602949,-0.340394
300765935197775872,267,51608,548,148.55894,0.63831949,0.03467124,568.1908,5.560901,103.9492,3.017,25.56212,2.511547,221.4088,3.432079,10.29606,10.21517,10.38898,0.4097604
300766484953589760,267,51608,550,148.64297,0.69178339,0.03460572,30.74401,1.404338,12.34943,1.697297,15.28888,1.80099,5.731369,1.06876,8.854539,8.782349,8.955226,-0.7284839
300766759831496704,267,51608,551,148.60823,0.60640483,0.07965201,83.65855,2.208812,22.88907,1.997719,9.92093,1.821951,28.64763,1.53718,10.19154,10.11493,10.28403,0.2940627
300769508610566144,267,51608,561,148.34836,1.0864122,0.09367687,211.3983,3.480358,41.23113,2.439424,13.67821,2.447318,143.802,3.032281,10.38316,10.29026,10.48153,-0.1831578
300771157878007808,267,51608,567,148.32598,0.88944426,0.09498237,258.3044,3.310326,56.68415,2.169563,38.59486,2.262063,105.9083,2.231333,10.17574,10.08394,10.2738,0.1972916
300771707633821696,267,51608,569,148.30144,0.97190834,0.09804763,311.0261,3.703207,78.53085,2.662092,19.06509,2.353613,108.5181,2.438461,10.21005,10.12421,10.30054,0.2984565
300773082023356416,267,51608,574,148.55166,0.80530386,0.02883614,375.5454,4.486389,88.90245,2.86814,21.49068,2.522044,139.5597,3.081744,9.670417,9.580297,9.762299,-0.45968
300774456412891136,267,51608,579,148.44052,0.78675317,0.02051127,386.9496,3.878381,111.6566,2.686309,230.4097,3.674206,42.9607,1.392396,8.584379,8.516062,8.679173,-1.120883
300775281046611968,267,51608,582,148.92037,0.54011713,0.04658309,551.4218,5.021487,211.7393,3.257212,578.579,5.857135,53.89565,1.515585,8.650187,8.555486,8.742856,-0.2673076
300775555924518912,267,51608,583,148.85481,0.54131065,0.09519172,88.99931,2.306907,22.79305,1.984416,15.1907,2.170213,45.33305,1.993226,10.34308,10.21027,10.4769,-1.247347
300775830802425856,267,51608,584,148.8171,0.5629577,0.06268381,125.5628,4.048922,24.33388,2.88429,19.21826,2.990637,57.85829,3.360934,11.041,10.94328,11.14388,0.1870522
300776380558239744,267,51608,586,148.89918,0.70034673,0.03461061,405.3625,3.727412,133.0558,2.657568,354.7021,4.204065,22.61897,1.14044,8.523927,8.404814,8.688051,-0.1232342
300777205191960576,267,51608,589,148.81045,0.61289957,0.04755318,330.7124,3.748957,104.6024,2.539125,137.3915,3.006269,56.0465,1.70088,9.214755,9.14758,9.30654,-0.5058416
300777480069867520,267,51608,590,148.86002,0.74859553,0.08944283,158.5138,2.67717,40.13844,2.189026,14.58842,2.167369,77.83401,2.174662,10.26641,10.17104,10.36053,0.08431192
300778854459402240,267,51608,595,148.72043,0.38881386,0.09474451,310.0363,3.695294,61.87346,2.450828,16.26287,2.270177,154.3787,2.744055,10.53776,10.44273,10.64042,0.6403877
300780228848936960,267,51608,600,148.80535,0.48843689,0.07153107,807.9829,6.445383,253.1404,3.920272,486.0197,5.47638,111.2496,2.036048,9.490767,9.362554,9.677738,0.3063344
300781053482657792,267,51608,603,148.75745,0.96953324,0.0629528,366.8863,4.550111,78.1082,2.995414,15.43292,2.703936,194.0781,3.357604,10.71517,10.62752,10.8111,0.7502728
300782427872192512,267,51608,608,148.63264,1.0879794,0.1247545,248.6414,3.321208,61.9308,2.218984,21.10355,2.227959,76.84927,2.218026,10.25037,10.15856,10.40684,0.6984149
300783252505913344,267,51608,611,148.76194,0.75748407,0.04713756,302.2073,4.23329,86.11896,3.127371,59.23248,2.909816,78.71181,2.27281,9.616385,9.552298,9.706693,0.05454562
300786001284982784,267,51608,621,148.92474,0.22252607,0.03546179,420.5194,4.622836,106.9028,2.950669,202.5237,4.078989,88.06135,2.256118,9.520961,9.435987,9.618425,-0.3285406
300786551040796672,267,51608,623,148.97539,0.33293438,0.04747811,291.8169,3.847029,81.85916,2.532189,33.10904,2.345544,103.7394,2.461523,9.785173,9.717001,9.871798,6.704271e-17
300786825918703616,267,51608,624,149.041,0.32583021,0.03545549,152.9519,2.461179,48.14282,2.230792,71.70038,2.71929,24.89766,1.528388,9.299997,9.250948,9.357688,-0.1156168
300787375674517504,267,51608,626,149.06013,0.50943641,0.08021554,391.5531,4.375581,99.94367,2.916342,34.20815,2.691606,152.1624,2.828011,10.08694,10.00045,10.17871,0.1726641
300788750064052224,267,51608,631,149.07411,0.57468091,0.0650007,1948.772,14.13681,404.4327,5.153185,413.2411,5.431853,634.2519,5.488029,10.08703,9.923734,10.22604,0.7592734
300789024941959168,267,51608,632,149.11525,0.30553309,0.08655048,485.7838,4.832771,61.75042,2.546633,24.64422,2.392589,327.8547,3.630581,10.59083,10.49096,10.68793,-0.005618804
300789849575680000,267,51608,635,149.03238,0.28812968,0.1269907,312.8085,4.478615,67.13624,2.630679,20.86701,2.679077,111.648,2.996014,10.49552,10.40271,10.59465,0.7546034
300790674209400832,267,51608,638,149.00909,0.44023281,0.08823899,429.9605,4.337895,120.2159,2.949283,147.9382,3.446869,83.39346,2.028704,9.909039,9.817814,10.04338,0.3079281
301741477308950528,268,51633,1,150.0698,-0.97445885,0.06874236,878.3365,7.679183,256.4054,4.280243,610.9689,6.511196,114.4482,2.177,9.106053,8.998894,9.293658,0.09032455
301743676332206080,268,51633,9,150.01692,-0.58805614,0.04600773,419.6267,5.200779,93.89392,3.123051,19.20123,2.606654,133.8887,3.130474,9.907157,9.820089,10.00038,-0.0634144
301745325599647744,268,51633,15,150.34628,-0.63458886,0.09237399,338.8247,4.646174,74.67306,3.079823,16.87775,2.965215,140.4263,3.540036,10.77462,10.68707,10.8724,0.8378403
301746974867089408,268,51633,21,150.44875,-0.38537523,0.0904035,354.1077,4.60586,70.86655,3.460815,344.1903,5.725019,202.2737,3.488322,10.51837,10.4229,10.61237,0.115815
301747249744996352,268,51633,22,150.37263,-0.44165289,0.09158873,200.6974,3.06337,46.71999,2.422739,16.45599,2.413144,69.58862,2.258788,10.18547,10.10421,10.28489,0.3645708
301748349256624128,268,51633,26,150.38232,-0.18610224,0.08745652,194.2369,3.766193,27.90254,2.748427,40.16806,3.181441,206.1471,3.774476,10.60459,10.5043,10.70717,-0.3665633
301748899012438016,268,51633,28,150.51385,-0.21379652,0.04516219,113.3944,2.775391,30.90452,1.977475,37.62562,2.074425,24.35784,1.477183,9.251246,9.19556,9.33003,-0.2652694
301750548279879680,268,51633,34,150.44798,-0.16134973,0.06505554,149.2251,3.075001,27.10853,2.193411,21.11656,2.406235,70.10525,2.614192,10.42206,10.32574,10.52066,-0.7372938
301751647791507456,268,51633,38,150.47062,-0.12517918,0.03283051,151.1079,7.748601,45.61246,5.380959,95.64,6.192943,146.4963,7.47864,10.63039,10.54179,10.7116,-1.618128
301752747303135232,268,51633,42,149.79426,-0.8594179,0.1045381,367.2041,5.242109,79.74321,2.943239,19.22576,2.624943,223.8131,4.919735,10.49853,10.38771,10.62582,0.5617778
301753571936856064,268,51633,45,149.91718,-0.74347471,0.0354549,335.107,4.096743,64.6968,2.489207,19.22739,2.231221,112.8126,2.7128,9.880773,9.790584,9.972001,-0.09535272
301754121692669952,268,51633,47,149.91562,-0.7848048,0.09454266,238.5995,3.186757,57.1456,2.308317,19.07742,2.171837,75.55002,2.119354,10.15134,10.08037,10.2443,0.4329053
301756320715925504,268,51633,55,149.79936,-1.0282642,0.1009298,78.37866,2.289528,18.41115,1.854182,12.20515,2.020533,28.65302,2.747892,10.69131,10.57278,10.84729,0.3364407
301760718762436608,268,51633,71,150.301,-0.006601762,0.03264355,128.2808,2.394579,27.99174,1.952725,22.77008,1.986404,32.7762,1.698053,9.28467,9.200379,9.384112,-0.7312996
301761268518250496,268,51633,73,150.359,0.082449834,0.03266715,154.1149,2.555123,31.06005,1.878894,19.06136,1.786409,45.89472,1.740022,9.630978,9.543975,9.728466,-0.5311669
301761818274064384,268,51633,75,150.29487,-0.10716579,0.09199978,710.4791,6.351629,200.2337,3.369928,211.9003,3.825894,169.5144,2.66513,9.797049,9.743414,9.872291,0.4707875
301762368029878272,268,51633,77,150.31918,-0.030709698,0.03270648,325.8842,3.751862,86.29787,2.600488,155.9731,3.666002,48.87628,1.723623,8.880196,8.826972,8.955033,-1.090852
301762642907785216,268,51633,78,150.34506,-0.1570532,0.09086309,182.9527,2.839248,39.43608,2.04968,23.87024,2.8085,55.98114,2.025812,10.18891,10.10198,10.28587,0.3159702
301766766076389376,268,51633,93,149.67279,-0.44755657,0.08149754,158.9809,2.400363,43.76684,1.934761,22.72418,1.883693,42.66686,1.619133,9.816175,9.743278,9.905418,0.01581639
301771164122900480,268,51633,109,150.20822,-0.14916317,0.04281429,305.8771,3.961233,75.59972,2.640663,12.83736,2.253856,117.3492,3.245783,10.24981,10.16092,10.33467,-0.002765471
301771988756621312,268,51633,112,150.23171,0.086507759,0.03274609,361.5466,4.882787,59.74278,2.846905,21.22882,2.70054,163.9825,3.77909,10.24053,10.14958,10.33739,0.1189493
301772538512435200,268,51633,114,150.25565,-0.063820756,0.09239345,266.9763,4.087619,62.51258,2.953876,20.15755,2.906842,118.8978,3.258107,10.641,10.55074,10.73563,0.4350625
301774462657783808,268,51633,121,149.43835,-1.0835669,0.0848731,133.3562,7.429982,27.22198,4.97001,56.82618,5.258578,99.67264,6.555888,11.06528,10.97956,11.15472,-1.021594
301775562169411584,268,51633,125,149.23826,-0.77788891,0.1254833,246.018,3.446709,42.82127,2.159318,17.8418,2.034689,99.37981,2.549941,10.74429,10.61304,10.87998,0.8961826
301776936558946304,268,51633,130,149.2899,-1.1391807,0.03273103,90.21249,2.016093,28.64391,1.947046,15.18732,1.749837,24.84239,1.457987,9.235268,9.179499,9.309093,-0.3520504
301778585826387968,268,51633,136,149.3282,-0.47076727,0.08837859,275.9362,3.460713,62.26284,2.279772,16.22207,2.130393,92.25349,2.305222,10.34083,10.25812,10.4381,0.4361416
301779135582201856,268,51633,138,149.44566,-0.6958272,0.0937748,66.83553,3.791213,20.31474,3.399639,165.2497,4.262227,87.51591,3.23341,10.77127,10.67322,10.87097,-1.425267
301779410460108800,268,51633,139,149.55485,-0.67151591,0.03282471,75.67236,1.861429,19.92695,1.788812,23.07946,1.809614,13.61429,1.255922,9.05108,8.975402,9.149763,-0.7039508
301781884361271296,268,51633,148,150.18439,-0.031021588,0.08827484,146.5363,2.762363,23.97026,2.063216,35.55265,2.400281,85.52791,2.384567,10.50967,10.40766,10.61327,-0.1608541
301782159239178240,268,51633,149,149.96619,-0.34525963,0.08772417,71.42527,1.84292,14.99787,1.67101,8.135857,1.578449,21.14782,1.385977,10.11281,10.02178,10.21323,0.05484781
301782434117085184,268,51633,150,150.14725,-0.049772248,0.0914688,141.9309,2.763535,21.67218,2.142093,51.25844,2.791431,83.99052,2.404024,10.53069,10.42881,10.63652,-0.08212341
301782708994992128,268,51633,151,150.00629,-0.23570428,0.09126621,279.7733,3.134969,72.18984,2.150751,49.25061,2.395111,90.95322,1.893103,9.990554,9.923459,10.08738,0.4828245
301784908018247680,268,51633,159,149.94785,0.027582261,0.1402985,167.4758,3.517955,35.09498,2.599133,58.94191,3.292383,80.79646,2.553179,10.69126,10.59747,10.77985,-0.07622106
301785732651968512,268,51633,162,149.80119,-0.1401662,0.1247119,142.9137,3.157917,36.243,2.381284,167.8019,3.876113,156.7611,3.625741,10.94389,10.84617,11.04269,0.5538895
301786557285689344,268,51633,165,149.90198,-0.32174126,0.04679211,84.17003,2.21452,29.25913,1.859037,32.4342,1.90122,16.00216,1.29829,9.253987,9.186582,9.340679,-0.3857799
301787107041503232,268,51633,167,149.84503,-0.016458094,0.07280485,296.3441,3.555487,54.81047,2.210435,25.32078,2.14309,109.7421,2.335342,10.21284,10.12389,10.31049,0.3410714
301790955332200448,268,51633,181,149.61426,-0.42008804,0.03307227,383.0684,4.039808,82.12549,2.234496,64.20728,2.251056,86.59921,1.871896,9.600967,9.515525,9.717206,-0.1756673
301792879477549056,268,51633,188,149.75431,-0.32729451,0.06236521,245.2484,3.476918,71.41164,2.200413,51.98675,2.288727,73.50429,2.139085,9.811068,9.736313,9.903575,-0.09636353
301793978989176832,268,51633,192,149.76349,0.037069675,0.07287358,246.3837,3.548798,51.47771,2.417543,17.00955,2.254285,79.05904,2.421192,10.19546,10.1175,10.28374,0.3767516
301795903134525440,268,51633,199,149.60534,-0.3370553,0.03283368,137.4945,2.686824,31.62639,2.196714,46.03626,2.496699,39.63854,1.887835,9.314187,9.21528,9.417759,-0.9349546
301796727768246272,268,51633,202,149.19062,-1.2468555,0.1262092,575.7731,6.029547,158.175,3.483049,118.9729,3.661873,185.7486,3.326796,10.14131,10.08545,10.21603,0.6833784
301797002646153216,268,51633,203,149.18779,-0.98802107,0.1060983,129.132,2.901147,27.05155,2.075893,19.5474,2.15185,65.04456,3.632136,10.31385,10.22147,10.41269,0.2024165
301797827279874048,268,51633,206,149.10248,-0.9370189,0.09104228,89.06319,3.911752,19.6135,3.189337,36.67346,4.071484,114.1237,3.95486,10.84816,10.7549,10.93915,-0.3880879
301801950448478208,268,51633,221,149.37758,-0.31898332,0.08773529,175.117,2.552213,38.54222,1.842696,9.870459,1.680462,58.95715,1.733619,10.11636,10.03459,10.20959,0.2700846
301803049960105984,268,51633,225,149.45645,-0.21093188,0.03294319,256.5103,6.496909,41.24131,4.135423,76.52338,5.475633,286.9717,6.646867,10.10401,9.990595,10.22629,-0.877679
301803324838012928,268,51633,226,149.57615,0.10001247,0.07309938,264.6151,3.338406,48.15978,2.010042,16.58894,1.884044,99.22512,2.167006,10.23922,10.14253,10.33669,0.2101538
301803599715919872,268,51633,227,149.41685,0.00042866106,0.03540421,172.9157,2.483244,46.78944,1.842773,44.59795,1.881239,32.95068,1.327094,9.44934,9.375734,9.540214,-0.3937305
301804149471733760,268,51633,229,149.4628,-0.23991611,0.08727632,165.7901,2.595085,46.65839,1.983075,9.749538,1.790183,77.06866,2.017079,10.10968,10.02173,10.19889,0.04008924
301804424349640704,268,51633,230,149.45614,-0.26945756,0.08184298,997.2265,7.995161,227.9782,3.824137,66.70953,2.879372,338.4266,3.877125,10.28082,10.19443,10.40896,0.7228743
301804974105454592,268,51633,232,149.42403,-0.35489277,0.08852571,71.63791,3.880672,22.73956,3.081226,23.49912,3.144329,64.94694,3.547449,11.17448,11.08526,11.25917,-0.9099171
301805523861268480,268,51633,234,149.55621,-0.38668445,0.08105936,148.3746,2.312036,34.0713,1.750149,12.26288,1.622701,48.14116,1.638552,9.949254,9.869304,10.04167,0.06903561
301807722884524032,268,51633,242,148.96589,-0.99283568,0.08443944,160.1712,2.497444,41.82759,2.020365,21.72045,2.122846,52.5919,1.708253,9.782548,9.712235,9.877737,0.04763459
301807997762430976,268,51633,243,148.99469,-1.0355868,0.1082038,89.60113,6.339738,28.79672,3.651302,40.36829,3.683533,85.85163,4.28018,11.31508,11.22421,11.40173,-0.9219724
301809921907779584,268,51633,250,148.85391,-1.1688751,0.06298586,74.40677,2.359927,14.76263,1.685341,9.732224,1.795488,21.95701,1.53596,9.808343,9.716715,9.908544,-0.2585106
301810196785686528,268,51633,251,148.8667,-1.0917401,0.03175354,116.0829,2.273707,41.83756,2.203376,59.95945,2.493159,13.21246,1.299782,8.727359,8.677828,8.7924,-0.5804279
301810746541500416,268,51633,253,149.03144,-0.95566658,0.08471707,176.8644,2.634737,42.62727,2.101357,10.18762,1.766702,54.91368,1.745443,9.945146,9.874908,10.03966,0.2424469
301811021419407360,268,51633,254,149.04239,-0.74986142,0.06583685,128.626,2.379492,31.30098,1.767862,12.82838,1.876159,41.70224,1.785374,9.722721,9.634166,9.817298,-0.3279165
301811846053128192,268,51633,257,148.96402,-1.1999843,0.1065858,452.1491,4.77065,106.6274,2.865864,19.50641,2.19816,152.4541,3.387944,10.2208,10.13201,10.33565,0.5850331
301812120931035136,268,51633,258,148.97967,-0.93709546,0.09047463,83.55087,3.337761,14.64364,2.522751,17.86054,3.531179,56.66893,3.25496,11.05066,10.95524,11.14357,-0.2292903
301813220442662912,268,51633,262,149.26413,0.019038894,0.1248814,67.51923,2.610894,13.35545,2.132493,29.34431,2.512367,50.36454,2.626999,10.95852,10.8579,11.05976,0.2717105
301813495320569856,268,51633,263,149.21884,0.098946696,0.07429044,158.2941,2.455958,47.85605,1.922463,33.96792,1.896935,38.01976,1.381449,9.989741,9.49704,10.31453,-0.7761685
301814594832197632,268,51633,267,149.30007,-0.42428467,0.08885787,168.2825,3.431593,42.8634,2.590185,59.6338,3.105614,125.3666,3.240974,10.69727,10.60382,10.79473,0.2024981
301814869710104576,268,51633,268,149.31112,-0.31051183,0.08841926,228.1027,3.626266,49.10869,2.618012,45.32411,3.190973,143.4684,3.199913,10.66387,10.56991,10.75983,0.2178858
301817893367080960,268,51633,279,149.255,-0.1600397,0.08886553,202.9576,2.839118,46.39075,2.054942,10.0248,1.832622,75.33525,1.979458,10.05734,9.967677,10.14985,0.2086849
301818443122894848,268,51633,281,148.82384,-1.2450237,0.02067165,57.00282,1.6882,21.05913,1.990714,25.44332,1.940134,10.254,1.118869,8.469623,8.409707,8.553521,-1.080132
301818992878708736,268,51633,283,148.497,-1.0517803,0.08371435,294.304,3.053771,88.26539,2.216272,102.2005,2.461144,58.83124,1.434553,9.460648,9.39938,9.556843,0.1131526
301820092390336512,268,51633,287,148.59379,-1.2570639,0.03738691,114.8586,2.268048,28.01251,2.007468,12.20727,1.969405,28.12811,1.981932,9.707326,9.605056,9.820189,-0.6015151
301820367268243456,268,51633,288,148.26568,-0.96023619,0.04852381,406.2286,4.350405,102.6798,2.777889,64.60162,2.619144,124.5739,2.684778,9.357174,9.290154,9.451093,-0.3116689
301822016535685120,268,51633,294,148.46566,-0.82516975,0.1069756,69.0856,4.669464,23.75119,3.579415,33.51582,3.77869,46.80434,3.950408,11.23275,11.14412,11.31941,-1.399877
301825589948475392,268,51633,307,148.17251,-0.064650862,0.08561133,64.33541,3.024817,19.1134,2.659036,15.44782,2.86695,45.23402,2.977754,10.87256,10.7755,10.97076,-0.133787
301826139704289280,268,51633,309,149.06118,0.10304762,0.03541203,181.3595,2.444902,44.33311,1.953375,46.80423,1.953727,37.02748,1.366029,9.39703,9.321739,9.494915,-0.4443626
301826414582196224,268,51633,310,148.43291,-0.090180392,0.08336419,294.2825,5.148422,95.17097,4.364026,80.13592,5.231335,220.4816,4.935127,9.995116,9.851002,10.19651,0.8765352
301828888483358720,268,51633,319,149.08672,-0.40810782,0.1495905,1150.096,8.183714,337.1997,4.059806,1327.623,10.44192,118.3463,2.27405,9.469278,9.393159,9.573245,0.9076328
301829438239172608,268,51633,321,148.05156,1.167983,0.06167085,95.90588,6.547488,27.64946,4.887837,51.54383,5.086087,87.67736,5.866121,11.04157,10.95331,11.12282,-1.395177
301831362384521216,268,51633,328,148.36456,1.0109267,0.0634988,167.3695,2.796716,50.66124,2.174342,102.9253,2.878825,15.67872,1.457228,9.027046,8.969435,9.101604,-0.4189036
301832461896148992,268,51633,332,147.98811,1.1010509,0.06193933,169.3539,2.821324,30.36158,2.153201,12.0166,1.950204,62.09657,1.992867,10.22396,10.13253,10.31986,0.13061
301836585064753152,268,51633,347,148.7298,0.37865087,0.04619598,181.1279,3.264791,44.96656,2.11431,195.8559,3.275667,141.8698,2.374335,10.34389,10.26092,10.43672,0.2337874
301836859942660096,268,51633,348,148.78789,0.56023659,0.05736349,235.4645,2.766152,71.243,2.012839,90.98298,2.310688,44.31968,1.361087,9.187175,9.128061,9.276991,-0.2741744
301838784088008704,268,51633,355,148.14541,0.24995548,0.08136201,1076.913,8.201748,166.7656,3.741563,90.52303,3.524641,417.4431,4.497689,10.57547,10.49326,10.66657,1.202687
301842082622892032,268,51633,367,148.90653,1.0012438,0.08058519,234.3424,2.895898,74.17245,2.243213,37.82019,2.076787,81.0615,1.862278,9.951585,9.888047,10.03342,0.2565097
301842357500798976,268,51633,368,149.16137,1.0928926,0.06251667,138.3463,2.35432,37.96083,1.77084,49.52851,2.067878,25.31562,1.3062,9.407538,9.350017,9.477083,0.05180306
301842632378705920,268,51633,369,148.93659,0.86082368,0.0465229,88.08569,5.406728,34.77109,4.192008,50.77929,3.986972,54.97286,4.260855,10.2962,10.20241,10.38547,-1.305217
301843457012426752,268,51633,372,149.09908,1.150009,0.1098269,117.589,2.730851,28.10649,1.863715,16.53466,1.700958,32.18532,1.606068,10.05266,9.97654,10.15182,0.4352219
301843731890333696,268,51633,373,149.13175,1.2502266,0.06671763,124.2035,3.999935,24.47227,2.967222,16.18714,3.062814,61.84755,3.504842,10.73707,10.64329,10.83448,-0.6211336
301846205791496192,268,51633,382,149.00828,0.77001324,0.03412346,157.7333,2.466792,39.93458,1.956576,23.16342,1.940261,40.06005,1.596053,9.693992,9.625771,9.784331,-0.1116625
301846480669403136,268,51633,383,149.17189,0.59881173,0.08910091,71.33315,2.443762,17.5168,2.180394,24.17045,2.427702,31.95435,2.053191,10.45346,10.35711,10.54708,-0.5387142
301846755547310080,268,51633,384,149.05682,0.75387361,0.03463108,119.2835,2.114767,32.4474,1.802778,33.99677,1.921875,25.34021,1.333767,9.123116,9.060561,9.210577,-0.5243385
301847030425217024,268,51633,385,149.13964,0.75088167,0.04617104,183.2371,3.144979,46.80318,2.271965,55.87777,2.248566,36.81038,1.591983,9.476583,9.425738,9.551644,0.05341481
301848129936844800,268,51633,389,149.1391,0.59698579,0.03467486,657.4047,5.936278,188.054,3.366102,357.9294,4.65586,87.45662,2.037751,9.077127,9.009353,9.1739,-0.4128677
301848404814751744,268,51633,390,149.12164,0.70892345,0.09600016,201.7648,3.770839,46.89191,2.807156,36.79854,2.948625,119.352,3.29618,10.95317,10.85761,11.05565,0.4501107
301848954570565632,268,51633,392,149.21414,0.20882805,0.0650453,153.5688,8.664748,49.07951,5.671583,61.47552,5.629769,168.7297,7.831539,11.33974,11.25071,11.42249,-1.044379
301850054082193408,268,51633,396,149.13884,0.64360922,0.1090213,66.44641,4.13344,17.89375,2.39418,49.2983,2.834035,68.9297,2.884912,10.36175,10.2522,10.46453,-0.4802382
301851978227542016,268,51633,403,149.33768,0.81491532,0.03853054,55.71701,1.701216,16.44392,1.609426,12.32566,2.290007,18.66358,1.584349,9.466243,9.385607,9.559876,-0.6646209
301852527983355904,268,51633,405,149.29516,1.1401752,0.06655637,1019.225,8.488958,259.5389,4.350866,100.4171,3.471532,378.5117,4.271304,9.816151,9.732911,9.939307,0.2428711
301853077739169792,268,51633,407,149.33862,1.0036655,0.08696617,478.8426,4.423282,108.8445,2.654052,36.95453,2.3273,163.6765,2.554667,9.938395,9.860806,10.02806,0.275069
301854452128704512,268,51633,412,149.35654,1.0035114,0.06605762,74.05566,2.185173,22.87721,1.827062,16.71365,2.149742,41.5078,2.021449,10.16832,10.064,10.26681,-0.6402996
301855001884518400,268,51633,414,149.19776,1.2566427,0.06356111,194.4163,7.43905,61.20138,5.32607,64.64469,5.234849,101.4782,5.934985,10.85435,10.76538,10.9362,-1.314267
301856101396146176,268,51633,418,149.32459,0.98264229,0.08670224,325.6521,5.380428,65.85503,3.530589,20.03752,3.463978,128.7699,4.379025,11.16263,11.06851,11.26581,0.8379464
301856926029867008,268,51633,421,149.3299,0.69082065,0.08633437,358.4855,3.776385,81.05493,2.460615,35.94866,2.291479,106.7175,2.179323,10.08845,10.01348,10.1771,0.2858912
301857200907773952,268,51633,422,149.17618,0.75701343,0.1255851,281.2775,3.930958,45.51625,2.429161,15.51436,2.422998,143.5693,3.073885,10.81938,10.72431,10.91495,0.7016963
301858300419401728,268,51633,426,149.2576,0.3565249,0.08850689,212.0866,2.925153,45.535,2.081806,14.40767,1.91958,86.69861,2.104566,10.44149,10.35259,10.54148,0.4771882
301858575297308672,268,51633,427,149.23177,0.52699946,0.08192272,79.46987,1.746112,24.22568,1.630159,15.46682,1.706409,19.28816,1.167819,9.673925,9.608132,9.764288,0.05699316
301859949686843392,268,51633,432,149.29027,0.6520023,0.0849936,42.11258,1.470997,12.48533,1.603114,8.73133,1.683587,15.46709,1.371566,9.948285,9.860076,10.05861,-0.005803538
301860224564750336,268,51633,433,149.33858,0.7064551,0.08737121,2461.139,17.06004,438.9782,5.567213,288.1552,5.042964,912.5567,7.222582,10.62297,10.51959,10.72881,1.240488
301860499442657280,268,51633,434,149.30469,0.7021997,0.0651919,312.9731,3.710417,59.09616,2.277678,24.66205,2.112047,115.3036,2.471248,10.12306,10.03528,10.22075,0.2331453
301860774320564224,268,51633,435,149.30677,0.19869727,0.06574579,270.1679,3.579543,54.12619,2.211305,14.43031,2.131951,95.41296,2.432599,10.26718,10.18042,10.36587,0.2561404
301861598954285056,268,51633,438,149.25958,0.17999225,0.06277732,121.9598,3.149212,28.65372,2.079393,14.1228,2.324806,64.29283,2.712112,10.42582,10.31466,10.53382,-0.3245433
301862423588005888,268,51633,441,149.60554,1.1039703,0.08074103,472.33,4.905766,79.86458,2.854476,22.37275,2.678885,216.7887,3.368608,10.63714,10.54403,10.72967,0.9977764
301862698465912832,268,51633,442,149.59584,0.95273372,0.08236951,156.7715,2.65313,30.49088,1.94314,10.75307,1.969073,54.7407,1.950666,10.21398,10.12571,10.31304,0.2320226
301863523099633664,268,51633,445,149.54932,1.0298165,0.02801047,76.42863,2.684302,23.11688,2.238588,29.25134,2.821287,41.46733,2.633153,9.691868,9.598899,9.785646,-0.9670734
301864347733354496,268,51633,448,149.62511,1.1819846,0.06204112,106.8604,3.483888,23.85001,2.729091,34.21701,3.011636,43.28007,2.98572,10.64814,10.55722,10.74449,0.1651535
301864897489168384,268,51633,450,149.43801,0.8615036,0.09729816,123.5644,6.281065,26.39253,4.317732,25.33495,4.695953,100.5017,6.023963,11.28017,11.18983,11.36838,0.2284211
301867096512423936,268,51633,458,149.5245,1.1093717,0.08112247,440.3234,4.400151,112.3119,2.783006,38.58784,2.406245,131.5615,2.397615,10.05997,9.979053,10.1661,0.2144368
301867921146144768,268,51633,461,149.3547,0.73094109,0.08695569,1367.595,10.89914,231.0159,4.765539,56.18352,4.222936,612.4506,6.755516,11.0228,10.93947,11.12159,1.482615
301868196024051712,268,51633,462,149.36235,0.53310201,0.0814579,354.6966,4.168931,66.23798,2.7437,35.93892,2.759582,140.7169,2.901335,10.81563,10.72228,10.90967,0.9070207
301868745779865600,268,51633,464,149.53812,0.60086726,0.04669769,652.5443,6.38098,189.8755,3.600366,80.40093,2.992881,218.1941,3.323877,9.673844,9.593715,9.778882,-0.235506
301869020657772544,268,51633,465,149.49877,0.74899732,0.09232026,573.5994,5.045177,97.46433,2.601521,21.07836,2.217593,212.065,2.927303,10.56947,10.46067,10.66048,0.9789817
301869295535679488,268,51633,466,149.44456,0.67282345,0.04660738,145.6726,2.760511,45.31485,2.007911,38.72007,2.032578,40.82371,1.654037,9.367846,9.307288,9.444598,-0.2851953
301869845291493376,268,51633,468,149.44584,0.57189579,0.0387163,465.0619,4.541934,137.4375,2.819553,217.2646,3.797032,84.38435,1.915582,9.076655,9.004244,9.202623,-0.305963
301870395047307264,268,51633,470,149.38738,0.66816848,0.08699062,1377.372,9.744637,342.5907,4.609422,251.1261,4.344864,473.4592,4.38168,10.59458,10.06758,10.94466,0.3315616
301870944803121152,268,51633,472,149.4843,0.20641656,0.06499501,666.8866,6.212453,149.9444,3.270072,32.18747,2.651756,286.4166,3.799428,10.4328,10.34423,10.5215,0.5459658
301872044314748928,268,51633,476,149.55064,0.23722537,0.03502265,328.4432,4.077975,80.20302,2.604323,18.44187,2.319417,120.0906,2.74745,10.0125,9.93063,10.10858,-0.03895067
301872319192655872,268,51633,477,149.50814,0.29610635,0.08252737,48.41297,1.671878,12.63432,1.502935,14.82598,1.740713,24.15277,1.464573,10.14653,10.03684,10.25532,-0.8678661
301873143826376704,268,51633,480,149.55554,0.56103672,0.08190168,280.767,3.468566,49.50023,2.14002,14.81342,2.183911,186.9055,2.794186,10.41496,10.31947,10.518,-0.1592285
301873968460097536,268,51633,483,149.64744,0.57001104,0.04577184,119.7877,3.049032,23.77363,2.235779,14.76306,1.956515,42.52533,1.903759,10.28094,10.18501,10.37879,-0.3145831
301875617727539200,268,51633,489,149.64744,0.74278265,0.06482466,2152.552,14.96411,323.6501,5.912736,104.6687,4.32163,1054.688,8.60434,10.8014,10.70996,10.89203,1.356522
301876167483353088,268,51633,491,149.70775,0.16144659,0.04730976,150.8171,3.971272,32.78878,2.687752,23.75622,2.875794,70.13752,3.316131,10.32286,10.22506,10.42746,-0.4359857
301878366506608640,268,51633,499,149.60366,0.16107991,0.1400012,177.7776,3.11181,43.40054,2.078472,10.05266,1.91994,60.8206,1.875735,10.3897,10.31132,10.48472,0.7588367
301880840407771136,268,51633,508,149.96206,0.18050882,0.1246748,223.1318,3.404991,39.80885,2.207309,12.86048,2.105783,93.75179,2.740507,10.4879,10.38721,10.59034,0.7617589
301882764553119744,268,51633,515,149.90931,0.51314307,0.06493151,366.7948,5.015512,78.03177,3.016332,21.85851,2.852493,151.1927,3.460617,10.49264,10.41454,10.59212,0.63583
301883039431026688,268,51633,516,149.99403,0.4804419,0.03265744,230.2115,2.991037,72.12334,2.452905,83.65878,2.625676,45.74789,1.619116,9.042223,8.979726,9.120101,-0.7263157
301883314308933632,268,51633,517,149.89462,0.47944441,0.09411001,195.5191,2.861985,46.38852,2.154991,14.0587,2.111077,65.51418,2.059104,10.1173,10.036,10.21677,0.2458168
301889361622886400,268,51633,539,149.65731,0.87075168,0.03902926,633.8989,5.792587,162.0747,3.043153,174.2333,3.514477,128.8082,2.338598,9.614254,9.54467,9.701806,-0.09166654
301889911378700288,268,51633,541,150.10153,0.70459403,0.03337267,329.2231,10.26579,82.98933,6.278155,114.6215,7.086028,452.1097,10.58635,10.9322,10.83904,11.02477,-0.06098329
301890186256607232,268,51633,542,150.06597,0.51724897,0.03290574,72.33459,2.022245,24.39114,2.144449,40.42598,2.447575,10.28344,1.378197,9.115209,9.042396,9.208105,-0.8966566
301890461134514176,268,51633,543,150.12978,0.7589614,0.03323909,1103.616,8.513324,266.4868,3.893509,379.8548,4.786723,195.0518,2.612698,9.316263,9.231856,9.421415,-0.1814937
301891560646141952,268,51633,547,150.13205,0.54897864,0.03252227,108.7512,7.780146,35.29839,5.658982,58.99754,5.785469,142.5977,7.578796,10.72807,10.6374,10.81217,-1.438968
301891835524048896,268,51633,548,150.08477,0.50597453,0.03316718,182.4794,10.31487,48.2475,6.445373,137.0307,7.264661,221.3061,9.549836,10.8358,10.74811,10.92103,-1.244697
301892385279862784,268,51633,550,150.10527,0.49811121,0.1068543,327.0557,4.659207,83.07802,3.099023,49.36434,3.263337,174.3827,4.176182,10.78583,10.68969,10.88277,0.494789
301892660157769728,268,51633,551,150.19313,0.20806812,0.1338845,609.3261,5.704637,157.4212,3.125852,82.82269,2.874016,198.5035,2.934815,10.27163,10.20468,10.36924,0.7894861
301895408936839168,268,51633,561,149.77315,1.204926,0.0463249,283.443,4.063982,83.39092,2.618354,97.78818,2.778944,66.67967,2.016442,9.579838,9.503119,9.677548,-0.2575539
301897333082187776,268,51633,568,149.95019,0.78012107,0.08773066,405.6534,4.193886,68.85256,2.454611,31.31776,2.404439,229.3615,3.084799,10.36545,10.27286,10.45796,0.2069643
301898157715908608,268,51633,571,149.82107,1.1534739,0.07980989,56.15504,2.121905,11.87545,1.835196,12.94501,2.035384,41.68317,2.013723,10.25289,10.15492,10.34566,-0.6359746
301898432593815552,268,51633,572,149.81564,0.96732869,0.08800191,89.42847,2.1758,22.4367,1.804073,13.26751,2.068852,51.20779,2.03027,10.25683,10.14366,10.36556,-0.2283705
301900906494978048,268,51633,581,150.28724,0.45483777,0.09665812,474.5296,4.570241,92.84365,2.47049,48.29964,2.313466,140.8251,2.381227,10.20821,10.10448,10.32284,0.5225618
301901456250791936,268,51633,583,150.19523,0.24463182,0.06573609,186.5519,2.566647,45.47926,1.825961,101.7655,2.526178,19.52852,1.217379,9.340461,9.280947,9.412012,0.03556006
301902280884512768,268,51633,586,150.22831,0.59220611,0.04001235,139.3271,2.55746,37.92846,1.91475,27.98774,1.980956,39.51387,1.587863,9.37646,9.316022,9.465401,-0.157601
301902555762419712,268,51633,587,150.22255,0.55250011,0.04627055,166.8309,3.157361,39.89712,2.379163,9.594817,1.732352,50.62418,1.773959,9.750198,9.659886,9.840364,-0.4568921
301903380396140544,268,51633,590,150.28953,0.58652514,0.03422084,176.7913,2.365292,50.38275,1.946481,38.52822,1.9879,40.77235,1.397027,9.189971,9.133575,9.256885,-0.3095871
301903655274047488,268,51633,591,150.29836,0.22565207,0.03264382,109.4251,7.286359,33.27227,4.850032,63.28648,5.467138,143.1891,7.401545,11.07523,10.98444,11.15969,-1.332664
301904205029861376,268,51633,593,150.24791,0.30667754,0.04573169,334.7697,3.918788,101.8651,2.579432,110.3737,2.549902,69.59578,1.668594,9.365784,9.289688,9.477444,-0.2935231
301904479907768320,268,51633,594,150.29836,0.25289339,0.1046337,81.96252,3.564373,24.22712,2.17732,11.59108,2.209046,34.06715,3.038332,10.51525,10.41927,10.61528,0.2957485
301905029663582208,268,51633,596,150.29948,0.32932078,0.03448851,1162.312,9.816885,245.3313,4.376595,44.59954,3.289293,477.29,5.492077,10.41178,10.30761,10.51313,0.5374109
301906678931023872,268,51633,602,149.98211,1.1106445,0.03252251,1682.515,12.31965,446.2654,5.731595,461.3172,5.990154,335.478,4.040669,9.218295,9.142882,9.334253,-0.04401541
301907778442651648,268,51633,606,150.16656,1.0684998,0.09363134,134.4062,2.276971,32.0603,1.906245,11.14184,1.635126,42.97071,1.598669,10.09927,10.00724,10.20589,0.1104978
301908328198465536,268,51633,608,150.22005,1.0045795,0.08107227,302.3946,3.542575,68.59451,2.32819,17.28612,2.022961,104.6819,2.127482,9.99638,9.926094,10.08487,0.3248252
301908877954279424,268,51633,610,150.03499,0.9847942,0.03182067,2968.515,20.97709,762.4696,8.641508,1214.737,12.00694,1765.803,12.74424,9.836057,9.748466,9.962494,0.09779301
301909152832186368,268,51633,611,150.05311,0.77419393,0.06198409,455.0872,4.530187,112.9706,2.720818,38.55032,2.279813,152.9543,2.575994,9.900105,9.819648,9.999361,0.02073914
301910252343814144,268,51633,615,149.99488,1.0549923,0.04647528,621.7155,6.783577,140.5407,3.455932,35.48611,2.946269,227.248,3.99233,10.09602,10.01604,10.1938,0.08815123
301911076977534976,268,51633,618,150.14048,0.85607999,0.03256777,235.5378,3.075078,74.14877,2.481694,59.46356,2.410907,52.97992,1.73406,9.16299,9.110308,9.236904,-0.3923685
301912176489162752,268,51633,622,150.39058,0.44874703,0.0332075,269.974,3.37635,93.7084,2.569785,71.48046,2.526275,63.82867,1.871688,9.344182,9.28956,9.427427,-0.1389764
301912451367069696,268,51633,623,150.448,0.5116155,0.09366594,154.9048,2.316862,41.20297,1.790976,25.32718,1.729633,34.81161,1.429799,9.784086,9.716557,9.869012,0.2366829
301915200146139136,268,51633,633,150.31873,0.12098792,0.03218562,293.8237,3.482139,68.25063,2.264468,14.5841,1.881633,86.83197,2.197969,9.93179,9.842037,10.02194,-0.2895998
301915475024046080,268,51633,634,150.52855,0.25767815,0.04574162,93.14961,2.723551,26.42593,2.035096,16.0966,1.697796,26.37182,1.441878,9.364898,9.301609,9.450599,-0.1959998
301916574535673856,268,51633,638,150.48578,0.18780168,0.06621388,358.1598,4.023693,57.91629,2.41033,18.71858,2.305773,145.9717,2.661162,10.17387,10.08427,10.2754,0.5230898
301917124291487744,268,51633,640,150.33843,0.15710264,0.09205124,507.7617,5.96054,117.4207,3.327506,152.3866,3.77449,265.4893,4.325299,10.41954,10.32715,10.51392,0.2397031
302867656740988928,269,51910,2,151.50262,-0.94281438,0.04359543,289.3204,3.970433,87.80264,3.02493,216.2337,4.350788,29.04395,1.879849,8.895643,8.834828,8.970867,-0.2440129
302868206496802816,269,51910,4,151.46757,-0.81325888,0.0437604,74.46988,4.285396,17.05838,3.396358,28.92347,4.496761,62.8944,5.078786,10.54263,10.44967,10.63922,-0.3054658
302868481374709760,269,51910,5,151.55758,-0.79208042,0.08550981,294.0524,3.960477,57.2724,2.71652,11.77109,2.32563,102.9189,2.527897,10.37429,10.27954,10.47218,0.5096685
302869855764244480,269,51910,10,151.84813,-0.75924952,0.1164644,291.1826,4.941603,61.7017,3.334787,16.92091,3.183837,110.9728,3.633209,10.46788,10.37648,10.56649,0.6521618
302870405520058368,269,51910,12,151.67706,-0.89263129,0.0955369,512.6663,6.178103,116.3495,4.222839,33.1859,3.761493,231.0068,4.019228,10.4195,10.3231,10.51112,0.6230878
302872054787500032,269,51910,18,151.56104,-0.98272919,0.04583225,146.315,3.917195,36.79327,2.535776,21.6522,2.296278,41.73342,1.977906,9.623073,9.552025,9.713021,-0.1871719
302873154299127808,269,51910,22,152.08116,-0.25702094,0.0898695,236.9297,3.680072,52.20081,2.669495,14.39731,2.398622,99.39104,2.666172,10.2852,10.19123,10.38574,0.4345867
302875078444476416,269,51910,29,151.9368,-0.63536495,0.08759098,236.7112,3.892966,51.6313,2.906099,13.64085,2.619227,77.89091,2.639813,10.37228,10.28695,10.4638,0.4822719
302875903078197248,269,51910,32,151.93295,-0.13914898,0.06765883,459.7576,6.928047,58.49845,3.834197,32.44934,3.842694,252.6933,5.367491,11.08703,10.99021,11.18438,0.3804027
302876727711918080,269,51910,35,152.02016,-0.38987908,0.03334356,159.8421,2.971327,52.6517,2.654377,47.35887,2.706986,67.48392,2.206881,9.506905,9.431735,9.594393,-0.3985362
302879476490987520,269,51910,45,151.44612,-1.2456921,0.08437029,0.0,-0.7509965,42.67182,3.164339,17.14392,2.551402,0.0,-0.7509965,10.00287,9.913243,10.09951,-0.07833656
302881400636336128,269,51910,52,151.42999,-0.77400858,0.0452119,76.35715,2.772701,19.76627,2.193657,24.36217,2.440624,12.57081,1.559699,9.27029,9.178413,9.385805,-0.7823527
302882500147963904,269,51910,56,151.44636,-1.1805702,0.03225636,545.075,6.08659,152.6431,3.758352,163.6821,4.067122,114.4559,2.563276,9.119048,9.056254,9.215247,-0.342147
302884424293312512,269,51910,63,151.73923,-0.36966425,0.09594652,185.7986,3.356841,45.62185,2.606883,18.89025,2.462549,66.70149,2.404007,10.18404,10.10095,10.27373,0.2389535
302884974049126400,269,51910,65,151.84889,-0.28554879,0.09424894,238.1157,3.603124,51.02438,2.327813,23.55211,2.258884,84.16088,2.267353,10.32975,10.23718,10.43099,0.426546
302885248927033344,269,51910,66,151.82384,-0.26039293,0.0668576,363.477,5.244451,85.41187,3.379651,45.29875,3.451801,163.1321,3.735089,10.42712,10.34105,10.52173,0.3748908
302885523804940288,269,51910,67,151.80956,0.055850091,0.02166339,199.3246,3.088176,66.94772,2.709691,112.3815,3.324575,21.76003,1.478318,8.34309,8.283375,8.414093,-0.89799
302887447950288896,269,51910,74,151.83273,-0.53974128,0.09362166,318.2583,4.532271,63.96496,2.952502,24.4994,2.83421,134.9151,3.220427,10.55995,10.46427,10.66116,0.6792587
302888822339823616,269,51910,79,151.82309,-0.078680986,0.04651895,229.4227,4.643783,48.91931,2.804636,16.03669,2.568014,96.48497,3.204931,10.2876,10.19545,10.38293,-0.06063511
302889372095637504,269,51910,81,151.06646,-1.2134722,0.06609736,1105.474,10.98858,259.5634,5.552082,134.3046,5.268162,349.632,5.70039,10.23203,10.16802,10.32393,0.6278261
302889921851451392,269,51910,83,151.02745,-1.2051813,0.06537174,72.31905,4.094326,23.04517,3.674062,30.24506,4.443815,42.07411,4.089051,10.64922,10.5461,10.74752,-0.1389589
302895144531683328,269,51910,102,151.62075,-0.20137098,0.04634656,129.1845,4.816432,29.66156,3.280522,19.85743,3.280663,76.82323,4.074667,9.958876,9.864038,10.06112,-1.582516
302895419409590272,269,51910,103,151.69993,-0.50366235,0.04464796,212.9399,3.656242,63.36415,2.794969,34.13052,2.67603,54.62653,2.29742,9.591823,9.538307,9.661909,-0.004512169
302896518921218048,269,51910,107,151.65839,-0.21810678,0.09585693,405.8592,5.208263,92.30167,3.289191,27.28093,2.825984,124.4903,2.948637,10.25215,10.16629,10.35729,0.5235189
302898717944473600,269,51910,115,151.69436,-0.60463461,0.0874864,167.3583,3.237306,43.65201,2.596506,20.97337,2.531537,58.09896,2.336334,10.05874,9.973888,10.14905,0.06802453
302899542578194432,269,51910,118,151.72383,0.0069680745,0.04628231,546.3054,6.740446,121.7685,3.63515,29.49181,2.810577,189.0152,3.648417,9.522001,9.440937,9.616567,-0.1480145
302902016479356928,269,51910,127,150.59354,-1.229487,0.05626563,141.2449,3.251386,37.56638,3.098695,29.98764,3.075453,34.43859,2.380045,9.631007,9.55761,9.721263,-0.2275203
302903665746798592,269,51910,133,150.82352,-0.83311427,0.1176201,278.742,4.621794,77.54935,2.955865,56.85552,2.965671,74.33155,3.104519,9.91403,9.827067,10.04031,0.3887289
302904215502612480,269,51910,135,150.64224,-0.87192628,0.09410395,442.6733,5.156691,135.5812,3.568226,168.4846,4.125339,94.99934,2.467967,9.962027,9.908687,10.03606,0.6833336
302904490380519424,269,51910,136,150.6535,-1.0030934,0.04144953,210.7864,4.039564,64.18628,3.247206,100.6266,3.762649,45.84227,2.155802,9.412816,9.352407,9.491264,-0.2469333
302904765258426368,269,51910,137,150.63441,-0.83451917,0.09370887,130.482,2.719557,41.2808,2.454734,40.96172,2.584858,28.89972,1.653106,9.670394,9.58966,9.781079,0.06687354
302905040136333312,269,51910,138,150.63976,-0.9092971,0.04725183,563.6133,6.97497,200.3605,4.677447,432.1139,6.800812,76.72157,2.717018,8.943782,8.855702,9.027184,0.09058984
302907788915402752,269,51910,148,151.3722,-0.59823139,0.09577672,422.3237,5.138764,85.70646,2.996698,14.32683,2.613223,153.5983,3.155483,10.45615,10.37006,10.55844,0.6827001
302909438182844416,269,51910,154,151.52853,-0.21550041,0.04530115,311.8186,4.391,78.53313,2.878452,110.7312,3.384811,60.57347,2.160191,9.500097,9.415074,9.632326,-0.09402321
302910812572379136,269,51910,159,151.54134,-0.66686966,0.02123116,798.1581,8.187,190.0807,4.134522,101.6299,3.501528,208.5387,3.28453,8.870796,8.795813,8.970847,-0.5750989
302911362328193024,269,51910,161,151.19614,-0.62856884,0.09412583,73.5582,2.948526,24.03005,2.571135,15.68722,2.628053,28.06275,2.417498,10.43849,10.3449,10.53573,-0.01278681
302914935740983296,269,51910,174,151.21919,-0.50697219,0.06933434,0.0,-0.7777437,99.06874,3.159898,58.99099,2.877541,0.0,-0.7777437,9.703861,9.612699,9.847995,0.09906765
302918509153773568,269,51910,187,150.96999,-0.62093281,0.1226063,373.0755,5.955245,91.5835,3.651128,40.08422,3.298511,137.0912,3.90126,10.62096,10.52776,10.71344,0.6886203
302919333787494400,269,51910,190,151.00909,-0.34292988,0.03396715,327.6885,5.494186,87.56528,3.882511,76.33783,3.823962,71.79076,2.569209,9.597247,9.487025,9.746374,-0.276515
302919608665401344,269,51910,191,151.09633,-0.21299347,0.09561214,71.11981,2.72407,14.90018,2.202632,15.23804,2.303242,38.07292,2.392275,10.68777,10.59089,10.78719,0.2941119
302921532810749952,269,51910,198,151.12187,-0.24097976,0.04486069,425.4857,5.093757,110.9645,3.273796,78.56113,3.222106,105.5541,2.804211,9.535662,9.463939,9.62291,-0.1786306
302921807688656896,269,51910,199,151.12586,-0.15564361,0.1226908,978.9601,9.54037,219.2803,4.224236,85.29597,3.232491,424.3368,5.027249,10.33172,10.23625,10.45623,0.9084492
302926205735168000,269,51910,215,150.59451,-0.91320393,0.09436264,222.838,3.723564,55.8471,2.846374,18.26258,2.608754,68.62834,2.50904,10.10874,10.03491,10.20681,0.4276711
302927030368888832,269,51910,218,150.55172,-0.77312205,0.05648548,217.968,3.789917,38.69859,2.713639,13.08348,2.523856,97.90911,3.026147,9.946908,9.854569,10.05,0.08202766
302928129880516608,269,51910,222,150.84964,-0.027941251,0.09303447,145.5672,3.798499,32.25592,2.807461,42.16195,3.181415,103.0107,3.516646,10.73137,10.6453,10.82776,0.2667719
302933902316562432,269,51910,243,150.43892,-1.1827593,0.0661617,160.3882,4.000941,46.14803,3.208065,20.60975,3.502266,77.15231,3.368165,10.19109,10.10298,10.28712,-0.03078269
302934177194469376,269,51910,244,150.39231,-0.90711758,0.04718106,110.4406,2.918484,28.6416,2.186178,36.85067,2.376289,26.33488,1.823732,9.686858,9.624001,9.774826,0.03838542
302934452072376320,269,51910,245,150.40584,-0.9435057,0.04726475,163.9363,3.626278,37.55651,2.366716,23.17944,2.308939,49.85883,2.377002,10.06128,9.978192,10.15853,-0.05127244
302935001828190208,269,51910,247,150.47408,-1.0509099,0.05648488,214.2455,3.524299,52.72038,2.749964,95.33781,3.3069,31.31738,1.855801,9.306762,9.252387,9.383362,-0.1164893
302936925973538816,269,51910,254,150.45315,-1.1409109,0.04035684,88.25537,3.100605,26.89525,2.445652,19.12432,2.60013,24.82257,1.92494,9.402046,9.336679,9.497765,-0.2435294
302939949630515200,269,51910,265,150.69248,0.0067414224,0.04475605,639.3829,6.824699,180.0863,4.258626,127.8281,4.025617,142.2325,3.309275,9.404994,9.339343,9.500642,-0.0545533
302941049142142976,269,51910,269,150.63558,-0.49514313,0.09238136,0.0,-0.7862344,100.7633,4.824772,23.48352,3.959632,0.0,-0.7862344,10.99613,10.90364,11.09055,0.6997533
302941324020049920,269,51910,270,150.67113,-0.4238992,0.06376865,252.241,4.7675,58.73394,3.137128,16.68364,3.027432,118.3687,3.64881,10.58231,10.48781,10.67293,0.404604
302942148653770752,269,51910,273,150.64775,-0.067609023,0.03437575,261.9296,3.756003,80.08849,2.920057,155.2985,3.840106,30.35669,1.732889,8.899521,8.844555,8.977134,-0.3818667
302943523043305472,269,51910,278,150.71701,0.068748223,0.03245946,254.2883,5.316249,74.3531,4.052472,40.42921,4.107084,105.9064,4.177352,10.00071,9.909976,10.09657,-0.4147799
302944622554933248,269,51910,282,150.19465,-1.1771859,0.1222148,182.8955,4.773358,44.88894,2.400111,20.58668,2.447324,58.82855,2.605914,10.30414,10.20861,10.42361,0.7018613
302945722066561024,269,51910,286,150.12542,-1.2363467,0.1002933,184.4974,3.364906,45.59676,2.486708,11.64296,2.255813,82.0004,6.377543,10.31539,10.23786,10.40525,0.4661727
302946271822374912,269,51910,288,150.10603,-1.0495469,0.04623836,500.8737,5.909767,113.9501,3.194318,41.15973,2.639225,158.5574,3.175176,9.473229,9.394493,9.567807,-0.1768668
302947096456095744,269,51910,291,150.05715,-1.1708802,0.1377527,209.1499,5.000899,42.99218,3.663916,25.45943,4.159702,96.31287,3.992165,10.95932,10.86457,11.06176,0.6123039
302947646211909632,269,51910,293,150.31844,-1.0126476,0.06834973,871.2832,8.789484,202.3544,4.079006,254.8139,4.979282,170.8294,3.289074,9.863636,9.799586,9.956543,0.5023352
302948195967723520,269,51910,295,150.17206,-1.1869507,0.1228739,67.51685,6.540745,29.32154,5.544269,75.60844,5.391195,128.1105,6.2238,11.17918,11.08333,11.26945,-1.054863
302950120113072128,269,51910,302,150.3568,-0.69633848,0.06270817,111.9829,2.745223,37.12442,2.131411,17.93614,2.059914,24.84381,1.598343,9.645445,9.587848,9.729706,0.1687677
302950944746792960,269,51910,305,150.44701,-0.71353631,0.123129,337.3811,5.173303,94.89032,3.459189,103.2947,3.216413,60.10386,2.640922,9.949208,9.876493,10.07867,0.5186814
302953418647955456,269,51910,314,150.54143,-0.18924419,0.04470943,694.8866,7.660854,167.3249,4.032068,101.3435,3.8767,227.4367,4.17865,9.693502,9.624361,9.789804,0.1313462
302955067915397120,269,51910,320,150.46339,-0.68125326,0.08627754,113.0063,3.169579,24.95343,2.445901,12.94563,2.370721,44.46018,2.36958,10.65162,10.55339,10.74954,0.3575601
302961115229349888,269,51910,342,149.91583,0.5873293,0.0654925,231.3047,3.666977,66.27748,2.829596,39.54266,2.880787,90.32775,2.720397,9.043545,8.908153,9.200373,-1.253461
302961390107256832,269,51910,343,150.62006,0.33323868,0.03270039,1919.12,17.48914,485.9553,6.809026,374.6314,6.454805,549.1483,6.433821,9.424104,9.325755,9.581282,-0.09206761
302962764496791552,269,51910,348,150.70317,0.63562404,0.04552755,73.33451,3.797849,22.63126,2.432613,15.78755,2.2503,14.53533,1.681046,9.369876,9.291347,9.466368,-0.5137228
302964413764233216,269,51910,354,150.63229,0.26111798,0.04374476,91.79169,2.44801,25.00294,2.15801,12.42565,2.143021,26.42874,2.321699,9.547469,9.472671,9.64017,-0.3064653
302964963520047104,269,51910,356,150.59746,0.25431433,0.04373935,1180.117,10.99944,344.7312,4.820952,807.1531,8.402064,123.6687,2.791708,9.115841,9.037005,9.251307,-0.09029616
302965513275860992,269,51910,358,150.62846,0.30728894,0.03367684,132.2078,6.59397,35.85946,4.674456,46.39665,5.477281,120.1422,7.096724,10.68048,10.5912,10.77607,0.1688876
302968811810744320,269,51910,370,150.59319,0.82293996,0.08082879,554.0924,5.810827,141.4773,3.357707,40.10315,2.692368,220.3466,3.344839,10.08669,10.00781,10.19481,0.4239847
302969911322372096,269,51910,374,150.51703,0.6875303,0.04514595,183.7164,4.926896,39.02659,3.209366,28.82931,3.559002,96.38332,4.449397,10.37785,10.2817,10.47099,-0.5816305
302971560589813760,269,51910,380,150.55164,0.9801528,0.1333117,707.756,7.033742,193.0666,3.68391,296.3896,4.923875,111.982,2.586612,9.927835,9.864109,10.02698,0.698652
302972660101441536,269,51910,384,150.7797,0.54773925,0.04719725,297.3049,5.432585,53.86118,2.830106,24.49157,2.692466,119.6362,3.384267,10.45184,10.35655,10.5603,0.2296001
302972934979348480,269,51910,385,150.8774,0.61228833,0.04479999,256.7787,4.228149,71.0302,3.134371,30.69941,3.168744,92.57694,3.242231,9.540942,9.465936,9.633945,-0.4505469
302975683758417920,269,51910,395,150.75101,0.15890057,0.09882391,241.406,3.37154,71.27544,2.607628,62.42987,2.680106,49.36507,2.005204,9.873017,9.794663,9.985804,0.3122582
302976233514231808,269,51910,397,150.90341,0.37418565,0.04390857,149.9218,3.354989,38.78772,2.577789,23.5493,2.641154,68.64449,3.153078,9.794126,9.701517,9.889799,-0.587181
302980906438649856,269,51910,414,150.80341,1.148911,0.06763151,641.1194,7.166042,148.3649,3.932013,73.65313,3.632583,305.6597,4.529999,10.45543,10.36278,10.54672,0.3170424
302981181316556800,269,51910,415,150.49508,0.71524319,0.06251442,215.1628,4.897858,54.16375,3.396762,18.75049,3.499744,121.6649,4.282626,10.48864,10.3963,10.58651,0.02800254
302984479851440128,269,51910,427,150.91499,0.39097085,0.04454955,448.1151,5.811275,106.5143,3.668913,27.09401,3.191468,196.9852,4.179543,10.00337,9.927868,10.09716,0.1677826
302986678874695680,269,51910,435,150.94928,0.33108206,0.09613974,489.6213,6.376314,99.87965,4.374048,322.7786,6.347753,214.1477,4.387341,10.41033,10.31868,10.49957,0.06697528
302986953752602624,269,51910,436,151.05859,0.26283874,0.06718142,297.7784,5.615742,58.91536,3.921802,54.72038,4.118104,133.5276,4.319773,10.57748,10.4801,10.67989,0.1735491
302987503508416512,269,51910,438,151.01544,0.1500183,0.06659939,145.3251,2.668872,42.78677,2.100621,61.13249,2.439937,19.50654,1.396755,9.286417,9.228674,9.360819,-0.1380759
302987778386323456,269,51910,439,151.02848,0.62682958,0.04508871,211.2085,3.629429,51.64373,2.679385,14.27581,2.401143,61.55893,2.397655,9.627593,9.533163,9.720314,-0.5286623
302989427653765120,269,51910,445,150.92256,0.96454436,0.04547419,165.0961,3.653462,48.43751,2.518835,94.60539,2.928927,19.05099,1.52093,8.960382,8.886106,9.108873,-0.3358661
302990802043299840,269,51910,450,150.98446,0.81661237,0.04620731,2167.02,18.23741,578.2468,7.795912,1091.791,12.06836,661.6565,7.60488,9.976157,9.880674,10.07401,0.04425777
302991076921206784,269,51910,451,150.89163,0.91992167,0.09782924,223.886,3.609516,59.36614,2.52725,14.30808,2.253624,90.58877,2.557127,10.28656,10.19605,10.38569,0.2296936
302991626677020672,269,51910,453,150.93109,0.70469435,0.03229077,197.0833,4.399945,47.3987,3.212769,98.55717,4.240735,110.9105,3.850275,9.877895,9.784743,9.971006,-0.8480415
302994100578183168,269,51910,462,151.1935,0.46385131,0.04623601,73.43853,3.388407,23.25495,2.658867,144.2751,4.10641,104.4855,2.962431,9.638267,9.549362,9.738799,-0.5827148
302994375456090112,269,51910,463,151.16135,0.42022509,0.03275921,87.61485,2.046718,25.15904,1.949308,44.4528,2.309498,17.56446,1.322985,8.899116,8.830981,8.989006,-0.7998589
302996574479345664,269,51910,471,151.14406,0.54171062,0.06592298,204.5621,2.885601,62.22377,2.189395,73.77646,2.456995,36.83607,1.516436,9.392156,9.336177,9.475135,0.1267956
302996849357252608,269,51910,472,150.9424,0.43068451,0.07577504,377.076,4.371886,117.8974,2.962265,118.4147,3.112695,70.18842,1.984392,9.621977,9.555529,9.72564,0.1022787
302997399113066496,269,51910,474,151.03892,0.4248744,0.0476416,242.6366,3.665263,67.71425,2.378258,49.6454,2.321661,56.94591,1.911836,9.338066,9.2845,9.417917,-0.1501067
302997673990973440,269,51910,475,151.11195,0.17718721,0.09410248,467.4133,6.094168,112.7601,3.699802,29.30369,3.425694,204.4607,4.398177,10.67684,10.58253,10.77028,0.6544767
302999598136322048,269,51910,482,151.35034,0.54392803,0.02133142,129.3676,7.614903,31.93825,5.448599,91.22575,6.350672,138.2261,7.333539,10.77836,10.68705,10.87313,-0.6434311
303000422770042880,269,51910,485,151.30126,0.63218725,0.0624475,166.9756,3.315911,31.84736,2.32645,13.78317,2.266559,69.66644,2.426162,10.50057,10.40526,10.61193,0.09182053
303000697647949824,269,51910,486,151.38289,0.6110543,0.02049355,308.022,6.3516,86.88635,4.51403,192.6902,5.886324,156.5557,4.983547,9.898831,9.807325,9.996357,-0.7284942
303002621793298432,269,51910,493,151.31052,0.3380981,0.09435425,487.9523,5.311357,143.7935,3.395945,115.5977,3.378947,123.3237,2.573819,9.799889,9.732194,9.91116,0.3276736
303003721304926208,269,51910,497,151.30742,0.4750305,0.03271956,491.1753,6.994261,130.6658,4.283035,118.0963,4.635043,286.3988,5.430273,10.08571,9.994102,10.17728,-0.3609872
303005370572367872,269,51910,503,151.55765,0.36892501,0.04568858,90.50887,3.064621,22.0281,2.386236,14.39507,2.291652,25.95106,1.995529,9.811909,9.725924,9.906642,-0.3807074
303007294717716480,269,51910,510,151.66204,0.48060997,0.09634899,63.42082,2.31157,16.43652,2.202581,17.14678,2.433857,23.44185,1.956526,10.58602,10.48225,10.69107,0.01801477
303007569595623424,269,51910,511,151.6547,0.63260972,0.02122282,620.7071,7.894842,126.0947,4.756578,26.77491,3.977342,215.5362,4.923121,9.827339,9.736625,9.922375,-0.345758
303008669107251200,269,51910,515,151.6353,0.3365056,0.08924252,246.3571,5.774047,53.98074,4.267411,363.4629,6.8532,256.594,5.366338,10.84507,10.74418,10.94356,-0.2903987
303010318374692864,269,51910,521,151.15529,0.82931967,0.06594614,1550.91,13.13206,331.4507,5.578319,128.002,4.21933,640.8735,6.582103,9.977845,9.846353,10.11915,0.6480117
303010593252599808,269,51910,522,151.21692,0.69849386,0.0627381,58.97868,2.862649,13.59958,2.311039,21.59341,2.730046,35.87064,2.424655,10.44814,10.35519,10.53245,-0.9512886
303011692764227584,269,51910,526,150.9942,0.73665141,0.04659506,335.0702,4.974041,99.25793,2.939908,22.25117,2.369515,128.5562,2.975832,9.944843,9.870419,10.03902,0.01608802
303012792275855360,269,51910,530,150.99962,0.80691492,0.0463645,760.1377,8.223203,160.614,3.745108,64.59436,3.19307,243.8329,4.063597,9.990602,9.916728,10.09295,0.2429134
303013067153762304,269,51910,531,150.97937,1.18293,0.1277961,89.7337,3.070649,23.32871,2.03788,21.58723,2.267582,46.19046,2.220485,10.71942,10.62473,10.82156,0.5507383
303014991299110912,269,51910,538,151.12788,0.88949037,0.06168771,127.697,2.593755,39.78613,2.151832,29.5645,2.225812,28.92682,1.656132,9.615306,9.551813,9.701432,-0.002853245
303015541054924800,269,51910,540,151.17115,0.91421799,0.04583271,88.36258,3.008585,27.10824,2.536206,35.92679,2.626376,12.72569,1.599127,9.104479,9.047264,9.187401,-0.3146882
303015815932831744,269,51910,541,151.73365,0.50181922,0.06864624,102.4856,2.769458,27.43907,2.291876,13.21965,2.326146,36.32287,1.898326,9.793453,9.71104,9.895664,-0.1217073
303019114467715072,269,51910,553,151.69388,0.29010167,0.09711574,143.9142,5.437265,42.66053,4.405098,43.42113,4.594508,80.40222,4.678358,10.85005,10.76019,10.93853,-1.295924
303021863246784512,269,51910,563,151.29783,0.83577785,0.09841955,312.1128,4.084883,72.37771,2.538928,16.22292,2.282579,105.1095,2.623625,10.16033,10.09206,10.25154,0.5744289
303027085927016448,269,51910,582,151.89223,0.27724718,0.03345294,530.6071,6.840851,134.492,4.060663,59.30315,3.759037,252.5382,5.015322,10.25977,10.17734,10.35812,0.1348
303029559828178944,269,51910,591,151.96925,0.30330421,0.03379481,1534.108,11.78417,442.0631,5.597198,581.2348,6.412178,251.5824,2.96911,7.432322,6.886135,7.503244,-0.4797887
303031758851434496,269,51910,599,151.85576,0.62764017,0.03141538,246.4251,4.032489,62.20359,3.238471,27.86467,3.026297,78.99762,2.809631,9.699703,9.636214,9.791646,0.004518089
303033682996783104,269,51910,606,151.70223,0.80701157,0.0460473,287.0476,4.68855,77.63045,3.10772,82.44754,3.355986,58.7488,2.434568,9.599261,9.517184,9.691514,-0.4204013
303035882020038656,269,51910,614,151.84724,0.80628305,0.09636237,359.0318,4.656376,84.96651,3.146534,27.19541,2.773257,151.6687,2.99651,9.990225,9.91979,10.07797,0.5103102
303039455432828928,269,51910,627,152.00348,0.35649896,0.0315523,515.8463,5.890508,166.0813,4.051845,374.4175,6.067232,47.48361,2.053334,8.779552,8.703516,8.859195,-0.3199299
303041654456084480,269,51910,635,152.00034,0.26470425,0.1222356,245.189,4.650514,58.86372,2.646529,25.82247,2.527436,128.051,3.179417,10.34769,10.26003,10.44767,0.3910175
303043028845619200,269,51910,640,152.08589,0.25061994,0.0314129,159.1111,2.958854,57.57797,2.620919,24.14566,2.318363,50.82046,2.051662,9.596257,9.53397,9.684463,-0.04162476
303999054189193216,270,51909,22,153.74028,-0.51982748,0.1022109,256.1675,3.908746,66.64829,2.521221,20.2205,2.217653,94.82426,2.452033,10.33153,10.24385,10.45617,0.3021313
304000703456634880,270,51909,28,153.63083,-0.25946474,0.03351018,126.0464,3.427157,35.67765,2.767699,13.58903,2.714929,48.29744,2.969362,9.773625,9.681965,9.868114,-0.7484972
304002902479890432,270,51909,36,153.78413,-0.2442526,0.1435468,369.441,4.90417,80.5034,3.089376,26.17229,2.93495,131.5571,3.577817,10.54264,10.45524,10.64,0.8777559
304006750770587648,270,51909,50,153.44509,-0.91421698,0.04243781,635.1912,10.4084,108.6319,5.889566,687.4507,10.47349,634.578,10.22843,10.6536,10.5626,10.7472,0.3482149
304008949793843200,270,51909,58,153.4716,-0.74404361,0.04933015,299.5038,4.16955,90.08466,2.608769,59.89566,2.40309,72.64465,1.961733,9.089166,9.022337,9.194206,-0.2732988
304009224671750144,270,51909,59,153.50263,-0.70807445,0.05798604,320.7365,4.536726,87.52728,3.139822,35.33535,2.842737,105.4716,2.719515,9.579679,9.514854,9.669963,-0.1813932
304009774427564032,270,51909,61,153.59565,-0.6253347,0.08592703,355.7388,6.013881,67.83205,3.141738,18.08974,3.037247,191.8861,4.191938,11.12177,11.02907,11.21627,0.8614455
304011148817098752,270,51909,66,153.50848,-0.2479792,0.09770044,305.8569,3.921263,69.63983,2.496106,14.82324,2.057478,100.4711,2.32529,10.20061,10.10913,10.31399,0.4267859
304014172474075136,270,51909,77,153.52434,-0.12714567,0.0463312,333.7006,5.185962,109.4581,2.920878,251.8931,3.968036,31.96437,1.715634,8.989799,8.931213,9.069845,-0.351033
304017471008958464,270,51909,89,153.34334,-0.87179442,0.04748411,306.4053,4.34273,71.12551,2.639681,38.21413,2.509682,86.55301,2.444738,9.623634,9.548072,9.717346,-0.2174509
304017745886865408,270,51909,90,153.30632,-0.89682588,0.06230282,582.8629,6.524456,188.4396,3.748413,206.9862,4.090914,113.8957,2.322581,9.242379,9.119692,9.44778,0.06771169
304018570520586240,270,51909,93,153.34029,-0.78142128,0.04874733,175.5219,3.298093,52.51843,2.456384,68.80053,2.801116,21.18895,1.747634,9.110654,9.057436,9.185404,-0.3322991
304024617834539008,270,51909,115,153.46687,-0.37364482,0.0435949,175.0988,3.081304,29.33654,2.14735,14.32787,1.981829,56.26613,2.452134,10.04491,9.904382,10.18573,-0.2519048
304027091735701504,270,51909,124,152.69799,-0.95983421,0.09223709,323.1991,4.396208,93.02721,2.899069,51.20788,2.881699,105.3562,2.652479,10.03887,9.965438,10.13106,0.240568
304027366613608448,270,51909,125,153.16614,-1.1063515,0.09686861,354.96,5.899241,51.71258,3.63146,47.55017,3.605553,199.2943,4.717848,11.25404,11.139,11.36191,0.581752
304031214904305664,270,51909,139,152.86455,-0.95920888,0.1163033,91.61427,3.993677,17.92836,3.051407,21.55774,3.153047,47.61322,3.220798,10.65176,10.55444,10.75566,0.09823369
304031489782212608,270,51909,140,153.0517,-1.208791,0.08534282,166.3083,2.830355,54.39218,2.341809,27.93638,2.200484,46.38241,1.770098,9.836771,9.766408,9.938403,0.2235634
304033688805468160,270,51909,148,152.86383,-0.65329825,0.06805212,58.61931,2.344637,17.13623,1.848373,12.66595,1.678519,13.86317,1.358966,10.3714,10.2796,10.45568,-1.323039
304033963683375104,270,51909,149,152.79113,-0.39943123,0.04664793,496.3665,5.895012,145.5637,3.496611,52.03775,2.686918,200.8448,3.368238,9.780275,9.709089,9.870203,0.01244594
304038361729886208,270,51909,165,152.71324,-0.64513111,0.04348949,524.6385,7.922544,129.4118,4.784807,513.5613,8.027407,324.3851,6.922844,10.73248,10.64256,10.82522,0.4766212
304038911485700096,270,51909,167,152.62193,-0.33270749,0.06901301,604.633,5.897862,179.647,3.798949,200.4234,3.858458,157.4926,2.612931,9.551288,9.454826,9.705399,0.1598235
304040010997327872,270,51909,171,152.71702,-0.1342654,0.06864782,189.6835,4.87909,42.38734,3.179845,20.73258,3.345203,66.74867,3.804311,10.81706,10.72428,10.91268,0.5798429
304040285875234816,270,51909,172,152.59228,-0.37637317,0.06949116,98.82668,2.599314,19.11937,1.964846,9.671737,1.881363,46.07165,2.095043,10.6099,10.50145,10.72338,0.3463467
304041385386862592,270,51909,176,152.63433,-0.30866519,0.06913372,195.8297,3.033099,59.81295,2.1217,69.71578,2.433748,40.21154,1.58393,9.481328,9.430409,9.555505,0.06624375
304041935142676480,270,51909,178,152.68095,-0.63778506,0.02110603,430.6102,5.30502,150.8434,4.269882,349.1174,6.510621,40.41412,2.258912,8.548569,8.488387,8.660222,-1.070713
304048532212443136,270,51909,202,152.59653,-0.96452299,0.08741361,114.3775,2.523496,32.6626,2.073423,18.98358,2.090767,28.6162,1.733963,9.845408,9.780822,9.931022,0.1315643
304049631724070912,270,51909,206,152.49254,-1.1817654,0.03176129,240.4107,3.522474,72.23491,2.516813,34.66051,2.292989,62.36785,1.988459,9.395621,9.32303,9.488191,-0.4072894
304052105625233408,270,51909,215,152.53222,-0.8823301,0.06662225,292.5649,3.966439,70.2589,2.646896,22.52198,2.343052,95.50285,2.429305,9.69402,9.613661,9.793775,-0.1078643
304053480014768128,270,51909,220,152.52687,-1.0619675,0.06605411,364.9677,5.665926,81.74656,3.578344,61.76437,3.845877,181.1795,4.437646,10.5372,10.44347,10.62931,0.3123207
304054304648488960,270,51909,223,152.40433,-0.3270286,0.06670682,386.8065,5.151794,77.2675,2.861842,21.32518,2.491591,128.2007,3.110373,10.18353,10.0895,10.27739,0.2143672
304054579526395904,270,51909,224,152.40893,-0.15972653,0.1375496,1112.157,10.17876,295.0864,5.094324,539.1013,7.283286,272.5817,4.046671,10.10196,9.97859,10.24605,0.8995259
304055129282209792,270,51909,226,152.42525,-0.513039,0.04580676,210.0369,3.723022,56.93462,2.516417,36.10981,2.273471,45.26557,2.107832,9.486714,9.412016,9.583662,-0.3187371
304057053427558400,270,51909,233,152.34487,-0.37479687,0.09598909,353.1573,4.725284,98.78344,3.03982,48.97398,2.83653,113.609,2.967738,9.956985,9.884612,10.04891,0.2283487
304058977572907008,270,51909,240,152.36122,-0.36432869,0.09554072,658.9089,7.130632,166.6342,3.496251,131.7635,3.437734,183.7893,3.124511,10.06177,9.943986,10.24575,0.6757044
304059252450813952,270,51909,241,152.31934,-1.1341906,0.04474711,75.27374,2.35187,17.79728,2.00737,10.95509,2.010062,23.68641,1.908058,9.652126,9.578828,9.749417,-0.2031371
304059527328720896,270,51909,242,152.34263,-1.2271187,0.03180367,141.9135,2.707897,45.04219,2.280948,15.84112,2.053817,42.75322,1.815946,9.337989,9.27388,9.43108,-0.3382277
304059802206627840,270,51909,243,152.26984,-1.1812437,0.09453765,233.242,4.08931,55.93951,3.046219,25.07827,2.869623,97.428,3.000533,10.3302,10.23615,10.42275,0.3378352
304062550985697280,270,51909,253,152.13222,-0.75143802,0.1170835,1276.945,11.01137,193.6312,4.116193,101.8531,3.679276,555.0167,6.2371,11.01409,10.86928,11.20961,1.649212
304063375619418112,270,51909,256,152.31747,-0.74041129,0.06713399,153.5001,2.727412,45.76846,2.083831,52.59118,2.226362,27.1839,1.4703,9.505971,9.447799,9.59241,-0.03648188
304063925375232000,270,51909,258,152.31119,-1.0453774,0.07119782,350.802,5.680297,91.15741,3.740744,20.89183,3.364567,152.8503,4.338308,10.44979,10.36006,10.54624,0.3069846
304064750008952832,270,51909,261,152.29476,-0.27096657,0.06938007,252.2621,3.728951,68.71239,2.463754,31.06908,2.246982,71.60995,2.099293,9.821923,9.727655,9.972929,0.201813
304065849520580608,270,51909,265,152.26345,-0.22709347,0.04466367,1504.464,12.89241,343.3907,6.067719,128.9936,4.606103,712.5635,7.081159,10.22737,10.12675,10.37633,1.043412
304068598299650048,270,51909,275,152.261,-0.26415103,0.06932157,195.4794,3.13563,52.80693,2.279799,16.60409,2.000443,62.0428,2.015683,9.694052,9.624944,9.785484,-0.01891555
304069697811277824,270,51909,279,152.25671,-0.34889085,0.0711996,235.755,3.636511,58.93829,2.415901,15.8679,2.045458,75.03331,2.268048,9.666656,9.599413,9.757042,0.08444676
304072446590347264,270,51909,289,151.60512,-1.2115789,0.0427446,133.0439,2.634945,36.14571,2.052784,18.769,1.997521,37.20908,2.317066,9.483991,9.405624,9.581076,-0.4346058
304072996346161152,270,51909,291,151.6072,-1.1855978,0.04344077,417.4377,5.235816,82.42498,3.012574,32.02139,2.621433,124.8211,3.323353,9.659044,9.575682,9.757707,-0.0647677
304073546101975040,270,51909,293,151.92988,-0.74043487,0.09316329,438.926,4.87704,90.90801,2.871212,47.12954,2.674168,137.1422,2.883342,10.29456,10.20064,10.39268,0.4749645
