wavelength_A,flux_1e17,ivar,and_mask
3803.6448257531915,1.8458077907562256,0.09578153491020203,0
3804.5219378491265,2.0140011310577393,0.09836477041244507,0
3805.397163121219,-0.6019319891929626,0.10392823815345764,0
3806.272589737735,0.7991371750831604,0.0979921817779541,0
3807.1503077902407,7.8918938636779785,0.09184132516384125,0
3808.0261377153843,4.965206146240234,0.09706254303455353,0
3808.9042601321803,6.059698104858398,0.11626633256673813,0
3809.780493551755,7.194057941436768,0.125031977891922,0
3810.659020519133,1.3047394752502441,0.1392282396554947,0
3811.5356576190284,3.538240432739258,0.14655034244060516,0
3812.412496388137,3.2220795154571533,0.1532243937253952,0
3813.291630289555,6.324300289154053,0.14941655099391937,0
3814.168873017869,9.28855037689209,0.14273957908153534,0
3815.048411935859,13.766411781311035,0.1313709169626236,0
3815.9260588094817,6.909702777862549,0.1390962451696396,0
3816.8060029306343,0.30732017755508423,0.15089555084705353,0
3817.6840541357556,1.7605630159378052,0.15429294109344482,0
3818.5623073354027,4.218036651611328,0.15101850032806396,0
3819.442859369643,2.9773800373077393,0.15209122002124786,0
3820.321517180123,4.569860935211182,0.15020911395549774,0
3821.2024748842678,2.4313995838165283,0.1544531136751175,0
3822.081537491985,1.921083927154541,0.1610891968011856,0
3822.962901052926,7.275805950164795,0.1541394144296646,0
3823.8423686443693,8.986116409301758,0.1580582708120346,0
3824.7241382490856,9.043356895446777,0.1644926816225052,0
3825.6040110108315,8.125500679016113,0.1725558489561081,0
3826.48408618615,6.466625213623047,0.1653880476951599,0
3827.366464965097,4.661181926727295,0.16797907650470734,0
3828.246945590631,1.7678751945495605,0.16096581518650055,0
3829.129730881063,6.652050971984863,0.1582202911376953,0
3830.010617143604,7.725788116455078,0.14949235320091248,0
3830.893809132801,2.839953899383545,0.15998771786689758,0
3831.7751012192257,4.2122979164123535,0.15268707275390625,0
3832.6565960457365,3.77761173248291,0.15188558399677277,0
3833.5403981918244,3.041975259780884,0.15372434258460999,0
3834.422299122584,5.391188621520996,0.15474741160869598,0
3835.306508435901,5.745023727416992,0.16492107510566711,0
3836.1888156580017,2.74287486076355,0.1772596538066864,0
3837.0734323261304,4.7339701652526855,0.17784826457500458,0
3837.9561460267496,2.8112339973449707,0.19087457656860352,0
3838.839062794496,7.734192848205566,0.17710357904434204,0
3839.724290603761,5.643486976623535,0.1850038468837738,0
3840.6076141308436,7.043681621551514,0.17549090087413788,0
3841.4932497641403,6.083922386169434,0.16985876858234406,0
3842.376980237953,3.7832798957824707,0.17259368300437927,0
3843.2630238831666,3.616947650909424,0.17147865891456604,0
3844.1471614911898,1.4237093925476074,0.18224133551120758,0
3845.0315024939073,2.69461989402771,0.1738714873790741,0
3845.9181582660904,0.17340056598186493,0.17329947650432587,0
3846.8029066842887,1.495404601097107,0.1509247124195099,0
3847.6899709383656,7.3808770179748535,0.1727098971605301,0
3848.575126959741,3.9116196632385254,0.19366270303726196,0
3849.4625998838987,5.308279514312744,0.1933692842721939,0
3850.3481636962338,6.826972007751465,0.1965719610452652,0
3851.2339312313597,3.759162187576294,0.21500305831432343,0
3852.1220172699104,3.528031349182129,0.22438286244869232,0
3853.0081928777204,0.647886335849762,0.23292052745819092,0
3853.896688057088,4.58326530456543,0.21230334043502808,0
3854.78327192558,5.338382244110107,0.20764580368995667,0
3855.6721764342556,2.266124963760376,0.21923258900642395,0
3856.5591687515152,7.741092205047607,0.20675481855869293,0
3857.4463651201922,4.9172563552856445,0.21672923862934113,0
3858.3358837322767,4.0705037117004395,0.22065655887126923,0
3859.2234888319,6.517333507537842,0.22051510214805603,0
3860.1134172447873,2.878814220428467,0.22984923422336578,0
3861.001431263659,5.103726863861084,0.2218029946088791,0
3861.8917696661447,5.607246398925781,0.21178649365901947,0
3862.780192792654,4.5874247550964355,0.21106228232383728,0
3863.668820299736,4.265235424041748,0.21418991684913635,0
3864.5597737962416,5.012087345123291,0.22106964886188507,0
3865.448810693595,6.5339531898498535,0.22730405628681183,0
3866.3401746519544,5.107851505279541,0.24594154953956604,0
3867.229621128185,5.240417003631592,0.2442905753850937,0
3868.121395737497,8.247954368591309,0.23385466635227203,0
3869.0112519812974,7.651142120361328,0.2314867228269577,0
3869.9013129353575,5.839268207550049,0.2500181198120117,0
3870.7937036308995,4.900335311889648,0.2487778216600418,0
3871.684174635619,2.9753284454345703,0.2685016393661499,0
3872.576976455132,4.525213718414307,0.24843399226665497,0
3873.467857699421,3.5906763076782227,0.24280671775341034,0
3874.3610708323085,4.447445392608643,0.2420053482055664,0
3875.252362505165,4.362488269805908,0.2402716726064682,0
3876.143859218499,5.322948455810547,0.24983598291873932,0
3877.0376894314263,7.363742828369141,0.258760541677475,0
3877.929596856874,1.8041287660598755,0.2917313277721405,0
3878.8238388569566,3.963840961456299,0.2890879213809967,0
3879.7161571837323,6.875102996826172,0.2738608121871948,0
3880.6108111606804,5.080991744995117,0.2785172164440155,0
3881.5035405780864,5.839108943939209,0.27627596259117126,0
3882.396475366721,6.766483783721924,0.27628958225250244,0
3883.2917474191227,7.334897994995117,0.27602097392082214,0
3884.1850935823913,4.549106597900391,0.29292726516723633,0
3885.080778086203,2.8455822467803955,0.2932293713092804,0
3885.9745358136256,7.251316547393799,0.26994970440864563,0
3886.8706329588636,1.163476824760437,0.2989348769187927,0
3887.7648024400473,5.630876541137695,0.27552348375320435,0
3888.6591776237456,7.967178821563721,0.25923097133636475,0
3889.555893841455,9.924448013305664,0.2546880841255188,0
3890.4506810633766,5.113595485687256,0.2837594449520111,0
3891.3478103978227,3.312861919403076,0.30182844400405884,0
3892.243009847793,4.038035869598389,0.28897008299827576,0
3893.1405524892984,4.067034721374512,0.3045336604118347,0
3894.0361643572305,4.673286437988281,0.3104610741138458,0
3894.9341204962057,3.9520931243896484,0.3120151460170746,0
3895.8301449721007,4.686509609222412,0.3061351478099823,0
3896.726375577249,4.680294990539551,0.31555259227752686,0
3897.62495207299,4.687382698059082,0.3121333122253418,0
3898.5215955711533,4.984384059906006,0.3115295171737671,0
3899.420586040659,4.840400695800781,0.24356210231781006,0
3900.317642622057,5.223573207855225,0.24216489493846893,0
3901.217047256046,6.245772838592529,0.23593682050704956,0
3902.114517110986,6.136770725250244,0.2784259617328644,0
3903.0121934276863,4.801382541656494,0.2854406535625458,0
3903.91221941914,4.746890068054199,0.26735374331474304,0
3904.810309294894,3.7842795848846436,0.26200070977211,0
3905.710749927895,4.393931865692139,0.2569566071033478,0
3906.609253553229,5.2817301750183105,0.25448909401893616,0
3907.510109018803,6.271644592285156,0.2643980383872986,0
3908.4090265843315,4.8698248863220215,0.2780342102050781,0
3909.3081509446642,6.369062423706055,0.2772412598133087,0
3910.2096287700156,7.487055778503418,0.26265838742256165,0
3911.109167356515,4.803492546081543,0.2864140272140503,0
3912.0110604922734,8.139302253723145,0.27995362877845764,0
3912.911013495773,4.376955986022949,0.2999238073825836,0
3913.8133221332714,5.033295631408691,0.2918049693107605,0
3914.7136897446935,5.79823637008667,0.2897031903266907,0
3915.614264484501,3.9373254776000977,0.3060440421104431,0
3916.517196485707,5.388596534729004,0.2953978478908539,0
3917.4181861198704,6.102891445159912,0.2982079088687897,0
3918.321534101421,5.032199859619141,0.310056209564209,0
3919.2229388210817,5.766700744628906,0.3171500861644745,0
3920.126702974619,6.026910781860352,0.31038662791252136,0
3921.028522971007,4.644610404968262,0.3213734030723572,0
3921.9305504298995,4.949950218200684,0.3312138319015503,0
3922.834938952694,4.6202616691589355,0.31848660111427307,0
3923.7373819752092,7.357490539550781,0.28762826323509216,0
3924.6421871493676,6.328135013580322,0.28724002838134766,0
3925.5450459269555,6.013526439666748,0.29339420795440674,0
3926.4502679444286,8.194960594177246,0.2882576882839203,0
3927.3535426686276,6.908580780029297,0.3082480728626251,0
3928.2570251899897,4.3630242347717285,0.3322420120239258,0
3929.162872583891,8.472362518310547,0.32325872778892517,0
3930.066771339222,6.156984329223633,0.33624619245529175,0
3930.9730360565886,8.368391036987305,0.32826530933380127,0
3931.877351237648,4.0366411209106445,0.3450987935066223,0
3932.78403347074,6.335085868835449,0.33538663387298584,0
3933.6887652693745,5.534256458282471,0.34987959265708923,0
3934.5937052003706,4.498456954956055,0.3650534152984619,0
3935.5010138186867,5.853824615478516,0.360824316740036,0
3936.4063706550796,6.407072067260742,0.37148648500442505,0
3937.314097270046,5.8642730712890625,0.3621087968349457,0
3938.219871203905,5.852570056915283,0.36273443698883057,0
3939.1280160080923,4.107784748077393,0.36285844445228577,0
3940.034207231573,3.4623663425445557,0.34831932187080383,0
3940.9406069231536,5.843766212463379,0.32299596071243286,0
3941.849379122989,7.820436477661133,0.3151622414588928,0
3942.7561963924777,5.959456920623779,0.32465559244155884,0
3943.665387263235,5.8420023918151855,0.3442087769508362,0
3944.5726223030097,6.575854301452637,0.34650394320487976,0
3945.48223203757,5.724586486816406,0.36585545539855957,0
3946.389885040098,8.511882781982422,0.3369828462600708,0
3947.297746847006,3.7628633975982666,0.35984259843826294,0
3948.207984989267,3.857301712036133,0.36470702290534973,0
3949.116265047679,4.109152317047119,0.3811272382736206,0
3950.026922536221,4.162993431091309,0.38163113594055176,0
3950.9356210388255,6.583852767944336,0.35351622104644775,0
3951.8466980668404,7.953277587890625,0.3415781855583191,0
3952.7558152064144,5.824038505554199,0.36086124181747437,0
3953.6651414871912,3.5829362869262695,0.3952268958091736,0
3954.5768479365934,4.497528553009033,0.40686890482902527,0
3955.486593143557,5.441159725189209,0.4065262973308563,0
3956.398719615688,5.4824957847595215,0.3772197663784027,0
3957.308883941837,6.437763214111328,0.3760697841644287,0
3958.221430630201,6.238941669464111,0.3903350532054901,0
3959.132014268624,8.695510864257812,0.3556118905544281,0
3960.044981366815,8.350292205810547,0.33635058999061584,0
3960.9559845106883,5.08123254776001,0.3480139672756195,0
3961.8671972296374,4.53374719619751,0.347479909658432,0
3962.780795054978,6.901581287384033,0.34700846672058105,0
3963.6924275691954,6.352756500244141,0.3685619533061981,0
3964.606446288621,4.074755668640137,0.40284401178359985,0
3965.518498791505,5.1581130027771,0.4056042730808258,0
3966.4329385989217,7.315385818481445,0.39235222339630127,0
3967.3454112839613,5.883700370788574,0.4078829288482666,0
3968.2580938821434,4.933923721313477,0.426079660654068,0
3969.173165434137,4.433793067932129,0.44198736548423767,0
3970.086268504759,6.453219890594482,0.433513879776001,0
3971.001761629783,7.091433525085449,0.42364615201950073,0
3971.915285366557,5.578775405883789,0.3609670102596283,0
3972.831200258829,8.565234184265137,0.32614952325820923,0
3973.7451448555557,5.071786403656006,0.32705163955688477,0
3974.659299704035,5.933216094970703,0.37751686573028564,0
3975.5758473599535,6.179234027862549,0.3579001724720001,0
3976.4904233591387,2.808849811553955,0.37810781598091125,0
3977.407393268127,2.8226735591888428,0.3843739628791809,0
3978.3223906120415,3.823836326599121,0.3867535889148712,0
3979.239782968633,5.182222366333008,0.38600772619247437,0
3980.15520185139,5.471246242523193,0.3926311135292053,0
3981.0708313250575,3.7169718742370605,0.43640875816345215,0
3981.9888574660067,5.21912956237793,0.417630672454834,0
3982.904908769739,4.011033058166504,0.42104002833366394,0
3983.8233578448962,5.231334209442139,0.4196512699127197,0
3984.73983117303,4.6514482498168945,0.40467217564582825,0
3985.6587033772407,2.989205837249756,0.42195063829421997,0
3986.575598924202,3.046894073486328,0.432219922542572,0
3987.4927054017794,3.4691414833068848,0.41724082827568054,0
3988.412212412707,4.795870780944824,0.4027601182460785,0
3989.3297414008034,5.303898334503174,0.41582316160202026,0
3990.2496720281756,3.097600221633911,0.42760393023490906,0
3991.167623721442,5.1752471923828125,0.42498454451560974,0
3992.0879781604176,6.625086307525635,0.4346502125263214,0
3993.006352753594,9.131109237670898,0.4108058214187622,0
3993.9249386176384,4.297558307647705,0.4581731855869293,0
3994.845928887339,6.371628761291504,0.4511996805667877,0
3995.764937943456,6.600805282592773,0.4689902663230896,0
3996.6863525129374,5.77454948425293,0.4940342307090759,0
3997.6057849560907,6.2923903465271,0.477523535490036,0
3998.5276240208273,6.265253067016602,0.437491238117218,0
3999.447480046071,7.1331000328063965,0.35730916261672974,0
4000.367547682985,4.514017105102539,0.37828129529953003,0
4001.290023604107,0.8768287897109985,0.49318668246269226,0
4002.2105151157443,6.222529411315918,0.4503494203090668,0
4003.133416021086,6.97572660446167,0.4636729657649994,0
4004.0543316027265,3.248286724090576,0.5074753761291504,0
4004.9776576880777,5.3190741539001465,0.5134317278862,0
4005.8989975350905,4.508927345275879,0.5116499066352844,0
4006.8205493351243,3.817256450653076,0.510750412940979,0
4007.7445133041747,7.591593265533447,0.4645470082759857,0
4008.6664896626858,5.164836406707764,0.45638346672058105,0
4009.5908793014987,3.7544682025909424,0.44914883375167847,0
4010.5132804140812,5.614770889282227,0.43189024925231934,0
4011.4380959187624,4.066132545471191,0.4632321000099182,0
4012.3609219811,3.114238977432251,0.4729683995246887,0
4013.283960338361,4.8601508140563965,0.44134777784347534,0
4014.209414755713,6.451785564422607,0.40028148889541626,0
4015.1328783563076,5.904317378997803,0.398127019405365,0
4016.0587591300714,4.317856311798096,0.4269329905509949,0
4016.9826481699088,4.407742023468018,0.46172192692756653,0
4017.908955496506,5.638516902923584,0.46971768140792847,0
4018.833270171586,3.4179368019104004,0.5130733251571655,0
4019.757797484042,4.553617477416992,0.5023274421691895,0
4020.684744753942,4.315716743469238,0.4924057424068451,0
4021.609697995693,5.523087978363037,0.4837363660335541,0
4022.5370723097603,2.3292417526245117,0.5028042197227478,0
4023.4624516770314,2.8353281021118164,0.48893964290618896,0
4024.3902532320058,3.8104002475738525,0.4520447850227356,0
4025.316058921112,3.1034157276153564,0.436498761177063,0
4026.2420775906007,5.392771244049072,0.4246924817562103,0
4027.170520121172,5.486623287200928,0.468481183052063,0
4028.0969654070227,4.02170467376709,0.5127526521682739,0
4029.025835670627,5.943976402282715,0.47743096947669983,0
4029.952707769382,5.551447868347168,0.4731284976005554,0
4030.882005963077,3.0756618976593018,0.48518866300582886,0
4031.8093050713683,3.578047275543213,0.4973278343677521,0
4032.7390313923,2.678462028503418,0.5351085066795349,0
4033.666757706851,3.6902172565460205,0.5411324501037598,0
4034.594697443621,4.860447406768799,0.5533855557441711,0
4035.5250660698825,3.2806594371795654,0.5787376761436462,0
4036.4534333080496,6.589504718780518,0.5178841948509216,0
4037.384230554696,4.574732303619385,0.5195493102073669,0
4038.3130254912094,6.643950462341309,0.4584137797355652,0
4039.244251555706,6.702779769897461,0.45036324858665466,0
4040.1734743876063,1.5022706985473633,0.4947192668914795,0
4041.1029109859983,2.2077813148498535,0.47148042917251587,0
4042.034780391928,3.724921464920044,0.4598340392112732,0
4042.96464518132,4.764400959014893,0.46019643545150757,0
4043.8969438990434,3.7870442867279053,0.5001085996627808,0
4044.827237076703,0.3667321503162384,0.5129841566085815,0
4045.759965304004,2.644855260848999,0.41737979650497437,0
4046.6906870672897,5.227097511291504,0.2886212468147278,0
4047.6216229418937,3.7974023818969727,0.2677691876888275,0
4048.554995548403,4.19095516204834,0.32623451948165894,0
4049.4863603047233,2.5353870391845703,0.4466802477836609,0
4050.42016291555,4.556087970733643,0.4759189784526825,0
4051.351956751172,4.856480598449707,0.4810372292995453,0
4052.2861895644187,2.013810634613037,0.5273418426513672,0
4053.2184126770194,1.9198447465896606,0.5545281171798706,0
4054.1508502463216,4.544460773468018,0.5764625668525696,0
4055.0857284782264,3.6442933082580566,0.5599877834320068,0
4056.018595621075,2.3438053131103516,0.5963594317436218,0
4056.953904550938,4.635791301727295,0.5749922394752502,0
4057.8872014652375,5.42889404296875,0.5403310656547546,0
4058.822941291481,3.660801649093628,0.514289140701294,0
4059.756668175226,4.5603461265563965,0.48755529522895813,0
4060.6906098616137,4.958765506744385,0.4751085638999939,0
4061.626996147642,5.376075744628906,0.4960249960422516,0
4062.5613681005216,4.7254157066345215,0.5165180563926697,0
4063.4981857792677,2.6013572216033936,0.5285739302635193,0
4064.4329881968633,4.581954002380371,0.4776366055011749,0
4065.37023746707,3.723968029022217,0.42981794476509094,0
4066.305470547696,3.9213507175445557,0.42333680391311646,0
4067.2409187774633,2.8754727840423584,0.45122432708740234,0
4068.1788155502604,6.094555854797363,0.47830766439437866,0
4069.114694740583,6.417468547821045,0.5017048716545105,0
4070.053023601979,2.8757858276367188,0.5460333228111267,0
4070.9893339514015,1.824593186378479,0.5638540983200073,0
4071.928095100459,3.44393253326416,0.5711159706115723,0
4072.864836807615,3.6158947944641113,0.5921498537063599,0
4073.8017940109703,4.589295864105225,0.6129048466682434,0
4074.741203707106,7.243041038513184,0.5638710856437683,0
4075.6785925662,4.891037464141846,0.5458163619041443,0
4076.6184350479375,3.4338467121124268,0.5286232233047485,0
4077.556255761635,3.68916916847229,0.5108943581581116,0
4078.4965312283575,4.587752819061279,0.5222094655036926,0
4079.4347839956135,4.972945213317871,0.5351858735084534,0
4080.3732526066856,3.477318286895752,0.5629668235778809,0
4081.314177666659,1.9965769052505493,0.5467071533203125,0
4082.2530786297752,2.685304641723633,0.5778165459632874,0
4083.1944371734776,3.98858380317688,0.5541232228279114,0
4084.1337706878226,4.3277268409729,0.55255526304245,0
4085.07556291496,2.5354156494140625,0.5966225266456604,0
4086.015329179809,6.506932258605957,0.5577957034111023,0
4086.9553116366533,5.50131368637085,0.561768651008606,0
4087.8977545049015,4.5046610832214355,0.5983436703681946,0
4088.8381700112172,4.45820426940918,0.6098341345787048,0
4089.7810470624486,4.106388092041016,0.5861243009567261,0
4090.7218958177423,4.704861640930176,0.5570147037506104,0
4091.6652072519837,4.744710445404053,0.5597032904624939,0
4092.6064894558535,2.1191747188568115,0.6127879023551941,0
4093.547988200457,2.204033613204956,0.639851450920105,0
4094.49195132536,2.7396492958068848,0.6480686664581299,0
4095.4338838179888,4.545064449310303,0.6587060689926147,0
4096.378281826256,6.167959690093994,0.6501029133796692,0
4097.320648266737,3.2395336627960205,0.6994122266769409,0
4098.26548135872,3.578934669494629,0.6768285632133484,0
4099.208281946973,3.080374002456665,0.6786420941352844,0
4100.151299425264,3.6303553581237793,0.6795168519020081,0
4101.096785259151,4.263067245483398,0.68695467710495,0
4102.040237185147,2.538320302963257,0.7006071209907532,0
4102.98615860391,5.512897968292236,0.6358706951141357,0
4103.93004517776,4.451620578765869,0.6326398253440857,0
4104.876402382072,6.7743120193481445,0.6070767641067505,0
4105.8207238040195,3.7996912002563477,0.674295961856842,0
4106.767516994647,4.0106377601623535,0.7220713496208191,0
4107.712273465026,3.388967514038086,0.7410008311271667,0
4108.65724727539,3.2622628211975098,0.731174111366272,0
4109.604694562065,3.4657773971557617,0.6684993505477905,0
4110.550103721414,3.2761454582214355,0.617791473865509,0
4111.497987496605,3.3178060054779053,0.6240407824516296,0
4112.443832205507,2.5935630798339844,0.6564943790435791,0
4113.392152670303,2.513176441192627,0.6739273071289062,0
4114.338433129414,4.85468053817749,0.6502535343170166,0
4115.2849312791,2.1917786598205566,0.7019894123077393,0
4116.233906895068,0.7950525283813477,0.7239255309104919,0
4117.180841096004,1.1498321294784546,0.7089471220970154,0
4118.130253904588,1.9000437259674072,0.6796141266822815,0
4119.077624357661,4.329439640045166,0.6437773704528809,0
4120.0274745602765,4.850492000579834,0.6625903248786926,0
4120.975281466467,2.445491075515747,0.7387481927871704,0
4121.923306414392,2.9041943550109863,0.7359150052070618,0
4122.873812825004,3.924248456954956,0.708659827709198,0
4123.822274527573,1.5083719491958618,0.7216982245445251,0
4124.773218836039,3.303074359893799,0.6657857298851013,0
4125.722117494464,4.521334171295166,0.6874799132347107,0
4126.673499902521,3.015580654144287,0.7407199144363403,0
4127.622835718109,3.5206010341644287,0.7146933078765869,0
4128.572389927153,6.146365642547607,0.6542372703552246,0
4129.524429601738,5.044708728790283,0.6693336367607117,0
4130.474421269957,2.7515008449554443,0.6987695693969727,0
4131.426899548768,4.463479995727539,0.6665540933609009,0
4132.377328877698,3.507014751434326,0.6650600433349609,0
4133.330245962801,1.3201686143875122,0.7507218718528748,0
4134.281113154072,4.968521595001221,0.7070147395133972,0
4135.2321990910905,4.237396717071533,0.7164803743362427,0
4136.18577450296,4.293288230895996,0.7075170874595642,0
4137.137298604819,3.1801064014434814,0.7160190343856812,0
4138.0913133284275,4.49617338180542,0.6949621438980103,0
4139.043275796989,4.243107795715332,0.6809899210929871,0
4139.99773003473,2.7666208744049072,0.6776641607284546,0
4140.950131071949,3.576263666152954,0.691719651222229,0
4141.9027512077755,3.6438584327697754,0.7408658266067505,0
4142.85786483423,4.183278560638428,0.7872799634933472,0
4143.810923841702,4.457459449768066,0.7848066091537476,0
4144.766477488551,3.116102457046509,0.8122079372406006,0
4145.719975569855,3.4556941986083984,0.7353172302246094,0
4146.675969439816,3.516712188720703,0.6749181151390076,0
4147.629906797235,3.592473030090332,0.6580204367637634,0
4148.584063606689,2.8493118286132812,0.705482006072998,0
4149.540717929026,2.8351166248321533,0.7882456183433533,0
4150.495314318069,4.056567668914795,0.6706355810165405,0
4151.452409370599,5.106118202209473,0.6188259124755859,0
4152.407445541747,5.14567232131958,0.6024051904678345,0
4153.364981527513,2.6761064529418945,0.8244708180427551,0
4154.320457683372,4.230330944061279,0.7791653275489807,0
4155.276153645265,2.7364087104797363,0.7538523077964783,0
4156.234351148784,3.007676601409912,0.6967984437942505,0
4157.1904873993535,4.749103546142578,0.6735334992408752,0
4158.149126344008,4.409540176391602,0.7031372785568237,0
4159.105703086096,4.786223411560059,0.6952183842658997,0
4160.064783675258,4.94484281539917,0.6540781259536743,0
4161.021801111796,3.3841633796691895,0.6829208731651306,0
4161.979038708938,3.74434232711792,0.6736882328987122,0
4162.938781882949,4.357388496398926,0.6740965247154236,0
4163.896460478998,2.6798861026763916,0.6920880675315857,0
4164.856645806234,1.7411633729934692,0.6803123950958252,0
4165.814765604358,1.1124497652053833,0.6717185974121094,0
4166.77539328852,1.3304431438446045,0.7050838470458984,0
4167.733954491981,4.784092426300049,0.7152758240699768,0
4168.692736211187,5.4814581871032715,0.6745128631591797,0
4169.654027549014,6.218212127685547,0.6563522219657898,0
4170.613250978504,5.864778995513916,0.614341676235199,0
4171.574985182794,2.858530044555664,0.5877338647842407,0
4172.534650526063,4.750331878662109,0.5281409621238708,0
4173.4968278008455,4.000890254974365,0.5382845997810364,0
4174.4569352614835,5.092235088348389,0.6075525879859924,0
4175.417263593581,2.960543394088745,0.7044246196746826,0
4176.38010559257,3.842078685760498,0.7252857685089111,0
4177.3408763474745,4.667802333831787,0.7141990065574646,0
4178.304161927316,4.202066421508789,0.7167346477508545,0
4179.265375308852,4.151195049285889,0.716011106967926,0
4180.229104673904,5.145911693572998,0.6869344711303711,0
4181.190760885988,5.868470191955566,0.6740151047706604,0
4182.154934240702,4.630590915679932,0.6967666745185852,0
4183.117033487348,2.6978909969329834,0.7591333985328674,0
4184.079354063661,3.790799617767334,0.6958098411560059,0
4185.044193521581,3.685314893722534,0.6690548658370972,0
4186.006957438528,2.6190314292907715,0.7580797076225281,0
4186.972241397529,5.018341064453125,0.7798545956611633,0
4187.935448859356,4.101543426513672,0.8723177313804626,0
4188.901177524219,4.282686233520508,0.8826969265937805,0
4189.864828735267,4.794569492340088,0.8258295059204102,0
4190.82870163301,3.8625524044036865,0.787364661693573,0
4191.795097475572,3.9897191524505615,0.7126538753509521,0
4192.759414429102,4.985579490661621,0.6524066925048828,0
4193.726255489772,3.7903926372528076,0.6902958154678345,0
4194.691016703665,3.364269733428955,0.7790166735649109,0
4195.658303187552,3.092184543609619,0.8138561248779297,0
4196.623508866479,1.842806339263916,0.8889582753181458,0
4197.588936589704,3.0543265342712402,0.898091733455658,0
4198.5568913275165,5.844817161560059,0.8703766465187073,0
4199.522763822836,4.336695671081543,0.9195606708526611,0
4200.491164496938,3.7622852325439453,0.8793335556983948,0
4201.457481969258,5.293710231781006,0.8168637156486511,0
4202.426328785091,4.490375518798828,0.8080723285675049,0
4203.393091439412,3.2217278480529785,0.8271763920783997,0
4204.360076496212,3.720548391342163,0.8321086168289185,0
4205.329592643932,4.400397300720215,0.8456369042396545,0
4206.297023190289,3.9879612922668457,0.9021801948547363,0
4207.266985993639,3.3615338802337646,0.8501959443092346,0
4208.23486223479,2.564207077026367,0.890564501285553,0
4209.205271899543,3.095064640045166,0.8967638611793518,0
4210.173594040819,5.704147815704346,0.8578832149505615,0
4211.142138943332,4.01444673538208,0.9425804018974304,0
4212.113219019673,1.8685318231582642,0.9888182282447815,0
4213.082210130363,3.7316672801971436,0.9211739301681519,0
4214.053737582835,3.7654428482055664,0.9134553074836731,0
4215.023175107271,4.632781982421875,0.8933648467063904,0
4215.995150141979,1.3977845907211304,0.9348618388175964,0
4216.965034285822,5.938032150268555,0.8041330575942993,0
4217.935141550239,3.7775685787200928,0.8546348214149475,0
4218.907788077978,3.7450456619262695,0.898841381072998,0
4219.87834227035,4.082303047180176,0.8921840786933899,0
4220.851436895883,5.573397159576416,0.8886417150497437,0
4221.822438222112,5.792806148529053,0.8989732265472412,0
4222.795981151879,4.920872688293457,0.9679584503173828,0
4223.767429817958,5.367888450622559,0.9777779579162598,0
4224.739101964527,4.927367210388184,0.9504094123840332,0
4225.71331747051,3.3136470317840576,0.9811449646949768,0
4226.685437265976,4.017983436584473,0.9344196915626526,0
4227.660101592581,1.7113553285598755,0.9861100912094116,0
4228.632669243176,4.133089542388916,0.9386737942695618,0
4229.607782597174,4.835124492645264,0.9013538360595703,0
4230.5807983092245,3.3792121410369873,0.9631928205490112,0
4231.554037862261,4.577035427093506,0.9761782288551331,0
4232.529824877411,4.114559173583984,1.0219072103500366,0
4233.503512801448,3.773608446121216,1.030695915222168,0
4234.479749361212,3.6234118938446045,0.9888189435005188,0
4235.453885862814,1.3870331048965454,0.9642797112464905,0
4236.430572174299,5.2384819984436035,0.8249529004096985,0
4237.405157460125,2.201037883758545,0.9014009237289429,0
4238.379966948017,4.678874969482422,0.8767066597938538,0
4239.357328007337,3.8632073402404785,0.958777904510498,0
4240.332586589497,2.4229907989501953,1.0806143283843994,0
4241.310397918594,2.2071897983551025,1.0760315656661987,0
4242.286105801921,4.073141574859619,0.994420051574707,0
4243.264367608233,3.242842674255371,1.0040947198867798,0
4244.240524999719,2.263770580291748,0.9856715202331543,0
4245.216906954929,3.960691213607788,0.8323971629142761,0
4246.195844597515,3.0102744102478027,0.8270732760429382,0
4247.17267637143,2.137373447418213,0.8618372082710266,0
4248.152065010123,4.995358467102051,0.8560216426849365,0
4249.129346809973,3.20145320892334,0.936247706413269,0
4250.1091866525485,2.4696133136749268,0.9244517087936401,0
4251.08691868566,6.247039794921875,0.7871382832527161,0
4252.064875644741,5.0592546463012695,0.7303139567375183,0
4253.045392413782,4.416371822357178,0.7422075867652893,0
4254.0237999171695,3.569397211074829,0.8188662528991699,0
4255.004768409822,3.4428937435150146,0.8980481028556824,0
4255.983626665083,4.457982063293457,0.9109938144683838,0
4256.965047089454,3.9867258071899414,0.9409843683242798,0
4257.94435630425,4.381309986114502,0.8800095319747925,0
4258.926228868545,3.8803188800811768,0.8417858481407166,0
4259.905989250631,5.265279769897461,0.834587812423706,0
4260.885975025306,5.681283473968506,0.8225537538528442,0
4261.868525920381,4.2967939376831055,0.914031445980072,0
4262.848963174038,4.433689117431641,0.864581286907196,0
4263.831966729845,5.1681809425354,0.8640117645263672,0
4264.81285567048,4.829710006713867,0.8612208962440491,0
4265.796312095559,3.511782169342041,0.9025471806526184,0
4266.777652931263,3.2256557941436768,0.9123872518539429,0
4267.759219523137,3.142620801925659,0.959489643573761,0
4268.7433553732135,2.68589186668396,1.007795810699463,0
4269.725374172352,6.999250411987305,0.8706678152084351,0
4270.7099634133465,4.905604839324951,0.9199352860450745,0
4271.692434628079,4.077398777008057,0.9539641737937927,0
4272.677477468872,3.6192073822021484,1.0170892477035522,0
4273.660401307628,3.6706368923187256,1.0170021057128906,0
4274.643551266721,4.0499348640441895,1.0158509016036987,0
4275.629274628493,2.6315486431121826,1.0330920219421387,0
4276.612877524305,3.3979761600494385,0.94729083776474,0
4277.5990550083625,4.635601043701172,0.8242853879928589,0
4278.583111049563,3.427194833755493,0.7839271426200867,0
4279.569742865119,3.2308168411254883,0.7895845174789429,0
4280.554252260472,2.65791916847229,0.8513010740280151,0
4281.538988140917,2.8137874603271484,0.9440629482269287,0
4282.526301575202,4.393876075744629,1.0049026012420654,0
4283.511491123,5.349416732788086,1.0009132623672485,0
4284.499259412117,4.313308238983154,1.035542607307434,0
4285.484902836272,2.8067243099212646,1.0370159149169922,0
4286.473126189771,4.9883012771606445,0.9540629386901855,0
4287.459223699386,5.242711067199707,0.9530165195465088,0
4288.445548059436,4.828884124755859,0.9736869931221008,0
4289.434454131184,5.383942604064941,0.9880902767181396,0
4290.4212328904,5.433120250701904,0.8893536925315857,0
4291.410594550706,6.753614902496338,0.8529686331748962,0
4292.397827918428,4.997189521789551,0.8733597993850708,0
4293.387645377183,5.633133411407471,0.9014998078346252,0
4294.37533356285,4.661086559295654,0.9194851517677307,0
4295.363248964885,5.373924255371094,0.9369362592697144,0
4296.353750243184,4.229409217834473,0.9688282012939453,0
4297.342120777377,4.9078874588012695,0.971918523311615,0
4298.333078379144,4.1035566329956055,0.9873392581939697,0
4299.321904255175,4.532980442047119,0.9927533268928528,0
4300.313318390639,4.477592468261719,1.0000957250595093,0
4301.302599818281,3.761884927749634,1.0414141416549683,0
4302.292108828816,5.538663864135742,0.9781129360198975,0
4303.284207886895,5.0136566162109375,0.996444582939148,0
4304.274172763761,6.127506732940674,1.005958914756775,0
4305.266728881406,3.292179822921753,1.0670249462127686,0
4306.257149834622,4.974723815917969,1.0585811138153076,0
4307.2501632224,3.9168262481689453,1.0694128274917603,0
4308.2410404620805,4.683323383331299,1.0463868379592896,0
4309.232145651767,5.639471054077148,0.9794573187828064,0
4310.22584506701,4.526944160461426,0.9129071235656738,0
4311.217406858387,4.195773124694824,0.8584867119789124,0
4312.211564070479,4.876969337463379,0.850643515586853,0
4313.203582673904,5.443648338317871,0.8597586154937744,0
4314.198197893752,6.854910373687744,0.7793021202087402,0
4315.190673519677,6.312644958496094,0.8574953079223633,0
4316.183377463316,4.30574893951416,0.9397180080413818,0
4317.178679817262,5.042024612426758,0.8755333423614502,0
4318.171841099136,6.604573726654053,0.7772442698478699,0
4319.167601988404,4.763737678527832,0.8241442441940308,0
4320.161220819211,5.926397323608398,0.8389251828193665,0
4321.157440455049,6.10403299331665,0.8783991932868958,0
4322.15151704558,4.532845497131348,0.9612864255905151,0
4323.145822322123,4.65144157409668,1.0025901794433594,0
4324.142730200476,5.141269207000732,1.064328670501709,0
4325.13749355299,4.664304733276367,1.0918868780136108,0
4326.134860706329,5.814456939697266,0.9874522089958191,0
4327.130082345848,6.4708099365234375,0.8631895780563354,0
4328.127908985762,4.659525394439697,0.8624045252799988,0
4329.123589123418,6.632983684539795,0.8487330079078674,0
4330.119498315981,5.818239688873291,0.9291566610336304,0
4331.118014308616,4.958738327026367,1.0297307968139648,0
4332.114382316072,6.338535785675049,1.0022566318511963,0
4333.11335832455,5.478366374969482,1.0136737823486328,0
4334.110185358275,5.2140021324157715,0.9280351400375366,0
4335.109621594527,6.141175270080566,0.8244857788085938,0
4336.106907865994,5.786431789398193,0.7841932773590088,0
4337.106804542047,6.047706127166748,0.8097535371780396,0
4338.104550262826,7.390402317047119,0.8156865239143372,0
4339.102525513697,6.1706085205078125,0.8764767646789551,0
4340.1031129725625,6.786253929138184,0.8699227571487427,0
4341.101547990159,6.8281779289245605,0.8988544344902039,0
4342.102596419193,8.787781715393066,0.7146241664886475,0
4343.101491415328,6.786876201629639,0.794865608215332,0
4344.103001026899,5.511685848236084,1.0147770643234253,0
4345.102356213485,7.671363830566406,0.9366511106491089,0
4346.101941300419,7.359656810760498,0.9119676947593689,0
4347.104142809106,6.414029598236084,0.8650946021080017,0
4348.104188404415,6.554661750793457,0.8505484461784363,0
4349.106851626862,7.077567100524902,0.8600684404373169,0
4350.107357942704,8.519201278686523,0.8908854126930237,0
4351.110483091622,5.1150946617126465,1.0122103691101074,0
4352.111450340249,4.503068447113037,0.9734785556793213,0
4353.112647860075,7.868610382080078,0.8241002559661865,0
4354.116466022211,7.908740043640137,0.822614848613739,0
4355.11812479326,7.7023210525512695,0.8725466728210449,0
4356.1224054139475,7.78911828994751,0.8493945002555847,0
4357.124525648717,7.996976852416992,0.6983463168144226,0
4358.12926894101,6.907144069671631,0.4926565885543823,0
4359.131850852098,6.828657627105713,0.3832544684410095,0
4360.134663405836,7.536594867706299,0.43730995059013367,0
4361.140100829248,6.143897533416748,0.6402717232704163,0
4362.143375378255,5.66150426864624,0.8442060351371765,0
4363.14927600621,7.953821659088135,0.8731514811515808,0
4364.153012763326,9.21464729309082,0.9166333079338074,0
4365.159376809224,5.8672285079956055,1.018310785293579,0
4366.163575987388,9.708324432373047,0.8481767773628235,0
4367.1680061802535,7.781354904174805,0.8232859969139099,0
4368.175065476975,8.54885196685791,0.8039248585700989,0
4369.179958410354,7.535167694091797,0.8524520993232727,0
4370.187481658815,6.472290515899658,0.9765201210975647,0
4371.192837545892,6.608792781829834,0.9946625828742981,0
4372.200824959837,7.28904914855957,0.9961301684379578,0
4373.206644013894,7.775339126586914,0.9467916488647461,0
4374.212694455303,7.7266645431518555,0.9427895545959473,0
4375.221378241581,8.07413101196289,0.8987542986869812,0
4376.227892169952,7.378190994262695,0.9343346953392029,0
4377.237040656371,6.907271862030029,1.0020866394042969,0
4378.244018285232,7.719795227050781,0.9950792789459229,0
4379.253631685881,7.263266563415527,0.99844890832901,0
4380.261073228858,6.294775009155273,1.0394426584243774,0
4381.268746532437,6.178319454193115,1.0310508012771606,0
4382.27905742874,7.422924518585205,1.0280207395553589,0
4383.2871949669325,6.906527519226074,1.030076503753662,0
4384.297971312986,6.7699737548828125,1.068118929862976,0
4385.306573299665,7.363180637359619,1.024592399597168,0
4386.3178153099025,5.993764877319336,1.0722627639770508,0
4387.326881959038,4.977806568145752,1.137557029724121,0
4388.33618074263,5.114246845245361,1.0694959163665771,0
4389.348121373652,6.306983470916748,1.0484071969985962,0
4390.357885140716,5.7869791984558105,1.0716204643249512,0
4391.370291972307,4.637271404266357,1.094954490661621,0
4392.380520937059,7.103530406951904,1.0092624425888062,0
4393.393394183998,5.003355979919434,1.0488065481185913,0
4394.404088560755,5.998145580291748,0.9933038949966431,0
4395.415015446425,6.629992961883545,0.9531999230384827,0
4396.428588441096,5.977039813995361,0.9686175584793091,0
4397.439981060304,5.841390132904053,1.0647656917572021,0
4398.454021007572,5.59702205657959,1.1912267208099365,0
4399.465879574879,5.726877212524414,1.1462526321411133,0
4400.480386689871,6.479540824890137,1.0670768022537231,0
4401.492711419941,5.432466983795166,1.0391186475753784,0
4402.505269033984,5.454909324645996,0.9971396327018738,0
4403.520477025472,6.022338390350342,0.9742733836174011,0
4404.533501124329,5.185515880584717,1.0016143321990967,0
4405.549176821657,6.486950874328613,0.9782430529594421,0
4406.5626676202355,7.0292067527771,0.9917341470718384,0
4407.5788112388755,5.712519645690918,0.9644947052001953,0
4408.592768952185,5.728298664093018,0.9586748480796814,0
4409.606959925133,4.891020774841309,1.0268031358718872,0
4410.623805550856,4.366164684295654,1.1086204051971436,0
4411.6384637611045,5.699544429779053,1.0704399347305298,0
4412.655777847124,5.689177513122559,1.044049859046936,0
4413.67090350993,6.761785507202148,1.007161021232605,0
4414.688686272067,5.528727054595947,1.0781675577163696,0
4415.704279602784,5.791364669799805,1.0693042278289795,0
4416.722531256957,5.789401054382324,1.0438028573989868,0
4417.73859247104,5.469817161560059,1.079330325126648,0
4418.7548874286695,3.811920404434204,1.1389410495758057,0
4419.77384254627,5.1396636962890625,1.0554777383804321,0
4420.790605710505,5.715671062469482,1.009507417678833,0
4421.810030260245,3.8209893703460693,1.061288595199585,0
4422.827261846788,3.640648365020752,1.0657062530517578,0
4423.847156044934,5.154812812805176,1.0462967157363892,0
4424.864856269587,4.176399230957031,0.6708542704582214,0
4425.882790614839,3.118663787841797,0.6578448414802551,0
4426.903389411171,5.722541809082031,0.9875890016555786,0
4427.921792718293,5.071902751922607,1.0849274396896362,0
4428.942861704006,4.804595470428467,1.1147332191467285,0
4429.961734189049,3.5639476776123047,1.1798502206802368,0
4430.98327358076,4.001608371734619,1.1637855768203735,0
4432.002615459874,4.523947715759277,1.076749324798584,0
4433.022191837247,5.143436908721924,1.0416574478149414,0
4434.044436963733,5.610195636749268,1.0609468221664429,0
4435.06448305946,4.808618068695068,1.187990665435791,0
4436.087199133791,3.451212167739868,1.2717937231063843,0
4437.10771516427,4.083938121795654,1.206449031829834,0
4438.130902403412,5.8001790046691895,1.1215661764144897,0
4439.151888585143,5.082710266113281,1.1144442558288574,0
4440.173109643404,4.87021017074585,1.0374313592910767,0
4441.197003755741,4.364685535430908,0.9989822506904602,0
4442.218695290059,4.226070880889893,1.0146540403366089,0
4443.243061109929,3.5953280925750732,1.0096858739852905,0
4444.265223337053,3.523047924041748,1.0525590181350708,0
4445.290061081771,3.49239444732666,1.0920284986495972,0
4446.312694218547,5.813558578491211,1.0720915794372559,0
4447.335562610734,5.955981254577637,1.1486246585845947,0
4448.361108368907,3.5670080184936523,1.0898736715316772,0
4449.384447996076,4.014565944671631,0.49609997868537903,0
4450.410466222694,5.057124137878418,0.46552222967147827,0
4451.434277301944,3.5194733142852783,1.2839444875717163,0
4452.4607682146725,3.698812484741211,1.1962084770202637,0
4453.4850509632015,4.5994415283203125,1.1486924886703491,0
4454.509569346632,5.4448161125183105,1.1765811443328857,0
4455.536769414913,2.9588375091552734,1.3714500665664673,0
4456.561759793476,3.9836387634277344,1.3181451559066772,0
4457.589433092342,3.8762435913085938,1.3109123706817627,0
4458.614895683487,6.371448516845703,1.2229677438735962,0
4459.643042430955,4.416600227355957,1.2968430519104004,0
4460.668977452229,3.0289151668548584,1.3316853046417236,0
4461.695148488507,4.69230318069458,1.2382336854934692,0
4462.724005535468,5.769932270050049,1.1712671518325806,0
4463.750649328255,4.7440948486328125,1.1807047128677368,0
4464.7799803691705,3.6451914310455322,1.2167469263076782,0
4465.807097136267,3.9176597595214844,1.2444936037063599,0
4466.836902389504,5.008710861206055,1.2057722806930542,0
4467.864492348808,4.740424633026123,1.2336102724075317,0
4468.892318703832,3.202512502670288,1.3533416986465454,0
4469.922835402349,4.187926769256592,1.3559348583221436,0
4470.951135276488,5.099911689758301,1.3514721393585205,0
4471.982126733558,3.64699649810791,1.4084703922271729,0
4473.010900344962,3.829911470413208,1.3116600513458252,0
4474.0423667793075,5.056534290313721,1.1605677604675293,0
4475.071614346226,4.217082500457764,1.1295130252838135,0
4476.101098690194,2.3538851737976074,1.1302696466445923,0
4477.133277717454,4.107367515563965,1.1423829793930054,0
4478.163236344371,5.4735894203186035,1.1513534784317017,0
4479.19589089602,4.2244391441345215,1.2418540716171265,0
4480.226324024388,5.588375091552734,1.3177756071090698,0
4481.259454319499,3.9012842178344727,1.401856541633606,0
4482.290362167922,4.4120988845825195,1.4036381244659424,0
4483.321507175339,4.402178764343262,1.4148439168930054,0
4484.355351212848,5.193523406982422,1.3029721975326538,0
4485.386971268283,3.1545510292053223,1.2977689504623413,0
4486.42129159725,4.159692287445068,1.203474760055542,0
4487.453386919555,4.305888652801514,1.2130935192108154,0
4488.488183759407,4.00964879989624,1.2560985088348389,0
4489.520754567538,5.432699203491211,1.2718207836151123,0
4490.5535629172255,5.691400527954102,1.2892911434173584,0
4491.589074650816,4.433694362640381,1.3523504734039307,0
4492.6223588148205,3.8799095153808594,1.2882511615753174,0
4493.658347608175,3.558339834213257,1.2270137071609497,0
4494.692107805705,3.8451521396636963,0.8351089954376221,0
4495.728573878606,6.144190311431885,0.7705062031745911,0
4496.762810328968,3.692159652709961,0.8875138759613037,0
4497.799753901298,3.620105743408203,1.3928192853927612,0
4498.834466823902,2.979734182357788,1.4465539455413818,0
4499.869417780855,4.397635459899902,1.2800390720367432,0
4500.907077730001,3.883695125579834,1.2328858375549316,0
4501.9425054883695,4.489141464233398,1.247739553451538,0
4502.980643486962,5.26717472076416,1.2752779722213745,0
4504.016548266408,4.540641784667969,1.374627709388733,0
4505.055164534685,3.126924991607666,1.429612159729004,0
4506.091546554971,3.9235341548919678,1.2841854095458984,0
4507.128166993579,5.115543365478516,1.2287765741348267,0
4508.167500794262,3.9145238399505615,1.309661865234375,0
4509.204598803414,3.4286136627197266,1.407023549079895,0
4510.244411424686,3.4232068061828613,1.3354939222335815,0
4511.281987224401,3.617141008377075,1.2664434909820557,0
4512.322278886854,1.9563804864883423,1.4139716625213623,0
4513.360332697247,3.881450891494751,1.3546254634857178,0
4514.398625310555,4.029277324676514,1.4328895807266235,0
4515.439635662869,5.209210395812988,1.3698872327804565,0
4516.4784066170905,3.8159289360046387,1.3743516206741333,0
4517.5198965623795,3.5943408012390137,1.3394794464111328,0
4518.559146077888,3.0227928161621094,1.3698105812072754,0
4519.601115837101,3.17537522315979,1.3277995586395264,0
4520.640844134369,4.464916229248047,1.3057092428207397,0
4521.680811619765,3.7909817695617676,1.4135141372680664,0
4522.723501228157,2.814600944519043,1.5163880586624146,0
4523.763947826081,4.48294734954834,1.4522511959075928,0
4524.807117801081,4.030391693115234,1.4360239505767822,0
4525.84804373226,3.267932653427124,1.508400321006775,0
4526.891694295173,5.036593437194824,1.3485678434371948,0
4527.933099780434,5.04714298248291,1.2919682264328003,0
4528.974744839658,4.982917785644531,1.2829904556274414,0
4530.019116412942,3.6249659061431885,1.2870105504989624,0
4531.061241357551,2.8068485260009766,1.2993861436843872,0
4532.106094072323,4.031545639038086,1.2789779901504517,0
4533.148699123401,3.392805576324463,1.3613590002059937,0
4534.194033201322,2.7309155464172363,1.475913166999817,0
4535.237118580052,3.7125132083892822,1.4587138891220093,0
4536.280443919203,4.397759437561035,1.4490591287612915,0
4537.326500170559,3.3536384105682373,1.5086497068405151,0
4538.370306169198,2.8110475540161133,1.5015895366668701,0
4539.416844338172,4.363664627075195,1.3087561130523682,0
4540.461131217741,4.298173904418945,1.2513267993927002,0
4541.508151526354,4.856473445892334,1.2585822343826294,0
4542.552919508393,3.7151684761047363,1.2634141445159912,0
4543.597927837933,4.892506122589111,1.1958229541778564,0
4544.645671484917,5.627991676330566,1.1930814981460571,0
4545.6911612493,3.0468056201934814,1.422676920890808,0
4546.739387591287,1.7356622219085693,1.5257247686386108,0
4547.785359012308,2.657891035079956,1.3999054431915283,0
4548.834068271673,2.996584892272949,1.350022554397583,0
4549.880521571232,3.241712808609009,1.343992829322815,0
4550.927215605997,3.437340259552002,1.3763607740402222,0
4551.976649370554,2.9990196228027344,1.4717011451721191,0
4553.023825616765,3.2792341709136963,1.456950068473816,0
4554.073742854959,3.9228427410125732,1.3654483556747437,0
4555.1214015347705,2.9063596725463867,1.4680235385894775,0
4556.171802469338,3.6146745681762695,1.4512877464294434,0
4557.219943805007,4.493395805358887,1.4056315422058105,0
4558.268326264211,4.570885181427002,1.3586525917053223,0
4559.319452872673,4.4349365234375,1.2702066898345947,0
4560.368318321179,2.613516092300415,1.2848975658416748,0
4561.41992918317,3.897627353668213,1.2926208972930908,0
4562.469277843492,3.8115317821502686,1.4111419916152954,0
4563.521373182108,2.676407814025879,1.5371791124343872,0
4564.57120527686,2.910700559616089,1.5780131816864014,0
4565.621278884107,3.361391305923462,1.4823423624038696,0
4566.674101067201,3.732783555984497,1.4070037603378296,0
4567.72465844286,4.204370975494385,1.3329724073410034,0
4568.777965660635,4.289186000823975,1.3867759704589844,0
4569.829007027579,4.352907657623291,1.478746771812439,0
4570.882799503491,3.536775827407837,1.5082732439041138,0
4571.934325084694,4.486635684967041,1.4487484693527222,0
4572.9886030422995,4.52247953414917,1.3425949811935425,0
4574.040613060839,4.862271308898926,1.230483055114746,0
4575.092865092902,4.669312000274658,1.2213857173919678,0
4576.147871402857,3.3167426586151123,1.2244540452957153,0
4577.200608206932,4.726576805114746,1.1951651573181152,0
4578.256100557794,2.774146795272827,1.2469840049743652,0
4579.309322357215,2.5675761699676514,1.2915993928909302,0
4580.365300972902,3.469216823577881,1.3429850339889526,0
4581.419007991108,3.4908807277679443,1.3926737308502197,0
4582.472957413228,2.5879595279693604,1.4270269870758057,0
4583.5296655561715,3.3235878944396973,1.391778588294983,0
4584.584100532291,5.015678405761719,1.4147670269012451,0
4585.641295500175,3.200071334838867,1.6076127290725708,0
4586.696216253988,2.2020599842071533,1.5973623991012573,0
4587.753898271093,4.25200080871582,1.4186018705368042,0
4588.809305026397,3.0973331928253174,1.3553963899612427,0
4589.8649545766375,3.531630754470825,1.2232166528701782,0
4590.923367297802,2.845637798309326,1.2147058248519897,0
4591.97950318529,3.421978235244751,1.2607648372650146,0
4593.038403516693,4.620810031890869,1.3429903984069824,0
4594.095025965484,3.3097879886627197,1.4225735664367676,0
4595.154414131766,2.4743154048919678,1.434536099433899,0
4596.211523366019,5.891911506652832,1.4078388214111328,0
4597.268875786861,4.114511013031006,1.4447239637374878,0
4598.328995835904,3.4929089546203613,1.393375039100647,0
4599.386835378505,5.023248672485352,1.3153132200241089,0
4600.4474438243515,3.2112584114074707,1.379768967628479,0
4601.505770713128,3.275848150253296,1.4116177558898926,0
4602.566867780783,3.6224868297576904,1.4776991605758667,0
4603.625682240256,3.4156227111816406,1.510288953781128,0
4604.684740278603,3.2002594470977783,1.5313811302185059,0
4605.7465704096185,4.092324256896973,1.5209965705871582,0
4606.806116355503,4.0879902839660645,1.5055735111236572,0
4607.868435671156,5.73162317276001,1.315784215927124,0
4608.928469749355,3.907926559448242,1.2905584573745728,0
4609.991278475013,3.6506004333496094,1.3801242113113403,0
4611.05180091041,2.6357738971710205,1.5747239589691162,0
4612.112567317599,4.562012672424316,1.5408239364624023,0
4613.176110289124,3.0768353939056396,1.7032510042190552,0
4614.2373653908935,2.947908878326416,1.6423790454864502,0
4615.301398336162,4.485933780670166,1.5669742822647095,0
4616.3631423576535,3.6078062057495117,1.6129734516143799,0
4617.427665502395,1.8422889709472656,1.764935851097107,0
4618.489898668854,2.11112642288208,1.7369176149368286,0
4619.552376200658,4.00810432434082,1.5877394676208496,0
4620.617634775679,4.666771411895752,1.4642261266708374,0
4621.680601790378,4.188556671142578,1.365753412246704,0
4622.74635112952,4.928167343139648,1.3409085273742676,0
4623.809807852619,3.9911627769470215,1.5502809286117554,0
4624.876048181975,3.1592516899108887,1.7233167886734009,0
4625.939994839083,2.127511501312256,1.719206690788269,0
4627.00418625572,3.7554256916046143,1.5097087621688843,0
4628.071163201681,4.707291126251221,1.3748573064804077,0
4629.1358448907995,4.848077774047852,1.4372613430023193,0
4630.203313392534,5.1231513023376465,1.5202631950378418,0
4631.268485580003,4.256133556365967,1.659125566482544,0
4632.33644586397,3.9006030559539795,1.6352821588516235,0
4633.402108775759,5.031522750854492,1.6123508214950562,0
4634.468016841901,5.012475967407227,1.4772404432296753,0
4635.536714930711,4.372321605682373,1.5067611932754517,0
4636.603114060194,4.999091625213623,1.5531305074691772,0
4637.672304497706,3.9183719158172607,1.6408230066299438,0
4638.739194916762,4.293583393096924,1.6294081211090088,0
4639.808877929803,4.309335231781006,1.5573264360427856,0
4640.876259864769,2.815019130706787,1.6325722932815552,0
4641.943887349547,3.89816951751709,1.493341088294983,0
4643.014309357584,3.1653735637664795,1.5468733310699463,0
4644.082428697839,2.2591090202331543,1.7360343933105469,0
4645.153343848788,4.137001991271973,1.686260461807251,0
4646.221955271115,4.643755912780762,1.5446478128433228,0
4647.293363792167,4.540407180786133,1.5328569412231445,0
4648.3624675232695,2.6480984687805176,1.5555524826049805,0
4649.431817200281,2.1008341312408447,1.5769306421279907,0
4650.503965908404,3.338087558746338,1.533617377281189,0
4651.573808234305,3.412097930908203,1.5515199899673462,0
4652.646450880829,2.9715404510498047,1.6043907403945923,0
4653.716786082583,3.6998777389526367,1.6092909574508667,0
4654.789922895066,4.370307445526123,1.6508454084396362,0
4655.86075119974,3.493161201477051,1.6952327489852905,0
4656.934382405843,3.569119930267334,1.6544915437698364,0
4658.005704040609,4.455605506896973,1.4975957870483398,0
4659.077272131509,4.3872971534729,1.4190208911895752,0
4660.151645060236,3.0500500202178955,1.49099862575531,0
4661.223706822047,3.3325352668762207,1.5384331941604614,0
4662.298574713873,3.8421897888183594,1.5859342813491821,0
4663.371130374029,4.2322235107421875,1.5178561210632324,0
4664.446493456983,2.4623613357543945,1.56759512424469,0
4665.519543243024,2.98234486579895,1.5964386463165283,0
4666.592839882758,3.5364837646484375,1.5884941816329956,0
4667.668945884809,3.4745876789093018,1.6627347469329834,0
4668.742736991796,2.3326785564422607,1.7244112491607666,0
4669.819338755372,2.6663737297058105,1.6541883945465088,0
4670.893624557413,4.791086196899414,1.4329427480697632,0
4671.970722310911,4.51058292388916,1.3701698780059814,0
4673.045503035912,3.7056233882904053,1.333246111869812,0
4674.120531012806,3.2195096015930176,1.2452799081802368,0
4675.198372883806,2.37955904006958,1.2615169286727905,0
4676.273896125579,3.0035886764526367,1.3533411026000977,0
4677.352234557818,3.881439685821533,1.5182069540023804,0
4678.428253292638,2.6671223640441895,1.574637532234192,0
4679.507088514882,3.3545665740966797,1.469405174255371,0
4680.5836029710235,4.124057769775391,1.5308057069778442,0
4681.660365077902,2.0509371757507324,1.6865955591201782,0
4682.739945617984,3.130330801010132,1.620834469795227,0
4683.817203788654,3.4125070571899414,1.5165276527404785,0
4684.897281690979,4.012608528137207,1.4631484746932983,0
4685.975036153978,3.8998732566833496,1.551383376121521,0
4687.055611647681,3.7194809913635254,1.6136868000030518,0
4688.133862631649,3.7143635749816895,1.5796642303466797,0
4689.21236166584,3.059736728668213,1.4740623235702515,0
4690.293683679656,3.4488463401794434,1.458453893661499,0
4691.37267957784,4.645018100738525,1.5598878860473633,0
4692.454499756195,3.7315049171447754,1.715775489807129,0
4693.533992747279,2.3503589630126953,1.8243422508239746,0
4694.616311319677,4.106720447540283,1.661368489265442,0
4695.69630163267,5.754427909851074,1.49812912940979,0
4696.776540396015,4.215500831604004,1.5344994068145752,0
4697.859606692738,4.223289489746094,1.6192158460617065,0
4698.94034312157,3.1910476684570312,1.7332961559295654,0
4700.0239083864235,3.2428770065307617,1.7866352796554565,0
4701.105142710015,3.509791135787964,1.7860146760940552,0
4702.189207172873,3.6563658714294434,1.795769214630127,0
4703.270939620604,3.415904998779297,1.7475223541259766,0
4704.352920919464,3.3287851810455322,1.7183948755264282,0
4705.4377343128035,3.0269381999969482,1.7369296550750732,0
4706.520214079935,2.6309001445770264,1.757975459098816,0
4707.60552724629,2.115745782852173,1.6768499612808228,0
4708.688505711337,2.8644769191741943,1.6318432092666626,0
4709.774318880954,3.257167339324951,1.716890811920166,0
4710.857796273665,2.44852352142334,1.8146264553070068,0
4711.941522918928,3.8810908794403076,1.8115936517715454,0
4713.028086227128,3.9138875007629395,1.7775923013687134,0
4714.112312144743,3.702500581741333,1.7938393354415894,0
4715.199376032144,2.662996768951416,1.797636866569519,0
4716.284101452124,3.593341112136841,1.6384291648864746,0
4717.371666149343,3.409130573272705,1.6280620098114014,0
4718.45689130181,3.2826664447784424,1.5466301441192627,0
4719.542366108897,3.710963726043701,1.5839686393737793,0
4720.63068215475,2.902224540710449,1.6660065650939941,0
4721.716657039566,2.7369256019592285,1.7469842433929443,0
4722.805474472105,3.8042986392974854,1.4883708953857422,0
4723.891949665035,2.6390883922576904,1.5533759593963623,0
4724.981268715249,2.7513575553894043,1.5740571022033691,0
4726.068244446787,2.790102481842041,1.768876314163208,0
4727.1554702356625,3.3897781372070312,1.8142415285110474,0
4728.2455418465115,3.668841600418091,1.8157612085342407,0
4729.333268519793,2.336763381958008,1.8015601634979248,0
4730.423842326117,2.071800947189331,1.7670018672943115,0
4731.512070114561,2.3383066654205322,1.6910699605941772,0
4732.60314634772,1.7784833908081055,1.7535256147384644,0
4733.69187548219,3.1471569538116455,1.7590627670288086,0
4734.780855077367,4.122819423675537,1.7904257774353027,0
4735.872685085119,3.5782198905944824,1.8603147268295288,0
4736.962166372679,2.323401689529419,1.9950027465820312,0
4738.0544993859985,1.9075253009796143,1.8529210090637207,0
4739.144482597071,2.3951878547668457,1.750844120979309,0
4740.237318847692,2.811086893081665,1.6597317457199097,0
4741.327804213513,4.716734409332275,1.5477328300476074,0
4742.421143933277,2.752685308456421,1.7273812294006348,0
4743.512131685189,2.8308470249176025,1.7804042100906372,0
4744.6033704174,3.04563045501709,1.684577465057373,0
4745.697465475495,2.3908016681671143,1.6811176538467407,0
4746.789206940873,2.6250898838043213,1.6809403896331787,0
4747.883806048043,3.502723217010498,1.734155535697937,0
4748.976050478196,2.9402360916137695,1.796958565711975,0
4750.071153866656,2.4455180168151855,1.893053412437439,0
4751.1639014933,3.0947775840759277,1.831878900527954,0
4752.2569005051,2.975132942199707,1.7711536884307861,0
4753.352760450329,2.908533811569214,1.7439179420471191,0
4754.446263006255,3.6586780548095703,1.674424171447754,0
4755.542627813642,3.146505832672119,1.7389326095581055,0
4756.636634145678,2.728604793548584,1.853959321975708,0
4757.733504047812,4.438192367553711,1.8822907209396362,0
4758.828014388046,3.0445656776428223,2.068850040435791,0
4759.922776518945,3.765326976776123,1.9298161268234253,0
4761.020404198252,2.909000873565674,1.9338167905807495,0
4762.115670685547,2.909370183944702,1.9323288202285767,0
4763.213804041406,2.021450996398926,1.9591879844665527,0
4764.3095751174515,3.6589155197143555,1.8359167575836182,0
4765.408214382826,3.4284915924072266,1.860137939453125,0
4766.504490280087,3.552579164505005,1.9154338836669922,0
4767.601018374177,2.617687702178955,1.9833720922470093,0
4768.700416639098,4.259002685546875,1.8700459003448486,0
4769.797449903162,3.9383816719055176,1.2438358068466187,0
4770.897354660342,3.3654820919036865,0.66153484582901,0
4771.99489332711,3.666330337524414,0.6826938390731812,0
4773.09530480989,3.2223727703094482,1.9912489652633667,0
4774.193349112202,3.087000608444214,2.0401787757873535,0
4775.291646018162,2.623842239379883,2.0622951984405518,0
4776.392817724832,3.072052240371704,1.9688926935195923,0
4777.491620615656,3.3650920391082764,1.8119508028030396,0
4778.593299631609,4.3197431564331055,1.6066148281097412,0
4779.692608740404,4.556282997131348,1.563136339187622,0
4780.794795299356,4.137310981750488,1.6410568952560425,0
4781.894610859337,3.1765353679656982,1.713395118713379,0
4782.994679430442,3.1425058841705322,1.634280800819397,0
4784.0976274396035,3.0106422901153564,1.729331374168396,0
4785.198202811777,3.8280253410339355,1.8511666059494019,0
4786.301658948563,2.493549108505249,2.1571426391601562,0
4787.402741355289,2.8045127391815186,2.1214442253112793,0
4788.506705853794,2.9794998168945312,1.9575728178024292,0
4789.608295528664,3.1548330783843994,1.8453086614608765,0
4790.71013862279,3.720137596130371,1.7325763702392578,0
4791.814865799799,3.1027023792266846,1.8021007776260376,0
4792.9172165125165,3.2231106758117676,1.9267592430114746,0
4794.022452636814,2.7057511806488037,2.02072811126709,0
4795.125311201981,2.6901159286499023,2.100202798843384,0
4796.231056508037,3.2348618507385254,2.0089831352233887,0
4797.334423159623,2.6673266887664795,2.039957046508789,0
4798.438043639257,3.657108783721924,1.9242308139801025,0
4799.544552854096,4.371311187744141,1.9161714315414429,0
4800.648681771162,2.86606764793396,1.9775440692901611,0
4801.755700754271,3.2028353214263916,1.9497712850570679,0
4802.860338343005,3.075859546661377,1.9135074615478516,0
4803.967867329236,3.446819305419922,1.863834023475647,0
4805.073013823984,3.010794162750244,1.9018985033035278,0
4806.1784145562315,3.107858180999756,1.7761861085891724,0
4807.286708683508,3.701633930206299,1.6805546283721924,0
4808.392618673348,2.4410574436187744,1.7323904037475586,0
4809.501423391203,2.2395589351654053,1.8836073875427246,0
4810.607842873252,2.054053544998169,1.9962494373321533,0
4811.717158416915,2.46036434173584,2.016775369644165,0
4812.824087625894,3.374671459197998,1.8101041316986084,0
4813.931271482483,2.5247204303741455,1.890925645828247,0
4815.041353401443,3.7714405059814453,1.8780040740966797,0
4816.1490473371105,4.111013412475586,1.8793784379959106,0
4817.259640670284,3.126974582672119,1.9341691732406616,0
4818.367844920022,2.036926746368408,1.968608021736145,0
4819.4789499030185,2.3848507404327393,1.9062525033950806,0
4820.587664701929,3.3556482791900635,1.746897578239441,0
4821.696634559222,3.346497058868408,1.6236218214035034,0
4822.808507153757,2.9513614177703857,1.6188911199569702,0
4823.917987912937,2.8216183185577393,1.6114881038665771,0
4825.030372746649,3.6750874519348145,1.5441256761550903,0
4826.140364643089,3.489406108856201,1.7005729675292969,0
4827.253261951967,4.4316606521606445,1.8927136659622192,0
4828.363765221147,3.442600965499878,1.934275507926941,0
4829.477175241288,3.0036263465881348,1.9513682126998901,0
4830.588190118799,3.322021722793579,1.921725869178772,0
4831.699460583821,3.0062766075134277,1.8786283731460571,0
4832.813639807945,1.874613642692566,1.9583983421325684,0
4833.925422234744,3.6172351837158203,1.823263168334961,0
4835.040114760708,3.0003950595855713,1.9262639284133911,0
4836.152409385144,2.198737144470215,2.0623066425323486,0
4837.267615449427,2.9634556770324707,2.072587490081787,0
4838.380422507469,3.016218662261963,1.9423376321792603,0
4839.493485565313,2.897514820098877,1.8881020545959473,0
4840.6094620743825,2.2651193141937256,1.9111982583999634,0
4841.723037919849,3.5207343101501465,1.941343069076538,0
4842.839528558768,2.538875102996826,1.9281485080718994,0
4843.953617428099,2.4229135513305664,1.963748812675476,0
4845.0706224337255,1.9873102903366089,2.0377767086029053,0
4846.185224563271,1.4545279741287231,2.0115842819213867,0
4847.300083105571,2.359596014022827,1.930616021156311,0
4848.417859798791,3.0914130210876465,2.003993511199951,0
4849.533231955893,3.665396213531494,2.005632162094116,0
4850.651523608307,3.4060564041137695,2.026921033859253,0
4851.767409616833,2.9176619052886963,1.955220103263855,0
4852.88621646568,1.3751628398895264,1.933185338973999,0
4854.002616562361,4.292572021484375,1.708231806755066,0
4855.119273485418,3.4063968658447266,1.6786755323410034,0
4856.23885326667,2.9702186584472656,1.6456772089004517,0
4857.356024633042,3.1660616397857666,1.695286512374878,0
4858.476120204169,2.4599239826202393,1.8563222885131836,0
4859.5938062508585,3.6315500736236572,1.946241855621338,0
4860.714417849485,2.460797071456909,2.1567466259002686,0
4861.832618813606,4.2480340003967285,1.8267911672592163,0
4862.951077018391,3.367311716079712,1.7446662187576294,0
4864.072462796241,4.416928768157959,1.614905834197998,0
4865.19143627419,3.031825542449951,1.6813912391662598,0
4866.3133386739355,2.467440128326416,1.92844557762146,0
4867.432827662436,2.7620010375976562,2.076650857925415,0
4868.555246922085,2.535598039627075,2.0690765380859375,0
4869.675251658631,2.741642951965332,2.0072784423828125,0
4870.795514050795,2.373002767562866,1.9258220195770264,0
4871.918708738499,3.646925687789917,1.7813684940338135,0
4873.039487235016,3.9073798656463623,1.7948552370071411,0
4874.16319937798,3.4616286754608154,1.8626539707183838,0
4875.284494216618,3.5704147815704346,1.8776735067367554,0
4876.408724053234,3.318742275238037,1.886679768562317,0
4877.530535471874,2.793290376663208,1.8519375324249268,0
4878.652604961756,2.5197300910949707,1.7908008098602295,0
4879.7776114772705,3.8588836193084717,1.7104604244232178,0
4880.900197904034,2.4955437183380127,1.8070645332336426,0
4882.025722709517,3.3306102752685547,1.7047077417373657,0
4883.148826311316,4.330434799194336,1.6290305852890015,0
4884.274869645543,3.2375779151916504,1.6515722274780273,0
4885.398490660638,3.027693033218384,1.7318891286849976,0
4886.522370163272,3.869804620742798,1.6603502035140991,0
4887.649191429261,4.653743743896484,1.6290440559387207,0
4888.773588702648,3.4673495292663574,1.5785374641418457,0
4889.90092909466,4.339479923248291,1.5801327228546143,0
4891.025844377338,2.3141307830810547,1.8144991397857666,0
4892.153704134535,2.5958805084228516,1.846160650253296,0
4893.27913766515,4.530357360839844,1.6940202713012695,0
4894.40483010027,4.666533470153809,1.5831588506698608,0
4895.533469044111,3.377918004989624,1.656888723373413,0
4896.659680085203,3.7189676761627197,1.6092026233673096,0
4897.78883899247,3.598379373550415,1.6680949926376343,0
4898.915568878454,3.494783639907837,1.7326987981796265,0
4900.045247988694,3.5991854667663574,1.7385863065719604,0
4901.172496958603,3.7544236183166504,1.6677272319793701,0
4902.300005250656,2.9618663787841797,1.678553819656372,0
4903.430464804449,1.7679604291915894,1.901526689529419,0
4904.558492539038,2.9772870540618896,1.878730058670044,0
4905.68947289501,3.4265248775482178,1.7080063819885254,0
4906.818020311442,2.7411420345306396,1.5067890882492065,0
4907.949521709528,3.8100192546844482,1.4524543285369873,0
4909.07858904722,2.448671817779541,1.6236231327056885,0
4910.207916125368,2.013178825378418,1.8451273441314697,0
4911.340199225942,3.7637112140655518,1.842212200164795,0
4912.47004658454,4.262476921081543,1.8589670658111572,0
4913.602851327402,4.559713363647461,1.8184962272644043,0
4914.733219206142,1.9001399278640747,1.8305575847625732,0
4915.866545831613,2.97084641456604,1.6248507499694824,0
4916.997434470299,3.8826863765716553,1.5300642251968384,0
4918.131283218808,2.4430124759674072,1.8268449306488037,0
4919.262692857354,3.6470115184783936,2.0654900074005127,0
4920.3943627752,3.3262791633605957,2.1719653606414795,0
4921.528994847874,2.2578752040863037,2.2718124389648438,0
4922.661186125514,4.155392169952393,1.8874285221099854,0
4923.796340922646,3.234863758087158,1.9601329565048218,0
4924.929053800272,2.7119128704071045,2.0584332942962646,0
4926.064731562681,3.113088369369507,2.1441650390625,0
4927.1979662805925,2.106229543685913,2.1992499828338623,0
4928.331461697661,2.8359858989715576,2.0422651767730713,0
4929.467924047816,1.8947676420211792,2.059528112411499,0
4930.601941665687,2.233121395111084,2.164048194885254,0
4931.7389275835085,2.7825984954833984,2.2180397510528564,0
4932.8734676427575,3.007024049758911,2.044440507888794,0
4934.010977369452,3.169443130493164,1.8218375444412231,0
4935.146040110769,3.8080339431762695,1.6035375595092773,0
4936.281363971778,2.2454938888549805,1.7051818370819092,0
4937.419659551839,2.6495673656463623,1.8927801847457886,0
4938.555506456012,3.222050428390503,1.9848430156707764,0
4939.694326448307,2.534597396850586,2.038942813873291,0
4940.830696636611,3.5485544204711914,1.8898910284042358,0
4941.970041282736,4.530585765838623,1.8204060792922974,0
4943.106934996247,3.952559232711792,1.9548944234848022,0
4944.244090250662,1.2511321306228638,2.1866471767425537,0
4945.384222017817,3.7297167778015137,1.947028398513794,0
4946.521901159119,3.51723575592041,1.7403087615966797,0
4947.662558184437,2.9129478931427,1.8045475482940674,0
4948.800761453981,2.735685348510742,1.9543201923370361,0
4949.94194397945,3.7271251678466797,1.9948304891586304,0
4951.0806716187,3.7245094776153564,2.069561719894409,0
4952.219661220747,4.194145679473877,2.0461201667785645,0
4953.361632136952,2.523548126220703,2.035106897354126,0
4954.501146470968,2.886080265045166,1.922455906867981,0
4955.643643492633,2.3550729751586914,1.8616193532943726,0
4956.783682800362,2.8708808422088623,1.8804467916488647,0
4957.926706169863,3.4481728076934814,1.9714163541793823,0
4959.067270693162,1.8504592180252075,2.1696228981018066,0
4960.20809760183,4.483392715454102,1.9735137224197388,0
4961.351910633821,2.9997527599334717,2.0954041481018066,0
4962.493263120905,4.253575325012207,1.9886246919631958,0
4963.637603107017,2.182354211807251,2.183694839477539,0
4964.779481414651,2.8160223960876465,2.0716676712036133,0
4965.924348597652,2.8083314895629883,2.042452812194824,0
4967.066752968081,2.9202520847320557,1.899795651435852,0
4968.209420147135,2.3562443256378174,1.8908274173736572,0
4969.3550782664315,3.0858867168426514,1.8503730297088623,0
4970.498271871712,3.3855843544006348,1.8016325235366821,0
4971.644457795162,2.620482921600342,1.851105809211731,0
4972.788178069195,2.8138833045959473,1.7695469856262207,0
4973.934892039956,2.1870839595794678,1.5088027715682983,0
4975.079139225378,2.314422130584717,1.6631617546081543,0
4976.22364964336,2.4992029666900635,2.047102212905884,0
4977.3711558262785,2.5436553955078125,2.0055291652679443,0
4978.5161935196675,2.91481876373291,1.9551256895065308,0
4979.6642283581405,2.345684766769409,1.9645761251449585,0
4980.809793569852,2.9178571701049805,1.8510446548461914,0
4981.9583573074315,3.679743528366089,1.8377853631973267,0
4983.1044502804925,2.682265520095825,2.1088030338287354,0
4984.250806910737,1.3140599727630615,2.1738479137420654,0
4985.400164138392,3.3299615383148193,1.9855462312698364,0
4986.547048894592,2.7454278469085693,1.9023799896240234,0
4987.696935630577,3.5994985103607178,1.7825021743774414,0
4988.844348756041,3.3398568630218506,1.9575151205062866,0
4989.994765244301,3.5788660049438477,1.936051368713379,0
4991.142706982447,2.024275064468384,2.126291513442993,0
4992.2909128030815,2.462207317352295,2.0141496658325195,0
4993.442124061398,3.245730400085449,1.964543342590332,0
4994.59085885991,2.9585461616516113,2.0810184478759766,0
4995.742600480708,2.3266031742095947,2.1890387535095215,0
4996.891864500797,4.196866989135742,2.117990493774414,0
4998.044136728413,3.8533689975738525,2.192941904067993,0
4999.193930213891,2.789513111114502,2.2821245193481445,0
5000.34398820785,3.3238048553466797,2.1859230995178223,0
5001.497056487568,3.529557228088379,2.0906660556793213,0
5002.647644312699,2.5351510047912598,2.0542643070220947,0
5003.801243810428,2.301914691925049,2.082446336746216,0
5004.952361710824,2.6605660915374756,2.045522451400757,0
5006.106492671294,2.6025280952453613,2.0872905254364014,0
5007.258140891163,3.5188486576080322,2.077451705932617,0
5008.412803559219,3.3945491313934326,2.0979554653167725,0
5009.564982342876,2.7345662117004395,2.198996067047119,0
5010.717426183747,2.550893545150757,2.36047101020813,0
5011.872886555352,2.2373993396759033,2.4049456119537354,0
5013.025861326555,2.1508491039276123,2.5002291202545166,0
5014.181854018205,2.7126548290252686,2.474595546722412,0
5015.335359964339,4.630990505218506,1.8526989221572876,0
5016.491885221273,4.302416801452637,1.797206163406372,0
5017.645922587049,3.136044979095459,2.109063148498535,0
5018.800225437605,3.138714551925659,2.1725244522094727,0
5019.957549684866,3.1828813552856445,2.2335622310638428,0
5021.112384322197,2.9014790058135986,2.18871808052063,0
5022.27024174819,3.699751377105713,2.1939096450805664,0
5023.42560841729,3.646287441253662,2.3488614559173584,0
5024.58399926765,2.880305051803589,2.381788969039917,0
5025.739898213628,3.4658031463623047,2.189056634902954,0
5026.89606307264,2.9592819213867188,2.0802063941955566,0
5028.055254202179,2.8612000942230225,2.119852066040039,0
5029.211951705793,2.561197519302368,2.300877809524536,0
5030.371676874134,3.855126142501831,2.2578349113464355,0
5031.528907267741,2.849391460418701,2.379807233810425,0
5032.6891667209175,3.2015578746795654,2.324467182159424,0
5033.846930250017,2.1164052486419678,2.4633662700653076,0
5035.004960121095,3.3206281661987305,2.2977194786071777,0
5036.166021144383,3.7653088569641113,2.230159282684326,0
5037.324584519273,3.4049360752105713,2.2123794555664062,0
5038.486180442824,2.9716222286224365,2.262096643447876,0
5039.645277567312,2.643078088760376,2.180680274963379,0
5040.8074086375545,2.6641006469726562,2.205348014831543,0
5041.967039757538,3.195321559906006,2.360684394836426,0
5043.126937649137,3.517218589782715,2.322406768798828,0
5044.289871582505,1.7662725448608398,2.5300190448760986,0
5045.450303838512,2.424593687057495,2.510768175125122,0
5046.613773534991,3.3410933017730713,2.470700263977051,0
5047.774740401589,2.5205299854278564,2.7176826000213623,0
5048.938746108006,1.4489572048187256,2.886152744293213,0
5050.1002478314895,3.126826286315918,2.4380085468292236,0
5051.262016756918,2.2026779651641846,2.379128932952881,0
5052.4268266215595,2.901729106903076,2.1957805156707764,0
5053.589130773381,1.4188213348388672,2.4273993968963623,0
5054.7544772653755,4.126703262329102,2.3262362480163574,0
5055.917316890169,3.7372303009033203,2.412142038345337,0
5057.0832002567395,1.7729365825653076,2.5406017303466797,0
5058.246575601196,3.11395001411438,2.368457317352295,0
5059.410218578622,4.286963939666748,2.2253661155700684,0
5060.576907400608,3.5191540718078613,2.2245776653289795,0
5061.741086467802,4.70465087890625,2.16998291015625,0
5062.908312782775,3.528303384780884,2.158686399459839,0
5064.0730281867145,2.910356044769287,2.0828654766082764,0
5065.240792242297,3.258842706680298,2.2037222385406494,0
5066.40604423007,2.449496269226074,2.3617334365844727,0
5067.571564282532,2.4072530269622803,2.3951985836029053,0
5068.740135092811,3.865377187728882,2.1284427642822266,0
5069.906192099808,2.5958476066589355,2.162637948989868,0
5071.075301270106,2.6786510944366455,2.22757887840271,0
5072.241895479014,3.662461519241333,2.284824848175049,0
5073.411543257352,3.741159200668335,2.3537065982818604,0
5074.578674915658,2.772855281829834,2.4023921489715576,0
5075.746075071069,2.487903356552124,2.3460166454315186,0
5076.9165309054815,2.8180899620056152,2.2983992099761963,0
5078.0844688815905,1.6867949962615967,2.428861379623413,0
5079.255463944452,1.9500151872634888,2.446397066116333,0
5080.423939989032,2.71150279045105,2.4483611583709717,0
5081.595474528764,2.3791396617889404,2.5032360553741455,0
5082.764488889704,3.444392681121826,2.3320305347442627,0
5083.9337721808615,3.044724464416504,2.298053741455078,0
5085.106116080145,2.493577480316162,2.2403323650360107,0
5086.27593805956,2.8563098907470703,2.0833351612091064,0
5087.448822057122,2.9027316570281982,2.043792486190796,0
5088.619182972969,3.86749529838562,2.1780784130096436,0
5089.792607317632,3.1755077838897705,2.367307662963867,0
5090.963507418198,1.9854146242141724,2.532196283340454,0
5092.134676882793,2.3670663833618164,2.1604583263397217,0
5093.308911892588,3.1774299144744873,1.944303274154663,0
5094.480620914401,2.531338691711426,2.201310396194458,0
5095.655396893707,2.2549211978912354,2.5579569339752197,0
5096.827645721311,2.6716647148132324,2.6868464946746826,0
5098.002962919354,3.1030688285827637,2.5296719074249268,0
5099.1757518014365,2.1299428939819336,2.5807721614837646,0
5100.351610467556,2.487964153289795,2.427546739578247,0
5101.524939652921,2.5248680114746094,2.323542833328247,0
5102.698538761123,4.164714336395264,2.208855628967285,0
5103.875209774134,3.21333646774292,2.5636024475097656,0
5105.049349558889,3.258024215698242,2.5341908931732178,0
5106.226562663679,2.7812044620513916,2.3333828449249268,0
5107.401243374075,3.573453664779663,2.2358691692352295,0
5108.578998820384,3.4506444931030273,2.33426570892334,0
5109.754220705628,3.708576202392578,2.336827516555786,0
5110.9297129491215,2.7624008655548096,2.398428201675415,0
5112.108282052721,2.874464511871338,2.3795249462127686,0
5113.284315844934,2.1609842777252197,2.3897647857666016,0
5114.46342791476,2.0714259147644043,2.507166624069214,0
5115.640003505184,2.8076701164245605,2.4410088062286377,0
5116.819658791383,2.710559129714966,2.4601035118103027,0
5117.9967764296225,2.498077392578125,2.494851589202881,0
5119.174164862229,1.870294213294983,2.5889902114868164,0
5120.35463511823,2.6146373748779297,2.55499005317688,0
5121.532565973129,2.754091501235962,2.5146615505218506,0
5122.7135800712185,2.237978219985962,2.5714287757873535,0
5123.892053598303,2.233036994934082,2.6019115447998047,0
5125.073611789027,1.7864772081375122,2.8129546642303467,0
5126.252628238308,2.693826913833618,2.6432158946990967,0
5127.4319159187735,2.543922185897827,2.425692081451416,0
5128.61429039393,2.516324043273926,2.280137300491333,0
5129.79412137167,2.678400754928589,2.0803027153015137,0
5130.9770405661875,2.076064109802246,2.2210006713867188,0
5132.1574150915,3.5372819900512695,2.2729291915893555,0
5133.34087925633,2.6853764057159424,2.5029501914978027,0
5134.521797579627,2.332679510116577,2.54626727104187,0
5135.702987571632,2.6805901527404785,2.419097661972046,0
5136.887269337644,2.646860361099243,2.4947664737701416,0
5138.0690035033185,2.8354721069335938,2.534278154373169,0
5139.253830867379,2.087198495864868,2.6090776920318604,0
5140.436109457423,2.4451539516448975,2.3810741901397705,0
5141.621482670889,2.390166759490967,2.045236110687256,0
5142.804305936119,2.7424848079681396,1.8149118423461914,0
5143.987401308287,2.2978222370147705,1.814394235610962,0
5145.17359344181,3.38289213180542,2.208874225616455,0
5146.357233865455,3.498948097229004,2.4599621295928955,0
5147.543972477131,2.2395660877227783,1.820900321006775,0
5148.728158203358,3.3393468856811523,1.7381336688995361,0
5149.915443544951,3.920224666595459,2.2026281356811523,0
5151.100174824981,2.6366045475006104,2.4520480632781982,0
5152.2851786508845,1.8772692680358887,2.6088032722473145,0
5153.473284233536,2.7199900150299072,2.531297206878662,0
5154.658833990141,1.9486361742019653,2.4696221351623535,0
5155.84748693247,3.3328237533569336,2.387511968612671,0
5157.033582871286,3.2377724647521973,2.1703479290008545,0
5158.222783425463,1.9246224164962769,2.1396241188049316,0
5159.409425798115,2.8045239448547363,2.09067440032959,0
5160.596341156286,2.8986079692840576,2.26430344581604,0
5161.786363274655,2.5559463500976562,2.4222826957702637,0
5162.973825444168,3.147357225418091,2.4516305923461914,0
5164.164395805163,3.4882736206054688,2.442960739135742,0
5165.352405037935,3.8029513359069824,2.4117345809936523,0
5166.54352389413,3.785918712615967,2.4473342895507812,0
5167.7320804421925,3.1104228496551514,2.6940863132476807,0
5168.920910416126,2.096130847930908,2.9207077026367188,0
5170.11285216178,2.7480199337005615,2.7152068614959717,0
5171.30222982912,2.4427683353424072,2.6390814781188965,0
5172.494720701771,3.211139440536499,2.637314558029175,0
5173.684646314839,3.4573817253112793,2.769442558288574,0
5174.877686567469,2.797457695007324,2.9402050971984863,0
5176.0681603787025,2.800778865814209,2.8620569705963135,0
5177.258908056871,1.425594449043274,2.9524359703063965,0
5178.452772526365,2.0159125328063965,2.795037269592285,0
5179.644068781426,3.8856492042541504,2.5448591709136963,0
5180.838483263715,3.0798003673553467,2.5899624824523926,0
5182.0303283483945,2.461174964904785,2.591322422027588,0
5183.22529309687,3.820194721221924,2.536241292953491,0
5184.417687264015,3.0847907066345215,2.70064377784729,0
5185.610355739871,2.5642166137695312,2.9260056018829346,0
5186.806146034755,3.272752285003662,2.671468496322632,0
5187.999363972413,2.3938543796539307,2.480133533477783,0
5189.19570516732,2.7620689868927,2.2948756217956543,0
5190.389472819916,3.9969372749328613,2.2818684577941895,0
5191.586365168644,3.9224236011505127,2.454542636871338,0
5192.780682789431,3.245488405227661,2.6675827503204346,0
5193.978126545897,3.660658121109009,2.6301937103271484,0
5195.1729943882465,3.0138118267059326,2.495121717453003,0
5196.368137108372,2.2458887100219727,2.5036752223968506,0
5197.56640812388,3.3917438983917236,2.273935556411743,0
5198.762101445691,3.0685110092163086,2.1426429748535156,0
5199.960924504088,2.8458657264709473,2.104872703552246,0
5201.157168681245,3.4163520336151123,2.1511483192443848,0
5202.356544036857,3.181642770767212,2.164815664291382,0
5203.55333932314,2.1280014514923096,2.254323959350586,0
5204.750409930605,1.763291597366333,2.4505903720855713,0
5205.950613879712,3.2073075771331787,2.5828428268432617,0
5207.148235977039,3.284818410873413,2.7031002044677734,0
5208.348992859537,2.9758687019348145,2.464132070541382,0
5209.547166700796,2.5841479301452637,2.0712358951568604,0
5210.74847677142,2.0265204906463623,1.9285677671432495,0
5211.947202610801,2.799208641052246,2.0806167125701904,0
5213.146204215484,2.945335865020752,2.561189889907837,0
5214.3483442162105,2.8750481605529785,2.773874521255493,0
5215.547898200366,3.1206581592559814,2.658555030822754,0
5216.75059202642,2.6057558059692383,2.4999306201934814,0
5217.950698644527,3.0766713619232178,2.3418617248535156,0
5219.153946551057,3.197303533554077,2.318134307861328,0
5220.354606057714,2.7289130687713623,2.551973342895508,0
5221.555541774513,2.1413869857788086,2.703491687774658,0
5222.759620949906,3.0718166828155518,1.7723462581634521,0
5223.9611099372205,3.944891929626465,1.5731333494186401,0
5225.16574383132,2.9120771884918213,1.5726102590560913,0
5226.367786344041,3.900830030441284,1.5833474397659302,0
5227.572975212403,3.959040641784668,2.4980127811431885,0
5228.77557150554,3.323455572128296,2.696392059326172,0
5229.978444454373,2.626265048980713,2.674381732940674,0
5231.1844659325225,2.780444622039795,2.743767738342285,0
5232.3878930443525,3.4237477779388428,2.637359380722046,0
5233.594470136025,2.840561628341675,2.56990385055542,0
5234.798451666155,3.080812931060791,2.381612777709961,0
5236.005584627322,3.243117570877075,2.211832046508789,0
5237.210120831172,2.977004289627075,2.1084585189819336,0
5238.414934136994,2.6756131649017334,2.024876832962036,0
5239.622901051031,3.008955955505371,2.1663565635681152,0
5240.828269413771,2.1042065620422363,2.598740816116333,0
5242.036792837592,2.843411445617676,2.71962308883667,0
5243.242716512966,3.085536003112793,2.7003774642944336,0
5244.451796702955,3.6360557079315186,2.416476249694824,0
5245.658275946794,3.18530011177063,2.3540897369384766,0
5246.865032739597,3.2283425331115723,2.4018616676330566,0
5248.074948227709,2.7563226222991943,2.5879111289978027,0
5249.282260972795,2.725398063659668,2.6502938270568848,0
5250.492733868397,2.8299458026885986,2.721745252609253,0
5251.700602821893,2.660210371017456,2.8200125694274902,0
5252.911633381785,2.313859701156616,2.8037052154541016,0
5254.120058799935,2.957162618637085,2.681565999984741,0
5255.328762214763,3.86283802986145,2.3545689582824707,0
5256.540629420198,2.578479290008545,2.3879384994506836,0
5257.749889684117,2.2415034770965576,2.48972487449646,0
5258.962315196199,2.740506887435913,2.597407579421997,0
5260.172132565748,2.935852527618408,2.796560525894165,0
5261.385116641689,3.679230213165283,2.5390703678131104,0
5262.595491373527,4.504265785217285,2.2170088291168213,0
5263.806144550481,4.075314521789551,2.228372812271118,0
5265.0199666215585,3.4019975662231445,2.5155186653137207,0
5266.231177545858,2.455052614212036,2.8590312004089355,0
5267.445558824189,2.4183168411254883,2.908679723739624,0
5268.657327752787,4.046518325805664,2.5519473552703857,0
5269.872268495997,3.956787109375,2.5415408611297607,0
5271.084595685965,3.323444128036499,2.689866542816162,0
5272.29720177021,3.360095739364624,2.621342182159424,0
5273.51298186033,3.2724599838256836,2.4901490211486816,0
5274.726146591624,3.705280303955078,2.5026416778564453,0
5275.942486791054,3.155388355255127,2.5382673740386963,0
5277.156210426764,2.3855855464935303,2.649759292602539,0
5278.373110993547,2.474825382232666,2.608488082885742,0
5279.587393791161,2.5948846340179443,2.6023945808410645,0
5280.804854983459,2.6049346923828125,2.6445770263671875,0
5282.019697200582,2.5453813076019287,2.7692785263061523,0
5283.234818890561,2.466606855392456,2.9253201484680176,0
5284.453121171031,3.087761163711548,2.8692030906677246,0
5285.668802666995,3.4491543769836426,2.7534468173980713,0
5286.887666218749,2.8998072147369385,2.7239830493927,0
5288.103907778603,3.1109566688537598,2.6060245037078857,0
5289.3233328602155,3.495664358139038,2.6640546321868896,0
5290.54013474198,3.217332124710083,2.652117967605591,0
5291.757216547418,2.7031197547912598,2.5954205989837646,0
5292.977484073965,1.9965349435806274,2.5265772342681885,0
5294.195126588413,3.6206226348876953,2.335894823074341,0
5295.41595629163,4.304172515869141,2.1382217407226562,0
5296.634159773408,3.6940155029296875,2.1950786113739014,0
5297.855551912292,2.9228720664978027,2.3691370487213135,0
5299.074316619836,2.2760002613067627,2.4658279418945312,0
5300.2933617026,2.5133585929870605,2.5239551067352295,0
5301.515597645366,3.136723518371582,2.4878673553466797,0
5302.735204341621,3.0592870712280273,2.4566829204559326,0
5303.958003367907,3.058042287826538,2.281489849090576,0
5305.178171936389,3.202828884124756,2.12618088722229,0
5306.401534305606,2.9306349754333496,2.2804224491119385,0
5307.6222650051695,2.957716464996338,2.50182843208313,0
5308.843276532226,2.4180736541748047,2.7198257446289062,0
5310.067484066468,3.6864757537841797,2.6858179569244385,0
5311.289058112956,2.337541341781616,2.8503048419952393,0
5312.513829639029,4.0072784423828125,2.588435173034668,0
5313.735966464101,3.5134570598602295,2.399381399154663,0
5314.961302241835,3.193305253982544,2.309614419937134,0
5316.184002104764,3.7466232776641846,2.2304024696350098,0
5317.406983248188,3.746769905090332,2.2886369228363037,0
5318.6331655542845,2.5423641204833984,2.4431324005126953,0
5319.856710124543,4.409361839294434,2.2514853477478027,0
5321.083457332246,4.545596599578857,2.2849607467651367,0
5322.307565588908,3.2832117080688477,2.4356818199157715,0
5323.534877958468,4.278938293457031,2.5083651542663574,0
5324.759550161223,1.760874629020691,2.9752228260040283,0
5325.984504098209,3.7826988697052,2.629556179046631,0
5327.212664361669,4.152431011199951,2.5248045921325684,0
5328.438182634352,3.544905662536621,2.669839859008789,0
5329.666908710664,3.705052614212036,2.5585830211639404,0
5330.892991579035,3.440511703491211,2.308741569519043,0
5332.122283728867,4.22343635559082,2.03072190284729,0
5333.348931453034,3.9739890098571777,1.8352878093719482,0
5334.575861365898,3.4816696643829346,2.3989522457122803,0
5335.806002777369,3.606170177459717,2.4797773361206055,0
5337.033497936262,3.9560611248016357,2.3920083045959473,0
5338.264206073298,4.475620746612549,2.2354824542999268,0
5339.492266738629,3.419203519821167,2.334524154663086,0
5340.72354186232,4.597711086273193,2.3983325958251953,0
5341.952168294618,2.948362112045288,2.704662799835205,0
5343.181077370811,4.3401665687561035,2.4202468395233154,0
5344.413203126087,3.789968252182007,2.1500110626220703,0
5345.642678360109,3.763587713241577,2.2144131660461426,0
5346.875371755136,4.279965400695801,2.4240942001342773,0
5348.105413407816,2.9670259952545166,2.6744346618652344,0
5349.338674704106,2.3635849952697754,2.716853141784668,0
5350.569283036392,4.513924598693848,2.271282434463501,0
5351.800174468508,3.5877997875213623,2.24226713180542,0
5353.034287768538,3.5295650959014893,2.278333902359009,0
5354.2657462717525,4.339719295501709,2.331333875656128,0
5355.500428127195,2.9120500087738037,2.457413673400879,0
5356.732453962759,3.5567615032196045,2.578504800796509,0
5357.967704635546,3.894587755203247,2.5874123573303223,0
5359.2002980648285,3.66711688041687,2.6461660861968994,0
5360.433175050609,3.6543326377868652,2.61869740486145,0
5361.669279101506,2.1123337745666504,2.4348998069763184,0
5362.902724073129,3.508211374282837,2.2891287803649902,0
5364.139397596577,3.604113817214966,2.4480531215667725,0
5365.373410815713,3.5817768573760986,2.4888312816619873,0
5366.610654074067,2.0632214546203613,2.6914355754852295,0
5367.845235802509,1.9808859825134277,2.431839942932129,0
5369.080101544855,3.3714447021484375,2.2808947563171387,0
5370.318199557903,2.6705188751220703,2.5062854290008545,0
5371.553634202312,2.982090950012207,2.5287556648254395,0
5372.792302606528,3.465782880783081,2.44417667388916,0
5374.028306415092,4.4859137535095215,2.193105697631836,0
5375.267545473254,4.322676181793213,2.2099838256835938,0
5376.504118708187,4.0455098152160645,2.5039026737213135,0
5377.743928683196,3.8461177349090576,2.598745346069336,0
5378.981071606831,4.668386459350586,2.384176015853882,0
5380.218499133571,4.114010810852051,2.315392017364502,0
5381.459165636502,3.688164710998535,2.30037260055542,0
5382.697163245516,2.967259645462036,2.5353519916534424,0
5383.938401322918,3.5124526023864746,2.6769766807556152,0
5385.176969276843,3.7464609146118164,2.624342918395996,0
5386.4187791920385,3.8136134147644043,2.589946746826172,0
5387.657917753633,2.790950298309326,2.71866774559021,0
5388.897341377426,3.9791359901428223,2.789574146270752,0
5390.14000920221,3.868577718734741,2.7669358253479004,0
5391.380003827879,3.5321249961853027,2.7580373287200928,0
5392.623244149142,3.479276418685913,2.4737610816955566,0
5393.863810039747,3.645292282104492,2.1717536449432373,0
5395.1076231212355,3.2946271896362305,2.156811475753784,0
5396.348760539958,3.6559789180755615,2.3557448387145996,0
5397.590183480712,2.3228321075439453,2.8644332885742188,0
5398.834855855686,3.7970643043518066,2.8057212829589844,0
5400.076850719401,3.1437551975250244,2.739875555038452,0
5401.322096514348,3.5825486183166504,2.850700616836548,0
5402.564663564508,4.559952259063721,2.6305456161499023,0
5403.810483043603,2.362870216369629,2.8233864307403564,0
5405.053622543814,3.910656213760376,2.6345057487487793,0
5406.297048026632,3.134995698928833,2.552105665206909,0
5407.543728185341,3.874967575073242,2.4160971641540527,0
5408.78772651369,4.384727954864502,2.4232726097106934,0
5410.034981017357,3.4763782024383545,2.512389659881592,0
5411.279552455147,2.855896472930908,2.634314775466919,0
5412.527381568371,4.0364251136779785,2.4538872241973877,0
5413.772526379632,3.598527669906616,2.5269007682800293,0
5415.01795763482,3.709998846054077,2.3692705631256104,0
5416.266648816023,3.725266456604004,2.530571937561035,0
5417.5126538408,3.2565746307373047,2.7319352626800537,0
5418.761920293438,1.6200507879257202,2.767062187194824,0
5420.00849935214,2.601030111312866,2.4944465160369873,0
5421.25834134124,3.9104199409484863,2.2447121143341064,0
5422.505494698323,4.2971601486206055,2.3064517974853516,0
5423.752934961397,2.447842836380005,2.66009783744812,0
5425.003640409078,2.956953763961792,2.708838939666748,0
5426.2516553672895,2.911703586578369,2.7036850452423096,0
5427.502937014378,4.0467729568481445,2.5804333686828613,0
5428.7515269324895,4.4986796379089355,2.581738233566284,0
5430.00338504444,3.4344241619110107,2.772726058959961,0
5431.252550187334,3.0552620887756348,2.934441566467285,0
5432.502002699028,2.8875181674957275,2.8295016288757324,0
5433.754725662407,1.8788982629776,2.7710464000701904,0
5435.00475379628,2.9949655532836914,2.4832658767700195,0
5436.258053888534,3.6302385330200195,2.1899375915527344,0
5437.508657909777,4.2514238357543945,1.9728446006774902,0
5438.762535396789,4.086488246917725,1.9391388893127441,0
5440.013715570711,3.047846555709839,2.263396739959717,0
5441.265183576988,3.3572840690612793,2.607707977294922,0
5442.519927310522,2.4245550632476807,2.662809133529663,0
5443.771971867516,2.706804037094116,2.469550609588623,0
5445.0272936608935,2.2441067695617676,2.6011335849761963,0
5446.279915034222,2.3691084384918213,2.8407609462738037,0
5447.535815153754,1.6963270902633667,2.9847724437713623,0
5448.7890136091555,3.332059383392334,2.8724844455718994,0
5450.042500361214,3.1659393310546875,2.810513973236084,0
5451.299268124612,2.4640235900878906,2.794173240661621,0
5452.553332357424,2.7295258045196533,2.7107040882110596,0
5453.810679113135,2.5835208892822266,2.6849937438964844,0
5455.065321092744,4.146244525909424,2.7345333099365234,0
5456.32324710751,3.0216097831726074,2.8751721382141113,0
5457.578467100084,3.010901689529419,2.969749927520752,0
5458.833975854367,2.684216260910034,2.605278253555298,0
5460.092770912597,4.684863567352295,1.6377135515213013,0
5461.348858079169,3.381588935852051,1.0819449424743652,0
5462.6082330636855,4.330827713012695,1.0233796834945679,0
5463.864898909019,3.3402366638183594,1.6364086866378784,0
5465.124854086995,3.6018271446228027,2.3023293018341064,0
5466.382098877687,3.0066776275634766,2.5173425674438477,0
5467.639632895892,2.6181159019470215,2.2420313358306885,0
5468.900458519188,2.6919634342193604,2.2554829120635986,0
5470.158571882718,3.1976304054260254,2.5262975692749023,0
5471.4199783677805,3.4504902362823486,2.5830752849578857,0
5472.678671343541,2.083756685256958,2.8262345790863037,0
5473.940658957974,2.0930659770965576,2.6874802112579346,0
5475.199931812992,1.4210056066513062,2.534817695617676,0
5476.462500824519,3.3256306648254395,2.335294723510742,0
5477.722353825945,2.2630350589752197,2.4974257946014404,0
5478.982496654898,1.676170825958252,2.556379795074463,0
5480.245937917523,2.7878475189208984,2.479788303375244,0
5481.506661293681,2.3377480506896973,2.5509443283081055,0
5482.770684623098,2.435659646987915,2.5632193088531494,0
5484.031988813916,3.5164902210235596,2.472010850906372,0
5485.296594478281,2.9044480323791504,2.6141817569732666,0
5486.558479751342,2.944770097732544,2.6075809001922607,0
5487.820655319452,2.475877285003662,2.7574961185455322,0
5489.086134641946,2.6417293548583984,2.891925096511841,0
5490.348891693741,1.7226450443267822,3.0919699668884277,0
5491.614954021959,2.428567886352539,2.9552197456359863,0
5492.87829282533,2.7663381099700928,2.7385213375091553,0
5494.144938427862,1.8190159797668457,2.669466018676758,0
5495.4088592508215,3.246433973312378,2.1957600116729736,0
5496.673070837104,2.317829132080078,2.336042881011963,0
5497.940591507065,2.819282054901123,2.58012318611145,0
5499.205385515026,3.722169876098633,2.6282312870025635,0
5500.473490131158,2.1157283782958984,2.6265695095062256,0
5501.73886682912,2.781191825866699,2.540212869644165,0
5503.007555660447,2.412311553955078,2.852409601211548,0
5504.273515316853,2.810703754425049,2.8375403881073,0
5505.539766205615,2.5859100818634033,2.8593740463256836,0
5506.809331515944,2.84901762008667,2.701031446456909,0
5508.0761657658895,2.0488693714141846,2.8350658416748047,0
5509.346315964355,2.05180025100708,2.732801675796509,0
5510.6137338442395,2.9661049842834473,2.5811238288879395,0
5511.8844692002995,2.2837560176849365,2.7796342372894287,0
5513.152470978999,1.9696897268295288,2.758334159851074,0
5514.420764459843,2.5487592220306396,2.4970929622650146,0
5515.692377708754,3.9225828647613525,2.326493740081787,0
5516.961255491803,3.2259256839752197,2.444523572921753,0
5518.233454572335,2.526496648788452,2.624638319015503,0
5519.502916926777,2.677098274230957,2.4900262355804443,0
5520.775702108823,2.315112352371216,2.2887308597564697,0
5522.04574930397,2.0973362922668457,2.134232997894287,0
5523.316088671805,1.9377009868621826,2.2881438732147217,0
5524.589753162833,1.8674737215042114,2.40674090385437,0
5525.860677775412,1.9406136274337769,2.5243477821350098,0
5527.134929043068,3.2011477947235107,2.5590598583221436,0
5528.406439170014,2.1314570903778076,2.6669909954071045,0
5529.681277484624,2.0832176208496094,2.9762179851531982,0
5530.953373395683,1.1035643815994263,3.1453957557678223,0
5532.2257619507345,2.673233985900879,2.652653932571411,0
5533.5014809927425,3.6128761768341064,2.528365135192871,0
5534.774455736598,2.6728343963623047,2.2936084270477295,0
5536.0507625017635,2.9136221408843994,2.1154253482818604,0
5537.32432370448,2.0611212253570557,2.197389602661133,0
5538.601218463567,2.575369358062744,2.324941635131836,0
5539.875366395326,1.7888010740280151,2.7216620445251465,0
5541.149807443142,2.0167815685272217,2.7921667098999023,0
5542.427584350331,2.3677175045013428,2.6621809005737305,0
5543.702612532534,3.005744457244873,2.3957817554473877,0
5544.980978110937,2.985442638397217,2.3976261615753174,0
5546.256593698019,2.9853103160858154,2.5334036350250244,0
5547.535548218839,1.7648016214370728,2.693228006362915,0
5548.811751481417,3.553828716278076,2.434427261352539,0
5550.088248332878,2.2731428146362305,2.4526381492614746,0
5551.368086424794,2.0629303455352783,2.507600784301758,0
5552.64517135775,3.4040887355804443,2.621020555496216,0
5553.925599070468,2.356102705001831,2.721054792404175,0
5555.203272355847,2.5215201377868652,2.613276481628418,0
5556.484289961005,2.0190114974975586,2.6741089820861816,0
5557.7625518698605,1.758476972579956,2.730646848678589,0
5559.041107841189,1.7691863775253296,2.8399240970611572,0
5560.323010442734,2.4538540840148926,2.7807698249816895,0
5561.602155444191,3.7127606868743896,2.742513656616211,0
5562.884648617657,3.0386147499084473,2.635310411453247,0
5564.1643829206105,3.2762646675109863,2.421848773956299,0
5565.447466938073,3.032710313796997,2.271681308746338,0
5566.727790814014,2.8460474014282227,2.3794925212860107,0
5568.008409226779,3.2808146476745605,2.607053279876709,0
5569.292379668218,2.8118436336517334,2.488741397857666,0
5570.573588061279,3.105767011642456,2.1749188899993896,0
5571.858150027292,2.1047823429107666,2.4377217292785645,0
5573.139948672452,3.3196210861206055,2.260270357131958,0
5574.4251024355535,2.0837996006011963,1.1507275104522705,0
5575.707491604742,4.5485053062438965,0.3151305317878723,8388608
5576.993237437573,5.591968536376953,0.04547351598739624,8388608
5578.276217402844,-12.08481502532959,0.013986609876155853,8388608
5579.559492515969,-0.7346159219741821,0.02433602511882782,8388608
5580.846126611703,4.1209397315979,0.5262970328330994,8388608
5582.129992929065,2.4675419330596924,1.543507695198059,0
5583.417219776516,2.954087972640991,2.2031564712524414,0
5584.7016775704815,2.172358274459839,2.670565605163574,0
5585.989497442732,2.129241943359375,2.628875732421875,0
5587.274546985794,2.1273584365844727,2.5166289806365967,0
5588.559892152815,2.332522392272949,2.2973573207855225,0
5589.848601720826,2.8548543453216553,2.1530630588531494,0
5591.134539045756,1.7360155582427979,2.6039679050445557,0
5592.423842321654,2.458784341812134,2.720315456390381,0
5593.7103720773,2.0239288806915283,2.7152109146118164,0
5595.000269334606,2.346959352493286,2.6835646629333496,0
5596.287391793901,2.683138847351074,2.7285819053649902,0
5597.574810354026,2.5537846088409424,2.7121267318725586,0
5598.8655987422635,1.9527932405471802,2.6686489582061768,0
5600.153610415509,2.378854990005493,2.718003034591675,0
5601.444993469345,2.487964630126953,2.7216286659240723,0
5602.733598528957,3.126495838165283,2.410644769668579,0
5604.025576522354,2.9427523612976074,2.2582242488861084,0
5605.314775241707,3.157175302505493,2.0938258171081543,0
5606.604270539531,2.4765403270721436,2.1592071056365967,0
5607.8971411013445,2.2230136394500732,2.4022786617279053,0
5609.1872304690405,2.222297430038452,2.6527326107025146,0
5610.480696655709,2.5987601280212402,2.68247389793396,0
5611.771380366965,1.8642951250076294,2.7186620235443115,0
5613.065442452892,2.431716203689575,2.676602363586426,0
5614.356720781522,1.2537851333618164,2.608706474304199,0
5615.648296167035,3.2250330448150635,2.407466411590576,0
5616.943252261183,2.043426275253296,2.6996841430664062,0
5618.235422674864,1.6690174341201782,2.924509048461914,0
5619.530975354671,2.230410575866699,2.6896233558654785,0
5620.823741070649,2.3448338508605957,2.578979253768921,0
5622.11989061096,2.4257655143737793,2.443800687789917,0
5623.413251903491,2.4168717861175537,2.4463062286376953,0
5624.706910732087,1.5520573854446411,2.2526285648345947,0
5626.0039557227465,2.4042999744415283,2.2963449954986572,0
5627.298210539351,2.4556760787963867,2.4898581504821777,0
5628.595853078023,3.1580183506011963,2.3811087608337402,0
5629.890704157208,1.51815664768219,2.64878511428833,0
5631.188944519182,1.7877423763275146,2.7264957427978516,0
5632.484392135646,2.2241015434265137,2.739733934402466,0
5633.780137768132,2.2980053424835205,2.7441885471343994,0
5635.079275024906,2.1902904510498047,2.7225089073181152,0
5636.37561760679,2.334268808364868,2.6942543983459473,0
5637.675353375483,1.3940752744674683,2.803443193435669,0
5638.97229318178,3.245647668838501,2.4564130306243896,0
5640.272627738125,2.8917157649993896,2.521986722946167,0
5641.570165043976,1.5051988363265991,2.9651060104370117,0
5642.868000846579,3.139552116394043,2.8415472507476807,0
5644.169233744507,3.2083261013031006,2.6754181385040283,0
5645.467667459449,2.3424124717712402,2.3219058513641357,0
5646.769499834757,3.35149884223938,2.1824069023132324,0
5648.0685317374955,3.561673164367676,2.419816255569458,0
5649.370963866361,2.5326077938079834,2.6899285316467285,0
5650.6705942324825,2.5832936763763428,2.7208409309387207,0
5651.970523576861,1.9525080919265747,2.7046871185302734,0
5653.273855496427,2.1740000247955322,2.572845458984375,0
5654.574383717638,1.7853964567184448,2.7206838130950928,0
5655.878316081601,2.261930465698242,2.71199369430542,0
5657.179443455548,1.664564847946167,2.8869667053222656,0
5658.483976540533,1.987457275390625,2.8909130096435547,0
5659.785703343243,2.4528210163116455,2.705061197280884,0
5661.087729606495,2.5956497192382812,2.710691452026367,0
5662.393163933633,2.594667434692383,2.6928632259368896,0
5663.6957900397665,2.820544719696045,2.530200481414795,0
5665.001825779882,2.086266040802002,2.4113612174987793,0
5666.305052005245,2.089589834213257,2.474428415298462,0
5667.611689435406,1.9998241662979126,2.5084710121154785,0
5668.915516056473,1.9201210737228394,2.7526049613952637,0
5670.21964262114,1.9823960065841675,2.4493227005004883,0
5671.5271827472525,2.773427963256836,2.275869369506836,0
5672.831910122411,2.230126142501831,2.490947723388672,0
5674.140052631638,3.0226686000823975,2.4133217334747314,0
5675.445381094079,2.492811679840088,2.4907901287078857,0
5676.754126263941,2.479033946990967,2.4325649738311768,0
5678.060056090586,2.4572513103485107,2.5338430404663086,0
5679.369404198726,2.103522539138794,2.3007113933563232,0
5680.675935666623,2.246303081512451,2.031482458114624,0
5681.982767700368,1.6296892166137695,2.111511468887329,0
5683.293020377142,2.0590567588806152,2.181727170944214,0
5684.600454467784,3.4180662631988525,2.0303211212158203,0
5685.9113107773455,2.409470796585083,2.018476724624634,0
5687.219347202254,3.2952518463134766,1.8120582103729248,0
5688.530807422696,2.7236170768737793,1.7302032709121704,0
5689.839446459365,1.6063015460968018,1.8751487731933594,0
5691.148386546724,3.191688299179077,1.8500564098358154,0
5692.460752794961,1.6792140007019043,1.8136227130889893,0
5693.770295910398,1.807111382484436,1.8644944429397583,0
5695.083266765144,2.9898784160614014,1.9579687118530273,0
5696.3934131864735,1.750241756439209,2.1690447330474854,0
5697.706988926269,2.020810842514038,2.422109842300415,0
5699.017738931434,2.7011208534240723,2.040611505508423,0
5700.328790472915,2.4289932250976562,2.003992795944214,0
5701.643273702021,2.1746957302093506,2.2230284214019775,0
5702.954929244326,2.582149028778076,2.3482747077941895,0
5704.270018055233,2.387319326400757,2.169264793395996,0
5705.582277876624,2.2587876319885254,2.195258140563965,0
5706.897972548322,1.7832951545715332,2.4504337310791016,0
5708.210836927191,1.1321748495101929,2.6241118907928467,0
5709.524003328785,1.2701661586761475,2.5663533210754395,0
5710.840606953667,1.8297085762023926,2.418715000152588,0
5712.1543783304,1.4061269760131836,2.208754777908325,0
5713.471588513947,2.2337586879730225,1.9545141458511353,0
5714.78596514453,2.2346017360687256,2.146934986114502,0
5716.103782166185,2.2139947414398193,2.6101222038269043,0
5717.418764329458,1.666452407836914,2.663540840148926,0
5718.734049002651,2.5477914810180664,2.5149941444396973,0
5720.052776443723,2.5369088649749756,2.583595037460327,0
5721.368667067941,1.784693717956543,2.575690269470215,0
5722.688002046119,1.933502197265625,2.7128424644470215,0
5724.004498900525,2.7111873626708984,2.525628089904785,0
5725.324441695702,2.5915791988372803,2.4687438011169434,0
5726.641545059584,2.9869625568389893,2.4875736236572266,0
5727.958951421363,1.6621776819229126,2.6779377460479736,0
5729.279806104559,1.851662516593933,2.759121894836426,0
5730.597819394824,1.5377920866012573,2.6104846000671387,0
5731.919282595146,1.4542829990386963,2.4052741527557373,0
5733.237903093509,3.2225191593170166,2.2833712100982666,0
5734.559975091302,1.263896107673645,2.5995171070098877,0
5735.879203077503,0.7822383046150208,2.4962618350982666,0
5737.198734550369,1.9670782089233398,2.251906156539917,0
5738.521719907148,1.621564269065857,2.663175582885742,0
5739.841859287538,1.8112025260925293,2.684455394744873,0
5741.165454143043,3.4855732917785645,2.4931464195251465,0
5742.48620171102,2.248764753341675,2.646519422531128,0
5743.810406346047,3.0557634830474854,2.582519769668579,0
5745.131762381802,2.66745662689209,2.465808868408203,0
5746.453422393778,2.278698444366455,2.344835042953491,0
5747.778541861132,2.173307180404663,2.268904447555542,0
5749.100810761248,2.2288811206817627,2.3108971118927,0
5750.426540710513,2.107515335083008,2.447246789932251,0
5751.7494187792845,1.3029348850250244,2.659179925918579,0
5753.075759491708,3.310910224914551,2.413377523422241,0
5754.399247009779,1.866495966911316,2.6182920932769775,0
5755.723038994414,2.5431509017944336,2.440248966217041,0
5757.050296014883,0.8809372782707214,2.3004493713378906,0
5758.374697869857,2.946174144744873,2.205340623855591,0
5759.702566357007,3.0353262424468994,2.3118114471435547,0
5761.027578363289,2.440018653869629,2.3580219745635986,0
5762.35605859882,2.695492744445801,2.163121461868286,0
5763.681681037505,0.7241602540016174,2.1520814895629883,0
5765.00760843389,2.516200304031372,2.031599760055542,0
5766.337006455565,2.8756906986236572,2.189243793487549,0
5767.663544706073,2.2705178260803223,2.245173454284668,0
5768.993555180787,1.2451093196868896,2.1214492321014404,0
5770.320704566837,1.9571799039840698,1.8566821813583374,0
5771.651327776746,1.8881417512893677,1.805790662765503,0
5772.97908857989,2.769289016723633,1.808342695236206,0
5774.307154832662,2.634366273880005,1.885100245475769,0
5775.638697309198,2.5991244316101074,2.0016162395477295,0
5776.967375401462,2.4948132038116455,2.21850323677063,0
5778.299531318985,2.425316095352173,2.024747133255005,0
5779.628821532617,2.3346850872039795,2.1026175022125244,0
5780.96159117374,2.381633758544922,2.288067579269409,0
5782.2914937907435,2.2778468132019043,2.411806583404541,0
5783.624877438208,3.39052677154541,2.2566614151000977,0
5784.955392740717,1.4837170839309692,2.231525182723999,0
5786.286214126521,1.6610087156295776,2.03674578666687,0
5787.620518947673,2.1673686504364014,1.9355461597442627,0
5788.95195344226,1.361599087715149,1.925437331199646,0
5790.28687297701,1.5859681367874146,1.6921223402023315,0
5791.618920862837,3.136730194091797,1.5242112874984741,0
5792.954455394383,1.552113652229309,1.712389588356018,0
5794.28711695404,2.5457258224487305,1.7959575653076172,0
5795.620085090737,1.8738421201705933,1.8228001594543457,0
5796.956542281918,2.866462230682373,1.773788571357727,0
5798.290124516404,2.538950204849243,1.9994637966156006,0
5799.6271974127785,2.1490836143493652,2.0599400997161865,0
5800.961394027968,2.429002523422241,2.1110646724700928,0
5802.299082913192,3.540475845336914,1.9858677387237549,0
5803.633894192129,2.5165653228759766,2.1144139766693115,0
5804.969012542647,0.6625455617904663,2.308213949203491,0
5806.30762557585,1.6742810010910034,2.245152711868286,0
5807.643359014758,1.5278836488723755,2.1496939659118652,0
5808.982588746351,2.90048885345459,2.073631763458252,0
5810.318937557022,3.510319232940674,2.0086758136749268,0
5811.658784271117,2.31715726852417,2.0660784244537354,0
5812.995748737051,1.6314300298690796,1.7557719945907593,0
5814.333020769904,1.120855450630188,1.6503223180770874,0
5815.673793122722,2.630913019180298,1.985163688659668,0
5817.011681236167,2.769545078277588,1.9974229335784912,0
5818.353071282172,2.3051955699920654,1.9637118577957153,0
5819.691575760036,1.9959213733673096,1.755298376083374,0
5821.0335837838,0.6429875493049622,1.795302152633667,0
5822.372704910043,3.797248363494873,1.7191009521484375,0
5823.71213409934,2.1494407653808594,1.739896535873413,0
5825.055069254977,1.5138230323791504,1.7724590301513672,0
5826.395115518667,1.8899599313735962,1.8107448816299438,0
5827.738669363894,2.6217825412750244,1.751300573348999,0
5829.079332986262,1.4085965156555176,1.9790737628936768,0
5830.423505806108,3.110896587371826,1.8331634998321533,0
5831.764787071572,2.560417890548706,1.908670425415039,0
5833.106376897028,1.7341382503509521,1.6341123580932617,0
5834.4514783443055,2.811863660812378,1.3159140348434448,0
5835.793686239559,3.869983673095703,1.2353324890136719,0
5837.139407374435,3.1203503608703613,1.446305274963379,0
5838.48223362423,1.949237585067749,1.7423979043960571,0
5839.828574732194,2.4058215618133545,1.8871272802352905,0
5841.1720196214055,1.8324109315872192,1.9084622859954834,0
5842.515773568347,2.2488975524902344,1.7761900424957275,0
5843.863044801715,2.7584826946258545,1.6748878955841064,0
5845.2074178154635,1.752332329750061,1.8053096532821655,0
5846.55530973605,2.3114173412323,1.7940887212753296,0
5847.900302101808,2.385624647140503,1.774256706237793,0
5849.248814995563,2.234388828277588,1.7101529836654663,0
5850.594426998667,2.500115156173706,1.8360804319381714,0
5851.940348558043,2.308138132095337,1.8810434341430664,0
5853.289793077589,2.185110569000244,1.8730266094207764,0
5854.63633470239,2.1466126441955566,1.8215229511260986,0
5855.986400910385,2.157724142074585,1.7771661281585693,0
5857.333562886274,2.7455310821533203,1.8179187774658203,0
5858.684251069132,2.6753687858581543,1.9227662086486816,0
5860.032033681905,3.51277232170105,1.940204381942749,0
5861.380126350296,3.091418504714966,1.9286359548568726,0
5862.731747661751,2.0961029529571533,1.9697248935699463,0
5864.080461395796,1.906567931175232,2.085120916366577,0
5865.432705398548,2.667306900024414,1.8138405084609985,0
5866.7820404843715,3.2227702140808105,1.5586620569229126,0
5868.134907465294,2.385152578353882,1.4102450609207153,0
5869.484864189151,1.8059988021850586,1.5029945373535156,0
5870.835131468779,1.9864814281463623,1.7877074480056763,0
5872.188933083531,2.429072380065918,1.9033653736114502,0
5873.539822430655,2.5528135299682617,1.7404687404632568,0
5874.894247741169,2.4576358795166016,1.517540454864502,0
5876.245759442374,1.9930285215377808,1.6509873867034912,0
5877.600808735987,2.597787618637085,1.7193241119384766,0
5878.952943077992,2.620176076889038,1.8555161952972412,0
5880.305388476725,2.1961140632629395,1.9457889795303345,0
5881.6613739118275,2.7499303817749023,2.1661720275878906,0
5883.0144423815145,2.7503480911254883,2.1482226848602295,0
5884.371052518464,1.669189453125,2.1486711502075195,0
5885.724744346154,3.252760171890259,2.0285468101501465,0
5887.08197947275,3.702629804611206,1.7829382419586182,0
5888.436294945624,4.29296875,1.162724494934082,0
5889.7941553497985,-0.08533181250095367,0.44692033529281616,8388608
5891.149094755168,2.5261943340301514,0.2503778338432312,8388608
5892.504345862568,1.638622760772705,0.4159713387489319,8388608
5893.8631443503,1.6133230924606323,1.0341951847076416,8388608
5895.219019821241,0.045587148517370224,0.8985952734947205,8388608
5896.578444306792,0.904787540435791,0.44069182872772217,8388608
5897.934944428921,2.5446937084198,0.4656387269496918,8388608
5899.294995200688,2.44753098487854,1.163028597831726,0
5900.6521202617805,2.466623544692993,2.140427589416504,0
5902.009557527709,2.3388168811798096,2.293496608734131,0
5903.370547896257,2.600501775741577,2.1482527256011963,0
5904.728610532891,2.462265968322754,2.3097190856933594,0
5906.090227909057,3.216703176498413,2.1793391704559326,0
5907.448916204503,1.893058180809021,2.077390432357788,0
5908.811160877149,3.0996084213256836,1.9721262454986572,0
5910.170475119649,2.452361583709717,2.2021379470825195,0
5911.530102070604,2.9773683547973633,2.381500482559204,0
5912.893287855697,3.048293113708496,2.3839399814605713,0
5914.253541186144,2.393416166305542,2.339452028274536,0
5915.6173549902815,2.0929625034332275,2.020526885986328,0
5916.978234988793,2.0158698558807373,1.967692494392395,0
5918.342677101303,2.337510824203491,2.2921040058135986,0
5919.704184056584,1.1190929412841797,2.6999661922454834,0
5921.066004224752,1.4328938722610474,2.724590301513672,0
5922.43138896782,1.3406857252120972,2.7925894260406494,0
5923.793836525893,2.1790666580200195,2.670809268951416,0
5925.159850301065,2.2894692420959473,2.426772356033325,0
5926.522925538082,1.9328280687332153,2.290553569793701,0
5927.8895686351525,2.9794626235961914,2.2578907012939453,0
5929.253271840285,2.6032350063323975,2.2865450382232666,0
5930.6172887635485,2.263298988342285,2.3706610202789307,0
5931.984876011736,2.4936604499816895,2.3278281688690186,0
5933.349521336949,1.3037554025650024,2.1672298908233643,0
5934.717738631933,1.4552439451217651,1.9986680746078491,0
5936.0830126486,2.329078197479248,2.2112255096435547,0
5937.451860280644,1.809648036956787,2.546715021133423,0
5938.817763278403,2.0969574451446533,2.9019265174865723,0
5940.183980500352,1.7242717742919922,2.385812997817993,0
5941.553773806525,3.126415967941284,2.3166251182556152,0
5942.920620444101,1.454027533531189,2.6437716484069824,0
5944.2910448134,1.7653400897979736,2.6736929416656494,0
5945.658521156573,2.918665647506714,2.50431227684021,0
5947.02957687973,1.4348551034927368,2.56292462348938,0
5948.397683218606,1.0137529373168945,2.764256238937378,0
5949.766104288548,2.16740345954895,2.851431131362915,0
5951.138107211303,1.7249670028686523,2.8711822032928467,0
5952.507158712183,3.114668607711792,2.512489080429077,0
5953.879793716033,1.7118117809295654,2.286700487136841,0
5955.249475938291,1.2680646181106567,2.3040761947631836,0
5956.622743314438,2.177906036376953,2.634009838104248,0
5957.993056548646,2.0883371829986572,2.9823157787323,0
5959.363685021613,2.038370132446289,3.168095350265503,0
5960.737901125286,2.7142369747161865,3.013654947280884,0
5962.109161046141,3.169731616973877,2.877809524536133,0
5963.484010250522,2.682642698287964,2.8669192790985107,0
5964.855901910172,2.0456252098083496,2.9904885292053223,0
5966.23138450693,2.2539165019989014,3.007858991622925,0
5967.603908196417,2.2348883152008057,2.981313943862915,0
5968.976747633175,1.186405897140503,2.9598946571350098,0
5970.353180487856,1.9225279092788696,2.558471918106079,0
5971.726652391092,3.127713918685913,2.3603312969207764,0
5973.103719367736,1.8249605894088745,2.729581117630005,0
5974.477824028827,1.762677788734436,3.2034974098205566,0
5975.855525419574,2.090700626373291,3.060378313064575,0
5977.230263130031,2.2789313793182373,2.7903575897216797,0
5978.605317097091,2.4079904556274414,2.6111667156219482,0
5979.983970278624,2.143799066543579,2.617253065109253,0
5981.359657732395,3.1093876361846924,2.5792503356933594,0
5982.738946058795,2.513129472732544,2.6356639862060547,0
5984.115267291123,1.8957031965255737,2.741438627243042,0
5985.495191055002,3.28224515914917,2.8864598274230957,0
5986.8721463578695,1.8401508331298828,3.124361038208008,0
5988.249418427496,1.8642973899841309,3.168897867202759,0
5989.630295517494,2.4531662464141846,3.101917266845703,0
5991.00820209571,2.8091180324554443,2.935213804244995,0
5992.38971535513,1.4141758680343628,3.0210633277893066,0
5993.768256734253,1.719236135482788,3.136355400085449,0
5995.150406456177,1.8435416221618652,3.2234110832214355,0
5996.529582928659,2.675539493560791,3.266587257385254,0
5997.912369406305,2.460543394088745,3.16241455078125,0
5999.292181264735,2.150583028793335,3.0746195316314697,0
6000.672310547068,2.139817476272583,2.9784469604492188,0
6002.056052328553,1.8357276916503906,2.798676013946533,0
6003.436817435793,1.7039316892623901,2.530160427093506,0
6004.821196706461,1.327083945274353,2.357954740524292,0
6006.202597931531,2.4681589603424072,2.1715853214263916,0
6007.587614985072,3.1733105182647705,2.5778512954711914,0
6008.969652621033,1.2581772804260254,3.4979491233825684,0
6010.352008192935,2.1799447536468506,3.4975039958953857,0
6011.7379820913175,2.5401203632354736,3.341157913208008,0
6013.120974513777,2.3689889907836914,3.1765220165252686,0
6014.507586929677,2.7778542041778564,3.1168997287750244,0
6015.891216496089,2.9617581367492676,3.034461498260498,0
6017.278467723672,2.50948429107666,3.013498306274414,0
6018.66273472757,2.1048552989959717,3.050978660583496,0
6020.047320180272,1.7001460790634155,3.0281450748443604,0
6021.435529796186,1.199035406112671,3.2213380336761475,0
6022.820753126751,1.5381388664245605,3.3423664569854736,0
6024.209602290176,2.9570577144622803,3.4769134521484375,0
6025.5954637924715,2.340261697769165,2.773582935333252,0
6026.984952798049,3.9180796146392822,2.537693977355957,0
6028.371452766081,1.4000706672668457,2.6678836345672607,0
6029.758271696611,2.5549516677856445,3.3106677532196045,0
6031.148720636495,1.962946891784668,3.604382276535034,0
6032.536178473848,2.5193026065826416,3.6151859760284424,0
6033.927267992901,2.0999107360839844,3.549720048904419,0
6035.315365031421,1.7515708208084106,3.2983717918395996,0
6036.707095424756,2.4270098209381104,3.222625970840454,0
6038.095831958924,2.446037530899048,3.392038345336914,0
6039.484887970107,1.8919507265090942,3.62123441696167,0
6040.877579846221,2.1090352535247803,3.4647293090820312,0
6042.26727579485,2.2191925048828125,3.3422586917877197,0
6043.660609283453,2.4143874645233154,3.13974666595459,0
6045.050945464346,2.229360342025757,3.029949903488159,0
6046.444920861026,0.8257381319999695,3.282268524169922,0
6047.835897569138,2.203655958175659,3.360226631164551,0
6049.227194269615,2.3643507957458496,3.562485933303833,0
6050.622132700046,2.655200719833374,3.5793521404266357,0
6052.014070370253,2.6026852130889893,3.5306437015533447,0
6053.409651448156,2.4497668743133545,3.420138359069824,0
6054.802230383388,2.3711299896240234,3.4675817489624023,0
6056.198454404833,2.0262885093688965,3.66349720954895,0
6057.59167490052,2.0059738159179688,3.7485499382019043,0
6058.985215904751,2.13685941696167,3.725358486175537,0
6060.382404513419,2.060150384902954,3.768984079360962,0
6061.77658752133,1.7636127471923828,3.773271083831787,0
6063.174419814127,2.0804555416107178,3.6947152614593506,0
6064.569245121489,2.960742950439453,3.4166572093963623,0
6065.967721394961,1.9900503158569336,3.2988667488098145,0
6067.363189297681,1.9212967157363892,3.3356189727783203,0
6068.758978225957,2.5093636512756348,3.448413133621216,0
6070.15842064263,1.8232636451721191,3.6490724086761475,0
6071.554852610205,1.3706248998641968,3.830840826034546,0
6072.954939749335,2.5002455711364746,3.6780176162719727,0
6074.352015052455,3.3074543476104736,3.608431577682495,0
6075.752747211066,2.309718132019043,3.880108594894409,0
6077.150466146116,1.7128478288650513,4.198225975036621,0
6078.548506624569,2.2678043842315674,3.902127265930176,0
6079.950206484868,1.5831776857376099,3.8988537788391113,0
6081.348891039908,2.5189709663391113,3.643718957901001,0
6082.751236662669,1.4108201265335083,3.9906134605407715,0
6084.15056559102,1.3980000019073486,4.399517059326172,0
6085.5535572737435,2.0854365825653076,4.400721073150635,0
6086.953530872269,2.26587176322937,4.146761894226074,0
6088.353826532881,2.1173412799835205,3.8107407093048096,0
6089.757787478295,2.036391019821167,3.708834171295166,0
6091.158728254453,2.157076358795166,4.089890956878662,0
6092.563336004008,2.119675874710083,4.650396823883057,0
6093.9649221929185,1.931334137916565,4.776755332946777,0
6095.370177044599,2.218909978866577,4.429028511047363,0
6096.7724089436015,2.267185688018799,4.324301242828369,0
6098.178311195526,1.4703552722930908,4.3572821617126465,0
6099.581189102099,2.338149309158325,4.428011417388916,0
6100.984389738892,2.1330888271331787,4.835718631744385,0
6102.391263264284,1.7264714241027832,4.9259538650512695,0
6103.795110354946,2.5427842140197754,4.363117694854736,0
6105.202632026304,1.8573375940322876,4.093395233154297,0
6106.607125868654,1.0607078075408936,4.086030006408691,0
6108.01529598458,2.148711681365967,4.373527526855469,0
6109.420436876577,1.794638752937317,5.084728717803955,0
6110.825901019391,1.4907373189926147,5.3526997566223145,0
6112.235043975547,2.185671329498291,4.922641277313232,0
6113.641155615025,2.2177162170410156,4.85862398147583,0
6115.050947762675,2.0959720611572266,4.96914005279541,0
6116.457707197117,1.495872139930725,5.60726261138916,0
6117.86814883534,2.4793894290924072,5.272666931152344,0
6119.275556363188,2.175488233566284,5.26055908203125,0
6120.683287663288,2.301119327545166,5.073001861572266,0
6122.0947037110345,1.9942325353622437,5.151607036590576,0
6123.503083552277,1.6440167427062988,5.210159778594971,0
6124.915149838727,1.9176814556121826,5.515559196472168,0
6126.324178519894,2.021500825881958,5.755137920379639,0
6127.736895344614,1.4807112216949463,5.884700298309326,0
6129.146573164627,2.262808084487915,5.49360466003418,0
6130.55657527917,2.7279675006866455,5.167452812194824,0
6131.970268085233,2.2034642696380615,5.372868061065674,0
6133.380919787082,2.062453269958496,5.6060051918029785,0
6134.795263880752,1.3106809854507446,5.896408557891846,0
6136.2065654691705,1.471515417098999,5.321794033050537,0
6137.621561150494,2.0558409690856934,4.91367244720459,0
6139.033512924885,2.017165184020996,4.354287624359131,0
6140.445789516927,1.5971568822860718,4.4901628494262695,0
6141.8617627539525,2.161752223968506,4.840727806091309,0
6143.274689981151,2.500678300857544,4.793851375579834,0
6144.691315556375,2.4940054416656494,4.640745639801025,0
6146.104893718478,2.299386501312256,4.329414367675781,0
6147.522171932433,2.730250358581543,4.149044513702393,0
6148.936401329324,2.2134530544281006,4.403134346008301,0
6150.350956067829,1.6387892961502075,4.963761329650879,0
6151.7692134143845,2.096264362335205,5.240018844604492,0
6153.1844198375875,1.958055853843689,4.982724189758301,0
6154.60333057463,1.76754891872406,4.598358631134033,0
6156.019188982761,1.7834872007369995,4.57958984375,0
6157.4387534113075,2.398862838745117,4.647843837738037,0
6158.855264104735,2.0831809043884277,4.737735748291016,0
6160.272100664588,1.546120285987854,4.789226531982422,0
6161.692645805175,1.5930988788604736,4.28271484375,0
6163.110135100958,1.8202368021011353,4.414593696594238,0
6164.5313346860175,2.0743961334228516,4.769295692443848,0
6165.949477018448,1.2323439121246338,5.27675724029541,0
6167.371331349483,1.7748960256576538,5.285774230957031,0
6168.790127019413,2.335078716278076,4.888787746429443,0
6170.209249081423,1.5481789112091064,4.5558953285217285,0
6171.6320857064875,1.8544888496398926,4.087062835693359,0
6173.051861557358,2.971425771713257,3.9019792079925537,0
6174.475353682581,1.9299395084381104,4.425286769866943,0
6175.895783623513,0.9916136264801025,5.048344135284424,0
6177.319931550884,2.1799094676971436,4.521908760070801,0
6178.741015883216,1.8504408597946167,4.387721538543701,0
6180.162427134132,2.1361567974090576,4.359251499176025,0
6181.587558940072,1.626851201057434,4.693329334259033,0
6183.009625034478,1.8023606538772583,4.530261516571045,0
6184.435413397965,2.1894266605377197,4.229682445526123,0
6185.858134637546,1.7788327932357788,4.127309799194336,0
6187.284579861056,1.053507685661316,4.3672051429748535,0
6188.707956547638,0.9599941372871399,4.712867736816406,0
6190.131660680156,1.5608389377593994,4.730912685394287,0
6191.559091369333,2.657301425933838,4.368991851806641,0
6192.983451401669,2.688800811767578,4.006322383880615,0
6194.411539707489,1.8448998928070068,3.7903895378112793,0
6195.836555941817,2.192902088165283,3.6326308250427246,0
6197.265302167242,1.6252306699752808,4.0315632820129395,0
6198.690974905874,2.5119175910949707,4.7092766761779785,0
6200.1169756186455,1.1984188556671143,5.102992534637451,0
6201.546708899394,1.6894558668136597,4.780698776245117,0
6202.973366570018,1.3808724880218506,4.4843950271606445,0
6204.403758528211,2.3312511444091797,4.057447910308838,0
6205.831073459348,2.7695016860961914,4.140071868896484,0
6207.262124398438,1.8919836282730103,4.501611709594727,0
6208.690096892887,1.6637163162231445,4.6180009841918945,0
6210.121807116466,2.038203239440918,4.746359825134277,0
6211.550437477165,1.8101965188980103,4.908475875854492,0
6212.979396492403,1.864542841911316,4.993751049041748,0
6214.412095818996,2.2572338581085205,4.797794818878174,0
6215.841713154974,1.752859115600586,4.624216079711914,0
6217.275072525467,1.442580223083496,4.34383487701416,0
6218.705348485475,1.5690068006515503,4.221789836883545,0
6220.139368203951,1.8264679908752441,4.173834323883057,0
6221.570303091415,2.6528139114379883,4.11314582824707,0
6223.001567163568,0.8460432887077332,4.394338607788086,0
6224.436577580584,1.930348515510559,4.617556095123291,0
6225.868501035417,2.4992868900299072,4.753056049346924,0
6227.30417256105,2.044484853744507,5.115521430969238,0
6228.736755702341,1.2876508235931396,5.557206630706787,0
6230.173088641165,1.8595107793807983,5.63511848449707,0
6231.60633177283,1.8975743055343628,5.516149997711182,0
6233.039904620194,1.570379376411438,5.020118236541748,0
6234.4772298556545,1.7463544607162476,4.004018306732178,0
6235.911463149349,2.3680763244628906,2.8162007331848145,0
6237.349450559865,2.7952499389648438,2.451709508895874,0
6238.784344604158,1.6823941469192505,2.554781198501587,0
6240.222994494791,2.1199638843536377,3.0978786945343018,0
6241.658549594091,1.4508976936340332,3.747598648071289,0
6243.094434940954,1.6235476732254028,4.15007209777832,0
6244.5340787289,1.8348004817962646,4.629098892211914,0
6245.970625587462,1.7741063833236694,4.982107162475586,0
6247.410932618618,1.3122403621673584,5.155885696411133,0
6248.848141293637,1.559975504875183,5.08976411819458,0
6250.28911187356,2.3954038619995117,5.1101837158203125,0
6251.726982669934,2.0126984119415283,5.630453109741211,0
6253.165184246594,1.416435956954956,6.283076763153076,0
6254.607150327088,1.679198145866394,6.291803359985352,0
6256.046014482533,2.048089027404785,5.242007732391357,0
6257.488644876116,1.4705781936645508,3.54048490524292,0
6258.928171915596,0.8461121916770935,2.7358269691467285,8388608
6260.371466928317,1.458481788635254,2.856295108795166,8388608
6261.811657157222,1.3795783519744873,4.133068084716797,0
6263.252178699995,1.6649868488311768,5.877716541290283,0
6264.696470819131,1.3534034490585327,5.3196916580200195,0
6266.137656009497,2.3268842697143555,4.4956583976745605,0
6267.5826135133275,2.2053163051605225,4.490743160247803,0
6269.024462657027,2.2651052474975586,4.666562557220459,0
6270.470085852094,1.4373228549957275,5.560057640075684,0
6271.912599255011,1.8578261137008667,6.141966342926025,0
6273.35544450624,2.6857662200927734,6.282459735870361,0
6274.802066416156,2.64388370513916,5.912484645843506,0
6276.245576385509,1.825972318649292,5.55142879486084,0
6277.692864753453,1.0701872110366821,5.460022926330566,0
6279.137039747164,1.6575424671173096,5.126823425292969,0
6280.584994880173,2.4010329246520996,4.710006237030029,0
6282.029835204619,1.3349895477294922,5.400694847106934,0
6283.475007912683,1.6059458255767822,5.695453643798828,0
6284.923963371571,2.4437849521636963,5.197153091430664,0
6286.369801870016,2.0240981578826904,4.877971172332764,0
6287.819424861996,2.0448122024536133,4.085529327392578,0
6289.265929457552,1.6850781440734863,4.086727142333984,0
6290.716220290158,1.1341807842254639,5.202629566192627,0
6292.163391289695,1.915675163269043,5.488404273986816,0
6293.61089520902,2.6152167320251465,5.448433876037598,0
6295.062187981131,1.90432870388031,5.767716884613037,0
6296.510358764825,1.485871434211731,5.0594305992126465,0
6297.962320146828,1.5449717044830322,3.7896368503570557,0
6299.411158102115,1.5038950443267822,2.1941258907318115,8388608
6300.863788402039,2.28658390045166,0.9253262877464294,8388608
6302.313293836285,3.3007287979125977,0.650111973285675,8388608
6303.763132727352,2.842546224594116,1.8192986249923706,8388608
6305.216766583012,2.079010009765625,5.128537654876709,8388608
6306.667273414168,1.7534431219100952,4.95497465133667,8388608
6308.121576958257,1.6310311555862427,3.041417360305786,8388608
6309.572752037223,1.9684839248657227,3.52984619140625,8388608
6311.027725578265,1.767231822013855,5.943406105041504,0
6312.479569212902,2.5819597244262695,7.247278690338135,0
6313.931746842259,2.1224379539489746,7.529966831207275,0
6315.3877255578755,2.0062403678894043,6.752806186676025,0
6316.840572204777,1.9491251707077026,6.50373649597168,0
6318.2972216890985,1.5338231325149536,6.393437385559082,0
6319.750737661762,1.9308820962905884,6.439708709716797,0
6321.2080582238095,1.883112907409668,6.17911958694458,0
6322.662243830593,1.7912169694900513,5.9714741706848145,0
6324.120235779532,1.9938840866088867,5.848805904388428,0
6325.575091328935,1.8366749286651611,6.089813709259033,0
6327.030281565945,2.075216054916382,6.379323959350586,0
6328.489280774739,2.577188014984131,5.810098171234131,0
6329.945141417202,1.8773585557937622,4.406203746795654,8388608
6331.40481278624,2.270082473754883,3.9498777389526367,8388608
6332.86134414301,1.4162317514419556,4.1678876876831055,0
6334.321687981956,1.6738923788070679,5.933032989501953,0
6335.778890362031,2.393233299255371,7.719165325164795,0
6337.2364279696,2.376603603363037,6.480498313903809,0
6338.697780693213,2.3979225158691406,6.643508434295654,0
6340.155989787666,1.514752984046936,7.156074523925781,0
6341.618015755786,2.0989573001861572,7.371140480041504,0
6343.0768966464775,1.729335069656372,7.666672706604004,0
6344.5395961692675,1.1463369131088257,7.479822158813477,0
6345.999149165695,1.4786676168441772,7.276404857635498,0
6347.45903793037,1.776029348373413,7.029646873474121,0
6348.922747965262,1.763775110244751,6.248310089111328,0
6350.3833092999985,1.897213339805603,5.905319690704346,0
6351.84769366541,1.6925081014633179,6.5029425621032715,0
6353.308927880062,1.1312698125839233,7.988235950469971,0
6354.773986886655,1.998679518699646,7.352522373199463,0
6356.235894291217,2.007981777191162,5.562227725982666,0
6357.698138005656,0.6054016947746277,4.996471405029297,0
6359.16420915441,2.1200079917907715,4.808802127838135,0
6360.627126523835,1.3027524948120117,7.145114898681641,0
6362.093873090873,1.9013670682907104,6.097114086151123,0
6363.557464425637,2.206768274307251,3.053199052810669,0
6365.024886722123,1.8114564418792725,2.0794577598571777,0
6366.48915233272,2.6212611198425293,2.890471935272217,8388608
6367.953754795697,2.173201560974121,5.069577693939209,8388608
6369.422190867032,1.7277412414550781,6.4337334632873535,0
6370.88746807167,1.918005347251892,6.874330520629883,0
6372.356580650807,1.8171658515930176,7.44641637802124,0
6373.822532907958,1.9821659326553345,7.170152187347412,0
6375.292322306564,2.155954122543335,7.318922519683838,0
6376.758949927224,1.4527993202209473,7.8481879234313965,0
6378.225914943642,0.8262345194816589,8.204516410827637,0
6379.69671975242,1.7658194303512573,6.944129943847656,0
6381.164360598926,1.9624145030975342,4.559031963348389,0
6382.635843006781,0.8105727434158325,5.388473033905029,0
6384.104159994729,1.7476125955581665,7.24165678024292,0
6385.576320313833,1.2636663913726807,6.237758636474609,0
6387.04531375472,2.055006504058838,4.747391700744629,0
6388.514645135619,2.2585294246673584,4.618581295013428,0
6389.987822502855,1.0852134227752686,6.567785263061523,0
6391.457830804024,1.996419906616211,7.497041702270508,0
6392.931686863374,1.8123193979263306,7.708401679992676,0
6394.402372396671,1.8716565370559692,7.752124786376953,0
6395.87690746081,2.0047645568847656,7.494654655456543,0
6397.348270538234,1.7738525867462158,7.111212253570557,0
6398.8199721008,1.772853136062622,6.49045467376709,0
6400.295525853674,1.4590294361114502,6.20161771774292,0
6401.767905428454,1.665654182434082,7.601055145263672,0
6403.244138968241,1.7020069360733032,7.72957181930542,0
6404.717196867592,1.0423774719238281,7.8246917724609375,0
6406.194110507472,1.5752019882202148,7.507273197174072,0
6407.667847043899,1.573309302330017,7.605679512023926,0
6409.1419226114795,1.7464041709899902,7.196115970611572,0
6410.619856583343,1.767972469329834,7.49174165725708,0
6412.094611256839,2.592878818511963,7.508778095245361,0
6413.573226112183,1.9926079511642456,7.736930847167969,0
6415.0486602044575,1.9148164987564087,7.19231653213501,0
6416.527956256964,2.1428635120391846,6.9423112869262695,0
6418.004070081025,1.4427024126052856,7.67951774597168,0
6419.480523483132,1.0477858781814575,7.447248935699463,0
6420.960841513523,1.6703296899795532,6.698582172393799,0
6422.437975117012,1.820600152015686,6.878907680511475,0
6423.918975129217,1.6783804893493652,7.802816390991211,0
6425.3967892474575,1.637033224105835,8.800978660583496,0
6426.878471555666,1.6976468563079834,8.902024269104004,0
6428.35696650217,2.1519899368286133,8.36734676361084,0
6429.835801574493,1.4077712297439575,8.730295181274414,0
6431.3185075091405,1.7752591371536255,8.792272567749023,0
6432.79802388008,2.016162872314453,8.438103675842285,0
6434.281412896648,1.9184657335281372,8.091705322265625,0
6435.761610880079,2.1772985458374023,7.287874221801758,0
6437.245683293265,2.6863420009613037,7.094640254974365,0
6438.726563203205,2.410673141479492,7.824272155761719,0
6440.211319327847,1.5468991994857788,8.513425827026367,0
6441.69288147846,1.2160605192184448,8.637779235839844,0
6443.174784460497,1.7177850008010864,8.347829818725586,0
6444.660566335137,1.825793981552124,8.754619598388672,0
6446.143152029176,2.389270305633545,8.756349563598633,0
6447.6296184028215,2.2073915004730225,8.851913452148438,0
6449.112887123388,1.7713919878005981,8.850227355957031,0
6450.600038311386,1.9346002340316772,8.397244453430176,0
6452.0839903731485,1.6694566011428833,8.202167510986328,0
6453.568283816132,1.410025954246521,8.26806354522705,0
6455.056462408768,1.7276185750961304,7.436675071716309,0
6456.541439665038,1.699871301651001,6.9713006019592285,0
6458.030303860845,1.3429051637649536,6.59726619720459,0
6459.515965245433,1.3212807178497314,6.604334354400635,0
6461.00551536027,1.3397455215454102,7.243180751800537,0
6462.491861188352,2.1225879192352295,6.724538803100586,0
6463.97854894834,1.7496691942214966,6.1042256355285645,0
6465.469128125123,1.2304694652557373,4.827783107757568,8388608
6466.956500801456,2.1806468963623047,4.193447589874268,8388608
6468.447766687359,2.42386794090271,4.388079643249512,0
6469.93582459558,1.4213905334472656,4.865687847137451,0
6471.4277775069695,1.521826148033142,4.839730739593506,0
6472.916520962763,1.3508011102676392,5.181258201599121,0
6474.405606902032,2.156290292739868,6.4010162353515625,0
6475.898590535348,2.0638790130615234,7.749796390533447,0
6477.388362495803,1.5459147691726685,7.109462261199951,0
6478.8820339459735,1.64081609249115,6.183089733123779,0
6480.372492243664,1.4393393993377686,6.6268415451049805,0
6481.866851827563,1.6296322345733643,7.884828090667725,0
6483.3579967786845,1.8310303688049316,8.666878700256348,0
6484.849484765744,2.2248435020446777,8.519814491271973,0
6486.34487673423,1.4605331420898438,9.0042142868042,0
6487.8370518490965,1.7005668878555298,8.074472427368164,0
6489.333132743954,1.7656550407409668,6.7752885818481445,0
6490.825995303188,1.5421158075332642,7.489601135253906,0
6492.322765441804,2.5676558017730713,7.838710784912109,0
6493.816315762113,1.8223098516464233,8.578262329101562,0
6495.31020967171,1.9757264852523804,7.866443157196045,0
6496.808013860255,1.4153082370758057,6.505919456481934,0
6498.302596006069,1.7499672174453735,4.556412696838379,0
6499.801090232293,1.8827602863311768,3.715566635131836,8388608
6501.296360931392,1.5453414916992188,4.28810453414917,8388608
6502.795545513197,2.0142600536346436,5.67047643661499,0
6504.291505082798,1.6406474113464355,6.493100643157959,0
6505.7878087959325,1.7996259927749634,6.303753852844238,0
6507.288029095694,2.099942922592163,6.480030536651611,0
6508.78502215524,1.4896502494812012,7.652687072753906,0
6510.285933605783,1.853735327720642,8.767927169799805,0
6511.7836163293205,1.7687031030654907,8.902077674865723,0
6513.285219249057,2.1533079147338867,7.89799165725708,0
6514.783591954317,2.0272607803344727,7.617866516113281,0
6516.282309358247,2.3986470699310303,7.6546406745910645,0
6517.78494966666,1.3901034593582153,8.259324073791504,0
6519.284357528989,2.0138697624206543,6.980307102203369,0
6520.7876901030795,2.138484001159668,6.447886943817139,0
6522.2877887419,2.0842363834381104,6.45211935043335,0
6523.791813900594,1.5538265705108643,6.900505542755127,0
6525.292603634146,1.7460968494415283,6.596963405609131,0
6526.793738622404,1.2614694833755493,6.373445987701416,0
6528.298802843189,1.700371265411377,6.090064525604248,0
6529.800629403624,2.3477530479431152,6.276402473449707,0
6531.306387006782,1.6963251829147339,6.575756072998047,0
6532.808905458001,1.8460004329681396,5.647765159606934,0
6534.315356762974,1.8406963348388672,4.586995601654053,8388608
6535.818567423731,1.632826328277588,4.912515640258789,8388608
6537.322123896126,2.2570888996124268,6.140931129455566,0
6538.829615939302,2.3825151920318604,7.238447189331055,0
6540.333865099451,1.9601774215698242,7.527732849121094,0
6541.842051643496,1.7879550457000732,7.217635631561279,0
6543.34699381052,1.775222659111023,6.328498363494873,0
6544.855875175392,2.012911319732666,5.699695110321045,0
6546.361510668558,1.7952337265014648,5.521639347076416,0
6547.867492531191,2.405104875564575,5.710783004760742,0
6549.377416313084,1.5536561012268066,6.897701740264893,0
6550.884091980847,1.8615001440048218,7.825893402099609,0
6552.394711383909,1.4087027311325073,6.620250225067139,0
6553.9020811764385,2.1733779907226562,4.286210536956787,0
6555.413396521145,2.4636428356170654,3.3072540760040283,0
6556.921460758223,2.558964252471924,4.044877052307129,0
6558.433472365191,2.5948538780212402,6.4751667976379395,0
6559.942231366748,1.6078124046325684,7.867053508758545,0
6561.45133745633,1.8991702795028687,8.074224472045898,0
6562.964393642861,2.3804781436920166,7.526022434234619,0
6564.474194976903,2.2378549575805664,7.330218315124512,0
6565.987948227702,1.9876724481582642,7.486810207366943,0
6567.498445126504,1.777504324913025,7.309390068054199,0
6569.012895762707,1.7159032821655273,6.187860012054443,0
6570.524088546713,1.7581696510314941,5.894367218017578,0
6572.035628978634,1.8110748529434204,6.6673994064331055,0
6573.551125879412,2.097930431365967,6.883217811584473,0
6575.063362677293,2.6864676475524902,6.102388858795166,0
6576.579557766776,2.4241702556610107,5.575486660003662,0
6578.092491251433,2.0932672023773193,4.553211688995361,0
6579.609384851274,1.8377304077148438,4.159639835357666,0
6581.12301534367,1.3525516986846924,5.765915393829346,0
6582.636994044771,2.4778225421905518,7.579318523406982,0
6584.154935596919,2.327439069747925,8.2000093460083,0
6585.669611787292,1.3616348505020142,7.821079254150391,0
6587.188252654393,1.831471562385559,6.61611795425415,0
6588.703626655367,1.7167326211929321,7.166820049285889,0
6590.222967159596,1.5823628902435303,7.823480129241943,0
6591.7390392926545,1.8502659797668457,7.461790561676025,0
6593.255460196115,2.881274938583374,6.869058609008789,0
6594.775850343105,1.8769919872283936,7.120579719543457,0
6596.292969860957,1.5576318502426147,7.020624160766602,0
6597.814060450967,2.395878791809082,6.784958362579346,0
6599.331878905061,1.8870481252670288,7.353897571563721,0
6600.853670260784,1.443320631980896,8.521345138549805,0
6602.372187973121,2.027733564376831,8.231269836425781,0
6603.891055018462,2.2277472019195557,6.421228885650635,0
6605.4138977101275,1.8559049367904663,4.957857131958008,0
6606.933464496796,1.7755194902420044,5.007950305938721,0
6608.457008761368,2.053276538848877,6.554898262023926,0
6609.9772756117345,1.8965057134628296,8.269021034240723,0
6611.501521772428,1.5760573148727417,9.076302528381348,0
6613.022489009011,1.404373288154602,9.600223541259766,0
6614.543806142109,2.152726411819458,9.178657531738281,0
6616.069105334656,1.8302332162857056,9.217108726501465,0
6617.591123337836,1.6843599081039429,8.613204002380371,0
6619.117125234998,1.591559886932373,8.38239574432373,0
6620.63984443115,1.820407748222351,8.178862571716309,0
6622.1665493566625,1.0313116312026978,8.867496490478516,0
6623.689970068827,1.0723687410354614,9.34048080444336,0
6625.213741241924,1.7138534784317017,8.937078475952148,0
6626.741500897939,2.4111571311950684,7.979093551635742,0
6628.265974071693,2.135932445526123,7.369544982910156,0
6629.794437565857,1.7365670204162598,8.009500503540039,0
6631.31961306368,1.2017130851745605,9.240326881408691,0
6632.848780720251,1.726354956626892,9.045428276062012,0
6634.374658865702,2.2610647678375244,7.567644119262695,0
6635.900888037416,2.2256360054016113,6.860413074493408,0
6637.431112125878,2.460963726043701,7.805682182312012,0
6638.9580444306475,1.3736207485198975,9.665021896362305,0
6640.488973492621,1.533767580986023,9.854181289672852,0
6642.01660925438,1.9845808744430542,6.816370964050293,0
6643.548243614647,1.8716808557510376,6.820211887359619,0
6645.076583157476,2.1308388710021973,8.17082691192627,0
6646.605274292809,0.5114051699638367,10.276031494140625,0
6648.1379667891,1.158461570739746,9.753262519836426,0
6649.667362191713,1.8119959831237793,9.384541511535645,0
6651.200760798711,1.8717021942138672,9.051461219787598,0
6652.730860793062,1.703349232673645,7.765175819396973,0
6654.26496583607,1.3458675146102905,7.6473708152771,0
6655.795770746762,2.027271270751953,7.574193954467773,0
6657.326927817114,1.2931842803955078,8.82736587524414,0
6658.862092703026,1.8995856046676636,8.773111343383789,0
6660.393955176714,1.7674089670181274,8.641532897949219,0
6661.929827312362,1.8152567148208618,8.357434272766113,0
6663.462395514365,2.1923227310180664,8.100263595581055,0
6664.998975225578,1.9132325649261475,8.046884536743164,0
6666.532249481024,1.662178874015808,8.404025077819824,0
6668.065876464199,2.0338728427886963,8.711213111877441,0
6669.603517727952,2.048251152038574,8.883862495422363,0
6671.137851252351,1.8545113801956177,9.307194709777832,0
6672.676200906704,2.173861026763916,9.896444320678711,0
6674.2112412978295,2.078517198562622,10.291387557983398,0
6675.75029966914,1.5445917844772339,10.248973846435547,0
6677.286047252646,1.3776350021362305,10.142775535583496,0
6678.825814667418,2.154761791229248,9.652726173400879,0
6680.362269769109,2.3010897636413574,10.128131866455078,0
6681.899078330276,1.8108810186386108,10.738845825195312,0
6683.439909499826,2.191042423248291,10.112163543701172,0
6684.977426067969,2.6311144828796387,8.696820259094238,0
6686.518967097708,1.7168809175491333,9.948837280273438,0
6688.057191999004,2.0454323291778564,10.779118537902832,0
6689.599443215966,2.080379009246826,10.807212829589844,0
6691.138376776746,1.4056901931762695,10.340550422668457,0
6692.677664367168,2.190765142440796,9.580406188964844,0
6694.220981054852,1.6865484714508057,9.683582305908203,0
6695.760977794338,1.9536209106445312,9.19186782836914,0
6697.305005487288,2.2498061656951904,9.212912559509277,0
6698.845711702543,1.7768853902816772,9.611984252929688,0
6700.39045072832,2.128049373626709,9.920578956604004,0
6701.931866746196,2.0488154888153076,9.811869621276855,0
6703.473637364802,1.6752936840057373,8.924352645874023,0
6705.019443580015,1.946449637413025,8.289753913879395,0
6706.561924491614,2.1158106327056885,9.08053970336914,0
6708.1084428590175,1.802406668663025,10.111711502075195,0
6709.6516343908415,1.9382123947143555,10.075592041015625,0
6711.1988652385235,2.2261745929718018,9.706053733825684,0
6712.742767717955,1.7999786138534546,9.994929313659668,0
6714.287025370122,1.5841742753982544,10.445993423461914,0
6715.835325128726,1.4235179424285889,9.886409759521484,0
6717.380294219663,1.8975869417190552,8.839713096618652,0
6718.929307279231,2.514509916305542,9.21625804901123,0
6720.474988136694,2.3186261653900146,9.837894439697266,0
6722.024714825846,2.0847551822662354,7.919865131378174,0
6723.571107777748,2.013503074645996,5.653999328613281,0
6725.117856475315,2.477013111114502,7.322988033294678,0
6726.668653799651,1.784664273262024,9.103047370910645,0
6728.216115083611,2.2102370262145996,9.608687400817871,0
6729.767626859539,2.0497539043426514,10.008148193359375,0
6731.315801058178,1.6706823110580444,9.935944557189941,0
6732.868027614846,2.0789759159088135,10.230430603027344,0
6734.416915056605,2.057171583175659,10.02127456665039,0
6735.966158817885,1.3891515731811523,9.986690521240234,0
6737.51945773678,1.082642674446106,9.924758911132812,0
6739.0694152339265,2.054396867752075,9.718157768249512,0
6740.623429756898,1.912896990776062,9.410751342773438,0
6742.174101318728,1.821553349494934,9.038217544555664,0
6743.728831775454,2.0698320865631104,8.166501998901367,0
6745.280217730937,2.166654109954834,8.837712287902832,0
6746.831960580721,2.2005043029785156,9.995979309082031,0
6748.387765129504,2.051384687423706,10.302312850952148,0
6749.940222866484,1.9532923698425293,10.416223526000977,0
6751.496744173685,1.744457483291626,10.411957740783691,0
6753.049917127209,1.5380486249923706,11.298008918762207,0
6754.607155523038,1.6655446290969849,10.973811149597168,0
6756.161044022604,1.8979392051696777,9.985187530517578,0
6757.7152899921775,2.3865137100219727,9.072346687316895,0
6759.273604212686,1.8160653114318848,9.209575653076172,0
6760.828566222641,2.503082513809204,9.478569030761719,0
6762.387598357772,1.7279471158981323,10.429841041564941,0
6763.943276737987,1.4105943441390991,10.670552253723145,0
6765.503027118484,1.3590666055679321,10.284395217895508,0
6767.059422198991,2.333498001098633,9.957513809204102,0
6768.616175326142,2.345881938934326,9.849555015563965,0
6770.177003266733,1.9377564191818237,10.048572540283203,0
6771.734473589311,1.960395336151123,9.403488159179688,0
6773.296020602594,2.2283897399902344,9.068735122680664,0
6774.854208451011,1.8934941291809082,10.064836502075195,0
6776.416474868262,1.9631866216659546,9.950642585754395,0
6777.975380573083,1.902209997177124,9.090633392333984,0
6779.534644902113,1.9593371152877808,8.674585342407227,0
6781.097990617673,1.681833267211914,8.861237525939941,0
6782.657973299039,1.7140895128250122,9.288140296936035,0
6784.222039247229,1.8608295917510986,9.914274215698242,0
6785.782740611877,1.2161593437194824,10.78244400024414,0
6787.347527124508,1.751170039176941,9.978833198547363,0
6788.908947503534,2.1131951808929443,9.313740730285645,0
6790.470727085268,1.7744194269180298,9.561083793640137,0
6792.036594637226,2.1401681900024414,9.718902587890625,0
6793.599093730072,1.7563557624816895,9.479475975036621,0
6795.165682676467,1.5900267362594604,9.335785865783691,0
6796.728901611906,2.2772951126098633,8.847786903381348,0
6798.296212285087,2.0535330772399902,9.18892765045166,0
6799.860151394747,2.110776901245117,7.408262729644775,0
6801.428184127211,0.9326494932174683,7.7206621170043945,0
6802.992843742878,1.8388278484344482,10.403787612915039,0
6804.557863306433,1.7232327461242676,10.005510330200195,0
6806.126979320889,1.757802128791809,8.871038436889648,0
6807.692719888216,2.2007768154144287,8.924907684326172,0
6809.262558793676,2.0749261379241943,9.65024185180664,0
6810.829020696939,1.6084353923797607,10.66196060180664,0
6812.399582826439,1.8200863599777222,10.064581871032715,0
6813.966766397958,1.0532344579696655,10.661750793457031,0
6815.534310497998,2.0889079570770264,10.566347122192383,0
6817.105957656934,2.257164239883423,10.577577590942383,0
6818.674223923798,1.8963901996612549,10.295798301696777,0
6820.246595139835,2.08914852142334,9.455694198608398,0
6821.815583906225,2.1697299480438232,9.77914047241211,0
6823.388679512936,1.966903567314148,10.093424797058105,0
6824.958391111706,1.3465006351470947,9.833902359008789,0
6826.528463820568,2.2173869609832764,7.216761589050293,0
6828.102646206977,1.8788005113601685,4.4263200759887695,8388608
6829.673442247591,1.6712830066680908,3.1826894283294678,8388608
6831.24834985908,2.2100741863250732,3.230010747909546,8388608
6832.819869564685,1.468620777130127,3.934199810028076,8388608
6834.395502735364,1.8744579553604126,3.605909824371338,8388608
6835.967746439353,2.3093717098236084,2.866109848022461,8388608
6837.540351835939,1.3248765468597412,3.7979795932769775,8388608
6839.1170735394035,1.6758246421813965,6.453786373138428,0
6840.690403434551,1.9216591119766235,7.701555252075195,0
6842.267851532956,1.270080327987671,6.256675720214844,0
6843.841906260441,1.788412094116211,5.637172222137451,0
6845.420081088438,1.7617576122283936,6.3335862159729,0
6846.994860982189,1.738816738128662,7.137851715087891,0
6848.570003151984,2.3787026405334473,7.314269065856934,0
6850.149268268681,1.8220436573028564,8.176430702209473,0
6851.725136105728,1.4342836141586304,9.103854179382324,0
6853.305128789117,1.741637110710144,8.514762878417969,0
6854.881722627729,1.779996395111084,8.191283226013184,0
6856.462443212997,2.1676595211029053,8.55057144165039,0
6858.039763387643,1.4047226905822754,9.55001163482666,0
6859.617446422722,2.3245139122009277,9.184648513793945,0
6861.199259055439,2.096189498901367,7.9363837242126465,0
6862.777668928345,1.1785163879394531,4.225161552429199,0
6864.360210301391,2.4106955528259277,2.047872304916382,8388608
6865.939347346976,3.1932215690612793,1.8442004919052124,8388608
6867.522617796083,2.1223831176757812,2.849581003189087,8388608
6869.102482349357,1.5929286479949951,4.905360221862793,0
6870.682710348396,1.8184038400650024,4.738738059997559,0
6872.267074606534,0.9619905352592468,3.7021257877349854,0
6873.848030615863,2.1724817752838135,3.5084164142608643,0
6875.4331247898635,1.7223498821258545,5.384687900543213,0
6877.0148091448755,2.26745867729187,7.333879470825195,0
6878.600633571011,2.1304450035095215,7.6937031745910645,0
6880.183046607256,2.1135666370391846,6.497040271759033,0
6881.765823675541,1.4939515590667725,6.16706657409668,0
6883.352743675133,1.5584187507629395,6.294593334197998,0
6884.936249928062,2.055126667022705,6.737966060638428,0
6886.523901020947,1.863530158996582,7.310168743133545,0
6888.108136794456,1.8711868524551392,6.03367805480957,0
6889.6965193174465,1.1496318578720093,4.396498203277588,0
6891.281484947626,1.5991253852844238,4.065617084503174,0
6892.866815197066,1.8202487230300903,5.321572303771973,0
6894.456295060785,2.003045082092285,5.986462593078613,0
6896.042355671119,2.295182943344116,5.623747825622559,0
6897.632567807459,1.769073724746704,6.133573532104492,0
6899.219359115164,1.919926404953003,6.760660171508789,0
6900.810303861481,1.2451257705688477,5.615014553070068,0
6902.397826203189,1.3514113426208496,4.6728196144104,0
6903.985713752326,2.0392825603485107,5.98751974105835,0
6905.577757609495,1.5405864715576172,8.525430679321289,0
6907.166376697673,1.6490663290023804,5.945768356323242,0
6908.759154008692,0.8202785849571228,5.732816219329834,0
6910.348504972931,2.1880686283111572,8.311687469482422,0
6911.942016075702,2.308122158050537,6.23246431350708,0
6913.532099253177,1.077028751373291,4.093019485473633,0
6915.122548227197,1.777754306793213,4.046939373016357,0
6916.717160213799,1.862142562866211,6.636862277984619,0
6918.308341906907,1.6861250400543213,9.51721477508545,0
6919.903688530494,1.4689788818359375,9.651241302490234,0
6921.495603280255,2.2661352157592773,8.136192321777344,0
6923.091684879276,1.8663545846939087,4.318392276763916,8388608
6924.684333023406,1.3006881475448608,2.9175264835357666,8388608
6926.2811499364625,2.120090961456299,3.7025978565216064,8388608
6927.8745318128385,1.5237529277801514,7.6511640548706055,0
6929.4682802446205,1.6521660089492798,9.916424751281738,0
6931.066200325341,2.0719964504241943,9.416017532348633,0
6932.66068299627,1.800374984741211,9.806730270385742,0
6934.259339238014,1.6899290084838867,10.86275863647461,0
6935.854556486353,1.5730926990509033,10.659311294555664,0
6937.45394922827,1.8061940670013428,9.580638885498047,0
6939.04990139244,1.5938152074813843,7.223618507385254,0
6940.646220703308,1.2090359926223755,5.165122985839844,8388608
6942.24671839241,1.4337165355682373,5.193698406219482,8388608
6943.843773126828,2.1037893295288086,7.650859832763672,0
6945.445008164456,2.090282440185547,8.683052062988281,0
6947.042798661233,1.1472746133804321,7.874357223510742,0
6948.644771387084,0.7471895217895508,4.915054798126221,8388608
6950.243297985186,1.174528956413269,3.1086301803588867,8388608
6951.8421923222295,2.0458359718322754,3.418729782104492,8388608
6953.4452717776585,1.980792760848999,6.004288673400879,0
6955.044902724566,1.587759017944336,8.880622863769531,0
6956.648720717941,2.0261988639831543,9.39082145690918,0
6958.249088614067,2.341592311859131,8.225159645080566,0
6959.85364548563,1.5560088157653809,7.672750949859619,0
6961.454750670488,1.46575927734375,8.015310287475586,0
6963.056224187489,2.1236257553100586,8.50571060180664,0
6964.661889573898,1.7602734565734863,8.979436874389648,0
6966.26410088899,1.8669731616973877,8.323322296142578,0
6967.870506004681,1.7994208335876465,7.981853485107422,0
6969.473455457766,1.0231831073760986,7.695533752441406,0
6971.080600643533,1.420925259590149,6.252467632293701,0
6972.684288574671,1.4538270235061646,6.807258605957031,0
6974.28834543211,2.076932668685913,8.445550918579102,0
6975.896600920871,2.0171315670013428,9.120503425598145,0
6977.501396766543,1.3007488250732422,7.347499370574951,8388608
6979.110393177845,1.7729605436325073,4.391308784484863,8388608
6980.715928352202,1.2944400310516357,3.5445566177368164,8388608
6982.325666027389,1.3849433660507202,5.212388038635254,0
6983.931940871041,1.4583377838134766,7.841656684875488,0
6985.538585236109,2.1695773601531982,7.530184745788574,0
6987.149435005321,2.3341786861419678,7.183743000030518,0
6988.7568195506865,2.0754687786102295,7.328508377075195,0
6990.368411437623,2.078070878982544,8.305229187011719,0
6991.976536504287,1.4800125360488892,9.739988327026367,0
6993.588870850842,1.3236894607543945,10.516704559326172,0
6995.197736779962,2.1187970638275146,10.197355270385742,0
6996.806972826574,1.2009196281433105,9.985150337219238,0
6998.420421061077,1.5269041061401367,10.03331470489502,0
7000.030398481973,1.8376785516738892,10.180357933044434,0
7001.644590031312,1.8717366456985474,9.624255180358887,0
7003.255309168042,1.652719497680664,7.881857395172119,0
7004.870244374663,1.371235728263855,6.16922664642334,0
7006.481705568936,1.6910922527313232,6.927381992340088,0
7008.09353747774,1.897200107574463,8.964812278747559,0
7009.709588369123,1.2549866437911987,8.766586303710938,0
7011.322162848122,1.2643722295761108,6.409366130828857,0
7012.938958253385,1.761168360710144,5.364944934844971,0
7014.552275644683,2.0288515090942383,6.415823459625244,0
7016.169815906822,1.5475242137908936,9.714896202087402,0
7017.783876552677,2.0888988971710205,10.700489044189453,0
7019.398308511062,1.679628610610962,11.142508506774902,0
7021.016966257678,2.069981098175049,10.28843879699707,0
7022.632141984101,1.8644379377365112,9.935590744018555,0
7024.251545445572,1.7055736780166626,10.178462028503418,0
7025.867465282688,1.3704057931900024,10.743725776672363,0
7027.487614802566,1.5585823059082031,10.04342269897461,0
7029.104279093184,1.9802632331848145,9.034513473510742,0
7030.721315295297,2.0820443630218506,8.521809577941895,0
7032.342584102268,2.1658849716186523,8.79430866241455,0
7033.9603652721935,1.725599765777588,9.847777366638184,0
7035.582380996935,1.5278688669204712,10.344354629516602,0
7037.200907477878,1.5755431652069092,10.305264472961426,0
7038.823670464495,1.8733731508255005,9.984879493713379,0
7040.4429425998205,2.3697988986968994,9.379874229431152,0
7042.066453192577,2.0634260177612305,8.854118347167969,0
7043.686471325807,1.8096987009048462,8.555036544799805,0
7045.306862142081,1.3277227878570557,8.796555519104004,0
7046.93149434394,1.5219241380691528,7.569391250610352,0
7048.552631673494,2.3037636280059814,5.246868133544922,0
7050.17801234264,2.044330358505249,5.0244221687316895,0
7051.799896529393,1.6468517780303955,6.9591755867004395,0
7053.426026010641,1.2515926361083984,8.39547348022461,0
7055.04865739867,1.9873652458190918,7.6049652099609375,0
7056.671662070918,1.4248491525650024,7.63736629486084,0
7058.298914970541,1.4657481908798218,9.195300102233887,0
7059.922667360272,1.7816182374954224,10.549911499023438,0
7061.550669934533,1.4221036434173584,10.424914360046387,0
7063.17517038622,1.9700819253921509,8.632864952087402,0
7064.803922980496,2.013110637664795,8.551976203918457,0
7066.429171838771,1.3361480236053467,9.697477340698242,0
7068.05479458341,1.6558456420898438,9.670998573303223,0
7069.684672408249,1.542465329170227,9.562398910522461,0
7071.311044076516,1.9671708345413208,9.303461074829102,0
7072.941672785296,2.0088157653808594,9.522255897521973,0
7074.568793722218,1.3528614044189453,9.399354934692383,0
7076.200173660872,2.2693538665771484,9.26042652130127,0
7077.828044211639,1.8196053504943848,9.588433265686035,0
7079.456289251887,1.4215008020401,9.633009910583496,0
7081.088796236215,1.975095510482788,8.913386344909668,0
7082.717791408181,2.0567140579223633,8.338595390319824,0
7084.351050487703,1.4473754167556763,9.07492446899414,0
7085.9807961369725,1.572814702987671,9.704208374023438,0
7087.614807658178,0.9602524042129517,10.038938522338867,0
7089.245304130496,2.762516975402832,7.857614994049072,0
7090.876175696384,1.2655936479568481,8.137145042419434,0
7092.511316081303,1.6708784103393555,9.164263725280762,0
7094.14293898895,1.726732850074768,8.775261878967285,0
7095.778832682269,2.4780261516571045,7.832429885864258,0
7097.411207277815,2.314146041870117,8.555645942687988,0
7099.047854626583,2.13087797164917,10.330358505249023,0
7100.6809812563315,1.8700251579284668,11.030021667480469,0
7102.314483584715,1.4943280220031738,11.168596267700195,0
7103.95226161817,1.5112054347991943,10.572166442871094,0
7105.5865165003015,1.838945746421814,11.10355281829834,0
7107.225049057321,0.9481796026229858,12.474489212036133,0
7108.8600568399015,1.4907734394073486,11.139435768127441,0
7110.4993442680925,1.9403942823410034,10.072748184204102,0
7112.1351052979835,1.5076448917388916,10.129071235656738,0
7113.771242632551,2.056668996810913,10.278008460998535,0
7115.411662569339,1.4274181127548218,11.144261360168457,0
7117.0485536716,1.7682794332504272,10.038786888122559,0
7118.689729349075,1.996311902999878,9.388653755187988,0
7120.32737456629,1.5104639530181885,10.364818572998047,0
7121.969306332622,1.8435393571853638,11.202733993530273,0
7123.6077060122125,2.3408334255218506,11.084214210510254,0
7125.246482603497,1.8057610988616943,11.327723503112793,0
7126.889548705278,1.687385082244873,11.29852294921875,0
7128.52908028016,2.1016321182250977,10.576133728027344,0
7130.172903341715,1.7153849601745605,9.3368558883667,0
7131.813190248017,1.4717203378677368,9.298938751220703,0
7133.457770618077,1.5802096128463745,9.653557777404785,0
7135.098813203779,1.4549334049224854,9.841326713562012,0
7136.740233309172,1.5289348363876343,10.249971389770508,0
7138.385949844479,1.9237948656082153,10.40383529663086,0
7140.028126151336,2.0074775218963623,10.623888969421387,0
7141.674600867472,1.2091938257217407,10.723873138427734,0
7143.317533724175,1.4965360164642334,9.401026725769043,0
7144.964766970431,2.492403745651245,7.6326751708984375,0
7146.608456725522,1.989475965499878,7.669046878814697,0
7148.252524609282,1.5610944032669067,8.86872673034668,0
7149.900895853537,1.6416212320327759,9.741738319396973,0
7151.545721158591,2.129215717315674,9.724550247192383,0
7153.1948518066965,2.2085988521575928,10.463300704956055,0
7154.840434881989,2.0263442993164062,10.866155624389648,0
7156.490325283802,1.9134750366210938,10.49989128112793,0
7158.136666478437,1.4247878789901733,9.08521842956543,0
7159.7833864117,1.770809292793274,7.9655327796936035,0
7161.434416647219,1.9756561517715454,8.665620803833008,0
7163.081895223575,1.5764154195785522,9.286625862121582,0
7164.733686087941,1.8192691802978516,8.579888343811035,0
7166.381923656896,2.048264265060425,7.786649227142334,0
7168.03447550053,2.0908398628234863,8.567748069763184,0
7169.683472411752,1.9646369218826294,9.584179878234863,0
7171.336785585237,1.8218333721160889,9.352579116821289,0
7172.986542188553,1.9820553064346313,8.367842674255371,0
7174.636678316209,1.74425208568573,8.32275390625,0
7176.291133688035,1.8472397327423096,8.08776569366455,0
7177.942030032623,2.1945981979370117,7.473964214324951,0
7179.597247611255,1.757187008857727,7.648685932159424,0
7181.248904523005,1.5140299797058105,8.676827430725098,0
7182.904884659591,1.69175124168396,9.686302185058594,0
7184.557302488897,1.9540647268295288,9.46784496307373,0
7186.210100454754,1.74174165725708,9.42899227142334,0
7187.867224632165,1.5144587755203247,9.673638343811035,0
7189.52078404126,1.3375533819198608,10.135902404785156,0
7191.178671654994,1.6505775451660156,9.98672103881836,0
7192.832992858126,1.9313039779663086,8.809730529785156,0
7194.491644259897,2.4263575077056885,7.977480888366699,0
7196.146727608023,2.0007388591766357,8.630393028259277,0
7197.802191705898,1.8256293535232544,9.099066734313965,0
7199.461988993948,1.460666537284851,8.333255767822266,0
7201.118215763348,2.0771045684814453,7.339990139007568,0
7202.778777719222,2.0278165340423584,7.949263095855713,0
7204.43576751151,1.4425870180130005,9.088732719421387,0
7206.097094487489,1.4097065925598145,8.903725624084473,0
7207.754847654189,1.4523800611495972,8.151455879211426,0
7209.412982184826,1.8923829793930054,7.7979207038879395,0
7211.075456895516,1.3399786949157715,8.933937072753906,0
7212.734355327945,1.5310120582580566,10.394418716430664,0
7214.397595939947,1.877259612083435,11.93740463256836,0
7216.057258626098,2.139749765396118,11.121437072753906,0
7217.7212654922605,1.745303750038147,10.692405700683594,0
7219.381692784224,2.1344974040985107,10.311226844787598,0
7221.042502055304,2.324425220489502,9.980720520019531,0
7222.707658507591,1.4967645406723022,9.741317749023438,0
7224.369232912714,1.1083940267562866,9.626301765441895,0
7226.03515650179,1.7661172151565552,9.261167526245117,0
7227.697496393454,1.2858995199203491,9.401379585266113,0
7229.364187472737,1.5857694149017334,8.661859512329102,0
7231.027293203601,1.6885488033294678,6.448531627655029,0
7232.690781529754,2.551549196243286,5.941309452056885,0
7234.358624049561,2.024264335632324,7.832993507385254,0
7236.022878743996,1.6491718292236328,7.457308769226074,0
7237.691489638061,1.3840456008911133,5.723864555358887,8388608
7239.356511053846,0.988220751285553,1.9964921474456787,8388608
7241.025890676158,0.7517933249473572,1.1295528411865234,8388608
7242.69167916652,2.574305295944214,1.2663153409957886,8388608
7244.357850869334,1.40908682346344,1.3779231309890747,8388608
7246.028383789562,0.5869321823120117,1.22165048122406,8388608
7247.69532309689,2.198392152786255,1.3346318006515503,8388608
7249.3666256308425,1.3042923212051392,2.9489879608154297,8388608
7251.034332896319,1.9176918268203735,5.487358093261719,0
7252.706405398557,2.021103620529175,4.755660057067871,0
7254.37488097598,2.196413993835449,3.416759967803955,0
7256.043740384017,1.9006164073944092,3.7361061573028564,0
7257.716968044558,2.0890004634857178,4.93887996673584,0
7259.386596295333,1.9974240064620972,5.763308048248291,0
7261.060594811063,2.2652223110198975,6.501924514770508,0
7262.730992258782,1.2193104028701782,7.623536586761475,0
7264.405761984835,1.531790852546692,7.847912788391113,0
7266.076928983866,1.4373632669448853,6.889108657836914,0
7267.74848043267,1.2949734926223755,6.350039482116699,0
7269.424407180413,2.2332749366760254,6.018301010131836,0
7271.096728712177,1.6677865982055664,5.908748149871826,0
7272.773427558579,2.161421060562134,4.854866981506348,0
7274.446519528079,2.033078670501709,3.482144355773926,8388608
7276.123990828844,1.8240147829055786,1.056565523147583,8388608
7277.7978535910215,2.9832615852355957,0.6201853156089783,8388608
7279.472101423128,1.613094449043274,0.8575371503829956,8388608
7281.150731611979,1.7722930908203125,3.5264551639556885,8388608
7282.825750769267,1.1670970916748047,6.053463459014893,8388608
7284.505154302251,0.09884398430585861,3.1440300941467285,8388608
7286.180945140071,1.3220667839050293,2.298083543777466,8388608
7287.861122373466,2.6177637577056885,2.939373731613159,8388608
7289.537685247331,1.4356595277786255,5.8098907470703125,0
7291.214633812281,1.6894415616989136,6.8815813064575195,0
7292.8959718031665,2.152736186981201,6.697909832000732,0
7294.573692937525,1.0267791748046875,7.374666213989258,0
7296.255805520026,1.5324690341949463,5.124700546264648,0
7297.934299579717,1.273559331893921,3.7688329219818115,0
7299.617187110686,1.214491605758667,4.462588310241699,0
7301.2964544517945,1.7749782800674438,6.941256046295166,0
7302.980117288253,1.2260804176330566,3.991030216217041,0
7304.660158267028,2.3321762084960938,1.892865538597107,8388608
7306.3405857370235,2.1660866737365723,2.613192319869995,8388608
7308.025411739015,1.594066858291626,4.903482437133789,0
7309.7066133811495,2.5394744873046875,6.990232467651367,0
7311.392215581681,2.156118154525757,6.051655292510986,0
7313.074191752615,2.2028746604919434,5.802386283874512,0
7314.760570509281,1.0890978574752808,4.778493404388428,8388608
7316.443321565839,0.7954908013343811,1.5975196361541748,8388608
7318.126459737067,2.542818069458008,0.7044296860694885,8388608
7319.814003535572,2.1445834636688232,1.389952301979065,8388608
7321.497917127757,0.6494371294975281,5.251668453216553,0
7323.18623837689,1.7056262493133545,7.417367458343506,0
7324.870927747269,1.9669198989868164,7.949602127075195,0
7326.5600268052,1.505367636680603,6.579529285430908,0
7328.245492311174,0.7248215675354004,4.540494441986084,8388608
7329.9313455562715,1.38699471950531,2.4683260917663574,8388608
7331.621611535374,2.1342508792877197,2.0814430713653564,8388608
7333.308241452262,1.3954211473464966,3.7311666011810303,0
7334.999286136099,1.6998131275177002,7.289717197418213,0
7336.686693082591,1.409879207611084,7.803889274597168,0
7338.378516829913,1.3505141735076904,5.17746114730835,0
7340.066701163984,1.4060386419296265,1.9170819520950317,8388608
7341.755273862644,2.0314297676086426,0.7274057269096375,8388608
7343.4482664134985,2.735269784927368,0.8565511703491211,8388608
7345.137617036799,2.1794447898864746,2.1928346157073975,8388608
7346.83138954852,1.6088613271713257,5.383098602294922,0
7348.521518454852,1.129366397857666,6.256460189819336,0
7350.216071286766,2.1242430210113525,5.993021011352539,0
7351.906978834684,2.2643544673919678,6.0096940994262695,0
7353.598275373662,1.9939441680908203,7.454878807067871,0
7355.293998894508,1.3904173374176025,7.047182559967041,0
7356.986074613,0.9082037806510925,5.740109920501709,0
7358.682579352868,1.2429012060165405,2.9102914333343506,8388608
7360.375434609841,1.9757705926895142,1.9768460988998413,8388608
7362.072720928639,2.737523078918457,3.2884371280670166,0
7363.766356083226,1.6907258033752441,6.491323471069336,0
7365.460380856354,1.7251471281051636,6.733534336090088,0
7367.158839752526,1.9046205282211304,4.112373352050781,0
7368.853644962064,1.9883596897125244,2.3461544513702393,8388608
7370.552886337444,1.5907337665557861,1.5039657354354858,8388608
7372.24847234294,1.7525782585144043,1.609653115272522,8388608
7373.948496558015,1.7391406297683716,3.279144525527954,8388608
7375.644863719179,2.8460185527801514,5.410969257354736,0
7377.34162112738,1.489637851715088,6.246378421783447,0
7379.042819811316,1.6456762552261353,6.8123087882995605,0
7380.74035891485,1.5132043361663818,7.198540687561035,0
7382.442341340214,1.3196015357971191,7.28041934967041,0
7384.140662499208,1.2650456428527832,7.601701736450195,0
7385.843429027068,1.6861681938171387,8.33849811553955,0
7387.542532601815,1.7210432291030884,8.612719535827637,0
7389.2420270531065,1.6998720169067383,8.789660453796387,0
7390.945969944365,1.6173328161239624,6.430394649505615,0
7392.646247351945,1.0232164859771729,4.1906633377075195,8388608
7394.350975248886,1.817211627960205,3.300636053085327,8388608
7396.052035973461,2.702335834503174,4.812702655792236,0
7397.757549237736,1.9817306995391846,7.154227256774902,0
7399.459393640181,1.7497797012329102,6.92117166519165,0
7401.161629549694,1.805019736289978,4.439805030822754,8388608
7402.868321074962,1.3643808364868164,1.9337352514266968,8388608
7404.571341203752,1.8287618160247803,1.5889904499053955,8388608
7406.278819000998,2.222797155380249,4.791432857513428,8388608
7407.9826237103525,1.8874768018722534,8.741432189941406,0
7409.690888141809,1.4824600219726562,9.560698509216309,0
7411.395477793187,1.560544729232788,8.47318172454834,0
7413.100459583174,1.9010376930236816,7.337867259979248,0
7414.809904176279,1.8934075832366943,7.604238510131836,0
7416.515671450568,1.5990264415740967,8.717713356018066,0
7418.225903583988,1.136315107345581,8.809577941894531,0
7419.932456704451,1.3708341121673584,8.701221466064453,0
7421.643476741004,1.8748303651809692,8.476923942565918,0
7423.35081606968,1.8202041387557983,8.021201133728027,0
7425.058548169526,1.4078278541564941,7.508063316345215,0
7426.770750271449,1.5008352994918823,7.404365062713623,0
7428.479269122664,1.4336607456207275,6.7771453857421875,0
7430.192260035284,1.7021644115447998,4.958343505859375,0
7431.901566000322,2.2850100994110107,4.485515594482422,0
7433.615346087044,1.9282703399658203,5.888911724090576,0
7435.32543952853,1.8456765413284302,7.664251804351807,0
7437.040009152925,1.1776636838912964,7.070664882659912,0
7438.75089043365,0.5162606239318848,4.422018051147461,8388608
7440.462165300365,1.8296540975570679,3.156506061553955,8388608
7442.177919442377,1.3866029977798462,4.663973808288574,8388608
7443.889982692613,1.6137512922286987,8.536158561706543,0
7445.606527281744,1.8859738111495972,8.996198654174805,0
7447.319379278707,1.8000954389572144,9.673802375793457,0
7449.036714679118,1.3709828853607178,9.83941650390625,0
7450.750355786184,1.3952330350875854,9.486028671264648,0
7452.464391114134,1.2791662216186523,7.903683662414551,0
7454.18291294291,1.5711637735366821,8.590635299682617,0
7455.897737926123,1.4290827512741089,10.061589241027832,0
7457.617051477091,1.214076280593872,10.568656921386719,0
7459.332666479362,1.5748730897903442,8.700846672058105,0
7461.0527721172675,1.6664166450500488,8.230725288391113,0
7462.769177502556,1.8102079629898071,7.72468376159668,0
7464.485977744648,1.4235577583312988,6.665055751800537,0
7466.20727172475,1.4159762859344482,6.094557285308838,0
7467.924862895899,1.720396876335144,6.133584022521973,0
7469.646949875322,1.3477078676223755,7.123539924621582,0
7471.365332339909,1.6600910425186157,5.680493354797363,0
7473.088212683987,1.4918546676635742,3.798931360244751,8388608
7474.807386806561,1.16708242893219,4.1013689041137695,8388608
7476.526956422884,1.0827856063842773,6.0067057609558105,8388608
7478.251027026075,1.40696120262146,7.1068220138549805,0
7479.971388847304,1.3870668411254883,1.9987013339996338,0
7481.696253729005,1.8616688251495361,2.028761386871338,0
7483.417408120109,1.1831326484680176,3.094792366027832,8388608
7485.143067646242,2.260033130645752,3.6901867389678955,0
7486.86501497236,1.3670015335083008,4.288421630859375,0
7488.587358430195,1.4684849977493286,7.827899932861328,0
7490.314210135452,1.5043302774429321,9.353066444396973,0
7492.037347076103,2.4105544090270996,8.457905769348145,0
7493.764994341122,1.733246088027954,6.674415588378906,0
7495.488925130144,1.2672481536865234,6.006158828735352,0
7497.217368321439,2.0350093841552734,6.668125629425049,0
7498.942093324558,1.1641931533813477,8.335543632507324,0
7500.667215098399,1.9349040985107422,9.0176420211792,0
7502.396852391923,1.302205204963684,9.998950958251953,0
7504.122768928546,1.8611453771591187,9.85714054107666,0
7505.853203065151,1.951196551322937,9.515580177307129,0
7507.579914730705,1.3746426105499268,10.212769508361816,0
7509.311146077497,1.8770935535430908,9.8099946975708,0
7511.038653238296,1.194278359413147,10.348856925964355,0
7512.766557809848,1.8997544050216675,9.641388893127441,0
7514.498985185078,1.4787254333496094,10.34018325805664,0
7516.227685801447,1.089280605316162,9.933784484863281,0
7517.960911305147,1.5459246635437012,7.379379749298096,0
7519.69040833307,1.2954747676849365,6.319119453430176,0
7521.424432332939,2.05163836479187,6.561340808868408,0
7523.154726139323,1.1408603191375732,4.316159248352051,8388608
7524.885417997523,1.5499274730682373,1.8429399728775024,8388608
7526.6206399551465,2.3347694873809814,2.2804806232452393,8388608
7528.352129142265,1.604713797569275,4.9990434646606445,8388608
7530.088150515822,1.392064094543457,6.480560779571533,8388608
7531.820437399188,1.5313729047775269,5.111041069030762,8388608
7533.557258556969,1.315437912940979,5.313907146453857,8388608
7535.290343504081,1.7328846454620361,7.922337055206299,0
7537.023827145108,0.936785101890564,7.217940330505371,0
7538.761848193071,1.0587055683135986,6.281338691711426,0
7540.49613044919,1.068899154663086,5.162221431732178,0
7542.234952202626,1.9506927728652954,7.379330635070801,0
7543.9700334417585,1.7191753387451172,7.987188816070557,0
7545.709656269552,1.638334035873413,8.938457489013672,0
7547.445536859788,1.0986902713775635,9.860628128051758,0
7549.181816787072,1.5418951511383057,9.507501602172852,0
7550.922641440595,1.5076348781585693,9.859950065612793,0
7552.659721271219,1.4518687725067139,9.354886054992676,0
7554.401347921834,2.302663564682007,8.584615707397461,0
7556.139228024313,1.4688560962677002,8.447415351867676,0
7557.881657041499,1.080417513847351,5.9972243309021,0
7559.620337784518,2.1202712059020996,4.437347412109375,0
7561.359418508755,1.4275704622268677,6.603611469268799,0
7563.103051290338,1.8556203842163086,9.147985458374023,0
7564.842933208241,1.0916303396224976,9.667303085327148,0
7566.587369280621,0.7914576530456543,8.906625747680664,0
7568.328052761299,1.7400130033493042,7.609600067138672,0
7570.07329249455,0.3358535170555115,5.560153961181641,0
7571.8147779072815,1.052190899848938,2.471301794052124,8388608
7573.56082167165,1.8604017496109009,2.499408721923828,8388608
7575.303109385886,2.2935595512390137,3.6084625720977783,8388608
7577.045797911122,2.0235345363616943,6.346116542816162,0
7578.79304793715,1.389357328414917,9.105334281921387,0
7580.536539318162,1.7903780937194824,9.683490753173828,0
7582.284594301449,1.9795663356781006,8.984184265136719,0
7584.028888908114,2.154557466506958,8.247156143188477,0
7585.777749219503,1.3671098947525024,6.776391983032227,0
7587.522847421867,1.5704296827316284,4.645033359527588,8388608
7589.268347081778,2.5419585704803467,4.679226875305176,0
7591.01841560065,1.7120957374572754,7.157922267913818,0
7592.764719411428,1.786058783531189,8.610995292663574,0
7594.515594186036,1.1115690469741821,7.487814903259277,0
7596.262702518152,1.916516661643982,4.678929328918457,0
7598.014383919939,1.7871793508529663,2.137748956680298,0
7599.762297144034,1.8156440258026123,1.0501116514205933,0
7601.51061247327,2.2247207164764404,0.7661234736442566,0
7603.263504031503,1.466391682624817,0.8266390562057495,0
7605.012624808782,2.3116137981414795,0.8833986520767212,0
7606.766323923323,1.7976996898651123,0.9356054663658142,0
7608.516250519716,1.704332947731018,1.0677380561828613,0
7610.270757562608,1.3606866598129272,1.2798060178756714,0
7612.021490349354,0.2797682583332062,1.5799555778503418,0
7613.7726258898765,2.1009678840637207,2.0058705806732178,0
7615.52834504132,1.2987257242202759,3.076653242111206,0
7617.280287329156,1.6920342445373535,3.877293348312378,0
7619.03681533958,1.2202712297439575,4.469095706939697,0
7620.789564746397,1.6019346714019775,4.5447163581848145,0
7622.546901988443,1.6116831302642822,4.052181243896484,0
7624.300458886081,1.9053078889846802,2.8593924045562744,0
7626.0544191871795,2.096848487854004,2.6424496173858643,0
7627.812970493031,1.4085752964019775,2.0480270385742188,0
7629.5677388428085,1.987739086151123,1.3451589345932007,0
7631.327100312413,2.7033915519714355,1.311753749847412,0
7633.082677083137,2.173804998397827,2.0615453720092773,0
7634.842849089737,2.4991767406463623,3.2277190685272217,0
7636.599234653847,0.9473135471343994,3.2759950160980225,0
7638.356024272148,1.4994049072265625,3.4254231452941895,0
7640.117412300962,1.2686541080474854,3.597806692123413,0
7641.875011271407,1.8601773977279663,3.736327886581421,0
7643.637210770852,0.9797660112380981,4.718782424926758,0
7645.39561946631,2.1678900718688965,4.080517768859863,0
7647.158630810228,1.247938632965088,3.668450117111206,0
7648.9178496037375,2.4702210426330566,4.276874542236328,0
7650.677473103219,0.8618285059928894,5.139862537384033,0
7652.4417024309205,1.0739555358886719,5.304141044616699,0
7654.202136588115,1.7587053775787354,4.6480913162231445,0
7655.96717869543,1.9292830228805542,4.118791580200195,0
7657.728423883806,1.4410173892974854,5.879611492156982,0
7659.494279145184,1.4950121641159058,6.510595321655273,0
7661.256335738383,1.9965150356292725,4.69473123550415,0
7663.018797690385,0.843172013759613,3.7360658645629883,0
7664.785872900279,1.3692271709442139,3.7949442863464355,0
7666.549146817667,2.152419328689575,5.358309268951416,0
7668.317036118272,1.939447045326233,7.360450267791748,0
7670.081122375118,1.3655842542648315,7.703476428985596,0
7671.849826141485,2.484066963195801,6.417978763580322,0
7673.614725112034,2.2029623985290527,6.273438453674316,0
7675.380030095271,1.8729314804077148,6.869809627532959,0
7677.149955778055,1.6112323999404907,6.895384311676025,0
7678.916074036461,1.1615818738937378,7.390292167663574,0
7680.686815123169,1.089881420135498,7.667698383331299,0
7682.453747031419,1.1790685653686523,8.251710891723633,0
7684.225303897706,1.3664488792419434,7.680895805358887,0
7685.9930498306485,1.8441168069839478,6.5262980461120605,0
7687.76120243122,1.4212791919708252,6.095055103302002,0
7689.533983185,1.296685814857483,6.6541852951049805,0
7691.302950372636,1.4990246295928955,6.6949992179870605,0
7693.076547845669,1.9612191915512085,5.172154903411865,0
7694.846329995649,1.4712862968444824,5.075563907623291,0
7696.620744564198,1.744126558303833,6.955501556396484,0
7698.391342051976,1.5497028827667236,7.4694061279296875,0
7700.16234686338,1.638834834098816,5.940025806427002,0
7701.937987293676,2.0767765045166016,5.285547733306885,0
7703.709808006157,1.851150393486023,6.594535827636719,0
7705.486266473157,1.9265828132629395,8.083287239074707,0
7707.2589034626,1.3831604719161987,7.876728534698486,0
7709.036180343174,2.054518938064575,6.949464797973633,0
7710.809633985638,0.7765784859657288,5.002784252166748,8388608
7712.587729656829,0.8842638731002808,1.5945632457733154,8388608
7714.362000328545,0.28223133087158203,0.6787979006767273,8388608
7716.136679168897,1.8102515935897827,0.8813453912734985,8388608
7717.916003244942,2.179893732070923,0.9715474247932434,8388608
7719.691499678995,1.9994927644729614,1.2738351821899414,8388608
7721.471643488797,1.492272138595581,3.3236083984375,8388608
7723.247957893215,1.3488659858703613,4.911164283752441,8388608
7725.028921814427,1.511920690536499,3.826192617416382,8388608
7726.806054566049,2.1714529991149902,3.3884215354919434,8388608
7728.583596144726,2.1968982219696045,3.8038277626037598,8388608
7730.365790452334,1.7124003171920776,5.612156867980957,0
7732.144150943574,2.0290963649749756,7.443399429321289,0
7733.927166307254,1.8738998174667358,7.463114261627197,0
7735.706346088328,1.2469993829727173,6.617104530334473,0
7737.490182886342,1.685409665107727,5.919027805328369,0
7739.270182334698,0.8260618448257446,6.6172590255737305,0
7741.050591269588,2.132481575012207,7.24727201461792,0
7742.835660438736,1.5747408866882324,6.489421844482422,0
7744.616889607179,1.1996660232543945,6.761848449707031,0
7746.402781156848,1.5375914573669434,7.615792274475098,0
7748.184830936723,1.2561683654785156,6.520579814910889,0
7749.971545245782,1.6186285018920898,1.40959632396698,8388608
7751.7544160151465,-0.3425695300102234,0.5996413826942444,8388608
7753.5376969315885,2.2519330978393555,0.7487934827804565,8388608
7755.325645599723,1.4306507110595703,2.0962326526641846,0
7757.109748072838,1.9347524642944336,4.950279235839844,0
7758.898520448077,1.7989875078201294,4.815466403961182,8388608
7760.683444856355,1.355023741722107,2.3791184425354004,8388608
7762.47304131818,1.950789451599121,1.7028781175613403,8388608
7764.258788040286,1.8449666500091553,3.5065927505493164,8388608
7766.04494557108,1.7005829811096191,7.117828845977783,0
7767.835778383127,1.3336031436920166,5.5434489250183105,0
7769.622758795848,1.5817264318466187,5.509552001953125,0
7771.414416643724,2.4235663414001465,5.5624589920043945,0
7773.202220317474,1.2451103925704956,3.4774467945098877,0
7774.994703581269,1.1698707342147827,2.9861979484558105,0
7776.783330895325,1.48431396484375,4.691223621368408,0
7778.572369680743,2.155789375305176,6.141607284545898,0
7780.366091289122,1.5840061902999878,4.120622158050537,0
7782.15595428386,0.7982311248779297,2.5765771865844727,8388608
7783.950502258933,1.918898105621338,3.3088152408599854,8388608
7785.741189842705,1.8894431591033936,5.635809421539307,0
7787.536564565179,1.539888620376587,6.290628910064697,0
7789.328077117872,1.8837718963623047,6.202800273895264,0
7791.120001805673,1.0483171939849854,5.7510480880737305,0
7792.916616870307,1.7144967317581177,2.922703981399536,0
7794.709367096962,-1.0687212944030762,0.7627262473106384,8388608
7796.506809861304,3.300706386566162,0.402845561504364,8388608
7798.3003860071385,1.278131127357483,1.7039951086044312,8388608
7800.0986568525095,1.580499291419983,6.341413497924805,0
7801.893059298024,1.2356716394424438,6.500071048736572,0
7803.687874543464,1.47492253780365,7.4183197021484375,0
7805.487387731792,1.8851823806762695,5.846330165863037,0
7807.283029847765,0.23032443225383759,4.234131813049316,0
7809.083372070966,1.3852208852767944,2.344566822052002,8388608
7810.87984143841,1.7435141801834106,2.137657880783081,8388608
7812.68101307842,2.394361972808838,3.2339279651641846,0
7814.47831007845,1.8094931840896606,4.298931121826172,0
7816.276020544292,1.4768311977386475,4.462446689605713,0
7818.078436531286,2.1422317028045654,4.735414028167725,0
7819.876975201488,1.8303043842315674,3.3639352321624756,0
7821.680221560672,0.9341138005256653,1.1768854856491089,8388608
7823.479588816787,3.5974719524383545,0.4917146563529968,8388608
7825.283665930714,3.377045154571533,1.2103817462921143,8388608
7827.083862154471,2.2022969722747803,4.812031269073486,0
7828.884472511003,1.6614230871200562,6.4146409034729,0
7830.689795979172,2.4514267444610596,6.36761474609375,0
7832.491235876042,1.5146992206573486,7.876380920410156,0
7834.297391055878,1.7137564420700073,7.9423909187316895,0
7836.099660875254,2.381821632385254,6.631480693817139,0
7837.906648149925,1.6588069200515747,6.078447341918945,0
7839.709748274153,2.3313486576080322,5.031144142150879,0
7841.513263199194,1.140407681465149,2.466754674911499,0
7843.321498838604,1.3461761474609375,1.552648901939392,8388608
7845.125844642117,3.799283027648926,2.676262140274048,0
7846.934913334829,2.251321315765381,5.994966983795166,0
7848.740090399598,2.104658603668213,5.651865482330322,0
7850.549992529398,1.5703372955322266,2.7243614196777344,0
7852.356001238385,1.2102519273757935,1.381180763244629,8388608
7854.166737189239,1.7234065532684326,0.6306782960891724,8388608
7855.973577925582,2.244790554046631,0.6841838359832764,8388608
7857.780834323262,2.3535401821136475,2.2649898529052734,8388608
7859.5928212286435,2.6250016689300537,3.0199246406555176,8388608
7861.400910228489,1.23179030418396,1.7367130517959595,8388608
7863.21373191538,2.418562889099121,1.6156070232391357,8388608
7865.02265390097,2.4964818954467773,4.097171783447266,0
7866.836310753952,1.447556972503662,4.755531311035156,0
7868.646066109044,1.3122215270996094,3.271472454071045,0
7870.456237795976,0.4761865437030792,1.9857224225997925,8388608
7872.2711476214035,0.7180965542793274,1.716385006904602,8388608
7874.082153253575,4.041754722595215,2.066267251968384,8388608
7875.897899207099,2.395334482192993,5.029596328735352,0
7877.709739168706,2.5531914234161377,3.7582428455352783,0
7879.526321635529,1.8301563262939453,1.8487048149108887,0
7881.338996310948,3.0780370235443115,1.8477203845977783,8388608
7883.152087989793,2.3511087894439697,1.9870771169662476,8388608
7884.969925450235,4.805380344390869,2.381160259246826,0
7886.783852419557,1.9897069931030273,3.4102578163146973,0
7888.602527356855,1.3376097679138184,2.93338942527771,0
7890.417290001472,2.129666805267334,1.4274377822875977,8388608
7892.236802801451,2.934828996658325,1.1100053787231445,8388608
7894.052401506358,3.4546093940734863,2.387040376663208,8388608
7895.868417887362,2.1989963054656982,4.25174617767334,0
7897.689187705391,1.8704192638397217,4.918135643005371,0
7899.506040724281,1.604346513748169,5.235762596130371,0
7901.327649370102,3.8291194438934326,4.970240116119385,0
7903.145339412316,2.9559569358825684,5.335068225860596,0
7904.967787272378,2.315546989440918,5.777166843414307,0
7906.786314723532,2.5593228340148926,6.179227828979492,0
7908.605260524537,2.1358530521392822,6.1325154304504395,0
7910.428967430348,1.6162164211273193,5.577461242675781,0
7912.248751218821,2.3884129524230957,3.1142072677612305,0
7914.073298305539,-0.33712705969810486,0.6905664801597595,8388608
7915.893920467541,3.575296640396118,0.33251094818115234,8388608
7917.719308122237,3.730811834335327,1.4250432252883911,8388608
7919.540769044005,2.3406894207000732,3.5948498249053955,8388608
7921.362648990465,1.0767370462417603,1.8459532260894775,8388608
7923.1892977218795,1.1519204378128052,1.3523679971694946,8388608
7925.012017007567,2.9311468601226807,2.396672487258911,8388608
7926.839507275186,2.018902540206909,4.846305847167969,0
7928.663066286785,2.052663564682007,4.97520112991333,0
7930.491398478304,2.354311943054199,3.0580320358276367,8388608
7932.315797602674,2.7365567684173584,1.595133900642395,8388608
7934.140616427666,2.6277103424072266,1.903712272644043,8388608
7935.9702117301495,2.4160780906677246,3.986783266067505,0
7937.795871248309,1.7447257041931152,4.8847880363464355,0
7939.626309444481,2.185081720352173,4.607142448425293,0
7941.452810043115,1.8793461322784424,4.784147262573242,0
7943.284091521296,1.9008442163467407,5.361577033996582,0
7945.11143358789,2.179068088531494,5.340035915374756,0
7946.9391960321245,2.0663208961486816,4.400835037231445,0
7948.771742658798,1.6057342290878296,2.9761457443237305,0
7950.600347152324,3.2628026008605957,1.9143617153167725,8388608
7952.4337380323595,2.7153491973876953,2.5471556186676025,0
7954.263184963109,1.4255906343460083,5.527681350708008,0
7956.097420485453,2.168718099594116,6.899149417877197,0
7957.927710241536,2.601703405380249,6.123031139373779,0
7959.758421053372,1.5909533500671387,6.06328821182251,0
7961.593923765023,1.4145556688308716,5.603627681732178,0
7963.425477984461,1.8400053977966309,3.273198127746582,8388608
7965.261826311341,2.434566020965576,1.0662931203842163,8388608
7967.094224326941,2.156651020050049,0.7247555255889893,8388608
7968.931418658623,1.7710522413253784,1.7310618162155151,8388608
7970.76466085912,1.8237924575805664,3.626099109649658,0
7972.598324794577,1.5035951137542725,4.917749404907227,0
7974.436788359671,2.136409282684326,5.902512073516846,0
7976.271297063233,2.555527925491333,4.824776649475098,0
7978.110607607619,2.246870756149292,2.8580446243286133,8388608
7979.945961468471,1.11077082157135,1.5274420976638794,8388608
7981.786119382355,-0.6038038730621338,1.2824174165725708,8388608
7983.6223187898595,2.4255144596099854,2.426701545715332,0
7985.458940612626,2.300941228866577,5.859537601470947,0
7987.3003698073235,1.7936725616455078,5.905767440795898,0
7989.137837760893,1.33573317527771,5.808697700500488,0
7990.980115301147,1.706921100616455,4.664029121398926,0
7992.8184297753305,1.3062808513641357,1.6410218477249146,8388608
7994.661556051975,1.5886709690093994,0.4865659773349762,8388608
7996.500717436766,1.662064790725708,0.9770755767822266,8388608
7998.344692840811,1.9290571212768555,3.103374481201172,8388608
8000.18470152638,1.9465842247009277,4.184960842132568,0
8002.02513350353,1.767423152923584,4.218739986419678,0
8003.8703828257185,0.8502694368362427,5.552459239959717,0
8005.711662689007,1.3151320219039917,6.014894008636475,0
8007.557762116685,2.0041074752807617,6.07762336730957,0
8009.399890256734,1.4190374612808228,6.617461204528809,0
8011.246840181541,2.1662118434906006,5.890252113342285,0
8013.089816989151,1.8920525312423706,3.894636869430542,0
8014.933217771153,1.1431058645248413,2.1331968307495117,8388608
8016.781443669065,1.3693705797195435,1.9533053636550903,8388608
8018.625693704934,1.4998013973236084,3.0118961334228516,0
8020.474771079641,1.3821605443954468,4.091490268707275,0
8022.319870760626,2.487797737121582,4.241840362548828,0
8024.169800004403,2.0518813133239746,3.8515448570251465,8388608
8026.015749721937,-0.5300602316856384,1.7918941974639893,8388608
8027.862124097778,2.924654245376587,0.8148441314697266,8388608
8029.713331372934,2.2326252460479736,1.3820818662643433,8388608
8031.560556372574,1.1969407796859741,2.9468772411346436,8388608
8033.4126164980435,2.049525499343872,4.159412860870361,0
8035.260692513366,2.4267079830169678,4.712593078613281,0
8037.1136058820575,1.8740993738174438,5.9370198249816895,0
8038.9625333051235,1.562169075012207,6.756446361541748,0
8040.811886071513,1.5367459058761597,7.113928318023682,0
8042.666079533179,1.6010702848434448,6.405916213989258,0
8044.5162842955115,0.9982123374938965,6.803033828735352,0
8046.371331983226,1.7173651456832886,7.184345245361328,0
8048.222389134015,1.5908915996551514,7.393764972686768,0
8050.078291441319,1.6375852823257446,6.175106048583984,0
8051.930201373261,0.9603319764137268,3.331078290939331,0
8053.782537334649,2.354167938232422,2.240091323852539,0
8055.639721799848,1.5197135210037231,3.7184648513793945,0
8057.492911131535,1.8393940925598145,5.7715349197387695,0
8059.350951200737,2.612750291824341,5.894095420837402,0
8061.20499429587,1.9134032726287842,3.170466661453247,0
8063.063890363251,0.3719239830970764,1.098656177520752,8388608
8064.91878761516,3.8315045833587646,1.315221905708313,8388608
8066.774111583743,1.6546523571014404,3.8947179317474365,0
8068.634291877271,1.512983798980713,5.328893661499023,0
8070.490470592727,1.4253329038619995,6.210376262664795,0
8072.351507870434,1.0831888914108276,7.59239387512207,0
8074.208541726544,1.416580080986023,7.474112510681152,0
8076.070436383243,1.2984917163848877,6.431718826293945,0
8077.928325773971,1.4886335134506226,5.339341640472412,0
8079.786642569711,2.1973822116851807,5.246613025665283,0
8081.649823524143,1.9674267768859863,5.878347873687744,0
8083.508996445551,1.5435874462127686,6.021003723144531,0
8085.373035766566,2.04691219329834,5.38735818862915,0
8087.233065208057,1.324031114578247,5.589612007141113,0
8089.097963291104,1.2791500091552734,6.463993549346924,0
8090.958849647276,0.7133483290672302,7.181087970733643,0
8092.8201640979105,2.0446646213531494,5.4177398681640625,0
8094.686350553621,1.6004582643508911,3.671088695526123,0
8096.54852251094,1.740486741065979,3.906881809234619,0
8098.415568717865,2.262552261352539,5.531792163848877,0
8100.278598576922,1.7579402923583984,6.417408466339111,0
8102.146504931151,1.1328928470611572,4.343552589416504,0
8104.01039308718,0.31520000100135803,2.9364757537841797,8388608
8105.874710028231,1.9353231191635132,3.583733320236206,0
8107.7439068334,1.3343274593353271,5.64312744140625,0
8109.609082664381,1.1018670797348022,7.136733531951904,0
8111.479140607633,1.0228344202041626,7.3368306159973145,0
8113.345175724235,1.4992982149124146,7.067756175994873,0
8115.216095202294,1.5367692708969116,7.202942371368408,0
8117.08299000039,1.3699535131454468,7.608826160430908,0
8118.950314275181,0.522966742515564,7.8090434074401855,0
8120.82252628581,1.370794653892517,7.022544860839844,0
8122.690710836009,1.646826982498169,6.308318138122559,0
8124.563785373824,1.7606955766677856,6.393740177154541,0
8126.43283059576,1.3112921714782715,7.402393817901611,0
8128.306768058127,2.145308494567871,6.819934368133545,0
8130.17667434831,1.8667069673538208,6.515964984893799,0
8132.051475132777,1.4732269048690796,6.210915565490723,0
8133.922242887902,1.071716070175171,6.076717853546143,0
8135.793441010691,1.2212095260620117,6.218087673187256,0
8137.669537009145,1.0787142515182495,6.27839994430542,0
8139.541597192021,1.337373971939087,5.374293804168701,0
8141.418557507012,1.5501819849014282,4.732109069824219,0
8143.291480147128,1.1622852087020874,5.592259883880615,0
8145.169305176846,1.103750467300415,6.0204267501831055,0
8147.043090671534,0.9062585234642029,5.026193618774414,0
8148.917307228112,1.6887482404708862,3.832585096359253,0
8150.79642956113,0.8202465772628784,4.314931869506836,0
8152.671509568388,0.8519406914710999,6.1117119789123535,0
8154.551497612173,1.6900763511657715,6.146142482757568,0
8156.427441467901,1.386461615562439,6.318141460418701,0
8158.3082956212875,1.8373314142227173,6.439128398895264,0
8160.18510372346,1.0535902976989746,6.650694847106934,0
8162.062343582871,1.3878763914108276,6.481537818908691,0
8163.944497132239,1.1616460084915161,6.0362348556518555,0
8165.822601835163,1.4205232858657837,6.124091148376465,0
8167.70562249178,1.5979691743850708,6.735857009887695,0
8169.5845924366495,0.5726723074913025,7.14977502822876,0
8171.4684805999905,0.9812415242195129,6.724660396575928,0
8173.348316185423,1.4986025094985962,6.358804225921631,0
8175.228584224562,2.213618755340576,5.924429416656494,0
8177.1137738799425,1.4504612684249878,5.871710300445557,0
8178.994908157676,-0.17911985516548157,5.773370742797852,0
8180.880966319038,0.9826197624206543,5.333542823791504,0
8182.76296723444,2.5520966053009033,4.6050801277160645,0
8184.649894301903,1.0288386344909668,4.978438854217529,0
8186.532762254235,1.8722604513168335,4.950843334197998,0
8188.416063357866,1.3531662225723267,4.7278265953063965,0
8190.304294016809,1.6182074546813965,3.9519171714782715,0
8192.188462756365,1.9390672445297241,4.105329513549805,0
8194.077563322277,1.5065094232559204,4.652318954467773,0
8195.962600097479,1.0376152992248535,3.7152655124664307,0
8197.852570971127,1.7107176780700684,3.1995162963867188,0
8199.738476181876,1.9520255327224731,4.0557169914245605,0
8201.624815242641,0.5634637475013733,5.782928943634033,0
8203.516091810596,1.6150134801864624,5.79946756362915,0
8205.403299906871,1.4958693981170654,5.781192302703857,0
8207.295447785044,1.1571407318115234,6.015386581420898,0
8209.183525317196,1.8638609647750854,5.902248859405518,0
8211.076544906999,1.3432620763778687,6.471009731292725,0
8212.965492275574,1.6593376398086548,6.561489582061768,0
8214.85487419401,1.5269837379455566,6.217082500457764,0
8216.749201584338,1.335809350013733,5.616807460784912,0
8218.639453940128,0.9909622073173523,5.571587085723877,0
8220.534654046185,1.6182727813720703,5.431898593902588,0
8222.42577724034,1.086289405822754,6.020232677459717,0
8224.321850464188,2.328464984893799,5.481953144073486,0
8226.213844897902,1.200488805770874,5.9016618728637695,0
8228.106274582447,1.4637659788131714,4.945644855499268,0
8230.003657716437,1.6802759170532227,4.540457725524902,0
8231.896959242442,1.7055423259735107,5.302711486816406,0
8233.795216499942,1.7960225343704224,5.930935859680176,0
8235.689390269063,1.0829317569732666,6.545481204986572,0
8237.58852205278,1.5117144584655762,6.5195231437683105,0
8239.483568466858,1.1959235668182373,6.663658142089844,0
8241.379050833872,1.1000211238861084,6.385696887969971,0
8243.27949464075,0.3582150340080261,5.7131452560424805,0
8245.175850255593,1.99040949344635,4.890486240386963,0
8247.077169596034,0.9355257749557495,5.53342342376709,0
8248.974398861008,1.9984345436096191,5.438461780548096,0
8250.876594138366,1.1438534259796143,5.782740592956543,0
8252.774697455965,2.0105087757110596,5.581533908843994,0
8254.673237429737,1.4767199754714966,5.449524879455566,0
8256.576746846682,1.313137412071228,4.886868953704834,0
8258.47616147692,1.2337822914123535,5.282479286193848,0
8260.380547839752,1.6398526430130005,5.328482627868652,0
8262.28083752941,1.3825550079345703,5.826775550842285,0
8264.186101242136,1.1689220666885376,6.161083221435547,0
8266.087266394352,1.910274863243103,6.106210231781006,0
8267.988868907114,1.3653666973114014,6.676416397094727,0
8269.895448879268,0.8735746145248413,6.3139190673828125,0
8271.797927459405,1.4643758535385132,5.334975719451904,0
8273.705385792051,0.6548610925674438,5.401360034942627,0
8275.608740843169,1.4455583095550537,4.403470516204834,0
8277.517077940962,0.8427173495292664,2.695885419845581,0
8279.421309866848,1.1459567546844482,1.435688853263855,8388608
8281.33052613464,2.847827434539795,0.8880830407142639,8388608
8283.235635339272,3.5288186073303223,0.699344277381897,8388608
8285.141182811773,2.2115960121154785,1.1563819646835327,8388608
8287.051718069632,1.19693124294281,1.4801372289657593,8388608
8288.95814342695,0.8559158444404602,0.8241540193557739,8388608
8290.869558867496,2.139789581298828,0.5834125876426697,8388608
8292.776862514072,0.3679139018058777,1.827755093574524,8388608
8294.689158542806,0.5308777093887329,3.235475778579712,8388608
8296.597340883269,0.8533408045768738,1.6340951919555664,8388608
8298.505962198571,1.5500520467758179,0.9919127225875854,8388608
8300.419579345038,0.7897074222564697,0.6110000014305115,8388608
8302.329079961277,3.3915090560913086,0.6242969036102295,8388608
8304.243578710255,2.086031675338745,2.248241662979126,0
8306.153959032523,0.984890341758728,3.6827125549316406,0
8308.069339790167,1.5297514200210571,3.3982763290405273,0
8309.980600223742,2.1578166484832764,2.260045051574707,0
8311.892300340269,-0.0428590252995491,1.251449465751648,8388608
8313.809004346745,1.6277563571929932,1.8711198568344116,8388608
8315.72158518261,0.7503138780593872,4.976558685302734,0
8317.639172213712,1.7967538833618164,5.389522552490234,0
8319.55263417466,0.09613107889890671,5.016927242279053,0
8321.471104637201,1.587168574333191,4.315436840057373,0
8323.385448129167,1.6283979415893555,4.729434490203857,0
8325.300232013338,1.0299352407455444,5.607109546661377,0
8327.220027859246,1.6320371627807617,5.892822265625,0
8329.135693883445,1.833115816116333,5.683290481567383,0
8331.056374178388,1.7991929054260254,5.506542682647705,0
8332.972922749015,1.0642952919006348,5.816469669342041,0
8334.89448790046,2.2863142490386963,5.2265167236328125,0
8336.811919424106,2.113560914993286,4.954334735870361,0
8338.729792050355,1.3678064346313477,4.598299503326416,0
8340.652684723145,1.3960930109024048,4.093286991119385,0
8342.571440912403,2.2144129276275635,2.834212303161621,0
8344.495219460936,0.5237054824829102,0.5785092711448669,8388608
8346.414859620261,2.4331605434417725,0.14288882911205292,8388608
8348.33952445266,5.17702579498291,0.40802809596061707,8388608
8350.260048989296,-0.4701940417289734,1.7984180450439453,8388608
8352.181015340077,2.138739585876465,1.673098087310791,8388608
8354.10700983525,0.3950026035308838,0.8276444673538208,8388608
8356.028861174318,1.9151726961135864,0.9167482256889343,8388608
8357.955742974242,1.723038911819458,3.017479658126831,0
8359.87847970931,1.1510719060897827,4.74702262878418,0
8361.806249222765,1.2760286331176758,3.7757346630096436,0
8363.729871761738,2.0226354598999023,2.830782175064087,0
8365.653936827548,0.7865213751792908,1.8715592622756958,8388608
8367.583038148658,1.5341864824295044,1.9388262033462524,8388608
8369.50798963033,1.3334219455718994,3.5509283542633057,0
8371.437979687506,1.0628567934036255,5.210371494293213,0
8373.363817993413,1.4931142330169678,4.964419841766357,0
8375.294697196092,1.324599027633667,4.7232794761657715,0
8377.221422734794,1.9704910516738892,4.769454479217529,0
8379.148591514175,0.4539544880390167,4.353170871734619,0
8381.08080467285,2.215529441833496,2.538888931274414,0
8383.008861297974,0.14522019028663635,1.2053340673446655,8388608
8384.941964626338,2.454920768737793,1.0205786228179932,8388608
8386.870909506235,0.763721227645874,2.2547528743743896,0
8388.804903414384,1.9104708433151245,4.3423686027526855,0
8390.734736958273,1.4644423723220825,4.239771842956543,0
8392.665014457833,2.186427593231201,3.7537708282470703,0
8394.600344473785,1.0838805437088013,4.222890853881836,0
8396.531511251274,2.9938080310821533,3.7910919189453125,0
8398.467732872849,1.0385574102401733,1.1486594676971436,0
8400.399789337956,1.005118727684021,0.18735186755657196,8388608
8402.336902975914,4.664345741271973,0.22418802976608276,8388608
8404.26984953852,0.014048236422240734,1.5707827806472778,0
8406.20324077294,2.5904579162597656,4.203022480010986,0
8408.141692673982,1.7683216333389282,4.706335067749023,0
8410.075974620828,1.0074046850204468,4.984801769256592,0
8412.01531956574,1.8298934698104858,4.0392537117004395,0
8413.950492635364,2.686530351638794,2.460513114929199,0
8415.890731035573,-0.7157996296882629,0.9027001857757568,8388608
8417.826795638512,0.35047972202301025,0.6718243956565857,8388608
8419.763305630568,1.6508115530014038,1.9680346250534058,0
8421.704884452614,1.8025648593902588,4.345564365386963,0
8423.642286593906,1.641735315322876,4.0332722663879395,0
8425.584759900397,1.304227590560913,4.398714065551758,0
8427.523054601936,2.225139856338501,2.984166145324707,0
8429.466422804959,2.988830327987671,0.8690273761749268,8388608
8431.405610477948,0.12848852574825287,0.23752909898757935,8388608
8433.34987398978,-3.1896533966064453,0.26080191135406494,8388608
8435.289955045611,1.345330834388733,1.5341514348983765,8388608
8437.23048241454,1.4910565614700317,3.6280667781829834,0
8439.176089128974,1.3798611164093018,4.946802616119385,0
8441.117510497941,1.8112027645111084,5.220401763916016,0
8443.064013552468,1.5053192377090454,5.070533752441406,0
8445.00632933334,1.7815940380096436,4.18278694152832,0
8446.953729140901,1.3629631996154785,5.260477542877197,0
8448.896939745731,1.322029709815979,4.7154459953308105,0
8450.840597383609,1.7465649843215942,3.0221760272979736,0
8452.789342560496,1.31915283203125,0.8705415725708008,8388608
8454.733895640526,3.3119723796844482,0.6794631481170654,8388608
8456.683538603393,1.1240620613098145,2.3017220497131348,8388608
8458.628987538104,0.13900940120220184,4.1025238037109375,0
8460.57952870056,1.8669887781143188,4.163609027862549,0
8462.525873902672,0.39412832260131836,3.872202157974243,0
8464.472666858941,2.186166524887085,1.168049931526184,0
8466.424555560941,0.40444475412368774,0.33621746301651,8388608
8468.372245403803,0.7520020008087158,0.31553372740745544,8388608
8470.325033340003,-1.249850869178772,1.3873872756958008,0
8472.273620482652,1.9991586208343506,3.4613442420959473,0
8474.22730806733,1.5006206035614014,4.324000835418701,0
8476.17679292315,0.1066216379404068,4.3795485496521,0
8478.126726255401,1.4403148889541626,4.380434036254883,0
8480.08176355334,0.7565432786941528,4.560973167419434,0
8482.032595218952,1.3223648071289062,4.708101749420166,0
8483.98853320165,1.0068117380142212,4.366097450256348,0
8485.940263614486,1.4187750816345215,4.03435754776001,0
8487.897102696883,1.3634967803955078,4.265087127685547,0
8489.849732270995,1.5658385753631592,4.454162120819092,0
8491.802811044974,1.2462645769119263,3.3656795024871826,0
8493.761002017862,0.9242847561836243,1.6610639095306396,8388608
8495.714980574307,2.1405513286590576,1.2235087156295776,8388608
8497.674073684846,0.14027093350887299,2.0909647941589355,0
8499.628952438285,1.1781787872314453,3.948786735534668,0
8501.588948102093,0.8888375759124756,4.404424667358398,0
8503.544727467246,1.5940923690795898,2.0644543170928955,0
8505.500956756874,2.1366562843322754,0.46007537841796875,8388608
8507.462306491907,0.07604148238897324,0.517447829246521,8388608
8509.41943701544,0.7292779684066772,2.0846052169799805,8388608
8511.381690343369,0.2944735586643219,4.065615653991699,0
8513.339722516006,0.514294445514679,4.63774299621582,0
8515.30287985311,1.0143215656280518,4.984034061431885,0
8517.261814090241,0.5648484826087952,4.925786018371582,0
8519.22119897762,1.3930774927139282,4.648312091827393,0
8521.185712570208,0.8834590315818787,4.761267185211182,0
8523.146000145274,0.9011678099632263,4.523361682891846,0
8525.111418788341,1.5475081205368042,4.715744972229004,0
8527.072609466966,1.5784839391708374,4.951707363128662,0
8529.03893357747,1.459405541419983,5.084805011749268,0
8531.00102777571,1.2589248418807983,5.182457447052002,0
8532.96357335114,0.3685072660446167,4.778660774230957,0
8534.931255904907,0.853818416595459,4.612142562866211,0
8536.894705624154,0.6350756883621216,4.450036525726318,0
8538.863294688339,1.1730321645736694,2.6802003383636475,0
8540.827648967941,0.6904742121696472,1.918898105621338,0
8542.797144960176,0.7156946659088135,2.9793946743011475,0
8544.762404216863,0.871727466583252,4.722870826721191,0
8546.72811557886,1.0880639553070068,3.90299654006958,0
8548.698972205662,0.7923938035964966,1.6980103254318237,0
8550.665589169952,1.3111051321029663,0.9932282567024231,0
8552.637353769469,1.451301097869873,1.4663876295089722,0
8554.604876753261,0.14755050837993622,3.219745397567749,0
8556.577549743793,0.43499255180358887,4.018885135650635,0
8558.545979164492,0.9008637070655823,4.9775776863098145,0
8560.514861419791,1.4582853317260742,5.098844528198242,0
8562.488897239735,0.38070201873779297,5.337532997131348,0
8564.458686558157,0.6564887166023254,5.23586368560791,0
8566.433631815466,1.3463846445083618,4.806812763214111,0
8568.404328614894,1.3734910488128662,4.8902363777160645,0
8570.380183728546,0.82796710729599,5.281515121459961,0
8572.351788427055,1.3128522634506226,4.653012275695801,0
8574.323846690633,1.2768534421920776,3.8826208114624023,0
8576.30106683208,0.8872633576393127,3.5830252170562744,0
8578.274033621965,0.770452082157135,3.426910638809204,0
8580.252164667796,0.9789236783981323,3.653005361557007,0
8582.226040402546,0.7824236750602722,4.400216579437256,0
8584.205082772409,0.12619838118553162,3.557299852371216,0
8586.179867870775,1.083510398864746,3.439579963684082,0
8588.159821984522,1.6453397274017334,3.1431689262390137,0
8590.135516865445,1.0480962991714478,2.248966693878174,0
8592.11166625238,1.5892908573150635,2.6586341857910156,0
8594.092988225731,0.775616466999054,3.9056646823883057,0
8596.070048023752,1.1920892000198364,3.483847141265869,0
8598.052282791197,0.2352679967880249,2.63537335395813,0
8600.030253419729,0.8787557482719421,2.5364391803741455,0
8602.013401401793,1.0542552471160889,3.6506540775299072,0
8603.992283280455,0.32917118072509766,4.219290733337402,0
8605.971620398293,1.0640116930007935,3.663964033126831,0
8607.95613844646,1.026201844215393,3.5451478958129883,0
8609.936387443971,1.0981354713439941,3.247283697128296,0
8611.921819758662,2.0168814659118652,2.8313333988189697,0
8613.902981055946,1.6507905721664429,2.45880389213562,0
8615.889328058362,1.131718635559082,2.167884111404419,0
8617.871402075718,0.7248375415802002,1.8189443349838257,0
8619.853932066595,0.5933674573898315,1.3875564336776733,8388608
8621.841651345172,1.295792579650879,1.0753828287124634,8388608
8623.825094686677,1.1244642734527588,0.9007167220115662,8388608
8625.813729706582,3.9123754501342773,0.791633665561676,8388608
8627.798086819494,1.6245158910751343,0.6922625303268433,8388608
8629.78763800261,2.143873453140259,0.7044261693954468,8388608
8631.772909307903,1.1444331407546997,0.7203070521354675,8388608
8633.758637322251,1.5199007987976074,0.7258778810501099,8388608
8635.74956299515,-0.03176363557577133,0.6771463751792908,8388608
8637.736205833453,2.425447702407837,0.7759307026863098,8388608
8639.728048724864,-0.2611350119113922,0.9188089370727539,8388608
8641.71560680858,3.3578193187713623,1.1971994638442993,8388608
8643.708367341067,-0.08030017465353012,1.7545037269592285,0
8645.69684109185,1.3931087255477905,2.309617042541504,0
8647.685772288409,0.3943564295768738,2.1747238636016846,0
8649.67990952787,4.978892803192139,1.320996642112732,0
8651.669757024085,0.5662124752998352,0.8961688280105591,8388608
8653.664812961626,4.253074645996094,0.8881145715713501,8388608
8655.655577179641,-2.1319820880889893,0.8105706572532654,8388608
8657.651552238507,0.9181462526321411,0.7041082978248596,8388608
8659.643233600653,2.1000986099243164,0.7777886390686035,8388608
8661.635373146479,0.8726454377174377,0.6324085593223572,8388608
8663.632727133088,2.2420389652252197,0.6685678958892822,8388608
8665.625784456659,2.438532590866089,0.7645864486694336,8388608
8667.624058623302,-0.9138476252555847,0.7189629077911377,8388608
8669.618034147437,1.2870550155639648,0.8952872157096863,8388608
8671.617228918041,-1.4980340003967285,0.7856065630912781,8388608
8673.612123065755,2.036054849624634,0.8198729157447815,8388608
8675.607476136245,1.0917052030563354,1.0226961374282837,8388608
8677.608052058944,0.5884495377540588,1.0078662633895874,8388608
8679.604324387648,0.6392114758491516,1.2766377925872803,8388608
8681.605821974726,0.9646123051643372,1.3846360445022583,0
8683.603013985145,2.087078094482422,1.3395264148712158,0
8685.605433661212,1.3365412950515747,1.6809133291244507,0
8687.603545777045,1.1269736289978027,1.7254818677902222,0
8689.602117555944,1.4331169128417969,1.8093714714050293,0
8691.605920612044,1.136582851409912,2.0021941661834717,0
8693.605413132012,1.9644312858581543,2.0139782428741455,0
8695.610139339233,0.9345607757568359,2.2844676971435547,0
8697.610553024459,0.6993281841278076,2.9057998657226562,0
8699.61620280809,0.6413008570671082,2.6693115234375,0
8701.617538082952,1.0028190612792969,1.9332339763641357,0
8703.619333762363,1.565231204032898,2.0773227214813232,0
8705.626369157562,1.283131718635559,2.822356939315796,0
8707.629087063295,-0.27467238903045654,3.156402349472046,0
8709.63704709875,1.6065489053726196,2.7780964374542236,0
8711.640687655672,1.1660047769546509,2.9438703060150146,0
8713.649572757362,1.1323994398117065,3.110492467880249,0
8715.65413639054,1.1809072494506836,3.3659799098968506,0
8717.659161170945,1.653754711151123,3.4628703594207764,0
8719.669434119336,0.3117724657058716,3.880913496017456,0
8721.675382613708,0.7456554770469666,3.5149848461151123,0
8723.686581693893,-0.04288738965988159,3.4024734497070312,0
8725.693454327786,0.4152252972126007,3.0786983966827393,0
8727.705579966434,1.1799402236938477,3.0380167961120605,0
8729.713377165597,1.209641933441162,3.3792409896850586,0
8731.721636255868,0.6574215888977051,3.704892635345459,0
8733.735151979954,0.47171151638031006,3.6402950286865234,0
8735.744336274236,1.1543341875076294,3.333359718322754,0
8737.75877962406,0.40656325221061707,3.5264713764190674,0
8739.768889548595,-0.19443343579769135,3.4915876388549805,0
8741.784260951517,0.8630412220954895,2.994295597076416,0
8743.79529693274,0.9229896664619446,2.939943552017212,0
8745.811596816311,0.7657269835472107,2.9877331256866455,0
8747.823559280858,0.5514300465583801,2.9272620677948,0
8749.835984594723,1.7442536354064941,2.6425557136535645,0
8751.853677447529,0.42842093110084534,2.4854073524475098,0
8753.867029884785,1.9519529342651367,2.2421441078186035,0
8755.88565228773,0.9399843215942383,2.3612799644470215,0
8757.899932275499,1.0668056011199951,1.8271740674972534,0
8759.919484656828,2.7187840938568115,0.8563775420188904,8388608
8761.934692622432,-1.0113136768341064,0.42071184515953064,8388608
8763.95036418398,4.329504013061523,0.33894065022468567,8388608
8765.971311781545,2.236624002456665,0.6298372745513916,8388608
8767.987911962025,-2.401625394821167,0.39928358793258667,8388608
8770.00979060919,2.304774761199951,0.21700941026210785,8388608
8772.027319836418,-1.1685025691986084,0.5724159479141235,8388608
8774.050129962117,1.8135634660720825,1.6326172351837158,8388608
8776.068588664104,1.7387604713439941,1.0880553722381592,8388608
8778.087511709862,1.2270029783248901,0.3940097987651825,8388608
8780.111719302422,2.6330344676971436,0.19778867065906525,8388608
8782.13157246507,2.3339669704437256,0.22871318459510803,8388608
8784.15671260911,1.1077044010162354,1.2824281454086304,0
8786.177496317152,1.7377912998199463,2.431410551071167,0
8788.203569442296,1.2613521814346313,2.4041531085968018,0
8790.225284124435,1.7886261940002441,1.4504252672195435,0
8792.247463899379,-1.0067095756530762,0.5895262956619263,8388608
8794.27493674564,1.5723943710327148,0.6164752244949341,0
8796.298048137849,0.618442952632904,1.6405941247940063,0
8798.326455039889,1.1159849166870117,2.478989601135254,0
8800.350498478558,1.8529762029647827,2.5085291862487793,0
8802.379839866695,0.47119954228401184,2.9351649284362793,0
8804.404815781216,0.4930548667907715,3.05698823928833,0
8806.430257538785,1.473342776298523,2.903531074523926,0
8808.461000905934,0.5464502573013306,2.6746068000793457,0
8810.48737578356,-0.016652559861540794,2.2767395973205566,0
8812.519054713217,2.5359115600585938,1.963987112045288,0
8814.546363140787,1.2473701238632202,2.5251331329345703,0
8816.578978063964,1.1561754941940308,3.1124863624572754,0
8818.607220471566,0.8934867978096008,3.2380549907684326,0
8820.63592947367,0.8915892243385315,3.1294007301330566,0
8822.669948637393,0.9724559783935547,2.3786606788635254,0
8824.699592264771,3.811581611633301,1.1035958528518677,0
8826.734548500159,6.887918949127197,0.1945158690214157,8388608
8828.765127183395,-6.245392799377441,0.05365242809057236,8388608
8830.801020922154,3.7277090549468994,0.12949645519256592,8388608
8832.832535092028,0.5960129499435425,0.6576130390167236,8388608
8834.864516609065,3.5833349227905273,0.782234787940979,8388608
8836.901816853555,-1.245875597000122,0.29720446467399597,8388608
8838.934734503515,3.656398296356201,0.25124838948249817,8388608
8840.972973331262,0.6925317049026489,0.7725042700767517,0
8843.006827545418,0.9209649562835693,2.009791612625122,0
8845.046005388827,0.9950318336486816,2.329683303833008,0
8847.080796598655,2.3498542308807373,1.8042117357254028,0
8849.116055909528,1.79519784450531,1.2298694849014282,0
8851.156642527505,-0.2913843095302582,0.7998494505882263,8388608
8853.192839481377,2.3872785568237305,1.0109176635742188,0
8855.234366196642,0.5713881850242615,1.441504716873169,0
8857.271501225485,1.366047739982605,1.8547836542129517,0
8859.313968471139,0.7559865117073059,2.842440605163574,0
8861.352042007125,1.1277976036071777,2.5928006172180176,0
8863.390584399249,1.1246323585510254,1.9361172914505005,0
8865.434462691968,0.44804292917251587,1.5568456649780273,0
8867.473944239608,5.369981288909912,0.8601571917533875,8388608
8869.518764146087,0.060896556824445724,0.43819668889045715,8388608
8871.559185281907,2.648655414581299,0.5227850675582886,0
8873.604947235948,-0.08928528428077698,1.317438006401062,0
8875.646308392817,1.7778170108795166,1.9229744672775269,0
8877.68813916214,1.2484254837036133,2.6989238262176514,0
8879.73531443941,1.9466251134872437,2.5673413276672363,0
8881.778085879198,1.9115434885025024,1.5724889039993286,0
8883.826204289147,1.6374207735061646,0.7778517603874207,0
8885.86991683277,7.329828262329102,0.16507597267627716,8388608
8887.9189788099,-5.149722099304199,0.06501206010580063,8388608
8889.963632890922,2.829005718231201,0.19208523631095886,8388608
8892.00875734193,0.22710579633712769,1.3604938983917236,0
8894.059234922122,0.6987739205360413,2.301837682723999,0
8896.105301560994,-0.7602018713951111,2.2584328651428223,0
8898.156723795235,0.9494061470031738,2.080960750579834,0
8900.203733056038,0.8243762254714966,1.9149830341339111,0
8902.25610037953,2.2231638431549072,0.7709931135177612,0
8904.30405269653,3.062743902206421,0.2541198134422302,8388608
8906.357365544674,0.5165910124778748,0.4011850357055664,8388608
8908.406261352337,-0.391571968793869,1.3855597972869873,8388608
8910.455628505784,1.294647216796875,1.912121295928955,0
8912.510359893724,1.166058897972107,2.001668930053711,0
8914.560671189649,2.22900652885437,2.3782267570495605,0
8916.616349191365,0.40304338932037354,1.4728831052780151,0
8918.667605064733,5.163096904754639,0.47119346261024475,8388608
8920.72423011633,-3.606369733810425,0.09847493469715118,8388608
8922.776431002305,-5.035834789276123,0.08558796346187592,8388608
8924.829103994396,-0.26193767786026,0.44321686029434204,0
8926.88714987404,-0.42661207914352417,1.5541263818740845,0
8928.940768531605,0.8935009241104126,2.197533130645752,0
8930.999762552008,0.28306928277015686,2.3032310009002686,0
8933.054327310716,1.6745274066925049,2.2202436923980713,0
8935.114269908689,1.1112817525863647,2.5478880405426025,0
8937.169781204408,1.3577322959899902,2.3247971534729004,0
8939.225765367799,1.5665405988693237,2.084911823272705,0
8941.287131085755,1.8722797632217407,1.714524269104004,0
8943.344062440076,1.9569892883300781,0.5076714754104614,8388608
8945.406377828243,0.19930943846702576,0.27558743953704834,8388608
8947.464256809862,0.9511281847953796,0.5584431886672974,8388608
8949.52752230575,1.5737392902374268,1.6566500663757324,0
8951.586349351242,1.4209367036819458,2.59455943107605,0
8953.64565002719,0.18345189094543457,2.1967854499816895,0
8955.710340938702,3.142167568206787,1.1611067056655884,0
8957.770590333495,-0.26324260234832764,0.2972458600997925,8388608
8959.83623244713,0.7695469856262207,0.11325272917747498,8388608
8961.897430997844,0.4260665774345398,0.22633673250675201,8388608
8963.964024751822,1.3059161901474,1.282755732536316,0
8966.026172895728,-0.10884618014097214,2.0342748165130615,0
8968.088795434107,0.7911462187767029,2.226614236831665,0
8970.15681690305,0.316701203584671,2.2201056480407715,0
8972.220389690654,0.7239307165145874,1.9590823650360107,0
8974.289363896107,1.028382658958435,1.8019866943359375,0
8976.353887370715,1.084993600845337,1.9506198167800903,0
8978.423814751604,0.46653327345848083,2.1558897495269775,0
8980.489289351199,0.5730544328689575,1.9040122032165527,0
8982.55523911051,1.0792922973632812,1.580939769744873,0
8984.626596509414,1.074774980545044,1.7610973119735718,0
8986.693498050801,2.1249377727508545,1.3973582983016968,0
8988.765809723076,1.9969426393508911,0.48669642210006714,8388608
8990.833663485022,0.10766642540693283,0.3259894549846649,8388608
8992.906929870303,-0.8251481056213379,0.6633972525596619,0
8994.975736291497,0.5354454517364502,1.5012438297271729,0
8997.04501863889,1.5166904926300049,1.851569652557373,0
8999.11971734895,0.9429328441619873,1.0020583868026733,0
9001.18995301374,5.157903671264648,0.2855253517627716,0
9003.265607536512,1.851083755493164,0.0933920368552208,8388608
9005.33679695789,-0.48130279779434204,0.20489910244941711,8388608
9007.413407733718,2.241903781890869,1.092292308807373,0
9009.485551351081,0.26408445835113525,1.466216802597046,0
9011.55817166236,0.9273830652236938,1.9538294076919556,0
9013.636217073454,0.31088900566101074,2.113158941268921,0
9015.709792239928,0.19360260665416718,2.5558791160583496,0
9017.788795005557,0.8987447023391724,1.9824110269546509,0
9019.863325467128,1.8934910297393799,1.8334921598434448,0
9021.943286028345,1.1978389024734497,2.150890588760376,0
9024.018772225116,1.3833982944488525,1.9608526229858398,0
9026.094735884759,0.8264727592468262,1.9342173337936401,0
9028.176133395455,0.9013386964797974,1.997031331062317,0
9030.253053450571,1.049179196357727,2.105445146560669,0
9032.335409860114,-0.7241206765174866,2.2258260250091553,0
9034.413286751316,1.8890979290008545,2.1781647205352783,0
9036.49660250147,1.1126524209976196,1.8440195322036743,0
9038.57543666957,0.9216102957725525,0.9290423393249512,8388608
9040.654749070738,1.7767910957336426,0.8091634511947632,8388608
9042.739504088317,1.506508469581604,1.7083977460861206,0
9044.819774427724,2.6464152336120605,2.04451584815979,0
9046.90548989095,2.0375800132751465,1.7674111127853394,0
9048.986718609916,1.3127315044403076,0.9773345589637756,8388608
9051.07339496127,1.9101693630218506,0.46236297488212585,8388608
9053.155582501318,0.5590662956237793,0.5762017965316772,8388608
9055.238249045875,2.117818832397461,1.3468579053878784,0
9057.326366986339,0.6765307188034058,1.9913723468780518,0
9059.409993014386,1.4418013095855713,2.01672625541687,0
9061.499072949795,1.9044889211654663,1.9107131958007812,0
9063.583658903364,1.0853089094161987,1.851660132408142,0
9065.67370127691,-0.06939579546451569,1.7981995344161987,0
9067.75924759824,0.7567017078399658,2.0650157928466797,0
9069.850252853315,1.536551833152771,1.8041565418243408,0
9071.936759984848,0.6823394298553467,1.6212269067764282,0
9074.023747114603,1.5469579696655273,1.666756510734558,0
9076.116196949431,1.600050687789917,1.710396409034729,0
9078.204145553167,1.7698601484298706,1.9083577394485474,0
9080.297559378643,0.3698004186153412,1.9292818307876587,0
9082.386469899311,-0.8174264430999756,1.7724047899246216,0
9084.480848159545,1.3421071767807007,2.1812350749969482,0
9086.5707210403,0.5217955112457275,2.349039316177368,0
9088.661074693564,0.17832830548286438,2.1591548919677734,0
9090.756899863803,0.5961366891860962,2.0195887088775635,0
9092.848216542006,0.651267945766449,1.4220901727676392,0
9094.945007257907,-0.35834619402885437,1.1834055185317993,0
9097.037287404712,1.283595085144043,1.5733368396759033,0
9099.135044111103,0.7779211401939392,2.2075862884521484,0
9101.228288170378,0.5040551424026489,1.6815083026885986,0
9103.322013777699,0.07545609027147293,0.9206312298774719,8388608
9105.42121972811,2.174889087677002,0.8429176807403564,8388608
9107.515909913827,-0.4671812355518341,1.095227837562561,0
9109.616082967425,1.1153156757354736,1.7920939922332764,0
9111.711738175916,1.003904104232788,2.383831024169922,0
9113.812878778243,0.7635036110877991,2.5773026943206787,0
9115.909499454096,1.3365793228149414,2.2996299266815186,0
9118.00660245478,1.6133490800857544,2.172128915786743,0
9120.109194638906,0.9446539282798767,1.7191407680511475,0
9122.20726377395,1.4251447916030884,1.5989946126937866,0
9124.310824621298,2.121166944503784,1.8932695388793945,0
9126.409860335796,0.1945052295923233,2.2260239124298096,0
9128.514390292632,2.1671667098999023,2.029909372329712,0
9130.614393031887,0.4531504511833191,2.115154504776001,0
9132.714878874014,1.8450348377227783,1.6894160509109497,0
9134.820862754199,1.8618348836898804,1.8153276443481445,0
9136.922316289158,0.9034134745597839,1.7463786602020264,0
9139.029270395116,-0.08094177395105362,1.6028434038162231,0
9141.131692068722,0.227969229221344,1.9792451858520508,0
9143.23961684744,1.3741085529327393,2.3576436042785645,0
9145.343007105714,0.6743673086166382,2.444040536880493,0
9147.446881246153,1.5187054872512817,2.273277759552002,0
9149.556262293547,0.7874113321304321,2.050715923309326,0
9151.661105687805,0.43389537930488586,1.5384726524353027,0
9153.771458526047,0.21863073110580444,0.9941364526748657,0
9155.877271620659,1.4770890474319458,0.9761160016059875,0
9157.988596697453,-0.26723676919937134,1.4093753099441528,0
9160.09537993916,0.17656607925891876,1.4989608526229858,0
9162.202647843582,1.6208301782608032,1.1511934995651245,0
9164.315431538162,0.8975276947021484,1.1068098545074463,0
9166.423670259908,-0.95142662525177,1.636467456817627,0
9168.537427312936,1.8932161331176758,1.8231499195098877,0
9170.646637299264,-0.35719582438468933,1.8689069747924805,0
9172.761368159163,1.3274418115615845,1.7829678058624268,0
9174.87154985753,0.9762516617774963,1.5748556852340698,0
9176.982217000424,1.897162675857544,1.4948657751083374,0
9179.098408831009,-0.2412770688533783,1.750581979751587,0
9181.210048357256,0.6740366220474243,2.111079216003418,0
9183.327215116415,1.7839933633804321,2.010373830795288,0
9185.439827473989,0.9385406374931335,2.0095038414001465,0
9187.55796961087,0.7457445859909058,1.9532793760299683,0
9189.671555247956,1.468109130859375,1.9695783853530884,0
9191.785627112642,1.443384051322937,2.0175230503082275,0
9193.905232576903,0.3241092562675476,1.8518447875976562,0
9196.020278393495,0.8311645984649658,1.6559377908706665,0
9198.140860358988,0.42468026280403137,1.645104169845581,0
9200.256880576184,0.5593342781066895,1.6327794790267944,0
9202.378439492784,1.561896562576294,1.5272349119186401,0
9204.49543455949,1.6383085250854492,1.3810043334960938,0
9206.61291663813,1.270479679107666,1.1877093315124512,0
9208.735941242609,0.06770039349794388,1.032226800918579,0
9210.854398844238,0.39880236983299255,0.9283990859985352,0
9212.978401525146,-0.6773008108139038,0.8444802761077881,0
