tjd,aperture_difference_flux,scaled_aperture_flux,mit_difference_flux,residual
1325.323974336618,1.0409774780273438,2743.554196876491,2876.6176578744203,-133.06346099792927
1325.344807926582,2.779590606689453,6012.012730349449,2484.5784169223225,3527.4343134271267
1325.3656415177095,1.0609397888183594,2781.0818009058835,-1799.6442768638753,4580.726077769759
1325.3864751099131,-0.9381237030029297,-977.0033194023059,-5145.706903031737,4168.703583629431
1325.407308703136,-3.323179244995117,-5460.723711546166,-4793.883790012244,-666.8399215339214
1325.4281422974059,-2.566211700439453,-4037.6831341010247,-3464.967883633818,-572.7152504672067
1325.4489758926375,-1.2719478607177734,-1604.5669786058434,-3329.1919415114658,1724.6249629056224
1325.4698094888008,-0.6590404510498047,-452.34833931624974,-2621.0928768880462,2168.7445375717966
1325.4906430858941,-0.4100456237792969,15.74272393781132,-1601.7426287495548,1617.4853526873662
1325.511476683832,-0.7103404998779297,-548.7884728892033,-2078.4874813955867,1529.6990085063835
1325.532310282642,0.4554901123046875,1642.8831245204485,-4494.742907164686,6137.626031685134
1325.553143882239,-3.345643997192383,-5502.955712335214,-5290.601938809988,-212.35377352522664
1325.573977482622,-1.1189899444580078,-1317.0178980083774,-4533.382000492443,3216.3641024840654
1325.594811083761,0.8544731140136719,2392.9403828881455,-3308.399051433379,5701.339434321524
1325.615644685599,-0.9120502471923828,-927.9872342616801,-4120.0988441110585,3192.1116098493785
1325.6364782881346,0.1809406280517578,1126.7512778930072,-6030.743434570606,7157.494712463613
1325.65731189134,-3.7595062255859375,-6280.984768814252,-3671.501250274166,-2609.4835185400857
1325.678145495186,-0.40717124938964844,21.14632600854452,-2966.016300789689,2987.1626267982338
1325.698979099614,-0.9676036834716797,-1032.4234080587444,-3961.481571293549,2929.058163234805
1325.719812704653,0.3353252410888672,1416.9824383503992,-3908.791872216602,5325.7743105670015
1325.740646310245,-1.3576850891113281,-1765.7463526479996,-4279.925706021394,2514.1793533733944
1325.76147991639,-1.1451148986816406,-1366.1307961920756,-4952.545693446235,3586.4148972541598
1325.7823135230296,0.6007556915283203,1915.971205017538,-4860.0705958202825,6776.04180083782
1325.803147130164,-2.8548336029052734,-4580.2700411650085,-5384.763192615251,804.4931514502423
1325.823980737794,-0.6215190887451172,-381.81107326750123,-6314.482537034558,5932.671463767057
1325.8448143458595,-1.8100719451904297,-2616.1987366815624,-4907.694494160697,2291.4957574791347
1325.865647954362,0.08667182922363281,949.5332097152241,-4337.080076557419,5286.613286272643
1325.886481563272,-1.9426307678222656,-2865.399095217653,-4461.46779519873,1596.0686999810764
1325.9073151725884,-1.4782600402832031,-1992.4179574943646,-3436.533054095411,1444.1150966010464
1325.9281487822846,0.30515480041503906,1360.2643377831407,-3987.106672866722,5347.371010649863
1325.9489823923595,-1.1734676361083984,-1419.4317549057114,-6535.181985337745,5115.750230432033
1325.9698160027535,-1.776641845703125,-2553.3527290546604,-7482.281258284674,4928.928529230014
1325.990649613497,-1.551401138305664,-2129.9175783347146,-5324.202058477028,3194.2844801423134
1326.0114832245304,-0.5593490600585938,-264.93621626979063,-4041.7118532485047,3776.775636978714
1326.0323168358855,0.19664955139160156,1156.2828416982886,-4231.177422529688,5387.460264227976
1326.053150447532,0.2108173370361328,1182.9171855479278,-3325.039231151186,4507.956416699114
1326.0739840594395,0.9555778503417969,2583.009486116697,-4238.760761171507,6821.770247288204
1326.094817671609,-1.761627197265625,-2525.1263484967226,-5811.979483682447,3286.853135185724
1326.1156512840394,-1.7532539367675781,-2509.385264826836,-3445.4411491101096,936.0558842832734
1326.1364848966746,2.5024547576904297,5491.018717558827,-3299.3566020078547,8790.375319566681
1326.157318509572,-0.5873641967773438,-317.6025117010646,-3954.5691547168126,3636.966643015748
1326.178152122674,0.3082561492919922,1366.094634377044,-2623.207432276723,3989.302066653767
1326.198985735949,-0.4676227569580078,-92.49784388516423,-4107.247198825318,4014.7493549401543
1326.219819349428,-2.1613292694091797,-3276.5354037991683,-4729.997544599158,1453.4621407999894
1326.2406529631112,-1.3388042449951172,-1730.2518225231233,-2884.4744399280416,1154.2226174049183
1326.2614865769385,-0.8763084411621094,-860.7953967013151,-245.6778511135169,-615.1175455877982
1326.2823201909425,3.776195526123047,7885.553082555608,-1689.024652509806,9574.577735065413
1326.3031538050914,-1.9977951049804688,-2969.103792689283,-4160.539065630837,1191.435272941554
1326.3239874193855,-0.9183597564697266,-939.8486248721548,-3662.8115687570375,2722.962943884883
1326.3448210338252,-1.1080608367919922,-1296.4720188675005,-3903.888853487154,2607.4168346196534
1326.3656546483799,-2.3262271881103516,-3586.5307677163355,-2412.450751208369,-1174.0800165079663
1326.3864882630535,1.5733833312988281,3744.436121502935,-2972.96969094664,6717.405812449575
1326.4073218778426,-1.3482418060302734,-1747.9937090831686,-1696.1510582315268,-51.84265085164179
1326.428155492748,1.575225830078125,3747.8998770439625,-448.8891203003366,4196.788997344299
1326.44898910774,-0.037567138671875,715.9735361376854,-2383.123658100892,3099.0971942385777
1326.469822722791,-0.3350372314453125,156.7527140065937,-1950.0974229078404,2106.850136914434
1326.4906563379582,0.256134033203125,1268.1090777831973,-1105.1376524034308,2373.246730186628
1326.511489953213,-0.6598854064941406,-453.9367903562862,-229.37891202042613,-224.5578783358601
1326.532323568526,0.9147529602050781,2506.26184263828,-1806.9063417713523,4313.168184409633
1326.5531571838965,-0.3123970031738281,199.3145962757401,-2038.8766794580101,2238.1912757337504
1326.573990799326,1.6345233917236328,3859.3747176392017,-1540.4260031121376,5399.800720751339
1326.594824414813,0.3904094696044922,1520.536537755028,-1204.1894508437083,2724.725988598736
1326.615658030329,0.18532752990722656,1134.9983148954534,-153.26344103825858,1288.261755933712
1326.636491645905,2.3882999420166016,5276.416472082129,-3114.2617821974836,8390.678254279614
1326.6573252615376,-3.087657928466797,-5017.961808894401,-3339.468063895861,-1678.4937449985396
1326.67815887717,0.44914817810058594,1630.9607775495208,-382.23867717943904,2013.1994547289598
1326.698992492832,0.2435283660888672,1244.411396240081,-927.0501316563691,2171.46152789645
1326.719826108523,-0.2264537811279297,360.88122249018517,-2043.7051712650687,2404.586393755254
1326.740659724243,1.5193233489990234,3642.807525954964,-1172.8445572518308,4815.6520832067945
1326.7614933399636,1.286630630493164,3205.3631693356456,399.6109612864309,2805.7522080492145
1326.7823269557134,1.7837944030761719,4139.992701486351,-1368.3715944733449,5508.3642959596955
1326.8031605714332,-0.8526287078857422,-816.2793252294151,-2864.567957446686,2048.288632217271
1326.823994187153,-1.3605384826660156,-1771.1105123678512,-2006.6992146653577,235.58870229750642
1326.8448278029314,-0.17783164978027344,452.28707782338466,-1255.9240400956103,1708.211117918995
1326.8656614186525,-1.6761436462402344,-2364.4238683334033,-234.80460356841968,-2129.6192647649837
1326.8864950343732,1.6640911102294922,3914.959747035689,-1114.2752222889549,5029.234969324643
1326.907328650093,-0.11210441589355469,575.8492061296005,-780.5280171260938,1356.3772232556944
1326.928162265755,1.5506973266601562,3701.7881831955024,604.4757922436637,3097.3123909518386
1326.948995881416,1.2749900817871094,3183.4798359330675,689.8342622274951,2493.6455737055726
1326.969829497078,1.278961181640625,3190.9451972544125,-1114.3970896355495,4305.3422868899615
1326.990663112682,0.7081317901611328,2117.8299854913257,-2016.2195206864062,4134.049506177732
1327.011496728287,0.35735511779785156,1458.3969067757266,-1191.3481092577806,2649.7450160335075
1327.0323303438322,0.5195941925048828,1763.3938491357592,-2255.2884528812456,4018.682302017005
1327.053163959378,-0.9884414672851562,-1071.5968338203643,-1633.7074974204147,562.1106636000504
1327.0739975748652,0.6977825164794922,2098.3741495020763,509.7633295314654,1588.610819970611
1327.094831190294,1.4324512481689453,3479.4946792969577,-371.5978991067825,3851.09257840374
1327.1156648056653,0.9836158752441406,2635.718809567114,-3002.2712036729126,5637.990013240027
1327.1364984210359,-0.8742961883544922,-857.0125166849756,-4007.215143666,3150.2026269810244
1327.157332036349,-1.4626617431640625,-1963.0943624482752,-3070.8767920186165,1107.7824295703413
1327.1781656516036,-1.4337577819824219,-1908.7571456069404,-1429.6720887081683,-479.0850568987721
1327.1989992668,-0.5039043426513672,-160.7044255636563,-3415.456768366448,3254.7523428027916
1327.219832881938,-1.3985919952392578,-1842.6481798616796,-4827.175888039441,2984.5277081777613
1327.240666497019,-1.9106426239013672,-2805.2638527967724,-5291.928923698287,2486.6650709015144
1327.2615001120405,-2.8267765045166016,-4527.524861031972,-6372.094581387445,1844.5697203554728
1327.2823337270029,-2.6116104125976562,-4123.029210071557,-4678.672588375553,555.6433783039956
1327.30316734185,-1.6887073516845703,-2388.042665174757,-3838.325967673836,1450.2833024990791
1327.324000956697,-2.975797653198242,-4807.673122336808,-4864.685944246795,57.012821909987
1327.3448345714864,-3.5380477905273438,-5864.659998257719,-6062.532891874365,197.87289361664625
1327.3656681861594,-3.9735050201416016,-6683.285990798364,-7334.958913662218,651.6729228638542
1327.3865018007737,-3.8386917114257812,-6429.847372376667,-7049.383832984472,619.5364606078047
1327.4073354153295,-1.378072738647461,-1804.0735606998028,-7885.655707158864,6081.582146459061
1327.428169029769,-4.933799743652344,-8488.565976302101,-7253.138040666448,-1235.4279356356528
1327.4490026441504,-2.6535110473632812,-4201.799170449704,-6726.518834134417,2524.719663684713
1327.469836258474,-4.185190200805664,-7081.237797180751,-5948.771521529854,-1132.466275650897
1327.4906698726816,-1.7546653747558594,-2512.0386593406665,-4442.192040491355,1930.1533811506888
1327.5115034868295,-2.0150833129882812,-3001.604289815445,-5200.63559694301,2199.0313071275646
1327.5323371009194,-1.6471519470214844,-2309.92171075202,-4545.361199639629,2235.4394888876095
1327.5531707148934,-1.6565570831298828,-2327.602640951612,-4597.598170569561,2269.995529617949
1327.5740043287515,-1.8027992248535156,-2602.526583598811,-4783.753078326203,2181.2264947273916
1327.5948379425515,-1.1516494750976562,-1378.4152956574585,-4151.418005490676,2773.002709833217
1327.615671556293,-1.2730731964111328,-1606.6825228803837,-6733.632041451861,5126.949518571478
1327.6365051699172,-3.9845409393310547,-6704.032667361908,-7259.770798340076,555.7381309781676
1327.657338783425,-1.9649162292480469,-2907.29404319008,-4581.032972345587,1673.7389291555069
1327.6781723968757,-0.9885749816894531,-1071.8478305986996,-4838.49232494957,3766.64449435087
1327.6990060102094,-2.973642349243164,-4803.621317200824,-6588.64026650415,1785.0189493033258
1327.7198396234276,-3.007415771484375,-4867.112745114873,-7446.255542264801,2579.142797149928
1327.7406732365855,-2.08160400390625,-3126.658056118625,-6859.292945484566,3732.634889365941
1327.761506849628,-1.9653968811035156,-2908.197631592087,-7800.740399252115,4892.542767660028
1327.7823404625547,-4.159137725830078,-7032.261154391006,-7684.23148750092,651.9703331099136
1327.803174075422,-4.306921005249023,-7310.082316993847,-5756.838398911902,-1553.2439180819447
1327.824007688116,-2.647979736328125,-4191.400732490098,-5132.113033752324,940.712301262226
1327.8656749133288,-3.159820556640625,-5153.621981916379,-4228.04724814707,-925.5747337693092
1327.886508525731,-1.8584918975830078,-2707.2245111789966,-4183.796543711947,1476.5720325329507
1327.907342138075,-1.6989707946777344,-2407.337146092219,-5111.379551581214,2704.0424054889954
1327.9281757502454,-2.6658496856689453,-4224.994858436149,-6784.854127467972,2559.859269031823
1327.9490093623572,-3.499998092651367,-5793.129502100415,-8322.42679750927,2529.2972954088546
1327.969842974352,-4.918161392211914,-8459.167082222511,-7176.773030931243,-1282.3940512912686
1327.9906765862306,-2.789112091064453,-4456.718669863579,-6176.544237831253,1719.825567967674
1328.0115101980505,-1.969024658203125,-2915.017572626284,-6640.488238841372,3725.4706662150875
1328.0323438096962,-2.556507110595703,-4019.4392539843084,-5190.282199189551,1170.8429452052424
1328.053177421225,-1.6384315490722656,-2293.5280354584615,-5492.240845288578,3198.712809830117
1328.074011032697,-2.6508216857910156,-4196.743378200378,-7277.942958031025,3081.199579830647
1328.094844643993,-4.077272415161133,-6878.360686920574,-6110.907412394902,-767.453274525672
1328.115678255173,-2.1591930389404297,-3272.519455345803,-4858.3889123527315,1585.8694570069283
1328.1365118662945,-2.043609619140625,-3055.231544340917,-4323.237440527125,1268.0058961862078
1328.157345477242,-1.6838455200195312,-2378.9027967750894,-3609.4125134237397,1230.5097166486503
1328.178179088073,-1.4977703094482422,-2029.0957581456787,-3961.6103878369495,1932.5146296912708
1328.199012698846,-1.8660888671875,-2721.5062278662767,-5145.790765054044,2424.284537187767
1328.2198463094442,-3.008302688598633,-4868.780080856673,-4573.612284163608,-295.1677966930647
1328.240679919925,-0.7352237701416016,-595.567101034383,-4191.583472161194,3596.0163711268106
1328.26151353029,-2.608804702758789,-4117.754692058254,-5609.29012200398,1491.5354299457267
1328.2823471405395,-2.1059951782226562,-3172.5115818522263,-3743.8867071917675,571.3751253395412
1328.3031807506725,0.0060558319091796875,797.9813549563581,-3686.904110971399,4484.885465927757
1328.324014360688,-2.024993896484375,-3020.2354221044498,-4359.447977152852,1339.2125550484025
1328.3448479705876,-0.9384727478027344,-977.6594966942397,-4081.185197194118,3103.525700499878
1328.365681580312,-1.5131282806396484,-2057.9675589907642,-2863.8766567499765,805.9090977592123
1328.3865151899786,0.44959449768066406,1631.7998239228132,-2963.487711360406,4595.28753528322
1328.407348799471,-1.8335628509521484,-2660.359826995531,-4761.302817769306,2100.942990773775
1328.428182408847,-1.8739337921142578,-2736.2540814276076,-3580.3351887902895,844.0811073626819
1328.4490160181056,-0.8821945190429688,-871.8607689576407,-3982.1590690061644,3110.2983000485237
1328.469849627248,-1.1473712921142578,-1370.3726417459425,-3806.4794226625954,2436.106780916653
1328.490683236216,-1.1305866241455078,-1338.818761040931,-5397.905775590165,4059.087014549234
1328.511516845126,-2.1838035583496094,-3318.7853329295267,-6322.869312241195,3004.0839793116684
1328.532350453862,-2.9821643829345703,-4819.64208299514,-6535.9015862788565,1716.2595032837162
1328.553184062481,-4.077585220336914,-6878.948736515531,-6709.072491545192,-169.87624497033903
1328.5740176709255,-3.012786865234375,-4877.209986940477,-5197.681655328692,320.4716683882143
1328.594851279311,-1.851369857788086,-2693.8356258889385,-4633.581761582158,1939.7461356932195
1328.6156848875225,-2.8551387786865234,-4580.843748086918,-3403.879787818072,-1176.9639602688458
1328.6365184956185,-1.5244007110595703,-2079.158858418789,-4421.290731510661,2342.1318730918724
1328.6573521035389,-3.9735984802246094,-6683.461688543198,-5402.370174816252,-1281.0915137269458
1328.678185711401,-2.657459259033203,-4209.221503751905,-5061.373168695199,852.1516649432933
1328.6990193190886,-1.8597984313964844,-2709.680693938421,-5042.982046399907,2333.3013524614857
1328.719852926601,-2.6072349548339844,-4114.803687078683,-6750.975589868797,2636.1719027901145
1328.7406865340558,-4.999444961547852,-8611.973920873053,-6536.924772496993,-2075.0491483760607
1328.7615201413364,-2.027067184448242,-3024.1330435051714,-4572.811962054409,1548.678918549238
1328.782353748501,-2.2166671752929688,-3380.5663970826345,-6235.263351510181,2854.696954427546
1328.80318735549,-5.697013854980469,-9923.349617305073,-7165.148331666905,-2758.201285638169
1328.8240209623625,-2.8090438842773438,-4494.188903200779,-6795.213303433969,2301.024400233189
1328.8448545691185,-3.3118133544921875,-5439.356714373306,-5850.571510847034,411.2147964737278
1328.8656881757001,-2.243989944458008,-3431.9310949348264,-5395.806975495923,1963.875880561097
1328.886521782224,-2.690927505493164,-4272.139224744046,-5251.187270322143,979.0480455780971
1328.907355388515,-2.5637779235839844,-4033.1078213987976,-3911.3720690306627,-121.73575236813485
1328.928188994747,-1.4055023193359375,-1855.6390559746633,-3662.9076783016367,1807.2686223269734
1328.9490226007465,-2.7142810821533203,-4316.042146943156,-5012.939220933618,696.8970739904626
1328.969856206688,-2.001070022583008,-2975.2603850950227,-5182.532739556706,2207.272354461683
1328.990689812455,-2.6042327880859375,-4109.1598452344,-2330.9212033284075,-1778.2386419059922
1329.011523418106,-0.0741119384765625,647.2721322390465,-3096.6583983752057,3743.9305306142523
1329.0323570235814,-1.9108734130859375,-2805.6977186564663,-5514.3578232014925,2708.660104545026
1329.053190628941,-3.347309112548828,-5506.086000727882,-3970.098599405991,-1535.9874013218905
1329.0740242341249,0.1497173309326172,1068.0538884451619,-1905.8968402245482,2973.95072866971
1329.0948578392515,-0.433563232421875,-28.468565731824242,-3824.775404611314,3796.30683887949
1329.1156914441453,-2.1889266967773438,-3328.416437881079,-4933.853878567505,1605.4374406864254
1329.136525048923,-2.218914031982422,-3384.790314295192,-5219.105490943833,1834.3151766486408
1329.1573586535842,-4.209480285644531,-7126.901282496469,-5394.53659604417,-1732.3646864522989
1329.17819225807,-2.158660888671875,-3271.519053900724,-5239.96012169627,1968.4410677955461
1329.1990258624396,-3.4859580993652344,-5766.735398024325,-5023.388544499016,-743.3468535253096
1329.2198594666345,-2.647449493408203,-4190.4039167132805,-2862.1002716336884,-1328.3036450795921
1329.240693070714,-1.9511547088623047,-2881.4234466802322,-2154.593800118473,-726.8296465617591
1329.2615266746766,-1.9497108459472656,-2878.709095805949,-2159.512281253467,-719.196814552482
1329.282360278406,-2.1152477264404297,-3189.905658590864,-2498.509062166009,-691.396596424855
1329.303193882077,-1.8386096954345703,-2669.847505216606,-2477.0795444007204,-192.76796081588554
1329.3240274855734,-0.47780609130859375,-111.6417267356253,-1570.586422034079,1458.9446952984538
1329.3448610888959,-1.09869384765625,-1278.8628020331466,-1376.5743603083743,97.71155827522762
1329.365694692102,-1.239938735961914,-1544.392293834081,-1397.9257040306754,-146.46658980340567
1329.386528295133,-0.8079910278320312,-732.363930895394,-1717.8306953675688,985.4667644721748
1329.4073618980474,-0.6831398010253906,-497.65325780577484,-560.8726133801626,63.219355574387805
1329.428195500787,0.6599483489990234,2027.2488338583707,-162.77159630627966,2190.0204301646504
1329.4490291034106,-0.9509811401367188,-1001.1743091559973,-944.1944678029806,-56.979841353016695
1329.4698627058594,0.8805332183837891,2441.9313683509376,-763.5375495336598,3205.4689178845974
1329.490696308193,0.10314750671386719,980.5062121618024,-669.8684205726967,1650.374632734499
1329.5115299103504,0.018339157104492188,821.0730585632075,-941.4806225358482,1762.5536810990557
1329.5323635123918,-1.9242591857910156,-2830.8619385187135,-1512.0663700654882,-1318.7955684532253
1329.553197114258,-0.5666542053222656,-278.66932571299446,-994.8110109980829,716.1416852850884
1329.574030715951,-0.5527057647705078,-252.4473337134774,-3811.510465333488,3559.0631316200106
1329.594864317528,-4.813955307006836,-8263.267682400055,-6308.4347989324315,-1954.832883467624
1329.6156979189875,-3.327373504638672,-5468.608596054157,-5482.150983847562,13.542387793405396
1329.636531520214,-2.1612606048583984,-3276.4063197417386,-4759.322604273337,1482.9162845315982
1329.657365121324,-1.6103477478027344,-2240.732655969758,-3783.0391783459313,1542.3065223761732
1329.6781987223171,-1.6491355895996094,-2313.6508057444303,-4218.943455603885,1905.2926498594547
1329.699032323137,-2.0889663696289062,-3140.498735609687,-5337.781083569571,2197.2823479598837
1329.719865923782,-2.8821258544921875,-4631.57736832501,-3160.7439009535506,-1470.8334673714594
1329.74069952431,-1.1248664855957031,-1328.0653419233931,-2758.3536921507402,1430.288350227347
1329.761533124663,-3.3578548431396484,-5525.91116054811,-3977.7632313289423,-1548.147929219168
1329.7823667249,-1.4528217315673828,-1944.5958998849624,-3914.134192924249,1969.5382930392866
1329.8032003249618,-2.0335845947265625,-3036.385271956197,-2990.0803375934524,-46.30493436274446
1329.8240339248505,-2.287517547607422,-3513.7596303404025,-2439.5174424816196,-1074.242187858783
1329.8448675246218,-2.197277069091797,-3344.1144935318225,-2804.722362860636,-539.3921306711864
1329.865701124219,-2.198894500732422,-3347.155140217941,-2778.2076427663364,-568.9474974516047
1329.886534723641,-1.972452163696289,-2921.461018492978,-1234.1506543506905,-1687.3103641422874
1329.907368322946,0.028217315673828125,839.6432344917592,-1637.2497614574113,2476.8929959491707
1329.9282019220768,-0.8377227783203125,-788.2573277624077,-2750.1262700423276,1961.8689422799198
1329.9490355210346,-1.1982898712158203,-1466.0956416665094,-1040.4535346683886,-425.6421069981209
1329.9698691198755,0.9191856384277344,2514.594935679013,151.84399430102846,2362.7509413779844
1329.9907027185404,1.4798107147216797,3568.526822240757,226.4459786785942,3342.080843562163
1330.011536317089,-1.6679763793945312,-2349.0700368358057,169.74211138898374,-2518.8121482247893
1330.0323699154635,0.5172653198242188,1759.0157481879387,-301.225280845755,2060.241029033694
1330.053203513664,0.3292694091796875,1405.5979416187613,-348.6788472543171,1754.2767888730784
1330.0740371116894,-0.6106319427490234,-361.34407882838684,-1532.4416873901564,1171.0976085617694
1330.094870709598,-1.9768600463867188,-2929.747497846305,-2315.3628394121483,-614.3846584341568
1330.1157043073322,-1.2888660430908203,-1636.3718560891903,-572.4811330616249,-1063.8907230275654
1330.136537904891,1.13543701171875,2921.1308318804677,-1398.5345849918358,4319.6654168723035
1330.1573715023342,-0.9887962341308594,-1072.2637681170836,-2187.249116706506,1114.9853485894223
1330.178205099603,-2.121734619140625,-3202.1005163496984,-197.77224864733512,-3004.3282677023635
1330.1990386966975,-0.213714599609375,384.8299008116366,-1597.2830418319136,1982.1129426435502
1330.219872293675,-1.7471237182617188,-2497.860927032983,-3518.247272456584,1020.3863454236011
1330.240705890478,-2.6608638763427734,-4215.621921599456,-1281.3837529186462,-2934.23816868081
1330.261539487106,1.2034454345703125,3048.9814194279556,-466.86967407993245,3515.851093507888
1330.282373083559,-1.3148040771484375,-1685.1333587832187,-956.695634981512,-728.4377238017067
1330.303206679897,-0.3842124938964844,64.30701487743363,-104.93945419204783,169.24646906948146
1330.32404027606,0.6368999481201172,1983.9196185811707,220.67548936898004,1763.2441292121907
1330.365707467861,0.6572113037109375,2022.1033999024967,-220.22926738266528,2242.3326672851617
1330.3865410635576,-0.3825817108154297,67.37276124138646,-568.277420108953,635.6501813503395
1330.407374659079,-0.5658073425292969,-277.0772890046961,-958.7406592899745,681.6633702852783
1330.428208254427,-0.4919624328613281,-138.25455657569296,-281.47555773895,143.22100116325703
1330.449041849601,-0.08070182800292969,634.8836483940676,811.4782596491536,-176.59461125508608
1330.469875444658,0.9916114807128906,2650.749930921138,1600.5982970169043,1050.1516339042337
1330.4907090395395,0.5955276489257812,1906.142888311579,1474.942767005486,431.200121306093
1330.511542634247,0.8500804901123047,2384.6825888809135,724.7300624963707,1659.9525263845428
1330.53237622878,0.5479164123535156,1816.6374371572042,-417.60898975417797,2234.246426911382
1330.553209823197,-1.9951953887939453,-2964.2165268482686,-1519.6581154349951,-1444.5584114132735
1330.5740434174386,-0.22010040283203125,372.82508347068443,-1378.7589779070759,1751.5840613777602
1330.594877011505,-0.8206367492675781,-756.1369114720106,-1924.1939283476854,1168.057016875675
1330.615710605397,-1.2997722625732422,-1656.8747072109236,-2192.7984615326154,535.9237543216918
1330.636544199115,-1.6397857666015625,-2296.073859924434,-1147.5463338035847,-1148.5275261208494
1330.657377792717,-0.09452247619628906,608.9018961681002,-2574.5676398292603,3183.4695359973603
1330.678211386144,-3.046384811401367,-4940.371533374429,-3308.733065502628,-1631.6384678718014
1330.6990449793966,-0.5487747192382812,-245.0572714256333,-2474.9854353875207,2229.9281639618875
1330.719878572474,-2.307424545288086,-3551.1832499901984,-3492.9243885420747,-58.25886144812375
1330.740712165376,-2.000335693359375,-2973.8799028141784,-3124.9560252447495,151.0761224305711
1330.7615457581628,-0.39304351806640625,47.7053708246832,-1192.2349852402986,1239.9403560649816
1330.7823793507168,0.3835105895996094,1507.5671756516158,38.82306510893676,1468.744110542679
1330.8032129431544,0.7508220672607422,2198.084412529913,-1206.0824121731428,3404.1668247030557
1330.824046535417,-1.8928031921386719,-2771.727097542912,-2501.804188217676,-269.9229093252361
1330.8448801275053,-1.5781364440917969,-2180.177890362231,-2661.229994402567,481.05210404033596
1330.8657137194768,-2.197542190551758,-3344.6129014202306,-1945.5619331526286,-1399.050968267602
1330.886547311216,-0.31549072265625,193.4986423548845,-723.596603475409,917.0952458302935
1330.9073809028391,-1.137899398803711,-1352.5662131571826,-723.4701962571427,-629.0960169000399
1330.928214494286,-0.6771087646484375,-486.31537476154233,-1561.0459124586146,1074.7305376970721
1330.949048085501,-1.1564254760742188,-1387.393808985339,-575.6404308944464,-811.7533780908927
1330.969881676599,0.2635631561279297,1282.0752556634268,25.644137386257057,1256.4311182771698
1330.990715267581,-0.09574127197265625,606.6106541487248,-1469.8401497489294,2076.450803897654
1331.0115488583306,-1.0736579895019531,-1231.7973204270124,-2157.823091577047,926.0257711500344
1331.032382448906,-0.6286582946777344,-395.23222957191695,-908.41374781436,513.1815182424431
1331.0532160393645,-0.4423656463623047,-45.01642476064569,380.2942420785066,-425.3106668391523
1331.0740496295894,-0.015275955200195312,757.8792411148979,1353.3306941595229,-595.4514530446249
1331.0948832196987,0.47752952575683594,1684.3155212870859,1222.5542332790337,461.76128800805213
1331.115716809632,-0.11171913146972656,576.573511118511,341.3574688289063,235.21604228960467
1331.136550399393,-0.09208488464355469,613.4843802068506,-528.7356362381777,1142.2200164450283
1331.157383988978,-0.07362174987792969,648.1936489823634,-901.2090122450281,1549.4026612273915
1331.178217578389,-0.5689945220947266,-283.0689406703865,1159.0633516132496,-1442.1322922836362
1331.1990511676245,2.565845489501953,5610.1884022441745,1742.5973113403488,3867.5910909038257
1331.2198847566856,0.21683502197265625,1194.229968914327,-270.3627868535864,1464.5927557679133
1331.240718345631,-0.7123146057128906,-552.4996395403042,-1544.9202829485391,992.4206434082349
1331.261551934343,-1.2836170196533203,-1626.5040970323503,-1761.728529780588,135.22443274823763
1331.2823855228798,-0.051372528076171875,690.0204692578134,-1253.9326962903094,1943.9531655481228
1331.303219111301,-0.48532867431640625,-125.78360236068954,318.18657074756925,-443.9701731082588
1331.3240526994896,0.576995849609375,1871.3045354786368,1065.8748865141429,805.4296489644939
1331.3448862875612,0.2196178436279297,1199.4614589084874,1401.0597589323695,-201.59830002388208
1331.3657198754586,0.6875743865966797,2079.1836529642105,1340.3491525299778,738.8345004342327
1331.3865534631232,0.6188983917236328,1950.078081525046,1820.3978010950239,129.6802804300221
1331.407387050671,0.22072601318359375,1201.5447321686706,1740.9998097086007,-539.45507753993
1331.428220638044,1.1190853118896484,2890.390897870915,470.86618451775263,2419.5247133531625
1331.4490542252424,0.7736835479736328,2241.062232317444,-979.0833194408028,3220.1455517582467
1331.4698878122665,-0.3020153045654297,218.83138862544206,-20.19576684038975,239.0271554658318
1331.490721399058,0.5368156433105469,1795.7688478727534,3540.6490186244637,-1744.8801707517102
1331.511554985733,2.6564464569091797,5780.51123035426,3121.9803854139627,2658.5308449402974
1331.532388572233,-0.11930084228515625,562.3204797773267,1155.6762636046274,-593.3557838273007
1331.553222158558,0.07972526550292969,936.4742059052635,2715.744553006422,-1779.2703471011584
1331.5740557447095,2.894987106323242,6228.9492458646655,955.2510245851099,5273.698221279556
1331.594889330686,-0.8537254333496094,-818.3410844800268,-1078.9803596960394,260.6392752160126
1331.615722916488,0.44565773010253906,1624.3990046301833,-755.7404268340473,2380.1394314642307
1331.6365565020565,-0.13632965087890625,530.3076335347878,195.6544614930806,334.6531720417072
1331.657390087509,0.7332649230957031,2165.0783361788185,209.6153363965518,1955.4629997822667
1331.678223672787,-0.9059467315673828,-916.5130958234942,-372.32767694146344,-544.1854188820307
1331.6990572578895,-0.3221759796142578,180.9308750968089,-927.4347140785919,1108.3655891754008
1331.7198908428186,-1.1694774627685547,-1411.9305369017475,-1450.5072639584528,38.576727056705295
1331.740724427515,0.3529090881347656,1450.0387140571606,-623.3415302351486,2073.3802442923093
1331.761558012094,-0.4563312530517578,-71.27068777452007,46.669555337129395,-117.94024311164947
1331.782391596499,-0.5902061462402344,-322.9451574113449,968.523768936497,-1291.468926347842
1331.8032251806706,-0.4728984832763672,-102.41580229767135,-673.3551549490253,570.9393526513539
1331.8240587647256,-1.5658283233642578,-2157.0395730679766,-1207.2362177868486,-949.803355281128
1331.8448923485485,1.5361995697021484,3674.5335187365486,-656.011302981058,4330.544821717606
1331.865725932197,-0.7623119354248047,-646.4907616903573,-810.1035654703956,163.61280378003823
1331.886559515729,0.11274909973144531,998.5564661923738,-35.04104859135151,1033.5975147837253
1331.907393099027,-0.8365211486816406,-785.9983567573898,-342.8592182873491,-443.13913847004073
1331.928226682151,-1.274557113647461,-1609.4721727881679,-462.21766299068304,-1147.2545097974848
1331.949060265101,-0.6032466888427734,-347.4603713181817,392.1725118610367,-739.6328831792184
1331.969893847876,0.6079025268554688,1929.4067039950014,-771.9488697285324,2701.355573723534
1331.990727430477,0.06690788269042969,912.3785151850728,-1467.5839752387149,2379.9624904237876
1332.0115610128435,0.2188587188720703,1198.034362940238,417.45864228670166,780.5757206535363
1332.0323945950945,0.5998725891113281,1914.3110406122628,2159.691957354975,-245.3809167427121
1332.053228177112,1.4251422882080078,3465.7543985172297,1467.091576097719,1998.6628224195106
1332.0740617590145,0.11565780639648438,1004.0246102918219,575.3907065982955,428.63390369352635
1332.094895340684,0.41925048828125,1574.755427543719,698.172083302492,876.583344241227
1332.1157289221785,0.5866718292236328,1889.4946305714238,217.7839435625899,1671.710687008834
1332.136562503498,0.0455322265625,872.1939309735883,-23.360215898012882,895.5541468716012
1332.1573960846426,-0.323974609375,177.5495899258059,-204.2652943704191,381.814884296225
1332.1782296655545,-1.1555061340332031,-1385.665516883087,-371.09893828182646,-1014.5665786012606
1332.1990632463514,1.110870361328125,2874.947424666769,-50.96244179832922,2925.9098664650983
1332.2198968269145,-0.9719886779785156,-1040.666859392929,-251.02606135190928,-789.6407980410197
1332.2407304073026,-0.8246059417724609,-763.5986871250935,-2257.4494387797695,1493.850751654676
1332.2615639875162,-1.9225177764892578,-2827.588223395568,-3295.135399837824,467.54717644225593
1332.282397567555,-1.4921512603759766,-2018.5323794460237,-1328.1679234085695,-690.3644560374541
1332.3032311631946,0.48708343505859375,1702.276133611109,-830.313571570361,2532.58970518147
1332.3240647428852,-0.8613643646240234,-832.7016858690689,-1191.9059977296174,359.2043118605485
1332.3448983223416,-0.874969482421875,-858.278257581438,-227.0532924119899,-631.2249651694481
1332.365731901624,1.0521507263183594,2764.5590415548954,1648.153625690688,1116.4054158642075
1332.3865654807319,1.5636482238769531,3726.1348706940285,1773.112363629404,1953.0225070646245
1332.407399059606,0.19693756103515625,1156.8242776058405,2416.9174823238855,-1260.093204718045
1332.428232638365,0.8903465270996094,2460.3796315585837,3563.1968832827774,-1102.8172517241937
1332.449066216891,2.174152374267578,4873.835567973586,1380.760563507223,3493.0750044663628
1332.469899795243,-0.19243621826171875,424.8316159417626,1141.3019123000065,-716.4702963582439
1332.490733373419,2.6350975036621094,5740.376845498443,1363.8099665358357,4376.566878962607
1332.511566951362,-0.6411972045898438,-418.8044127258653,2438.574503805581,-2857.3789165314465
1332.53240052919,1.7766456604003906,4126.553616840625,2715.50161225798,1411.0520045826452
1332.5532341067847,-0.6405658721923828,-417.6175565311654,1134.9321171034944,-1552.54967363466
1332.574067684147,-0.8374977111816406,-787.8342189074996,1332.656422631577,-2120.4906415390765
1332.5949012613914,0.7100296020507812,2121.397725411949,481.84339935042476,1639.5543260615243
1332.6157348384031,-0.8890876770019531,-884.8193740562671,-411.3149070957579,-473.50446696050915
1332.6365684152415,-0.8470268249511719,-805.7482175441177,902.7624529586685,-1708.510670502786
1332.6574019918467,0.9863948822021484,2640.9431282247506,707.9224902440819,1933.0206379806687
1332.678235568335,-0.6603870391845703,-454.8798211091745,1455.8082826078587,-1910.6881037170333
1332.6990691445915,1.539957046508789,3681.597285212557,3061.931759970553,619.6655252420042
1332.719902720672,1.9001617431640625,4358.754322146891,1751.534113392045,2607.2202087548467
1332.74073629652,0.6988258361816406,2100.3355100413537,754.1539036381408,1346.1816064032128
1332.761569872193,0.45706748962402344,1645.8484721730672,2058.2428842003123,-412.39441202724515
1332.7824034476926,1.7988243103027344,4168.247767390383,1978.6022321159307,2189.6455352744524
1332.8032370229594,0.24000167846679688,1237.7814956237667,309.2585664362223,928.5229291875444
1332.8240705980506,-0.7976837158203125,-712.9869796079073,166.4901437005999,-879.4771233085072
1332.86573774771,1.9769535064697266,4503.116912040581,1763.7935924808091,2739.3233195597722
1332.886571322219,1.0521087646484375,2764.480156853133,1221.921913721191,1542.558243131942
1332.9074048964956,-0.7708797454833984,-662.5975835229611,9.180919664975363,-671.7785031879365
1332.9282384706567,-0.49373817443847656,-141.59281372755277,250.76732983773968,-392.36014356529245
1332.949072044583,0.4221172332763672,1580.1446869414044,681.0393917487359,899.1052951926686
1332.969905618278,0.6585197448730469,2024.563168330183,565.931760061445,1458.6314082687381
1332.9907391917975,-0.6737632751464844,-480.0261126301117,617.5009549722052,-1097.527067602317
1333.0115727651435,-0.20756912231445312,396.38292395158516,2002.9443990391057,-1606.5614750875206
1333.032406338315,1.249441146850586,3135.449809564473,2673.44626130983,462.0035482546432
1333.053239911194,1.5759429931640625,3749.248088310449,993.994221459724,2755.253866850725
1333.074073483957,0.7027549743652344,2107.721986660936,1144.988950637792,962.7330360231442
1333.094907056488,1.3501052856445312,3324.6906234245184,2041.0304765168514,1283.660146907667
1333.115740628843,0.6639232635498047,2034.7213665162394,29.047022698208366,2005.674343818031
1333.1365742009666,-0.5937862396240234,-329.6754567389934,1577.7390662314838,-1907.4145229704773
1333.1574077729156,2.7012672424316406,5864.770848841427,3173.74467052772,2691.0261783137075
1333.1782413446304,0.42076873779296875,1577.6096194802176,1752.2579535220004,-174.64833404178285
1333.199074916171,0.5411376953125,1803.8939721542938,2513.610305413301,-709.7163332590071
1333.2199084874785,1.5405120849609375,3682.640714676779,3410.72037550456,271.9203391722194
1333.2407420586119,1.7694530487060547,4113.032061824875,2458.3549372216,1654.6771246032754
1333.2615756295716,0.48540687561035156,1699.1243312088695,3045.410687948702,-1346.2863567398326
1333.2824092002395,2.459728240966797,5410.696162823263,3961.5134164785954,1449.1827463446675
1333.3032427707903,1.981801986694336,4512.231680762415,4679.388244491985,-167.15656372956983
1333.324076341109,1.465982437133789,3542.530727341742,4678.591088620522,-1136.06036127878
1333.3449099111945,1.1144695281982422,2881.713580677037,3668.466921960477,-786.75334128344
1333.3657434811055,1.1314716339111328,2913.676227563909,3431.3607247848868,-517.6844972209778
1333.386577050785,0.8204307556152344,2328.943375749163,2567.441069783324,-238.4976940341612
1333.4074106202884,-0.2619361877441406,294.17703581344307,2825.6169736732463,-2531.439937859803
1333.428244189559,1.4151973724365234,3447.0587241995104,1510.5104846901936,1936.5482395093168
1333.449077758655,-0.6458530426025391,-427.5570289532442,2159.1121140470714,-2586.6691430003157
1333.4699113275178,1.8133316040039062,4195.520360190647,2706.791499288951,1488.728860901696
1333.4907448962072,0.5772209167480469,1871.727644333545,91.4491736030609,1780.278470730484
1333.511578464606,-0.7804222106933594,-680.5366818374126,1631.3953005566718,-2311.9319823940846
1333.5324120328864,1.9227333068847656,4401.187120358608,4317.358475259074,83.82864509953379
1333.5532456009346,1.2269725799560547,3093.210637438901,3951.1382217512037,-857.9275843123028
1333.57407916875,1.0984973907470703,2851.687194651609,4036.785769314589,-1185.09857466298
1333.5949127363328,1.5867652893066406,3769.593170028658,3074.9802531692426,694.6129168594152
1333.6157463037416,0.2126007080078125,1186.2697853728355,2633.2645893918225,-1446.994804018987
1333.636579870917,2.0165271759033203,4577.51235713917,2260.8713479260236,2316.641009213146
1333.6574134379175,0.6682872772216797,2042.9253754995425,1487.5937270683953,555.3316484311472
1333.678247004685,0.7088031768798828,2119.092140719526,2541.1559958505195,-422.0638551309935
1333.6990805712205,1.4088096618652344,3435.0503211902965,3328.818125306561,106.23219588373559
1333.719914137581,1.5250816345214844,3653.6326584377402,2981.339602855901,672.2930555818393
1333.740747703709,-0.09976577758789062,599.044894116046,1508.1334830293893,-909.0885889133433
1333.761581269604,0.9182701110839844,2512.873814913285,2068.5038565543655,444.3699583589196
1333.7824148352656,1.9653301239013672,4481.26584965236,3400.621042240247,1080.644807412113
1333.803248400752,0.7751445770263672,2243.8088542060846,4103.743110506756,-1859.9342563006717
1333.824081966007,1.2502689361572266,3137.0059895901522,4223.35086514433,-1086.3448755541776
1333.844915531087,2.090618133544922,4716.7976407739625,3574.9644773432246,1141.8331634307378
1333.865749095876,1.354318618774414,3332.6113646151284,4320.57785243548,-987.9664878203516
1333.886582660491,2.258974075317383,5033.293821250015,4664.929036004995,368.36478524501945
1333.9074162248714,2.5307064056396484,5544.129635854581,3911.165837239207,1632.9637986153734
1333.928249789078,0.9209117889404297,2517.839965456062,4440.847157662188,-1923.0071922061256
1333.949083352994,0.8709278106689453,2423.8739429838424,3803.6931974012073,-1379.8192544173648
1333.969916916735,0.2057018280029297,1173.3004232694232,3290.1180669163077,-2116.817643646885
1333.990750480244,1.653573989868164,3895.1883722393895,3332.547031337911,562.6413409014785
1334.011584043519,0.9287090301513672,2532.4981773108448,2436.62816278972,95.87001452112463
1334.0324176065615,1.5968761444091797,3788.6007974851655,2818.38287711826,970.2179203669057
1334.053251169429,1.3360347747802734,3298.2391486562374,4785.872616022215,-1487.6334673659776
1334.074084732064,2.271862030029297,5057.5221816958965,3880.1392836578575,1177.382898038039
1334.094918294409,-0.12085342407226562,559.4017458121132,3143.914952949239,-2584.5132071371254
1334.1157518565785,1.9605426788330078,4472.265822314908,3638.7211554175815,833.5446668973268
1334.136585418515,0.3137035369873047,1376.3353029331251,3203.50061291273,-1827.165309979605
1334.1574189802768,0.8081607818603516,2305.876771820147,2409.143121929626,-103.26635010947894
1334.1782525417475,0.3374977111816406,1421.066514500741,2939.867123622018,-1518.800609121277
1334.1990861029865,1.4495525360107422,3511.64378093345,4207.792896685167,-696.1491157517166
1334.219919664051,1.6260490417480469,3843.4435935514325,2720.323892384744,1123.1197011666886
1334.240753224823,0.9912166595458984,2650.007697590918,3433.6285968536895,-783.6208992627717
1334.2615867854206,1.652059555053711,3892.341351639415,2365.0121086110585,1527.3292430283564
1334.282420345786,-0.27521514892578125,269.21361337386463,1714.7040376560062,-1445.4904242821417
1334.3032539058595,1.6641216278076172,3915.01711772788,2891.9140333026226,1023.1030844252573
1334.324087465759,0.1615123748779297,1090.2276609769565,3534.6172375924407,-2444.389576615484
1334.344921025426,1.9219207763671875,4399.659625679024,4283.351864003149,116.30776167587555
1334.36575458486,2.0385475158691406,4618.9088972231875,2993.2097658332987,1625.6991313898889
1334.38658814406,0.6303195953369141,1971.5490630775016,1634.3809005818832,337.1681624956184
1334.40742170297,-0.36734580993652344,96.01507931770834,2661.5538807866515,-2565.5388014689433
1334.428255261705,1.531686782836914,3666.049827628815,3044.567819151662,621.4820084771527
1334.4490888202076,0.7273197174072266,2153.901808206373,4568.782311463969,-2414.8805032575956
1334.46992237842,2.186746597290039,4897.511735507131,4457.998620195113,439.51311531201736
1334.490755936457,0.7118396759033203,2124.8005245925237,3939.732271260226,-1814.931746667702
1334.5115894942019,1.646697998046875,3882.262038155121,4212.016780271874,-329.7547421167533
1334.532423051773,-0.000598907470703125,785.4709583904735,4346.48168460862,-3561.0107262181464
1334.5532566090535,0.9346694946289062,2543.703390629386,3871.8939912774968,-1328.1906006481108
1334.574090166101,1.1269340515136719,2905.14592276877,2235.6534521792028,669.4924705895673
1334.594923722915,0.2271575927734375,1213.635605547909,1477.993062882578,-264.3574573346689
1334.615757279497,-0.11870384216308594,563.4427939433118,2174.836700935196,-1611.3939069918843
1334.636590835787,0.5291080474853516,1781.2791624262818,2416.1309588471827,-634.8517964209009
1334.6574243919026,0.3500957489013672,1444.7498533708092,1610.2040143432748,-165.45416097246562
1334.6782579477285,-0.1356067657470703,531.6666018060604,2960.657471751433,-2428.9908699453727
1334.699091503321,1.3857593536376953,3391.7175202448343,3248.51851460977,143.19900563506417
1334.71992505868,0.7574539184570312,2210.5517810766546,2724.874381647616,-514.3226005709612
1334.740758613806,0.9650440216064453,2600.8051577006713,3765.3819708953492,-1164.576813194678
1334.7615921686415,1.3740673065185547,3369.7373737991843,3707.0767555414996,-337.33938174231525
1334.7824257232435,0.2382049560546875,1234.4037961210258,4009.196397481526,-2774.7926013605
1334.8032592776135,2.319042205810547,5146.217271823075,4066.1302300508123,1080.0870417722626
1334.824092831751,0.8643474578857422,2411.5033874801734,3911.455888008578,-1499.9525005284045
1334.844926385597,2.5053176879882812,5496.400805619988,2646.5599716675238,2849.8408339524644
1334.8657599392095,-0.18365859985351562,441.3328612831789,1017.9152961719084,-576.5824348887295
1334.886593492589,0.28172874450683594,1316.225160190078,2523.5303201079087,-1207.3051599178307
1334.9074270456795,1.6696224212646484,3925.3581849952952,3069.0120928922056,856.3460921030896
1334.9282605985359,0.24958229064941406,1255.792307303457,3158.5255998449816,-1902.7332925415246
1334.949094151159,1.9315528869628906,4417.767250401786,3839.174398173981,578.5928522278055
1334.9699277034915,0.9864425659179688,2641.032769931299,4324.67201281774,-1683.6392428864415
1334.990761255591,0.7482662200927734,2193.2796170589227,4191.569056138068,-1998.2894390791453
1335.0115948073994,1.6849231719970703,3954.1224157925226,2749.462687088949,1204.6597287035734
1335.0324283589755,-0.1268901824951172,548.0531057630948,1547.1741838061196,-999.1210780430248
1335.053261910261,-0.010728836059570312,766.4274742513466,2730.1300208490684,-1963.7025465977217
1335.074095461312,1.99615478515625,4539.213834433462,3821.640930440811,717.5729039926505
1335.094929012131,1.1211700439453125,2894.3100332812082,4585.333585277859,-1691.023551996651
1335.115762562659,1.5059146881103516,3617.6002780735744,4005.319087476437,-387.71880940286246
1335.136596112896,-0.055782318115234375,681.730404236224,1134.4268861756825,-452.6964819394585
1335.1574296629005,-1.0415287017822266,-1171.396738554749,532.9238499450487,-1704.3205884997976
1335.178263212672,-0.8346920013427734,-782.559700894196,1240.7720109431516,-2023.3317118373475
1335.199096762094,-0.7230072021484375,-572.6008958167014,1417.8526281712602,-1990.4535239879615
1335.219930311342,-0.6744670867919922,-481.349224218765,2776.6157994807336,-3257.9650236994985
1335.2407638602394,0.4999675750732422,1726.4973227204673,3094.87390232956,-1368.376579609093
1335.261597408905,-0.21326637268066406,385.6725328531909,2273.4461772188047,-1887.7736443656138
1335.28243095728,0.6939544677734375,2091.1777133003766,2653.5424465825618,-562.3647332821852
1335.3032645054209,0.31970787048339844,1387.6229866216904,2549.511019701389,-1161.8880330796987
1335.324098053271,-0.07523155212402344,645.1673449692919,1653.29051593359,-1008.1231709642982
1335.3657651481576,1.3016109466552734,3233.5250078648683,100.87729484675947,3132.647713018109
1335.386598695193,-1.1483325958251953,-1372.1798185499565,-423.80374306332897,-948.3760754866275
1335.407432241938,-1.1514110565185547,-1377.9670871247167,1992.521086554832,-3370.4881736795487
1335.4282657883914,0.11183738708496094,996.8425167631698,2719.808465247411,-1722.965948484241
1335.449099334612,-1.295684814453125,-1649.190620125601,591.9297410987723,-2241.1203612243735
1335.4699328804836,-1.9727325439453125,-2921.9881117274817,256.09629222190824,-3178.08440394939
1335.490766426121,-1.2981147766113281,-1653.7587614913036,-34.13084210130455,-1619.627919389999
1335.5115999714694,-1.6351318359375,-2287.3248293653173,417.41424471255664,-2704.7390740778737
1335.532433516527,-1.0076541900634766,-1107.7152702228163,1532.5739056852556,-2640.289175908072
1335.553267061292,-0.2435932159423828,328.66040748845404,1561.1761896814394,-1232.5157821929854
1335.574100605824,-0.9067249298095703,-917.9760484743628,656.1792135574012,-1574.1552620317639
1335.594934150008,-1.982229232788086,-2939.841154003647,1216.7798593190232,-4156.6210133226705
1335.6157676939586,0.3449516296386719,1435.0793060683754,2449.2100762454697,-1014.1307701770943
1335.63660123756,0.9825229644775391,2633.6642216530263,2998.790216345797,-365.12599469277075
1335.6574347808705,0.3417644500732422,1429.0876544026853,2546.0173424568598,-1116.9296880541744
1335.678268323948,-0.3040504455566406,215.00548058995946,1755.298114256263,-1540.2926336663036
1335.6991018666758,-0.49472999572753906,-143.45736122375797,1850.0450873761818,-1993.5024485999397
1335.719935409112,0.18416213989257812,1132.8074715874122,2464.0448361217727,-1331.2373645343605
1335.7407689513175,1.0587615966796875,2776.986967750756,1495.7564389862487,1281.2305287645072
1335.7616024931735,-1.3827800750732422,-1812.9229899702536,1327.6366888600737,-3140.5596788303274
1335.7824360347372,0.6711311340332031,2048.2716068780846,2023.0937958293755,25.177811048709145
1335.803269575951,-0.13264083862304688,537.2423159533664,1741.2260262153554,-1203.983710261989
1335.824103116933,-0.6283645629882812,-394.68003665957906,1064.208561950085,-1458.8885986096639
1335.844936657566,-1.227447509765625,-1520.9097523866812,2990.074713404117,-4510.984465790798
1335.865770197966,2.7835559844970703,6019.467334666008,3264.3473617814034,2755.119972884605
1335.886603737959,0.07367134094238281,925.0932948418878,2216.0771173480775,-1290.9838225061899
1335.907437277719,-0.2214508056640625,370.28643034123576,2134.091775913152,-1763.8053455719164
1335.928270817129,0.20598793029785156,1173.8382735087132,1589.3148197901314,-415.4765462814182
1335.949104356248,0.20442581176757812,1170.90161120219,2555.8729147686195,-1384.9713035664295
1335.9699378950766,-0.19742393493652344,415.4550934368075,2188.147047472158,-1772.6919540353506
1335.990771433556,-0.5189418792724609,-188.97383414073715,954.9128603320489,-1143.886694472786
1336.0116049717444,-1.4629650115966797,-1963.6644837019226,1784.6495148634017,-3748.3139985653243
1336.032438509584,0.024486541748046875,832.629667371418,2546.7661160778657,-1714.1364487064477
1336.053272047131,0.4319725036621094,1598.671834850813,1673.5226964974463,-74.85086164663335
1336.074105584387,0.0589141845703125,897.350979499311,2633.779869949413,-1736.4288904501018
1336.0949391212948,0.410980224609375,1559.2079699599767,3012.8714229111624,-1453.6634529511857
1336.115772657854,0.05040550231933594,881.3553133828274,1548.7230338123793,-667.3677204295519
1336.1366061941205,-0.44480133056640625,-49.59532313113425,1430.9688258923343,-1480.5641490234684
1336.157439730038,-0.03285026550292969,724.8408937494461,1536.1368161194487,-811.2959223700026
1336.178273265665,-0.4028949737548828,29.185394251798584,1873.4200023741002,-1844.2346081223018
1336.199106800943,-0.0036907196044921875,779.6585901378799,2628.7398287348956,-1849.0812385970157
1336.2199403358713,-0.1617145538330078,482.58597463671964,1166.0723951125374,-683.4864204758178
1336.240773870451,-2.6026172637939453,-4106.122784216543,2275.966993903794,-6382.089778120337
1336.261607404739,1.6072196960449219,3808.0458764696286,4112.141733533864,-304.09585706423513
1336.282440938678,-0.5328578948974609,-215.1348697798013,2356.6090252054455,-2571.7438949852467
1336.3032744723255,0.05903816223144531,897.5840479363368,2120.604661615455,-1223.020613679118
1336.324108005566,-0.43486595153808594,-30.91757715472454,1950.35566287567,-1981.2732400303946
1336.344941538458,-1.0578765869140625,-1202.1295012277778,1480.1622645174457,-2682.2917657452235
1336.365775071058,-0.5188560485839844,-188.8124790689502,1406.899076210153,-1595.7115552791033
1336.386608603309,0.33119773864746094,1409.2230522315758,1949.4239767814297,-540.2009245498539
1336.407442135152,-0.32343482971191406,178.56433404393306,1132.7856035640302,-954.2212695200972
1336.428275666704,-1.7009296417236328,-2411.0196273972247,-279.989145384319,-2131.030482012906
1336.4491091979075,-1.4571170806884766,-1952.6708248108357,1210.2456295750285,-3162.916454385864
1336.469942728762,-0.311492919921875,201.0142030318964,1674.975096238625,-1473.9608932067285
1336.4907762592084,0.052089691162109375,884.5214584581144,1634.1108012324314,-749.5893427743171
1336.511609789363,0.3758697509765625,1493.2029885943116,3229.5401433341945,-1736.3371547398829
1336.532443319111,0.7182712554931641,2136.891397971762,2737.3185569147968,-600.4271589430346
1336.55327684851,0.017486572265625,819.4702648501234,1788.600529950925,-969.1302651008016
1336.5741103775604,-0.04029273986816406,710.849616191383,959.5800814453455,-248.7304652539625
1336.5949439062606,-0.7392215728759766,-603.082661711395,1315.7319314852057,-1918.8145931966005
1336.615777434553,0.9217662811279297,2519.4463448374086,1789.8028899824417,729.6434548549669
1336.636610962496,-0.06378364562988281,666.6885258774145,-18.024624187958125,684.7131500653726
1336.6574444900325,-2.1413097381591797,-3238.900229721918,-38.224978100255385,-3200.675251621663
1336.678278017278,0.059741973876953125,898.9071595249901,1150.670311902616,-251.76315237762594
1336.699111544057,-1.0479164123535156,-1183.4051415639628,1194.9991110099054,-2378.4042525738682
1336.7199450705455,-0.41898345947265625,-1.059717537607412,1332.0411925017518,-1333.1009100393592
1336.740778596568,-0.7455883026123047,-615.0516223697276,2085.5336154891997,-2700.5852378589275
1336.7616121223,0.37615966796875,1493.7480101701256,2473.074230763374,-979.3262205932485
1336.7824456475655,-1.192300796508789,-1454.8366433240394,2053.8669266980114,-3508.703570022051
1336.8032791724825,-1.4768753051757812,-1989.814762336201,865.4830939124263,-2855.2978562486273
1336.824112696992,-0.45350074768066406,-65.94955607381132,872.1713532224978,-938.1209092963092
1336.844946221152,-0.7407493591308594,-605.9547819892033,2017.726928100887,-2623.6817100900903
1336.865779744905,0.16745948791503906,1101.4077746176638,2735.230060509801,-1633.8222858921374
1336.8866132682494,-0.2861213684082031,248.71076225213096,2755.589626757717,-2506.8788645055856
1336.9074467911864,0.3716545104980469,1485.2786617354395,2152.4920583643307,-667.2133966288911
1336.9282803137755,0.1965618133544922,1156.1179009582397,1393.1360100201828,-237.01810906194305
1336.949113835899,-1.258657455444336,-1579.5820421566932,1353.782432255923,-2933.364474412616
1336.969947357673,-1.0784873962402344,-1240.8762324662275,1290.1566285864055,-2531.032861052633
1336.9907808789799,-0.8315792083740234,-776.7078902907211,1858.0663721534406,-2634.7742624441616
1337.011614399938,-0.4287910461425781,-19.497223740467575,2086.283703207844,-2105.780926948312
1337.0324479204319,-0.6015262603759766,-344.22609854591803,959.4213730977223,-1303.6474716436403
1337.053281440518,-0.9188518524169922,-940.7737272837336,226.4906616977247,-1167.2643889814583
1337.074114960196,-1.0895442962646484,-1261.6623513806535,1420.2935078981006,-2681.9558592787544
1337.0949484794664,-0.5953655242919922,-332.6443900598739,1531.872979189173,-1864.517369249047
1337.115781998329,-0.537841796875,-224.50422094823261,108.51112584525441,-333.015346793487
1337.136615516785,-1.7068309783935547,-2422.1136849996456,1461.939433858438,-3884.0531188580835
1337.1574490347755,0.7649059295654297,2224.5609869760274,1906.8934074232645,317.66757955276285
1337.178282552301,-1.4593143463134766,-1956.8015146485827,1879.9208165023883,-3836.722331150971
1337.1991160694752,-0.3740062713623047,83.4939257470379,1091.5459391436118,-1008.0520133965739
1337.219949586184,-1.951284408569336,-2881.667272122044,1434.3048072987606,-4315.972079420804
1337.240783102428,-0.07209968566894531,651.055012255386,258.4126377160778,392.6423745393082
1337.261616618264,-2.4540557861328125,-3826.8386689628323,-246.5638116115192,-3580.274857351313
1337.2824501336354,-0.6251869201660156,-388.7063133351986,1574.9698275402068,-1963.6761408754055
1337.3032836486,-0.7697906494140625,-660.5501669453973,1681.3399517005457,-2341.890118645943
1337.3241171630966,-0.6273708343505859,-392.811903495112,1753.4252968719577,-2146.23720036707
1337.344950677128,-0.28755950927734375,246.00716838263338,1703.191193696101,-1457.1840253134676
1337.365784190753,0.30080413818359375,1352.0854284776713,840.3814162363766,511.70401224129466
1337.3866177039115,-1.3823566436767578,-1812.1269716161046,253.88734086181728,-2066.014312477922
1337.4074512166055,-0.9164314270019531,-936.2235142593405,-1093.0717929383923,156.84827867905176
1337.4282847288325,-1.904306411743164,-2793.352262830631,-320.39433864827697,-2472.957924182354
1337.449118240594,-1.168405532836914,-1409.9153913385412,702.9341732773422,-2112.8495646158835
1337.46995175189,-0.6811771392822266,-493.9636051642457,468.09997536487043,-962.063580529116
1337.490785262779,-1.375213623046875,-1798.698643975165,-542.4521608454925,-1256.2464831296725
1337.5116187731446,-2.6430721282958984,-4182.174808052144,-801.4281811812775,-3380.7466268708663
1337.532452283045,-1.6868247985839844,-2384.503610600229,324.35811972142324,-2708.8617303216524
1337.5532857924775,-0.6617431640625,-457.42923124340894,1088.7683919689516,-1546.1976232123607
1337.574119301445,-0.08946990966796875,618.400331393961,1120.4415229262816,-502.04119153232057
1337.594952809947,-1.0318889617919922,-1153.274771158939,2328.7660834606863,-3482.0408546196254
1337.615786317984,0.4037342071533203,1545.586016232893,3180.832990121317,-1635.246973888424
1337.6366198254968,0.06598281860351562,910.6394660780353,2509.653317149119,-1599.013851071084
1337.6574533325438,-0.2034473419189453,404.13155306562265,2286.2957135105307,-1882.164160444908
1337.678286839125,-0.5579643249511719,-262.3330211116271,2027.584281327577,-2289.917302439204
1337.6991203452405,-0.7950725555419922,-708.0781997573209,2123.7224886130084,-2831.800688370329
1337.719953850832,0.648956298828125,2006.5846276648504,1047.4417070983861,959.1429205664642
1337.7407873559584,-1.1030654907226562,-1287.0811536894976,1388.4936056458457,-2675.5747593353435
1337.7616208605614,-0.15291404724121094,499.1302479972791,1717.9924102684085,-1218.8621622711294
1337.7824543646984,-1.7917823791503906,-2581.8157637178856,3192.7851653654125,-5774.600929083298
1337.8032878683684,1.3049335479736328,3239.771241977156,2647.7710411363164,592.0002008408396
1337.824121371574,-0.3532562255859375,122.50241076860846,289.016662219788,-166.51425145117952
1337.865788376414,0.45685386657714844,1645.4468773277308,302.4331044422488,1343.013772885482
1337.8866218781066,-1.28497314453125,-1629.0535071665845,1319.027295015238,-2948.0808021818225
1337.907455379332,0.17744827270507812,1120.1859193054077,2050.8159992385526,-930.630079933145
1337.928288880092,-0.5351390838623047,-219.4233290210733,586.044650717279,-805.4679797383523
1337.949122380329,-2.150989532470703,-3257.097496151229,916.6930779016063,-4173.790574052835
1337.969955880042,0.43522071838378906,1604.7782279008852,1275.2533145665718,329.5249133343134
1337.9907893793475,-1.1900596618652344,-1450.6234831162678,1023.6344050247458,-2474.2578881410136
1338.01162287813,-1.1812324523925781,-1434.0290104000414,1545.768293159922,-2979.7973035599634
1338.032456376446,-0.19771766662597656,414.90290052446977,1862.4456320801248,-1447.542731555655
1338.0532898742376,-0.0921783447265625,613.3086824620159,2737.5168571268005,-2124.2081746647846
1338.0741233716215,0.1408405303955078,1051.366188354125,1349.0260996373825,-297.65991128325754
1338.09495686854,-1.3381710052490234,-1729.0613806601614,631.7871403852353,-2360.8485210453964
1338.115790364936,-0.1515636444091797,501.66890112672775,1063.821917902388,-562.1530167756601
1338.136623860924,-0.5619068145751953,-269.74459740904297,1299.080031552787,-1568.82462896183
1338.157457356446,-0.9980010986328125,-1089.5682031491729,2239.67780730497,-3329.246010454143
1338.178290851502,-0.8208351135253906,-756.5098209712518,2124.3005370349156,-2880.8103580061675
1338.199124346092,-0.8354148864746094,-783.9186691654687,850.9854103183204,-1634.9040794837892
1338.219957840334,-1.7162857055664062,-2439.887842574048,1708.2333267894126,-4148.1211693634605
1338.240791334052,-0.16230201721191406,481.4815888120442,2425.6322319128894,-1944.1506431008452
1338.26162482742,0.107330322265625,988.3695826602218,2410.658598562862,-1422.2890159026404
1338.282458320381,-0.5169200897216797,-185.17302578308806,1403.8515311390822,-1589.0245569221702
1338.303291812935,-1.0772476196289062,-1238.5455480959708,1587.8174397599216,-2826.3629878558922
1338.32412530508,-0.2685070037841797,281.82440865108344,1955.4313944859643,-1673.606985834881
1338.3449587969344,-1.7456417083740234,-2495.074862793461,1278.3691554195655,-3773.4440182130265
1338.365792288383,-0.4329795837402344,-27.371351243672734,1175.709824431314,-1203.0811756749868
1338.386625779481,-1.097696304321289,-1276.9874975321559,806.9437701311604,-2083.9312676633162
1338.407459270288,-1.174123764038086,-1420.6652247878164,183.71184162352483,-1604.3770664113413
1338.428292760746,-1.4679584503173828,-1973.0517632116635,87.30443977341577,-2060.356202985079
1338.449126250971,-0.8860816955566406,-879.1683608754605,1512.179329179459,-2391.3476900549194
1338.4699597409056,0.24684524536132812,1250.6468733475829,1389.5764995366171,-138.92962618903425
1338.4907932306069,-0.6708984375,-474.6404389006881,850.851010363509,-1325.491449264197
1338.5116267200744,-0.21456146240234375,383.23786410333827,1151.4444633764563,-768.206599273118
1339.6783030254614,-2.482839584350586,-3880.9499887036654,-4709.610257353156,828.6602686494907
1339.699136563379,-0.5311527252197266,-211.92928235363308,-3174.1621641494044,2962.2328817957714
1339.719970102462,-0.6468887329101562,-429.50404681947373,-4187.835582467007,3758.331535647533
1339.7408036426505,-1.8541069030761719,-2698.9810598448125,-3802.6044374844487,1103.6233776396361
1339.7616371840024,0.5110607147216797,1747.3515693318705,-4054.206863358736,5801.558432690606
1339.7824707263449,-2.433004379272461,-3787.2636483558763,-4043.1503366139914,255.8866882581151
1339.803304269793,-0.6545562744140625,-443.91843323244495,-3990.9949088971707,3547.076475664726
1339.82413781423,-1.4693107604980469,-1975.5940020093744,-2964.7104190677937,989.1164170584193
1339.8449713596565,0.5704746246337891,1859.0451356910876,-1237.673457199947,3096.718592891035
1339.8658049060734,0.4860572814941406,1700.3470440861888,-2963.5318558431145,4663.878899929303
1339.8866384533626,-0.6146583557128906,-368.9134245293277,-5087.989074772332,4719.075650243004
1339.9074720015246,-2.244243621826172,-3432.407988813664,-3568.723258783513,136.31526996984894
1339.928305550619,1.0612373352050781,2781.641165154745,-3500.0680749819203,6281.709240136665
1339.94913910047,-1.6474533081054688,-2310.488246337405,-3181.0365713479005,870.5483250104953
1339.9699726511935,0.5110607147216797,1747.3515693318705,-2008.1093300094185,3755.460899341289
1339.9908062026734,-1.9068107604980469,-2798.060245258549,-3812.563799756388,1014.5035544978391
1340.011639754911,-2.167142868041992,-3287.4645206615405,-5770.5956299193,2483.13110925776
1340.0324733078476,-3.6202449798583984,-6019.184372005728,-7258.247169993714,1239.0627979879864
1340.0533068614814,-4.0234222412109375,-6777.1265148814155,-9601.41612755784,2824.2896126764253
1340.0741404158139,-5.732475280761719,-9990.014361630934,-9121.939056527428,-868.0753051035063
1340.0949739707876,-2.3991336822509766,-3723.589351360468,-8352.35572441653,4628.766373056062
1340.1158075263425,-5.262750625610352,-9106.968253096398,-9918.223916768611,811.2556636722129
1340.1366410825376,-4.972978591918945,-8562.219188070469,-10127.675730183792,1565.456542113323
1340.1574746393148,-4.83348274230957,-8299.977754065727,-9166.224813952831,866.2470598871041
1340.178308196617,-3.9656906127929688,-6668.5955079292235,-7886.753545953692,1218.1580380244686
1340.1991417544414,-3.2251358032226562,-5276.409605878017,-7109.858080569075,1833.4484746910584
1340.2199753127904,-2.539216995239258,-3986.9351711898853,-5315.787454256495,1328.8522830666097
1340.240808871605,-0.7699184417724609,-660.7904067189467,-4460.533343037148,3799.742936318202
1340.261642430885,-0.9473934173583984,-994.429667155301,-3682.7536126198916,2688.3239454645905
1340.2824759906305,-1.6104412078857422,-2240.9083537145925,-4484.554968944678,2243.6466152300854
1340.303309550843,-2.6735458374023438,-4239.46302987305,-4552.651024138484,313.1879942654341
1340.324143111404,-1.1681880950927734,-1409.5066251566805,-1324.8360636691307,-84.67056148754978
1340.344976672372,0.3984546661376953,1535.660886483862,-1971.58708943202,3507.2479759158823
1340.365810233748,-1.0529823303222656,-1192.9286764676576,-3113.796178054348,1920.8675015866902
1340.3866437954734,0.17955398559570312,1124.1444970665818,-3649.702598012256,4773.847095078838
1340.4074773575476,-1.1390514373779297,-1354.7319567873901,-1581.1944109857927,226.4624541984026
1340.428310919913,-0.5430145263671875,-234.22855327459524,-1095.673435337892,861.4448820632967
1340.4491444826285,-2.676738739013672,-4245.465438543526,-2872.839699156778,-1372.6257393867481
1340.4699780455755,-1.1426677703857422,-1361.5303838120153,-4036.2933279832796,2674.7629441712643
1340.490811608872,-3.2434005737304688,-5310.745965154289,-2969.4441253728473,-2341.3018397814412
1340.511645172402,0.3811683654785156,1503.163975025962,-2521.268240553226,4024.432215579188
1340.5324787362224,-1.509368896484375,-2050.900206846494,-562.9142785338759,-1487.985928312618
1340.5533123002756,1.7631683349609375,4101.217284901805,-53.326163790753526,4154.543448692559
1340.574145864562,-1.099416732788086,-1280.2217703044194,-3668.004091144003,2387.7823208395835
1340.5949794290236,-2.3287105560302734,-3591.199307793372,-3700.7241373997294,109.52482960635734
1340.615812993775,-0.29717445373535156,227.93181467422835,-5453.2226910669,5681.154505741128
1340.636646558643,-3.7930736541748047,-6344.088944556012,-4965.704491595675,-1378.3844529603375
1340.6574801237434,-0.6632652282714844,-460.2905945164317,-2888.1638985415775,2427.873304025146
1340.678313689019,-1.7563610076904297,-2515.2263184255253,-3819.5073346229137,1304.2810161973885
1340.6991472544696,-2.5925254821777344,-4087.1510134426544,-3763.113729177085,-324.03728426556927
1340.7199808200367,-2.2581253051757812,-3458.504482424013,-2394.5987084763537,-1063.9057739476593
1340.7408143857785,-1.5406455993652344,-2109.6979950056734,-1935.9581016801235,-173.73989332554993
1340.761647951636,-0.10102081298828125,596.6855243996939,-3697.945519079427,4294.631043479121
1340.782481517668,-3.4494171142578125,-5698.04116546221,-5401.411408229891,-296.6297572323192
1340.8033150837591,-3.5710926055908203,-5926.781700895711,-5093.906881071872,-832.8748198238391
1340.8241486500247,-3.6108970642089844,-6001.611011853994,-3110.7245909587455,-2890.886420895248
1340.844982216348,-1.493804931640625,-2021.6411538291195,-3496.250672981088,1474.6095191519685
1340.865815782788,-2.4861927032470703,-3887.253593508144,-4285.506333060498,398.2527395523539
1340.8866493492865,-2.370199203491211,-3669.194763826942,-3701.813666354558,32.618902527615774
1340.9074829159006,-4.467403411865234,-7611.776858884639,-3421.389763187761,-4190.3870956968785
1340.9283164825729,-2.829883575439453,-4533.365914630661,-3506.7844344223054,-1026.5814802083555
1340.949150049304,-3.779804229736328,-6319.143450457744,-3322.1783685542937,-2996.96508190345
1340.969983616152,-2.623201370239258,-4144.819316099325,-4619.154818903962,474.33550280463714
1340.990817182999,-3.780332565307617,-6320.136680566299,-4717.696100277514,-1602.440580288785
1341.0116507499051,-3.4622535705566406,-5722.17271286502,-4489.164839889322,-1233.0078729756979
1341.032484316869,-5.337133407592773,-9246.802143975267,-6280.81663564411,-2965.985508331157
1341.0533178838325,-5.20904541015625,-9006.006591845147,-4621.367481899933,-4384.639109945214
1341.0741514508545,-2.8700618743896484,-4608.898016568282,-3522.0676884738905,-1086.830328094392
1341.094985017877,-3.931375503540039,-6604.0857502287845,-4820.330498837274,-1783.7552513915107
1341.115818584957,-4.49970817565918,-7672.507322237001,-5633.068788795349,-2039.438533441652
1341.136652152037,-3.5639495849609375,-5913.353373254771,-4786.410718514299,-1126.9426547404719
1341.157485719118,-3.1568832397460938,-5148.100052793002,-3595.7569635506484,-1552.3430892423535
1341.1783192862565,-2.9181995391845703,-4699.393112162951,-6150.150982494781,1450.7578703318295
1341.1991528533365,-5.402238845825195,-9369.195344428093,-7297.216350062998,-2071.978994365096
1341.2199864204172,-4.951992034912109,-8522.76608018442,-7192.69332706819,-1330.0727531162293
1341.2408199874976,-4.322883605957031,-7340.090774677966,-7608.171312322726,268.0805376447606
1341.261653554577,-5.550758361816406,-9648.40057498004,-6864.692179477426,-2783.7083955026137
1341.282487121657,-4.314365386962891,-7324.077180220172,-6378.052885192842,-946.0242950273296
1341.3033206886794,-2.8843650817871094,-4635.786942864519,-5751.845122470507,1116.0581796059878
1341.3241542557016,-4.13446044921875,-6985.869778418115,-6410.910103943945,-574.9596744741702
1341.344987822665,-4.131906509399414,-6981.0685686153865,-8541.40008972148,1560.3315211060926
1341.365821389629,-5.743709564208984,-10011.13394769372,-6718.095400807429,-3293.0385468862905
1341.3866549565355,-4.151210784912109,-7017.359117094412,-5784.519515675518,-1232.8396014188938
1341.4074885234404,-5.43682861328125,-9434.22143835825,-7610.623443440147,-1823.5979949181037
1341.4283220902294,-4.699827194213867,-8048.715636279025,-6353.075061903781,-1695.640574375244
1341.449155657019,-3.3321762084960938,-5477.637308737704,-5420.042026332138,-57.59528240556574
1341.4699892238086,-4.556848526000977,-7779.926772027993,-4114.950387359681,-3664.9763846683118
1341.490822790481,-2.5925331115722656,-4087.165356115702,-4162.926387116705,75.76103100100318
1341.511656357096,-4.627614974975586,-7912.962235882236,-5055.711158459628,-2857.2510774226084
1341.5324899237105,-4.545038223266602,-7757.724314150104,-4861.852840075662,-2895.8714740744417
1341.5533234902086,-3.339141845703125,-5490.732169230284,-5494.224606054153,3.4924368238689567
1341.574157056648,-2.7652549743652344,-4411.869131243318,-5155.044164211395,743.1750329680763
1341.594990623088,-4.065956115722656,-6857.086917122524,-5123.0772776531085,-1734.0096394694156
1341.615824189354,-3.473306655883789,-5742.951660442923,-6168.053342767356,425.10168232443357
1341.6366577556184,-4.484474182128906,-7643.8685898289405,-5625.79747891214,-2018.0711109168005
1341.657491321826,-3.234315872192383,-5293.667427222701,-5383.0782848603085,89.41085763760748
1341.6783248879174,-3.3554744720458984,-5521.436246557218,-8937.472961644662,3416.0367150874445
1341.6991584539496,-7.58452033996582,-13471.716172309318,-10379.133473461665,-3092.582698847653
1341.7199920198655,-5.555673599243164,-9657.640842091041,-7842.368498090539,-1815.272344000502
1341.740825585723,-3.968900680541992,-6674.630187614057,-7160.390816488734,485.7606288746774
1341.7616591515234,-5.438148498535156,-9436.702720795507,-7583.063288529219,-1853.6394322662882
1341.782492717206,-2.8086299896240234,-4493.41081318794,-5810.109093592937,1316.6982804049967
1341.8033262828321,-2.4878463745117188,-3890.36236789124,-5993.053032387109,2102.690664495869
1341.8241598483405,-4.699323654174805,-8047.769019857875,-6680.648022168964,-1367.1209976889104
1341.8449934137325,-3.920633316040039,-6583.891266577577,-5777.086920153463,-806.8043464241136
1341.8658269790672,-4.652900695800781,-7960.497440030684,-6058.365271323115,-1902.1321687075688
1341.8866605442845,-3.9244766235351562,-6591.116388125372,-6108.99976937552,-482.116618749852
1341.9074941094436,-3.2308692932128906,-5287.188124673387,-5609.922882471896,322.7347577985083
1341.928327674486,-4.891603469848633,-8409.240237343354,-3907.009756052331,-4502.230481291023
1341.9491612394131,-1.966451644897461,-2910.1805061409364,-3636.572919168145,726.3924130272085
1341.9699948042235,-4.122890472412109,-6964.119114741228,-6060.088895097232,-904.0302196439961
1341.990828368917,-4.608848571777344,-7877.682845853076,-5059.38935640511,-2818.293489447966
1342.0116619335531,-2.2548351287841797,-3452.319204672179,-3479.2403876052613,26.92118293308249
1342.032495498072,-1.839303970336914,-2671.1526884639497,-4713.226282940642,2042.073594476692
1342.0533290624744,-3.989971160888672,-6714.241064903632,-4699.836504449832,-2014.4045604537996
1342.0741626267604,-2.011892318725586,-2995.605466813231,-4159.0765064939,1163.4710396806686
1342.0949961909305,-2.3446407318115234,-3621.146809117038,-4677.835215840543,1056.688406723505
1342.115829754984,-2.4149246215820312,-3753.275098901012,-3572.68809424074,-180.58700466027176
1342.1366633189205,-1.3006401062011719,-1658.5061862701032,-3771.898928254979,2113.392741984876
1342.1574968827422,-3.414562225341797,-5632.516663643644,-4627.00741004538,-1005.509253598264
1342.219997573506,-1.6398086547851562,-2296.1168879435772,-3148.0186693937444,851.9017814501672
1342.2408311368608,-3.237701416015625,-5300.031988387633,-4450.255065337763,-849.7769230498698
1342.2616647001005,-2.8415088653564453,-4555.220562687144,-3116.7017256685276,-1438.518837018616
1342.282498263222,-1.1914901733398438,-1453.3127343127176,-3333.9437744712864,1880.6310401585688
1342.30333182617,-2.7423343658447266,-4368.780155739668,-4779.873772588694,411.09361684902615
1342.3241653890009,-1.7329883575439453,-2471.287539543797,-4054.1690996524776,1582.8815601086808
1342.3449989517735,-1.505178451538086,-2043.022493675027,-1658.8025327425278,-384.21996093249913
1342.3658325143715,0.6518573760986328,2012.0384290912507,-1722.5878405847923,3734.626269676043
1342.3866660767953,-2.099550247192383,-3160.395608795154,-2307.917563714207,-852.4780450809471
1342.407499639161,-1.0624465942382812,-1210.7207623833697,-1112.5141400783587,-98.20662230501102
1342.4283332013515,-0.9351406097412109,-971.3953342406427,-582.895128376853,-388.5002058637897
1342.449166763426,-0.6909809112548828,-512.393940030582,-2344.632067449564,1832.238127418982
1342.4700003253845,-2.5775890350341797,-4059.071645283456,-3485.6106208602905,-573.4610244231653
1342.4908338871674,-1.3707027435302734,-1790.218538535693,-3938.55757269839,2148.339034162697
1342.511667448835,-1.6808109283447266,-2373.197998570354,-5098.759139501037,2725.561140930683
1342.5325010103854,-2.7412471771240234,-4366.736324830366,-5914.37497016778,1547.6386453374134
1342.553334571761,-4.324180603027344,-7342.52902909608,-5407.154600687148,-1935.3744284089325
1342.5741681330205,-4.073505401611328,-6871.278992103255,-4687.540734744343,-2183.738257358912
1342.595001694164,-2.1713390350341797,-3295.3529908377936,-5147.779073869904,1852.4260830321105
1342.6158352551329,-2.858064651489258,-4586.344163200723,-4236.3980770083435,-349.9460861923799
1342.6366688159856,-2.8500728607177734,-4571.320213183223,-2154.8341065928907,-2416.4861065903324
1342.657502376721,-1.5340614318847656,-2097.3202681654802,-3240.907874859664,1143.5876066941837
1342.6783359372826,-2.664876937866211,-4223.166167622564,-3725.0690303100155,-498.0971373125485
1342.6991694976684,-1.774383544921875,-2549.1072978325315,-3133.291373378565,584.1840755460335
1342.720003057938,-2.9000301361083984,-4665.236036299776,-3697.602789577524,-967.6332467222519
1342.740836618092,-2.3164615631103516,-3568.172146215238,-2200.231766744232,-1367.940379471006
1342.761670178071,-0.641265869140625,-418.9334967832948,-1787.4092599133405,1368.4757631300458
1342.7825037379334,-0.9467430114746094,-993.2069542779819,-4447.064566406545,3453.8576121285632
1342.8033372976215,-3.222522735595703,-5271.497240359168,-3445.623307656958,-1825.8739327022104
1342.824170857135,-0.8855800628662109,-878.225330122572,-2385.904694007876,1507.6793638853042
1342.8450044165315,-1.6262626647949219,-2270.651471947328,-3213.47924022825,942.8277682809221
1342.8658379758115,-2.7706069946289062,-4421.930516386303,-2846.763209789524,-1575.1673065967789
1342.8866715349182,-3.262235641479492,-5346.154439240879,-2551.9980061216424,-2794.156433119236
1342.907505093849,-1.5745716094970703,-2173.476276380678,-894.8818309396747,-1278.5944454410032
1342.928338652664,-0.14968109130859375,505.2079557012558,212.78492566634662,292.4230300349092
1342.9491722113048,0.04232215881347656,866.1592512887548,23.98752292868935,842.1717283600655
1342.9700057698296,0.9335060119628906,2541.516132989607,116.082522622732,2425.4336103668747
1342.990839328178,-0.42746543884277344,-17.00518429842407,1025.194560989842,-1042.199745288266
1343.0116728864105,0.5460472106933594,1813.1234822605097,-614.0200366206786,2427.1435188811884
1343.0325064444692,-2.5024852752685547,-3917.8823718015765,-651.1365510192923,-3266.745820782284
1343.0533400023526,-0.4911956787109375,-136.8131179343959,1012.5123005196559,-1149.325418454052
1343.074173560061,-0.8368091583251953,-786.5397926649417,927.8331814501347,-1714.3729741150764
1343.095007117654,-0.7523155212402344,-627.6982743295658,724.2207830772848,-1351.9190574068507
1343.115840675072,-0.8149967193603516,-745.5340904214744,642.791200638033,-1388.3252910595074
1343.1366742323726,0.04145240783691406,864.5241865613133,-380.36041117069453,1244.884597732008
1343.1575077895,-1.697805404663086,-2405.146302784178,189.60921605956082,-2594.7555188437386
1343.178341346452,-0.000225067138671875,786.1737493698123,1881.022334928026,-1094.848585558214
1343.1991749032882,-0.0038051605224609375,779.4434500421638,2023.2378293354823,-1243.7943792933183
1343.2200084598915,0.051486968994140625,883.3883872873434,2192.527646954265,-1309.1392596669216
1343.2408420163779,0.6088199615478516,1931.1314104289913,1521.7907382904518,409.3406721385395
1343.2616755727486,0.5841426849365234,1884.7400344561001,691.9523676447145,1192.7876668113856
1343.2825091288855,-0.7565059661865234,-635.575987501033,2182.632908986022,-2818.208896487055
1343.303342684906,0.6649646759033203,2036.6791413872552,1913.8954760174254,122.7836653698298
1343.324176240811,-1.0539798736572266,-1194.8039809686484,3322.283099897059,-4517.087080865707
1343.345009796482,2.2926712036132812,5096.641822433587,4812.191673183453,284.450149250134
1343.365843352037,1.3474769592285156,3319.7495725595745,3341.665024980759,-21.915452421184455
1343.386676907418,0.5535564422607422,1827.2402582077407,1985.4293141649155,-158.1890559571748
1343.407510462625,-0.7326526641845703,-590.7336202172972,1897.730011850801,-2488.4636320680984
1343.428344017656,0.9455471038818359,2564.152456727191,4277.964469132973,-1713.8120124057823
1343.449177572513,1.6116771697998047,3816.4255831977666,4233.904892869501,-417.4793096717344
1343.4700111272534,0.7543277740478516,2204.674870795346,1215.090847059238,989.5840237361081
1343.490844681819,-0.8921794891357422,-890.6317423088607,-55.21006861620789,-835.4216736926528
1343.5116782362095,-0.22384071350097656,365.79358800903356,932.9523902649338,-567.1588022559002
1343.532511790484,0.2126140594482422,1186.2948850506689,2879.144212649521,-1692.849327598852
1343.5533453445264,0.19932174682617188,1161.3063629332569,848.886313104078,312.4200498291789
1343.5741788984515,-0.7186698913574219,-564.4470861890653,-395.1795262239391,-169.26755996512622
1343.595012452202,0.16913414001464844,1104.5559913516413,2508.4976693482013,-1403.94167799656
1343.615846005779,2.6267547607421875,5724.693132520747,1592.008181794551,4132.684950726196
1343.636679559181,-1.2763137817382812,-1612.774573257408,-421.5002858129777,-1191.2742874444302
1343.6575131124075,-1.2312736511230469,-1528.102602920119,-114.29432223315905,-1413.8082806869597
1343.6783466654601,-0.7650012969970703,-651.5465539396831,1447.296418973156,-2098.8429729128393
1343.699180218396,0.4003314971923828,1539.189184053604,2270.998617243504,-731.8094331899001
1343.720013771157,0.19305419921875,1149.5238570245447,796.2850686038621,353.23878842068257
1343.740847323744,-1.2101993560791016,-1488.4845542940197,696.3960538153771,-2184.8806081093967
1343.7616808760974,0.11921501159667969,1010.7118816003272,807.7013134263706,203.01056817395659
1343.782514428393,-0.41192054748535156,12.21801203633106,747.5097951807405,-735.2917831444095
1343.8033479804567,0.14312362670898438,1055.658233263659,2294.9990727407576,-1239.3408394770986
1343.8241815323454,1.0710906982421875,2800.1647273958915,1406.6647479292383,1393.4999794666533
1343.8450150840586,-0.47723388671875,-110.56602625704534,545.7708073588726,-656.336833615918
1343.8658486356555,-0.8287277221679688,-771.3473162391311,822.9122803673581,-1594.2595966064891
1343.8866821870201,-0.4964179992675781,-146.63067763556876,1549.3954105170899,-1696.0260881526588
1343.907515738268,0.26311302185058594,1281.2290379536107,2326.486146711969,-1045.2571087583583
1343.9283492892826,0.6716270446777344,2049.2038806261876,1748.2744384427963,300.9294421833913
1343.949182840181,-0.4311656951904297,-23.96138072657436,2215.6121273526214,-2239.5735080791956
1343.970016390906,1.5795860290527344,3756.0967146907415,3137.0781652622254,619.018549428516
1343.9908499414555,1.3179092407226562,3264.164543163087,4741.235339216431,-1477.0707960533446
1344.01168349183,2.7069549560546875,5875.463311598512,4517.061940269132,1358.4013713293798
1344.032517041972,0.14443397521972656,1058.121587359607,2249.3878561956744,-1191.2662688360674
1344.053350591998,0.15439224243164062,1076.84236135516,3830.0334194858415,-2753.1910581306815
1344.0741841418485,2.7622241973876953,5979.3652208245485,4687.950579351874,1291.4146414726747
1344.0950176915248,1.13092041015625,2912.6399694362103,4676.04127266278,-1763.4013032265698
1344.1158512410266,2.2727622985839844,5059.214617115529,4998.6251056920355,60.589511423493605
1344.1366847903541,1.4382858276367188,3490.463238510211,5419.099220073207,-1928.6359815629962
1344.1575183395644,2.1684036254882812,4863.028363832119,5665.925623755632,-802.897259923513
1344.1783518885425,2.8302745819091797,6107.294693073798,4322.35462903951,1784.9400640342883
1344.199185437346,1.1378250122070312,2925.620088544408,4026.0162801269876,-1100.3961915825794
1344.220018985974,1.9598197937011719,4470.906854043636,3454.0962311607354,1016.8106228829001
1344.240852534428,0.7117671966552734,2124.6642691985703,3896.2686839564763,-1771.604414757906
1344.2616860827075,1.6336212158203125,3857.678696551307,5132.662665230997,-1274.98396867969
1344.282519630812,2.586721420288086,5649.433541371032,4144.984014114216,1504.4495272568165
1344.3033531787426,1.698617935180664,3979.867513913203,3466.6570778142705,513.2104360989324
1344.3241867264978,0.8593578338623047,2402.123279306956,4087.199735269086,-1685.0764559621298
1344.345020274079,1.4953594207763672,3597.757189912036,4704.019423154742,-1106.2622332427059
1344.365853821485,1.781942367553711,4136.511017604013,4540.322001591677,-403.81098398766335
1344.386687368717,2.5950756072998047,5665.1387683583,3116.6268953771796,2548.51187298112
1344.4075209157154,-0.12717437744140625,547.5188411920667,4745.752711383594,-4198.233870191527
1344.428354462598,2.855520248413086,6154.754598188745,6297.021529794944,-142.26693160619925
1344.449188009306,1.863870620727539,4290.529812127089,7174.385805956194,-2883.8559938291055
1344.4700215558391,3.99078369140625,8288.962276032657,5427.779847196276,2861.1824288363805
1344.4908551021394,0.8202610015869141,2328.624251273851,4147.93892312678,-1819.3146718529288
1344.5116886483224,2.1584529876708984,4844.321932509614,4284.660203271991,559.6617292376231
1344.532522194274,0.7484970092773438,2193.7134829186166,2105.871766112151,87.84171680646568
1344.5533557401086,-0.05584526062011719,681.6120771835801,3346.081838232612,-2664.469761049032
1344.5741892857109,2.2378921508789062,4993.661429950867,5094.597009551381,-100.93557960051385
1344.595022831139,0.6550426483154297,2018.026495088679,3529.921138317657,-1511.894643228978
1344.6158563763915,0.5645828247070312,1847.9690064299762,2790.978184957993,-943.009178528017
1344.6366899214686,0.1626758575439453,1092.4149186167356,2934.3327915881023,-1841.9178729713667
1344.6575234663715,0.4316139221191406,1597.9977292175695,2817.2386332596875,-1219.240904042118
1344.7200241000346,1.284698486328125,3201.730887386307,2619.923003378356,581.8078840079511
1344.7408576441815,0.5591239929199219,1837.7068238643233,3165.2257387952795,-1327.5189149309563
1344.7616911881535,1.0861682891845703,2828.509435006473,3446.7800963009104,-618.2706612944376
1344.7825247320084,0.2566680908203125,1269.1130648965386,3366.0890357542658,-2096.975970857727
1344.8033582756304,1.2367076873779297,3111.5118882478077,3944.0723432246027,-832.560454976795
1344.8241918190795,1.0542640686035156,2768.5319619891175,4029.5032998325096,-1260.9713378433921
1344.845025362354,0.8736400604248047,2428.9727632523113,3618.0191729183575,-1189.0464096660462
1344.865858905394,0.9556198120117188,2583.0883708184597,4626.323485780997,-2043.235114962537
1344.8866924483186,2.1909923553466797,4905.493433058194,4848.212341609254,57.28109144894006
1344.90752599101,0.6525764465332031,2013.3902260259993,6120.061331269877,-4106.671105243878
1344.9283595335846,2.898221969604492,6235.030539236905,5764.697599911505,470.3329393253998
1344.9491930759268,0.07537078857421875,928.2881252632702,4027.4808498832945,-3099.1927246200244
1344.9700266180948,2.1190242767333984,4770.198998198933,4602.242397652261,167.95660054667132
1344.99086016003,2.4545822143554688,5401.022029852567,5549.341389803709,-148.31935995114145
1345.0116937018474,1.6570587158203125,3901.7393881539415,5959.613315245359,-2057.873927091418
1345.032527243433,1.7487163543701172,4074.0486764811385,6911.342368585559,-2837.29369210442
1345.053360784903,3.2290573120117188,6856.975456273993,7379.637534243646,-522.6620779696532
1345.0741943261396,3.277772903442383,6948.557009352026,5887.240411520726,1061.3165978313
1345.0950278672005,1.6645355224609375,3915.7952077407194,5814.2401433670975,-1898.444935626378
1345.1158614080296,2.929899215698242,6294.58131773109,7543.4377581404015,-1248.8564404093113
1345.136694948742,4.249151229858398,8774.673313125857,7547.82373396624,1226.849579159617
1345.157528489221,2.7917709350585938,6034.910807870155,6720.090194180911,-685.179386310756
1345.1783620295264,1.9853744506835938,4518.947637417015,7053.230323888417,-2534.2826864714016
1345.1991955696576,2.91400146484375,6264.694772767877,5852.401805497655,412.2929672702221
1345.2200291095546,0.5026760101318359,1731.5889716524123,6255.073229762288,-4523.484258109876
1345.2408626493361,2.3126583099365234,5134.216040150384,7333.029983146548,-2198.813942996164
1345.261696188884,3.2422943115234375,6881.859994011808,6474.393552640444,407.46644137136445
1345.282529728258,2.293865203857422,5098.886450765557,7005.839469898859,-1906.9530191333015
1345.303363267457,3.704458236694336,7750.6925135560405,6766.495601361233,984.1969121948077
1345.324196806423,3.5378456115722656,7437.473633871396,5172.983231529217,2264.4904023421786
1345.3450303452146,1.4812240600585938,3571.1838024228496,6830.3288539980695,-3259.14505157522
1345.365863883831,2.9833431243896484,6395.051742430456,6738.87511892459,-343.8233764941342
1345.386697422274,1.3593177795410156,3342.0094011296555,7361.671563043159,-4019.6621619135035
1345.4075309605425,3.438932418823242,7251.524463475805,7813.230589540197,-561.7061260643923
1345.428364498577,2.8423309326171875,6129.959702157478,6705.9669520225125,-576.0072498650343
1345.4491980364364,3.381122589111328,7142.846444124873,7820.515799796373,-677.6693556714999
1345.470031574064,4.122785568237305,8537.115619436263,8158.593758262409,378.5218611738537
1345.490865111576,3.602996826171875,7559.952890362508,8314.507370335727,-754.5544799732188
1345.511698648854,4.432039260864258,9118.488700089578,8179.6754080024575,938.8132920871203
1345.5325321859575,3.5082015991210938,7381.74517774443,8715.08307993072,-1333.3379021862902
1345.5533657228284,3.091115951538086,6597.656341902726,8755.237019334467,-2157.5806774317407
1345.574199259582,2.8601913452148438,6163.53589976222,5431.629246343231,731.9066534189888
1345.595032796104,0.3558807373046875,1455.6251852092523,5066.577030976165,-3610.9518457669124
1345.6158663323931,2.7331581115722656,5924.723222180949,5472.460575014395,452.2626471665544
1345.6366998685655,2.0666141510009766,4671.672005697534,5480.276597912656,-808.6045922151225
1345.657533404504,3.055023193359375,6529.804741382166,6860.55738751117,-330.75264612900446
1345.6783669402112,2.871427536010742,6184.659071493268,8721.14384537415,-2536.484773880882
1345.6992004758015,4.6133880615234375,9459.410452765918,9382.982687280584,76.42776548533402
1345.720034011159,3.6312999725341797,7613.160621701333,7686.729960690507,-73.56933898917396
1345.740867546341,2.933563232421875,6301.469386462263,5713.504650900699,587.9647355615643
1345.761701081291,2.2336177825927734,4985.6259473758755,5925.95777696501,-940.3318295891349
1345.782534616067,2.8443336486816406,6133.724653832508,7260.5523013915645,-1126.8276475590565
1345.8033681506674,2.866495132446289,6175.386533367909,7826.364397095143,-1650.9778637272348
1345.824201685035,2.3171749114990234,5142.706902594642,7227.3784772717745,-2084.6715746771324
1345.845035219287,3.3638744354248047,7110.421246032212,8599.553084021125,-1489.1318379889126
1345.8658687532466,4.302661895751953,8875.269236214392,9114.104981136845,-238.83574492245316
1345.8867022870913,3.4793472290039062,7327.501188277906,8627.753314389984,-1300.2521261120773
1345.907535820703,3.915140151977539,8146.758258432651,8840.417800444015,-693.6595420113636
1345.9283693540806,3.936237335205078,8186.419335077893,9453.33860649209,-1266.9192714141973
1345.949202887342,3.6577320098876953,7662.8508124752025,10369.721988665799,-2706.871176190596
1345.9700364203136,4.20726203918457,8695.924866757281,9107.205186298947,-411.28031954166545
1345.9908699531684,3.084226608276367,6584.704908140624,8295.776614918872,-1711.071706778248
1346.0117034857894,3.425567626953125,7226.399685964439,9467.195688766322,-2240.7960028018824
1346.0325370182363,5.382848739624023,10905.937157326722,10082.106774678272,823.8303826484498
1346.0533705504504,4.904750823974609,10007.1499651223,8744.751302243303,1262.3986628789971
1346.0742040824898,4.6716766357421875,9568.988474850596,8695.751208928043,873.237265922553
1346.095037614297,3.24578857421875,6888.42893826767,9122.913165786891,-2234.4842275192213
1346.115871145987,4.781530380249023,9775.505038396634,8756.972812725175,1018.532225671459
1346.1367046773864,3.237314224243164,6872.497814179901,8435.650681611527,-1563.152867431626
1346.1575382086112,3.0581016540527344,6535.592009956926,9679.887064543973,-3144.295054587047
1346.178371739662,4.948638916015625,10089.656191829381,9228.402706640429,861.2534851889523
1346.1992052705375,3.340179443359375,7065.876489214217,7360.510738178963,-294.6342489647459
1346.220038817943,3.16131591796875,6729.626862283175,7587.412964573849,-857.7861022906745
1346.240872348411,3.892171859741211,8103.579641222452,8559.24036897832,-455.6607277558687
1346.2617058786468,3.2283401489257812,6855.627245007506,10137.1598836678,-3281.5326386602947
1346.282539408649,3.489715576171875,7346.992880949775,11996.566334586021,-4649.573453636246
1346.303372938534,5.421043395996094,10977.740164271932,12008.056660687429,-1030.3164964154967
1346.3242064681294,4.39776611328125,9054.0578270909,10378.158049776082,-1324.1002226851815
1346.3450399975504,4.011314392089844,8327.558409204104,12397.335861016054,-4069.7774518119495
1346.365873526795,6.850259780883789,13664.556691971931,13209.242913584769,455.31377838716253
1346.3867070558076,5.419370651245117,10974.595533206217,12670.865508636478,-1696.2699754302612
1346.4075405846465,6.40660285949707,12830.515911573237,13862.4652973561,-1031.9493857828638
1346.428374113252,5.989828109741211,12047.011539658228,13272.255076988897,-1225.243537330669
1346.449207641682,5.494892120361328,11116.57006803746,13398.754913889392,-2282.1848458519326
1346.470041169938,7.114349365234375,14161.02473385093,13756.081440876498,404.94329297443255
1346.490874697904,6.244121551513672,12525.063589343938,14200.03822038454,-1674.9746310406026
1346.5117082257525,5.686792373657227,11477.327737538815,14358.246203906696,-2880.9184663678807
1346.53254175331,6.128087997436523,12306.929460629237,12989.10890249126,-682.1794418620229
1346.553375280751,4.0210723876953125,8345.902688032154,11753.076651053854,-3407.1739630217
1346.574208807901,5.787817001342773,11667.246242700365,11419.841406365544,247.40483633482108
1346.595042334935,4.985448837280273,10158.856003616429,11184.279790610499,-1025.4237869940698
1346.6158758616775,5.178850173950195,10522.435594039925,11452.815344445311,-930.3797504053855
1346.6367093882454,5.179664611816406,10523.966674387771,11949.225005299111,-1425.2583309113397
1346.6575429146392,5.713720321655273,11527.950202060787,11813.730279631809,-285.78007757102205
1346.6783764408,5.578668594360352,11274.063375106349,11927.099538786142,-653.0361636797934
1346.699209966728,5.698383331298828,11499.117843566582,12255.287700758,-756.1698571914167
1346.7200434924812,5.031219482421875,10244.901284898038,12350.318712144232,-2105.4174272461933
1346.7408770180014,5.815273284912109,11718.861937330892,13589.640509249995,-1870.7785719191033
1346.761710543347,6.242578506469727,12522.162783720034,14377.255690948632,-1855.092907228598
1346.78254406846,6.558971405029297,13116.957020677764,12818.95164462691,298.00537605085447
1346.8033775933982,5.776500701904297,11645.972472902316,13739.285177179627,-2093.3127042773103
1346.824211118104,7.161808013916016,14250.24333154435,14465.399640783759,-215.15630923940807
1346.8450446425766,6.310871124267578,12650.54763583855,13055.018912010704,-404.47127617215483
1346.865878166874,5.729030609130859,11556.732361199323,13683.58244400594,-2126.850082806617
1346.8867116909391,7.128807067871094,14188.204099276385,13474.06158720246,714.1425120739259
1346.90754521483,6.744867324829102,13466.427006490554,14855.31542633797,-1388.8884198474152
1346.9283787384295,8.097585678100586,16009.4331372092,14143.583344552211,1865.849792656989
1346.949212261913,6.392305374145508,12803.637742281786,13321.804322016604,-518.1665797348178
1346.970045785105,7.437358856201172,14768.257654009307,13727.92405490465,1040.333599104657
1346.9908793081224,6.646261215209961,13281.055128685135,13397.478336234497,-116.4232075493619
1347.0117128309644,7.963920593261719,15758.153091081187,14095.555193709302,1662.5978973718848
1347.032546353516,6.085105895996094,12226.126426346573,14590.95332290636,-2364.826896559787
1347.0533798758938,7.8826446533203125,15605.360595103693,15213.728123457842,391.6324716458512
1347.0742133980966,9.070903778076172,17839.196065605414,15245.535509504085,2593.6605561013293
1347.095046920008,7.475656509399414,14840.254287040663,15196.23881164372,-355.98452460305634
1347.115880441745,7.038331985473633,14018.117925271587,15227.987364291714,-1209.8694390201272
1347.1367139633076,7.733436584472656,15324.860938309188,14809.92552696382,514.9354113453683
1347.1575474845781,7.049556732177734,14039.219582993062,15205.776127690846,-1166.5565446977835
1347.220048047228,8.631362915039062,17012.89315731597,17960.421333016075,-947.528175700103
1347.240881567684,8.33159065246582,16449.344433592727,17340.896192968925,-891.5517593761979
1347.261715087908,8.958475112915039,17627.838849905766,15957.335603684289,1670.5032462214767
1347.2825486078984,7.748838424682617,15353.815209524299,16573.13143633704,-1219.3162268127417
1347.3033821276565,8.296346664428711,16383.088455448727,16899.70772777355,-516.6192723248241
1347.3242156472402,8.178426742553711,16161.408100822973,17140.077167038027,-978.669066215054
1347.3450491665906,8.088010787963867,15991.433082534295,14236.769239675923,1754.663842858372
1347.3658826857654,17.08740234375,32909.594829770336,12373.321290898622,20536.273538871712
1347.38671620465,6.630195617675781,13250.853044914871,16927.461949505876,-3676.608904591005
1347.4075497233612,10.626672744750977,20763.921682484677,17604.750798862326,3159.1708836223515
1347.428383241838,7.575063705444336,15027.132145516094,16567.508701166687,-1540.3765556505932
1347.449216760082,8.653360366821289,17054.24666938085,17039.454446782038,14.79222259881135
1347.4700502780945,8.33985710144043,16464.884719839945,17499.58408809733,-1034.6993682573848
1347.4908837959315,8.861082077026367,17444.747457114936,19530.86902699832,-2086.121569883384
1347.5117173135354,9.595508575439453,18825.41260704055,18804.827022284007,20.58558475654354
1347.5325508309065,7.804393768310547,15458.254968989624,18598.085119231993,-3139.830150242369
1347.5533843480448,9.131790161132812,17953.657767862846,20303.060419477715,-2349.4026516148697
1347.5742178649512,11.10099983215332,21655.620008535258,20884.653411276544,770.9665972587136
1347.595051381624,9.715066909790039,19050.173050703306,19113.784399746277,-63.61134904297069
1347.615884898122,8.812152862548828,17352.764309191567,19530.681881918455,-2177.9175727268885
1347.6367184143878,10.596147537231445,20706.5366476207,20500.627797493733,205.90885012696526
1347.6575519303624,9.473518371582031,18596.080436343833,20809.343357310965,-2213.2629209671322
1347.678385446161,10.88389778137207,21247.48490428898,20180.381925759713,1067.1029785292667
1347.6992189617858,9.422830581665039,18500.79130228296,18936.335267692,-435.54396540904054
1347.720052477121,9.088521957397461,17872.316883340893,19740.169398516966,-1867.8525151760732
1347.740885992222,9.419767379760742,18495.032719054296,19336.482737566497,-841.4500185122015
1347.76171950709,8.891658782958984,17502.229305021985,19580.42328817103,-2078.1939831490454
1347.7825530217851,10.745431900024414,20987.179731145683,19530.745879832324,1456.433851313359
1347.803386536187,8.520227432250977,16803.967024697915,17155.220173486967,-351.2531487890519
1347.8242200504146,8.728519439697266,17195.53992724232,17741.26735312158,-545.7274258792604
1347.8450535644106,9.721359252929688,19062.002170299424,18271.422839409337,790.5793308900866
1347.8658870781735,8.80504035949707,17339.393352242816,19243.659068891124,-1904.2657166483077
1347.886720591644,11.566953659057617,22531.57725091595,20305.13390962044,2226.4433412955113
1347.9075541049415,10.605419158935547,20723.966581041957,20247.743228466446,476.22335257551094
1347.9283876180054,10.719528198242188,20938.48277048037,20606.656844184257,331.825926296111
1347.949221130836,10.495523452758789,20517.371132794153,20728.005550979025,-210.63441818487263
1347.970054643435,10.958843231201172,21388.376567305117,19779.703938291535,1608.6726290135812
1347.990888155801,9.391319274902344,18441.55247692756,18962.390469175098,-520.837992247536
1348.011721667933,9.263179779052734,18200.66011175437,19765.133768442123,-1564.4736566877546
1348.0325551797741,10.306596755981445,20162.203520113155,19059.360505009292,1102.8430151038629
1348.053388691442,8.993980407714844,17694.58606460165,20026.32207259503,-2331.7360079933787
1348.074222202876,10.833358764648438,21152.475452352537,22984.964964821032,-1832.4895124684954
1348.0950557140768,11.348419189453125,22120.74930980496,23832.647526376542,-1711.8982165715825
1348.115889224988,11.725191116333008,22829.051461262447,23290.45141211476,-461.39995085231203
1348.136722735724,11.636953353881836,22663.171276128895,21592.838365162217,1070.3329109666774
1348.157556246227,11.014411926269531,21492.841426448278,22943.43983267628,-1450.5984062280004
1348.178389756438,12.84858512878418,24940.945525512347,22528.853649824316,2412.091875688031
1348.1992232664174,9.795907974243164,19202.14801431708,20841.710768342728,-1639.5627540256464
1348.2200567762225,10.900144577026367,21278.027626544124,21099.770357834506,178.25726870961807
1348.240890285735,10.642108917236328,20792.9404957285,23252.422394857047,-2459.4818991285465
1348.261723795016,13.019012451171875,25261.33574172086,28547.299727912527,-3285.9639861916658
1348.282557304064,9.950637817382812,19493.02818072988,31895.58269612041,-12402.55451539053
1348.303390812878,8.391067504882812,16561.156327004588,27777.05559831979,-11215.8992713152
1348.3242243214022,12.115442276000977,23562.693530327015,23694.00792912272,-131.31439879570462
1348.3450578297516,11.909439086914062,23175.423429696926,25182.259287111792,-2006.835857414866
1348.3658913378094,12.291267395019531,23893.231187716796,25749.620633077353,-1856.3894453605571
1348.386724845635,11.800710678100586,22971.022410425427,24954.25168512478,-1983.2292746993517
1348.407558353228,12.810321807861328,24869.013434509707,25603.078136619893,-734.0647021101868
1348.4283918605875,13.389917373657227,25958.60837760464,25584.8314042361,373.77697336853817
1348.449225367656,10.962188720703125,21394.665829436548,23198.901325199582,-1804.2354957630341
1348.4700588745495,9.625896453857422,18882.53947378967,23853.256169808534,-4970.716696018862
1348.4908923811531,12.872543334960938,24985.98510455049,24946.129749856587,39.85535469390379
1348.5117258875234,12.462129592895508,24214.43893628903,25668.81026716394,-1454.3713308749102
1348.532559393602,10.145553588867188,19859.454791753353,26271.037486746398,-6411.582694993045
1348.5533928994487,11.688451766967773,22759.98431920109,25839.091750959535,-3079.107431758446
1348.5742264050625,13.72335433959961,26585.444146151003,27481.15157977936,-895.7074336283586
1348.5950599104426,13.44308090209961,26058.5517090695,27737.66388763648,-1679.112178566982
1348.6158934155906,13.971113204956055,27051.21169637133,25735.36562536618,1315.8460710051513
1348.636726920448,13.991628646850586,27089.779144196684,25213.20622028631,1876.5729239103748
1348.657560425013,12.439834594726562,24172.52605997529,25828.60600318152,-1656.0799432062304
1348.6783939294046,12.717697143554688,24694.88621237371,25936.355970754255,-1241.4697583805464
1348.699227433504,13.088939666748047,25392.79351153985,26153.364926080976,-760.5714145411257
1348.7200609373722,13.243589401245117,25683.523079885654,25861.80029170986,-178.27721182420646
1348.740894440948,13.092830657958984,25400.108274794195,27810.864261355116,-2410.755986560922
1348.7617279442911,10.529138565063477,20580.564950242464,36207.9493555582,-15627.384405315737
1348.7825614474018,9.577619552612305,18791.78262441188,37780.06717550616,-18988.284551094283
1348.8033949502214,14.285484313964844,27642.205124971413,28612.321589595045,-970.116464623632
1348.8242284528078,11.558988571166992,22516.603500254118,25292.18933703326,-2775.5858367791407
1348.845061955104,12.947221755981445,25126.374774009957,26390.45121187812,-1264.0764378681633
1348.8658954571665,12.689434051513672,24641.753780068386,27268.87904665045,-2627.125266582065
1348.886728958938,14.440916061401367,27934.404817304607,27141.24428834056,793.1605289640465
1348.907562460477,12.859075546264648,24960.66670095298,27451.752563520502,-2491.085862567521
1348.9283959617842,15.12240219116211,29215.546158952005,28218.093500661584,997.4526582904218
1348.949229462799,14.247062683105469,27569.97542350303,27668.982884930487,-99.00746142745629
1348.970062963522,12.605220794677734,24483.439354967515,27778.739917087536,-3295.300562120021
1348.9908964640135,13.785316467285156,26701.928165308163,28602.46184357033,-1900.533678262167
1349.0117299642725,13.569768905639648,26296.71538069536,29469.20104699237,-3172.4856662970087
1349.0325634641808,15.576282501220703,30068.806121234662,26920.276386211888,3148.529735022774
1349.0533969639164,13.390924453735352,25960.50161044694,27522.03470161352,-1561.5330911665806
1349.0742304633015,12.231010437011719,23779.952755985803,28260.50615666015,-4480.553400674347
1349.095063962512,13.871530532836914,26864.003956415803,28057.710328129953,-1193.70637171415
1349.115897461373,14.793554306030273,28597.33750824385,30337.166149435718,-1739.828641191867
1349.1367309600023,15.423286437988281,29781.185327271956,31530.06867124558,-1748.8833439736227
1349.15756445834,14.353178024291992,27769.46407725568,30115.756895266153,-2346.292818010472
1349.178397956444,13.64068603515625,26430.0341123423,28493.469731883615,-2063.4356195413166
1349.199231454258,13.274263381958008,25741.18779687406,28544.454950880852,-2803.267154006793
1349.220064951781,15.766544342041016,30426.483701699017,29332.333765391253,1094.1499363077637
1349.240898449071,16.636722564697266,32062.3516188312,34336.68478921596,-2274.333170384758
1349.26173194607,11.558172225952148,22515.06883423801,39472.47305491481,-16957.4042206768
1349.2825654427775,11.237119674682617,21911.514809716376,35670.22868503126,-13758.713875314883
1349.3033989391938,15.87421989440918,30628.905432089927,30046.15914039044,582.7462916994882
1349.3242324353776,14.766189575195312,28545.893925689896,30112.37533740238,-1566.4814117124843
1349.3450659312707,16.551664352416992,31902.44874269029,29396.266444827517,2506.1822978627715
1349.365899426873,14.296121597290039,27662.202396868215,29607.1744639404,-1944.9720670721836
1349.386732922183,16.433921813964844,31681.101855212895,30027.635307672317,1653.4665475405782
1349.407566417203,15.516145706176758,29955.753586604173,28737.877241689916,1217.876344914257
1349.4283999119905,14.850608825683594,28704.595602963058,29159.803303743443,-455.2077007803855
1349.449233406486,16.62482261657715,32039.980634544998,30085.172531928634,1954.8081026163636
1349.4700669006907,16.0955753326416,31045.036576560316,30277.689599836856,767.3469767234601
1349.4909003946045,16.242948532104492,31322.086820486842,29108.780116303406,2213.3067041834365
1349.511733888228,14.428215026855469,27910.527852348394,29473.130113555722,-1562.6022612073284
1349.5325673815585,15.846609115600586,30576.99929833018,31673.27998705414,-1096.2806887239567
1349.5534008745994,17.792722702026367,34235.54268201885,31214.271573775106,3021.2711082437454
1349.574234367408,15.790943145751953,30472.351570105664,29878.859463828903,593.4921062767608
1349.595067859866,16.29648780822754,31422.736528599304,30509.843157068302,912.8933715310013
1349.6159013520335,16.270828247070312,31374.498533471517,30265.988222307282,1108.5103111642347
1349.6367348439103,16.036413192749023,30933.816318411675,29902.70970611828,1031.1066122933953
1349.6575683355545,15.969131469726562,30807.331870471982,30482.55587502157,324.77599545041085
1349.720068808565,17.429933547973633,33553.527064589594,30538.302120114524,3015.2249444750705
1349.740902298986,14.51866340637207,28080.563826997524,31161.17398852885,-3080.6101615313273
1349.761735789116,17.06508445739746,32867.63892543745,31313.93368155359,1553.7052438838618
1349.7825692789556,16.066347122192383,30990.08979611445,30504.49106280478,485.59873330967093
1349.803402768446,15.673431396484375,30251.438548487964,30551.8228735297,-300.3843250417376
1349.8242362577025,16.740190505981445,32256.863365036286,30510.13235972086,1746.7310053154251
1349.8450697466105,15.81147575378418,30510.951288945376,31099.164438385855,-588.2131494404784
1349.865903235228,15.702308654785156,30305.725565973633,32212.834676465263,-1907.1091104916304
1349.886736723495,16.95106315612793,32653.287676739088,31654.732454216894,998.5552225221945
1349.9075702115306,15.246515274047852,29448.869178424255,33161.81823058278,-3712.949052158525
1349.9284036992165,19.17993927001953,36843.40279459108,32892.929843382095,3950.4729512089834
1349.9492371866104,15.187887191772461,29338.652907388954,31425.129151792247,-2086.476244403293
1349.970070673656,18.24402618408203,35083.958406479636,31495.663817134788,3588.2945893448486
1349.990904160469,16.643169403076172,32074.471177556534,32220.739692184397,-146.26851462786362
1350.0117376468734,17.846132278442383,34335.948564689505,32071.51007956449,2264.4384851250143
1350.0325711330452,16.414093017578125,31643.82524796184,31479.009985837514,164.81526212432436
1350.053404618869,16.57741928100586,31950.866021231173,32231.325427398013,-280.45940616683947
1350.0742381043428,18.933292388916016,36379.72568896746,33137.002285086324,3242.7234038811366
1350.095071589525,17.607030868530273,33886.45636271009,32845.247674219376,1041.2086884907112
1350.1159050744163,16.421131134033203,31657.056363848373,32218.406740759267,-561.3503769108938
1350.136738558959,17.357723236083984,33417.777249861065,33175.71890590262,242.0583439584443
1350.1575720431529,18.120685577392578,34852.08758265347,34430.41233697478,421.6752456786853
1350.1784055270546,17.73866844177246,34133.92484347567,34057.3645598439,76.56028363176301
1350.1992390106661,18.320690155029297,35228.080756599775,34000.7794234371,1227.3013331626717
1350.2200724939285,18.997129440307617,36499.7344200261,34071.96158596826,2427.7728340578396
1350.240905976841,17.891077041625977,34420.441251613694,33894.970723349594,525.4705282641007
1350.2617394594035,17.43038558959961,33554.37686796767,35791.435192358105,-2237.058324390433
1350.2825729416759,19.230154037475586,36937.80268292299,36218.504693894756,719.2979890282368
1350.303406423599,18.09931755065918,34811.91734111503,35067.63617392334,-255.71883280830662
1350.3242399052306,18.627975463867188,35805.753427606774,35024.723389589715,781.0300380170593
1350.3450733864556,18.180166244506836,34963.906647401855,34257.29761500843,706.6090323934259
1350.3659068673896,18.03440284729004,34689.882707488396,34358.746397085524,331.13631040287146
1350.3867403479735,18.844886779785156,36213.52996502686,35914.67526769951,298.8546973273478
1350.4075738282086,19.276195526123047,37024.3571290978,36454.927665865755,569.4294632320452
1350.4284073080944,19.559560775756836,37557.0619344319,36018.19558756554,1538.866346866358
1350.4492407876896,17.97490882873535,34578.03854306218,37124.91759265185,-2546.8790495896683
1350.4700742668765,20.25215721130371,38859.089793705054,37092.782952955764,1766.3068407492901
1350.4909077457728,18.355045318603516,35292.66581333372,36706.18313584519,-1413.5173225114704
1350.511741224262,18.44334602355957,35458.66432551991,36428.466905463,-969.8025799430907
1350.5325747024594,18.22439956665039,35047.06188006434,36421.92429160333,-1374.8624115389903
1350.553408180308,18.689674377441406,35921.74262454379,36468.76527947293,-547.0226549291401
1350.5742416577496,18.079763412475586,34775.15707009369,36221.63278887664,-1446.4757187829455
1350.5950751348419,20.369380950927734,39079.4613794152,36545.953767566825,2533.5076118483776
1350.6159086116425,19.766529083251953,37946.14638320252,36208.5975252031,1737.5488579994199
1350.6367420880356,18.765369415283203,36064.04345518687,36591.94724534555,-527.9037901586853
1350.657575564022,18.588865280151367,35732.22929989584,37514.028703780765,-1781.7994038849283
1350.6784090397168,19.426128387451172,37306.21933983184,38763.387054294035,-1457.1677144621935
1350.699242515004,20.426088333129883,39186.066882510735,38124.089007134215,1061.9778753765204
1350.720075990001,19.711875915527344,37843.40264482509,37640.098010635564,203.30463418952422
1350.7409094645316,20.237171173095703,38830.917198171046,38874.73984969137,-43.822651520320505
1350.761742938771,20.59557342529297,39504.68577859785,39792.303885332156,-287.6181067343059
1350.782576412603,21.553159713745117,41304.874115169645,39060.42692836152,2244.4471868081237
1350.8034098860871,19.138896942138672,36766.246384930804,37055.09970852258,-288.85332359177846
1350.824243359162,19.231006622314453,36939.40547663608,36442.66391693065,496.7415597054278
1350.8450768318305,19.486129760742188,37419.01729201573,36522.11827456401,896.8990174517166
1350.8659103042075,18.821775436401367,36170.082422697014,38592.76450221834,-2422.682079521328
1350.8867437761191,21.63434600830078,41457.49808473883,40409.986602582045,1047.511482156784
1350.9075772476804,21.51704216003418,41236.97590096168,39103.04235125546,2133.93354970622
1350.9284107188937,20.340314865112305,39024.8193807716,39035.20221118015,-10.382830408547306
1350.9492441896414,21.535673141479492,41272.00070854424,40227.10633303071,1044.8943755135333
1350.970077660097,21.22816276550293,40693.904928682336,41514.85052548207,-820.9455967997346
1350.990911130088,22.272510528564453,42657.19814315294,40746.808635674985,1910.3895074779575
1351.0117445996716,20.17055892944336,38705.691319791295,39641.69401618986,-936.0026963985656
1351.032578068905,20.309818267822266,38967.48813093155,39725.154178174154,-757.666047242601
1351.0534115377309,21.044300079345703,40348.25726523677,38505.21662938316,1843.0406358536056
1351.07424500615,20.277347564697266,38906.44571444041,39112.327401285445,-205.88168684503762
1351.0950784741622,21.252708435058594,40740.04889354515,40142.676012061354,597.3728814837959
1351.1159119417655,21.125822067260742,40501.51231242005,39535.91595547051,965.5963569495361
1351.1367454090205,21.612531661987305,41416.4887968271,39928.49637152958,1487.992425297518
1351.1575788758105,21.668399810791016,41521.51660588739,41161.28066879556,360.2359370918275
1351.1784123421915,22.45330810546875,42997.08363770158,40918.694142578075,2078.389495123505
1351.1992458081654,20.35416030883789,39050.84774668498,42662.25367074128,-3611.4059240563
1351.2200792736744,23.708637237548828,45357.00554696593,44714.423853180495,642.5816937854324
1351.240912738834,23.833805084228516,45592.311440987025,43670.24874017592,1922.0627008111042
1351.2617462035269,22.079360961914062,42294.09186094002,41635.133794489295,658.958066450723
1351.282579667814,20.696367263793945,39694.17041789971,40289.21330943104,-595.0428915313314
1351.303413131693,21.25443458557129,40743.2939233222,40682.41297060771,60.880952714491286
1351.3242465951635,21.047996520996094,40355.206290328395,41704.65861923561,-1349.4523289072167
1351.3450800581113,22.235408782958984,42587.44972412182,42356.50663966998,230.94308445184288
1351.3659135207095,22.77519416809082,43602.20459925368,42744.478395675316,857.7262035783642
1351.386746982842,22.529714584350586,43140.72192260636,43930.153108952385,-789.4311863460243
1351.4075804445085,22.9207763671875,43875.88790068225,44526.9277715605,-651.039870878245
1351.4284139057686,22.754371643066406,43563.059858838154,43383.43292191482,179.62693692333414
1351.449247366621,23.086044311523438,44186.57888424223,42261.00573412523,1925.5731501170012
1351.470080826949,22.72762107849121,43512.770861464545,42759.431459346546,753.3394021179993
1351.4909142868696,22.282278060913086,42675.5603503223,43561.91499905123,-886.3546487289277
1351.511747746325,22.56948471069336,43215.48669153593,46052.33432169232,-2836.847630156386
1351.532581205372,26.413551330566406,50442.03533529945,45630.95468211461,4811.080653184843
1351.5534146638956,23.131025314331055,44271.1396988634,44395.821479837985,-124.6817809745844
1351.574248122012,24.054935455322266,46008.0194766025,44104.72739212298,1903.2920844795226
1351.5950815796045,22.87728500366211,43794.127492973654,42578.81407026042,1215.3134227132323
1351.615915036789,22.5426025390625,43164.95028305225,44006.70383229414,-841.7535492418901
1351.636748493509,24.520912170410156,46884.01974700234,46169.36909825363,714.6506487487131
1351.6575819497039,23.713287353515625,45365.747406188515,46121.05355238895,-755.3061462004334
1351.6784154054926,24.11808967590332,46126.74453842337,44398.851987956725,1727.8925504666477
1351.699248860756,22.245899200439453,42607.17089956245,45138.74480245255,-2531.5739028901007
1351.7200823156131,24.130056381225586,46149.241021098744,46519.2617314276,-370.0207103288558
1351.740915769946,24.575786590576172,46987.17942289816,45580.45156465489,1406.72785824327
1351.7617492237541,23.892915725708008,45703.4348860926,44976.18330857188,727.2515775207139
1351.782582677156,24.090303421020508,46074.50852318353,47546.80303711711,-1472.2945139335789
1351.8034161300338,25.642301559448242,48992.14527390895,46548.38839326149,2443.756880647459
1351.824249582387,22.898788452148438,43834.55231695869,43959.301735323854,-124.74941836516518
1351.845083034275,23.35185432434082,44686.2811988935,44631.13357342285,55.14762547065038
1351.865916485698,23.892263412475586,45702.208587547015,47297.10192701292,-1594.8933394659034
1351.886749936597,25.366748809814453,48474.127365775734,49551.08243405131,-1076.9550682755798
1351.9075833870288,26.17473793029785,49993.08456922758,50014.37656864507,-21.291999417488114
1351.9284168369386,26.360027313232422,50341.41431253308,48644.322676934666,1697.0916355984155
1351.949250286324,25.00565528869629,47795.29940743134,47393.2192046194,402.08020281193603
1351.970083735243,25.346221923828125,48435.53840394081,46071.89446021169,2363.643943729119
1351.9909171836384,23.99264144897461,45890.91155116777,45522.447844995295,368.4637061724716
1352.0117506315105,23.37171173095703,44723.61159116848,46301.369615524265,-1577.7580243557823
1352.032584078916,24.052377700805664,46003.21109546325,47272.36590376212,-1269.1548082988666
1352.0534175257985,25.985301971435547,49636.959583120646,48852.52203638125,784.4375467393984
1352.0742509721572,26.276500701904297,50184.3907280065,49776.29971513042,408.09101287608064
1352.095084417992,26.31682014465332,50260.18816939551,49210.30831442748,1049.8798549680287
1352.115917863302,25.660675048828125,49026.68601627615,47976.14181361637,1050.5442026597811
1352.136751308147,24.89889144897461,47594.59162646963,48501.35676950018,-906.7651430305486
1352.1575847524105,26.221771240234375,50081.50356289859,49867.764283379474,213.739279519119
1352.22008508223,26.89582633972168,51348.675140997504,50671.93571741667,676.7394235808315
1352.240918524456,25.918746948242188,49511.841274788756,50206.17660682535,-694.3353320365932
1352.2617519662156,26.50650405883789,50616.779292376494,50583.62568001822,33.153612358277314
1352.2825854073935,26.452096939086914,50514.49810520485,50521.59921932535,-7.101114120494458
1352.3034188481065,27.522939682006836,52527.59983750197,51162.69159820439,1364.9082392975833
1352.3242522882945,26.739612579345703,51055.00532467692,51908.32814595124,-853.3228212743197
1352.3450857279581,25.987760543823242,49641.58150951028,51624.66213968293,-1983.080630172648
1352.365919167099,26.45419692993164,50518.44592596124,51083.95010003933,-565.5041740780871
1352.3867526057738,26.577308654785156,50749.88646959598,50056.74020768003,693.1462619159502
1352.4075860439261,26.049724578857422,49758.0691143357,50206.80985800846,-448.740743672759
1352.428419481611,27.4696102142334,52427.34455289832,51132.945535237624,1294.3990176606967
1352.449252918773,27.114709854125977,51760.159259400425,50932.74391137822,827.4153480222085
1352.47008635541,27.474790573120117,52437.08322789773,51746.219014415416,690.8642134823167
1352.49091979164,26.605710983276367,50803.28065568442,53984.42533598565,-3181.1446803012295
1352.5117532273466,28.63323211669922,54614.86394646065,53193.58282491034,1421.2811215503098
1352.5325866625872,26.848724365234375,51260.127063269065,52587.341412556656,-1327.2143492875912
1352.5534200974212,28.09545135498047,53603.87760867208,54634.63756763926,-1030.7599589671809
1352.57425353173,29.341150283813477,55945.69547888193,53159.47983943179,2786.215639450136
1352.5950869656326,26.154388427734375,49954.82907454102,51121.21168007589,-1166.382605534869
1352.6159203991265,28.045442581176758,53509.86497251246,51656.39777374923,1853.4671987632319
1352.6367538321556,27.426647186279297,52346.57737529828,52872.17697691199,-525.5996016137142
1352.6575872647782,28.514223098754883,54391.136175257336,53571.56675591748,819.5694193398522
1352.678420697049,28.346837997436523,54076.46509992661,53996.07864856676,80.38645135984552
1352.699254128913,29.775371551513672,56761.997958388834,54639.82903675072,2122.168921638113
1352.7200875604294,29.528959274291992,56298.76188996143,54756.87231101517,1541.8895789462622
1352.7409209915959,29.42011833190918,56094.14931626248,54560.61483833407,1533.5344779284133
1352.7617544224127,28.182575225830078,53767.663763540666,54129.71700111626,-362.0532375755938
1352.7825878529388,27.749828338623047,52954.133005600226,54411.570282599176,-1457.4372769989495
1352.8034212831735,30.121795654296875,57413.24854213071,55648.1526110183,1765.0959311124097
1352.8242547131758,29.323657989501953,55912.81131525173,56351.87479822033,-439.06348296859505
1352.8450881429444,29.84907341003418,56900.5517656982,55671.301318480015,1229.2504472181827
1352.865921572481,28.661714553833008,54668.4087306161,55570.794520371805,-902.3857897557027
1352.886755001843,28.6947021484375,54730.42286320624,55118.06387889948,-387.64101569323975
1352.907588431088,28.060998916625977,53539.10968285679,55242.01746854178,-1702.9077856849908
1352.9284218601597,28.452953338623047,54275.95375367926,54932.695627101944,-656.7418734226812
1352.9492552892305,28.69617462158203,54733.19099910445,55368.66276408988,-635.4717649854283
1352.970088718184,29.13062858581543,55549.930930139315,56807.67623275232,-1257.7453026130024
1352.9909221471971,30.26786231994629,57687.8426032978,57586.4442677935,101.39833550430194
1353.011755576209,29.80996322631836,56827.02763798725,56065.645687980934,761.3819500063182
1353.0325890053387,29.103416442871094,55498.77420104632,56481.214124996295,-982.4399239499762
1353.053422434525,30.964691162109375,58997.82706044419,57054.67154973714,1943.1555107070526
1353.074255863945,28.912973403930664,55140.75598209708,57719.18100033333,-2578.425018236252
1353.0950892935412,31.087993621826172,59229.626170905125,59329.664332153974,-100.03816124884906
1353.115922723484,31.648269653320312,60282.90188017493,59210.669476197436,1072.2324039774976
1353.13675615366,31.863018035888672,60686.61226978598,60598.15357987226,88.45868991372117
