time,flux,error,quality,sector
2036.278608920634,1.0012641542122733,0.0016601209849399306,0,27
2036.3494420729999,1.003055839075815,0.001658660967433852,0,27
2036.4188863366485,0.9971063606048601,0.0016565430758657563,0,27
2036.4883305968492,1.0028139572570762,0.0016595336835972792,0,27
2036.5577748535707,0.9985697201622927,0.0016567303704670515,0,27
2036.6272191068438,1.0026708056787483,0.0016593571808001526,0,27
2036.6966633566965,0.9997002468474119,0.001656945496563308,0,27
2036.7661076032168,0.9988100752247367,0.0016576861551230926,0,27
2036.8355518464637,1.000238319387384,0.0016575641793365023,0,27
2036.9049960865086,1.0053163835272882,0.0016602641183425882,0,27
2036.9744403234395,1.003384527895328,0.001658682835037036,0,27
2037.043884557373,1.000270235864218,0.0016580715361298516,0,27
2037.1133287883376,0.997172738152353,0.0016567476941526907,0,27
2037.1827730164218,1.0021634863727187,0.0016602996176984062,0,27
2037.252217241741,0.9967176920737575,0.0016570686083292843,0,27
2037.3216614643234,0.9989676219338463,0.0016590665120747156,0,27
2037.3911056842721,1.0006186998128852,0.0016599825374522406,0,27
2037.4619387859834,0.9987980792824187,0.0016614678304996615,0,27
2037.5313830008245,1.0020931828804671,0.0016655229929134516,0,27
2037.602216097443,1.0023898098177846,0.0016684139184538378,0,27
2037.6716603074237,0.9982365237765757,0.0016683680532861211,0,27
2037.7411045150905,0.997810849580989,0.0016703983324440584,0,27
2037.8105487205025,0.9982773099804568,0.0016748858770117105,0,27
2037.8799929237032,1.0016563124720503,0.0016768396195585042,0,27
2037.9494371247488,1.0028391123846037,0.001676994680744717,0,27
2038.018881323685,0.9988910660110533,0.0016772670318025518,0,27
2038.088325520569,0.9990166235406481,0.0016801651992115248,0,27
2038.1577697154303,1.0002627474881043,0.001683568877447345,0,27
2038.227213908313,0.998958752206799,0.0016858050528690259,0,27
2038.2966580992597,1.000371437995773,0.001687280548094241,0,27
2038.3661022883143,1.0019497404914164,0.0016871208009930604,0,27
2038.4355464755074,1.0018118235060998,0.0016891456842489134,0,27
2038.5049906608815,1.001052734816754,0.0016914108271449417,0,27
2038.5744348444516,0.9979673057498878,0.0016965108065991642,0,27
2038.6438790262741,0.9994878823170431,0.001700712794348617,0,27
2038.713323206351,0.9981028235467406,0.0017033283868852797,0,27
2038.782767384725,1.0011817820750233,0.0017061650694099764,0,27
2038.85221156144,1.002335573617971,0.0017088278050911652,0,27
2038.9216557364966,1.0007770462514824,0.0017078199073807833,0,27
2038.9910999099227,1.0010650942724755,0.001704732883398859,0,27
2039.060544081748,1.0008346994772896,0.0017060443716001954,0,27
2039.1299882520027,0.9988184360330189,0.001708270323207401,0,27
2039.1994324207153,0.9998475424785406,0.0017120257290606645,0,27
2039.2688765878702,1.0010859599418407,0.0017102981884091425,0,27
2039.3383207535257,1.0000536545783678,0.0017077706342749082,0,27
2039.407764917683,0.9989300346479165,0.001706506857207791,0,27
2039.47720908037,0.9998877470609759,0.001706052465453322,0,27
2039.5466532415871,1.0008566556868654,0.0017110808782062155,0,27
2039.6160974013642,0.9999913483809949,0.0017172495302679798,0,27
2039.685541559729,0.9991260410751244,0.0017207971938909973,0,27
2039.7549857166687,1.0025411040963526,0.0017249465005964165,0,27
2039.824429872211,0.9994060918012387,0.001726509040242097,0,27
2039.8938740263866,1.0000908056482132,0.0017304322870496677,0,27
2039.9633181791778,1.000032643503641,0.00172639459031894,0,27
2040.0327623306307,0.99825222755561,0.0017239404488525371,0,27
2040.1022064807162,1.0007037619493218,0.0017258900734740562,0,27
2040.171650629492,1.0021404396229319,0.001730867367154572,0,27
2040.2410947769285,0.9984491791176672,0.0017301532621129391,0,27
2040.31053892307,1.0005731879347575,0.0017297293998044733,0,27
2040.3799830679022,1.0000113416181915,0.001722933971116388,0,27
2040.449427211439,0.9997172592746991,0.00172259246731342,0,27
2040.5188713537113,0.9991119367550656,0.0017263957262983263,0,27
2040.5883154946866,1.001442348482706,0.001735901317806973,0,27
2040.6577596344114,1.0007407676138056,0.001744027262351113,0,27
2040.7272037728692,0.9991125183765114,0.0017479194117229874,0,27
2040.79664791009,1.0002640561363572,0.001749771058122449,0,27
2040.8660920460457,1.0007245549160062,0.0017532370732270851,0,27
2040.935536180779,1.0025110051865365,0.0017556964685981492,0,27
2041.0049803142747,1.000600596845387,0.0017472998769652534,0,27
2041.0744244465482,0.9976290201765207,0.0017441259505602867,0,27
2041.143868577586,0.9998264587011332,0.0017466912760091115,0,27
2041.2133127074158,0.9990398156957963,0.0017497959076715214,0,27
2041.2827568360367,1.0016625649025919,0.0017504811872362301,0,27
2041.3522009634353,0.9976982331285614,0.0017398871854782067,0,27
2041.421645089641,1.0003799442094168,0.0017374613014990348,0,27
2041.491089214639,1.0003640223223402,0.0017431877735847314,0,27
2041.5605333384433,0.999371848838622,0.0017540967256275714,0,27
2041.6299774610395,0.9988688189907545,0.001766902905242743,0,27
2041.6994215824434,1.001346380944162,0.0017710387221929512,0,27
2041.7688657026538,0.9999187184029605,0.0017774425219876536,0,27
2041.8383098216718,1.000532983352322,0.0017787988813747436,0,27
2041.9077539394957,0.9994840290749653,0.0017791533069432296,0,27
2041.9771980561256,0.9973690353902837,0.001774477757787166,0,27
2042.0466421715778,1.004721457490997,0.0017697854529351562,0,27
2042.1160862858364,1.0049029233820619,0.0017712636461114134,0,27
2042.1855303988866,1.0017301056929762,0.0017703680683628395,0,27
2042.254974510758,1.001452817668729,0.0017678095587903321,0,27
2042.3355296790276,1.000833536234398,0.0017600097823274468,0,27
2042.4049737883233,0.9977500701399112,0.0017515627816092898,0,27
2042.4744178964122,1.0006502527763155,0.001756113089038028,0,27
2042.5438620033078,0.9979732673697065,0.0017674734508894483,0,27
2042.6133061089945,0.9992731185982109,0.00178711737442484,0,27
2042.6827502134752,1.0016444619350937,0.001802001970324438,0,27
2042.7521943167471,0.9998021760057744,0.0018078214507223774,0,27
2042.8216384188115,1.0004382517593504,0.0018106800008502579,0,27
2042.8910825196535,1.0010431380628997,0.0018139152701420777,0,27
2042.960526619272,1.000046457012977,0.001810116413077293,0,27
2043.0299707176694,0.9979329900845902,0.001801732743209915,0,27
2043.0994148148288,1.0030628912358446,0.0018005996037722077,0,27
2043.1688589107523,0.9980895189561698,0.0017957681414453917,0,27
2043.2383030054243,0.9988919384432219,0.0017930866621043312,0,27
2043.3077470988592,0.9964361145913481,0.00178620504098032,0,27
2043.3771911910287,1.0016596567953633,0.0017828297622291542,0,27
2043.4466352819309,1.0006224803522823,0.0017840489521053643,0,27
2043.5160793715534,1.0007249184294098,0.001796116461124677,0,27
2043.5855234598953,0.99689181499407,0.0018125857482679858,0,27
2043.6549675469419,0.9976469777386573,0.0018318870320210233,0,27
2043.7244116326926,1.0017590413599007,0.0018460613568094166,0,27
2043.7938557171346,1.000165834814711,0.0018523886199929755,0,27
2043.863299800237,1.003514156775043,0.0018601371353860596,0,27
2043.932743882016,1.0027339116056089,0.0018579742306347867,0,27
2044.0021879624564,1.0023875560346824,0.001847908175296487,0,27
2044.0716320415295,1.0012421980026973,0.0018357333162251808,0,27
2044.1410761192337,1.000137044553148,0.0018262683359795897,0,27
2044.210520195555,0.9965970783264512,0.0018230623181569637,0,27
2044.2799642704654,0.9971922224707847,0.0018237351019484245,0,27
2044.3494083439782,0.9978409484908051,0.001820847158353927,0,27
2044.4188524160509,1.0005859836065634,0.0018218993592603694,0,27
2044.4882964866683,1.0010049691555243,0.0018286649684895677,0,27
2044.5577405558308,0.999303217508027,0.0018394725343721917,0,27
2044.6271846235236,0.9986213390656005,0.0018577078434687292,0,27
2044.6966286897032,1.0008831921653265,0.0018751212714793709,0,27
2044.7660727543546,1.0024026054895905,0.0018862057323373745,0,27
2044.835516817478,0.9982292535085041,0.001896073559272787,0,27
2044.904960879029,1.0022315360818679,0.0019086313853946568,0,27
2044.9744049389947,1.0031716544461942,0.001906589888440281,0,27
2045.0438489973594,1.0000233375605094,0.0018942578382214132,0,27
2045.1132930540798,0.9990043367876074,0.0018823233807877058,0,27
2045.1827371091558,0.9989752557153213,0.0018746694356785206,0,27
2045.2521811625295,1.0026372170402578,0.0018717743922128595,0,27
2045.321625214186,1.0007130678924532,0.001868378239840473,0,27
2045.3910692641111,0.998150952721374,0.0018647644054182108,0,27
2045.4605133122461,1.0021733739372958,0.0018672780438049646,0,27
2045.5299573585903,1.0006559235854111,0.001877428019620418,0,27
2045.5994014030728,1.0012571747549248,0.0018957696847869859,0,27
2045.6688454456926,1.0046044788777264,0.0019195762627855844,0,27
2045.7382894863767,1.0023522225318549,0.0019385021053514916,0,27
2046.1410648825495,1.0026063911036347,0.0019456675793246227,0,27
2046.2105089090892,1.0004165136578165,0.0019451326750311586,0,27
2046.2799529333734,1.00601403845143,0.0019467393758754766,0,27
2046.349396955315,0.9999851686531341,0.001937602977667336,0,27
2046.418840974885,1.0009236875584848,0.0019277070352421155,0,27
2046.4882849920095,1.002064901537669,0.0019234375987166087,0,27
2047.561889142767,1.0025755651670114,0.0019688695322949306,0,27
2049.153548638704,0.998289742138859,0.0016556926532977827,0,27
2049.1549375251225,0.9961320719805977,0.0016542645852119402,0,27
2049.1577152979307,0.9996079871455844,0.0016560168334151118,0,27
2049.159104184335,0.999906867866004,0.0016555383020986866,0,27
2049.160493070739,1.001848538359861,0.0016574413515653722,0,27
2049.161881957144,0.9994410617906626,0.0016552685069944704,0,27
2049.163270843548,0.9997310727840351,0.001656538815943058,0,27
2049.1660486163564,1.0017346132591805,0.0016568909695527717,0,27
2049.1674375027605,0.9984450350648664,0.001656614642567085,0,27
2049.1688263891647,1.0003978290688729,0.001655034637238342,0,27
2049.170215275555,0.9999947654069885,0.001655852826391233,0,27
2049.1716041619593,0.9985398393605188,0.0016554593515313474,0,27
2049.172993048348,0.9990369802912484,0.0016550768104730538,0,27
2049.174381934752,0.9981902848716409,0.0016555875752045617,0,27
2049.1757708211417,0.9991604294431026,0.0016558444485432601,0,27
2049.1771597075312,0.9982278721575706,0.00165466388196618,0,27
2049.1785485939354,0.9998072651934244,0.0016560915240597526,0,27
2049.179937480326,1.0005780590143654,0.001656871231910937,0,27
2049.1813263667154,1.0007073970833575,0.0016563880146795436,0,27
2049.182715253105,1.0007054341109782,0.0016560107275259111,0,27
2049.184104139495,0.998158368394807,0.001654493911050524,0,27
2049.18549302587,0.9987050925537841,0.0016550766684756304,0,27
2049.186881912259,0.9984265685839648,0.0016545903273009253,0,27
2049.1882707986497,0.9998168619472788,0.0016567381803253313,0,27
2049.1896596850393,0.9999041778668175,0.0016558018493162785,0,27
2049.1910485714143,1.0007536359882923,0.0016561380992145857,0,27
2049.1924374578043,1.0008104167819307,0.001656540803906984,0,27
2049.1938263441793,1.001459433612674,0.0016569004833801308,0,27
2049.195215230554,1.0023066379510466,0.0016574826728155444,0,27
2049.1966041169444,0.9997041727921705,0.0016559784941108284,0,27
2049.1979930033194,0.998900590062227,0.0016549119514646354,0,27
2049.1993818896945,1.0016329022088601,0.0016558379166617895,0,27
2049.2007707760695,0.99722632002804,0.00165458748735246,0,27
2049.2021596624445,0.9990888900052789,0.0016544622456251344,0,27
2049.2035485488195,1.0032980844079578,0.0016566499999254797,0,27
2049.2049374351955,1.0002377377659382,0.0016548720501886962,0,27
2049.206326321556,1.0015751035776916,0.0016573250556757128,0,27
2049.207715207931,1.0014383498352666,0.0016557473223057422,0,27
2049.209104094291,1.0021091047675437,0.0016572828824410013,0,27
2049.210492980666,1.0001054915897176,0.0016556359963258974,0,27
2049.2118818670265,0.9994172880140688,0.0016546138988731884,0,27
2049.213270753401,1.0010173286112458,0.001656512546419753,0,27
2049.2146596397624,0.9999004700301011,0.00165507013659416,0,27
2049.216048526123,0.9980789770674662,0.0016547790418764534,0,27
2049.2174374124834,0.9990890354106404,0.0016554070964795835,0,27
2049.2188262988443,1.0015052363015244,0.0016562623469599483,0,27
2049.220215185205,0.9999566692022939,0.001655695351248825,0,27
2049.221604071565,0.9997629165581882,0.0016550205794934384,0,27
2049.222992957926,0.9992755177866744,0.0016549928899959002,0,27
2049.2243818442867,0.9975824177581823,0.0016556699337100592,0,27
2049.2257707306326,0.9992032513220437,0.0016551280715428548,0,27
2049.2271596169935,0.9995994809319407,0.001654213750134409,0,27
2049.2285485033394,0.9993423315502517,0.0016545610758317314,0,27
2049.2299373896994,0.9985503085465418,0.0016563946885584375,0,27
2049.2313262760463,1.0004007371761015,0.0016551507911305783,0,27
2049.232715162392,1.001640317882293,0.001655787507576528,0,27
2049.2341040487527,0.9993069253447434,0.0016557574041227946,0,27
2049.235492935099,1.001568124120343,0.0016548391067864971,0,27
2049.236881821445,0.9978500363258944,0.0016544958990144497,0,27
2049.2382707077904,1.0008993321604451,0.0016554566535803054,0,27
2049.2396595941227,1.0015134517044453,0.0016572195515902222,0,27
2049.2410484804695,1.0018222926921228,0.0016577056087700808,0,27
2049.242437366815,1.0015105435972167,0.0016569207890116586,0,27
2049.243826253161,1.0001796483240468,0.0016552663770331214,0,27
2049.2452151394928,0.997738655819039,0.0016542860268228543,0,27
2049.2466040258378,0.9972108343570477,0.001653464429731805,0,27
2049.2479929121682,1.0006183362994816,0.0016561307153485755,0,27
2049.2493817985005,1.0006320771061368,0.0016555925451143762,0,27
2049.250770684832,0.9993201572326336,0.0016551133038108345,0,27
2049.2521595711632,1.000039041339544,0.0016551127358211415,0,27
2049.253548457495,0.9978661036183325,0.0016548879539001026,0,27
2049.2549373438264,0.9994656352967444,0.0016542567753536604,0,27
2049.2563262301574,0.9998368551844754,0.0016549785482561498,0,27
2049.2577151164896,1.0046065872554673,0.0016575942827902358,0,27
2049.259104002821,0.9998143900561345,0.0016553281459122445,0,27
2049.260492889138,0.9983489221209612,0.0016550620427410335,0,27
2049.2618817754696,1.000528912002202,0.001655625346519152,0,27
2049.2632706617865,0.9998245684314345,0.0016554748292504841,0,27
2049.2646595481174,1.002947948297634,0.0016565981708659857,0,27
2049.266048434435,0.9991655186307526,0.0016554471397529462,0,27
2049.267437320752,0.9986130509599989,0.0016544060146455187,0,27
2049.2688262070687,0.9994188147703639,0.0016554610555004267,0,27
2049.270215093386,0.9975768196517673,0.0016540355433682032,0,27
2049.2716039797033,0.9977388012244004,0.001653488001304068,0,27
2049.27299286602,1.0005755871232211,0.001655274044893978,0,27
2049.274381752337,1.0018291994467907,0.0016561880823075773,0,27
2049.2757706386546,0.9976114988304683,0.0016535334404795148,0,27
2049.2771595249565,0.999587412286942,0.0016553287139019375,0,27
2049.2785484112733,1.0026612089248939,0.0016570950198500128,0,27
2049.279937297576,1.0011847628849326,0.0016551932483601366,0,27
2049.281326183893,1.0003595874588167,0.0016547006592988074,0,27
2049.282715070194,0.999286350486101,0.001654727070819536,0,27
2049.2841039564964,1.0005387995667792,0.0016558195989941876,0,27
2049.2854928427987,1.0029253377639316,0.0016564570254272537,0,27
2049.286881729101,0.997647050441338,0.0016543567415396435,0,27
2049.288270615404,0.9997240206240057,0.0016548169551884669,0,27
2049.289659501706,1.0025861070557152,0.0016582977380251232,0,27
2049.291048388008,1.000155656439411,0.0016560428189435704,0,27
2049.2924372742964,1.0019126621242516,0.0016558697240846023,0,27
2049.2938261605987,1.001480081173997,0.0016567455641913415,0,27
2049.2952150468864,1.0009758880832382,0.0016551821725611213,0,27
2049.2966039331895,0.9999819697351827,0.0016542110521833668,0,27
2049.297992819477,0.9988929562807519,0.0016546180167984633,0,27
2049.299381705764,0.9977484706809355,0.0016553960206805683,0,27
2049.3007705920672,0.9986246106862326,0.0016549365170188614,0,27
2049.302159478356,0.9968574266260918,0.001653860318547886,0,27
2049.303548364643,1.0006560689907726,0.0016554230001909899,0,27
2049.304937250931,1.0023842117113695,0.0016571556527497499,0,27
2049.3063261372045,0.9981173640828837,0.001653823115222989,0,27
2049.307715023492,1.0035734094598256,0.0016560882581190173,0,27
2049.30910390978,0.9998067562746594,0.0016548750321345848,0,27
2049.310492796054,1.0007855524651261,0.0016552952025100456,0,27
2049.311881682341,0.9998761873347423,0.0016534867233272586,0,27
2049.3132705686144,1.0010967926412673,0.0016557490262748215,0,27
2049.314659454888,1.002824717253822,0.001656448363584434,0,27
2049.3160483411757,0.9998409265345954,0.0016566958650931964,0,27
2049.317437227449,1.0008477859598182,0.0016556947832591317,0,27
2049.318826113723,0.9999755718992798,0.0016555337581811418,0,27
2049.320214999995,0.9983687699527963,0.0016552036141720353,0,27
2049.321603886253,0.9998660089594421,0.0016558947156310982,0,27
2049.322992772527,0.9998484149107091,0.0016561366792403529,0,27
2049.3243816587997,1.00020029588537,0.001655912891301277,0,27
2049.3257705450583,1.000420439602575,0.0016558058252441302,0,27
2049.327159431332,0.9992679567078802,0.0016556067448567034,0,27
2049.3285483175914,1.0001156699650176,0.0016551577490043186,0,27
2049.3299372038646,1.00243510358787,0.0016557866555919885,0,27
2049.331326090123,0.9963197175995232,0.0016527629624608433,0,27
2049.332714976382,1.0015419511552857,0.0016577584318115378,0,27
2049.3341038626404,0.9970719722368819,0.0016541108020025372,0,27
2049.335492748899,0.9967385577431227,0.0016551347454217486,0,27
2049.3368816351585,0.9992696288695365,0.001654283754864082,0,27
2049.338270521417,0.9995190717670699,0.001655151217122848,0,27
2049.339659407661,1.000319673687104,0.0016554623334772362,0,27
2049.34104829392,0.9992990007525454,0.0016548747481397383,0,27
2049.342437180164,1.000471549587118,0.0016555020927557522,0,27
2049.3438260664225,0.999157012417109,0.0016553088342626796,0,27
2049.3452149526674,1.0035610500041041,0.0016581324530244351,0,27
2049.3466038389115,1.000510809034704,0.0016555189904491215,0,27
2049.3479927251556,0.9999097759732326,0.0016563164479782148,0,27
2049.3493816113996,1.0008638532522562,0.0016560432449358403,0,27
2049.3507704976437,0.9997674241243926,0.0016551581749965885,0,27
2049.3521593838877,1.000137044553148,0.0016555310602300996,0,27
2049.3535482701327,1.0004626798600706,0.001655502518748022,0,27
2049.3549371563763,0.9986836452629733,0.0016542005443740447,0,27
2049.3563260426054,1.001879146188442,0.0016568547602098373,0,27
2049.3577149288494,1.0007813357096447,0.0016555786293668956,0,27
2049.359103815079,0.9993834085648556,0.001655146389210457,0,27
2049.360492701323,0.9987812122604929,0.0016544893671329793,0,27
2049.3618815875525,1.000359732864178,0.0016558041212750509,0,27
2049.363270473783,0.9996324879489854,0.0016569632462412169,0,27
2049.3646593600124,1.0044687429728316,0.0016573352794901884,0,27
2049.366048246242,1.0005969617113513,0.0016558663161464439,0,27
2049.3674371324714,0.9997152963023198,0.0016558411826025248,0,27
2049.368826018701,1.0025536089574356,0.0016572489450568393,0,27
2049.370214904916,1.0015007287353201,0.0016558710020614118,0,27
2049.3716037911463,1.0019684977830408,0.0016565369699765556,0,27
2049.372992677376,1.002394535492031,0.0016562617789702553,0,27
2049.3743815635908,0.9985029063987156,0.0016550161775733168,0,27
2049.3757704498057,1.0019813661575274,0.0016573592770547214,0,27
2049.377159336035,0.9996061695785665,0.001654373213240743,0,27
2049.37854822225,1.0024006425172112,0.0016565346980177832,0,27
2049.379937108466,1.0007497100435336,0.0016565555716390042,0,27
2049.381325994681,1.0000548178212592,0.0016563692710196717,0,27
2049.382714880896,1.0012829842065785,0.0016549615085653573,0,27
2049.3841037670963,0.9984651010047437,0.001654737010639165,0,27
2049.3854926533113,1.0004032090672457,0.0016568986374136284,0,27
2049.3868815395263,1.001697244081293,0.001657723500445413,0,27
2049.3882704257276,1.0029054899320964,0.0016566599397451088,0,27
2049.389659311943,0.9997065719806341,0.0016553713131289192,0,27
2049.3910481981434,1.0023974435992595,0.0016560605686214793,0,27
2049.392437084343,1.0024742176300947,0.0016567238385855809,0,27
2049.3938259705433,0.9981335767806832,0.0016533533877468064,0,27
2049.3952148567437,1.0009671637615523,0.0016555334741862953,0,27
2049.3966037429436,1.0014501276695424,0.0016562414733387273,0,27
2049.397992629145,1.0031965187629988,0.0016575658833055814,0,27
2049.3993815153453,1.000105128076314,0.001654776769917681,0,27
2049.4007704015457,1.0009957359150734,0.0016558383426540594,0,27
2049.4021592877316,0.9980753419334304,0.0016565467677987613,0,27
2049.403548173932,0.9985847696172008,0.0016550164615681633,0,27
2049.404937060118,0.9999305689399172,0.0016553656332319881,0,27
2049.406325946319,1.001535189805979,0.0016552967644817016,0,27
2049.407714832505,1.0015922614103403,0.0016582111195969276,0,27
2049.409103718691,0.9979887530406988,0.001655248911350059,0,27
2049.4104926048767,0.9996668763169636,0.0016544713334602236,0,27
2049.4118814910626,1.0035211362323915,0.0016573740447867417,0,27
2049.4132703772484,1.0033882357320443,0.0016577185305355984,0,27
2049.414659263435,1.0011035539905737,0.001656055740709088,0,27
2049.416048149607,1.002322341730081,0.0016566744234822826,0,27
2049.417437035793,1.000418185819473,0.0016551539150738903,0,27
2049.4188259219636,1.000036205934996,0.0016549889140680487,0,27
2049.4202148081504,0.9999789162225926,0.0016558420345870644,0,27
2049.4216036943217,0.9994148161229245,0.0016549172053692965,0,27
2049.422992580493,0.9998719705792608,0.0016552878186440355,0,27
2049.4243814666647,0.9988572592645207,0.0016564636993061474,0,27
2049.425770352836,1.0012648085363998,0.0016565200722831862,0,27
2049.427159239007,1.0019067732071136,0.0016554749712479073,0,27
2049.428548125179,1.0002849218057224,0.0016575674452772376,0,27
2049.4299370113495,1.0013207896005505,0.001657359135057298,0,27
2049.4313258975053,0.9978495274071294,0.0016558036952827812,0,27
2049.4327147836775,1.0020269507383357,0.001656421100079166,0,27
2049.434103669849,0.9995243790627621,0.0016561112617015873,0,27
2049.4354925560056,1.0082015894114653,0.0016607733211024401,0,27
2049.4368814421628,1.0005889644164727,0.001656129437371766,0,27
2049.4382703283195,1.0025326705853896,0.0016562254276298977,0,27
2049.439659214476,0.9992684656266452,0.0016555152985161165,0,27
2049.4410481006335,1.0015690692551924,0.0016555946750757254,0,27
2049.44243698679,1.0019440696823205,0.0016563415815221338,0,27
2049.443825872947,0.9992694107614944,0.0016554416018534385,0,27
2049.445214759104,1.0016198157263314,0.0016559045134533039,0,27
2049.4466036452613,1.000192371293172,0.0016553092602549493,0,27
2049.4479925314035,0.9992416383374613,0.0016545359422878124,0,27
2049.4493814175603,0.9992115394276453,0.0016548846879593673,0,27
2049.4507703037034,0.9987029841760434,0.001656054036740009,0,27
2049.452159189845,1.0021493093499791,0.0016557835316486766,0,27
2049.453548075987,0.9995536782430903,0.0016551808945843118,0,27
2049.45493696213,1.0016089830269048,0.00165591345929097,0,27
2049.456325848272,0.9986909155310447,0.001654164619025957,0,27
2049.4577147344144,1.0008352810987353,0.0016562221616891624,0,27
2049.459103620557,0.9991655913334333,0.0016562701568182282,0,27
2049.460492506699,1.0003638042142982,0.0016552453614144772,0,27
2049.4618813928264,1.0005984157649657,0.0016563682770377088,0,27
2049.4632702789695,1.0008903170280365,0.0016558063932338232,0,27
2049.464659165097,1.0032312706443807,0.0016571577827110989,0,27
2049.4660480512384,0.9977887479660517,0.0016539431030456533,0,27
2049.467436937366,1.0017007338099673,0.0016569173810735002,0,27
2049.4688258234937,1.0000884791624303,0.0016560909560700595,0,27
2049.4702147096214,1.0010608048143133,0.001655073828527165,0,27
2049.4716035957495,1.0022390244579815,0.0016560571606833209,0,27
2049.472992481877,0.9982750561973546,0.001654869352237654,0,27
2049.4743813680043,0.9998166438392366,0.001654894911773843,0,27
2049.4757702541183,1.0017298148822533,0.0016569065892693316,0,27
2049.477159140247,1.003506668398929,0.0016575694332411632,0,27
2049.478548026374,1.0042541973620414,0.0016587047026402197,0,27
2049.479936912487,0.9988752168266574,0.0016543477957019774,0,27
2049.4813257986007,0.9964106686530978,0.0016544422239884531,0,27
2049.4827146847138,1.0004496660802227,0.0016566115186237732,0,27
2049.4841035708414,1.0025224922100895,0.0016575641793365023,0,27
2049.4854924569554,0.9965595637432022,0.001654383153060372,0,27
2049.4868813430535,1.0002874663995474,0.00165587483599184,0,27
2049.4882702291666,1.0005313838933463,0.001655934900901884,0,27
2049.48965911528,1.0011687682951753,0.0016578025930101754,0,27
2049.491048001393,0.9981304505654124,0.0016556878253853914,0,27
2049.4924368874917,1.002141457460462,0.0016572198355850687,0,27
2049.4938257736057,0.9982642234979281,0.0016542506694644597,0,27
2049.495214659704,0.9954661881279285,0.0016547449624948682,0,27
2049.4966035458024,1.0026256573140242,0.0016562005780808252,0,27
2049.497992431916,0.9998319114021867,0.0016567104908277934,0,27
2049.4993813180145,1.0028482729223738,0.0016560601426292097,0,27
2049.500770204113,0.9999013424622697,0.0016548030394409861,0,27
2049.5021590902124,1.0048248407029738,0.0016585017883223646,0,27
2049.503547976296,1.0007129951897726,0.0016563286597566162,0,27
2049.5049368623936,0.999993384056055,0.0016561778584931017,0,27
2049.506325748492,1.0046297067079346,0.0016577320202908093,0,27
2049.5077146345766,0.9963579592095794,0.0016533292481848503,0,27
2049.509103520675,1.0005797311760218,0.0016565574176055067,0,27
2049.510492406759,1.0009639648436008,0.0016566065487139587,0,27
2049.511881292844,0.9985039969389263,0.0016555108965959952,0,27
2049.513270178942,0.9994817752918631,0.001655618104650565,0,27
2049.514659065026,0.9982278721575706,0.0016544074346197515,0,27
2049.5160479511105,0.9994396804397291,0.0016551209716716912,0,27
2049.51743683718,0.9963901664971362,0.0016533731253886412,0,27
2049.518825723264,1.0032950308953676,0.0016583095238112547,0,27
2049.520214609349,0.9979557460236541,0.0016526720841099495,0,27
2049.5216034954324,1.0033491943925004,0.0016574632191685562,0,27
2049.522992381502,1.0008054002969613,0.00165757710110202,0,27
2049.5243812675717,0.9971842978785866,0.0016545866353679204,0,27
2049.5257701536557,0.999385371537235,0.00165484010076846,0,27
2049.527159039725,1.001630648425758,0.0016569500404808525,0,27
2049.5285479257955,1.00479394206367,0.0016581824361174267,0,27
2049.5299368118644,1.0016970259732507,0.0016571087936000702,0,27
2049.531325697934,0.9985736461070513,0.0016547463824691008,0,27
2049.5327145840038,0.9965238667269711,0.00165343773421623,0,27
2049.534103470074,0.9992377123927026,0.0016555901311581806,0,27
2049.535492356129,0.9987796128015171,0.0016538953919114341,0,27
2049.5368812421984,1.0011449945185813,0.0016556131347407507,0,27
2049.538270128268,1.0016029487044056,0.0016568392824907008,0,27
2049.5396590143223,0.998244593774135,0.0016555488099080087,0,27
2049.5410479003767,1.0002404277651247,0.001655249479339752,0,27
2049.5424367864316,1.000099529969899,0.0016555601697018703,0,27
2049.5438256724865,1.001639081936721,0.0016578713197630387,0,27
2049.545214558556,0.9980029300634382,0.0016555127425624976,0,27
2049.546603444597,0.9987267579526372,0.0016546388904196843,0,27
2049.547992330652,0.9966860664076465,0.001653975904450429,0,27
2049.549381216707,1.0024918116788277,0.001656958134333979,0,27
2049.550770102762,1.0022353893239457,0.0016557741598187405,0,27
2049.552158988802,1.0029691774804028,0.0016584084960152752,0,27
2049.553547874857,1.001600767623984,0.0016565906450025521,0,27
2049.5549367608983,0.9991414540434359,0.0016558441645484134,0,27
2049.556325646938,1.0016856116523785,0.0016567509600934258,0,27
2049.5577145329785,0.999151123499971,0.0016557683379243863,0,27
2049.559103419034,1.0015639073648614,0.001656029471185783,0,27
2049.560492305074,1.000303897205389,0.0016555786293668956,0,27
2049.5618811911,0.9997502662917438,0.0016555157245083862,0,27
2049.563270077141,0.9998143173534537,0.001656429477927139,0,27
2049.5646589631815,1.0023552033417642,0.0016559258130667946,0,27
2049.566047849222,0.9985567063824448,0.0016551909764013642,0,27
2049.5674367352476,1.0017300329902954,0.0016555189904491215,0,27
2049.568825621289,1.0021410212443775,0.00165693342678233,0,27
2049.5702145073146,1.0027611751108771,0.0016580661402277673,0,27
2049.5716033933404,1.000767231389586,0.0016577351442341212,0,27
2049.572992279366,1.0019022656409093,0.0016586720432328673,0,27
2049.574381165392,0.999526705548545,0.0016554417438508619,0,27
2049.5757700514173,1.0035466548733225,0.0016574116741039085,0,27
2049.5771589374426,1.000540399025755,0.0016573007741163335,0,27
2049.5785478234684,1.000776173819314,0.0016580577623797944,0,27
2049.579936709494,0.9982720753874453,0.001653307664576513,0,27
2049.5813255955063,1.0005750055017755,0.0016561108357093174,0,27
2049.582714481532,0.9991953994325264,0.001655834508723631,0,27
2049.5841033675433,1.0014208284892143,0.001658020559054897,0,27
2049.585492253569,1.0003442471931858,0.0016555740854493509,0,27
2049.5868811395803,1.0036574537587322,0.0016575942827902358,0,27
2049.5882700255916,0.9982868340316304,0.001656589509023166,0,27
2049.5896589116037,0.997818265254422,0.001654506974813465,0,27
2049.5910477976154,0.9990241119167619,0.0016557802657079413,0,27
2049.5924366836266,0.9983579372533697,0.0016556026269314286,0,27
2049.5938255696374,1.000064269169752,0.0016543984887820854,0,27
2049.595214455635,0.9978076506630376,0.001654866654286612,0,27
2049.596603341646,1.0032823806289233,0.0016575450096843606,0,27
2049.597992227643,1.0020691182931505,0.0016564422576952334,0,27
2049.5993811136545,1.0033391614225617,0.0016584829026650694,0,27
2049.600769999651,0.9994263031464775,0.001655873700012454,0,27
2049.6021588856474,1.0019219680673832,0.001655763368014572,0,27
2049.603547771645,1.0010612410303976,0.0016570177732517532,0,27
2049.6049366576417,1.0002776515376508,0.0016558626242134389,0,27
2049.6063255436384,1.001578084387601,0.0016590246228348506,0,27
2049.607714429635,0.998862057641448,0.0016547027892601564,0,27
2049.6091033156317,0.9968412139282923,0.001653745158637613,0,27
2049.6104922016284,0.9987347552475159,0.0016557530022026732,0,27
2049.6118810876114,1.0024556784465124,0.0016574037222482053,0,27
2049.613269973607,1.0001339183378772,0.0016553856548686696,0,27
2049.6146588595884,0.9984125369665868,0.0016544811312824296,0,27
2049.6160477455714,1.0010678569743428,0.0016557228987489395,0,27
2049.617436631568,1.0010272888785037,0.0016564521975148624,0,27
2049.6188255175502,0.9982023535166396,0.0016563660050789367,0,27
2049.6202144035324,1.0012155888215557,0.0016559564845102213,0,27
2049.6216032895154,1.0000051618903307,0.0016577222224686036,0,27
2049.622992175483,1.000452356079409,0.0016559854519845687,0,27
2049.624381061465,0.9981532792071569,0.0016548236290673606,0,27
2049.6257699474477,1.0027651010556355,0.0016571803603013992,0,27
2049.6271588334153,0.9983162786173201,0.0016548692102402308,0,27
2049.628547719397,1.0004967047146454,0.0016557666339553072,0,27
2049.6299366053654,1.0014386406459894,0.0016553887788119815,0,27
2049.6313254913475,0.9969989060427633,0.0016536237508407157,0,27
2049.632714377315,1.000064269169752,0.0016559225471260593,0,27
2049.634103263283,0.9999351492088022,0.0016553331158220591,0,27
2049.6354921492507,1.0007331338323306,0.001654857850446369,0,27
2049.636881035218,0.9997631346662303,0.001655317922097769,0,27
2049.6382699211863,1.0001672888683253,0.0016567350563820194,0,27
2049.6396588071393,0.9990898351401283,0.0016565584115874697,0,27
2049.641047693107,0.9985864417788572,0.0016541068260746857,0,27
2049.6424365790604,1.0008934432433072,0.001655861630231476,0,27
2049.643825465028,0.9983529207684004,0.0016552058861308077,0,27
2049.6452143509805,0.9968777106740113,0.001655340357690646,0,27
2049.646603236949,0.9998165711365559,0.001654918057353836,0,27
2049.647992122903,0.9998055203290872,0.001656024785270815,0,27
2049.649381008855,1.0004080074441728,0.0016566786834049806,0,27
2049.650769894807,1.0001926621038948,0.001656178568480218,0,27
2049.652158780761,0.9961218936052976,0.0016544033166944767,0,27
2049.6535476667136,0.997324032430921,0.0016546053790277922,0,27
2049.6549365526516,0.996973460104513,0.0016538469707900985,0,27
2049.6563254386056,1.0020854036936306,0.0016564654032752268,0,27
2049.657714324544,1.000474094180943,0.0016584211337859463,0,27
2049.659103210497,1.0023087463287872,0.0016564652612778034,0,27
2049.660492096436,0.998728357411613,0.0016552455034119006,0,27
2049.6618809823744,0.9991731524122277,0.0016546566400975932,0,27
2049.663269868327,1.0014898233332128,0.0016548026134487164,0,27
2049.6646587542664,0.9997473581845152,0.0016556051828850475,0,27
2049.666047640205,0.9991925640279786,0.0016561317093305385,0,27
2049.6674365261433,1.0033869997864722,0.0016575286799806843,0,27
2049.6688254120677,0.9980394995118379,0.0016552304516850337,0,27
2049.670214298006,1.0007686127405195,0.0016556641118157052,0,27
2049.671603183944,0.9996657857767529,0.0016550221414650943,0,27
2049.672992069869,1.0018599526807332,0.001657258174889352,0,27
2049.6743809558075,1.0005937627933998,0.001658065998230344,0,27
2049.6757698417314,0.9977103744762408,0.0016560626985828285,0,27
2049.6771587276558,0.999635396056214,0.0016557243187231723,0,27
2049.6785476135947,1.0001825564312754,0.001655405250513081,0,27
2049.6799364995186,0.998908223843702,0.0016553084082704098,0,27
2049.6813253854425,1.0015042184639944,0.0016559523665849465,0,27
2049.6827142713673,0.9997254019749392,0.001655610152794862,0,27
2049.6841031572762,0.9988345760281376,0.0016547184089767163,0,27
2049.6854920432,0.9971454019444042,0.0016543776151608646,0,27
2049.686880929124,0.9993056166964905,0.001655823574922039,0,27
2049.6882698150325,0.9979489846743476,0.0016555669855781872,0,27
2049.6896587009564,1.0008528751474683,0.0016559375988529261,0,27
2049.6910475868663,0.9998804767929045,0.0016560259212502011,0,27
2049.6924364727756,0.998470917219201,0.0016555279362867876,0,27
2049.693825358685,0.9983832377862586,0.0016546566400975932,0,27
2049.69521424461,1.002051088028333,0.0016565087124893246,0,27
2049.6966031305187,1.0041995976488245,0.0016591975756963953,0,27
2049.6979920164135,1.0001348634727265,0.00165563003243412,0,27
2049.6993809023234,1.000563373072861,0.0016568658360088526,0,27
2049.7007697882327,0.9973958626794674,0.0016542378896963652,0,27
2049.702158674142,1.0015307549424555,0.0016575984007155106,0,27
2049.703547560038,1.0007674494976282,0.0016563157379910984,0,27
2049.704936445947,0.9998251500528803,0.0016560969199618369,0,27
2049.706325331842,0.9998687716613093,0.001655405250513081,0,27
2049.707714217737,1.0005609011817167,0.0016561219115083328,0,27
2049.7091031036325,1.0028151204999676,0.0016570693183164007,0,27
2049.7104919895414,0.9988260698144941,0.0016577439480743642,0,27
2049.7118808754362,0.9988178544115732,0.001654877730085627,0,27
2049.713269761317,1.0028330780621042,0.0016559263810564876,0,27
2049.7146586472118,0.9990832918988639,0.001654383721050065,0,27
2049.7160475331066,0.9999704100089489,0.0016552263337597589,0,27
2049.7174364190023,0.99865078365129,0.0016541100920154208,0,27
2049.718825304882,0.9971108681710644,0.0016550244134238665,0,27
2049.720214190777,1.00380162317459,0.0016592888800395589,0,27
2049.7216030766576,1.002464693578921,0.0016572730846187954,0,27
2049.722991962537,1.002893348584417,0.0016569372607127583,0,27
2049.724380848417,1.000418185819473,0.0016561960341632805,0,27
2049.725769734312,1.0010941753447615,0.0016558268408627744,0,27
2049.7271586201923,0.9987467511898339,0.0016560174014048049,0,27
2049.728547506058,1.0001044737521876,0.001656027341224434,0,27
2049.729936391939,0.9990502121791386,0.0016572946682271328,0,27
2049.731325277819,0.9986267190639734,0.0016549338190678194,0,27
2049.7327141636993,1.000186482376034,0.0016566622117038811,0,27
2049.7341030495654,1.0009507329557108,0.0016554640374463155,0,27
2049.7354919354466,1.0033854003274965,0.0016569838358675912,0,27
2049.7368808213123,0.999628780112269,0.00165635791122581,0,27
2049.738269707178,0.9990032462473966,0.001654946172843644,0,27
2049.7396585930583,0.9995223433877021,0.001655008367715037,0,27
2049.741047478924,0.9989091689785513,0.0016553443336184974,0,27
2049.7424363647897,0.9973512232335084,0.0016558379166617895,0,27
2049.7438252506563,0.9973732521457651,0.0016545982791566285,0,27
2049.745214136522,1.0012981063641673,0.0016559011055151454,0,27
2049.746603022373,1.0019093178009388,0.0016562881904909838,0,27
2049.747991908239,1.0013197717630204,0.001655551649856474,0,27
2049.7493807941046,0.9976077909937519,0.0016547060552008917,0,27
2049.7507696799557,0.996667309116022,0.0016542251099282707,0,27
2049.752158565808,1.0003235996318627,0.0016575600614112274,0,27
2049.7535474516735,0.9978796263169455,0.0016548974677274618,0,27
2049.7549363375247,1.0038566591038915,0.0016576620155611364,0,27
2049.756325223376,1.0018124051275457,0.0016574623671840164,0,27
2049.757714109227,0.9975389415551147,0.00165435702553449,0,27
2049.7591029950772,0.9988877216877404,0.0016554080904615464,0,27
2049.7604918809284,0.9990949243277782,0.0016547316147370805,0,27
2049.7618807667805,0.9991694445755113,0.0016585977785804962,0,27
2049.763269652617,0.9994569109750585,0.001654854158513364,0,27
2049.764658538468,1.0010067140198613,0.0016574373756375208,0,27
2049.7660474243194,0.9988585679127736,0.0016548230610776674,0,27
2049.767436310156,0.9972083624659034,0.001655047701001283,0,27
2049.7688251959926,0.9985036334255227,0.0016547871357295797,0,27
2049.7702140818446,0.9987725606414878,0.0016562001520885553,0,27
2049.7716029676812,1.000064269169752,0.0016557024511199884,0,27
2049.772991853518,0.9994748685371951,0.0016546317905485207,0,27
2049.7743807393545,1.0001404615791414,0.0016580935457304587,0,27
2049.775769625191,1.0033396703413267,0.0016573442253278545,0,27
2049.7771585110277,0.9988778341231631,0.0016571709884714632,0,27
2049.7785473968506,1.0011364883049376,0.0016557253127051353,0,27
2049.7799362826872,1.0016631465240375,0.0016566568158017968,0,27
2049.7813251685093,1.0011651331611395,0.001654830728938524,0,27
2049.782714054346,0.9987160706585722,0.0016549372270059778,0,27
2049.784102940168,1.0004082982548956,0.0016558957096130611,0,27
2049.7854918260045,0.9987796128015171,0.0016556287544573106,0,27
2049.7868807118275,1.001268298265074,0.0016555114645856882,0,27
2049.7882695976496,0.9995028590692705,0.001655590841145297,0,27
2049.7896584834716,1.0011500110035507,0.0016565572756080834,0,27
2049.7910473692937,1.0008824651385193,0.0016561102677196244,0,27
2049.7924362551166,1.0000745929504136,0.001656077040322579,0,27
2049.793825140924,0.998834503325457,0.0016546332105227533,0,27
2049.795214026746,0.9988371933246434,0.0016549332510781263,0,27
2049.7966029125682,0.9974218175364827,0.0016542378896963652,0,27
2049.797991798375,1.001030269688413,0.001657773199543558,0,27
2049.799380684197,0.9989600608550518,0.0016548524545442846,0,27
2049.800769570005,1.0024159100801613,0.0016570456047467143,0,27
2049.8021584558123,0.9962791495036842,0.001653707529320446,0,27
2049.8035473416194,0.9987916814465158,0.0016561770065085621,0,27
2049.804936227428,0.9994724693487316,0.001654821783100858,0,27
2049.8063251132353,1.0003219274702062,0.001656920931009082,0,27
2049.807713999043,1.00089475189156,0.0016568097470266603,0,27
2049.8091028848503,0.9998899281413974,0.0016559708262499718,0,27
2049.810491770658,0.9984664823556774,0.0016554521096627606,0,27
2049.8118806564507,1.0014360960521644,0.0016557369564938434,0,27
2049.813269542259,0.9988118200890739,0.0016550156095836237,0,27
2049.814658428052,1.0016975348920159,0.0016562117958772637,0,27
2049.816047313845,1.000314584499454,0.0016561956081710106,0,27
2049.8174361996525,1.0007541449070572,0.0016570189092311393,0,27
2049.8188250854464,0.9998927635459453,0.0016568384305061612,0,27
2049.8202139712394,0.998865111154038,0.001655705859058147,0,27
2049.8216028570323,1.000581476040359,0.0016555222563898568,0,27
2049.8229917428257,1.0013447087825056,0.001657855842043902,0,27
2049.8243806286187,0.9994277572000918,0.0016555483839157388,0,27
2049.8257695143966,0.9977054306939521,0.001653739478740682,0,27
2049.8271584001905,0.9989872516576392,0.0016559043714558807,0,27
2049.8285472859834,0.9995811598564006,0.0016554851950623829,0,27
2049.829936171762,0.9986251196049976,0.0016565307220899317,0,27
2049.831325057555,1.0007142311353447,0.001656650141922903,0,27
2049.832713943333,1.0021938760932574,0.0016559867299613782,0,27
2049.8341028291106,1.0019527940040063,0.0016569676481613383,0,27
2049.8354917148895,0.997604446670439,0.001654134231577377,0,27
2049.836880600668,0.9965619629316658,0.001653323284293073,0,27
2049.838269486446,1.0002026223711529,0.0016560483568430781,0,27
2049.839658372225,0.9995203077126421,0.0016552428054608583,0,27
2049.8410472580035,1.0033817651934607,0.001656791287361635,0,27
2049.842436143782,1.001339765000217,0.0016585090301909514,0,27
2049.843825029546,0.999487155290236,0.0016552659510408515,0,27
2049.8452139153246,1.0012212596306516,0.001655939018827159,0,27
2049.846602801088,0.996899739586268,0.0016544068666300585,0,27
2049.8479916868673,1.0016065838384414,0.0016578885014512546,0,27
2049.849380572632,0.9988979000630405,0.0016547012272885005,0,27
2049.8507694583955,1.0047311996502128,0.001658568385113879,0,27
2049.8521583441593,1.00162781302121,0.001657660737584327,0,27
2049.8535472299236,1.0014252633527378,0.0016559198491750172,0,27
2049.8549361156875,1.000640437914419,0.0016558247109014254,0,27
2049.8563250014513,0.996892323912835,0.0016544927750711377,0,27
2049.857713887216,0.9994743596184301,0.0016563231218571085,0,27
2049.859102772965,0.9984274410161333,0.001656180556444144,0,27
2049.8604916587283,1.0003449015173123,0.0016559202751672871,0,27
2049.8618805444785,1.0016422081519916,0.0016555586077302144,0,27
2049.8632694302423,0.9977161906906981,0.0016542367537169791,0,27
2049.8646583159916,1.0018798732152492,0.0016557914835043798,0,27
2049.8660472017414,0.9995480801366752,0.0016566754174642453,0,27
2049.8674360874907,0.9986529647317115,0.0016549345290549358,0,27
2049.8688249732536,0.9976919806980199,0.0016550033978052223,0,27
2049.870213859003,0.9996412849733519,0.0016568123029802792,0,27
2049.8716027447376,1.00107469102633,0.0016556026269314286,0,27
2049.8729916304865,0.9993244466907957,0.0016555084826397994,0,27
2049.8743805162367,1.0004729309380513,0.001655914453272933,0,27
2049.875769401987,1.0024490625025673,0.0016567298024773584,0,27
2049.877158287721,0.999945400286783,0.001656937686705028,0,27
2049.8785471734705,0.9992950748077868,0.0016548920718253775,0,27
2049.8799360592056,1.0019699518366552,0.0016569544424009741,0,27
2049.8813249449404,0.9993602891123883,0.0016562748427331963,0,27
2049.8827138306897,1.0021935852825345,0.001657111207556266,0,27
2049.8841027164253,1.0026169329923384,0.0016564943707495742,0,27
2049.8854916021596,1.001037394551123,0.0016568627120655407,0,27
2049.8868804878944,0.9993742480270855,0.0016540649368348205,0,27
2049.8882693736296,1.002190459067264,0.0016565400939198675,0,27
2049.8896582593497,0.9974576599580752,0.001654266005186173,0,27
2049.8910471450845,1.0000746656530943,0.0016568808877357193,0,27
2049.89243603082,0.9986323898730691,0.001655914453272933,0,27
2049.89382491654,0.9995382652747787,0.0016547790418764534,0,27
2049.8952138022746,1.0018228016108879,0.0016564013624373313,0,27
2049.8966026879953,1.0009257959362254,0.001655616968671179,0,27
2049.8979915737154,1.0011060258817182,0.0016565927749639013,0,27
2049.8993804594356,0.9979231752226938,0.001654305196474996,0,27
2049.9007693451713,0.998650274732525,0.0016557808336976343,0,27
2049.902158230891,0.9986045447463553,0.001655119267702612,0,27
2049.903547116611,1.0012372542204089,0.0016564162721667748,0,27
2049.9049360023173,1.000861890279877,0.0016556942152694386,0,27
2049.9063248880375,0.9982335429666663,0.0016563919906073953,0,27
2049.9077137737568,0.9982222013484748,0.0016559674183118133,0,27
2049.9091026594624,0.9975502831733063,0.0016549774122767637,0,27
2049.9104915451835,0.999395549912535,0.001656362597140778,0,27
2049.9118804308887,0.9989371595106267,0.0016564134322183093,0,27
2049.913269316609,1.0019887091282795,0.0016560930860314085,0,27
2049.914658202315,0.9987530763230561,0.00165550677867072,0,27
2049.9160470880206,1.0004881985010017,0.0016560529007606226,0,27
2049.9174359737262,1.0006122292743014,0.001656287764498714,0,27
2049.918824859433,0.998276219440246,0.0016544868111793604,0,27
2049.920213745138,0.9974415199629565,0.0016540156637289453,0,27
2049.9216026308436,1.0032322884819105,0.0016579888936295076,0,27
2049.9229915165497,1.0000825902452923,0.00165606710050295,0,27
2049.9243804022553,1.0034736613818847,0.0016578324124690623,0,27
2049.9257692879464,1.0027837129418986,0.0016563411555298641,0,27
2049.927158173653,1.0030869558231612,0.001656696149088043,0,27
2049.9285470593436,0.9997437230504794,0.001655342487651995,0,27
2049.9299359450347,0.9979218665744409,0.0016548974677274618,0,27
2049.931324830741,1.000418185819473,0.001656109557732508,0,27
2049.9327137164328,0.9981702189317635,0.0016553860808609393,0,27
2049.934102602124,1.0004975771468139,0.0016564155621796584,0,27
2049.935491487815,0.9996733468555472,0.0016570669043602052,0,27
2049.936880373506,1.000054090794452,0.0016550734025348954,0,27
2049.938269259197,0.9989257451897544,0.001654666011927529,0,27
2049.9396581448736,1.000027263505268,0.0016558431705664507,0,27
2049.9410470305656,1.0004309814912788,0.0016572397152243266,0,27
2049.942435916256,1.0021786085303073,0.0016567209986371155,0,27
2049.9438248019314,1.000774065441573,0.0016552313036695733,0,27
2049.9452136876234,1.0025196568055417,0.0016561494590084473,0,27
2049.9466025733,1.001290472582692,0.0016554788051783356,0,27
2049.9479914589765,1.0023270674043274,0.00165731625183547,0,27
2049.949380344653,1.0017248710999647,0.0016578806915929745,0,27
2049.9507692303296,1.001357867967715,0.0016558272668550443,0,27
2049.952158116006,0.9995931557987185,0.001654959804596278,0,27
2049.9535470016835,1.0006053952223142,0.0016564151361873885,0,27
2049.9549358873596,0.9960925217222887,0.001653220762153471,0,27
2049.956324773036,0.9996666582089214,0.001658616522240368,0,27
2049.957713658713,0.9986233747406604,0.0016557361045093039,0,27
2049.959102544376,0.999716532247892,0.0016560920920494456,0,27
2049.9604914300526,1.0011105334479224,0.0016566443200285489,0,27
2049.9618803157146,1.0045347570069207,0.0016579888936295076,0,27
2049.963269201391,1.0017212359659289,0.001657103397697986,0,27
2049.964658087053,1.0008781029776763,0.001657401450289433,0,27
2049.966046972715,0.9992257164503847,0.0016559287950126834,0,27
2049.967435858378,0.9994707971870751,0.0016550485529858228,0,27
2049.96882474404,1.0000868797034546,0.001654857282456676,0,27
2049.970213629702,1.0002745253223801,0.0016568387145010077,0,27
2049.971602515364,0.9992918031871546,0.0016547656941186659,0,27
2049.972991401026,0.9981854864947137,0.0016560930860314085,0,27
2049.9743802866733,1.000723100862392,0.0016560147034537626,0,27
2049.975769172336,0.9996496457816342,0.0016555713874983088,0,27
2049.9771580579836,1.000460789590372,0.0016563043781972367,0,27
2049.9785469436456,0.9990683878493173,0.0016558134931049869,0,27
2049.9799358292926,0.9991442894479838,0.0016567278145134326,0,27
2049.981324714954,0.999066933795703,0.0016548981777145782,0,27
2049.9827136006015,1.0014409671317723,0.001658641655784287,0,27
2049.984102486249,1.0002519147886777,0.0016551240956150033,0,27
2049.9854913718964,0.998433402635952,0.0016537694401969922,0,27
2049.986880257544,0.9997042454948512,0.001656880177748603,0,27
2049.988269143192,1.0002370834418117,0.001656100611894842,0,27
2049.9896580288255,1.0019802029146359,0.0016555759314158534,0,27
2049.991046914473,1.0021986744701847,0.001657284870404927,0,27
2049.99243580012,0.9996248541675103,0.001654100720185485,0,27
2049.9938246857537,1.000987156998749,0.0016557004631560627,0,27
2049.995213571401,1.0011843266688483,0.0016566979950545456,0,27
2049.996602457034,1.0020521058658631,0.0016562291195629027,0,27
2049.9979913426673,0.998486475592874,0.0016553221820204671,0,27
2049.9993802283147,0.9977230974453659,0.0016535838495647763,0,27
2050.000769113947,0.9992052869971038,0.0016556270504882312,0,27
2050.002157999581,1.001793211619837,0.0016568668299908156,0,27
2050.003546885214,0.9985347501728687,0.001654788839698659,0,27
2050.0049357708467,0.9986655422954752,0.0016561172255933647,0,27
2050.0063246564655,1.0016991343509916,0.0016572208295670317,0,27
2050.0077135420984,0.9993293177704037,0.0016553883528197116,0,27
2050.009102427731,0.9998866565207652,0.0016556269084908079,0,27
2050.01049131335,1.0010070048305841,0.0016562698728233816,0,27
2050.011880198983,1.002862740755836,0.0016572705286651767,0,27
2050.0132690846012,0.9985511082760297,0.0016552731929094385,0,27
2050.014657970234,1.00331458791648,0.0016575407497616624,0,27
2050.0160468558524,1.0009637467355588,0.0016556981911972904,0,27
2050.0174357414703,1.0013350393259706,0.0016557436303727372,0,27
2050.018824627088,1.0019460326546998,0.0016559307829766092,0,27
2050.0202135127074,0.9982342699934735,0.0016551862904863961,0,27
2050.0216023983257,1.001863078896004,0.0016559148792652028,0,27
2050.022991283944,1.0007099416771825,0.0016552162519427064,0,27
2050.0243801695483,1.0019191326628354,0.0016577196665149847,0,27
2050.0257690551666,0.9982024262193203,0.0016559465446905923,0,27
2050.0271579407845,1.0004129512264615,0.001655066444661155,0,27
2050.028546826389,0.9998437619391434,0.001655121255666538,0,27
2050.0299357120075,1.002010301824452,0.0016567200046551525,0,27
2050.0313245976113,0.999423613147291,0.0016551314794810133,0,27
2050.0327134832155,1.0011955228816785,0.0016570079754295475,0,27
2050.0341023688193,1.0000516916059885,0.0016552423794685884,0,27
2050.035491254437,1.0006805697941736,0.001655263537084656,0,27
2050.036880140042,0.9980604378838838,0.0016570833760613047,0,27
2050.0382690256456,1.0004591174287156,0.0016558809418810408,0,27
2050.039657911235,0.9993386237135351,0.001655736246506727,0,27
2050.041046796839,1.0018253462047129,0.0016561055818046565,0,27
2050.0424356824433,1.001569941687361,0.0016557441983624302,0,27
2050.0438245680325,0.997936116299861,0.001654091916345242,0,27
2050.0452134536363,0.9995502612170967,0.0016560742003741134,0,27
2050.046602339241,1.0027201707989537,0.0016556727736585246,0,27
2050.0479912248297,1.0005864925253283,0.0016557794137234017,0,27
2050.049380110419,0.9968076252898019,0.0016537935797589485,0,27
2050.0507689960086,0.9993697404608812,0.0016556936472797456,0,27
2050.0521578816115,1.000913654588546,0.0016564977786877326,0,27
2050.0535467672003,1.001246632866221,0.0016560484988405013,0,27
2050.05493565279,0.9994910085323139,0.0016561605348074625,0,27
2050.0563245383646,1.0022370614856022,0.001656441547708117,0,27
2050.057713423954,1.0014536173982167,0.0016558715700511048,0,27
2050.0591023095435,1.0009647645730888,0.0016561799884544507,0,27
2050.0604911951327,1.0035076135337786,0.0016575648893236187,0,27
2050.061880080707,1.0022772660680377,0.0016563350496406634,0,27
2050.063268966297,0.9999160284037741,0.0016544006187434344,0,27
2050.0646578518717,0.9998234051885432,0.001655968838286046,0,27
2050.066046737461,0.9974487902310281,0.0016532132362900374,0,27
2050.067435623036,1.0014487463186088,0.0016559045134533039,0,27
2050.0688245086108,0.9989314159988502,0.0016567019709823971,0,27
2050.070213394185,1.000191062644919,0.0016554765332195632,0,27
2050.0716022797606,0.9963463267806649,0.0016547132970694785,0,27
2050.072991165336,1.002560661117465,0.001656448789576704,0,27
2050.0743800509103,0.9994730509701772,0.0016552415274840488,0,27
2050.075768936485,1.0014617600984568,0.001656055740709088,0,27
2050.0771578220456,0.9980220508684663,0.0016550352052280353,0,27
2050.0785467076203,0.9998701530122429,0.0016548897998666051,0,27
2050.079935593195,1.0010408842797975,0.0016574271518230452,0,27
2050.081324478756,1.0003705655636046,0.001654829024969445,0,27
2050.08271336433,0.9995289593316472,0.001655825562885965,0,27
2050.0841022498903,1.0026841102693191,0.0016571153254815408,0,27
2050.085491135451,1.002908179931283,0.0016569200790245422,0,27
2050.086880021011,1.0031359574299632,0.001655965714342734,0,27
2050.088268906571,1.0022899890371628,0.0016566505679151728,0,27
2050.089657792131,0.9989484284261374,0.0016558599262623966,0,27
2050.0910466776904,1.0000239191819553,0.0016553646392500254,0,27
2050.0924355632505,1.002489194382322,0.0016571619006363737,0,27
2050.0938244488116,0.999077402981726,0.0016549255832172696,0,27
2050.0952133343567,1.0040736766058258,0.0016571556527497499,0,27
2050.096602219917,0.9996710930724451,0.0016553554094175128,0,27
2050.0979911054774,0.9992835150815531,0.0016556291804495802,0,27
2050.099379991024,1.000859345686052,0.0016558847758114691,0,27
2050.1007688765694,1.0002546774905448,0.001656437855775112,0,27
2050.1021577621295,0.9993216839889285,0.0016554352119693913,0,27
2050.103546647675,1.0023821760363094,0.0016573359894773048,0,27
2050.1049355332207,0.9992956564292326,0.0016548533065288244,0,27
2050.1063244187662,0.9989956124659215,0.0016562701568182282,0,27
2050.1077133043127,0.9998556124760999,0.0016576375920043336,0,27
2050.109102189858,1.000510082007897,0.0016556616978595094,0,27
2050.1104910754034,0.999851250315257,0.0016565365439842857,0,27
2050.1118799609494,0.9998779321990794,0.0016553606633221737,0,27
2050.1132688464804,1.001403307143162,0.0016567668638048322,0,27
2050.114657732026,1.0016427897734375,0.0016549664784751717,0,27
2050.116046617558,0.999310342370737,0.0016543382818746183,0,27
2050.117435503103,1.0027531051133176,0.0016574348196839019,0,27
2050.118824388634,0.9970615030508589,0.0016539827203267462,0,27
2050.1202132741655,1.0013302409490434,0.0016563836127594222,0,27
2050.121602159711,0.9982254002664263,0.0016546378964377214,0,27
2050.122991045242,0.999635396056214,0.0016569393906741073,0,27
2050.124379930774,0.9983849099479151,0.00165484052676073,0,27
2050.1257688163046,1.0006968551946538,0.0016565880890489334,0,27
2050.127157701835,0.9986070166374995,0.001655966708324697,0,27
2050.1285465873516,1.0018539183582338,0.0016571313711903704,0,27
2050.1299354728826,0.9996002079587479,0.0016553528534638939,0,27
2050.1313243584136,1.0002925555871973,0.001655097826091698,0,27
2050.13271324393,0.9992904945389018,0.0016560391270105655,0,27
2050.134102129462,0.997138567892417,0.0016542824768872725,0,27
2050.1354910149785,0.998801060092328,0.0016555052166990641,0,27
2050.1368799005095,1.0033009925151863,0.0016579078131008194,0,27
2050.138268786026,1.0016319570740109,0.0016557182128339716,0,27
2050.1396576715424,1.0024970462718392,0.0016570673303524749,0,27
2050.141046557059,0.9990116797583596,0.001655133893437209,0,27
2050.1424354425762,1.0005250587601242,0.001656320281908643,0,27
2050.1438243280927,0.9992135751027053,0.0016563079281328185,0,27
2050.145213213609,0.9989586068014376,0.0016549339610652425,0,27
2050.1466020991256,1.0004657333726605,0.0016571302352109843,0,27
2050.147990984642,1.0010773083228357,0.0016565077185073617,0,27
2050.149379870144,0.9987561298356461,0.0016554176042889055,0,27
2050.1507687556614,0.9986848812085454,0.0016542479715134176,0,27
2050.1521576411633,1.000288847750481,0.001657812958822074,0,27
2050.1535465266797,1.0005374909185263,0.0016554041145336949,0,27
2050.1549354121817,1.0005676625310231,0.0016550783724447098,0,27
2050.1563242976845,0.9997163868425306,0.0016552811447651417,0,27
2050.157713183201,0.9976097539661312,0.0016544988809603384,0,27
2050.159102068703,1.0009486972806507,0.001656199442101439,0,27
2050.160490954205,0.9993213931782057,0.001654723946876224,0,27
2050.161879839707,1.0011672415388801,0.0016570531306101478,0,27
2050.163268725208,1.0006029960338507,0.0016560742003741134,0,27
2050.164657610695,0.9993344069580536,0.0016553332578194823,0,27
2050.166046496197,1.0013268239230497,0.001655934900901884,0,27
2050.167435381699,1.0010696018386798,0.0016573861145677197,0,27
2050.168824267187,0.9978500363258944,0.0016557799817130947,0,27
2050.170213152689,0.9971502003213313,0.001654114351938119,0,27
2050.1716020381764,0.9990062270573059,0.0016557512982335939,0,27
2050.1729909236783,0.9989839073343264,0.0016545136486923588,0,27
2050.1743798091657,1.0000130864825287,0.0016549103894929794,0,27
2050.175768694653,0.9982006813549831,0.0016549935999830166,0,27
2050.1771575801413,0.9983712418439407,0.0016552570052031854,0,27
2050.1785464656286,0.9973427170198648,0.0016560151294460325,0,27
2050.179935351116,1.0011763293739695,0.0016563611771665454,0,27
2050.1813242366034,0.9998794589553744,0.0016555962370473814,0,27
2050.1827131220916,0.9995760706687505,0.0016563577692283867,0,27
2050.184102007579,0.9994037653154558,0.001655262543102693,0,27
2050.185490893052,0.9984405274986621,0.001654616312829384,0,27
2050.1868797785396,1.001039212118141,0.001657775329504907,0,27
2050.1882686640124,0.9987263944392337,0.0016545417641821664,0,27
2050.1896575494993,0.9990088443538117,0.001655343055641688,0,27
2050.191046434973,0.9999099940812748,0.0016565237642161912,0,27
2050.1924353204604,1.0017469000122212,0.0016565463418064916,0,27
2050.193824205933,0.9997135514379827,0.001655363929262909,0,27
2050.1952130914065,1.0028255169833098,0.0016568533402356047,0,27
2050.1966019768793,0.9972291554325878,0.0016544143924934918,0,27
2050.1979908623516,0.9977343663608768,0.0016546405943887634,0,27
2050.1993797478244,0.999961976497986,0.0016552437994428212,0,27
2050.200768633297,1.0015184681894147,0.0016569853978392471,0,27
2050.2021575187546,1.002661427032936,0.0016571535227884009,0,27
2050.2035464042283,1.0010997734511766,0.0016570623604426605,0,27
2050.204935289701,1.0000156310763537,0.0016552453614144772,0,27
2050.2063241751594,1.0011768382927346,0.0016563854587259249,0,27
2050.2077130606326,1.00283671319614,0.001657050574656529,0,27
2050.2091019460913,0.996698934782133,0.0016549961559366355,0,27
2050.2104908315496,1.0016398816662087,0.0016566228784176348,0,27
2050.2118797170224,0.9968849809420828,0.001655554205810093,0,27
2050.213268602481,0.9990302916446226,0.0016557295726278333,0,27
2050.2146574879393,0.9999211175914242,0.0016556330143800086,0,27
2050.216046373397,1.001410432005872,0.0016560286192012434,0,27
2050.2174352588563,0.9993244466907957,0.0016553517174845076,0,27
2050.2188241443146,0.9966306669649415,0.0016535161167938758,0,27
2050.2202130297583,0.9971442387015127,0.0016556438061841772,0,27
2050.221601915217,0.9998010127628829,0.0016563736729397933,0,27
2050.2229908006752,0.9990947062197362,0.0016558434545612972,0,27
2050.2243796861185,0.998290759976389,0.0016544159544651478,0,27
2050.2257685715776,0.9994474596265656,0.0016549522787328446,0,27
2050.2271574570213,0.9997123154924106,0.0016555779193797792,0,27
2050.228546342465,0.9978014709351768,0.001654014527749559,0,27
2050.2299352279238,1.0002652920819293,0.0016556821454884606,0,27
2050.2313241133675,1.0034458889578515,0.0016572009499277735,0,27
2050.2327129988107,1.0004448677032953,0.0016549332510781263,0,27
2050.2341018842553,0.9997563733169239,0.0016560333051162113,0,27
2050.235490769699,1.0019864553451774,0.001657818638719005,0,27
2050.236879655142,1.0025370327462326,0.0016570538405972642,0,27
2050.2382685405855,1.0003140028780084,0.0016556119987613644,0,27
2050.2396574260156,0.9998549581519734,0.0016559573364947609,0,27
2050.241046311459,1.002476980331962,0.0016570477347080635,0,27
2050.2424351969025,1.0027352202538617,0.0016561106937118943,0,27
2050.243824082332,1.0007280446446805,0.0016574414935627956,0,27
2050.245212967776,1.0009252870174605,0.001656393410581628,0,27
2050.246601853205,1.0040648795814593,0.0016588310803469313,0,27
2050.247990738635,1.0024026054895905,0.0016567789335858102,0,27
2050.2493796240783,1.0024513889883502,0.0016566775474255945,0,27
2050.2507685095075,0.99715921545374,0.0016553392217112596,0,27
2050.252157394937,0.9981209265142387,0.0016553690411701468,0,27
2050.253546280366,0.9978668306451396,0.001655160020963091,0,27
2050.2549351657954,0.9974252345624763,0.001654628808602632,0,27
2050.2563240512254,1.0016893921917758,0.0016567127627865658,0,27
2050.2577129366396,1.0004509020257948,0.0016554698593406695,0,27
2050.2591018220687,1.0008973691880658,0.0016565953309175202,0,27
2050.2604907074983,0.9988828506081325,0.001654647126270234,0,27
2050.261879592913,1.0002215250681388,0.0016561342652841573,0,27
2050.263268478342,1.001294616635493,0.0016569934916923737,0,27
2050.264657363757,1.0001894631859434,0.0016557636520094184,0,27
2050.266046249172,0.9979825006101573,0.0016547377206262812,0,27
2050.2674351346013,0.9993554180327804,0.0016557548481691757,0,27
2050.268824020016,0.9997034457653633,0.0016548234870699373,0,27
2050.2702129054314,1.00134718067365,0.0016573359894773048,0,27
2050.2716017908456,1.000028572153521,0.0016550151835913538,0,27
2050.2729906762597,1.002298349845445,0.00165737006885889,0,27
2050.2743795616743,0.9993329529044394,0.0016546516701877786,0,27
2050.2757684470885,0.9984021404832445,0.0016533596356334305,0,27
2050.2771573324885,1.0009303762051105,0.0016567684257764882,0,27
2050.2785462179036,0.9999992729731928,0.0016561160896139786,0,27
2050.279935103318,1.0001856826465463,0.0016551838765302006,0,27
2050.281323988718,0.9992524710368879,0.001656026347242471,0,27
2050.2827128741337,1.0021218277366688,0.0016567491141269233,0,27
2050.2841017595333,0.9999315140747664,0.0016560445229126498,0,27
2050.2854906449334,0.9982594251210009,0.0016551020860143962,0,27
2050.2868795303484,0.9993405139832338,0.0016540839644895388,0,27
2050.2882684157485,0.9983255118577709,0.0016560235072940056,0,27
2050.2896573011485,0.9998255862689646,0.0016552952025100456,0,27
2050.2910461865495,1.004170371171177,0.0016573090099668833,0,27
2050.2924350719495,1.0002104742606701,0.001655493004920663,0,27
2050.2938239573496,1.000770793820941,0.0016554262661317252,0,27
2050.295212842735,0.9979087800919122,0.0016544993069526083,0,27
2050.296601728136,1.000150785359803,0.0016562541111093986,0,27
2050.297990613536,0.9990963056787119,0.0016553992866213036,0,27
2050.2993794989216,0.9993597074909425,0.001654857282456676,0,27
2050.3007683843216,0.9977425817637976,0.0016549918960139375,0,27
2050.302157269707,1.0015658703372408,0.0016568334605963466,0,27
2050.303546155107,0.9993944593723243,0.001656148181031638,0,27
2050.3049350404935,1.0010900312919608,0.0016564402697313075,0,27
2050.306323925879,0.9998053749237258,0.0016553343937988686,0,27
2050.3077128112645,1.003604962423256,0.0016579005712322327,0,27
2050.3091016966496,0.9989362143757773,0.0016549563966581195,0,27
2050.310490582034,0.9975974672130903,0.0016553923287475633,0,27
2050.3118794674197,0.9971291892466047,0.0016539766144375455,0,27
2050.3132683528056,1.001183890452764,0.001656654827837871,0,27
2050.314657238191,1.0007671586869054,0.0016574243118745798,0,27
2050.3160461235766,0.9987623095635069,0.001655607596841243,0,27
2050.3174350089485,1.0022410601330416,0.0016564548954659047,0,27
2050.318823894334,0.9978882779359506,0.0016544807052901597,0,27
2050.320212779705,1.0004154958202864,0.0016556575799342346,0,27
2050.3216016650904,1.001449255237374,0.0016567097808406772,0,27
2050.3229905504622,1.002924247223721,0.0016570319729940803,0,27
2050.324379435833,1.0020904928812806,0.0016565500337394966,0,27
2050.3257683212187,1.0020516696497788,0.0016565368279791322,0,27
2050.3271572065896,0.9997661154761397,0.0016557406484268484,0,27
2050.3285460919606,0.9996516814566941,0.001655531202227523,0,27
2050.3299349773315,1.0000822267318887,0.0016572891303276252,0,27
2050.3313238627034,0.9998979981389567,0.001655263111092386,0,27
2050.3327127480743,0.9972721954195711,0.001653994648110301,0,27
2050.3341016334307,1.0020728261298668,0.0016576177123650757,0,27
2050.3354905188016,0.9993489474941967,0.0016549935999830166,0,27
2050.3368794041726,0.999153159175031,0.0016553572553840152,0,27
2050.338268289529,0.9997761484460783,0.0016550339272512259,0,27
2050.339657174901,1.000616736840506,0.0016563231218571085,0,27
2050.341046060257,0.9996013712016394,0.0016560502028095806,0,27
2050.342434945628,1.001379824177291,0.0016582507368780204,0,27
2050.3438238309845,1.0011038448012968,0.0016556690817255196,0,27
2050.345212716341,0.999031963806279,0.0016549356650343218,0,27
2050.346601601697,0.9985481274661203,0.001654991186026821,0,27
2050.347990487053,1.0016682357116877,0.001656560683546242,0,27
2050.34937937241,0.9997335446751793,0.0016565417978889468,0,27
2050.3507682577665,1.0008285924521094,0.0016558217289555366,0,27
2050.352157143123,1.000190335618112,0.0016552372675613506,0,27
2050.3535460284797,0.9992257164503847,0.0016553899147913676,0,27
2050.3549349138216,1.000621026298668,0.001656653833855908,0,27
2050.3563237991775,0.9999891673005734,0.0016553741530773846,0,27
2050.357712684535,1.0029006188524885,0.0016581854180633155,0,27
2050.3591015698767,1.001334457704525,0.0016588415881562534,0,27
2050.360490455233,1.0013949463348797,0.0016584699808995518,0,27
2050.3618793405753,1.003802931822843,0.0016572455371186808,0,27
2050.363268225917,0.9997477216979188,0.0016556878253853914,0,27
2050.3646571112586,1.0011768382927346,0.0016584340555514641,0,27
2050.366045996616,0.9997326722430108,0.0016563522313288793,0,27
2050.3674348819577,0.9995994082292601,0.0016571235613320905,0,27
2050.3688237672995,1.0004857266098572,0.0016557782777440154,0,27
2050.3702126526414,1.001369645801991,0.0016559983737500863,0,27
2050.3716015379696,1.0011497201928279,0.0016561868043307678,0,27
2050.3729904233114,0.9994422977362348,0.0016553271519302816,0,27
2050.3743793086533,1.0002818682931323,0.0016563367536097425,0,27
2050.3757681939956,1.000105346184356,0.0016553789809897758,0,27
2050.377157079323,1.000451047431156,0.0016563110520761305,0,27
2050.378545964664,0.9990449775861271,0.0016554516836704907,0,27
2050.3799348499924,0.9995995536346215,0.0016558311007854724,0,27
2050.3813237353197,1.0060933570760902,0.0016587737133879296,0,27
2050.3827126206606,1.000419421765045,0.00165641953810751,0,27
2050.384101505988,1.0007819173310903,0.0016550404591326963,0,27
2050.385490391315,1.0023025666009264,0.0016571508248373586,0,27
2050.3868792766425,0.9994220863909961,0.001656068236482336,0,27
2050.3882681619702,1.0002098926392244,0.0016555351781553744,0,27
2050.3896570472975,0.9975973945104096,0.0016543840050449118,0,27
2050.3910459326244,0.9984608842492623,0.0016551507911305783,0,27
2050.3924348179526,0.9981671654191735,0.0016542992325832187,0,27
2050.39382370328,0.9996322698409432,0.0016558900297161303,0,27
2050.3952125885926,0.9966346656123809,0.001654819227147239,0,27
2050.3966014739203,0.9997578273705382,0.001655117705730956,0,27
2050.3979903592335,0.99878906415001,0.0016558494184530745,0,27
2050.399379244561,0.9995269236565871,0.0016564946547444207,0,27
2050.4007681298735,1.0000368602591225,0.001654981246207192,0,27
2050.402157015187,1.0007719570638325,0.0016586589794699263,0,27
2050.403545900514,0.9982233645913662,0.001656318151947294,0,27
2050.4049347858268,1.0003601690802624,0.0016562524071403193,0,27
2050.40632367114,0.9971620508582879,0.0016545982791566285,0,27
2050.4077125564527,0.9992871502155889,0.001655519700436238,0,27
2050.4091014417654,0.997919031169893,0.0016550360572125749,0,27
2050.410490327079,0.9991065567566927,0.0016561001859025722,0,27
2050.4118792123913,1.0000034897286743,0.001655721478774707,0,27
2050.4132680976895,0.9990931794634411,0.0016565375379662486,0,27
2050.4146569830027,1.0011363428995763,0.0016574616571969002,0,27
2050.4160458683155,1.0011418683033106,0.0016573866825574128,0,27
2050.4174347536136,0.9980750511227076,0.0016571332171568729,0,27
2050.4188236389264,0.9982507007993151,0.0016545727196204396,0,27
2050.4202125242236,0.9996692755054272,0.0016577828553683404,0,27
2050.4216014095364,0.9975137137249066,0.0016544116945424498,0,27
2050.422990294835,0.9980731608530089,0.0016564872708784105,0,27
2050.424379180133,0.999933404344465,0.0016554895969825042,0,27
2050.425768065431,0.9982372508033828,0.001654589617313809,0,27
2050.42715695073,0.9991367283691894,0.0016556622658492025,0,27
2050.428545836029,1.001137142629064,0.0016562252856324744,0,27
2050.429934721327,1.0013188266281712,0.0016575846269654534,0,27
2050.431323606625,1.000151803197333,0.0016559983737500863,0,27
2050.4327124919237,0.9993964223447036,0.001656380346818687,0,27
2050.434101377222,1.0013730628279844,0.001657841784298998,0,27
2050.4354902625055,1.001888306726212,0.0016558095171771352,0,27
2050.4368791478046,1.0033912165419536,0.0016570661943730888,0,27
2050.4382680330878,1.0011888342350526,0.0016560095915465248,0,27
2050.439656918386,0.9976636993552217,0.0016547530563479945,0,27
2050.44104580367,0.9990259294837797,0.0016556699337100592,0,27
2050.4424346889537,0.9990339267786583,0.0016560098755413713,0,27
2050.443823574252,0.999163628361054,0.0016590361246261356,0,27
2050.4452124595364,0.9980825394988212,0.0016562048380035232,0,27
2050.4466013448196,0.9982408132347378,0.0016553829569176273,0,27
2050.447990230103,0.9970812054773327,0.0016548717661938497,0,27
2050.4493791153873,1.0003132758512012,0.0016570599464864647,0,27
2050.450768000671,1.001032596174196,0.001656276830697122,0,27
2050.4521568859545,0.9967723644896552,0.001654698387340035,0,27
2050.4535457712245,1.0018941229406693,0.0016578666338480706,0,27
2050.454934656508,1.0026756040556755,0.001657817076747349,0,27
2050.4563235417913,0.9990660613635344,0.0016551397153315632,0,27
2050.45771242706,1.0010645126510298,0.0016566650516523466,0,27
2050.4591013123436,0.9974905942724392,0.0016568039251323061,0,27
2050.4604901976127,1.0022193947341884,0.0016570085434192406,0,27
2050.4618790828818,1.0008693786559906,0.0016567485461372303,0,27
2050.4632679681663,0.9980617465321366,0.0016556050408876241,0,27
2050.464656853435,0.999105975135247,0.0016557549901665988,0,27
2050.466045738704,1.0002047307488935,0.0016562489992021608,0,27
2050.4674346239735,1.0000527094435183,0.0016567410202737967,0,27
2050.4688235092426,0.9994665804315936,0.0016561447730934794,0,27
2050.4702123945117,0.9986124693385532,0.0016561361112506598,0,27
2050.4716012797817,0.9972490759671038,0.001654773645974369,0,27
2050.4729901650503,0.9975042623764137,0.0016548534485262476,0,27
2050.4743790503194,0.9986302087926476,0.0016569636722334868,0,27
2050.4757679355744,0.9991456707989174,0.0016545234465145644,0,27
2050.4771568208434,1.0010187099621792,0.0016557802657079413,0,27
2050.478545706098,1.001379533366568,0.0016570245891280701,0,27
2050.479934591368,1.002281991742284,0.0016581652544292108,0,27
2050.4813234766225,1.0033471587174403,0.0016572169956366033,0,27
2050.482712361877,0.9989537357218297,0.0016542718270805272,0,27
2050.484101247146,0.997986135744193,0.0016561075697685823,0,27
2050.4854901324015,1.0000797548407445,0.0016574281458050081,0,27
2050.486879017656,1.0008073632693406,0.0016571793663194363,0,27
2050.4882679029106,0.9981736359577571,0.0016550833423545244,0,27
2050.489656788165,0.9992278975308061,0.0016571381870666875,0,27
2050.4910456734196,1.0005785679331305,0.0016566769794359015,0,27
2050.4924345586737,0.9998595384208585,0.001656181124433837,0,27
2050.493823443928,0.9971235911401896,0.0016564767630690884,0,27
2050.4952123291678,0.9992594504942365,0.001659423777591667,0,27
2050.4966012144223,0.9977205528515409,0.001655313804172494,0,27
2050.4979900996777,0.998262478633591,0.0016560174014048049,0,27
2050.4993789849177,1.000169688056789,0.001655978352113405,0,27
2050.5007678701722,0.9990963783813926,0.001655796311416771,0,27
2050.502156755412,1.0001129799658313,0.0016555211204104705,0,27
2050.503545640652,0.9998821489545608,0.0016564059063548758,0,27
2050.5049345259067,0.9978255355224934,0.0016563689870248252,0,27
2050.5063234111476,1.0003331963857172,0.0016574593852381279,0,27
2050.507712296388,1.00054294361958,0.0016570322569889268,0,27
2050.509101181628,0.9996462287556406,0.0016570571065379993,0,27
2050.5104900668675,1.0022840274173441,0.0016576970889246845,0,27
2050.5118789521084,1.000471985803202,0.001657481962828428,0,27
2050.5132678373484,0.9972884081173706,0.00165530017241986,0,27
2050.514656722574,0.9975666412764671,0.0016552357055896947,0,27
2050.5160456078142,0.9999318048854893,0.0016568054871039621,0,27
2050.517434493054,1.0006539606130318,0.0016561885082998472,0,27
2050.518823378279,0.999326409663175,0.0016567775136115776,0,27
2050.52021226352,0.9997025733331947,0.001657074146228792,0,27
2050.5216011487455,0.9996917406337682,0.0016570612244632742,0,27
2050.5229900339855,0.998714325794235,0.001655827124857621,0,27
2050.524378919211,0.9982933045702141,0.0016576444078806507,0,27
2050.5257678044363,1.001022926717661,0.0016578295725205969,0,27
2050.5271566896618,1.001902847262355,0.0016572355972990518,0,27
2050.5285455749017,1.0010272888785037,0.0016575220061017905,0,27
2050.5299344601262,0.9999894581112964,0.0016574037222482053,0,27
2050.5313233453517,0.9997800743908369,0.001657831702481946,0,27
2050.532712230578,0.9999530340682581,0.0016564811649892098,0,27
2050.5341011157893,1.0025874884066488,0.0016586621034132382,0,27
2050.5354900010148,1.0016806678700898,0.0016580836059108296,0,27
2050.5368788862397,0.9978852971260412,0.0016559596084535333,0,27
2050.5382677714515,0.9970317676544465,0.00165516996078272,0,27
2050.539656656677,1.0009617110604987,0.001657717252558789,0,27
2050.5410455419023,0.996240689785586,0.0016554088004486628,0,27
2050.5424344271137,1.001848320251819,0.0016572989281498308,0,27
2050.5438233123245,1.0013736444494303,0.0016577199505098312,0,27
2050.5452121975495,0.99931674020664,0.0016557660659656142,0,27
2050.5466010827613,1.0032396314526628,0.0016583170496746883,0,27
2050.547989967972,0.9987167976853792,0.0016564732131335066,0,27
2050.549378853183,1.000860581631624,0.0016574744369649945,0,27
2050.5507677383944,0.9992744272464638,0.0016580286529080236,0,27
2050.5521566236052,0.9987550392954354,0.0016573290316035645,0,27
2050.5535455088157,0.996937472277559,0.0016551226756407705,0,27
2050.5549343940274,1.003185758766253,0.0016590581342267427,0,27
2050.5563232792383,0.9988307227860598,0.0016579082390930893,0,27
2050.557712164449,1.002417291431095,0.001658682835037036,0,27
2050.559101049646,0.9986979676910741,0.0016569531644241647,0,27
2050.5604899348573,1.0006658838526692,0.001657862089930526,0,27
2050.5618788200536,0.9998519046393834,0.0016555983670087304,0,27
2050.5632677052645,0.9991979440263515,0.001656250135181547,0,27
2050.5646565904617,0.9987256674124265,0.0016564051963677596,0,27
2050.5660454756717,0.9995480801366752,0.0016587616436069515,0,27
2050.567434360867,0.9988664198022909,0.0016570546925818038,0,27
2050.568823246064,0.9994974790708976,0.0016572066298247044,0,27
2050.57021213126,1.0009281224220083,0.00165820558169742,0,27
2050.571601016456,0.9996472465931705,0.001658951068169596,0,27
2050.5729899016533,1.0014646682056856,0.001659280502191586,0,27
2050.5743787868496,1.0002487885734068,0.0016589838695743717,0,27
2050.575767672046,1.0001757223792882,0.0016572564709202728,0,27
2050.5771565572427,0.9983809113004758,0.001658464443000044,0,27
2050.578545442439,1.0022918793068614,0.0016594785885970498,0,27
2050.5799343276203,1.0000522732274342,0.0016579536782685362,0,27
2050.5813232128176,0.9972230484074078,0.001656384038751692,0,27
2050.5827120979993,0.9994577107045464,0.0016568960814600095,0,27
2050.5841009831956,1.0008061273237685,0.0016583281254737034,0,27
2050.585489868378,0.9975095696721058,0.0016564918147959553,0,27
2050.5868787535746,0.9984896018081447,0.0016562761207100057,0,27
2050.5882676387564,1.001040229955671,0.001658526069881744,0,27
2050.589656523938,0.9998073378961051,0.0016576432719012646,0,27
2050.591045409121,0.9998626646361293,0.0016571762423761242,0,27
2050.592434294302,1.000123739962577,0.0016586676413127457,0,27
2050.593823179484,1.0003078231501474,0.001657255618935733,0,27
2050.595212064666,0.9983622994142127,0.0016579460104076795,0,27
2050.596600949848,0.9997477216979188,0.0016570106733805896,0,27
2050.5979898350297,0.9988603127771108,0.0016566549698352943,0,27
2050.5993787202124,1.000743021396908,0.0016585455235287323,0,27
2050.6007676053937,1.0007528362588043,0.0016580065013099931,0,27
2050.6021564905604,0.9977037585322958,0.0016566463079924747,0,27
2050.603545375742,0.9978436384899915,0.0016569102812023365,0,27
2050.604934260909,1.002743290251421,0.0016588701296383311,0,27
2050.6063231460907,1.0021525809706113,0.0016593107476427428,0,27
2050.6077120312584,0.9995099112292998,0.0016582950400740812,0,27
2050.6091009164256,0.9983688426554771,0.0016580628742870322,0,27
2050.6104898016074,1.0007912959769028,0.0016576239602516995,0,27
2050.6118786867755,1.0010842150775037,0.0016590014772548574,0,27
2050.6132675719427,1.0000423856628569,0.0016576757893111938,0,27
2050.61465645711,1.002321832811316,0.001658654151557535,0,27
2050.616045342277,1.001923785634401,0.001657909659067322,0,27
2050.6174342274453,1.0006693008786627,0.0016592719823461896,0,27
2050.618823112612,1.0012994150124201,0.0016611376864905552,0,27
2050.6202119977793,1.000064269169752,0.0016574413515653722,0,27
2050.6216008829324,1.0003940485294756,0.0016570315470018106,0,27
2050.6229897680996,0.9993616704633218,0.0016574417775576421,0,27
2050.6243786532523,1.000128611042185,0.0016580381667353828,0,27
2050.6257675384204,0.9990539927185357,0.001658226029326371,0,27
2050.627156423587,0.9996285620042268,0.001657637308009487,0,27
2050.62854530874,1.000912127832251,0.001657855842043902,0,27
2050.629934193893,0.998793426310853,0.001657407698176057,0,27
2050.63132307906,1.000100547807429,0.0016578399383324956,0,27
2050.632711964213,1.0000017448643372,0.0016587632055786075,0,27
2050.6341008493664,1.001393128767862,0.00165994604411446,0,27
2050.6354897345186,0.9986611801346322,0.0016569614002747144,0,27
2050.6368786196713,0.9978754822641447,0.0016589717997933936,0,27
2050.6382675048244,1.000359732864178,0.0016576651395044484,0,27
2050.639656389977,0.9974191275372963,0.0016572820304564615,0,27
2050.641045275129,1.0013756074218096,0.0016578126748272276,0,27
2050.642434160267,0.9988504979152143,0.0016588045268287797,0,27
2050.7118784165677,0.9998274038359825,0.0016602719282008682,0,27
2050.781322670599,1.001378806339761,0.0016627742067937602,0,27
2050.8507669224177,0.9995644382398361,0.0016640940728430695,0,27
2050.9202111720824,1.002499881676387,0.00166653855848469,0,27
2050.989655419622,1.002669351625134,0.0016665147029175805,0,27
2051.0590996651395,0.9990209857014911,0.0016663249943600896,0,27
2051.1285439086046,0.999827258430621,0.0016688132152080776,0,27
2051.1979881500915,0.9987478417300446,0.0016700078395300614,0,27
2051.267432389657,1.0050662136029478,0.001673688412741261,0,27
2051.3368766273165,0.9994492771935835,0.0016728767554698408,0,27
2051.406320863114,0.9982190024305233,0.0016714733949356475,0,27
2051.4757650970923,1.0000249370194854,0.001677123472407624,0,27
2051.5452093292797,0.9978051060692125,0.0016789200238068564,0,27
2051.614653559722,0.9974276337509399,0.0016830769983731321,0,27
2051.684097788432,1.0006962735732081,0.0016904229510712413,0,27
2051.7535420154536,0.9989367232945423,0.0016894979798560501,0,27
2051.8229862408016,1.0020956547716113,0.0016938534668200595,0,27
2051.8924304645207,0.9997736038522533,0.001693276957281577,0,27
2051.9618746866245,0.999566764725619,0.0016905332830691234,0,27
2052.0313189071417,1.0017531524427628,0.0016926560025496103,0,27
2052.1007631261027,1.0000002908107228,0.0016915539605475995,0,27
2052.170207343521,0.9993157950717906,0.001693799791794063,0,27
2052.239651559439,1.0001683067058553,0.0016951166758974838,0,27
2052.309095773845,1.0003374858438794,0.001693145751662474,0,27
2052.378539986781,1.004172915765002,0.0016940589370915335,0,27
2052.447984198261,0.9997753487165905,0.0016932494097814622,0,27
2052.5174284083014,1.0001153064516142,0.0016978504102903083,0,27
2052.58687261693,1.0006969278973346,0.0017035560087547842,0,27
2052.6563168241464,1.0013255879774776,0.0017099731563072738,0,27
2052.7257610299966,1.0011172220945483,0.0017130898577506618,0,27
2052.7952052344635,0.9976013931578489,0.0017145552711588248,0,27
2052.864649437576,0.9997355803502394,0.0017171701537083712,0,27
2052.9340936393664,0.999943873530488,0.001716395273769578,0,27
2053.003537839816,1.0014208284892143,0.0017132392390399437,0,27
2053.0729820389424,0.9998521954501063,0.0017136266080106286,0,27
2053.1424262367877,0.9999826967619898,0.0017158714452751292,0,27
2053.211870433338,0.9955891283610177,0.0017183535602339165,0,27
2053.2813146286076,1.0009572761969752,0.0017185293530439267,0,27
2053.350758822612,1.0001703423809154,0.0017150427483129161,0,27
2053.4202030153656,1.0002304674978668,0.001713215383472834,0,27
2053.4896472068667,0.9986069439348189,0.0017141105352291382,0,27
2053.55909139713,0.9999145743501598,0.0017230817904340138,0,27
2053.628535586172,1.0003981198795957,0.0017318866246588153,0,27
2053.6979797739764,0.9999430738010001,0.0017374728032903198,0,27
2053.7674239605876,1.0013309679758504,0.0017416539174185516,0,27
2053.8368681459915,1.0001939707521477,0.001747264661604282,0,27
2053.9063123301876,0.9998891284119096,0.001746043767758993,0,27
2053.975756513205,1.0012186423341458,0.001740098051651765,0,27
2054.04520069503,1.000668501149175,0.00173759520506918,0,27
2054.11464487569,1.002714499989858,0.0017396994648846416,0,27
2054.1840890551566,1.0014052701155414,0.0017437310557261686,0,27
2054.2535332334737,1.0006887124944137,0.0017431924594996993,0,27
2054.3229774106117,1.000510082007897,0.0017370997760593854,0,27
2054.392421586586,1.0034050300512896,0.00173454396443792,0,27
2054.4618657614105,0.9966490607431624,0.001730915504281061,0,27
2054.531309935085,0.998806949009466,0.0017398129208258356,0,27
2054.6007541076106,1.003309716836872,0.001754348487059032,0,27
2054.6701982789873,0.9992540704958636,0.0017618722205310772,0,27
2054.739642449214,0.9956268610523088,0.0017677979150016237,0,27
2054.8090866183047,0.9955156259508148,0.0017730690013508885,0,27
2054.8785307862463,1.0011539369483093,0.0017783824029322882,0,27
2054.957697136317,0.9987536579445019,0.0017683842223623122,0,27
2055.0271413018286,1.0007646140930802,0.0017645133726039287,0,27
2055.0979743494663,1.000076047004028,0.0017657761556890829,0,27
2055.1674185126776,0.9993004548061597,0.0017704514208503,0,27
2055.236862674741,1.0026148973172784,0.0017721279844268678,0,27
2055.3063068356682,1.001427807946563,0.0017632633692868688,0,27
2055.3757509954457,1.000965491599896,0.0017530556005201441,0,27
2055.4451951540887,1.0004236385205265,0.0017520259772040017,0,27
2055.514639311582,1.000247770735877,0.0017633660334238942,0,27
2055.5840834679275,0.9999439462331687,0.0017796126686075132,0,27
2055.653527623136,1.0005250587601242,0.0017961377607381677,0,27
2055.7229717771806,1.0014157393015644,0.00180331587248197,0,27
2055.792415930076,0.9993309172293794,0.0018073866546123199,0,27
2055.8618600818063,1.000648071695894,0.001813530599122435,0,27
2055.931304232373,1.0004588266179928,0.0018098765794293873,0,27
2056.0007483817753,1.002311872544058,0.0018036089551636025,0,27
2056.070192529999,0.9997829097953849,0.0017970506621723809,0,27
2056.1396366770596,1.0006773708762222,0.0018046114569719,0,27
2056.209080822927,1.0017905216206504,0.0018073118219702558,0,27
2056.2785249676,0.9989751830126405,0.001799546834876072,0,27
2056.34796911108,1.0039774909592398,0.0017886039454490703,0,27
2056.417413253352,0.9969915630720111,0.0017807259284059625,0,27
2056.486857394416,0.9994905723162296,0.0017885754039669926,0,27
2056.556301534273,0.9989647865292983,0.001806258911076697,0,27
2056.6257456728927,1.0025432124740934,0.0018282044708458978,0,27
2056.695189810275,0.9991825310580399,0.0018441046323167342,0,27
2056.7646339464063,1.0020222977667699,0.0018528022584869655,0,27
2056.834078081287,1.0016499146361475,0.0018619822499040507,0,27
2056.9035222149014,1.0000658686287278,0.0018646736690647403,0,27
2056.9729663472344,1.0009628016007095,0.001856145445820472,0,27
2057.042410478288,1.0012017753122198,0.0018450854085192711,0,27
2057.1118546080306,1.0001649623825424,0.001842119792334244,0,27
2057.1812987364638,1.0001293380689922,0.0018478032392006893,0,27
2057.2507428635727,1.0003584242159251,0.0018454504838945024,0,27
2057.320186989329,0.9998271130252596,0.0018330383471289093,0,27
2057.3896311137314,0.9982623332282294,0.001816893524097776,0,27
2057.459075236766,0.999973463521539,0.0018200271232345336,0,27
2057.5285193584195,1.0000073429707521,0.0018400605457019592,0,27
2057.5979634786454,0.9987903000955822,0.001865382520201712,0,27
2057.6674075974606,1.0005758052312632,0.0018897136366818757,0,27
2057.7368517148343,0.9997714954745126,0.0019035288499868153,0,27
2057.806295830753,1.0003731101574296,0.0019139266113058775,0,27
2057.8757399451733,0.9983681883313507,0.0019211131008976528,0,27
2057.9451840581087,1.002523946263704,0.0019214957839533697,0,27
2058.0146281695015,0.9982724389008489,0.0019087655729596482,0,27
2058.0840722793528,1.0010113669914271,0.0019022299995561502,0,27
2058.153516387632,1.0011483388418942,0.001911418794813478,0,27
2058.222960494326,0.9993786101879284,0.0019169882177490364,0,27
2058.2924045993745,0.9977577766240671,0.0019092283425620905,0,27
2058.361848702779,0.9959908106719684,0.0018942444904636257,0,27
2058.4312928044947,1.0003937577187527,0.0018909218927564938,0,27
2058.5007369045084,0.9970688460216112,0.0019028728218913006,0,27
2058.570181002776,1.0004057536610707,0.0019349253322567036,0,27
2061.8507207771927,1.001903194383646,0.001694442472224833,0,28
2061.931276267828,0.997753941428809,0.0016929701011341276,0,28
2062.000720656201,1.0006617278819616,0.0016927795401535332,0,28
2062.070165043032,1.000783742811312,0.0016943957418392175,0,28
2062.1396094274187,0.9992793889206121,0.0016938208561918776,0,28
2062.209053808836,0.9989798299706679,0.0016928954198636578,0,28
2062.278498186907,0.9984694095453837,0.0016932009870892254,0,28
2062.3479425614278,1.0017464458213836,0.0016932894982245972,0,28
2062.4173869323677,0.9991461936373202,0.0016941781034389204,0,28
2062.4868312996705,0.999919277844541,0.0016927924965532831,0,28
2062.556275663335,0.9959457055179742,0.0016904593255555834,0,28
2062.625720023448,1.003997498284002,0.0016936238898001706,0,28
2062.6951643800703,1.0033366648303557,0.0016955740463288525,0,28
2062.7646087332873,1.0004004057424982,0.0016924792137188757,0,28
2062.834053083156,0.9974855383985156,0.0016930415796990413,0,28
2062.9034974297956,0.9991430631382165,0.0016920114731301436,0,28
2062.97294177332,1.0005370296676654,0.001693170852541492,0,28
2063.0423861137597,1.0013321019043049,0.0016939387739873563,0,28
2063.11183045126,1.0022816120967255,0.0016965408266742523,0,28
2063.1812747858494,1.0010448413436968,0.001693854047867642,0,28
2063.250719117704,1.0018583984321865,0.0016945570417372302,0,28
2063.320163446822,0.9999056378127322,0.0016940955609820853,0,28
2063.3896077732916,0.9999537133346814,0.0016948674130211321,0,28
2063.4590520972297,0.99773903429022,0.0016913783564726907,0,28
2063.528496418694,0.9986610408119442,0.0016936104966678446,0,28
2063.5979407377145,0.9981499495654234,0.0016926498305785066,0,28
2063.6673850544057,0.998755402999212,0.0016918121774980321,0,28
2063.7368293687978,0.9983444877240086,0.0016932432045715573,0,28
2063.806273680978,0.9984293838782725,0.0016942079468316032,0,28
2063.875717990975,1.0010207663148756,0.0016938450220610744,0,28
2063.945162298847,0.9996683907020897,0.0016934026119617414,0,28
2064.0146066046827,0.9995111949256696,0.0016929552522265488,0,28
2064.084050908452,1.0006996665496706,0.0016948598429898174,0,28
2064.1534952103,1.0005865959034737,0.00169493845485347,0,28
2064.222939510199,0.9990132219611071,0.0016928987681467393,0,28
2064.2923838082047,1.0006493549569329,0.0016955034412290905,0,28
2064.361828104378,1.0002400794669744,0.0016948984210340174,0,28
2064.431272398747,1.0040285796679598,0.001696484924904544,0,28
2064.50071669134,1.001041859915979,0.0016942187195684742,0,28
2064.570160982187,0.9999492411931048,0.001696623660286138,0,28
2064.639605271347,1.0019507481557448,0.0016952237868030232,0,28
2064.7090495588477,1.0021079439321647,0.0016963065924360731,0,28
2064.7784938447176,0.9972259305799898,0.001693515871276411,0,28
2064.847938128958,0.9989276549856068,0.0016945858660872362,0,28
2064.9173824116274,1.0037779161325873,0.0016974428250209016,0,28
2064.986826692753,0.9995727614080419,0.0016945212296660109,0,28
2065.056270972337,0.998028009171766,0.0016940591666007648,0,28
2065.1257152504377,0.9987047932637025,0.0016944325729531138,0,28
2065.195159527023,1.001998823677694,0.0016953620854520414,0,28
2065.2646038021835,0.9989787864709667,0.0016942862675402052,0,28
2065.334048075918,1.0003610508966234,0.0016950996091739574,0,28
2065.403492348226,1.0027736967415455,0.0016970523860980946,0,28
2065.472936619137,1.0011917511944903,0.0016959130963852351,0,28
2065.5423808886812,0.9996592973475504,0.0016961803767216535,0,28
2065.6118251568564,1.000565949516528,0.0016953456351916846,0,28
2065.681269423693,1.000625279928112,0.00169627150825248,0,28
2065.75071368922,1.0026691977000373,0.0016968175695498142,0,28
2065.8201579534375,0.998494602609599,0.0016959851572602499,0,28
2065.8896022163444,1.002786367809346,0.0016956405752579066,0,28
2065.9590464780013,0.999026936528609,0.0016948340757678424,0,28
2066.028490738376,0.9972424775038234,0.0016952032603719585,0,28
2066.0979349975005,0.9966415707473045,0.0016928523289161744,0,28
2066.167379255403,1.000760785817885,0.001696089390768352,0,28
2066.236823512053,0.9986523946715625,0.001694287723315458,0,28
2066.30626776751,1.0006870700175627,0.0016962840279196544,0,28
2066.3757120217742,0.9979435602316599,0.001696784523451575,0,28
2066.4451562748454,1.001010778532021,0.0016974391855827697,0,28
2066.514600526723,0.9994577528338284,0.0016987241983984368,0,28
2066.584044777407,0.9985286654212746,0.0016989607618770205,0,28
2066.653489026957,1.004244956784578,0.001702551431538109,0,28
2066.7229332753413,0.9986292140710568,0.0017014961400573373,0,28
2066.792377522591,0.9978739438944497,0.0017037351223961794,0,28
2066.8618217687062,0.999076651835803,0.001702692787315158,0,28
2066.931266013685,0.99763296999916,0.0017040178339502777,0,28
2067.00071025753,1.0034149273079473,0.0017062939385580668,0,28
2067.07015450024,0.9969625214411237,0.001704200533744507,0,28
2067.139598741873,1.0014600796890907,0.001709647753585521,0,28
2067.209042982371,1.00283481600976,0.0017126831905651826,0,28
2067.278487221792,1.0010213626004192,0.0017134122428117964,0,28
2067.347931460108,0.9978752110012298,0.0017104974896005939,0,28
2067.4173756973178,0.9984453345165626,0.0017114350088634118,0,28
2067.486819933479,1.0020621044810039,0.0017179418875109557,0,28
2067.5562641685055,1.0018074160182124,0.001721741752075875,0,28
2067.6257084024846,0.9998651649314633,0.0017276401166677387,0,28
2067.6951526353864,0.9973060564499052,0.0017307822619734323,0,28
2067.7645968672114,0.9994792936490894,0.0017320116641744415,0,28
2067.8340410979595,1.0013379902240476,0.0017363379370707816,0,28
2067.9034853276307,1.000574148442752,0.0017362971753637024,0,28
2067.9729295562543,0.9980458977380727,0.0017357819765017285,0,28
2068.05209597555,0.9999695149015857,0.0017365209280200615,0,28
2068.121540201875,1.0021501311343715,0.0017421705006212178,0,28
2068.1909844271513,0.9996347751045717,0.0017437163883621907,0,28
2068.2604286513515,1.00152157163577,0.0017445486550742297,0,28
2068.3298728744753,0.9963206945891783,0.001738706046674549,0,28
2068.3993170965505,1.003586135794641,0.0017406560576257058,0,28
2068.468761317549,0.997298304737839,0.0017443677022103037,0,28
2068.5382055374703,1.0005795895483367,0.0017545971437568418,0,28
2068.607649756344,1.0035629551941352,0.0017660923818857098,0,28
2068.6770939741423,0.9991112363973292,0.0017684944110528682,0,28
2068.746538190864,1.000122238536429,0.0017695622222008139,0,28
2068.8159824065074,1.0002839809901187,0.001771020472271567,0,28
2068.8854266210737,1.002868431607278,0.0017748308184183065,0,28
2068.9548708345633,1.0006916166948325,0.0017714071261787168,0,28
2069.024315046977,0.9994283857708083,0.0017703477585272374,0,28
2069.093759258284,1.0008322655474189,0.0017731256688646745,0,28
2069.163203468514,0.999275363993193,0.001779545200997049,0,28
2069.2326476776675,1.002492100893601,0.0017824207938539507,0,28
2069.3020918856864,0.9995917680097427,0.0017790391735191676,0,28
2069.371536092599,0.9994328579123849,0.0017752538667067767,0,28
2069.440980298405,0.9992400340747374,0.001779484349591481,0,28
2069.5104245031052,1.0007973083074277,0.0017935778553915878,0,28
2069.5798687066717,1.0001982649432326,0.0018081203222796653,0,28
2069.649312909103,0.9981334026415897,0.00182143935564527,0,28
2069.7187571103987,1.0001468353151008,0.001828187601829732,0,28
2069.789590194529,1.0000825855477826,0.001831538796461731,0,28
2069.8590343935257,1.0001069587193754,0.0018390861176824677,0,28
2069.9284785913287,1.0008352469751367,0.0018382500659547712,0,28
2069.997922787938,0.9985519205574733,0.0018311137100879068,0,28
2070.067366983413,0.9963338874068295,0.0018299429756295862,0,28
2070.1368111776655,1.0007530341058188,0.0018381388447254556,0,28
2070.2062553707256,1.003223221505694,0.0018470058262128764,0,28
2070.2756995625623,1.0009156709878237,0.0018450347065205538,0,28
2070.345143753176,1.001012045638801,0.0018368577625029713,0,28
2070.41458794254,0.9969103464560626,0.0018335078780686996,0,28
2070.4840321306815,1.0006146213240208,0.0018459806692798385,0,28
2070.553476317542,0.9992859480615912,0.0018703021608512305,0,28
2075.175681458677,1.0004241080928544,0.0016928131685618733,0,28
2075.246514802735,1.0011407687805163,0.0016949985783714116,0,28
2075.3201259237258,1.0005420235590927,0.0016938457499487008,0,28
2075.3895703754033,0.9995787242634774,0.0016929599107073578,0,28
2075.459014824607,1.0038339669736818,0.0016955506083472821,0,28
2075.5284592709295,1.0040554870531129,0.001694469258489485,0,28
2075.597903714167,1.0012415410373774,0.0016936505304872972,0,28
2075.6673481542025,1.003004310175516,0.0016948316009499126,0,28
2075.736792590949,1.0011260107133133,0.001695022598663083,0,28
2075.806237024437,0.9987828321342155,0.0016941364682666897,0,28
2075.8756814546355,1.0001091947901637,0.0016931083997831459,0,28
2075.945125881574,1.0008566387190116,0.001693786499895911,0,28
2076.0159591937922,0.9984509246935335,0.001693015666899541,0,28
2076.0854036143865,0.999029619813555,0.0016936728038486654,0,28
2076.154848031896,1.0005876394031747,0.001693977352031556,0,28
2076.2242924464076,0.9969482851237713,0.0016925899982156154,0,28
2076.2937368580388,0.9986654384178278,0.0016907855647897412,0,28
2076.363181266788,0.9998590530046418,0.001693729287928475,0,28
2076.4326256727727,0.9991073605412961,0.0016925537494118202,0,28
2076.5020700760506,1.0034791025395726,0.0016946834030291754,0,28
2076.571514476709,1.000763618174217,0.0016936104966678446,0,28
2076.6409588747774,0.999283488383724,0.0016935053896945907,0,28
2076.710403270371,1.001153067169852,0.0016941470954260351,0,28
2076.779847663521,1.0000731195147785,0.0016926282851047647,0,28
2076.8492920542835,0.9997459078227521,0.0016934986931284278,0,28
2076.9187364427194,0.9989518790858137,0.001691999826928121,0,28
2076.9881808288833,1.000670821236501,0.0016940826045823351,0,28
2077.057625212866,1.001487881502559,0.001694022772219444,0,28
2077.127069594664,1.0003161058737777,0.0016926333803181496,0,28
2077.1965139743684,0.9991081804339185,0.0016920816414973297,0,28
2077.2659583519776,0.9977842029201445,0.001692194172924373,0,28
2077.3354027276073,1.0008597692181154,0.0016960972519547172,0,28
2077.404847101229,1.0014581417610742,0.001693998460772722,0,28
2077.4742914729572,0.9992790907778404,0.0016945352051084379,0,28
2077.543735842766,1.001098357971231,0.0016931315466096658,0,28
2077.613180210741,0.9980754884081717,0.0016924367050814933,0,28
2077.6826245768825,1.0015234350280937,0.0016934464307968515,0,28
2077.752068941249,0.9991325536055113,0.0016942786975088905,0,28
2077.8215133038393,1.0012627837098664,0.0016928767859404217,0,28
2077.890957664742,0.997327820872245,0.0016914885586593294,0,28
2077.9604020239576,0.9993316384413662,0.0016936827031203846,0,28
2078.0298463815425,0.99830908326986,0.001692897603526537,0,28
2078.099290737468,0.9987194767952127,0.001693476565344585,0,28
2078.1687350918237,0.9973154479472162,0.001693717932881503,0,28
2078.2381794446073,1.0021071240395423,0.001694949373167866,0,28
2078.3076237958185,1.0026177680719055,0.0016963064468585478,0,28
2078.3770681455453,1.003700473547618,0.0016956162638111843,0,28
2078.446512493759,0.9981722357376138,0.0016927048588830634,0,28
2078.515956840489,1.001180272697777,0.0016938089188348045,0,28
2078.585401185792,0.9980384441687783,0.0016920947434746051,0,28
2078.6548455296397,1.0026683032717219,0.0016950418148964203,0,28
2078.724289872091,0.9987791798852612,0.0016916686380581037,0,28
2078.7937342131745,0.9976963253381629,0.0016913127010087885,0,28
2078.863178552861,1.0001205242154914,0.0016933903834496177,0,28
2078.9326228912087,1.002138354494886,0.0016937811135274755,0,28
2079.002067228218,1.0017032896551687,0.0016941377784644171,0,28
2079.0715115638877,1.001158508275437,0.0016944091349715433,0,28
2079.1409558982778,0.9988040002710118,0.0016930313892722715,0,28
2079.2104002313868,0.9972089364419985,0.0016918155257811135,0,28
2079.279844563215,0.9996964906583298,0.0016924007474327484,0,28
2079.3492888937635,1.0021026518979657,0.0016943075218588963,0,28
2079.418733223089,1.0055641640140034,0.0016970298215816758,0,28
2079.488177551192,0.9981070915419803,0.0016912039545974025,0,28
2079.557621878044,1.0000371187750863,0.0016942843750323764,0,28
2079.6270662037023,1.0018095030176148,0.0016929291938495234,0,28
2079.696510528168,1.0046002684328446,0.0016979722904803534,0,28
2079.765954851469,1.0025790840472673,0.0016949412208264504,0,28
2079.8353991735767,0.9988178639098995,0.0016945410282094492,0,28
2079.9048434945203,1.0018991694562271,0.00169635143031386,0,28
2079.9742878143,0.9971285869650042,0.0016964469291704453,0,28
2080.0437321329455,0.9998232013363355,0.0016969450954619615,0,28
2080.113176450456,0.999754032213283,0.0016973908538443759,0,28
2080.18262076683,1.0000140872459664,0.0016997746858208739,0,28
2080.25206508207,0.9986770659859272,0.0016994193310816597,0,28
2080.321509396204,0.9966677327755281,0.0016978562651927035,0,28
2080.3909537092313,0.9986308538563016,0.0016995340461715821,0,28
2080.4603980211527,0.9977357547197305,0.0017017146519227862,0,28
2080.5298423319973,0.9994104226688086,0.0017051572692406624,0,28
2080.599286641737,1.0022075981536316,0.0017087901563840827,0,28
2080.6687309503995,1.0009685167941214,0.0017117622671402467,0,28
2080.7381752579845,0.9997623802108928,0.0017130894974382454,0,28
2080.8076195644926,0.9981171538605278,0.001715350898715981,0,28
2080.877063869924,0.9991462681730131,0.0017173434183045202,0,28
2080.94650817428,1.003219196578275,0.0017205014315604696,0,28
2081.015952477588,0.9972145266189693,0.0017171792068560018,0,28
2081.086785665884,0.9992327295768288,0.001720944569547429,0,28
2081.156229967037,1.0014202776290584,0.0017243686985195944,0,28
2081.236785355056,1.0005599866610924,0.0017247972787540256,0,28
2081.3062296539692,0.9997381561106858,0.001724110589567269,0,28
2081.3756739518044,0.9996924657309108,0.0017228018476149807,0,28
2081.4451182485927,1.0023379610805916,0.0017245282514873038,0,28
2081.5145625443333,0.998052307807666,0.0017263731554652067,0,28
2081.5840068390253,1.0019243625204424,0.0017340941506736051,0,28
2081.653451132671,0.9998971407437365,0.0017403801882152957,0,28
2081.722895425268,0.9986636495611972,0.0017445000321807853,0,28
2081.792339716846,1.0037533193539157,0.0017517285386211537,0,28
2081.861784007348,0.998584567190983,0.0017535200156472781,0,28
2081.9312282968012,0.9992003810860909,0.001754738499533891,0,28
2082.000672585208,1.0019470213710975,0.001757069195713661,0,28
2082.0701168725664,0.9973154479472162,0.0017563564481498787,0,28
2082.1395611588496,1.0020597938745226,0.0017633769243066187,0,28
2082.2090054441123,0.9984741052940392,0.0017608892955545943,0,28
2082.278449728299,1.0009147765595083,0.0017605399094939168,0,28
2082.3478940114082,1.000381920890648,0.001757266744415469,0,28
2082.4173382934705,0.9995337047049389,0.0017554493545898445,0,28
2082.4867825744836,1.001596852685644,0.0017615806432221602,0,28
2082.556226854392,1.0009329632685868,0.0017717458850800487,0,28
2082.6256711332235,0.9978774470720181,0.0017850574939918642,0,28
2082.695115411007,0.9991392618178764,0.001794675801087267,0,28
2082.764559687656,0.9947195188333435,0.0017979310601301051,0,28
2082.834003963256,1.0021230001421395,0.0018098886524792696,0,28
2082.903448237722,1.002911364166414,0.0018178462111662517,0,28
2082.9728925111112,1.0009697093652086,0.001815955450267885,0,28
2083.0423367833646,0.9991851758047302,0.0018181308152281786,0,28
2083.111781054514,0.9965370717057963,0.0018224719370320975,0,28
2083.181225324527,1.0005315140263875,0.0018266864063890206,0,28
2083.250669593405,0.9966157068618527,0.0018197551692552788,0,28
2083.320113861148,0.9975301107428965,0.0018127974370119356,0,28
2083.389558127756,1.001446290585896,0.0018092600487251006,0,28
2083.4590023931705,0.9995504752358514,0.0018112729491671792,0,28
2083.52844665745,1.0006696286654138,0.0018242162469400303,0,28
2083.5978909205364,0.9997182550806696,0.0018454723125615525,0,28
2083.6673351824297,0.9969696768676465,0.0018653513603714292,0,28
2083.7367794431,0.9995432452736358,0.0018836639940092682,0,28
2115.885375279346,1.0021349462636864,0.0016376159193920827,0,30
2115.960375535096,1.0002782448601706,0.001635748805120204,0,30
2116.0312091123883,0.999671078492919,0.00163725051789553,0,30
2116.1006537971025,0.9989358637530112,0.0016364194479296353,0,30
2116.17009848208,0.9996116012705684,0.0016359688195062114,0,30
2116.2395431665636,1.0022510405213696,0.001636566267425506,0,30
2116.308987850087,0.9991454641247476,0.0016358963408087377,0,30
2116.3798214258645,0.9962926842576479,0.0016346093425937144,0,30
2116.4492661062727,0.9978715808297652,0.0016355299366424573,0,30
2116.518710784789,0.997676134716862,0.0016355236341470247,0,30
2116.588155461181,0.9997835058441688,0.0016365483626089364,0,30
2116.65760013539,1.0012587756404765,0.0016380887497880528,0,30
2116.728433700721,1.0019416269565147,0.0016357383487073274,0,30
2116.7978783702156,0.9982629130843436,0.0016345027731254921,0,30
2116.8673230373524,1.0022838226648847,0.0016364904942417836,0,30
2116.936767702073,1.0012680162446888,0.0016362441239657858,0,30
2117.006212364409,0.9996040474433155,0.0016360421576348805,0,30
2117.075657024358,1.000655569532173,0.0016367467479765276,0,30
2117.14510168192,1.0017916504833864,0.0016368925648026706,0,30
2117.2145463371244,0.9982873346811904,0.0016350032485582457,0,30
2117.2839909900295,1.0006937786972097,0.001635984146029195,0,30
2117.3534356406067,0.9989733395367612,0.001635748518643139,0,30
2117.4228802889716,0.999707014175967,0.0016368014650959644,0,30
2117.4923249350954,1.0006249141943895,0.00163556202207375,0,30
2117.5617695790365,1.0011998851231552,0.0016369543006102027,0,30
2117.631214220853,0.9991036613914062,0.0016356675888722443,0,30
2117.7006588605454,0.9960550687207601,0.0016340097460964315,0,30
2117.7701034981724,0.9993995074024573,0.0016363488313330848,0,30
2117.839548133791,0.9978983492467294,0.0016353869845869655,0,30
2117.908992767401,0.9970379463211835,0.0016349478152461463,0,30
2117.97843739906,0.9999551904033832,0.0016361813854885259,0,30
2118.0478820288,1.003026444555788,0.0016382649331830978,0,30
2118.1173266566466,1.0010716900742416,0.0016370845044362968,0,30
2118.18677128266,1.0010623761319006,0.0016373076700700203,0,30
2118.256215906841,1.0010719100886276,0.0016361040366809452,0,30
2118.3256605292454,0.9988766065450466,0.0016357830391294853,0,30
2118.3951051499325,1.001459942127416,0.001637127475996064,0,30
2118.464549768875,1.00186198174878,0.001636831688426334,0,30
2118.5339943861277,1.0001683110052957,0.0016351063803016867,0,30
2118.6034390017235,0.9995878397168796,0.0016362796471218598,0,30
2118.6742725079457,0.9994916200920657,0.0016358155542763755,0,30
2118.74371712028,1.0021305459759662,0.001635647678716219,0,30
2118.813161731015,1.0010448483191488,0.001637120887023566,0,30
2118.882606340206,1.0014812835228586,0.001635991594432888,0,30
2118.9520509478857,1.0005444622672395,0.0016364326258746305,0,30
2119.0214955540514,0.9986585722885134,0.001635347737229045,0,30
2119.0909401587314,1.0003872986575015,0.001636000331983374,0,30
2119.1603847619867,1.0019965572148877,0.0016366433297560217,0,30
2119.229829363757,0.9995112747105491,0.0016354994268350227,0,30
2119.299273964131,1.0035582926648965,0.0016381713984213381,0,30
2119.368718563137,1.0024367326631598,0.0016367103653892583,0,30
2119.438163160746,1.0006259409281908,0.001636438928370063,0,30
2119.507607756988,0.9986092890660477,0.001634728087337204,0,30
2119.5770523518904,0.9981071428990503,0.0016341697435372975,0,30
2119.646496945482,0.9993904134745024,0.0016356004100004753,0,30
2119.715941537765,1.00242514523883,0.001636900872637559,0,30
2119.785386128768,1.000330021579011,0.00163527239376092,0,30
2119.854830718461,1.001093984865357,0.0016367242595269162,0,30
2119.92427530693,0.99921586872827,0.0016347004423004205,0,30
2119.9937198941493,0.9995972269973493,0.0016360994530479032,0,30
2120.0631644801465,0.9989115154942931,0.0016358692687260844,0,30
2120.132609064921,1.00076374327196,0.001637392180804229,0,30
2120.202053648473,0.9992453506559948,0.0016349867761270016,0,30
2120.2714982308626,1.0023878894694662,0.0016371680125007774,0,30
2120.340942812057,0.9995483838036556,0.001635595969605966,0,30
2120.4103873920876,0.9996483436730317,0.0016353391429170915,0,30
2120.479831970954,1.0018831031298367,0.0016361862555986327,0,30
2120.5492765486856,1.00024245585338,0.0016361949931491186,0,30
2120.618721125282,1.0004055598515402,0.0016352073634671393,0,30
2120.688165700743,1.0015400273639226,0.0016355081643855086,0,30
2120.758999166569,1.0023468201174115,0.001636646767480803,0,30
2120.8284437397892,1.001414032458869,0.00163653231989329,0,30
2120.897888311904,1.0016231194637046,0.001636418874975505,0,30
2120.9673328829413,1.001031060750959,0.001636827104793292,0,30
2121.036777452903,0.9994696919915937,0.001635930861295084,0,30
2121.106222021787,0.9988462445597777,0.00163571328196413,0,30
2121.175666589594,0.9988994880411914,0.0016358664039554333,0,30
2121.2451111563532,1.001199298418126,0.0016366284329486357,0,30
2121.314555722066,1.0019725023086843,0.0016367574908664694,0,30
2121.3840002867005,0.9989807466877567,0.001634118464142642,0,30
2121.453444850317,1.000328921507081,0.0016350121293472642,0,30
2121.522889412885,0.9963597886453802,0.001632615175743458,0,30
2121.5923339744363,1.0034962486080423,0.0016383122018988415,0,30
2121.661778534967,0.9985999751237068,0.001634893527842307,0,30
2121.7312230944503,1.002720771235495,0.0016357919199185037,0,30
2121.8006676529453,1.0001082470779157,0.0016367102221507258,0,30
2121.8701122104217,0.9997558573696605,0.0016368415718850803,0,30
2121.9395567668785,0.9995039408976821,0.0016347389734656782,0,30
2122.0090013223466,0.9978639536643836,0.001633546082966545,0,30
2122.078445876795,0.9996420365939661,0.0016354269481375489,0,30
2122.1478904302553,1.0016145389026503,0.0016372585392533533,0,30
2122.2173349827244,1.0011388678001025,0.0016372459342624884,0,30
2122.286779534204,1.001010672751189,0.0016371058469776478,0,30
2122.3562240846954,1.0003775446863885,0.0016356032747711264,0,30
2122.4256686341964,0.9993925402802338,0.0016354710656055764,0,30
2122.495113182709,0.998517249714568,0.0016375021879972325,0,30
2122.57566885772,0.9995725120479878,0.00163493234548463,0,30
2122.6451134041076,1.0007166601933546,0.0016365340387556808,0,30
2122.714557949505,0.9976247246886649,0.0016350798811731637,0,30
2122.784002493943,1.0021548208965556,0.0016384404003854799,0,30
2122.853447037391,1.0019254925682073,0.0016369210692706493,0,30
2122.922891579849,1.0015485345868482,0.0016396176778845646,0,30
2122.992336121318,1.0020196587254184,0.0016372950650791554,0,30
2123.061780661798,0.9977796881545428,0.0016347848097960965,0,30
2123.1312252013163,0.9996960867947953,0.001638085455301804,0,30
2123.200669739847,0.9995012273869214,0.0016351261472191795,0,30
2123.2701142773876,1.0001326686747625,0.001635058108916215,0,30
2123.339558813968,1.0008031258470553,0.0016365943421778873,0,30
2123.409003349528,1.0017222726136652,0.0016371224626474242,0,30
2123.4784478841284,1.0016237795068628,0.0016370769127940711,0,30
2123.5478924177105,1.0013126791650484,0.001636953154701942,0,30
2123.618725840959,1.0008977320330386,0.001636875949132894,0,30
2123.6881703725626,0.9972223183766575,0.001634171462399688,0,30
2123.757614903147,1.002670094588585,0.0016386569770467057,0,30
2123.827059432742,0.9982282974876118,0.0016360804023230733,0,30
2123.896503961347,0.9994454904091329,0.001635384263054847,0,30
2123.965948488905,0.9999313555115658,0.0016368854028760427,0,30
2123.9951151902055,0.9993450171728562,0.0016358698416802148,0,30
2123.9965040807447,0.9978241310605163,0.0016365331793244855,0,30
2123.997892971255,1.0004001328300187,0.001637601882015892,0,30
2123.9992818617948,0.9998778920157659,0.001635647678716219,0,30
2124.000670752335,0.998596821584174,0.0016362885279108783,0,30
2124.002059642875,0.9992589915479273,0.0016362107493877,0,30
2124.0034485333854,1.0027162242715177,0.0016387576737350933,0,30
2124.004837423925,1.0001218146317195,0.0016376037441168153,0,30
2124.006226314464,0.99741395090687,0.0016349458099066904,0,30
2124.0076152049746,1.0009368212556191,0.0016387721408268816,0,30
2124.0090040955142,0.9991532379663864,0.0016386806114045778,0,30
2124.010392986054,0.9991325566141018,0.0016365583893062155,0,30
2124.0117818765643,1.000292105766489,0.0016383995774037013,0,30
2124.0131707671035,0.9965894103262432,0.0016347160553004693,0,30
2124.014559657614,1.001467055925897,0.001638308477696995,0,30
2124.015948548153,0.9987181228489926,0.001635330548605138,0,30
2124.0173374386927,0.9975931159552086,0.0016336264397833094,0,30
2124.018726329203,0.9976938825439999,0.0016356760399456652,0,30
2124.020115219743,1.000387885362531,0.001635746943019281,0,30
2124.0215041102533,1.0009239137449735,0.0016364816134527649,0,30
2124.0228930007925,0.998327523975701,0.0016355837943306986,0,30
2124.024281891303,0.9990916339383045,0.001637100260674878,0,30
2124.0256707818426,0.9989402640407314,0.001636849736481436,0,30
2124.0270596723526,1.002179315831531,0.0016382617819353815,0,30
2124.028448562892,0.9988513048906558,0.001635561735596685,0,30
2124.0298374534027,0.9976836885441149,0.001634836662144882,0,30
2124.031226343913,0.9984720734273078,0.00163578891190932,0,30
2124.032615234453,1.0011690831091142,0.0016378160236220646,0,30
2124.034004124963,0.9981906016894758,0.0016362381079474183,0,30
2124.0353930155024,0.9968201320790362,0.0016376829550253194,0,30
2124.036781906013,1.001052108793887,0.001636645191856945,0,30
2124.038170796523,0.9995562309834233,0.0016367251189581117,0,30
2124.0395596870626,0.9986419245333055,0.0016356748940374048,0,30
2124.040948577573,1.0023767420739085,0.001637058864738969,0,30
2124.0423374680836,0.9993989940355567,0.001636648056627596,0,30
2124.043726358623,1.000469657375997,0.001637970721237226,0,30
2124.0451152491332,1.0000162810645645,0.0016370293576012623,0,30
2124.0465041396437,0.9993720789423352,0.0016363386613972733,0,30
2124.0478930301542,1.000239595666362,0.0016383099100823206,0,30
2124.0492819206934,1.000059183869836,0.0016371369297392125,0,30
2124.050670811204,0.9988320903009444,0.0016373464877123432,0,30
2124.0520597017144,0.9982700268828244,0.001635350315522631,0,30
2124.053448592225,1.0036467384480714,0.0016383878318440314,0,30
2124.0548374827354,0.9989547849902078,0.001635457601183516,0,30
2124.0562263732745,0.9982257306531083,0.0016354074676971212,0,30
2124.057615263785,1.0005512827132057,0.0016360782537450849,0,30
2124.0590041542955,1.0014443211060093,0.00163764714539218,0,30
2124.0603930448056,0.9999819588203473,0.0016360315579834713,0,30
2124.061781935316,1.002163621471996,0.001637754144576,0,30
2124.0631708258265,1.0012586289642191,0.0016376040305938805,0,30
2124.064559716337,0.9988897340700784,0.0016352421704305506,0,30
2124.0659486068475,0.9972895694406472,0.0016351536490174304,0,30
2124.067337497358,0.9992553979796226,0.0016368186537198712,0,30
2124.0687263878986,0.9976029432644502,0.0016362557262869228,0,30
2124.070115278409,1.0008219737461233,0.0016370156067021368,0,30
2124.0715041689195,0.9986620191805609,0.0016362952601219085,0,30
2124.0728930594296,1.0019824762941834,0.0016370913798858596,0,30
2124.07428194994,0.9991216292329301,0.0016367933004996086,0,30
2124.0756708404506,1.0002969460829811,0.0016375112120247835,0,30
2124.0770597309606,1.0011973916267805,0.0016377849408604997,0,30
2124.078448621442,1.0019623816469279,0.0016371674395466473,0,30
2124.0798375119525,0.9975549801283007,0.0016357794581661712,0,30
2124.081226402463,1.0020241323512673,0.001638702813377124,0,30
2124.0826152929735,0.998890687465751,0.0016378499711542805,0,30
2124.0840041834836,1.0016066917228827,0.001637456781382412,0,30
2124.085393073994,1.0010693432541242,0.0016368276777474224,0,30
2124.0867819645046,1.0008015124082246,0.0016378774729525316,0,30
2124.0881708550146,0.9986667128207957,0.0016363938082323076,0,30
2124.089559745525,0.9990834200678935,0.001635949625542849,0,30
2124.0909486360065,1.0022052041909513,0.001637688254851024,0,30
2124.092337526517,1.0003741711324698,0.0016373854485931987,0,30
2124.0937264170275,1.0013463413661075,0.001637318412959962,0,30
2124.0951153075375,1.0005051530302729,0.0016380091091639513,0,30
2124.096504198048,0.9993024810582282,0.0016368421448392106,0,30
2124.097893088529,1.0021103779905822,0.0016383600435687154,0,30
2124.0992819790395,0.9989492846305578,0.0016364303340581096,0,30
2124.100670869551,0.9961202663171469,0.0016352917309628153,0,30
2124.1020597600323,0.9966324598077719,0.0016348488374201494,0,30
2124.103448650542,1.0003557632621738,0.0016365244417739994,0,30
2124.104837541052,0.9987521517406952,0.001636621271022008,0,30
2124.1062264315333,0.9989568384578106,0.0016359268506161723,0,30
2124.107615322044,1.000918706737838,0.0016373904619418381,0,30
2124.109004212554,1.0006898917763902,0.0016374572110980097,0,30
2124.110393103035,1.0014759298394658,0.0016373005081433926,0,30
2124.1117819935457,1.0016710092617256,0.0016343556671525562,0,30
2124.113170884056,0.9994925001496098,0.001636716238169093,0,30
2124.1145597745376,0.9977414056513775,0.0016352461811094622,0,30
2124.1159486650477,1.0006636367263269,0.0016369309527293958,0,30
2124.117337555529,0.9977711809316172,0.001635980565065881,0,30
2124.1187264460395,0.9995944401484599,0.0016353653555685494,0,30
2124.1201153365205,1.0013838171498575,0.0016385588586519044,0,30
2124.121504227031,0.9993521309713371,0.0016355259259635457,0,30
2124.1228931175124,0.9998311756278038,0.0016365406277281784,0,30
2124.124282008023,0.999589306479453,0.0016361551728370678,0,30
2124.1256708985043,0.9986828472091028,0.0016372170000789118,0,30
2124.1270597890143,0.9978591866860201,0.0016353424374033402,0,30
2124.1284486794957,1.0021023841345573,0.0016371909306659865,0,30
2124.129837570006,1.001446814602384,0.0016387929104141022,0,30
2124.131226460487,1.0010887778582216,0.0016371811904457726,0,30
2124.1326153509976,0.999957243870986,0.0016366572238936798,0,30
2124.13400424148,0.9986036420301402,0.001635804095193771,0,30
2124.135393131962,1.0004066599234702,0.0016376302432453383,0,30
2124.136782022472,0.9984389245931494,0.0016360508951853666,0,30
2124.1381709129532,0.9962932709626774,0.0016363731818836195,0,30
2124.1395598034346,0.9995954668822612,0.0016373626736665222,0,30
2124.140948693945,0.999769058232821,0.0016361323979103913,0,30
2124.1423375844265,0.9989371838393273,0.0016363574256450383,0,30
2124.1437264749075,0.9992438105552929,0.0016362700501401785,0,30
2124.145115365389,0.9997978067792592,0.0016365204310950878,0,30
2124.1465042558993,0.9997425098302428,0.0016364766001041255,0,30
2124.1478931463803,1.0010290072833563,0.0016378589951818315,0,30
2124.1492820368617,0.9948880390792486,0.0016346770944196138,0,30
2124.150670927343,1.0010346543192639,0.0016375024744742976,0,30
2124.1520598178536,1.0010579758441804,0.0016369604598671025,0,30
2124.153448708335,1.0018634485113533,0.0016380208547236209,0,30
2124.154837598816,0.9991676855777343,0.0016360083533411972,0,30
2124.1562264892973,0.9993783126832719,0.0016363362263422197,0,30
2124.1576153797787,0.9996693917159597,0.00163667684757264,0,30
2124.1590042702596,1.0001360422286811,0.0016357658505055785,0,30
2124.16039316077,1.0025487933237662,0.001637554040346018,0,30
2124.1617820512515,1.0004165605708406,0.0016369687677019909,0,30
2124.163170941733,1.0058994657464002,0.0016399289352158107,0,30
2124.1645598322143,1.001481650213502,0.0016382272614490353,0,30
2124.1659487226952,0.9991543380383165,0.0016359281397629653,0,30
2124.167337613177,0.9991298431033411,0.0016358022330928478,0,30
2124.1687265036594,0.9988015816394181,0.0016359809947814787,0,30
2124.170115394141,1.0013761899844758,0.0016360211015705947,0,30
2124.1715042846213,0.999208534915403,0.0016378774729525316,0,30
2124.1728931751018,0.9991761194625313,0.001636580161563164,0,30
2124.174282065583,0.9991891736494344,0.0016364488118288095,0,30
2124.1756709560646,0.9970439600477343,0.0016348718988238912,0,30
2124.1770598465455,1.0002488362705744,0.0016365482193704038,0,30
2124.178448737027,0.9962231597116696,0.0016350234451913363,0,30
2124.179837627508,1.0002497163281183,0.001636708503288335,0,30
2124.181226517989,1.002267834952835,0.0016380381865860603,0,30
2124.1826154084706,1.0018822230722926,0.0016378387985487412,0,30
2124.184004298923,1.0016963109161163,0.001637562491419439,0,30
2124.1853931894043,0.9987977680567274,0.0016358095382580083,0,30
2124.1867820798852,0.9985916879151672,0.0016354924081469274,0,30
2124.1881709703666,0.9979290779226417,0.001635957646900672,0,30
2124.189559860848,1.001464562429522,0.0016374477573548609,0,30
2124.190948751329,0.9991871935199603,0.001636776398352767,0,30
2124.1923376417813,0.9995238155305515,0.0016363369425348826,0,30
2124.1937265322626,0.9977634804281069,0.0016355307960736526,0,30
2124.195115422744,1.0020391666676445,0.0016373489227673966,0,30
2124.1965043132254,0.9973905560438245,0.0016358930463224888,0,30
2124.1978932037064,1.0003122004137444,0.0016377598741173023,0,30
2124.1992820941587,1.000099299826218,0.0016365996420035919,0,30
2124.2006709846405,0.9992289229151731,0.0016366867310313863,0,30
2124.202059875123,0.9962714895384627,0.001634079073546189,0,30
2124.2034487655746,1.000468997332839,0.0016368919918485403,0,30
2124.204837656056,0.9983208502059921,0.0016357594047716132,0,30
2124.2062265465374,1.0004846916923742,0.0016366837230222028,0,30
2124.2076154369893,1.0016510612907277,0.001637634540401315,0,30
2124.2090043274707,0.9989402640407314,0.0016356326386703006,0,30
2124.210393217952,1.0020924101490583,0.001638571320404237,0,30
2124.2117821084043,1.0007752573581612,0.001638362192146704,0,30
2124.2131709988857,1.0017442007141373,0.0016377081650070493,0,30
2124.2145598893376,0.9985303039014711,0.0016361190767268635,0,30
2124.215948779819,0.999419308697198,0.0016365215770033483,0,30
2124.2173376702713,1.0008239538755974,0.0016378754676130757,0,30
2124.218726560752,1.0039472047612286,0.001639112618818769,0,30
2124.2201154512045,1.0038388843451844,0.0016386592688632268,0,30
2124.221504341686,0.9994070612297102,0.001636937684940426,0,30
2124.222893232138,1.0000546369058585,0.0016360087830567947,0,30
2124.2242821226196,0.9982308643221152,0.0016360789699377478,0,30
2124.2256710130714,0.9984226435285849,0.0016357833256065504,0,30
2124.227059903553,0.9994526775457424,0.0016365344684712785,0,30
2124.228448794005,1.0005336815623251,0.0016371595614273564,0,30
2124.229837684486,1.0003622170174966,0.0016373884566023825,0,30
2124.2312265749383,1.001938180064467,0.0016380940496137574,0,30
2124.2326154653906,1.0012918511365063,0.0016374082235198753,0,30
2124.234004355873,0.9988841603722995,0.0016365022398014532,0,30
2124.235393246325,0.9974530401294506,0.001635436258642165,0,30
2124.2367821368066,0.9996444567522121,0.0016383391307429622,0,30
2124.238171027259,0.9992504109868731,0.0016363703171129683,0,30
2124.239559917711,0.9992548846127218,0.0016361752262316258,0,30
2124.2409488081635,0.9994597913442234,0.0016369159126834773,0,30
2124.2423376986444,0.998045832223483,0.0016362196301767185,0,30
2124.2437265890962,0.9998975466342492,0.0016363942379479053,0,30
2124.2451154795476,1.0013478814668095,0.0016387401986341214,0,30
2124.246504370029,0.9994566378046906,0.0016370535649132645,0,30
2124.247893260481,1.0018800229284326,0.001637761592979693,0,30
2124.249282150933,1.001572516154923,0.0016376356863095755,0,30
2124.2506710413854,0.9974338988778679,0.0016353700824401239,0,30
2124.2520599318373,0.9978866151461424,0.0016355428281103874,0,30
2124.2534488223187,1.0006023260507593,0.0016366456215725425,0,30
2124.254837712771,0.9981905283513471,0.0016359991860751134,0,30
2124.2562266032232,1.000910052838655,0.0016364791783977115,0,30
2124.2576154936755,0.9987440845465415,0.0016364849079390138,0,30
2124.2590043841274,0.998024344151783,0.0016358122597901269,0,30
2124.2603932745797,1.0015956910035824,0.001638063826283388,0,30
2124.2617821650315,0.9989738529036618,0.0016363041409109271,0,30
2124.263171055484,1.000880130882158,0.0016376475751077777,0,30
2124.264559945936,1.0007545026677478,0.001636760212398588,0,30
2124.2659488364175,0.9992682321521397,0.0016357906307717107,0,30
2124.2673377268707,0.9991376902831086,0.001636756344958209,0,30
2124.268726617323,0.99857775367072,0.001638460740257103,0,30
2124.2701155077752,0.9968086179928352,0.0016357975062212735,0,30
2124.2715043982275,0.9982901948682085,0.0016370983985739547,0,30
2124.27289328868,1.0010615694124854,0.00163831492343096,0,30
2124.2742821791317,0.9998080741172729,0.001635903645973898,0,30
2124.275671069555,1.000317847449652,0.0016371029822069966,0,30
2124.277059960007,0.9996931532696485,0.0016360801158460082,0,30
2124.278448850459,1.0025809154241232,0.0016391538715161455,0,30
2124.2798377409113,0.9986938479284032,0.0016347628943006154,0,30
2124.2812266313636,0.9991917404839378,0.0016356019856243334,0,30
2124.282615521816,0.9987715863447925,0.0016363463962780313,0,30
2124.284004412268,0.9985742334405439,0.0016357691449918272,0,30
2124.28539330272,0.9989156957676273,0.0016358482126617986,0,30
2124.2867821931723,0.9994722588260971,0.0016362880981952807,0,30
2124.2881710835954,0.9997564440746899,0.0016368513121052942,0,30
2124.2895599740473,1.0002064468322036,0.001636953870894605,0,30
2124.2909488644996,1.0008595962061306,0.0016369954100690465,0,30
2124.292337754952,1.0015854970036975,0.0016369136208669564,0,30
2124.293726645404,0.9970848827235317,0.0016355408227709317,0,30
2124.2951155358273,0.9999028269795134,0.001638502136193012,0,30
2124.296504426279,0.9979556996633486,0.0016356677321107769,0,30
2124.2978933167315,1.0013303536540576,0.0016376364025022382,0,30
2124.2992822071546,0.9989239829761669,0.0016358662607169007,0,30
2124.3006710976074,0.9996758454712825,0.0016366870175084515,0,30
2124.30205998806,0.9998649845051202,0.0016362451266355136,0,30
2124.3034488784833,1.0023599476424432,0.0016370262063535462,0,30
2124.3048377689356,1.0028975894637164,0.0016379374898976727,0,30
2124.3062266593874,0.9972507002324525,0.0016353862683943028,0,30
2124.3076155498106,1.0010598092973972,0.0016360599192129176,0,30
2124.309004440263,1.0014746830912784,0.001637589277025027,0,30
2124.310393330715,1.0005545829289957,0.0016364698678930953,0,30
2124.3117822211384,0.9986535119576352,0.0016357952144047526,0,30
2124.3131711115902,0.9998661579151789,0.0016365896153063128,0,30
2124.3145600020134,0.999828242102657,0.0016364519630765258,0,30
2124.3159488924653,0.9995062143796709,0.0016358368968177265,0,30
2124.3173377828875,1.0023809223472426,0.0016378250476496157,0,30
2124.3187266733394,1.0022973168805598,0.0016382371449077818,0,30
2124.3201155637626,1.0006686237190763,0.0016370730453536921,0,30
2124.321504454215,1.0021752822344543,0.0016388050856893696,0,30
2124.3228933446376,0.9978971758366707,0.001635224265613981,0,30
2124.32428223509,0.9997544639452158,0.0016367115112975188,0,30
2124.325671125513,0.9996955000897658,0.0016362050198463977,0,30
2124.3270600159653,0.9996696850684743,0.0016363307832779827,0,30
2124.3284489063885,0.9975603338116935,0.001636114063378224,0,30
2124.3298377968113,0.9986062088646436,0.0016358910409830332,0,30
2124.3312266872636,0.9998693114547117,0.0016366386028844472,0,30
2124.3326155776867,0.9994053011146222,0.0016362732013878948,0,30
2124.3340044681395,0.9983382313424867,0.0016357907740102433,0,30
2124.335393358563,1.000023908229946,0.0016386230295144899,0,30
2124.3367822489863,0.9983205568534774,0.001636392089369917,0,30
2124.3381711394386,0.9986597456985721,0.001635802519569913,0,30
2124.3395600298613,1.0010103060605455,0.0016370067259131183,0,30
2124.3409489202845,1.0005146136488712,0.0016370422490691924,0,30
2124.3423378107077,0.9992901602526117,0.001635782466175355,0,30
2124.34372670116,1.0014553218253097,0.0016384991281838282,0,30
2124.345115591583,1.0019694954454088,0.0016382440203573444,0,30
2124.346504482006,0.9988906141276225,0.0016363148838008687,0,30
2124.347893372429,0.9997920864052231,0.0016369186342155958,0,30
2124.3492822628523,1.0008518957026202,0.0016371489617759472,0,30
2124.350671153304,0.9977941357658906,0.0016362896738191387,0,30
2124.3520600437273,0.9976445993215343,0.0016354106189448373,0,30
2124.3534489341505,1.0022628479600852,0.0016390066223046771,0,30
2124.3548378245737,0.9978035230463602,0.0016367832738023297,0,30
2124.3562267149964,1.000292105766489,0.001637423836519924,0,30
2124.3576156054196,0.9989323435228351,0.001637041389637997,0,30
2124.359004495843,1.0014699161129148,0.001636951579078084,0,30
2124.3603933862946,0.9990297365577078,0.0016363293508926571,0,30
2124.361782276718,0.997645112688435,0.0016354523013578114,0,30
2124.363171167141,0.9985975549654607,0.0016372029627027213,0,30
2124.364560057564,1.001048148534939,0.0016388483437262018,0,30
2124.3659489479874,1.000590445273915,0.0016380248654025325,0,30
2124.3673378384105,1.0016951375060577,0.0016364953643518904,0,30
2124.3687267288346,1.0002166408320885,0.00163570096345033,0,30
2124.370115619258,0.9988478579986083,0.0016372588257304184,0,30
2124.371504509681,1.0003502629025236,0.001636152881020547,0,30
2124.3728934001037,0.9998210549660473,0.0016369243637568982,0,30
2124.374282290527,1.0006705305104215,0.001637239918244121,0,30
2124.37567118095,1.0010333342329476,0.0016365010938931928,0,30
2124.3770600713437,1.000624547503746,0.0016366545023615612,0,30
2124.378448961767,0.9971057840902023,0.0016339524506834087,0,30
2124.37983785219,1.0015953976510676,0.0016374368712263865,0,30
2124.3812267426133,1.0001258482287962,0.0016361394165984866,0,30
2124.3826156330365,1.0030775612314704,0.0016385681691565206,0,30
2124.384004523459,0.9972199715565402,0.0016355903833031962,0,30
2124.3853934138824,0.9998949797997458,0.0016364727326637464,0,30
2124.3867823042765,0.9990154356226173,0.001636408848278226,0,30
2124.388171194699,0.996955147573916,0.0016350990751365262,0,30
2124.3895600851224,0.9984506586937365,0.001635603704486724,0,30
2124.3909489755447,0.9996060275727896,0.0016364065564617052,0,30
2124.3923378659674,1.0016263463413662,0.0016382576280179373,0,30
2124.393726756361,1.002695102890461,0.001637681092924396,0,30
2124.3951156467842,1.0005396952888759,0.0016374815616485444,0,30
2124.3965045372074,0.9992526844688618,0.0016364827593610253,0,30
2124.3978934276015,1.0001599504586274,0.0016370166093718649,0,30
2124.3992823180247,0.9991660721389036,0.0016365676998108317,0,30
2124.400671208448,1.0009013256013433,0.001637058578261904,0,30
2124.402060098843,0.9995237421924228,0.0016367289863984907,0,30
2124.403448989266,0.9971151713706721,0.001634696145144444,0,30
2124.4048378796892,1.005057324014893,0.0016396711058572083,0,30
2124.406226770083,0.9982414983507721,0.001636107044690129,0,30
2124.407615660506,1.0003274547445076,0.0016384663265598726,0,30
2124.4090045509,0.998896701192302,0.001636303138241199,0,30
2124.410393441323,1.0008895181626276,0.0016372887625837227,0,30
2124.411782331746,1.0021557009540998,0.0016376070386030642,0,30
2124.41317122214,1.0013884374519635,0.0016370800640417875,0,30
2124.4145601125633,0.9994737255886705,0.0016357853309460061,0,30
2124.4159490029574,1.0017842433323907,0.0016376309594380012,0,30
2124.41733789338,0.9997938465203111,0.0016363853571588869,0,30
2124.418726783774,1.0006128867412878,0.0016367264081049047,0,30
2124.4201156741974,0.9970496070836419,0.0016349491043929393,0,30
2124.421504564591,1.000743575286576,0.0016366323003890147,0,30
2124.422893455014,0.9973111308504758,0.001635525496247948,0,30
2124.4242823454083,1.0016479077511948,0.0016380297355126393,0,30
2124.4256712358024,1.0005770243963685,0.0016371531156933914,0,30
2124.4270601262256,1.001244034676614,0.001636801894811562,0,30
2124.428449016619,1.0006185337771953,0.0016361478676719075,0,30
2124.4298379070424,0.9970294390982578,0.001634757164759313,0,30
2124.4312267974365,0.9984847609235676,0.001637368259969292,0,30
2124.43261568783,1.0019870965962894,0.0016377895244935417,0,30
2124.434004578254,1.0004337950310778,0.0016362723419566993,0,30
2124.4353934686487,1.0000412893664408,0.0016364970832142812,0,30
2124.436782359043,0.9978627802543248,0.001635496991779969,0,30
2124.4381712494364,0.9996803924352601,0.0016355497035599501,0,30
2124.4395601398596,1.0024455332386,0.0016374494762172516,0,30
2124.4409490302537,0.9999114808786964,0.0016374109450519939,0,30
2124.442337920648,0.9991225092904742,0.0016352215440818623,0,30
2124.443726811042,0.9991065215784243,0.0016366639561047097,0,30
2124.4451157014646,1.0016506946000843,0.0016364998047463998,0,30
2124.4465045918587,1.0012966914529984,0.001637315261712246,0,30
2124.4478934822523,0.998937917220614,0.001635668734780505,0,30
2124.4492823726464,1.0011728233536763,0.0016383528816420877,0,30
2124.4506712630405,1.0009635896725835,0.0016385216166334396,0,30
2124.4520601534346,1.0010656763476908,0.0016372187189413025,0,30
2124.4534490438577,1.000129661811487,0.0016370628754178807,0,30
2124.4548379342514,0.9999950863453791,0.0016368538903988802,0,30
2124.4562268246455,0.9996621312412214,0.0016364539684159815,0,30
2124.4576157150395,0.9987658659707562,0.001636158037607719,0,30
2124.459004605433,0.9981911150563765,0.0016363595742230265,0,30
2124.4603934958272,0.9969715753147379,0.0016358500747627217,0,30
2124.4617823862213,1.0001663308758215,0.0016362342405070393,0,30
2124.4631712766154,0.9971848425929076,0.0016351335956228724,0,30
2124.4645601670095,0.9993802194746174,0.0016372271700147234,0,30
2124.465949057403,1.0012298804177808,0.0016377422557777978,0,30
2124.467337947797,1.000984931068026,0.0016374566381438793,0,30
2124.4687268381913,1.0019516742801422,0.0016384325222661893,0,30
2124.470115728585,1.0017940706416324,0.001638820125735288,0,30
2124.471504618979,0.9997208017441567,0.001636753766664623,0,30
2124.472893509373,0.9991654854338743,0.001635598834376617,0,30
2124.474282399767,0.9987630791218669,0.0016365200013794903,0,30
2124.4756712901612,1.0001636907031894,0.0016374259850979122,0,30
2124.477060180555,0.998416189773262,0.0016362545803786624,0,30
2124.47844907092,1.0007752573581612,0.001637587987878234,0,30
2124.479837961314,1.0002279349039036,0.0016362014388830838,0,30
2124.4812268517076,0.9978726809016952,0.001636819369912534,0,30
2124.4826157421016,1.0000158410357924,0.001636726551343437,0,30
2124.4840046324957,1.0006246208418748,0.0016380943360908226,0,30
2124.4853935228607,1.0009652764495427,0.0016365805912787617,0,30
2124.486782413255,0.9970191717602441,0.0016352043554579555,0,30
2124.4881713036484,1.000989624708261,0.0016370804937573852,0,30
2124.4895601940425,1.0026046036396834,0.001637622938080178,0,30
2124.4909490844366,0.9997758053406586,0.0016366169738660312,0,30
2124.492337974801,1.0001955927891606,0.0016366062309760895,0,30
2124.493726865195,0.9997356893842766,0.0016366746989946515,0,30
2124.4951157555893,1.0002796382846153,0.0016377753438788184,0,30
2124.4965046459542,0.9997273288376083,0.0016371425160419822,0,30
2124.4978935363483,0.9994636782650428,0.0016373745624647244,0,30
2124.499282426742,0.999259724929214,0.0016373993427308566,0,30
2124.5006713171074,1.0000013934244447,0.001637480702217349,0,30
2124.5020602075024,0.9975285050638512,0.001635539390385606,0,30
2124.5034490978965,0.9990661856076563,0.0016361226576901775,0,30
2124.504837988261,0.9983088227528905,0.0016354560255596579,0,30
2124.506226878655,0.9985391778150401,0.0016348663125211214,0,30
2124.50761576902,0.9987397575969501,0.0016373626736665222,0,30
2124.5090046594137,0.9974889024743698,0.0016360508951853666,0,30
2124.5103935497787,1.0010392746213699,0.0016368215184905223,0,30
2124.5117824401727,0.9976287582857418,0.0016362668988924624,0,30
2124.5131713305377,1.0012096390942682,0.0016371238950327498,0,30
2124.514560220932,0.9997490369236943,0.0016373504983912548,0,30
2124.5159491112963,1.00121836633158,0.0016378806242002477,0,30
2124.5173380016904,1.00154567439983,0.0016377171890346004,0,30
2124.5187268920554,1.001353968531489,0.0016379708644757584,0,30
2124.520115782449,0.9994407234307694,0.0016374828507953374,0,30
2124.521504672814,1.0004263145419534,0.0016369166288761402,0,30
2124.522893563208,0.9997756586644012,0.0016367024872699677,0,30
2124.524282453573,0.9991980475630033,0.001637032365610446,0,30
2124.525671343938,0.9982996554868068,0.0016352421704305506,0,30
2124.5270602343317,1.0001873789187496,0.001636703346701163,0,30
2124.5284491246966,0.9987641058556682,0.0016370098771608347,0,30
2124.529838015061,1.0018971107124124,0.001637399915684987,0,30
2124.5312269054552,0.9997901796138777,0.0016362806497915877,0,30
2124.532615795821,0.9993050478927316,0.001636461560058207,0,30
2124.5340046861866,1.0029822216642006,0.001638396426155985,0,30
2124.5353935765806,1.0003388221544514,0.0016369028779770146,0,30
2124.536782466945,0.9998706315410277,0.001636143856992996,0,30
2124.53817135731,1.0001864988612055,0.0016370594376930994,0,30
2124.539560247675,1.000488725289451,0.001637210124629349,0,30
2124.54094913804,1.0003327350897717,0.0016363123055072827,0,30
2124.5423380284337,0.9982669466814204,0.001636312878461413,0,30
2124.5437269187987,1.0010173465208978,0.0016366989063066537,0,30
2124.5451158091632,0.9932597126084084,0.0016340252158579475,0,30
2124.5465046995273,0.9988112622724025,0.0016355181910827877,0,30
2124.547893589892,1.0012845173236393,0.0016380235762557395,0,30
2124.549282480257,1.0002867520830963,0.0016371925062898447,0,30
2124.550671370651,1.001318326200956,0.0016358686957719541,0,30
2124.5520602610154,1.0028988362119038,0.001638239007008705,0,30
2124.5534491513804,1.0021796825221745,0.0016375725181167178,0,30
2124.5548380417454,1.0001076603728862,0.0016378306339523854,0,30
2124.5562269321103,1.0008141999044844,0.0016362479914061648,0,30
2124.5576158224753,1.0008977320330386,0.0016356922258998442,0,30
2124.55900471284,1.0012610491224654,0.0016380195655768279,0,30
2124.560393603205,0.9975406058550815,0.0016357543914229738,0,30
2124.56178249357,0.9990722726723358,0.0016365666971411036,0,30
2124.5631713839343,1.0007224539055193,0.0016367882871509692,0,30
2124.5645602742993,1.0003838517654542,0.0016366996224993166,0,30
2124.565949164665,0.9974311120289785,0.0016348875118239398,0,30
2124.5673380550306,1.0004684839659383,0.0016377743412090905,0,30
2124.568726945395,0.9991406971463841,0.0016367920113528156,0,30
2124.57011583576,1.0006744907693699,0.0016373825838225475,0,30
2124.571504726125,1.0019199188704286,0.0016379250281453404,0,30
2124.57289361649,1.0013292535821277,0.0016358091085424105,0,30
2124.574282506826,1.0002223612061247,0.0016374699593274071,0,30
2124.5756713971905,0.9995361363361679,0.0016362012956445513,0,30
2124.5770602875555,0.998766159323271,0.001635988013469574,0,30
2124.5784491779204,0.9987008883887555,0.0016364026890213262,0,30
2124.579838068285,0.9967918968994987,0.0016350351907510059,0,30
2124.581226958621,1.0002321885153664,0.0016367630771692392,0,30
2124.582615848986,0.9976485595804825,0.0016349894976591202,0,30
2124.584004739351,0.9998262619731829,0.00163720625718897,0,30
2124.585393629716,1.0009161399033344,0.0016373638195747826,0,30
2124.5867825200803,0.9985781203613634,0.0016354823814496483,0,30
2124.588171410416,0.996883129531563,0.0016349574122278276,0,30
2124.589560300781,1.0012047254396474,0.0016364783189665162,0,30
2124.5909491911457,0.9982144365812933,0.00163548023287166,0,30
2124.5923380814816,1.0009599961042785,0.0016367212515177325,0,30
2124.5937269718465,0.9998659379007929,0.0016374991799880487,0,30
2124.5951158622115,0.9989591119397994,0.0016361189334883311,0,30
2124.5965047525474,0.9977722076654185,0.0016349412262736487,0,30
2124.597893642912,1.0004411288439448,0.001638191165338831,0,30
2124.5992825332773,0.9996550174427405,0.0016359696789374069,0,30
2124.600671423614,0.9989752463281065,0.001636483189076623,0,30
2124.602060313979,1.002827844903352,0.001638745498459826,0,30
2124.6034492043145,1.002476995295799,0.0016378532656405294,0,30
2124.6048380946795,1.003047712613102,0.0016389596400659984,0,30
2124.6062269850154,0.9981688936033898,0.0016351135422283144,0,30
2124.60761587538,0.9990772596650853,0.001636547216700676,0,30
2124.609004765716,0.9981025225969442,0.0016364671463609767,0,30
2124.6103936560808,0.9967564012452228,0.0016350636952189848,0,30
2124.6117825464166,1.0022178183490824,0.0016377041543281378,0,30
2124.6131714367816,1.0007851580055314,0.0016375136470798371,0,30
2124.614560327117,1.001131900677879,0.0016373447688499524,0,30
2124.615949217482,1.000636501618719,0.0016374524842264354,0,30
2124.617338107818,0.9969448068977736,0.001635571046101301,0,30
2124.6187269981824,0.9992766660369367,0.001636661950765254,0,30
2124.6201158885183,0.9974344122447687,0.0016352934498252058,0,30
2124.621504778854,0.9989313167890338,0.0016360931505524708,0,30
2124.622893669219,1.0005085999223202,0.0016376905466675448,0,30
2124.6242825595546,0.9985738667499006,0.0016370978256198246,0,30
2124.62567144989,0.9998543504764632,0.0016351005075218518,0,30
2124.627060340254,1.0018905102808322,0.0016376490074931033,0,30
2124.62844923059,0.9985630860449862,0.0016343228655286007,0,30
2124.6298381209253,1.0007259741356955,0.0016381132435771201,0,30
2124.6312270112903,1.0007656500633055,0.0016373686896848894,0,30
2124.6326159016267,0.9989712127310297,0.0016379029694113265,0,30
2124.6340047919634,1.0004269012469829,0.001636795162600532,0,30
2124.635393682299,0.9998848591379895,0.0016368583307933896,0,30
2124.636782572664,0.9974871423592817,0.0016349791844847761,0,30
2124.6381714629997,1.002092703501573,0.0016379751616317352,0,30
2124.639560353335,0.9994369831862072,0.0016368411421694826,0,30
2124.640949243671,1.003392841846619,0.0016385769067070064,0,30
2124.642338134007,0.9986992749499247,0.001635670023927298,0,30
2124.6437270243428,1.000021268057314,0.0016370623024637503,0,30
2124.6451159147077,0.9986268902169283,0.0016368170780960132,0,30
2124.646504805043,1.0018686555184888,0.0016379412140995193,0,30
2124.647893695379,1.0017272596064148,0.00163874292016624,0,30
2124.649282585715,0.9981308311146104,0.0016353975842383747,0,30
2124.6506714760503,1.000089325840719,0.0016370890880693385,0,30
2124.652060366386,0.9977668539820257,0.00163693510664684,0,30
2124.653449256722,1.0021892164789015,0.001637762882126486,0,30
2124.654838147058,1.0011987117130965,0.0016379074098058358,0,30
2124.656227037394,1.0014663958827388,0.0016378287718514621,0,30
2124.6576159277292,0.9991871201818316,0.0016355431145874525,0,30
2124.659004818065,0.9969266190418637,0.0016354805193487252,0,30
2124.660393708401,0.996623585894203,0.0016357362001293391,0,30
2124.6617825987364,1.0011354209080552,0.0016374633703549095,0,30
2124.6631714890723,0.9998000069231193,0.0016370234848214276,0,30
2124.664560379408,1.000140955883302,0.001638320796210795,0,30
2124.665949269745,0.998627843612601,0.0016360120775430437,0,30
2124.667338160081,0.9996847193848515,0.0016389136604970478,0,30
2124.6687270503876,1.0008310676740784,0.0016364866268014045,0,30
2124.6701159407235,0.999439696696968,0.0016365125529757972,0,30
2124.6715048310593,0.9966797629007635,0.0016350059700903643,0,30
2124.672893721395,1.000050089941881,0.0016368905594632147,0,30
2124.6742826117306,1.0026854222574766,0.0016380482132833391,0,30
2124.6756715020665,1.000312493766259,0.0016363790546634542,0,30
2124.6770603923733,0.9998668912964656,0.001637975877824398,0,30
2124.6784492827087,1.0014181393940744,0.0016374479005933935,0,30
2124.6798381730446,0.9965091050753505,0.0016354130539998908,0,30
2124.6812270633804,0.9995186818615447,0.0016364364933150095,0,30
2124.682615953687,0.9977793948020282,0.0016370269225462089,0,30
2124.684004844023,0.9990424240539675,0.0016364306205351748,0,30
2124.6853937343585,1.0007753306962899,0.0016372393452899908,0,30
2124.6867826246944,0.997074395371132,0.001634936929117672,0,30
2124.688171515001,1.0001552568183925,0.0016366090957467406,0,30
2124.6895604053366,0.9991711324697817,0.0016375417218322183,0,30
2124.6909492956725,1.0014591354080005,0.001637246363978086,0,30
2124.692338185979,0.9979194706277861,0.0016363674523423171,0,30
2124.693727076315,1.0011382810950733,0.0016369640408304164,0,30
2124.695115966622,0.9968826895027909,0.001635032898934485,0,30
2124.6965048569573,0.9998669646345942,0.0016373825838225475,0,30
2124.697893747293,1.00127953033089,0.0016374924477770187,0,30
2124.6992826376004,1.0012017919145006,0.0016369498602156933,0,30
2124.700671527937,0.9990648655213402,0.0016359765543869694,0,30
2124.7020604182435,1.0032154369133683,0.0016380626803751274,0,30
2124.7034493085794,0.9998936597134298,0.0016364197344067005,0,30
2124.704838198886,0.9967146718500101,0.0016344577962262693,0,30
2124.7062270892216,0.998999961277468,0.0016367690931876067,0,30
2124.7076159795274,0.9982814676308969,0.0016372115570146746,0,30
2124.709004869863,0.999982692201634,0.001637224018767007,0,30
2124.710393760169,1.0008999321768985,0.0016377581552549116,0,30
2124.711782650505,0.9989713594072871,0.0016374533436576306,0,30
2124.713171540812,0.99895852523477,0.00163556818133065,0,30
2124.7145604311186,1.002045693761096,0.0016380558049255648,0,30
2124.7159493214544,0.9981549593589426,0.0016363796276175845,0,30
2124.7173382117608,0.9988504248331117,0.0016354975647340994,0,30
2124.7187271020675,0.9997953132828845,0.0016356690212575699,0,30
2124.7201159924034,0.9984267504637904,0.0016368531742062173,0,30
2124.7215048827097,1.0019330463954603,0.0016380187061456324,0,30
2124.7228937730165,0.9997436099021728,0.001636928660912875,0,30
2124.7242826633524,1.0002753846731525,0.0016377749141632209,0,30
2124.725671553659,1.003153026165871,0.001639434905517022,0,30
2124.727060443966,1.0009045524790048,0.001637332020620555,0,30
2124.7284493343013,0.9965053648307884,0.0016358747117903216,0,30
2124.729838224608,0.9994070612297102,0.0016363943811864379,0,30
2124.731227114915,1.0011734833968344,0.0016380947658064201,0,30
2124.732616005222,1.0020223722361792,0.0016387757217901954,0,30
2124.7340048955293,0.997595682789712,0.0016353468777978496,0,30
2124.735393785865,1.0002293283283483,0.0016371768932897958,0,30
2124.736782676172,1.0008408216451914,0.001637000423417686,0,30
2124.7381715664783,1.0001455028472794,0.0016367553422884811,0,30
2124.739560456785,0.9990361903130306,0.0016370638780876085,0,30
2124.740949347092,1.0007618364806148,0.001637063448372011,0,30
2124.7423382373986,0.9984211034278828,0.001635838042725987,0,30
2124.7437271277054,1.0001446961278642,0.0016365267335905203,0,30
2124.7451160180117,1.0008675900621555,0.0016378518332552038,0,30
2124.7465049083185,0.9968221855466389,0.0016358142651295825,0,30
2124.7478937986543,1.0015217661698839,0.0016371773230053936,0,30
2124.7492826889606,0.9997914263620651,0.0016367242595269162,0,30
2124.7506715792674,0.9998341824910791,0.0016377372424291583,0,30
2124.752060469574,0.9991734059517705,0.0016363965297644262,0,30
2124.753449359881,0.9974572937409134,0.001635512604780018,0,30
2124.7548382501877,1.0012044320871327,0.0016384044475138081,0,30
2124.756227140465,1.0002730378530351,0.0016375908526488853,0,30
2124.7576160307717,0.9986522652094478,0.0016367196758938745,0,30
2124.7590049210785,1.0018543545833984,0.001637837222924883,0,30
2124.760393811385,1.000488505275065,0.0016376120519517037,0,30
2124.7617827016916,0.9975187510927381,0.0016358417669278336,0,30
2124.7631715919983,0.9983418982489202,0.001635326108210629,0,30
2124.764560482305,0.9984705333266057,0.0016362512858924135,0,30
2124.7659493726123,1.0023146980170543,0.001638037900108995,0,30
2124.7673382629196,1.0010854776424314,0.0016359874405154438,0,30
2124.7687271531972,0.9978562531608733,0.0016360143693595645,0,30
2124.770116043504,1.0000306553377838,0.0016367219677103954,0,30
2124.771504933811,0.9988647991063309,0.001635593677789445,0,30
2124.772893824117,0.997826624556891,0.0016360331336073295,0,30
2124.774282714424,1.0007268541932395,0.0016368948566191914,0,30
2124.7756716047015,1.0021810026084905,0.0016398093310411256,0,30
2124.777060495008,1.0008774173713972,0.0016375657859056876,0,30
2124.7784493853146,1.000239595666362,0.0016375180874743463,0,30
2124.7798382756214,1.0012445480435148,0.0016374046425565612,0,30
2124.781227165899,0.9997428765208861,0.0016377363829979629,0,30
2124.782616056206,1.0017180190022026,0.0016381444695772174,0,30
2124.784004946512,1.003117310497209,0.0016391078919471948,0,30
2124.78539383679,1.0008544625371238,0.0016373466309508758,0,30
2124.7867827270966,1.0001287084158144,0.0016364655707371185,0,30
2124.788171617374,1.0007729838761723,0.0016376859630345029,0,30
2124.7895605076806,1.002817650903467,0.0016382193833297447,0,30
2124.7909493979873,0.9991505977937544,0.0016362391106171461,0,30
2124.792338288264,1.0004437690165768,0.0016378499711542805,0,30
2124.79372717857,0.99797491425306,0.0016361802395802654,0,30
2124.7951160688476,0.9995909932564124,0.001636039722579827,0,30
2124.7965049591544,1.0010870910812621,0.0016374110882905264,0,30
2124.797893849432,1.0016198925860433,0.0016371359270694846,0,30
2124.799282739739,1.0019990507112626,0.0016371847714090866,0,30
2124.8006716300174,1.0021713953136349,0.0016375319816120044,0,30
2124.802060520324,1.0011324873829084,0.001637692408768468,0,30
2124.803449410602,1.0011716499436176,0.0016368947133806589,0,30
2124.804838300908,0.9994869997899596,0.001637736669475028,0,30
2124.806227191186,0.9979200573328154,0.0016356100069821566,0,30
2124.8076160814926,1.0025527535827143,0.0016372138488311956,0,30
2124.80900497177,0.9996551641189979,0.0016355077346699109,0,30
2124.8103938620475,1.000257123479114,0.001636238537663016,0,30
2124.8117827523542,0.998396901845422,0.0016351366036320562,0,30
2124.813171642632,0.998608335670375,0.001636025541965104,0,30
2124.8145605329096,1.000396099232942,0.0016368670683438754,0,30
2124.815949423216,0.9988043684883076,0.0016367178137929512,0,30
2124.8173383134936,0.9986593056698001,0.0016347979877410917,0,30
2124.8187272037712,1.0004013062400774,0.0016375574780707995,0,30
2124.8201160940775,0.9974881690930831,0.0016354418449449348,0,30
2124.821504984355,0.9977727943704479,0.001635730757065102,0,30
2124.822893874633,1.0001873789187496,0.0016364953643518904,0,30
2124.8242827649105,0.9997414097583127,0.0016365520868107828,0,30
2124.8256716552173,1.0004901187138957,0.0016378360770166226,0,30
2124.8270605454945,1.000549009231217,0.0016377497041814907,0,30
2124.828449435772,1.003536437902553,0.001638786894395735,0,30
2124.82983832605,1.0003159406583064,0.0016380685531549623,0,30
2124.831227216327,1.000306113349065,0.0016373231398315365,0,30
2124.8326161066057,1.0001139674519517,0.0016375898499791572,0,30
2124.834004996913,1.00090535919842,0.0016374049290336264,0,30
2124.8353938871905,0.9991036613914062,0.001636536187333669,0,30
2124.8367827774678,1.001931799647273,0.0016381238432285293,0,30
2124.8381716677454,0.9960303537713986,0.001634539298951294,0,30
2124.839560558023,0.9991368102255647,0.0016369782214451397,0,30
2124.8409494483008,1.0005242209437268,0.0016373536496389711,0,30
2124.8423383385784,0.9963814233933376,0.001635274399100376,0,30
2124.8437272288556,0.9977064967021311,0.0016347876745667477,0,30
2124.8451161191333,0.997647972875453,0.0016348015687044056,0,30
2124.846505009411,0.9988115556249171,0.0016352682398434759,0,30
2124.847893899688,1.0025712347911389,0.0016386495286430129,0,30
2124.849282789966,1.0014672759402827,0.0016371034119225943,0,30
2124.8506716802435,0.9998632243900322,0.0016372470801707488,0,30
2124.852060570521,1.0022570542479203,0.0016383462926695901,0,30
2124.853449460799,1.0015824168022933,0.0016376982815483028,0,30
2124.854838351076,0.9991393037219394,0.0016361391301214214,0,30
2124.8562272413537,1.0017093651030196,0.0016373323070976201,0,30
2124.8576161316314,0.9983572992559406,0.0016359181130656862,0,30
2124.8590050218795,0.9991695923690797,0.001636867211582408,0,30
2124.860393912157,1.0004520562251165,0.0016376805199702657,0,30
2124.861782802435,1.0013484681718388,0.0016372909111617112,0,30
2124.8631716927125,1.002686008962506,0.0016383518789723597,0,30
2124.86456058299,0.998557805699722,0.0016362865225714226,0,30
2124.8659494732387,1.0020569144947824,0.001638827574138981,0,30
2124.8673383635173,1.000525761044429,0.0016364750244802673,0,30
2124.868727253795,1.0010183732546991,0.0016375636373276994,0,30
2124.8701161440727,0.9990290765145498,0.001636668396499219,0,30
2124.87150503435,1.000485351735532,0.0016374183934556867,0,30
2124.8728939245984,1.0008781507526838,0.0016378300609982551,0,30
2124.874282814876,1.0001457961997942,0.0016370812099500479,0,30
2124.8756717051533,0.9946171280319449,0.0016341620086565394,0,30
2124.877060595402,1.0006339347842157,0.0016370378086746832,0,30
2124.8784494856795,0.9995360629980392,0.001636776398352767,0,30
2124.8798383759563,0.9983218036016648,0.001636000618460439,0,30
2124.881227266204,0.9997562240603038,0.0016362706230943088,0,30
2124.8826161564816,0.9986474982310843,0.0016372665606111765,0,30
2124.88400504673,1.0013298402871569,0.0016373704085472802,0,30
2124.885393937008,1.0031391652595525,0.0016390359862038513,0,30
2124.886782827285,1.0011636560875927,0.0016372687091891647,0,30
2124.8881717175336,1.000429981448387,0.0016371047010693873,0,30
2124.8895606078113,0.9997780788226472,0.001637837222924883,0,30
2124.8909494980594,1.0012858374099554,0.0016380443458429601,0,30
2124.892338388337,0.9968292260069912,0.0016350168562188387,0,30
2124.8937272785856,0.9992540045551779,0.001637784511144902,0,30
2124.8951161688633,1.0002368821556011,0.0016366158279577708,0,30
2124.896505059112,1.0007055127977968,0.001637630672960936,0,30
2124.897893949389,0.9969980503791874,0.0016358696984416822,0,30
2124.899282839638,1.0024150979152024,0.0016382643602289675,0,30
2124.9006717298876,1.0020360864662403,0.0016381958922104052,0,30
2124.9020606201652,1.0007683635740663,0.0016369114722889681,0,30
2124.9034495104133,0.9987140892519158,0.0016370623024637503,0,30
2124.904838400691,0.9984134029243725,0.0016374960287403326,0,30
2124.9062272909396,0.9992732191448892,0.00163716199648241,0,30
2124.9076161811877,1.000925967212576,0.0016372177162715747,0,30
2124.9090050714653,0.9993509575612785,0.0016364811837371674,0,30
2124.910393961714,1.0010506420313137,0.0016380586696962158,0,30
2124.9117828519625,1.0006630500212974,0.001637343049987562,0,30
2124.913171742211,1.001301898460134,0.0016390059061120142,0,30
2124.9145606324882,1.0019261526113654,0.001638731890799233,0,30
2124.915949522737,1.0014375006600431,0.0016384747776332935,0,30
2124.9173384129854,1.000647355661762,0.001637115157482264,0,30
2124.9187273032335,1.0009082193854382,0.00163708020728032,0,30
2124.920116193511,1.000300979680058,0.0016369962695002417,0,30
2124.9215050837597,0.9989857336805062,0.0016376107628049107,0,30
2124.9228939740083,0.9967676219789091,0.0016364395013241933,0,30
2124.924282864257,1.0023313457722622,0.0016392011402318893,0,30
2124.925671754505,0.9992364767424259,0.0016359729734236556,0,30
2124.9270606447535,1.0011784703895839,0.001638218953614147,0,30
2124.928449535031,1.0030376652894744,0.0016386131460557434,0,30
2124.9298384252793,0.9994490839774377,0.0016365401980125806,0,30
2124.931227315528,0.9996836193129215,0.001637643277951801,0,30
2124.9326162057773,1.0001314952647038,0.00163732614784072,0,30
2124.9340050960263,0.9989220761848214,0.001636937684940426,0,30
2124.9353939862744,0.9987799468914608,0.001636318751241248,0,30
2124.936782876523,0.9979320114477885,0.0016363793411405194,0,30
2124.9381717667716,0.999165998800775,0.0016377794977962626,0,30
2124.93956065702,1.0008398682495185,0.0016381175407330967,0,30
2124.9409495472687,0.9971229452123109,0.0016361349762039775,0,30
2124.942338437517,0.9989459844147676,0.0016348862226771468,0,30
2124.9437273277654,0.9999925928490044,0.0016377157566492748,0,30
2124.945116218014,1.0005866316912242,0.0016378790485763895,0,30
2124.946505108262,0.999217628843358,0.0016365171366088391,0,30
2124.9478939985106,0.9972331724197007,0.0016358704146343449,0,30
2124.949282888759,0.9993508842231498,0.0016367690931876067,0,30
2124.9506717789786,0.9987938077977792,0.0016358473532306031,0,30
2124.952060669227,0.9981578928840894,0.0016362912494429969,0,30
2124.9534495594753,1.0007942519334865,0.0016366911714258956,0,30
2124.954838449724,1.0003576700535193,0.0016364770298197232,0,30
2124.9562273399724,0.999480692710894,0.001637635829548108,0,30
2124.9576162302205,0.999097060959826,0.0016368554660227384,0,30
2124.95900512044,0.9969258123224484,0.0016356456733767632,0,30
2124.9603940106886,1.0018312530728677,0.0016379280361545241,0,30
2124.961782900937,1.0006139868132178,0.0016378991019709475,0,30
2124.9631717911857,0.9965880902399271,0.001634773350713492,0,30
2124.9645606814047,0.9996193017740787,0.001636426323379198,0,30
2124.9659495716537,1.0022956301036003,0.0016381917382929613,0,30
2124.967338461903,1.0023396329808019,0.0016384647509360146,0,30
2124.9687273521226,0.9979830547853422,0.0016366913146644282,0,30
2124.9701162423703,1.0001076603728862,0.0016365933395081592,0,30
2124.971505132618,0.9984705333266057,0.0016369055995091332,0,30
2124.9728940228374,1.0000415093808268,0.0016368716519769174,0,30
2124.9742829130855,0.9977276914213165,0.001637181763399903,0,30
2124.975671803334,0.9986716998135451,0.001636037144286241,0,30
2124.9770606935535,1.0018069048141494,0.0016382560523940791,0,30
2124.9784495838016,0.9987155560144892,0.001636200722690421,0,30
2124.979838474021,0.9997643645925861,0.001637000996371816,0,30
2124.9812273642697,0.9995807992565274,0.0016367586367747298,0,30
2124.982616254489,0.9991145887725779,0.0016360887101579615,0,30
2124.9840051447377,0.9981640532868976,0.001637106133454713,0,30
2124.9853940349567,0.9995186818615447,0.001637044970601311,0,30
2124.9867829252053,1.0011953381591778,0.0016374799860246862,0,30
2124.9881718154247,0.9994121215605885,0.00163692221517891,0,30
2124.989560705673,0.9989911607020278,0.0016374579272906723,0,30
2124.9909495958923,1.0020035243371113,0.0016383829617339246,0,30
2124.992338486141,1.002209237788028,0.0016389692370476798,0,30
2124.9937273763603,0.9999400827488774,0.0016377174755116655,0,30
2124.995116266609,1.000852409069521,0.001637401491308845,0,30
2124.996505156828,0.9989088019835324,0.0016355806430829825,0,30
2124.9978940470473,0.9983076493428317,0.0016372190054183677,0,30
2124.9992829372964,0.9994358831142772,0.0016361586105618493,0,30
2125.0006718275167,0.9995755189112632,0.0016359441824786117,0,30
2125.0020607177357,1.002013351646353,0.0016382388637701723,0,30
2125.0034496079843,0.9997565174128186,0.0016380235762557395,0,30
2125.0048384982038,0.9993850597911096,0.0016369915426286674,0,30
2125.0062273884228,1.001469256069757,0.0016379826100354283,0,30
2125.007616278642,0.9977536531188652,0.0016359345854969304,0,30
2125.009005168891,1.0030292314046774,0.0016384011530275592,0,30
2125.0103940591102,1.0018327198354409,0.0016383790942935455,0,30
2125.0117829493297,0.9982093762504151,0.0016361696399288563,0,30
2125.0131718395487,0.9993206689141381,0.0016368087702611249,0,30
2125.0145607297973,0.999591286608927,0.0016364794648747766,0,30
2125.0159496200167,1.0004712708148278,0.0016387394824414585,0,30
2125.0173385102357,0.9981210038053688,0.00163834013341269,0,30
2125.018727400455,0.9996436500327968,0.0016378028456770694,0,30
2125.0201162906747,1.0001928792783998,0.0016370710400142364,0,30
2125.021505180894,1.000746508811723,0.0016377214861905771,0,30
2125.0228940711136,0.9998839790804455,0.0016363176053329873,0,30
2125.0242829613326,0.9992072881672156,0.0016364572629022304,0,30
2125.025671851581,0.9998658645626642,0.001637972296861084,0,30
2125.0270607418006,0.9985859675411309,0.0016365977799026685,0,30
2125.0284496320196,0.9983694000471711,0.0016376068953645316,0,30
2125.029838522239,0.999489346610077,0.001638000801329063,0,30
2125.0312274124585,0.998988887220039,0.0016365539489117062,0,30
2125.032616302679,0.9998130611100224,0.0016367380104260418,0,30
2125.0340051928983,1.002132599443569,0.0016378723163653593,0,30
2125.035394083118,1.000340435593282,0.0016381126706229898,0,30
2125.0367829733373,1.0018737891874956,0.001637821036970704,0,30
2125.0381718635276,0.9992828264397448,0.0016366152550036405,0,30
2125.039560753747,0.9986263768500276,0.0016353106384491127,0,30
2125.040949643966,1.0015474345149182,0.0016380837364394134,0,30
2125.0423385341855,0.9995238155305515,0.001636712370728714,0,30
2125.043727424405,0.9994257624525209,0.0016368626279493661,0,30
2125.045116314624,1.0016455609310775,0.001638360186807248,0,30
2125.0465052048435,0.9997823324341101,0.0016372626931707975,0,30
2125.047894095063,0.9992323698072204,0.0016365871802512593,0,30
2125.0492829852533,1.0009466485648608,0.001637449332978719,0,30
2125.0506718754727,0.9968852563372944,0.001635792492872634,0,30
2125.0520607656917,0.9979142636206506,0.0016355509927067431,0,30
2125.053449655911,0.9981410984526241,0.0016360359983779806,0,30
2125.0548385461016,1.0003717509742236,0.0016373272937489807,0,30
2125.0562274363206,0.9988513782287844,0.0016366825771139421,0,30
2125.05761632654,0.9992254026849969,0.0016373149752351808,0,30
2125.0590052167595,0.9985195231965568,0.0016350744381089266,0,30
2125.06039410695,0.9991452441103615,0.0016369789376378023,0,30
2125.061782997169,0.9979370717786668,0.0016367115112975188,0,30
2125.0631718873883,1.0009766438594865,0.0016375192333826067,0,30
2125.064560777578,0.9974000166624228,0.0016352421704305506,0,30
2125.065949667797,0.9982760406093754,0.0016352477567333204,0,30
2125.067338557988,1.0002189876522058,0.0016365042451409089,0,30
2125.0687274482075,1.0016889037651209,0.001638554418257395,0,30
2125.070116338427,0.9973467731810091,0.0016375917120800805,0,30
2125.0715052286173,0.9999449964034982,0.0016360761051670966,0,30
2125.0728941188363,0.9985674129945776,0.0016363048571035898,0,30
2125.0742830090267,0.9989174558827153,0.001635824148588329,0,30
2125.075671899246,0.9981637599343829,0.0016357452241568902,0,30
2125.077060789436,0.9985979216561041,0.001635875857698582,0,30
2125.0784496796555,0.9973486066342258,0.0016352967443114548,0,30
2125.079838569846,1.0006405352157959,0.0016361498730113632,0,30
2125.0812274600653,1.0012601690649212,0.0016385353675325651,0,30
2125.0826163502556,0.9993311562665378,0.0016383527384035551,0,30
2125.0840052404747,0.9985913212245238,0.0016369106128577727,0,30
2125.085394130665,0.9986579122453554,0.0016364521063150581,0,30
2125.0867830208554,0.9992671320802096,0.0016371428025190474,0,30
2125.0881719110744,0.9950529031924967,0.0016338720938666442,0,30
2125.0895608012647,1.0039514583726914,0.001639024097405649,0,30
2125.090949691484,1.0009156998745625,0.0016379195850811032,0,30
2125.0923385816745,1.001944193791018,0.001638133583448743,0,30
2125.093727471865,1.000896925313623,0.0016378366499707527,0,30
2125.095116362084,1.0000154010070206,0.0016376641907775544,0,30
2125.0965052522743,0.9999246084037282,0.001639013784231305,0,30
2125.0978941424646,0.9983930149246025,0.0016362290839198673,0,30
2125.0992830326554,0.9998957131810325,0.0016373486362903315,0,30
2125.1006719228753,1.0023836358580034,0.001637743115208993,0,30
2125.1020608130657,0.9976565534365074,0.0016360884236808963,0,30
2125.103449703256,0.9989253764006116,0.0016365973501870708,0,30
2125.104838593446,0.9992789395189253,0.0016368939971879962,0,30
2125.1062274836363,1.0006342281367304,0.0016377293643098677,0,30
2125.1076163738558,1.0004010862256913,0.0016376348268783802,0,30
2125.109005264046,1.0010429415278033,0.0016370923825555874,0,30
2125.1103941542365,1.0022568342335345,0.0016385329324775115,0,30
2125.1117830444264,0.9998846391236035,0.001637210124629349,0,30
2125.1131719346167,0.9987795802008174,0.0016367272675361,0,30
2125.114560824807,0.9978209775209835,0.0016368591902245848,0,30
2125.115949714997,1.00015870371044,0.0016372455045468907,0,30
2125.1173386051873,1.000748928969969,0.0016375368517221112,0,30
2125.1187274953777,1.000360603578666,0.0016374673810338211,0,30
2125.120116385568,1.0025545136978022,0.0016403781312539088,0,30
2125.1215052757584,1.0026973763724498,0.0016384856637617678,0,30
2125.1228941659483,0.9994462237904196,0.001636426323379198,0,30
2125.1242830561387,0.9993824929566061,0.001637275441400195,0,30
2125.125671946329,1.001471676228003,0.0016391626090666315,0,30
2125.127060836519,1.0030497660807047,0.0016383616191925736,0,30
2125.1284497267093,1.0003377954206498,0.001636735718609521,0,30
2125.1298386168996,1.0009454751548021,0.0016379135690627357,0,30
2125.13122750709,1.0015599753349205,0.0016377762033100139,0,30
2125.132616397281,1.0004294680814863,0.001637762882126486,0,30
2125.1340052874716,1.001169596476015,0.001637976164301463,0,30
2125.135394177662,0.9990226227592268,0.0016370942446565105,0,30
2125.1367830678523,0.9993769192588273,0.0016372561041982999,0,30
2125.1381719580136,1.0015742029318824,0.0016381416048065662,0,30
2125.1395608482035,1.0033968754436957,0.0016387187128542378,0,30
2125.140949738394,1.0005583965116867,0.001637425125666717,0,30
2125.142338628584,0.9998094675417176,0.0016371111468033524,0,30
2125.143727518774,1.000600419259414,0.0016371801877760447,0,30
2125.1451164089353,0.9999160278426739,0.001636736291563651,0,30
2125.1465052991257,0.9991064482402956,0.001636462849205,0,30
2125.147894189316,0.9984406847082374,0.0016358774333224402,0,30
2125.1492830795064,1.001438454055716,0.0016385847848262973,0,30
2125.150671969667,0.9994832595453975,0.0016366778502423678,0,30
2125.1520608598576,0.9999335556554257,0.0016370293576012623,0,30
2125.1534497500475,1.0014185794228465,0.001637752855429207,0,30
2125.1548386402087,1.0000940194809538,0.0016360453088825968,0,30
2125.156227530399,0.9972545138151433,0.0016361190767268635,0,30
2125.1576164205894,1.0002899056226289,0.001637692408768468,0,30
2125.1590053107507,1.0028714077517815,0.0016388361684509345,0,30
2125.1603942009406,0.9985132161174912,0.001636932528353254,0,30
2125.1617830911014,0.9987292702445504,0.0016363965297644262,0,30
2125.163171981291,0.9997203617153847,0.0016365616837924642,0,30
2125.164560871452,1.0001851787748894,0.001638090898366041,0,30
2125.1659497616424,0.9974520133956493,0.0016349458099066904,0,30
2125.1673386518046,1.002186209615626,0.0016377426854933955,0,30
2125.168727541995,0.9978989359517587,0.0016358484991388638,0,30
2125.170116432156,0.9997505770243964,0.0016370657401885318,0,30
2125.171505322346,1.0012778435539305,0.0016375775314653575,0,30
2125.1728942125073,0.9995520507100891,0.0016375594834102552,0,30
2125.1742831026977,1.0010582691966952,0.0016370612997940225,0,30
2125.1756719928585,0.9995570377028385,0.001637343622941692,0,30
2125.177060883049,1.001261782503752,0.0016376190706397988,0,30
2125.17844977321,1.0026182445316159,0.0016381980407883937,0,30
2125.1798386633714,1.0022676149384488,0.0016390521721580302,0,30
2125.1812275535617,0.9978863951317564,0.0016370156067021368,0,30
2125.1826164437225,1.0000441495534589,0.0016361311087635983,0,30
2125.1840053338838,1.001892343734049,0.001638633342688834,0,30
2125.185394224074,0.9976996762561648,0.0016359481931575233,0,30
2125.186783114235,1.001301458431362,0.0016380919010357692,0,30
2125.188172004396,0.9972837757284823,0.001637821036970704,0,30
2125.1895608945865,0.9979524727856872,0.0016369256529036912,0,30
2125.1909497847478,1.001319426272886,0.0016379725833381492,0,30
2125.192338674909,1.0027960161555096,0.0016381732605222612,0,30
2125.19372756507,1.001720585836706,0.0016385519832023416,0,30
2125.19511645526,0.9988300368333417,0.001636140562506747,0,30
2125.1965053454214,1.0022266922626515,0.001638849203157397,0,30
2125.197894235582,0.9974648475681663,0.0016368498797199686,0,30
2125.1992831257444,1.0019507208844696,0.0016392443982687214,0,30
2125.200672015906,1.003172974136869,0.0016390136409927725,0,30
2125.2020609060673,0.9997241019599469,0.0016356968095328859,0,30
2125.203449796228,0.9996467302342009,0.0016369265123348865,0,30
2125.2048386864185,0.9984502920030931,0.001636432769113163,0,30
2125.2062275765797,1.0013795635383946,0.001637997506842814,0,30
2125.207616466741,0.9996784123057859,0.0016362289406813347,0,30
2125.2090053569023,1.0007259007975668,0.0016385316433307185,0,30
2125.210394247063,1.000736974854996,0.001637646858915115,0,30
2125.2117831372243,0.9968885565530845,0.0016359804218273486,0,30
2125.2131720273856,0.9987701195822191,0.0016358662607169007,0,30
2125.2145609175464,1.0003941191034678,0.0016374106585749287,0,30
2125.2159498077076,1.0001042134808389,0.0016365654079943106,0,30
2125.217338697869,1.0009891113413603,0.0016379980797969443,0,30
2125.21872758803,1.0006512425825818,0.0016377756303558835,0,30
2125.2201164781914,0.9994418235026994,0.0016366550753156913,0,30
2125.221505368352,0.9983438050402655,0.0016354100459907072,0,30
2125.2228942584843,1.0009041857883614,0.001637561202272646,0,30
2125.2242831486456,0.9980610132161175,0.001636165486011412,0,30
2125.2256720388064,1.0024559472528711,0.001639102305644425,0,30
2125.2270609289676,1.0017681822822122,0.0016383358362567133,0,30
2125.228449819129,1.0000749515674998,0.001638038616301658,0,30
2125.22983870929,0.9998848591379895,0.0016377365262364954,0,30
2125.2312275994514,0.9990119153924412,0.001637416674593296,0,30
2125.2326164895835,0.9999386893244326,0.0016372930597396995,0,30
2125.2340053797457,0.997925264339951,0.0016362230679014998,0,30
2125.235394269907,0.9988115556249171,0.0016373083862626832,0,30
2125.236783160068,0.998375633788108,0.0016367339997471302,0,30
2125.2381720502,1.0013906375958237,0.0016385999681107482,0,30
2125.239560940361,1.001398778128106,0.0016388706889372807,0,30
2125.240949830522,1.0012867908056282,0.0016377862300072927,0,30
2125.242338720654,0.999778372175162,0.00163705499729859,0,30
2125.2437276108153,0.9973134043324646,0.0016353394293941567,0,30
2125.2451165009766,0.9990851801829815,0.001636490351003251,0,30
2125.2465053911087,0.9984130362337292,0.0016366479133890636,0,30
2125.2478942812695,1.000638775100708,0.001637692408768468,0,30
2125.2492831714308,0.9987877940712283,0.0016367223974259931,0,30
2125.250672061563,0.9990758662406406,0.0016365579595906178,0,30
2125.2520609517237,0.9979845948860443,0.0016358222864874057,0,30
2125.253449841856,0.9983698400759431,0.0016378601410900922,0,30
2125.254838732017,0.998608335670375,0.0016375351328597205,0,30
2125.2562276221493,1.0027691010622881,0.001638713842744131,0,30
2125.2576165123105,0.9985267103331663,0.0016363420991220546,0,30
2125.259005402442,1.0011149595701565,0.001638998887423919,0,30
2125.2603942926035,1.0006376016906493,0.0016378955210076336,0,30
2125.261783182735,0.9986904010363558,0.0016379055477049125,0,30
2125.2631720728955,0.9997529971826424,0.0016377803572274578,0,30
2125.264560963027,0.9989501646881017,0.0016371234653171523,0,30
2125.265949853189,0.9981196103809241,0.0016368382773988316,0,30
2125.267338743322,1.0033208971423946,0.0016390703634516649,0,30
2125.268727633454,1.0033854346956232,0.0016389943037908772,0,30
2125.270116523615,1.000843315141566,0.0016378428092276528,0,30
2125.271505413747,1.000009313942341,0.0016367562017196764,0,30
2125.272894303879,1.0019915702221383,0.0016385068630645862,0,30
2125.27428319404,0.9978379919668348,0.0016370595809316317,0,30
2125.275672084172,0.9995047476170975,0.0016372629796478626,0,30
2125.2770609743043,0.999869018102197,0.0016372652714643835,0,30
2125.2784498644655,1.00168178996664,0.0016384111797248383,0,30
2125.2798387545977,0.9989101220698484,0.001637228602400049,0,30
2125.2812276447294,1.000487625217521,0.0016382799732290161,0,30
2125.2826165348615,0.9990011346875267,0.0016360617813138407,0,30
2125.2840054250228,0.999671078492919,0.0016378538385946595,0,30
2125.2853943151545,1.000123868099322,0.001638334976825518,0,30
2125.2867832052866,1.000794985314773,0.0016383127748529718,0,30
2125.2881720954188,0.9994044210570782,0.0016371892118035958,0,30
2125.289560985551,1.0001265082719542,0.0016374330037860075,0,30
2125.290949875712,0.9993637917337955,0.0016371770365283284,0,30
2125.292338765844,0.9982778007244634,0.0016372470801707488,0,30
2125.293727655976,1.0034776940614891,0.0016393375033148835,0,30
2125.295116546108,1.0011803038428007,0.0016386432261475804,0,30
2125.29650543624,0.9983776872557107,0.0016380519374851858,0,30
2125.297894326372,0.998495981657254,0.0016363140243696734,0,30
2125.299283216505,0.9974481998129584,0.0016369120452430982,0,30
2125.3006721066376,0.9998248685487382,0.0016372360508037419,0,30
2125.3020609967693,0.99787737454193,0.001635295741641727,0,30
2125.3034498869015,0.9997032739314048,0.001638028589604379,0,30
2125.3048387770336,0.999007075075949,0.001637348779528864,0,30
2125.306227667166,1.00278662887504,0.001639079387479216,0,30
2125.307616557298,0.9982315243652732,0.0016374272742447052,0,30
2125.3090054474296,0.9984301973558378,0.0016361743668004305,0,30
2125.310394337562,0.9992580381522547,0.0016370651672344015,0,30
2125.311783227694,0.9990042882270596,0.001636385930113017,0,30
2125.3131721178256,1.000755309387163,0.0016369949803534487,0,30
2125.3145610079578,1.0011561022603397,0.0016381049357422318,0,30
2125.315949898061,0.9998137211531805,0.0016369055995091332,0,30
2125.317338788193,0.999619448450336,0.0016372019600329934,0,30
2125.318727678325,0.9978714341535079,0.0016361316817177286,0,30
2125.320116568457,0.999880312174012,0.0016379838991822213,0,30
2125.321505458589,1.003891101092797,0.0016399664637113405,0,30
2125.3228943486915,1.0023056040890994,0.001639734847004196,0,30
2125.3242832388237,1.0007549426965199,0.001639063201525037,0,30
2125.325672128956,1.002756266889771,0.0016385592883675021,0,30
2125.327061019088,1.0017307064984622,0.0016384186281285312,0,30
2125.328449909191,1.0011561022603397,0.0016382319883206096,0,30
2125.3298387993227,1.001276156776971,0.00163783593377809,0,30
2125.331227689455,0.9982359246529933,0.0016355158992662666,0,30
2125.3326165795584,1.000150929868801,0.001636790292490425,0,30
2125.3340054696914,0.9991803730739941,0.0016368758058943613,0,30
2125.335394359823,0.9997180148952672,0.0016362002929748234,0,30
2125.336783249926,0.9997069408378383,0.0016372857545745392,0,30
2125.3381721400583,1.0036774671239836,0.0016400049948765982,0,30
2125.33956103019,1.0034988887806744,0.0016392941020395187,0,30
2125.340949920293,1.0008620897025053,0.0016372793088405742,0,30
2125.342338810425,1.0027631606738658,0.0016385926629455879,0,30
2125.3437277005282,1.0021034842064873,0.001639161749635436,0,30
2125.3451165906604,1.0035905614415108,0.001639631142306625,0,30
2125.346505480763,1.0007182002940567,0.0016378744649433478,0,30
2125.347894370895,0.9995032808545241,0.0016368642035732243,0,30
2125.349283260998,1.0008122197750104,0.0016377333749887793,0,30
2125.35067215113,0.9984791872257888,0.0016372864707672019,0,30
2125.352061041233,0.9995458169691522,0.0016372225863816815,0,30
2125.353449931365,1.000354369837729,0.0016380987764853317,0,30
2125.354838821468,1.0000885924594323,0.0016372265970605931,0,30
2125.3562277116002,0.9984049690395757,0.0016367236865727861,0,30
2125.357616601703,1.0010619361031288,0.00163777935455773,0,30
2125.359005491806,0.9995053343221268,0.001636717527315886,0,30
2125.360394381938,1.0025198981010706,0.001638393131669736,0,30
2125.3617832720406,0.9994827461784968,0.0016367965949858575,0,30
2125.3631721621437,1.0002039533358287,0.001639144990727127,0,30
2125.364561052276,1.0001966928610906,0.0016376843874106447,0,30
2125.3659499423798,1.000648529071821,0.0016376829550253194,0,30
2125.3673388324823,0.9988094288191858,0.0016365528030034457,0,30
2125.3687277225845,1.000919366780996,0.0016381855790360612,0,30
2125.3701166127166,0.9982211103510021,0.0016370571458765783,0,30
2125.3715055028197,0.9982305709696004,0.001636250139984153,0,30
2125.3728943929223,0.9984149430250746,0.0016364743082876046,0,30
2125.3742832830253,1.0020557410847237,0.0016390866926443764,0,30
2125.3756721731575,0.9984746402618112,0.0016371975196384841,0,30
2125.3770610632605,1.000948628694335,0.0016389523349008381,0,30
2125.3784499533635,0.9998888193969376,0.0016387035295697867,0,30
2125.379838843466,1.0024116510231549,0.0016388762752400504,0,30
2125.381227733569,0.9991291097220544,0.0016363703171129683,0,30
2125.382616623672,0.9997777854701326,0.0016376879683739588,0,30
2125.384005513775,0.9995261623506689,0.0016370651672344015,0,30
2125.385394403878,0.998066440237639,0.0016380442026044276,0,30
2125.38678329401,1.0007370481931246,0.0016378645814846013,0,30
2125.388172184113,0.999449450668081,0.0016385681691565206,0,30
2125.389561074216,0.9981256974456036,0.001636346825993629,0,30
2125.3909499643187,0.9994553910565032,0.001637117019583187,0,30
2125.3923388544217,0.9988257098837503,0.001636849450004371,0,30
2125.3937277445248,1.000508893274835,0.001638603549074062,0,30
2125.3951166346274,0.9978453991178303,0.0016367165246461582,0,30
2125.3965055247304,1.0006989123662167,0.0016381410318524361,0,30
2125.3978944148043,1.0025916961290375,0.0016389342868457358,0,30
2125.3992833049083,0.9994988072286753,0.0016374384468502447,0,30
2125.4006721950113,0.9968254124243003,0.0016360066344788065,0,30
2125.4020610851144,0.9992138152606672,0.0016370502704270156,0,30
2125.4034499752174,1.0000434895103008,0.0016376802334932008,0,30
2125.4048388653205,0.9984736868661386,0.001636646767480803,0,30
2125.4062277554235,1.0011740701018637,0.0016376023117314897,0,30
2125.407616645526,0.998306475932773,0.0016366161144348358,0,30
2125.4090055356,1.0002042466883434,0.0016376279514288175,0,30
2125.410394425703,1.0025859757550013,0.0016381470478708034,0,30
2125.4117833158057,0.9976393923143988,0.0016367034899396956,0,30
2125.4131722059087,0.9988449978115902,0.0016371324893447033,0,30
2125.4145610959827,1.0030018762826838,0.0016389607859742588,0,30
2125.4159499860857,0.9994446103515888,0.0016373467741894084,0,30
2125.4173388761883,0.9983905214282278,0.00163668916608644,0,30
2125.4187277662913,0.9996248021337288,0.0016369734945735652,0,30
2125.4201166563653,1.0027202578685945,0.0016385698880189113,0,30
2125.421505546468,1.0017358401674692,0.001637440595428233,0,30
2125.422894436571,0.9977298182270478,0.0016364509604067977,0,30
2125.424283326645,1.001580069982176,0.0016375997334379037,0,30
2125.425672216748,0.9989028615951102,0.0016371314866749755,0,30
2125.427061106822,1.0000774450638745,0.0016376565991353287,0,30
2125.4284499969244,1.0022705484635956,0.0016382705194858673,0,30
2125.4298388870275,0.9998547905052352,0.0016366986198295885,0,30
2125.4312277771014,0.9992431505121349,0.0016376074683186618,0,30
2125.432616667205,0.999677532248242,0.0016364604141499465,0,30
2125.4340055572793,0.9991747993762152,0.001635949625542849,0,30
2125.4353944473824,1.0007982855305633,0.0016376540208417427,0,30
2125.4367833374563,0.9990698525140898,0.0016377010030804214,0,30
2125.438172227559,1.0021466803642733,0.0016385585721748392,0,30
2125.439561117633,0.9977770479819107,0.0016369058859861984,0,30
2125.440950007736,0.9969020507687596,0.0016358976299555308,0,30
2125.44233889781,0.9996327959897537,0.0016376152031994198,0,30
2125.443727787913,1.0003017863994734,0.001637556332162539,0,30
2125.4451166779863,0.9983885412987538,0.0016374239797584565,0,30
2125.4465055680603,1.0026524934377044,0.0016389586373962706,0,30
2125.4478944581633,0.9973301987639298,0.0016366019338201127,0,30
2125.449283348237,1.0001523966313743,0.0016379469436408214,0,30
2125.4506722383107,0.997287149282401,0.0016367196758938745,0,30
2125.452061128414,0.9965064649027184,0.0016357393513770555,0,30
2125.4534500184877,1.0013838904879862,0.00163786114375982,0,30
2125.4548389085617,0.9995115680630637,0.0016379066936131731,0,30
2125.4562277986643,1.0005049330158868,0.0016382859892473836,0,30
2125.457616688738,0.9984531521901112,0.001638045348512688,0,30
2125.459005578812,0.9997351760173758,0.0016371386486016032,0,30
2125.4603944688856,0.9974114574104952,0.0016365351846639412,0,30
2125.4617833589887,1.0033627732138646,0.00163871155092761,0,30
2125.4631722490626,1.0001193944734732,0.001637955537952775,0,30
2125.4645611391365,0.9964213926734623,0.0016357601209642761,0,30
2125.465950029211,0.999716548132694,0.001637531408657874,0,30
2125.4673389192853,1.000304059881462,0.0016379525299435912,0,30
2125.4687278093593,0.9999797586764874,0.0016375397164927624,0,30
2125.470116699433,1.0023268721464134,0.0016414995457252966,0,30
2125.4715055895363,1.0017194124266473,0.0016391710601400523,0,30
2125.4728944796097,0.9966207990453135,0.0016363683117735124,0,30
2125.4742833696837,1.0012263601876048,0.0016379574000536983,0,30
2125.4756722597576,1.0002978261405253,0.0016381539233203662,0,30
2125.477061149831,1.00252488509382,0.0016388341631114786,0,30
2125.478450039904,1.001254668705271,0.0016388523544051134,0,30
2125.4798389299776,0.9995656916020216,0.001637876327044271,0,30
2125.4812278200516,0.9992022278363375,0.0016373409014095734,0,30
2125.482616710125,1.0020340329986377,0.0016391785085437453,0,30
2125.484005600199,1.0002346820117411,0.0016378432389432503,0,30
2125.485394490273,0.9986348107348246,0.0016370028584727393,0,30
2125.486783380347,1.001593564197851,0.0016386303346796502,0,30
2125.4881722703917,1.0017956107423345,0.0016382715221555954,0,30
2125.489561160465,0.9987560386615146,0.0016362651800300716,0,30
2125.490950050539,0.9994439503084308,0.0016373599521344036,0,30
2125.492338940613,0.9995271890844702,0.0016369941209222535,0,30
2125.4937278306866,1.000826227357586,0.00163794909221881,0,30
2125.563172333566,1.0002514031050778,0.0016372177162715747,0,30
2125.6326168352803,1.0045435904235658,0.0016405462932911306,0,30
2125.7020613358022,1.0006801378052772,0.0016390110626991865,0,30
2125.7715058351587,0.9993045345258309,0.0016406647515575551,0,30
2125.840950333323,1.0002585169035585,0.001642857590252468,0,30
2125.910394830263,1.0014990313499965,0.0016479577414426872,0,30
2125.979839326012,0.9999908327339163,0.0016513172579852755,0,30
2126.0492838205078,1.000441715548974,0.0016552997189059535,0,30
2126.1187283137824,0.997956506382764,0.0016619183417798079,0,30
2126.1881728058047,1.0006627566687827,0.0016679806261932113,0,30
2126.2576172965764,0.9981999889699454,0.0016678684704222193,0,30
2126.3270617860676,1.0007911717320823,0.0016710303177898793,0,30
2126.396506274306,1.0015037983283601,0.0016767029933947282,0,30
2126.4659507612378,0.9988006282437454,0.0016860945710203505,0,30
2126.535395246886,0.9993122350293411,0.0017003085603215643,0,30
2126.6048397312256,0.9945971800609469,0.0017104955415184748,0,30
2126.674284214256,0.999611014565539,0.0017187382028744586,0,30
2126.7437286959766,0.9987190029065367,0.0017250498655730436,0,30
2130.2256774272023,0.9968181519495621,0.0016324819639081801,0,30
2130.297899973825,0.9989889605581677,0.0016335331914986149,0,30
2130.367344732354,1.0011288938146035,0.0016346583301718488,0,30
2130.436789492045,1.000638555086322,0.0016343201439964821,0,30
2130.5062342522324,1.0013295469346422,0.0016345279831072221,0,30
2130.5756790122455,0.9994388899775527,0.0016348686043376423,0,30
2130.645123771676,0.9996919065214611,0.0016334834877278176,0,30
2130.714568530146,0.9987291969064217,0.0016333896664889927,0,30
2130.7840132873357,1.0011750968356652,0.0016340035868395316,0,30
2130.8534580430123,1.001221226518598,0.001634021205179036,0,30
2130.9242916920803,0.9983779072700967,0.001633300142406145,0,30
2130.9937364442353,0.9985614726061555,0.0016324401382566734,0,30
2131.06318119447,0.9995128881493798,0.0016324258144034178,0,30
2131.1326259426955,1.0009863244924708,0.0016346919912269998,0,30
2131.2020706888547,0.9996424766227381,0.0016328575353405442,0,30
2131.2715154329485,1.0008217537317374,0.001634978611530646,0,30
2131.3409601748876,1.0034906015721348,0.0016359368773134512,0,30
2131.4104049147318,1.000709693071131,0.0016338314141233982,0,30
2131.4798496524218,1.0006838047117108,0.0016334973818654755,0,30
2131.5492943879876,1.0014275266745443,0.0016348017119429382,0,30
2131.6187391214285,0.9989126155662231,0.0016327923618082308,0,30
2131.688183852803,0.9983178433427167,0.001632365654219744,0,30
2131.757628582053,1.0020389466532584,0.0016339856820229619,0,30
2131.827073309268,1.0030394254045625,0.0016356287712299216,0,30
2131.896518034444,1.0009311008815829,0.0016330444616255307,0,30
2131.9659627576116,0.9994600113586094,0.0016326819248996295,0,30
2132.0354074787997,1.0006001259068993,0.0016340763520140704,0,30
2132.1048521980097,1.0014910374939716,0.0016351549381642234,0,30
2132.174296915299,1.0020745889837916,0.0016346119208873004,0,30
2132.243741630666,1.000925967212576,0.001633717682728548,0,30
2132.313186344171,0.9986730932379898,0.0016320221682186726,0,30
2132.382631055844,0.9974543602157666,0.0016316043414192044,0,30
2132.4520757656815,0.9996252421625008,0.0016324591889815036,0,30
2132.5215204737456,1.0021262923645033,0.0016339004550960906,0,30
2132.5909651800034,1.0001822452497426,0.0016327247532208638,0,30
2132.660409884545,0.9995312960196757,0.001633008222276794,0,30
2132.729854587371,0.9992988141517947,0.0016320818986867488,0,30
2132.7992992885356,0.9995844661629608,0.001633778129389287,0,30
2132.8687439879845,0.998649331684301,0.0016327472416704754,0,30
2132.938188685832,0.9979185905702421,0.0016320724449436,0,30
2133.0076333820502,0.9999601773961326,0.0016333757723513349,0,30
2133.077078076696,1.0011630693825633,0.001633390239443123,0,30
2133.146522769742,0.9991042480964355,0.0016326973946611456,0,30
2133.2159674612462,1.0012386809932212,0.0016321433480172157,0,30
2133.285412151235,0.9988833536528842,0.0016319231903926758,0,30
2133.354856839712,0.9987954945747386,0.001632124870246516,0,30
2133.4243015267034,1.0017871768575375,0.0016334382243515296,0,30
2133.493746212213,0.9965432073051816,0.0016315248440336352,0,30
2133.563190896295,0.9998446698434789,0.0016334801932415687,0,30
2133.6326355789224,0.9980925486114453,0.0016317216537773682,0,30
2133.702080260151,1.0015116455081277,0.0016333648862228605,0,30
2133.771524939984,0.9991369569018219,0.0016324838260091032,0,30
2133.8409696184494,1.0006151602232765,0.0016328457897808746,0,30
2133.9104142955175,1.002296583499273,0.0016334837742048827,0,30
2133.979858971275,1.0008201402929067,0.0016322483418615798,0,30
2134.0493036456655,0.9985149762325792,0.0016310169201971885,0,30
2134.1187483187464,0.9989621188030748,0.0016319229039156106,0,30
2134.188192990547,1.0021710286229915,0.001633214772240741,0,30
2134.2576376610377,1.0007932251996852,0.0016333577242962326,0,30
2134.3270823302496,1.0003981527005446,0.001633236401259157,0,30
2134.396526998208,1.0008620163643767,0.001633455556213969,0,30
2134.465971664886,0.9980210439359928,0.0016334867822140663,0,30
2134.5354163303423,1.0012261401732188,0.0016338039123251471,0,30
2134.6048609945756,1.0018070514904067,0.001634281039877094,0,30
2134.6756945508328,1.0009956384348118,0.0016331523202405462,0,30
2134.7451392125927,0.997493082747704,0.0016310763641881997,0,30
2134.8145838731734,1.0005243676199842,0.0016342109962346738,0,30
2134.8840285325464,0.9971775821181694,0.0016334539805901108,0,30
2134.9534731907556,1.00296572058525,0.001635103372292503,0,30
2135.022917847786,1.000159583767984,0.0016332001619104202,0,30
2135.092362503668,0.9982675333864497,0.001631578558483344,0,30
2135.1618071583844,1.0000783984595474,0.0016331799652773296,0,30
2135.231251811951,1.0013475147761661,0.0016324737993118244,0,30
2135.3006964643846,0.9998712182460571,0.0016325792228717862,0,30
2135.3701411156812,0.9978630736068396,0.0016313101294733324,0,30
2135.439585765858,0.9998698248216124,0.0016324735128347592,0,30
2135.5090304149135,1.0006947320928825,0.0016343449242626144,0,30
2135.578475062864,0.9990626653774801,0.0016329777124693594,0,30
2135.6479197097087,1.0026103240137194,0.0016346846860618392,0,30
2135.7173643554465,1.0012601690649212,0.001633353713617321,0,30
2135.7868090000934,0.9994414568120561,0.001631634135033976,0,30
2135.85625364365,0.998978033176996,0.0016325681935047793,0,30
2135.925698286115,1.0008441218609814,0.0016319317847046293,0,30
2135.9951429275034,1.0029349185712089,0.0016332508683509453,0,30
2136.065976460623,1.0014249598400407,0.00163202818423704,0,30
2136.135421099842,0.9972086774847251,0.0016298001088631182,0,30
2136.2062546307366,0.9995961269254192,0.0016312383669685215,0,30
2136.2756992678014,1.0018119651450277,0.0016322845812103168,0,30
2136.347921689221,0.9995744921774619,0.0016303537257914503,0,30
2136.4173663241177,1.0017620952175326,0.0016325868145140117,0,30
2136.4895887432963,1.0013734031355863,0.0016315910202356766,0,30
2136.561811161327,0.9995249889406101,0.0016308130917653603,0,30
2136.6340335782193,1.0015841035792528,0.001633566709315233,0,30
2136.7076448865696,1.0000775184020032,0.0016320558292738235,0,30
2136.7882006566247,1.0015178059109358,0.001633151031093753,0,30
2136.8576452848597,1.001650767938213,0.0016335433614344263,0,30
2136.9270899120293,1.0006379683812925,0.001632593833202107,0,30
2136.9965345381675,0.9995471370554683,0.001633388663819265,0,30
2137.065979163243,0.9970020839762642,0.0016304676004248331,0,30
2137.1354237872847,0.995459563115967,0.001630766968957877,0,30
2137.204868410279,1.0001260682431823,0.0016323056372746026,0,30
2137.2743130322256,1.0028700876654655,0.001634197675051146,0,30
2137.3437576531105,0.9974110907198519,0.0016304627303147263,0,30
2137.413202272962,0.9997225618592448,0.0016336400474439021,0,30
2137.4826468917495,1.0022748020750583,0.0016331094919193117,0,30
2137.552091509491,0.9998096875561037,0.0016317070434470474,0,30
2137.621536126185,1.0017727292461895,0.0016339770877110084,0,30
2137.690980741818,1.001219906432282,0.0016341489739500766,0,30
2137.760425356387,0.9987938811359078,0.0016309341283253708,0,30
2137.8298699699085,0.9961630957842896,0.0016312067112528264,0,30
2137.899314582353,1.0002853586586515,0.0016328551002854907,0,30
2137.9687591937354,1.0002861653780668,0.0016328175717899608,0,30
2138.038203804055,0.9992606783248867,0.0016321548070998202,0,30
2138.1076484132977,0.998375633788108,0.0016330350078823822,0,30
2138.177093021464,1.0012468948636322,0.0016327840539733425,0,30
2138.2465376285386,0.996124226576095,0.001632130599787818,0,30
2138.315982234538,0.9994089680210557,0.0016325504319267422,0,30
2138.3854268394443,1.0001671375952368,0.0016317154945204684,0,30
2138.454871443261,1.0001933926453004,0.0016321360428520552,0,30
2138.524316045956,0.9991036613914062,0.0016318742028145414,0,30
2138.5937606475595,0.9993113549717971,0.0016323570599077904,0,30
2138.663205248057,1.001230980489711,0.0016334728880764084,0,30
2138.7326498474335,1.001569215939133,0.0016333764885439975,0,30
2138.8020944456757,1.0010637695563454,0.0016332031699196037,0,30
2138.8715390427983,1.0002924724571325,0.001632654566339911,0,30
2138.9409836387704,0.9999043670802155,0.0016325054550275194,0,30
2139.010428233607,1.0023650079733213,0.00163385504848127,0,30
2139.07987282728,1.000393825750953,0.0016329938984235382,0,30
2139.149317419804,1.000251769795721,0.0016346793862361346,0,30
2139.2187620111486,1.0004252144700234,0.0016325044523577915,0,30
2139.288206601315,1.0005488625549597,0.001633365029461393,0,30
2139.357651190289,0.9990799731758461,0.0016327481011016707,0,30
2139.4270957780827,1.0000382091650366,0.0016332656219197985,0,30
2139.496540364654,0.9966585681815782,0.0016311982601794055,0,30
2139.565984950019,0.9990248962412156,0.0016320694369344163,0,30
2139.63542953416,0.9996902197445017,0.0016318134696767374,0,30
2139.704874117065,1.001035241024293,0.0016349697307416274,0,30
2139.774318698718,1.002061681473146,0.0016343278788772402,0,30
2139.8437632791056,1.0013736231499724,0.0016316958708415081,0,30
2139.913207858227,1.002893922557283,0.0016336452040310743,0,30
2139.9840413276265,0.9995354762930099,0.0016330842819375817,0,30
2140.0534859041422,0.9992381635193853,0.001632108684292337,0,30
2140.122930479366,0.9996131413712704,0.001632561174816684,0,30
2140.192375053263,0.9989169425158146,0.0016322785651919493,0,30
2140.2618196258363,1.0022791290246498,0.0016347956959245709,0,30
2140.3312641970556,0.9960772901737468,0.0016338541890500748,0,30
2140.4007087669224,1.0005679304684136,0.0016380079632556908,0,30
2140.470153335407,1.0022563208666337,0.001645098843571385,0,30
2140.5395979025225,1.0006928986396657,0.001647460703734715,0,30
2140.6090424682275,0.99985948414547,0.0016528815659993287,0,30
2140.6784870325214,0.9983776872557107,0.001656003879532003,0,30
2140.7479315954033,0.9984314441040252,0.0016638165388132512,0,30
2140.817376156829,0.9981199037334387,0.0016730177524291055,0,30
2140.8868207168157,1.0018091049580096,0.0016829764114051203,0,30
2140.956265275319,0.9990342101835565,0.001682184302320081,0,30
2141.0257098323655,0.9968510807693346,0.0016842679932531856,0,30
2141.0951543879128,0.9987974747042127,0.0016950608734428115,0,30
2141.1645989419467,1.0003823850028808,0.0017028987427057897,0,30
2141.234043494482,0.9997445632978456,0.001702341401575611,0,30
2141.3034880455048,1.0016333868017184,0.0017039428083695967,0,30
2141.372932594999,1.0024401795552071,0.0017133164811786493,0,30
2141.442377142951,0.9970552541195493,0.0017266207625595946,0,30
2144.514607103851,1.000044317459953,0.0016379782027389073,0,31
2144.5840519357603,1.001481027673309,0.0016377428294975542,0,31
2144.657663458204,0.999432780682829,0.0016352742142374478,0,31
2144.727108290564,0.9993183797978343,0.0016364510804442141,0,31
2144.796553122256,1.003406039733621,0.0016393987816176918,0,31
2144.865997952855,1.0005874640040266,0.0016376336979824734,0,31
2144.9354427820285,0.9978334504212404,0.0016368272175238598,0,31
2145.0062765060834,1.000386342242247,0.0016372682008660897,0,31
2145.0757213317206,0.999334722781405,0.0016361796175977418,0,31
2145.1451661553497,0.9973112847344534,0.0016350404226122552,0,31
2145.2146109768833,1.0017889677646428,0.001638974189570217,0,31
2145.284055796263,1.0020921227481743,0.0016389530534269801,0,31
2145.353500613403,0.9971404195773925,0.0016351906761475112,0,31
2145.422945428302,1.0013084693242567,0.0016385114949516008,0,31
2145.492390240944,0.9988785915822886,0.001636534762317438,0,31
2145.5618350513028,0.9970083506020512,0.0016358167085805302,0,31
2145.6312798594054,1.0030304455796684,0.0016387519006080106,0,31
2145.700724665238,1.0004039367155506,0.001639332353738947,0,31
2145.7701694688444,1.0010268105173137,0.0016379898491851808,0,31
2145.839614270239,0.9994181308912499,0.001635286579600158,0,31
2145.9090590694354,1.0031813605180462,0.001639723588063762,0,31
2145.978503866465,1.0038826364707223,0.0016402061247760293,0,31
2146.047948661369,0.9986991868482269,0.001635992411757643,0,31
2146.1173934541634,1.0000451272474271,0.0016375241351175307,0,31
2146.1868382448906,1.0026413058897832,0.0016378221978721583,0,31
2146.256283033566,1.00238283645142,0.0016396659309655442,0,31
2146.3257278202495,0.9992680257403463,0.0016379090429777033,0,31
2146.3951726049386,0.9986695927968963,0.001638246789919633,0,31
2146.4646173876913,0.9993580593840712,0.0016368566930977618,0,31
2146.534062168525,1.0001760919671216,0.0016358806921433905,0,31
2146.603506947465,1.0014656417112988,0.0016381038693320305,0,31
2146.672951724559,1.0008795028140482,0.0016379178137582303,0,31
2146.742396499834,1.0030815358075875,0.0016390528390283845,0,31
2146.8118412733024,1.0000462315030738,0.0016377697169722841,0,31
2146.881286045012,1.0018067094720327,0.001638088628303574,0,31
2146.9507308149737,0.9983280833339039,0.0016388699466869056,0,31
2147.0201755832345,1.0014210297831736,0.0016384316952271346,0,31
2147.089620349791,0.9987848034693652,0.0016363996060273513,0,31
2147.159065114705,0.9976692844151026,0.0016353957111152385,0,31
2147.2285098779585,0.9984411591121225,0.0016371113332996168,0,31
2147.2979546396123,0.9992150950863494,0.0016367709982585152,0,31
2147.367399399665,0.999950971049288,0.001636795585200648,0,31
2147.436844158161,0.9995945909435872,0.0016360036268540544,0,31
2147.5062889151,0.9971881970383716,0.0016362975198933496,0,31
2147.575733670526,1.0000521944835659,0.0016362683318860223,0,31
2147.6451784244387,1.0021895917132533,0.0016385053122702459,0,31
2147.714623176865,1.0004647443931605,0.0016384515373207857,0,31
2147.784067927824,0.9999384561519591,0.0016381306130234734,0,31
2147.8549015723092,1.000280922636512,0.0016369221144934953,0,31
2147.924346320357,0.9991045222875966,0.0016363544580751308,0,31
2147.993791066993,1.000683828713459,0.0016388866255482354,0,31
2148.0632358122175,0.9983699714314341,0.0016365400822990692,0,31
2148.1326805560743,0.9973549396410183,0.0016349216576169235,0,31
2148.2035141934007,1.0027777182706679,0.0016390206315720236,0,31
2148.272958934522,0.9979288581091124,0.0016361928456601759,0,31
2148.3424036742904,1.0000912851334578,0.0016369054356321655,0,31
2148.411848412748,1.0007701815050283,0.0016369205328773347,0,31
2148.4812931498823,1.0003197188182316,0.001636821609975654,0,31
2148.550737885736,0.9986008344786305,0.0016358657386815086,0,31
2148.6201826202946,0.9987653685699838,0.0016363006831256707,0,31
2148.6896273535863,0.9995987134980014,0.001636299532859372,0,31
2148.759072085613,0.9992583082906557,0.001635895501821985,0,31
2148.828516816388,0.998794668153142,0.0016369044291491542,0,31
2148.8979615459407,0.9985052795566722,0.0016369032788828555,0,31
2148.967406274242,0.999120718037081,0.0016360996740899885,0,31
2149.0368510013354,0.9996008483922516,0.0016356860095723504,0,31
2149.106295727206,1.0011962769505554,0.0016366451878821046,0,31
2149.1757404519,0.997079832750912,0.0016365101753753053,0,31
2149.2451851753844,1.0002843826375383,0.0016376106926565012,0,31
2149.31462989769,0.9987052970628051,0.0016361794738144547,0,31
2149.3840746188166,0.999385739392281,0.0016356050595815858,0,31
2149.4535193387806,0.9999067272063782,0.0016368305245394684,0,31
2149.5229640575944,1.000423518849018,0.0016373198190662399,0,31
2149.5924087752433,1.0012123990829966,0.0016373096104528397,0,31
2149.661853491743,1.002875113618704,0.0016379116310768754,0,31
2149.731298207093,1.0002577332679319,0.0016362983825930735,0,31
2149.800742921323,0.9995738309374299,0.0016355948509681857,0,31
2149.8701876344326,1.0021511636167493,0.0016372487901223007,0,31
2149.9396323464066,1.0007883649146767,0.0016378014930787832,0,31
2150.0090770572606,1.0004124026755083,0.0016364943592136992,0,31
2150.078521766996,0.9983088692856519,0.0016341514105467163,0,31
2150.1479664756375,0.9983217522681963,0.0016348238849815417,0,31
2150.2174111831728,0.9985787493656971,0.0016354447412162169,0,31
2150.286855889604,1.001254949733915,0.0016369882548056653,0,31
2150.3563005949277,0.9994252717444316,0.001636611830159445,0,31
2150.425745299174,0.9981642854129816,0.0016361878132451196,0,31
2150.4951900023166,1.000416819698095,0.0016366657488921924,0,31
2150.5646347043808,0.9976939461245449,0.0016352927622815129,0,31
2150.6340794053544,1.0005365210101937,0.0016355860801876587,0,31
2150.7035241052504,0.9996829313953205,0.001637133907275727,0,31
2150.7729688040704,0.9987256153667038,0.0016357173543289877,0,31
2150.8424135018126,0.9982889190669688,0.0016358556738513956,0,31
2150.9118581984662,0.9997870995113227,0.0016349453818593324,0,31
2150.9924140452536,0.9999292540215703,0.0016377143604066635,0,31
2151.0618587395916,0.9995510096540654,0.0016365743027214527,0,31
2151.131303432867,0.9998437846345183,0.0016380324090382295,0,31
2151.2007481250653,0.999376463644849,0.0016375349188640803,0,31
2151.2701928161882,1.00051561376995,0.0016378910700667875,0,31
2151.339637506247,0.9993715313029605,0.0016369891175053893,0,31
2151.4118599827793,1.0016286298447468,0.0016380020707646035,0,31
2151.481304670642,1.0021369555274289,0.0016380253636571504,0,31
2151.550749357443,0.9998506310195275,0.0016384682161821155,0,31
2151.6201940431656,1.003485398906095,0.0016393176878436398,0,31
2151.689638727826,1.0020588478446881,0.0016381546248324568,0,31
2151.7590834113957,0.9989103205278695,0.0016372477836392894,0,31
2151.829916987532,0.9987256153667038,0.0016367925657516142,0,31
2151.8993616689345,1.001823567774905,0.0016379977572659838,0,31
2151.968806349258,0.9990914184539228,0.0016366004712797461,0,31
2152.0382510284917,0.9990909767516641,0.0016373288774133416,0,31
2152.1076957066493,1.0004736520553767,0.0016374131344197148,0,31
2152.1771403837142,1.0006756572216737,0.001639106757761132,0,31
2152.2465850596877,0.9974317958340263,0.0016359193698476811,0,31
2152.3160297345707,0.9978492044684661,0.0016369452636027548,0,31
2152.3854744083615,1.0017755694627966,0.0016385324873115505,0,31
2152.4549190810462,0.9983214578000239,0.00163608400171167,0,31
2152.5243637526114,0.9988494392332167,0.0016370066590664432,0,31
2152.5938084230843,0.998829783482706,0.0016364010438602245,0,31
2152.663253092437,0.9976206971666494,0.001635798591886327,0,31
2152.732697760684,0.9991112950555628,0.0016371231235291774,0,31
2152.8021424277954,0.999001384810198,0.0016357197986448721,0,31
2152.871587093787,1.0012137241897727,0.0016376384428309551,0,31
2152.9410317586294,0.9982065415957274,0.0016366411619500596,0,31
2153.010476422351,1.0001273574845821,0.001638200923050976,0,31
2153.0799210849223,1.0013644182770212,0.001637426937615298,0,31
2153.1493657463297,0.999976148078032,0.0016379886989188821,0,31
2153.2188104065876,0.9997531620544485,0.0016379435509666616,0,31
2153.288255065682,1.0006173525235296,0.001637946282849121,0,31
2153.3576997235973,1.0009930939115688,0.0016395011553182683,0,31
2153.427144380333,0.9956852314862155,0.001635787951923065,0,31
2153.4965890358912,0.9991247669744522,0.001636280553465445,0,31
2153.5660336902406,1.0012704829300114,0.0016386408999101946,0,31
2153.6354783433985,0.9988071094334278,0.0016372047924363788,0,31
2153.7049229953323,1.000967548797609,0.0016384475113887405,0,31
2153.7743676460595,0.997244734927481,0.0016363543142918434,0,31
2153.8438122955504,0.9983634931316403,0.001636800905182279,0,31
2153.913256943789,0.9988083609231607,0.0016373221195988372,0,31
2153.98270159079,0.9981421266830053,0.00163750803138935,0,31
2154.0521462365255,0.9998139697320583,0.0016376072418576052,0,31
2154.121590880995,0.9972287600291259,0.0016367937160179128,0,31
2154.191035524183,1.003660460234613,0.0016395550740510155,0,31
2154.2604801660777,1.0017653366938042,0.0016412967210103998,0,31
2154.329924806662,1.000918372612811,0.0016400854905979625,0,31
2154.3993694459514,0.9993256678851024,0.0016394062583486328,0,31
2154.468814083901,1.00064149891367,0.0016388682212874575,0,31
2154.5382587205136,1.0001188179075813,0.0016391977725820097,0,31
2154.6077033557854,0.9992714121243295,0.0016381510302502737,0,31
2154.677147989678,1.0001042417330452,0.0016394683727287578,0,31
2154.7465926222144,0.9994249772762592,0.001638537951076469,0,31
2154.8160372533553,0.9979446121563381,0.0016380483689831227,0,31
2154.8854818830973,0.9985598297856176,0.001638493090690823,0,31
2154.9549265114297,1.0023734134699018,0.001640362417209353,0,31
2155.0243711383205,1.0019293554658557,0.0016420945744717737,0,31
2155.093815763785,1.0002148145317982,0.0016401141034721404,0,31
2155.16326038781,1.0015972689843815,0.001639966294252769,0,31
2155.2327050103645,1.0025383892635138,0.0016411260502483434,0,31
2155.3021496314345,1.0030920630447524,0.0016422080194854743,0,31
2155.371594251021,1.0001693928161985,0.0016409296422778556,0,31
2155.4410388691235,1.0011289909731518,0.0016413870169148408,0,31
2155.5104834857116,1.000011925960984,0.0016411704792841273,0,31
2155.5799281007735,0.9993675559826326,0.0016411920467772263,0,31
2155.649372714321,0.9987591111213193,0.0016408508490364008,0,31
2155.7188173263403,0.9996710790513796,0.0016410934114421203,0,31
2155.788261936831,1.0035495193506447,0.0016430297409725445,0,31
2155.85770654578,1.0014850766106802,0.001643070575426145,0,31
2155.9271511531865,0.9996545888337227,0.0016475031266078423,0,31
2155.996595759065,1.001094611814019,0.0016612933816953137,0,31
2156.0660403634006,0.9980188917528372,0.0016749356837801263,0,31
2156.1354849662525,0.9990678610001272,0.0016900014404094697,0,31
2156.20492956762,0.9975368473545458,0.001698060349880825,0,31
2156.274374167518,1.0024494598754357,0.0017108012745373886,0,31
2156.34381876599,0.9961789073773185,0.001723291441140855,0,31
2158.881327462188,1.0010467607359967,0.0016383806521601339,0,31
2158.957716836661,1.0012001786538403,0.001636521102905142,0,31
2159.027161723617,1.000040415756668,0.001636616718791214,0,31
2159.096606610849,1.0003764039414271,0.0016363882471476525,0,31
2159.166051497717,1.0009597453910393,0.0016365380693330466,0,31
2159.2354963837856,1.001042196479324,0.0016385634007183257,0,31
2159.304941268675,0.9997511743942845,0.0016362723578180673,0,31
2159.3757750497507,1.0004634192863844,0.0016361098827033886,0,31
2159.4452199314514,0.9982210441532203,0.001635593269352025,0,31
2159.514664811277,0.9988732175381415,0.0016354302191041968,0,31
2159.5841096891245,0.9990610882321611,0.0016361134772855718,0,31
2159.65355456489,0.9977740414674497,0.001635092759728842,0,31
2159.7229994385007,1.0000488817166258,0.0016361058567713434,0,31
2159.7938332073086,0.998116139866787,0.001634569819912836,0,31
2159.8632780764524,1.0012323493016797,0.0016358371258073305,0,31
2159.932722943357,0.9987903247475984,0.0016351422211796822,0,31
2160.0021678080047,0.9994736381417556,0.0016349367548620928,0,31
2160.071612670426,0.9994415411109592,0.001635443015816769,0,31
2160.1410575305927,0.9991070988841055,0.0016364860197830343,0,31
2160.2105023885465,1.0000628689548168,0.0016357799000589746,0,31
2160.279947244303,1.0031075962408487,0.0016369316041904588,0,31
2160.349392097878,0.9980364126090977,0.001633926677268625,0,31
2160.4188369492977,1.0003256081816805,0.0016363251262845162,0,31
2160.4896706955647,0.9997388803480849,0.0016345335865244298,0,31
2160.559115542707,1.0031030319841758,0.0016371987535383113,0,31
2160.628560387797,0.9990633703604975,0.001635592838002163,0,31
2160.698005230836,0.999381027901522,0.0016351085758904479,0,31
2160.7674500718513,1.003310484811663,0.0016360845768448192,0,31
2160.836894910902,1.0003964277771533,0.0016351591876075868,0,31
2160.9063397479763,1.0019635873909023,0.0016365720021888556,0,31
2160.9757845831414,1.0023896828364294,0.001637894808432258,0,31
2161.0452294164015,0.999361887470313,0.0016342775084897015,0,31
2161.1146742477845,0.9978054023278151,0.0016343470996007675,0,31
2161.184119077333,0.999746830988741,0.0016359403622076309,0,31
2161.2535639050625,0.9988638681736665,0.0016338645628885002,0,31
2161.32300873099,0.9982338535187216,0.0016341005112630027,0,31
2161.392453555169,1.001321205072715,0.001635661566413505,0,31
2161.4216203807923,0.9987608043133109,0.0016345335865244298,0,31
2161.42300927724,1.0004018018213003,0.001634231929187619,0,31
2161.4243981737022,0.9981318202969697,0.0016320999106031436,0,31
2161.4257870701495,0.9984703114611945,0.0016345233779110294,0,31
2161.427175966596,1.0037987866586189,0.0016367865268535466,0,31
2161.4285648630434,1.0000784757679564,0.0016344805304914062,0,31
2161.429953759491,1.0010819496826038,0.0016358480533371672,0,31
2161.431342655938,1.0018307822451298,0.0016357045576164157,0,31
2161.4327315523847,1.0005564712288768,0.0016351167715378254,0,31
2161.4341204488314,0.9990062435350433,0.0016353988743475598,0,31
2161.435509345279,0.9997180467248845,0.0016340580951932414,0,31
2161.4368982417122,1.0011984118448056,0.0016354152656423149,0,31
2161.43828713816,1.0011300216117553,0.0016362910496454197,0,31
2161.439676034607,1.0025260216002712,0.0016353777382043227,0,31
2161.441064931054,0.998994759276318,0.0016345843420248558,0,31
2161.442453827486,1.0011665356651385,0.0016355554543474582,0,31
2161.4438427239334,0.9967628377632757,0.0016336990683247874,0,31
2161.4452316203665,0.9997955654712805,0.0016354044818957655,0,31
2161.4466205168133,0.9994893921889815,0.0016345948382048307,0,31
2161.4480094132455,1.0002119434671168,0.0016356332411059018,0,31
2161.4493983096777,0.9994417619620886,0.0016344803867081189,0,31
2161.4507872061263,1.0011057279875286,0.001635613542795538,0,31
2161.45217610256,1.0000839970461897,0.001635100236459783,0,31
2161.453564998992,1.0001110145010115,0.0016362745145673773,0,31
2161.4549538954243,0.9991994882732099,0.0016350750743845009,0,31
2161.456342791871,0.9992307755165322,0.0016349613418042256,0,31
2161.4577316883033,0.999139932085333,0.0016350953478280138,0,31
2161.459120584736,1.0018502171445112,0.0016363203814360344,0,31
2161.460509481169,1.0026644216413199,0.0016359370551920222,0,31
2161.4618983776013,1.0002794502956498,0.0016344011621168021,0,31
2161.46328727402,1.002084024873432,0.0016354525055137326,0,31
2161.464676170453,1.0023419789924934,0.001635888025091044,0,31
2161.466065066886,0.9998770595380044,0.001635476948672578,0,31
2161.467453963319,0.9979698628021253,0.0016339703873879724,0,31
2161.468842859751,1.0026070003476932,0.0016345701074794107,0,31
2161.4702317561687,0.997330277931576,0.00163325204608449,0,31
2161.471620652601,1.0023001645120062,0.0016339805960013725,0,31
2161.473009549019,1.0028502310581324,0.0016363397921798234,0,31
2161.474398445452,0.996990976979877,0.0016323981171410585,0,31
2161.47578734187,1.0006800006272172,0.001635480974604623,0,31
2161.477176238303,0.998320206310291,0.0016341460905650851,0,31
2161.4785651347215,1.0026631701515871,0.0016366970936488295,0,31
2161.479954031139,1.00122123312817,0.001636177460848432,0,31
2161.4813429275723,1.0010260007298393,0.0016352733515377239,0,31
2161.4827318239904,0.997988929616291,0.0016357709854951605,0,31
2161.484120720408,0.9992816448933219,0.0016337902269289524,0,31
2161.4855096168258,0.9963314418906447,0.0016324875503457756,0,31
2161.4868985132434,1.0017339022163956,0.00163554567708392,0,31
2161.4882874096616,1.000074132362413,0.0016350622776719287,0,31
2161.489676306081,0.9997529412033191,0.0016344431468367014,0,31
2161.491065202499,0.9976100963124414,0.0016347370398759964,0,31
2161.4924540989173,0.9977983350916764,0.0016334736161302597,0,31
2161.493842995335,0.9993385508676468,0.0016343587460470408,0,31
2161.4952318917526,1.0017615086075624,0.00163483150549577,0,31
2161.496620788171,0.9983040841778497,0.001634397567534619,0,31
2161.4980096845748,0.9982562330998275,0.0016336439993257415,0,31
2161.4993985809924,1.001852720123977,0.001636616287441352,0,31
2161.50078747741,0.9997184884271432,0.0016353788884706213,0,31
2161.5021763738137,0.9984543365628394,0.0016337174725855653,0,31
2161.503565270233,1.001435900425882,0.0016348717648162214,0,31
2161.5049541666367,1.0031775324318044,0.0016378830182026973,0,31
2161.5063430630544,1.000524815900339,0.0016352057733926804,0,31
2161.507731959458,0.9983194701398599,0.0016348746404819677,0,31
2161.509120855861,1.0029279706556578,0.0016359931306740797,0,31
2161.5105097522796,0.998331469717887,0.0016339353042658647,0,31
2161.511898648683,0.9986505259827305,0.0016334685837152032,0,31
2161.5132875450863,1.0024440858312884,0.0016361494231074034,0,31
2161.5146764414894,0.9972682923812765,0.0016334843998768093,0,31
2161.516065337893,1.0014177170162335,0.0016349561656058818,0,31
2161.517454234297,1.0010543432914372,0.0016365824983688303,0,31
2161.518843130701,0.999561316040101,0.0016336484566076485,0,31
2161.5202320271046,0.9984891574242309,0.0016343748497752214,0,31
2161.521620923508,0.9980283883513986,0.0016341560116119108,0,31
2161.5230098199113,1.0004472235369,0.0016349724131173497,0,31
2161.5243987163144,1.0022760917389089,0.0016350975045773238,0,31
2161.5257876127184,0.9990896516448882,0.0016344838375070149,0,31
2161.5271765091074,0.9982268598996261,0.001634108563127093,0,31
2161.528565405511,1.00231658111262,0.0016363941422624327,0,31
2161.529954301915,0.9989627358625647,0.0016328990581141035,0,31
2161.5313431983036,0.9989827596982909,0.0016340615459921372,0,31
2161.5327320947067,1.0011697748150354,0.001637198609755024,0,31
2161.534120991096,0.9993748440699005,0.001634793115358054,0,31
2161.5355098875,0.9971603697960756,0.001632559154422864,0,31
2161.536898783889,0.9979646359920644,0.0016333976985545514,0,31
2161.538287680292,0.9968825390753744,0.001632081074992504,0,31
2161.5396765766804,0.9994887296355934,0.0016344010183335148,0,31
2161.5410654730704,1.00032133839318,0.001634344223935021,0,31
2161.5424543694603,0.9986439740658936,0.0016333905093901852,0,31
2161.5438432658634,0.9999888102094471,0.0016351298558169721,0,31
2161.545232162252,1.0029635276874804,0.0016356676053115727,0,31
2161.5466210586405,1.0002185690009968,0.001633919200537684,0,31
2161.54800995503,0.999092154624354,0.001635124967185203,0,31
2161.549398851419,0.9987637489950354,0.0016342708944584844,0,31
2161.550787747808,0.9991530359190068,0.0016350493371760694,0,31
2161.5521766441966,1.0002385192196799,0.0016351695400042743,0,31
2161.553565540585,0.999445369197201,0.0016347505555050052,0,31
2161.55495443696,0.9997890135544436,0.0016363525888923956,0,31
2161.5563433333496,1.0029703004554467,0.0016376124180559491,0,31
2161.557732229739,0.9989578035206762,0.0016342625550278195,0,31
2161.5591211261276,0.9984209144252669,0.0016339522706937692,0,31
2161.5605100225016,1.0017622447779935,0.0016348757907482664,0,31
2161.56189891889,0.9987588166531469,0.001634225315156402,0,31
2161.563287815265,1.0005785563418101,0.0016354062072952134,0,31
2161.5646767116546,0.9997652352495187,0.0016331007860662225,0,31
2161.5660656080286,0.9992205427475397,0.0016347131718503004,0,31
2161.567454504418,1.000955549219582,0.001634726256129447,0,31
2161.5688434007925,1.0017144673170144,0.001635567675926881,0,31
2161.5702322971665,1.0005313678171759,0.0016342985008496512,0,31
2161.571621193541,1.001066269252421,0.0016373341973949726,0,31
2161.5730100899304,0.9979768564212208,0.0016336924542935704,0,31
2161.5743989863045,0.9991341899559704,0.0016349383364782535,0,31
2161.5757878826785,0.9993635806623046,0.001637162951499767,0,31
2161.5771767790525,0.9996339024446085,0.0016359846474601274,0,31
2161.5785656754274,0.9979561700321066,0.0016331827425399986,0,31
2161.579954571803,1.000694429567667,0.0016349489764415155,0,31
2161.5813434681777,1.0015945451537864,0.0016352392748986274,0,31
2161.5827323645517,1.0006144814588482,0.0016343286953399896,0,31
2161.5841212609257,0.9981058334807514,0.00163437600004152,0,31
2161.5855101572856,1.0014244161671566,0.0016349898108951163,0,31
2161.5868990536605,1.0016503468724647,0.0016352934811979494,0,31
2161.5882879500346,1.0010698028704905,0.0016349708315011892,0,31
2161.589676846394,1.0011528428951197,0.001636105712988056,0,31
2161.591065742768,0.9999130582720858,0.0016344251739257856,0,31
2161.592454639142,0.9996520122372139,0.0016348210093157952,0,31
2161.5938435355033,1.001050809673368,0.0016349565969557439,0,31
2161.5952324318787,1.0000001472340863,0.0016342688814924618,0,31
2161.596621328238,0.999649435640705,0.0016350062021898714,0,31
2161.5980102245976,0.9999387506201316,0.0016350085027224688,0,31
2161.5993991209716,1.002243037686552,0.0016367037076800465,0,31
2161.6007880173315,0.998181732652199,0.0016337660713366816,0,31
2161.602176913692,1.0007518508612936,0.0016361152026850196,0,31
2161.6035658100514,1.0005421895225133,0.001635232373300836,0,31
2161.6049547064254,0.9980863985813702,0.0016347675219329097,0,31
2161.6063436027857,1.0001399459989542,0.0016350687479198584,0,31
2161.6077324991466,0.9998100680287734,0.001634912599269822,0,31
2161.609121395507,1.0019420175972709,0.0016355724207753628,0,31
2161.6105102918664,0.9985578421254536,0.0016349114490035233,0,31
2161.611899188226,1.0007550163941474,0.0016342637052941182,0,31
2161.6132880845707,1.001415361270854,0.0016364415907472506,0,31
2161.61467698093,1.0016929711404259,0.0016360729303985457,0,31
2161.61606587729,1.0030443592008162,0.0016364434599299858,0,31
2161.6174547736505,1.001466451498773,0.0016353525761290406,0,31
2161.6188436699954,1.0028427221197351,0.001636384508782182,0,31
2161.6202325663558,0.9976409418535049,0.0016323413227425647,0,31
2161.6216214627157,0.9989203324457326,0.001634238111868974,0,31
2161.6230103590615,0.9979142819345764,0.0016330744737246417,0,31
2161.624399255422,0.9999798289301876,0.0016349978627592065,0,31
2161.6257881517668,1.0018264388395863,0.0016355898185531292,0,31
2161.627177048126,1.0042704510538316,0.001637474529883403,0,31
2161.628565944471,0.9997677382289845,0.0016353256886543106,0,31
2161.629954840816,1.0021909168200294,0.0016358473344207306,0,31
2161.631343737176,0.9983051884334964,0.0016334280368281774,0,31
2161.6327326335227,0.9990773575986887,0.001634809075302947,0,31
2161.634121529868,0.9999426523234165,0.0016350829824653037,0,31
2161.635510426213,1.0005760533623442,0.0016348136763681416,0,31
2161.636899322558,0.9983087956686088,0.001634190519600869,0,31
2161.6382882189037,0.9983185131182994,0.0016341347316853863,0,31
2161.6396771152495,0.9993038036232984,0.0016343666541278438,0,31
2161.6410660115944,1.0020020154874063,0.0016353184994899444,0,31
2161.6424549079393,1.0030178570652963,0.0016357126094805059,0,31
2161.643843804284,1.0000333485205293,0.0016349148998024193,0,31
2161.6452327006305,1.000124633653987,0.0016343634908955226,0,31
2161.6466215969767,1.0001651230276982,0.0016349157625021433,0,31
2161.648010493307,1.001272176122003,0.0016347256809962978,0,31
2161.649399389652,1.0022913304668328,0.0016354274872217376,0,31
2161.650788285997,0.9990489414200477,0.001633892313062954,0,31
2161.6521771823277,0.9997831978080378,0.001634845596257928,0,31
2161.6535660786735,1.0008741287699012,0.0016340670097570557,0,31
2161.6549549750043,1.0008384245039923,0.0016359433816566648,0,31
2161.6563438713492,0.9999692280759795,0.0016345846295914305,0,31
2161.6577327676796,0.996226905689427,0.0016322028594368695,0,31
2161.6591216640104,0.9987957724087887,0.001634698074605131,0,31
2161.660510560357,1.001575772807793,0.0016359876669091611,0,31
2161.661899456688,1.0004293345954238,0.0016349774455324062,0,31
2161.6632883530183,1.0000790647043014,0.0016347616268181293,0,31
2161.6646772493486,0.99882514560899,0.0016332079046152807,0,31
2161.6660661456935,1.0013862825388251,0.0016340031699774828,0,31
2161.667455042025,0.9978441985095347,0.0016333279636601983,0,31
2161.668843938356,0.9997498492875085,0.0016347985791229723,0,31
2161.6702328346864,1.0001360442956693,0.0016347767240632986,0,31
2161.6716217310172,0.9998077122833938,0.001634685709242421,0,31
2161.6730106273485,0.9996062960534419,0.0016354842816202317,0,31
2161.6743995236643,1.0021380597830756,0.0016361883883782688,0,31
2161.6757884199956,1.001021142004994,0.0016362720702514928,0,31
2161.6771773163264,1.000541306117996,0.0016356352540719244,0,31
2161.6785662126567,0.997208368108184,0.0016340520562951738,0,31
2161.6799551089725,0.9980701292148426,0.0016328125005751332,0,31
2161.6813440053033,1.0010692139341455,0.0016358835678091368,0,31
2161.6827329016346,1.003123644756247,0.0016370772566605203,0,31
2161.6841217979513,1.0004973567432587,0.001636977471059116,0,31
2161.6855106942826,1.0002200413418592,0.001634321793742198,0,31
2161.6868995905984,1.0027183829339203,0.0016354565314457776,0,31
2161.6882884869287,1.001606839199986,0.0016361154902515944,0,31
2161.6896773832445,1.0020485414586524,0.0016358341063582966,0,31
2161.6910662795613,0.9986020859683634,0.0016349255397656813,0,31
2161.692455175892,1.0023745177255485,0.0016356299340902932,0,31
2161.693844072208,0.9990964244128544,0.0016338864179481737,0,31
2161.695232968524,1.0008758955789359,0.0016360289327126238,0,31
2161.69662186484,1.002722652722421,0.0016378999846306018,0,31
2161.698010761157,0.9986164412917701,0.001634385633521771,0,31
2161.6993996574743,0.9992566150986641,0.001634658390417829,0,31
2161.70078855379,0.9994392589826228,0.0016342036038800157,0,31
2161.702177450106,1.0010171666846661,0.0016351534362760937,0,31
2161.7035663464217,1.0015066464043116,0.0016359251211791742,0,31
2161.7049552427384,0.9995716960431796,0.0016347584635858082,0,31
2161.7063441390546,1.0021292257379022,0.0016351159088381015,0,31
2161.7077330353704,0.9995239185822006,0.0016328158075907416,0,31
2161.7091219316717,0.9979245147035688,0.0016338135198214992,0,31
2161.7105108279884,0.9984853293379892,0.0016345774404270643,0,31
2161.711899724305,0.9993208827773001,0.0016336153864515636,0,31
2161.713288620607,1.0009412675132185,0.0016349008090402613,0,31
2161.7146775169235,1.0005848874075176,0.0016357013943840944,0,31
2161.716066413225,0.9999556825400471,0.0016355433765513228,0,31
2161.7174553095406,1.0008073581117993,0.0016369666873125664,0,31
2161.718844205842,0.9998713174086418,0.001634864144301993,0,31
2161.7202331021585,1.0025188807470893,0.001635770410362011,0,31
2161.7216219984603,0.9999804178665325,0.001634687003292007,0,31
2161.723010894762,0.9974931188309378,0.0016338181208866937,0,31
2161.7243997910787,0.999502348788569,0.0016343994367173543,0,31
2161.7257886873804,0.9984376991110963,0.001633213368380199,0,31
2161.727177583682,1.0015220323663219,0.0016355744337413851,0,31
2161.7285664799842,1.0021792117101747,0.0016354736416569694,0,31
2161.7299553762855,0.9984191476162323,0.0016337332887471712,0,31
2161.7313442725867,0.9975667358740489,0.0016327449224300898,0,31
2161.732733168888,1.0009775607154723,0.0016352320857342612,0,31
2161.7341220651892,1.0029808276926115,0.00163623296119734,0,31
2161.7355109614914,1.000377066494815,0.0016347668030164731,0,31
2161.7368998577936,0.999607694777261,0.0016346128111157465,0,31
2161.7382887540957,1.0017962558519107,0.0016358630067990492,0,31
2161.739677650383,1.0039774552222496,0.0016363694115370127,0,31
2161.741066546684,1.0000292995831581,0.0016330836758550306,0,31
2161.742455442986,0.9985557808482465,0.0016343716865429001,0,31
2161.7438443392734,0.9995428381622801,0.0016341509791968543,0,31
2161.7452332355747,1.000371839684754,0.0016355939882684617,0,31
2161.7466221318614,1.0001487800441275,0.0016335378872596945,0,31
2161.7480110281626,1.0017446503046898,0.0016358860121250215,0,31
2161.7493999244507,0.9978442721265778,0.001634152129463153,0,31
2161.7507888207533,1.00208586529951,0.001636298670159648,0,31
2161.75217771704,0.9997049428912107,0.0016347061264692213,0,31
2161.7535666133267,1.0004284511909065,0.0016356533707661274,0,31
2161.7549555096284,0.9984203991059651,0.001635711746780782,0,31
2161.756344405915,0.9985373765874687,0.0016345235216943168,0,31
2161.7577333022023,1.0001408294034715,0.0016339386112814733,0,31
2161.75912219849,0.9980423019725466,0.0016329240764060985,0,31
2161.7605110947766,1.0009554019854958,0.0016363274268171135,0,31
2161.761899991064,1.000048292780281,0.0016341374635678455,0,31
2161.7632888873513,1.0027961961484888,0.0016371104705998928,0,31
2161.7646777836385,0.9993848559877637,0.0016340934658819236,0,31
2161.766066679926,0.9978698172405372,0.0016347439414737882,0,31
2161.767455576213,0.996540367058994,0.0016336856964790662,0,31
2161.7688444725,0.9981105449715105,0.0016346266143113298,0,31
2161.7702333687866,1.002518070959615,0.0016358581181672802,0,31
2161.771622265059,0.9998463612310271,0.0016347287004453315,0,31
2161.773011161346,1.0003377549937937,0.001635476948672578,0,31
2161.7744000576336,1.0003148600933862,0.0016352340987002838,0,31
2161.7757889539066,1.001861995871409,0.0016357402158716726,0,31
2161.7771778501938,0.9992794363820285,0.0016332757703268986,0,31
2161.778566746466,0.9988469362537509,0.0016331082627971635,0,31
2161.779955642753,0.9969231756831717,0.0016330557818972893,0,31
2161.781344539026,1.000067580445576,0.0016344123772132136,0,31
2161.7827334352983,1.0005368890954092,0.0016355836358717742,0,31
2161.7841223315854,1.0014542310696166,0.001635677382575111,0,31
2161.7855112278576,0.9988786651993318,0.0016336189810337467,0,31
2161.78690012413,1.0025705599113532,0.0016356865847054999,0,31
2161.788289020404,1.000729471280188,0.0016342576663960504,0,31
2161.7896779166913,0.999798583770048,0.0016345397692057847,0,31
2161.7910668129634,1.0000321706478394,0.0016347462420063855,0,31
2161.7924557092356,0.9994330751510014,0.0016344766483426484,0,31
2161.7938446055077,1.0057695149027028,0.001638453406503521,0,31
2161.7952335017803,1.0010193751959593,0.0016353100162759921,0,31
2161.7966223980534,1.0017338285993527,0.0016357061392325762,0,31
2161.798011294326,1.0008995266497744,0.0016347256809962978,0,31
2161.7994001905836,0.9998223620749729,0.0016348992274241006,0,31
2161.800789086856,1.000622873801763,0.0016346133862488958,0,31
2161.80217798313,1.0003329698859915,0.0016361604944205275,0,31
2161.8035668794028,0.9992321006233081,0.001634691460573914,0,31
2161.8049557756603,0.9969755174008237,0.0016317646079770985,0,31
2161.8063446719325,0.9998407663357507,0.001634480818057981,0,31
2161.8077335682046,1.0011694067298198,0.0016348757907482664,0,31
2161.8091224644627,0.9991191720791757,0.0016349521396738368,0,31
2161.8105113607357,0.9979141347004902,0.0016337652086369577,0,31
2161.8119002569933,1.0004438371529167,0.0016348303552294714,0,31
2161.8132891532514,0.9980374432477013,0.0016320675593634953,0,31
2161.814678049524,1.0018321073519059,0.001634468021345409,0,31
2161.8160669457825,0.997096322968569,0.0016317735225409129,0,31
2161.817455842041,0.9997797378070116,0.0016349990130255052,0,31
2161.8188447383136,1.001693044757469,0.001634713028067013,0,31
2161.820233634571,0.9977069763411756,0.0016340325017680972,0,31
2161.821622530829,0.9999083467813267,0.0016350598333560442,0,31
2161.8230114270864,0.9987876745340465,0.001634074630271284,0,31
2161.8244003233444,1.0023176117512236,0.0016346714746969756,0,31
2161.825789219603,0.9983282305679901,0.0016324257235322253,0,31
2161.8271781158614,0.9972744025958548,0.001633990517048198,0,31
2161.82856701212,1.0020951410469419,0.0016356569653483105,0,31
2161.8299559083775,0.9997203288532209,0.0016340700292060894,0,31
2161.831344804636,1.002668985897993,0.0016377214057877426,0,31
2161.8327337008795,0.9998989237998085,0.0016341770039718603,0,31
2161.834122597137,1.001549933225661,0.0016343849146053342,0,31
2161.8355114933947,0.9969588799490806,0.0016333942477556557,0,31
2161.836900389638,1.002559738206016,0.0016354013186634442,0,31
2161.8382892858954,0.9980732211306532,0.0016337319946975852,0,31
2161.8396781821543,0.998858935831778,0.0016338897249637823,0,31
2161.841067078399,1.0013281250747672,0.0016357055640994268,0,31
2161.842455974657,0.9996514969179121,0.0016353760128048748,0,31
2161.8438448709,0.9986954323790282,0.0016343299893895756,0,31
2161.845233767143,1.0003693367052884,0.0016332937432378145,0,31
2161.8466226634014,1.0007475074557501,0.0016345117314647561,0,31
2161.848011559645,1.0001957477176324,0.0016334333568098084,0,31
2161.849400455888,1.0006008623058729,0.0016351310060832708,0,31
2161.850789352131,0.996509227049758,0.001631839231503221,0,31
2161.8521782483886,1.0009199185707163,0.0016359325979101152,0,31
2161.853567144633,1.0000870889620004,0.0016340414163319116,0,31
2161.854956040878,0.9984630233739266,0.0016331201968100115,0,31
2161.856344937121,1.002453803280979,0.0016362236152836637,0,31
2161.857733833364,0.998623655761995,0.0016345852047245798,0,31
2161.859122729607,1.003048113670015,0.0016355548792143088,0,31
2161.86051162585,1.0005911448561822,0.001635035965330348,0,31
2161.861900522094,0.9995882598778796,0.001633960610124434,0,31
2161.863289418323,0.9999126901868702,0.001633446441088955,0,31
2161.864678314566,1.0013069233663514,0.0016352129625570467,0,31
2161.8660672108094,0.9981942475495279,0.0016326790696844942,0,31
2161.8674561070534,1.0004419231097958,0.0016346806768273647,0,31
2161.868845003283,1.0020617925264126,0.001635814839397795,0,31
2161.8702338995267,1.0016389362307823,0.001636293350178017,0,31
2161.8716227957552,0.9989289456397766,0.0016329012148634135,0,31
2161.8730116919983,0.9996062224363987,0.0016350414290952663,0,31
2161.8744005882268,1.000142522595463,0.0016345813225758221,0,31
2161.8757894844707,1.0007372746867575,0.0016359432378733774,0,31
2161.8771783806997,1.0004207214013798,0.0016350605522724808,0,31
2161.8785672769427,0.9954964773876787,0.00163290624727847,0,31
2161.8799561731716,0.9990598367424282,0.0016336467312082006,0,31
2161.881345069401,1.0001141800338653,0.0016352563851098193,0,31
2161.8827339656295,1.0009213172945355,0.0016340739113548473,0,31
2161.884122861859,0.9997666339733379,0.0016343256758909559,0,31
2161.885511758103,0.9995098577269663,0.0016349314348804618,0,31
2161.8869006543314,0.9979152389561369,0.0016339912359646348,0,31
2161.88828955056,0.9983788790936505,0.0016335849043946503,0,31
2161.8896784467884,0.9980967785844488,0.0016337722540180366,0,31
2161.8910673430178,1.0030359668579016,0.0016374063766052104,0,31
2161.892456239247,0.99999337446612,0.0016341108636596902,0,31
2161.893845135462,1.0020874848744583,0.0016344507673509297,0,31
2161.8952340316905,0.999532826244417,0.0016370030644842599,0,31
2161.896622927919,1.0008605096169256,0.0016351798924009618,0,31
2161.8980118241484,0.9991079086715797,0.0016336271766811243,0,31
2161.8994007203632,1.0014189685059665,0.0016350192864690181,0,31
2161.9007896165917,1.0012641518643037,0.0016360070776529503,0,31
2161.9021785128202,1.0022333938539045,0.0016358539484519477,0,31
2161.903567409034,1.002592129704985,0.0016366545337957808,0,31
2161.9049563052636,0.9988328753985166,0.0016333224998952797,0,31
2161.9063452014784,0.9990669775956099,0.0016336435679758796,0,31
2161.907734097708,1.0001498106827311,0.0016354230299398306,0,31
2161.9091229939218,1.001550669396092,0.0016363561834745787,0,31
2161.9105118901357,0.9988254400771625,0.0016338130884716374,0,31
2161.911900786364,1.0033923469636026,0.0016358427333555362,0,31
2161.913289682579,0.9966217875086748,0.0016335853357445124,0,31
2161.914678578794,0.9997488922659481,0.0016334031623194698,0,31
2161.916067475008,1.0020259410264174,0.001635245745146557,0,31
2161.9174563712218,0.9965600228095046,0.0016317045065629963,0,31
2161.9188452674366,0.9989018545679118,0.0016334238671128448,0,31
2161.9202341636515,0.9991770350750611,0.0016339974186459897,0,31
2161.9216230598663,1.000309486049239,0.001633875059068475,0,31
2161.9230119560802,0.9985473148882887,0.0016321602995838208,0,31
2161.924400852294,0.9961790546114047,0.0016329664924758596,0,31
2161.925789748508,0.9998835378377983,0.0016342128060104046,0,31
2161.927178644722,1.0037499785590362,0.0016372404506916358,0,31
2161.928567540937,0.9995036002783019,0.0016340714670389628,0,31
2161.9299564371518,1.0017126268909367,0.001635469471941637,0,31
2161.931345333352,0.9994776134620836,0.00163399310514737,0,31
2161.9327342295664,1.001675818369381,0.0016346501947704514,0,31
2161.934123125766,0.9995816343439996,0.001635358039893959,0,31
2161.9355120219802,1.001623550268772,0.0016357284256421118,0,31
2161.936900918195,1.0009122623982327,0.0016351564557251276,0,31
2161.9382898143945,0.9974446788165707,0.0016326579335412574,0,31
2161.939678710594,1.00050898823607,0.0016364781117022315,0,31
2161.941067606808,0.9979723657815911,0.0016332099175813033,0,31
2161.942456503007,0.9994227687649658,0.0016347752862304254,0,31
2161.9438453992084,0.996476761933746,0.00163179250193484,0,31
2161.9452342954237,1.0013549952955028,0.0016347098648346917,0,31
2161.946623191623,1.0004908784434647,0.001634411226946915,0,31
2161.9480120878225,1.0005376988828834,0.0016341242355054116,0,31
2161.949400984022,0.998486580827722,0.001634431069040566,0,31
2161.9507898802217,1.000298885195031,0.0016336368101613752,0,31
2161.952178776422,0.9983380216347238,0.0016348792415471624,0,31
2161.9535676726214,1.002908314905147,0.001635249195945453,0,31
2161.9549565688208,1.0018499226763389,0.0016358966520882837,0,31
2161.95634546502,0.9991130618645975,0.0016343663665612691,0,31
2161.9577343612214,0.9983428803595692,0.0016325170259196774,0,31
2161.959123257422,1.0010994705388643,0.0016353538701786266,0,31
2161.9605121536215,1.001005976894113,0.0016344596819147439,0,31
2161.9619010498063,0.9987324617517132,0.001632844132898345,0,31
2161.9632899460057,0.9996291909538494,0.0016359172130983714,0,31
2161.964678842205,1.0007545746918887,0.0016342465950829263,0,31
2161.9660677383904,0.999603130520588,0.001635040853962117,0,31
2161.9674566345907,0.9999872642515418,0.0016338762093347735,0,31
2161.96884553079,0.9973750370937876,0.001632189487591148,0,31
2161.970234426976,0.9993531270421828,0.001633531848361627,0,31
2161.9716233231616,0.9969495305846054,0.0016325825910986982,0,31
2161.973012219362,1.000358514999951,0.0016355540165145848,0,31
2161.974401115547,0.9982777292764159,0.0016346788076446294,0,31
2161.9757900117465,1.0021039750921152,0.0016354335261198054,0,31
2161.9771789079314,1.0016783949658898,0.00163496378612011,0,31
2161.978567804116,0.9994740798440144,0.0016330855450377658,0,31
2161.9799567003015,1.0021321704196267,0.0016350486182596328,0,31
2161.9813455964872,1.000549403992738,0.0016343186305098768,0,31
2161.982734492673,1.0014878740583184,0.0016355278479562915,0,31
2161.984123388873,0.9976718610116115,0.0016334507545875748,0,31
2161.985512285058,0.9967660032961295,0.0016339537085266426,0,31
2161.9869011812293,1.000746182348974,0.0016347406344581798,0,31
2161.9882900774146,1.000151135789507,0.0016341263922547214,0,31
2161.9896789735994,0.9956203012541914,0.0016312455503098506,0,31
2161.9910678697843,1.002447104130056,0.0016363163555039892,0,31
2161.992456765969,0.9999483944527792,0.0016357553131168417,0,31
2161.993845662154,0.9989054618030242,0.001633747667075904,0,31
2161.9952345583247,1.0004319111919329,0.0016356645858625388,0,31
2161.9966234545113,0.999636258189988,0.001634547389720013,0,31
2161.9980123506966,0.9994818832505841,0.001634482974807291,0,31
2161.9994012468674,0.997321664737532,0.0016348937636591822,0,31
2162.000790143052,1.0039960803341565,0.0016361374890945552,0,31
2162.0021790392234,1.0014934689535948,0.0016367385032355795,0,31
2162.0035679354087,1.0016822966691747,0.001635503836147308,0,31
2162.004956831579,0.9990804495144993,0.0016354300753209097,0,31
2162.006345727764,0.9986547221541878,0.001634878666414013,0,31
2162.007734623934,1.0030761617634403,0.0016359195136309685,0,31
2162.0091235201057,0.9994868155924725,0.0016340396909324637,0,31
2162.0105124162774,0.9974360656225267,0.0016334474475719664,0,31
2162.011901312462,1.0000531515051263,0.0016350808257159938,0,31
2162.013290208633,0.9972404651389805,0.001632395241475312,0,31
2162.0146791048032,0.9961360622582278,0.00163241148898678,0,31
2162.0160680009735,0.9995161887926739,0.0016337355892797683,0,31
2162.0174568971447,1.0004759341837133,0.0016337942528609976,0,31
2162.0188457933154,1.0007522925635524,0.0016350431544947144,0,31
2162.0202346894857,0.9986993340823132,0.0016326181055706678,0,31
2162.0216235856565,0.9990267826900713,0.0016341025242290253,0,31
2162.0230124818277,1.0009216117627078,0.001634809938002671,0,31
2162.024401377999,1.0028808557480666,0.0016362203082680553,0,31
2162.025790274155,1.0019819916516801,0.001634557023200264,0,31
2162.0271791703253,0.9999171808265,0.0016344520614005157,0,31
2162.028568066496,1.0002281392166013,0.0016338232970850375,0,31
2162.029956962652,1.0005584588890408,0.001635979615045071,0,31
2162.031345858823,1.0008108917298688,0.001634621006763124,0,31
2162.0327347549937,0.9987768528287091,0.001633510280868528,0,31
2162.0341236511495,0.9987965821962629,0.001634225315156402,0,31
2162.03551254732,1.0035606355241544,0.0016381590821143638,0,31
2162.036901443477,0.9990616035514629,0.0016331269546245159,0,31
2162.0382903396326,0.9984150250618181,0.0016336474501246374,0,31
2162.0396792358038,0.999616307971305,0.0016367849452373858,0,31
2162.04106813196,1.0039901173536645,0.0016388386019302683,0,31
2162.042457028116,0.9991496495350237,0.0016342030287468663,0,31
2162.0438459242864,0.9991825563532943,0.0016326736059195759,0,31
2162.045234820442,0.9984815748687905,0.0016318169450936855,0,31
2162.046623716599,0.9992874606397277,0.0016342631301609688,0,31
2162.0480126127554,0.9993005644734014,0.0016338992146607458,0,31
2162.049401508912,0.999210825297849,0.0016328185394732008,0,31
2162.050790405068,0.9980523875074528,0.001633493170657336,0,31
2162.0521793012235,1.0023336602666217,0.0016366943617663703,0,31
2162.05356819738,1.0021711874524757,0.0016346260391781806,0,31
2162.0549570935364,0.9964524683095193,0.0016332143748632104,0,31
2162.056345989692,1.000311473709403,0.0016329781389221331,0,31
2162.0577348858483,1.0000865000256556,0.0016344765045593612,0,31
2162.0591237819895,0.9981681871162665,0.0016340660032740444,0,31
2162.060512678146,1.002977220457499,0.0016373165120506315,0,31
2162.0619015743027,0.9975796188565933,0.0016347862137602621,0,31
2162.063290470445,0.9994333696191738,0.0016337778615662423,0,31
2162.0646793666006,1.003189826478004,0.0016357607768817603,0,31
2162.0660682627563,1.0002083362320044,0.0016345133130809166,0,31
2162.0674571588975,1.0008322406723709,0.0016350168421531337,0,31
2162.068846055054,1.0060345362579028,0.001637534775080793,0,31
2162.0702349511957,1.0024562326434017,0.0016361075821707913,0,31
2162.0716238473374,1.0019049882245858,0.0016365574800768356,0,31
2162.073012743493,0.9988062260289104,0.0016346362477915807,0,31
2162.074401639635,0.9999310208306049,0.001634126248471434,0,31
2162.0757905357773,1.0006225057165474,0.0016343949794354472,0,31
2162.0771794319194,0.9981509607281785,0.0016329643357265498,0,31
2162.078568328075,1.0005640537843172,0.001634008202392539,0,31
2162.0799572242163,1.0019440052574347,0.0016357763054767915,0,31
2162.0813461203575,0.9978783568175382,0.0016329117110433884,0,31
2162.0827350164986,1.0001250753562458,0.0016332542028337997,0,31
2162.0841239126407,1.0020251312389432,0.001635142508746257,0,31
2162.0855128087824,1.0006729333910784,0.0016355977266339322,0,31
2162.0869017049245,1.002170745750217,0.0016356529394162655,0,31
2162.0882906010665,1.0018962277964556,0.0016339370296653125,0,31
2162.089679497193,0.9994838709107481,0.0016349978627592065,0,31
2162.091068393335,0.99751446777344,0.0016321949513560664,0,31
2162.092457289477,0.9999439038131493,0.0016337677967361295,0,31
2162.093846185618,0.9986293978913576,0.00163484387085848,0,31
2162.0952350817447,0.9987340813266615,0.0016334245860292814,0,31
2162.096623977886,0.9984290123000091,0.001634492752070829,0,31
2162.098012874028,1.000770623207287,0.0016349291343478645,0,31
2162.0994017701555,1.0003204549886626,0.0016354799681216118,0,31
2162.1007906662976,0.9999866753151969,0.0016343479623004914,0,31
2162.1021795624247,1.0034103831391648,0.0016362806972487324,0,31
2162.103568458566,1.001444513619926,0.0016361540241725979,0,31
2162.1049573546925,0.9995970203060098,0.0016339039595092276,0,31
2162.1063462508196,0.9995789841304477,0.0016341223663226764,0,31
2162.1077351469617,0.9994297623840614,0.001634092746965487,0,31
2162.1091240430883,0.9986169566110719,0.0016334730409971105,0,31
2162.110512939215,1.002181346604425,0.0016356277773409834,0,31
2162.1119018353415,0.9989544171366931,0.0016343563017311563,0,31
2162.1132907314695,1.0012117365296087,0.0016343256758909559,0,31
2162.1146796275975,1.0009447275142447,0.0016347384777088698,0,31
2162.1160685237246,0.9992390942424036,0.0016325825910986982,0,31
2162.1174574198512,0.9981363845536426,0.0016324228478664788,0,31
2162.118846315978,1.0023230594124137,0.0016363922730796975,0,31
2162.120235212105,0.9990529903574188,0.001632960453577792,0,31
2162.1216241082325,1.001250459094285,0.001636894220535754,0,31
2162.123013004359,1.0015731962112842,0.0016356054909314477,0,31
2162.1244019004857,0.9984999055125252,0.0016342185573418977,0,31
2162.1257907966133,0.9978696700064511,0.0016345383313729116,0,31
2162.127179692726,0.9984106080392314,0.001635017417286283,0,31
2162.128568588853,0.9999190948696209,0.0016349918238611387,0,31
2162.1299574849804,1.0015351361999958,0.0016359755891130257,0,31
2162.131346381093,1.0007440474547238,0.0016340427103814976,0,31
2162.1327352772196,0.9990122065155352,0.0016331800106575394,0,31
2162.1341241733317,0.9986982298266665,0.0016341072690775071,0,31
2162.1355130694587,0.9981249739119603,0.0016336848337793423,0,31
2162.1369019655717,0.9976273963175725,0.0016338730461024525,0,31
2162.138290861684,0.9993249317146712,0.0016340739113548473,0,31
2162.1396797578113,1.0009881615696803,0.0016348824047794834,0,31
2162.141068653924,0.9963576495579922,0.0016328905749001513,0,31
2162.1424575500364,1.0008828155809883,0.0016355045550637446,0,31
2162.143846446164,1.004611960516824,0.001637245339323405,0,31
2162.1452353422765,1.0031045043250382,0.0016369488581849379,0,31
2162.1466242383885,1.001957329942238,0.0016340139537240322,0,31
2162.1480131345006,0.9998230246283609,0.0016351123142559184,0,31
2162.149402030613,0.9988842600946082,0.001633812081988626,0,31
2162.150790926726,1.0007526606487678,0.0016356992376347845,0,31
2162.152179822839,0.9994194559980258,0.0016345617680487456,0,31
2162.1535687189516,1.0006615227493962,0.001634950558057676,0,31
2162.1549576150637,1.0045209698515387,0.0016393879978711424,0,31
2162.156346511176,1.0025447203292213,0.0016339166124385122,0,31
2162.157735407274,1.0004101205471718,0.0016344325068734392,0,31
2162.1591243033868,1.0030018085498982,0.001636327714383688,0,31
2162.1605131994993,1.0037758917582114,0.001636129437230465,0,31
2162.161902095597,0.9980927296470777,0.0016350146854038237,0,31
2162.163290991709,0.9991361776161344,0.0016342882922362508,0,31
2162.1646798878223,1.0006080031590545,0.001634171971556804,0,31
2162.166068783921,0.9991733542229055,0.0016329972620993476,0,31
2162.1674576800333,1.0004714435440836,0.0016349538650732847,0,31
2162.168846576131,0.9971110463771912,0.0016313993984272896,0,31
2162.170235472243,1.0011432726795153,0.0016337105709877736,0,31
2162.171624368341,0.9991939669949766,0.0016342954814006173,0,31
2162.1730132644393,1.0008497615286314,0.0016351504168270598,0,31
2162.174402160552,0.9983718118575119,0.0016342917430351468,0,31
2162.1757910566494,0.9983283778020763,0.0016335742644313883,0,31
2162.177179952747,0.9993278763963956,0.0016338641315386381,0,31
2162.178568848845,1.0024560117922725,0.0016352381246323288,0,31
2162.179957744944,1.0043723370414974,0.001637648507661068,0,31
2162.181346641042,1.0000505749086173,0.0016343447990681702,0,31
2162.1827355371397,1.0003481349968724,0.001634890600426861,0,31
2162.1841244332372,0.9992402721150935,0.001635296788213558,0,31
2162.1855133293348,0.9981409488103155,0.0016336864153955028,0,31
2162.186902225433,0.999292319364573,0.0016351731345864574,0,31
2162.1882911215316,0.9971472659624019,0.0016323078212366177,0,31
2162.189680017629,0.9985472412712456,0.0016335801595461685,0,31
2162.191068913727,0.9992555108430174,0.0016342074860287736,0,31
2162.1924578098256,0.9990065380032157,0.0016344467414188845,0,31
2162.1938467059094,1.0018478613991317,0.0016365970204808504,0,31
2162.1952356020074,1.0018577260829085,0.0016347305696280668,0,31
2162.196624498105,1.0034189227161656,0.0016359221017301403,0,31
2162.198013394188,1.0005937950697341,0.0016351599065240233,0,31
2162.1994022902854,1.0023048023857222,0.0016357905400222368,0,31
2162.2007911863684,0.9996859496940881,0.0016343535698486972,0,31
2162.202180082467,1.0007320478766968,0.001635413540242867,0,31
2162.203568978551,0.9987705217630015,0.0016330337830543285,0,31
2162.2049578746496,1.0007981559814105,0.0016353026833283385,0,31
2162.2063467707326,1.0030323596227892,0.0016367681225927687,0,31
2162.2077356668156,1.00206149805824,0.0016347829067446535,0,31
2162.2091245628994,1.001780501804685,0.0016353376226671587,0,31
2162.2105134589974,0.9999385297690022,0.0016345558729339653,0,31
2162.2119023550804,0.9991221903779433,0.0016338465899775844,0,31
2162.2132912511634,1.000607708690882,0.0016346004457530364,0,31
2162.2146801472463,1.0018085498981104,0.0016353458183145364,0,31
2162.21606904333,0.9998481280400618,0.0016341761412721363,0,31
2162.2174579394145,1.001019080727787,0.0016341399078837302,0,31
2162.2188468354984,1.0006151440122364,0.0016341079879939437,0,31
2162.2202357315814,1.000933096021433,0.0016347840570109522,0,31
2162.2216246276644,0.9969131637653086,0.001633453917819896,0,31
2162.2230135237483,1.0021352623354374,0.0016365725773220049,0,31
2162.2244024198317,1.001803691173265,0.0016368270737405724,0,31
2162.2257913159,1.0012352939834042,0.0016349148998024193,0,31
2162.227180211983,1.0008435776970102,0.0016342698879754731,0,31
2162.228569108066,1.0015192349186837,0.0016340258877368804,0,31
2162.229958004135,0.9990722780227139,0.0016334897198584403,0,31
2162.2313469002197,0.998835746463198,0.0016331686517778406,0,31
2162.2327357963036,0.9979129568278003,0.0016342326481040557,0,31
2162.234124692372,1.0013516089115198,0.0016353873716845736,0,31
2162.235513588455,1.000709741912634,0.0016345146071305027,0,31
2162.2369024845234,1.0015642885490676,0.0016353502755964435,0,31
2162.2382913805927,1.0000197293675537,0.0016344463100690227,0,31
2162.239680276676,0.9968090692663495,0.0016334598129346765,0,31
2162.2410691727446,0.9982668339540355,0.0016346130986823213,0,31
2162.2424580688134,1.0003117681775755,0.0016359696939982455,0,31
2162.2438469648973,0.9993621083214423,0.0016333958293718162,0,31
2162.2452358609667,0.9978945525670226,0.0016349578910053299,0,31
2162.246624757036,0.9993571759795539,0.0016336092037702084,0,31
2162.2480136531044,0.9969009433361521,0.0016327557061766391,0,31
2162.249402549173,0.9972696911050957,0.0016338911627966554,0,31
2162.2507914452412,1.0007337410686883,0.00163432006834275,0,31
2162.2521803413097,1.0015004625726904,0.001635696361969038,0,31
2162.253569237379,1.002086012533596,0.001634842145459032,0,31
2162.254958133448,0.998305630135755,0.0016335026603542997,0,31
2162.2563470295167,1.0019657222851526,0.001634645593705257,0,31
2162.257735925586,1.002082110830311,0.0016357574698661517,0,31
2162.2591248216545,0.9995370960329174,0.001633863556405489,0,31
2162.2605137177093,1.0001595281324218,0.0016361533052561613,0,31
2162.2619026137786,0.997167878734473,0.0016336027335222788,0,31
2162.263291509847,1.0030071825940452,0.0016364910521980908,0,31
2162.264680405901,1.0002017106981245,0.0016335641996012753,0,31
2162.2660693019693,1.0028385995653208,0.0016352783839527804,0,31
2162.267458198024,1.000606309967063,0.0016350182799860068,0,31
2162.2688470940934,1.0020828470007423,0.0016368125516285526,0,31
2162.270235990148,0.9998637348532013,0.0016324038684725516,0,31
2162.2716248862166,0.9985119050905523,0.0016343278326402656,0,31
2162.2730137822705,1.002956092366126,0.0016352382684156161,0,31
2162.274402678339,0.9985272910525625,0.0016324800736148347,0,31
2162.2757915743937,1.0005041295112247,0.001633968949555099,0,31
2162.2771804704485,1.0013046412380149,0.0016364750922531976,0,31
2162.2785693665023,1.0002655366745017,0.001634267156093014,0,31
2162.2799582625707,0.9990382669487966,0.001634287860886389,0,31
2162.2813471586255,1.0017383928560255,0.0016346043279017943,0,31
2162.2827360546803,1.0009128513345775,0.00163383767541377,0,31
2162.284124950735,0.9970721029613855,0.0016326248633851722,0,31
2162.285513846789,0.9998373063347245,0.001634129267920468,0,31
2162.286902742843,1.0016415128272913,0.0016360562515372159,0,31
2162.2882916388967,1.0012949974053673,0.0016356424432362906,0,31
2162.2896805349515,1.0000297412854169,0.001634742072291053,0,31
2162.2910694309917,1.0027052054832035,0.0016364296567344025,0,31
2162.2924583270456,0.9958715562223297,0.0016317160092259822,0,31
2162.2938472230994,1.0019014546065166,0.0016351126018224929,0,31
2162.295236119154,0.9990017528954135,0.0016336398296104091,0,31
2162.2966250151944,0.9983597386624417,0.001634188362851559,0,31
2162.298013911249,1.0002503715636208,0.001633935448049152,0,31
2162.299402807303,1.001506867255441,0.0016343895156705286,0,31
2162.3007917033424,1.0020106286814503,0.0016355484089663791,0,31
2162.3021805993963,0.9968792999254774,0.0016336153864515636,0,31
2162.3035694954356,0.9996860969281742,0.0016348237411982543,0,31
2162.3049583914903,1.0052508828339852,0.0016375909943461375,0,31
2162.3063472875306,1.0011640326856728,0.0016345701074794107,0,31
2162.307736183571,0.9992522716931206,0.0016352162695726553,0,31
2162.309125079625,1.0010460245655657,0.0016347008064875903,0,31
2162.3105139756644,0.9983599595135709,0.0016334999284718405,0,31
2162.311902871704,0.9979005891645577,0.0016344822558908541,0,31
2162.313291767759,1.0003483558480017,0.001636129868580327,0,31
2162.3146806637983,1.003618645754126,0.0016359751577631639,0,31
2162.3160695598376,0.9998125710082392,0.00163479009590902,0,31
2162.317458455877,1.0007796044865465,0.0016335475207399455,0,31
2162.318847351917,1.0020337444329872,0.0016348070623369245,0,31
2162.3202362479583,0.9997979948337031,0.0016342895862858369,0,31
2162.321625143998,0.9988912537137038,0.0016327500986284334,0,31
2162.3230140400374,0.9982510799068096,0.0016350849954313263,0,31
2162.3244029360767,0.9999746757371698,0.0016347276939623202,0,31
2162.325791832102,0.9979277538534658,0.0016327174598222104,0,31
2162.327180728142,0.996506576836206,0.0016321672011816125,0,31
2162.3285696241815,1.0000368085215556,0.0016327968281968147,0,31
2162.3299585202208,0.9975481107621418,0.0016329478006485072,0,31
2162.3313474162455,1.0023739287892035,0.001636419735687577,0,31
2162.332736312285,1.0003772873459444,0.0016355400695357142,0,31
2162.334125208326,1.000563906550231,0.001633497484155956,0,31
2162.335514104352,0.9996773365000441,0.001633905109775526,0,31
2162.3369030003914,0.9990061699180002,0.0016339246643026027,0,31
2162.338291896416,1.0029897353548278,0.001635670337194032,0,31
2162.3396807924555,1.0000605868264805,0.0016354814059544851,0,31
2162.3410696884807,1.0061782367260557,0.0016380500943825706,0,31
2162.3424585845064,0.9994292470647597,0.0016346148240817691,0,31
2162.3438474805457,1.0014931744854223,0.0016354910394347358,0,31
2162.3452363765705,0.9971595600086014,0.0016318725892258807,0,31
2162.346625272596,0.9981622977528177,0.0016330195485088832,0,31
2162.3480141686227,1.0013858408365663,0.0016355338868543593,0,31
2162.3494030646625,1.0001964102710204,0.00163294550011591,0,31
2162.3507919606873,0.9993409802300695,0.0016335801595461685,0,31
2162.352180856712,1.0005487414393501,0.0016338691639536946,0,31
2162.353569752737,1.0021349678672649,0.0016348917506931596,0,31
2162.3549586487616,1.0006476827452915,0.001633539325092568,0,31
2162.356347544787,1.0003532881898902,0.001633929696717659,0,31
2162.3577364408125,1.0003734592597027,0.001634025743953593,0,31
2162.3591253368236,0.9993229440545073,0.0016337177601521398,0,31
2162.3605142328493,1.0001024749240106,0.0016345737020615938,0,31
2162.361903128874,0.999353274276269,0.001634002882410908,0,31
2162.3632920248997,0.9987606570792247,0.0016336287582972848,0,31
2162.364680920925,1.0028211523261035,0.001635230216551526,0,31
2162.366069816935,1.0002701745482176,0.0016351622070566207,0,31
2162.36745871296,1.0024050687984396,0.0016356477632179216,0,31
2162.36884760897,1.00049028950712,0.0016338322116488516,0,31
2162.3702365049953,0.9979474832210194,0.001633295324853975,0,31
2162.371625401021,0.9972584276974996,0.0016333813072597963,0,31
2162.373014297032,0.9992606640360352,0.0016352231711704468,0,31
2162.374403193043,0.9973762149664773,0.001633572395248653,0,31
2162.375792089068,0.9973923370989187,0.0016333928099227823,0,31
2162.377180985079,0.9978787985197969,0.0016335295478290296,0,31
2162.37856988109,1.000309486049239,0.0016348510600228464,0,31
2162.3799587771146,0.9996913973552782,0.0016329275272049942,0,31
2162.3813476731248,1.0011468062975846,0.0016354458914825155,0,31
2162.382736569135,0.9991139452691148,0.001634179448287745,0,31
2162.384125465145,0.9987090515320038,0.0016338280419335193,0,31
2162.3855143611568,1.0014271399977517,0.0016347987229062596,0,31
2162.386903257183,1.0007234346826528,0.0016343173364602908,0,31
2162.388292153193,0.9997374080072227,0.0016349131744029712,0,31
2162.389681049204,1.001125825440298,0.0016355961450177715,0,31
2162.3910699451994,0.9975041613874045,0.00163216518821559,0,31
2162.3924588412106,0.9986484647055234,0.0016342214330076442,0,31
2162.393847737221,0.9995684568932828,0.001634036383916855,0,31
2162.3952366332314,0.9941943391291295,0.0016303674657741484,0,31
2162.3966255292416,1.0008253206703186,0.0016338700266534186,0,31
2162.3980144252523,0.9990973814344148,0.0016342340859369288,0,31
2162.39940332125,0.9982288475597901,0.0016325063859564154,0,31
2162.4007922172605,1.00055205420629,0.0016341962709323621,0,31
2162.4021811132707,0.9979532989674252,0.0016327634704741548,0,31
2162.4035700092663,0.9999603940308063,0.0016346974994719818,0,31
2162.404958905277,0.9975609201276431,0.0016330119279946548,0,31
2162.4063478012727,1.0026248892891694,0.0016363671110044154,0,31
2162.407736697284,1.0004816026960328,0.00163488743719454,0,31
2162.40912559328,0.9998549008080281,0.0016353978678645485,0,31
2162.41051448929,1.00249547052738,0.0016346703244306772,0,31
2162.411903385286,0.9995833275359912,0.0016332613919981661,0,31
2162.413292281283,0.9995588130606352,0.0016345765777273404,0,31
2162.4146811772794,1.0011189054382457,0.0016355028296642967,0,31
2162.41607007329,0.9978483210639488,0.0016329751194730992,0,31
2162.4174589692857,0.9978854240536769,0.001632420403550594,0,31
2162.418847865282,1.0001629145164048,0.0016334209914470983,0,31
2162.4202367612775,0.9989900477855589,0.0016335915184258673,0,31
2162.421625657274,1.0021214223313324,0.001634564499931205,0,31
2162.42301455327,0.9987502034591029,0.0016355363311702437,0,31
2162.4244034492663,0.9998358339938622,0.0016334352259925436,0,31
2162.425792345263,1.0015926311106655,0.0016354129651097178,0,31
2162.4271812412585,1.0000025029794657,0.0016344565186824228,0,31
2162.428570137255,0.9960277715878114,0.0016317210416410387,0,31
2162.429959033251,1.0012891816589615,0.0016336237258822285,0,31
2162.431347929247,0.9980236032435964,0.0016332782146427833,0,31
2162.432736825228,1.0020246895366844,0.0016348982209410893,0,31
2162.434125721224,1.0009370713417611,0.0016356691869277332,0,31
2162.4355146172197,0.9973719451779769,0.0016322751824303944,0,31
2162.4369035132017,1.0024111790130177,0.00163669867526499,0,31
2162.4382924091983,1.001431336169209,0.0016353834895358158,0,31
2162.439681305195,1.0024279636988471,0.001635486150802967,0,31
2162.441070201176,0.9988835239241771,0.001634276070656828,0,31
2162.4424590971716,0.9994784232495578,0.0016345061239165504,0,31
2162.4438479931537,0.9991243252721935,0.0016328621058092608,0,31
2162.4452368891352,0.9998060190914022,0.0016333456490045394,0,31
2162.446625785131,0.9991796116715699,0.0016336480252577867,0,31
2162.4480146811125,1.000104020881916,0.0016330809439725714,0,31
2162.4494035770936,0.999630884145841,0.0016347443728236502,0,31
2162.4507924730906,1.0013954110521708,0.0016353278454036206,0,31
2162.452181369073,1.0004118137391635,0.0016345092871488717,0,31
2162.453570265054,0.9983826335628492,0.0016327616012914196,0,31
2162.4549591610353,0.9987284864313851,0.0016338816730996919,0,31
2162.4563480570164,1.000588347408544,0.0016350333772311761,0,31
2162.4577369529984,1.0020888099812342,0.0016346379731910286,0,31
2162.45912584898,1.0000939353470097,0.0016340857015844082,0,31
2162.460514744961,0.997134751065073,0.0016327646207404535,0,31
2162.461903640942,1.0041873374121593,0.0016357502807017854,0,31
2162.463292536924,1.0000997510934155,0.0016348834112624947,0,31
2162.464681432906,0.9994379338758468,0.0016350118097380772,0,31
2162.466070328888,0.9988567273204847,0.0016340818194356503,0,31
2162.4674592248552,0.9998013076006431,0.0016336529138895558,0,31
2162.4688481208364,1.0010128968961656,0.0016336228631825046,0,31
2162.4702370168175,0.9987875272999602,0.0016342071984621989,0,31
2162.471625912784,0.9978063593493756,0.0016328196897394994,0,31
2162.473014808766,0.9997646463131739,0.0016343524195823985,0,31
2162.4744037047476,0.9995356236920552,0.0016338861303815992,0,31
2162.475792600714,1.0010745143612496,0.0016350966418775998,0,31
2162.477181496696,1.000638775083075,0.001635111739122769,0,31
2162.4785703926636,1.000473063119032,0.001634485275339888,0,31
2162.4799592886307,0.9984724463554447,0.0016334094887841123,0,31
2162.4813481846127,0.999782682488736,0.001634138038700995,0,31
2162.482737080579,1.000144363021541,0.0016347545814370504,0,31
2162.484125976546,1.001391582965929,0.0016359583351185467,0,31
2162.485514872527,1.0010574352072479,0.001632970087058043,0,31
2162.4869037684944,1.0005874640040266,0.001635274789370597,0,31
2162.4882926644614,0.9985529834006083,0.001633976857635902,0,31
2162.4896815604284,1.0002109128285133,0.0016341749910058377,0,31
2162.491070456396,1.000022526815192,0.001633229615891667,0,31
2162.492459352363,1.0014758744802912,0.0016352592607755659,0,31
2162.4938482483294,1.000389066072842,0.001635958478901834,0,31
2162.4952371442964,0.9990424631202539,0.0016336335031457666,0,31
2162.496626040264,1.0003163324342483,0.001634259679362073,0,31
2162.4980149362304,0.9969955412365499,0.0016312780453327862,0,31
2162.499403832197,0.9980826441121715,0.0016333498187198717,0,31
2162.5007927281636,1.000765911716528,0.0016352526467443488,0,31
2162.5021816241315,0.9993353117177499,0.0016325462139270047,0,31
2162.503570520085,1.001475064692817,0.0016353100162759921,0,31
2162.5049594160514,1.001758637542881,0.0016353916851831935,0,31
2162.506348312018,1.0013083957072135,0.001634861412419534,0,31
2162.5077372079704,0.998049884527987,0.001633258803898994,0,31
2162.5091261039374,1.0005216503674852,0.0016347427912074895,0,31
2162.5105149998903,0.9969937008104721,0.001632352969188838,0,31
2162.511903895857,0.9989315222362856,0.0016319381544049015,0,31
2162.513292791809,0.9988824196685304,0.0016326616719067278,0,31
2162.5146816877755,1.0006657925378968,0.0016342765020066902,0,31
2162.516070583729,0.9997265863018854,0.0016329174623748814,0,31
2162.5174594796968,1.000626922739134,0.001634919213301039,0,31
2162.5188483756488,0.9999235118922075,0.001632920338040628,0,31
2162.5202372716008,1.002446367959625,0.001634931147313887,0,31
2162.521626167553,1.0017994950018076,0.0016344284809413942,0,31
2162.52301506352,1.0002434515615684,0.0016341378949177076,0,31
2162.5244039594722,0.9976384388740391,0.0016333942477556557,0,31
2162.525792855425,1.0003410677607336,0.0016347416409411908,0,31
2162.527181751377,0.9990309788615286,0.0016323190363330292,0,31
2162.52857064733,1.0019299444022005,0.001635318355706657,0,31
2162.5299595432825,0.9982011675515803,0.0016337393276452388,0,31
2162.531348439235,1.0000336429887018,0.0016350315080484409,0,31
2162.532737335188,0.9992748721253557,0.0016337846193807467,0,31
2162.53412623114,1.001000529232923,0.0016356333848891891,0,31
2162.535515127078,0.9989370435145188,0.0016329104169938023,0,31
2162.53690402303,1.0013249595419136,0.0016360578331533764,0,31
2162.5382929189823,1.0004143903356724,0.001634678663861342,0,31
2162.539681814935,0.9991213805904691,0.0016332933118879526,0,31
2162.5410707108736,0.9990778729179904,0.0016332102051478778,0,31
2162.542459606826,1.0008965083510069,0.0016348992274241006,0,31
2162.543848502778,0.9952235053918227,0.0016311351247451837,0,31
2162.5452373987155,0.9992700134005104,0.001633327819876911,0,31
2162.546626294668,0.9978065802005048,0.0016320547626509233,0,31
2162.5480151906063,0.9995327526273738,0.0016337399027783882,0,31
2162.5494040865583,1.000238592836723,0.0016332470136694334,0,31
2162.550792982496,0.999611007544201,0.0016337902269289524,0,31
2162.5521818784337,1.000118597056452,0.001634608210050552,0,31
2162.553570774386,1.0014082940347153,0.0016337896517958032,0,31
2162.5549596703254,1.0002451447535599,0.0016329262331554082,0,31
2162.5563485662633,0.9988179311387652,0.0016320324762413875,0,31
2162.5577374622153,0.9995064713429832,0.0016343806011067145,0,31
2162.5591263581528,0.9997431501365854,0.0016333813072597963,0,31
2162.5605152540907,0.9968539756626472,0.0016320390902726046,0,31
2162.561904150029,1.0024565271115742,0.0016362789718492843,0,31
2162.5632930459665,0.9961294367243478,0.001632073166911701,0,31
2162.5646819419044,0.9995650705092997,0.0016341918136504549,0,31
2162.566070837842,0.9977425333729982,0.001633408482301101,0,31
2162.5674597337807,0.9981082628431741,0.0016315740951213912,0,31
2162.5688486297195,1.0014130055254744,0.001635103399692104,0,31
2162.570237525657,1.0002793030615635,0.0016345506967356215,0,31
2162.5716264215944,0.9986468451305749,0.0016338752028517622,0,31
2162.5730153175173,1.0002251945348768,0.00163422919730516,0,31
2162.5744042134547,1.002473679882619,0.0016351019618592309,0,31
2162.5757931093926,0.9996835203316654,0.0016327201917046695,0,31
2162.5771820053164,0.9999636331807031,0.0016338028798582372,0,31
2162.578570901254,0.9977922984941413,0.0016327930898313442,0,31
2162.5799597971923,1.0001173455667192,0.0016347823316115043,0,31
2162.581348693116,0.9986333732116855,0.0016333557138346522,0,31
2162.5827375890544,0.9998512199558725,0.0016340342271675453,0,31
2162.584126484978,0.9993612985339682,0.001633147659417891,0,31
2162.5855153809152,0.998676733650078,0.0016332037348999481,0,31
2162.586904276838,0.9974495375414161,0.0016324429775267043,0,31
2162.588293172761,1.0001732209024403,0.0016341519856798656,0,31
2162.589682068699,0.9973453694254139,0.0016321853178758155,0,31
2162.5910709646228,0.9991145342054597,0.0016332757703268986,0,31
2162.5924598605457,1.0005008167442848,0.0016349412121439998,0,31
2162.5938487564695,0.9988640890247957,0.0016320697161128052,0,31
2162.595237652408,1.0009782232688602,0.001634000150528449,0,31
2162.5966265483316,1.0009969956148537,0.001634811663402119,0,31
2162.598015444255,1.0026575752563107,0.0016345117314647561,0,31
2162.599404340178,1.0006514372144901,0.001633142914569409,0,31
2162.600793236101,1.00160882686015,0.001634292318168296,0,31
2162.6021821320237,0.9982971641757972,0.0016327013560940298,0,31
2162.603571027947,0.9998168407967396,0.0016325048043402547,0,31
2162.604959923871,1.0005690597432488,0.0016325367242300411,0,31
2162.60634881978,0.9995577088049885,0.001632664403789187,0,31
2162.607737715704,0.9986554583246189,0.0016329581530451947,0,31
2162.609126611627,1.0013347506086474,0.0016353157676074852,0,31
2162.6105155075497,1.0004295554465532,0.0016334021558364585,0,31
2162.611904403459,0.9984974761501025,0.0016327526867276055,0,31
2162.6132932993823,0.998336107591603,0.0016342166881591624,0,31
2162.6146821953052,1.0009824930573608,0.0016338831109325653,0,31
2162.6160710912136,1.0043517978864693,0.0016357167791958384,0,31
2162.6174599871365,0.9981706900957323,0.0016333916596564838,0,31
2162.618848883046,1.0019254537625708,0.0016353676733742099,0,31
2162.6202377789705,0.99968197437376,0.0016354100894439712,0,31
2162.6216266748793,0.998008732600888,0.0016320514556353147,0,31
2162.623015570802,0.9991484716623339,0.0016339945429802432,0,31
2162.6244044667105,1.0012283739813517,0.0016337249493165063,0,31
2162.62579336262,0.9989383686212948,0.0016321927946067565,0,31
2162.627182258543,0.9986630408800593,0.001633997562429277,0,31
2162.6285711544515,0.9995522611437984,0.0016337600324386138,0,31
2162.62996005036,1.0016328260162042,0.0016335854795277997,0,31
2162.631348946268,1.0024359143395032,0.0016343877902710807,0,31
2162.632737842178,1.0006746265830702,0.001633377712677613,0,31
2162.6341267380876,1.002065473378568,0.0016364565442091325,0,31
2162.6355156339964,1.000037176606771,0.0016344106518137657,0,31
2162.6369045299048,1.0047005218196867,0.0016376201823534648,0,31
2162.638293425813,1.0000734698090248,0.001633441121107324,0,31
2162.6396823217215,1.000204655379849,0.00163391028597387,0,31
2162.6410712176307,0.9990456286531078,0.0016329492384813806,0,31
2162.6424601135395,0.9996847718213983,0.0016340218618048352,0,31
2162.643849009448,0.9995409977362023,0.0016334585188850905,0,31
2162.6452379053567,1.0013759761527896,0.0016331387448540768,0,31
2162.6466268012514,1.0029180323548377,0.0016357899648890874,0,31
2162.6480156971606,0.9991866052906655,0.001632639241713905,0,31
2162.6494045930694,0.9979914325957568,0.0016316800634041508,0,31
2162.6507934889637,1.0014523170264957,0.0016351463908950146,0,31
2162.652182384872,0.9995933394538543,0.0016344044691324105,0,31
2162.653571280766,0.9999253523182854,0.0016350634279382274,0,31
2162.654960176675,0.9991213069734259,0.0016339046784256642,0,31
2162.6563490725694,1.0015066464043116,0.0016347384777088698,0,31
2162.657737968478,1.0021175206280477,0.0016354923334843219,0,31
2162.659126864373,1.0012806420819607,0.0016341170463410452,0,31
2162.660515760281,0.9980043891953444,0.0016352410002980753,0,31
2162.661904656176,1.002113839775892,0.0016355886682868305,0,31
2162.66329355207,1.003967811389602,0.0016362500714085318,0,31
2162.6646824479644,0.9977219206009271,0.0016320853884911237,0,31
2162.6660713438728,1.000251107734052,0.0016351827680667083,0,31
2162.6674602397666,0.9962161576011327,0.00163217539682899,0,31
2162.6688491356604,1.0002463962432928,0.0016339890792153248,0,31
2162.670238031555,0.9989235715956295,0.0016346898789577535,0,31
2162.67162692745,0.9995398198635125,0.0016341593186275192,0,31
2162.6730158233445,1.0006059418818474,0.0016338465899775844,0,31
2162.6744047192383,1.0027026288866947,0.0016361420901597498,0,31
2162.675793615132,0.9976604503699293,0.0016321752530457027,0,31
2162.677182511027,1.0006649827504226,0.0016340818194356503,0,31
2162.678571406921,1.0004501682186244,0.0016343637784620973,0,31
2162.6799603028007,0.9991522261315327,0.00163297238759064,0,31
2162.6813491986945,1.0005376988828834,0.001634505117433539,0,31
2162.6827380945883,1.0001313328049102,0.0016335181889493308,0,31
2162.6841269904835,1.0022179342748512,0.0016360845768448192,0,31
2162.685515886364,1.0000641940615929,0.0016330691537430107,0,31
2162.686904782258,0.998676733650078,0.0016330700164427347,0,31
2162.688293678137,0.9993699853450553,0.0016328235718882573,0,31
2162.689682574031,1.0021169316917027,0.0016354727789572455,0,31
2162.6910714699256,0.9990912712198367,0.001633943356129955,0,31
2162.6924603658053,0.9991668759231117,0.0016350162670199842,0,31
2162.693849261685,1.0022690245027703,0.0016354422969003324,0,31
2162.695238157579,1.0003204549886626,0.0016341850558359507,0,31
2162.696627053458,0.9991945559313214,0.0016334596691513891,0,31
2162.6980159493382,1.0025899948107346,0.0016364377085984927,0,31
2162.699404845233,1.0000505012915741,0.0016330737548082052,0,31
2162.700793741113,1.0003906856477907,0.0016333547073516409,0,31
2162.7021826369923,0.9998236135647058,0.0016332176818788188,0,31
2162.7035715328716,0.9992043469980553,0.001633333571208404,0,31
2162.704960428751,1.0011903875871064,0.0016354318007203575,0,31
2162.7063493246455,1.0023555981454688,0.0016356343913722002,0,31
2162.7077382205257,1.0003552758500542,0.0016334989219888292,0,31
2162.709127116405,1.001238459516258,0.0016357909713720987,0,31
2162.710516012285,0.9990828052598788,0.001633916037305363,0,31
2162.711904908165,0.9997201080020917,0.0016340185547892266,0,31
2162.71329380403,1.0024228105058293,0.0016345611929155963,0,31
2162.71468269991,0.9986522927917652,0.001633486556626119,0,31
2162.7160715957893,1.0004152001231466,0.0016349163376352925,0,31
2162.7174604916686,0.9988480405093976,0.001633939905331059,0,31
2162.718849387548,1.00185728438065,0.0016354307942373462,0,31
2162.7202382834134,1.001583723448449,0.0016343613341462126,0,31
2162.721627179293,0.9999467012607876,0.0016332015781506382,0,31
2162.7230160751733,0.9962718857027678,0.0016316799196208634,0,31
2162.724404971039,0.9989878392742655,0.0016330061766631617,0,31
2162.725793866918,0.9994227687649658,0.0016329761259561105,0,31
2162.727182762783,0.9993350172495774,0.0016342698879754731,0,31
2162.7285716586625,0.998249313097775,0.0016332782146427833,0,31
2162.729960554528,0.9993601206612783,0.0016339414869472198,0,31
2162.7313494504074,0.998026695159407,0.00163263090228324,0,31
2162.732738346272,1.0003283320122756,0.0016335715325489291,0,31
2162.7341272421368,0.999473858992885,0.0016330723169753318,0,31
2162.735516138017,0.9971095740363289,0.001631685095819207,0,31
2162.736905033883,0.9987136894057198,0.0016322787770125778,0,31
2162.7382939297486,0.9996741709671902,0.0016331253730083554,0,31
2162.7396828256133,1.0036942504574011,0.0016350348150640495,0,31
2162.741071721478,0.9997374080072227,0.0016342273281224244,0,31
2162.742460617343,0.9972098404490463,0.001631699186581365,0,31
2162.7438495132087,1.0007730525697096,0.001635710021381334,0,31
2162.7452384090734,0.9998297973963272,0.0016342743452573802,0,31
2162.746627304938,0.9990722044056708,0.0016331955392525706,0,31
2162.748016200803,1.0013415233766134,0.0016349203635673377,0,31
2162.749405096669,1.0017742443560205,0.0016341604688938178,0,31
2162.750793992535,0.9995292926263476,0.001633415096332318,0,31
2162.7521828884,0.9983885965433412,0.0016331026552489577,0,31
2162.7535717842648,1.0021629423436471,0.0016355433765513228,0,31
2162.754960680115,0.9992003716777272,0.0016334317751936478,0,31
2162.75634957598,0.9994627428193752,0.0016334905825581643,0,31
2162.7577384718456,1.0014873587390165,0.0016354923334843219,0,31
2162.7591273677103,0.9978432414879742,0.0016341525608130148,0,31
2162.7605162635605,1.0001958213346755,0.0016346802454775026,0,31
2162.761905159426,0.9977903108339773,0.0016328091935595246,0,31
2162.7632940552767,0.9970676123217557,0.0016313049328075162,0,31
2162.764682951142,1.0047181899100333,0.0016369047167157287,0,31
2162.766071846993,0.9985267021162176,0.0016326275952676314,0,31
2162.767460742858,1.0003818516026173,0.0016325111308048972,0,31
2162.768849638708,1.0008546202534767,0.0016351128893890676,0,31
2162.7702385345583,1.0013853991343078,0.0016353403545496178,0,31
2162.7716274304235,0.9987816379365113,0.0016337345827967572,0,31
2162.7730163262745,1.0002744443367182,0.0016344263241920842,0,31
2162.7744052221246,1.0005614771878084,0.001633924376736028,0,31
2162.7757941179757,1.0020768840202503,0.0016353242508214375,0,31
2162.7771830138263,0.9988768983902971,0.0016334132271495828,0,31
2162.7785719096914,1.0005713418715851,0.001634787076459986,0,31
2162.7799608055425,1.0030372919646777,0.0016348520665058577,0,31
2162.781349701393,0.9988791805186336,0.0016336907288941225,0,31
2162.782738597243,1.0011311994844452,0.0016335680817500331,0,31
2162.7841274930934,0.999501686235181,0.0016325230648177452,0,31
2162.7855163889294,0.9992960738337717,0.0016308423819721874,0,31
2162.7869052847805,1.0012916110213843,0.001633845152144711,0,31
2162.7882941806315,0.9979597036501759,0.001631914142595918,0,31
2162.789683076482,0.9988749843471763,0.00163293529150251,0,31
2162.7910719723322,1.0012195399361785,0.0016355346057707958,0,31
2162.792460868168,1.0006888346723906,0.0016333528381689056,0,31
2162.7938497640184,1.0017473005182418,0.0016357786060093888,0,31
2162.7952386598695,1.000661449132353,0.0016347801748621943,0,31
2162.7966275557055,0.9995119190041735,0.0016332184007952556,0,31
2162.7980164515557,0.996329012528222,0.0016306301578400935,0,31
2162.799405347406,1.0006054265625457,0.0016351831994165702,0,31
2162.8007942432428,1.0027777182706679,0.0016355970077174954,0,31
2162.8021831390943,1.0022216151270067,0.0016343761438248074,0,31
2162.80357203493,0.9975715209818511,0.0016322730256810847,0,31
2162.8049609307654,0.9989661958635908,0.0016317449096667348,0,31
2162.8063498266156,1.0005031724896642,0.001634557023200264,0,31
2162.8077387224516,1.00235302154896,0.0016358914758899399,0,31
2162.809127618288,1.0000979106673378,0.001634564499931205,0,31
2162.8105165141387,1.0013354867790785,0.0016343872151379315,0,31
2162.8119054099743,1.0004620941796083,0.0016345558729339653,0,31
2162.81329430581,1.0012009884413144,0.0016349670931357187,0,31
2162.814683201647,0.9973321919746969,0.0016318134942947895,0,31
2162.816072097484,1.002942767681323,0.0016373002645391635,0,31
2162.8174609933194,1.0010639871240847,0.001634334159104908,0,31
2162.818849889155,1.0017769681866158,0.0016352224522540103,0,31
2162.8202387849906,0.9997691369528036,0.0016339575906754002,0,31
2162.8216276808266,1.0001028430092263,0.0016337551438068449,0,31
2162.823016576663,1.0010865875563197,0.001634362771979086,0,31
2162.8244054724987,1.0016026430285285,0.0016348875809778273,0,31
2162.8257943683348,0.9978559772364324,0.0016329421931003014,0,31
2162.827183264171,1.0018742899176085,0.0016349255397656813,0,31
2162.8285721599927,1.0008477738684673,0.0016342493269653855,0,31
2162.8299610558292,1.0003100013685409,0.0016344474603353213,0,31
2162.8313499516653,1.0010652386138177,0.0016342828284713325,0,31
2162.8327388474863,0.9998517352751742,0.0016321385883074344,0,31
2162.834127743322,1.0015793800429056,0.0016346056219513803,0,31
2162.8355166391575,1.0010070811497598,0.001633948676111586,0,31
2162.836905534979,1.001368393597349,0.0016335206332652155,0,31
2162.8382944308155,1.0004284511909065,0.0016330756239909404,0,31
2162.8396833266374,1.0022300810869644,0.0016342563723464644,0,31
2162.8410722224594,1.000327301373672,0.001634335884504356,0,31
2162.842461118295,1.0019696239884375,0.0016341409143667415,0,31
2162.843850014117,0.999344661082225,0.0016332403996382164,0,31
2162.8452389099384,1.0031512511474137,0.0016349484013083663,0,31
2162.846627805774,1.000110572798753,0.0016321953827059285,0,31
2162.848016701595,1.0017047498673237,0.0016350235999676378,0,31
2162.849405597416,0.999037236310193,0.0016334947522734968,0,31
2162.8507944932376,1.001132377357135,0.0016340503308957257,0,31
2162.8521833890595,1.0017595945644415,0.0016340872832005687,0,31
2162.8535722848815,0.9993841934343757,0.0016353196497562428,0,31
2162.8549611807034,1.0013018437903767,0.001633468439931916,0,31
2162.856350076539,1.0024474722152716,0.0016361594879375162,0,31
2162.8577389723464,1.0021772976670538,0.001635180036184249,0,31
2162.859127868168,0.9996060015852694,0.0016337718226681747,0,31
2162.860516763989,1.0039395424450472,0.0016359048477356613,0,31
2162.86190565981,0.9972080736400116,0.001631351949942472,0,31
2162.863294555631,0.9992995338347979,0.0016350674538702726,0,31
2162.864683451452,0.9990522541869877,0.0016334149525490307,0,31
2162.86607234726,0.9989486750073304,0.0016340197050555253,0,31
2162.8674612430827,1.0036533929984743,0.0016353498442465814,0,31
2162.868850138904,0.9987623502712162,0.001632828316736739,0,31
2162.8702390347103,0.9999104080585338,0.0016339466631455635,0,31
2162.8716279305313,1.0022149159760836,0.0016345368935400382,0,31
2162.8730168263533,1.0058699285495065,0.0016376720881201895,0,31
2162.87440572216,1.0012829242102972,0.0016338487467268943,0,31
2162.8757946179812,0.9997536773737503,0.0016333762748447398,0,31
2162.8771835137877,0.9994921896366197,0.0016336184059005975,0,31
2162.8785724095947,1.0011422420409117,0.0016335824600787658,0,31
2162.8799613054175,0.9992287878563682,0.0016331138703453692,0,31
2162.881350201225,1.0007804142740206,0.001634250908581546,0,31
2162.8827390970314,0.9982629322507506,0.0016316331900524824,0,31
2162.8841279928524,1.0015290996024606,0.0016340405536321876,0,31
2162.885516888659,1.0008954040953604,0.0016338762093347735,0,31
2162.8869057844663,0.9981389611501514,0.0016322898483257019,0,31
2162.8882946802732,0.9986571515166105,0.0016315873231838253,0,31
2162.8896835760797,1.0001792574999755,0.0016345307108586833,0,31
2162.891072471886,1.000015901281312,0.0016329466503822087,0,31
2162.892461367693,0.9977734525311048,0.0016316465618982036,0,31
2162.8938502635015,0.9981497092384457,0.0016313234808515813,0,31
2162.895239159309,1.000045053630384,0.0016336937483431564,0,31
2162.8966280551153,0.999544752205401,0.0016332182570119682,0,31
2162.898016950922,0.9982286267086607,0.0016339544274430792,0,31
2162.8994058467283,1.0018701673631942,0.001634278227406138,0,31
2162.900794742535,1.0011716888581563,0.0016341324311527892,0,31
2162.902183638342,1.0017050443354962,0.0016359189384978193,0,31
2162.9035725341346,0.998579338302042,0.0016338333619151503,0,31
2162.9049614299415,1.0003424664845528,0.0016337319946975852,0,31
2162.906350325749,1.0008950360101447,0.0016348493346233985,0,31
2162.907739221541,1.0012303616415157,0.0016342201389580582,0,31
2162.9091281173482,1.0004396409814595,0.0016347524246877404,0,31
2162.910517013141,0.9958758260108301,0.0016321470715213867,0,31
2162.9119059089476,0.9976467575999106,0.001632619974753403,0,31
2162.9132948047395,1.0040791939758291,0.0016352772336864817,0,31
2162.914683700546,0.9997974795144013,0.0016324066003550108,0,31
2162.916072596339,0.998180996481768,0.00163390812922456,0,31
2162.9174614921462,1.0012932305963327,0.00163460993545,0,31
2162.918850387939,0.9970922004141548,0.0016310570504201656,0,31
2162.920239283731,1.0016931919915553,0.0016349327289300476,0,31
2162.9896840728848,1.001571797487465,0.0016333838953589681,0,31
2163.0591288606984,0.9995624939127907,0.0016329268082885577,0,31
2163.128573647176,1.0012661395244677,0.0016340355212171311,0,31
2163.198018432342,1.0002528745430865,0.0016334524799870229,0,31
2163.2674632161975,0.9983915412250657,0.0016330934531185689,0,31
2163.3369079987606,0.9986161468235976,0.0016331419080863978,0,31
2163.4063527800417,1.0001949379301582,0.0016335920935590168,0,31
2163.4757975600423,0.9986570042825242,0.0016334989219888292,0,31
2163.5452423387765,0.9986415447034709,0.0016325078237892886,0,31
2163.614687116245,1.002635269292248,0.0016349923989942882,0,31
2163.6841318924776,0.9970232948618027,0.001632651175726753,0,31
2163.7535766674578,1.0017629809484245,0.0016345837668917066,0,31
2163.8230214412,1.0007889538510217,0.0016341755661389871,0,31
2163.8924662137215,0.9991196873984775,0.0016352867233834453,0,31
2163.9619109850205,0.9980678470865061,0.0016329511076641158,0,31
2164.0313557550967,0.99764035291716,0.0016322462819896419,0,31
2164.1008005239664,0.998762865590518,0.001632484243330167,0,31
2164.1702452916415,0.9984335765566821,0.0016324132143862278,0,31
2164.2396900581234,0.999084866537086,0.0016328008541288597,0,31
2164.3091348234125,0.9998175769671707,0.0016329134364428362,0,31
2164.378579587508,1.0025972092809594,0.001634693617323224,0,31
2164.4480243504245,0.9991031235637775,0.0016327352889498388,0,31
2164.5174691121633,0.9992903317044091,0.001632377124781109,0,31
2164.5883027679333,0.999752867586276,0.00163341337093287,0,31
2164.6577475273148,0.9990439354611161,0.0016323512437893901,0,31
2164.7285811806755,0.9990089673656384,0.0016330915839358336,0,31
2164.7994148328357,1.0012203497236527,0.0016338140949546487,0,31
2164.8688595886815,1.000443984387003,0.0016329778513555584,0,31
2164.9383043433763,1.0015447800326434,0.0016342839787376311,0,31
2165.0091379919736,0.9984778203995919,0.001632252464670997,0,31
2165.079971639376,1.0026195888620653,0.0016336865591787902,0,31
2165.149416390571,1.0000181097926053,0.001634726687479309,0,31
2165.218861140625,1.0011529165121629,0.0016330448543674526,0,31
2165.289694784499,1.0015880668539925,0.0016357520061012333,0,31
2165.359139532246,1.0014171280798887,0.001632058213449819,0,31
2165.439695438198,1.0016647021958713,0.0016351318687829947,0,31
2165.5091401834707,1.0002680396539676,0.001633405031502205,0,31
2165.578584927615,0.9977765444469155,0.0016333434922552294,0,31
2165.6480296706113,1.0014993583170437,0.0016350499123092186,0,31
2165.717474412472,0.9987563136736811,0.0016326869777652973,0,31
2165.7869191531977,0.9965831385610415,0.0016328861176182442,0,31
2165.8563638927817,1.0014370782985718,0.0016358512165694885,0,31
2165.9258086312225,0.9957295489461684,0.0016316856709523565,0,31
2165.995253368522,1.002248927050001,0.0016355256912069817,0,31
2166.0646981046852,0.9999318306180791,0.0016355752964411093,0,31
2166.1341428396995,1.0012680535675886,0.0016356139741454,0,31
2166.2035875735714,1.001998481869337,0.0016355570359636187,0,31
2166.2744212009443,0.9980688041080665,0.001633056069463864,0,31
2166.343865932502,1.0006766142432342,0.0016345573107668385,0,31
2166.4133106629038,0.9965932240959477,0.0016325193264522747,0,31
2166.4827553921555,1.001637390272877,0.0016345128817310548,0,31
2166.5522001202494,0.9998155156899636,0.0016340314952850861,0,31
2166.621644847189,1.0008173700296625,0.0016334881382422798,0,31
2166.691089572962,1.000887306220618,0.0016354313693704955,0,31
2166.760534297572,0.9982551288441808,0.0016343709676264636,0,31
2166.829979021018,0.9995010972988361,0.0016339741257534429,0,31
2166.899423743285,0.9988126307116612,0.0016326126418057495,0,31
2166.968868464373,0.9982660241665612,0.0016329207693904898,0,31
2167.038313184283,1.0008253206703186,0.0016327640456073043,0,31
2167.1077579029993,1.0005159082381225,0.0016334938895737727,0,31
2167.1772026205294,1.0003138294547826,0.001634883555045782,0,31
2167.2466473368604,1.0023293904781214,0.001633682964596607,0,31
2167.316092051988,1.001569736210258,0.0016349902422449782,0,31
2167.3855367659103,0.9993312627803788,0.0016326298958002287,0,31
2167.4549814786105,0.9975426631009515,0.0016319428992533833,0,31
2167.5244261900934,0.9994540560082881,0.0016328382377835645,0,31
2167.5938709003494,0.9995390836930814,0.001633445147039369,0,31
2167.663315609367,0.9996042347762347,0.0016338371002806208,0,31
2167.7327603171398,0.9997134088511686,0.0016327375894824362,0,31
2167.8022050236696,1.00097277560767,0.0016339075540914108,0,31
2167.871649728933,0.9987822268728562,0.0016317945149008626,0,31
2167.94109443293,0.9997148075749877,0.001634483118590578,0,31
2168.010539135648,0.9970863110507059,0.001632804017361181,0,31
2168.079983837083,0.9982787599150195,0.0016325069610895646,0,31
2168.149428537224,0.9980559211255221,0.001632707538775385,0,31
2168.218873236064,0.9986716540741034,0.001634060108159264,0,31
2168.2883179335854,1.00132392890331,0.0016330109215116435,0,31
2168.357762629783,1.0011010901138127,0.0016341804547707563,0,31
2168.4272073246425,0.9964758049121856,0.0016308988888041067,0,31
2168.4966520181547,0.999785259085245,0.0016332795086923691,0,31
2168.566096710315,1.0000545502289453,0.0016335656374341487,0,31
2168.635541401092,0.9975015847908956,0.0016325255091336297,0,31
2168.704986090493,0.9997668548244671,0.0016333797256436356,0,31
2168.7744307784983,0.9978603206419759,0.0016325170259196774,0,31
2168.8438754650924,0.9991035652660362,0.001633041978701706,0,31
2168.9133201502596,0.9992518299908619,0.001632754268343766,0,31
2168.9827648339947,0.9999029727371795,0.0016327429094640672,0,31
2169.0522095162805,0.9980878709222324,0.0016331128638623579,0,31
2169.1216541970966,1.0005390976067026,0.001632815951374029,0,31
2169.1910988764294,0.9994876253799467,0.0016338440018784125,0,31
2169.2605435542705,1.0049349921019954,0.001635511312878249,0,31
2169.329988230597,0.9987435043081798,0.0016330996357999238,0,31
2169.399432905398,0.998791355386202,0.0016326723118699898,0,31
2169.468877578647,1.0018901911989206,0.0016338588115570071,0,31
2169.538322250339,0.9973099596276774,0.001632707538775385,0,31
2169.6077669204465,0.9972294225825138,0.0016325781338167912,0,31
2169.6772115889657,1.000636787422911,0.0016333095593994203,0,31
2169.74665625587,1.0008341547154918,0.0016340923156156252,0,31
2169.8161009211394,0.999440068770097,0.0016331419080863978,0,31
2169.8855455847633,1.0037168508896361,0.0016361833559632123,0,31
2201.7329186882002,1.0019864094144757,0.001626509823120351,0,33
2201.803752544162,1.0018601724912397,0.001626326898703178,0,33
2201.8731974966854,0.9978016408321929,0.001625436334381129,0,33
2201.942642444783,1.000268872984883,0.0016264760853095571,0,33
2202.0120873884002,0.9988191162642792,0.0016253241597190807,0,33
2202.081532327506,0.9985242233131172,0.0016248642151339557,0,33
2202.1509772621594,1.0010526789158756,0.0016260932963929986,0,33
2202.2204221924103,1.0002214248110801,0.0016263284645931305,0,33
2202.2898671183534,0.9995286523195342,0.0016260797727979546,0,33
2202.359312040077,0.9996104293564111,0.0016263501023452006,0,33
2202.428756957683,0.9979316677785283,0.0016239780637745,0,33
2202.4982018712867,0.9999454090903558,0.0016261004140746007,0,33
2202.5676467809894,0.9985909131426558,0.0016253297115107301,0,33
2202.6370916868877,0.9993774887059134,0.001626157213173785,0,33
2202.706536589098,1.0008593148527434,0.0016259112260976181,0,33
2202.7759814877204,0.9992504500470218,0.0016257564876995894,0,33
2202.845426382843,0.9994121819942854,0.0016264944489280903,0,33
2202.914871274561,0.9967061783863291,0.0016244573684535825,0,33
2202.9843161629683,1.0011114971589767,0.0016263475399798239,0,33
2203.053761048152,1.0033347830171688,0.0016280025433059336,0,33
2203.123205930185,1.0021938402941115,0.0016268527530199379,0,33
2203.192650809155,0.9983736427799732,0.0016255896492428372,0,33
2203.2620956851356,0.9972508484367576,0.0016239490236335636,0,33
2203.33154055819,1.0025065900848769,0.001626666839176492,0,33
2203.400985428392,1.0026904062052007,0.0016269289122130797,0,33
2203.4704302958085,1.001083800836327,0.001625387791792603,0,33
2203.5398751604885,0.999920263744792,0.0016269212251169495,0,33
2203.6093200225064,0.9993579555099392,0.0016261723026587814,0,33
2203.6787648819104,0.9981106005998586,0.0016245524606797858,0,33
2203.748209738754,0.996443792171751,0.0016235867336400192,0,33
2203.8176545930896,1.0006461260533988,0.0016256216788100464,0,33
2203.887099444964,0.9994715833178635,0.0016252797453858837,0,33
2203.956544294429,1.0012109123802782,0.0016253830941227456,0,33
2204.0259891415167,0.9986413496039025,0.0016255795421349622,0,33
2204.0954339862824,1.000788543459867,0.0016257154898535616,0,33
2204.164878828757,1.0020025170126483,0.0016261371413116672,0,33
2204.2343236689744,1.000414643104093,0.0016255690079661912,0,33
2204.303768506988,0.9998376120872,0.0016251923402558104,0,33
2204.373213342828,0.997809731073809,0.0016233218135307905,0,33
2204.4426581765124,1.0005032713365727,0.0016256703637522044,0,33
2204.5121030080936,0.996575203934219,0.0016233971186021404,0,33
2204.581547837595,0.9999352051820111,0.0016253472210074713,0,33
2204.6509926650374,0.9978219757638227,0.001625419251945284,0,33
2204.7204374904645,0.9983259759509915,0.0016252507052449475,0,33
2204.7898823138885,0.9986164957985771,0.0016245785113944494,0,33
2204.85932713535,1.0037973116054224,0.0016266308237075856,0,33
2204.9287719548615,1.0031489990002356,0.001627036816266167,0,33
2204.9982167724525,0.9982960930765534,0.0016251268575850717,0,33
2205.06766158815,1.0011219926075599,0.001626791256250896,0,33
2205.1371064019645,0.9996318575639349,0.0016258636799845164,0,33
2205.206551213931,0.9984403326095118,0.0016253197467564872,0,33
2205.2759960240487,1.001104645963374,0.001626742571308738,0,33
2205.345440832362,0.999410214097676,0.0016247741052848738,0,33
2205.4148856388706,1.0005593928324688,0.001625734422886623,0,33
2205.484330443606,1.0005799464192773,0.0016275095726781754,0,33
2205.553775246571,1.000709025859838,0.0016270037902235334,0,33
2205.6232200477975,0.9979886638951394,0.0016266657003474359,0,33
2205.6926648472922,0.9999331644003422,0.0016257021086121496,0,33
2205.7621096450716,0.9984242250113391,0.0016258218280166962,0,33
2205.831554441154,1.002037647611378,0.0016273841591283472,0,33
2205.900999235541,1.000833367771524,0.0016272746891853075,0,33
2205.9704440282617,1.000319090790951,0.0016267559525501498,0,33
2206.0398888193254,0.9998043765000201,0.001625391920047932,0,33
2206.1093336087356,1.0011168906533876,0.00162632704105681,0,33
2206.1787783965087,0.9992745750017511,0.0016251151845872443,0,33
2206.2482231826593,0.999937829044157,0.0016258582705464988,0,33
2206.317667967196,1.0016466921516567,0.0016261459672368538,0,33
2206.3871127501234,1.0003988999312183,0.001625748231188931,0,33
2206.456557531465,0.9994321525006171,0.001627037243327063,0,33
2206.5260023112205,1.0019469057121697,0.0016270349656689505,0,33
2206.595447089397,1.003058329986087,0.0016272712726981386,0,33
2206.66489186601,0.9981432531065617,0.001625713781609977,0,33
2206.734336641064,1.0002252877192392,0.0016262406324021612,0,33
2206.80378141457,0.9998970134107781,0.0016256631037169704,0,33
2206.8732261865257,0.9972606879198043,0.0016247133202839923,0,33
2206.9426709569548,1.0004927758879896,0.0016263903884230684,0,33
2207.012115725845,0.9984888740592087,0.0016263987872873588,0,33
2207.081560493218,0.9999549570331641,0.0016261684591107163,0,33
2207.151005259077,1.0042381933309734,0.0016276161955485742,0,33
2207.2204500234225,1.0013016542794864,0.0016266366602064994,0,33
2207.28989478626,1.0006056748453178,0.00162577257366001,0,33
2207.3593395476005,0.9978751089722747,0.0016253036607960666,0,33
2207.428784307442,0.9995799634014961,0.0016251274269995998,0,33
2207.4982290657917,1.0030527178364974,0.0016272462184588994,0,33
2207.5676738226575,1.000106120646785,0.0016259204790837008,0,33
2207.637118578038,1.0015723493908595,0.0016275004620457246,0,33
2207.706563331942,0.9997228910033816,0.0016258912965891323,0,33
2207.785730349586,0.9993523433603496,0.0016250682078886706,0,33
2207.855175100334,1.0001302456015142,0.0016258481634386238,0,33
2207.9246198496094,1.0019681152645148,0.001626930193395768,0,33
2207.994064597416,0.9962542181317183,0.0016246375881517464,0,33
2208.063509343761,0.9982200010743257,0.001624844143271838,0,33
2208.132954088643,0.9992071563216164,0.001625363449321524,0,33
2208.202398832056,0.9999315609290309,0.0016252058638508544,0,33
2208.271843574012,1.0000913978647448,0.0016262466112547068,0,33
2208.341288314507,0.9989714460388537,0.0016254269390414142,0,33
2208.4107330535467,1.0021093665100294,0.0016267986586397621,0,33
2208.480177791124,1.0013485193728124,0.0016270042172844294,0,33
2208.549622527244,1.0001577232689853,0.0016285537365691967,0,33
2208.6190672619036,0.9995926454018674,0.001626593811763255,0,33
2208.688511995108,1.0007766631951514,0.0016260977093555918,0,33
2208.757956726858,0.9991954947120796,0.0016250663572914541,0,33
2208.8274014571357,0.9994828805021022,0.001626077068078946,0,33
2208.89684618596,1.0001894282699135,0.001626219137003723,0,33
2208.966290913322,0.9994430123744983,0.0016253075043441317,0,33
2209.035735639221,0.9978716833744733,0.0016249244307203093,0,33
2209.105180363657,0.9987682424926748,0.0016259014036970072,0,33
2209.174625086624,1.0000582351626244,0.001625623671760895,0,33
2209.2440698081223,0.9963394207663966,0.0016238822597801363,0,33
2209.3135145281494,1.0007817651493236,0.0016270900565245503,0,33
2209.3829592466986,0.9981485008308533,0.0016246680518290032,0,33
2209.452403963773,0.9980087801715903,0.0016254535591706059,0,33
2209.521848679369,0.9989219570833819,0.0016258957095517256,0,33
2209.5912933934737,0.9986334780174652,0.0016249958922435939,0,33
2209.6607381060935,0.9981927420620335,0.0016248559586232974,0,33
2209.7301828172226,0.9991036595369772,0.001625363306967892,0,33
2209.79962752686,0.9993314982333026,0.001625415977811747,0,33
2209.8690722349925,0.9984734224265724,0.001626336863457421,0,33
2209.938516941616,1.0012793514512472,0.0016266658427010678,0,33
2210.0079616467283,1.0018845161011478,0.0016263146562908225,0,33
2210.0774063503263,1.000844081875286,0.0016266326743048024,0,33
2210.146851052405,0.998804757907537,0.001625879623591305,0,33
2210.2162957529536,1.0025069545101748,0.0016276493639448397,0,33
2210.285740451975,0.9990938929389902,0.0016256205399809902,0,33
2210.355185149448,1.0025354525684804,0.0016275700729717927,0,33
2210.4246298453777,0.9975004797659048,0.0016240005556483626,0,33
2210.4940745397494,1.0013737376034357,0.0016263093892064369,0,33
2210.5635192325644,0.999345637934866,0.001625436334381129,0,33
2210.632963923809,0.9988092767812325,0.0016249641473836487,0,33
2210.7024086134747,0.9982479160521545,0.00162501026996043,0,33
2210.771853301559,1.0020995999120423,0.001628855668622756,0,33
2210.8412979880445,0.997878753225255,0.001626430816854568,0,33
2210.910742672937,0.9999049578822751,0.0016267283359455338,0,33
2210.980187356214,0.997036712131638,0.001624854392733345,0,33
2211.0496320378743,0.998180278716841,0.0016260175642607527,0,33
2211.1190767179055,0.9960929963798719,0.0016242703157810805,0,33
2211.1885213962937,0.9982142431546169,0.0016247276980008284,0,33
2211.257966073037,0.9974563114197842,0.0016247706887977048,0,33
2211.327410748127,1.0007010085032813,0.0016263237669232732,0,33
2211.396855421545,0.996797357595895,0.0016235063038379158,0,33
2211.466300093282,0.9998422767310147,0.001626580003460947,0,33
2211.535744763332,1.0016710357615648,0.0016269859960195282,0,33
2211.605189431684,0.9977568894055954,0.00162546779453381,0,33
2211.6746340983286,1.000090814784268,0.00162620219692151,0,33
2211.744078763248,0.9988981965539506,0.0016246452752478767,0,33
2211.813523426436,0.9975544147100126,0.0016248397303092448,0,33
2211.882968087891,0.9987135058129115,0.0016263646224156689,0,33
2211.9524127475865,1.0004599047261078,0.0016263522376496814,0,33
2212.0218574055284,1.001362804844495,0.0016281114438344451,0,33
2212.091302061696,1.0007345356306996,0.0016289917586949872,0,33
2212.1607467160934,0.9999561231941178,0.0016272735503562513,0,33
2212.2301913686942,0.9989587640384824,0.0016287551669585348,0,33
2212.2996360195134,1.001788890902946,0.0016276594710527147,0,33
2212.369080668535,0.9992043866893514,0.0016275018855820451,0,33
2212.438525315744,1.0026523602040869,0.0016295223106816044,0,33
2212.5079699611647,1.002116436360811,0.0016281920159901804,0,33
2212.5774146047725,0.9998548129612668,0.0016282762893403487,0,33
2212.6468592465912,1.000186585752589,0.001628294937666146,0,33
2212.7163038866042,0.9991445480554156,0.001628055071796157,0,33
2212.7857485248574,0.9988694798404663,0.0016283659721285345,0,33
2212.855193161336,0.9985380714744422,0.0016291385252896215,0,33
2212.924637796082,0.9997454853718593,0.0016294347631978991,0,33
2212.994082429125,0.9998349153399946,0.001629736695251458,0,33
2213.0635270605085,0.9997406749579253,0.0016288192260929533,0,33
2213.1329716902933,0.9998078020978215,0.0016294713480813337,0,33
2213.2024163185356,1.0004209841042786,0.0016303204874964588,0,33
2213.271860945336,0.9998765327090291,0.0016314324117163315,0,33
2213.3413055708115,0.9998111548105634,0.0016305318826400398,0,33
2213.41075019511,0.9998900893301156,0.0016309838554217702,0,33
2213.480194818418,0.9969002713000573,0.0016295514931761728,0,33
2213.5496394409415,0.999661011587777,0.0016314539071147697,0,33
2213.619084063012,0.9998185162015835,0.0016325091745890905,0,33
2213.688528684967,0.9994398783169353,0.0016324549378552828,0,33
2213.7579733073003,1.0008511517260676,0.0016336884320769188,0,33
2213.8274179306095,1.000070479852638,0.0016324170717891598,0,33
2215.4663152060275,1.0023444937123152,0.0016274590371388009,0,33
2215.535760140922,0.9978426022356909,0.0016243582903256817,0,33
2215.605205070998,1.0004794379220818,0.0016254767628126286,0,33
2215.6746499960996,1.0017110496592878,0.0016267962386280175,0,33
2215.74409491615,1.0024317371286624,0.0016265408562121358,0,33
2215.813539831181,0.9998282827995705,0.0016253507798482723,0,33
2215.8829847412344,1.001655875669167,0.0016257994784964658,0,33
2215.9524296463837,0.9976713952306787,0.0016238685938314604,0,33
2216.021874546747,1.0009289200846663,0.0016252777524350351,0,33
2216.0913194424525,1.000856982530836,0.001625409287191041,0,33
2216.160764333603,0.9991503788601841,0.001624068173623582,0,33
2216.230209220345,0.9992413394145712,0.001624141201036819,0,33
2216.299654102779,0.9988163466320142,0.0016239128658110252,0,33
2216.3690989810375,1.0017588622583888,0.0016246878389838569,0,33
2216.438543855249,0.9995502262971773,0.001624386903405722,0,33
2216.507988725532,0.997932833939482,0.0016231676445472901,0,33
2216.5774335919746,1.002400250782913,0.0016251644389439304,0,33
2216.6468784547064,0.9993233351066269,0.0016237824698840755,0,33
2216.716323313813,0.9966891961674412,0.0016226906175263204,0,33
2216.785768169399,0.9994925013299701,0.0016233871538478975,0,33
2216.8552130215508,1.0003287116188186,0.001624362276227379,0,33
2216.9246578703564,1.0025513415114744,0.001625197607340196,0,33
2216.994102715916,0.9979805007684637,0.001623759550949317,0,33
2217.0635475583026,1.0031333287124204,0.00162634796704072,0,33
2217.132992397576,1.0017297082345467,0.0016249598767746874,0,33
2217.2024372338087,1.0007006440779833,0.0016240441158597671,0,33
2217.271882067101,0.9980835602427451,0.001623531358077155,0,33
2217.341326897483,1.0003862908159067,0.0016252548335002766,0,33
2217.410771725027,0.998782236424119,0.0016252612394137185,0,33
2217.480216549807,0.9984103768500141,0.0016236778399645255,0,33
2217.5496613718515,0.9998099886496097,0.001624036428763637,0,33
2217.619106191231,0.9988086208156961,0.0016239635437040319,0,33
2217.6885510080074,1.002133637234878,0.0016246558094166477,0,33
2217.757995822208,1.000658589398591,0.0016237325037592291,0,33
2217.8274406338774,1.0011500533555078,0.0016251372494002106,0,33
2217.8968854430855,0.9990842721111223,0.0016236374115330258,0,33
2217.96633024985,0.998984128039225,0.0016234297175838778,0,33
2218.035775054213,1.0012984473368638,0.0016256354871123544,0,33
2218.1052198562343,0.9990023493041262,0.0016245016404331473,0,33
2218.1746646559254,0.9976326203789688,0.0016215641732359792,0,33
2218.244109453333,1.0006583707434122,0.0016251012339313041,0,33
2218.3135542484993,1.004129740362281,0.0016271746145819826,0,33
2218.38299904144,1.0018383069733583,0.0016252610970600863,0,33
2218.4524438321964,0.997287874047037,0.0016233329171140899,0,33
2218.521888620801,1.0012272386336296,0.001624864784548484,0,33
2218.5913334072648,0.9976331305743861,0.0016221714538302665,0,33
2218.660778191634,1.0038894383207633,0.001626171163829725,0,33
2218.730222973921,1.0010736698130418,0.0016240095239271812,0,33
2218.7996677541573,0.9999171296872291,0.0016247630017015746,0,33
2218.8691125323717,1.0012893367044131,0.0016246384422735386,0,33
2218.938557308577,0.9983729868144368,0.0016233101405329633,0,33
2219.0080020828022,0.9999541552975084,0.001624113015017675,0,33
2219.077446855065,0.9995954879191921,0.001624401281122558,0,33
2219.1468916253916,0.9978637389029763,0.0016240885301929638,0,33
2219.216336393797,1.0000639930823332,0.0016239380624038964,0,33
2219.2857811602953,1.000070698507817,0.0016245340970612524,0,33
2219.3552259249022,0.9990920708125001,0.0016235522840610651,0,33
2219.4246706876625,1.0001763089591846,0.0016241016267271118,0,33
2219.4941154485596,0.9974335712811875,0.0016226306866472312,0,33
2219.5635602076222,1.0028989303607307,0.0016241312362825762,0,33
2219.6330049648664,0.9998984711119702,0.0016229401634432884,0,33
2219.702449720307,0.9982028730853186,0.0016230520533980727,0,33
2219.7718944739563,1.0009657270397667,0.0016262423406457455,0,33
2219.8413392258303,0.9996815651745856,0.0016224840624062288,0,33
2219.9107839759295,1.001841149490683,0.001625980694670054,0,33
2219.980228724297,0.9978978491108715,0.0016235975525160542,0,33
2220.0496734709045,0.998510229381673,0.001623825887741848,0,33
2220.1191182158077,1.0002062647186822,0.0016237292296256921,0,33
2220.1885629589806,1.002114978659619,0.0016263422728954385,0,33
2220.2580077004363,1.0001329423487195,0.0016235356286861164,0,33
2220.327452440218,0.9978225588442995,0.001624768126432328,0,33
2220.3968971782965,0.9983772870329535,0.001622813611064404,0,33
2220.4663419147023,0.9972972033346664,0.0016219916611929987,0,33
2220.535786649435,0.9991471719175614,0.0016235710747404945,0,33
2220.605231382509,0.9981858908664306,0.0016227992333475677,0,33
2220.674676113937,1.0010580724102864,0.001624137215135122,0,33
2220.7441208437226,0.997883563639189,0.0016224400751339281,0,33
2220.8135655718625,0.9977706646818607,0.0016234220304877475,0,33
2220.8830102983734,0.9990073054881794,0.0016225350250064995,0,33
2220.9524550232672,1.0013241028778448,0.0016267730349859948,0,33
2221.021899746533,0.9974016476250804,0.0016216202605670036,0,33
2221.0913444681987,0.997620958769432,0.0016223051238907532,0,33
2221.160789188248,0.9986656932138106,0.0016235336357352677,0,33
2221.2302339067105,1.0010215569954242,0.0016241807753465266,0,33
2221.2996786235585,1.0018980727222344,0.0016243859069302977,0,33
2221.369123338836,0.9986710867082214,0.001624231026178637,0,33
2221.4385680525115,0.998909202197951,0.0016233808902880876,0,33
2221.5177350241865,1.0026178855708938,0.0016247857782827012,0,33
2221.5871797344853,0.9986634337769629,0.0016234368352654798,0,33
2221.656624443199,1.00026573892732,0.0016237623980219578,0,33
2221.7260691503557,1.00059051475292,0.0016242940888376313,0,33
2221.7955138559414,0.9997735461198072,0.0016234971932054653,0,33
2221.8649585599683,0.9998404546045245,0.0016234838119640533,0,33
2221.9344032624094,1.001748075269567,0.001624771827626761,0,33
2222.003847963309,1.0007663135166873,0.0016237446038179526,0,33
2222.073292662651,1.0007824211148602,0.0016239703766783699,0,33
2222.1427373604215,1.0007284861707524,0.0016243944481482203,0,33
2222.212182056635,0.9996643643005187,0.0016238846797918811,0,33
2222.281626751306,1.0008287031277092,0.0016233599643041777,0,33
2222.3524603382616,1.0021030983949033,0.0016257359887765755,0,33
2222.42190502979,0.9993430140727202,0.0016242022707449648,0,33
2222.4913497197444,1.0002362933632396,0.0016233031652049933,0,33
2222.5607944081735,0.9994287269028157,0.0016225153802052778,0,33
2222.63023909503,1.000697218480182,0.0016234382588018001,0,33
2222.6996837803295,1.003283107509909,0.0016249746815524197,0,33
2222.7691284640855,1.001854050146233,0.0016238993422159813,0,33
2222.8385731462863,0.9980901927831692,0.0016230675699439652,0,33
2222.9080178269146,0.9953000798164288,0.0016214191148849295,0,33
2222.977462506001,0.9982015611542457,0.0016219157867071207,0,33
2223.0469071835137,1.0009099699691688,0.0016233132723128681,0,33
2223.116351859471,0.9992858721859899,0.0016241773588593575,0,33
2223.185796533872,1.000864198151737,0.0016240858254739552,0,33
2223.2552412066857,1.004732062494857,0.0016261108058897395,0,33
2223.3246858779416,1.0022856025841544,0.0016246280504583998,0,33
2223.394130547627,0.9985111040023883,0.0016218447522447323,0,33
2223.463575215726,1.002285675469214,0.0016252855818847975,0,33
2223.5330198822544,1.0005304574638054,0.001623956568376062,0,33
2223.6024645472085,1.001155738390157,0.0016236411127274588,0,33
2223.6719092105645,1.0005064782791955,0.0016234308564129342,0,33
2223.7413538723335,1.000216468627027,0.0016252800300931478,0,33
2223.810798532502,1.0003735359304757,0.0016233084322893787,0,33
2223.8802431910685,0.9955029189373096,0.0016209079229922698,0,33
2223.9496878480354,0.9992564266219094,0.0016225892617403072,0,33
2224.019132503388,1.0002864382842478,0.001624029453435667,0,33
2224.0885771571243,0.998828372666849,0.001623281527452923,0,33
2224.1580218092445,1.0006865772614795,0.0016252225192258031,0,33
2224.2274664597358,1.0014446547664315,0.0016233736302528536,0,33
2224.296911108597,0.9996529213461608,0.0016237555650476198,0,33
2224.3663557558143,1.0024457310601067,0.001625349498665584,0,33
2224.435800401386,0.9990030781547223,0.0016225949558855888,0,33
2224.505245045301,1.004005762875893,0.0016252158286050972,0,33
2224.57468968757,0.9977152720365609,0.0016216622548884557,0,33
2224.6441343281517,0.9976915115071296,0.0016224426374993048,0,33
2224.7135789670583,0.9995653135045156,0.0016237746404343134,0,33
2224.7830236042932,0.999090613111308,0.001623759693302949,0,33
2224.8524682398397,0.9982595776616913,0.0016224598622887818,0,33
2224.9219128736695,1.0010515856399815,0.0016252079991553351,0,33
2224.9913575058094,0.9993831737405625,0.0016250921232988536,0,33
2225.0621910288096,0.9996153855404643,0.0016246447058333485,0,33
2225.1316356574584,0.9990345645004717,0.0016227871332888443,0,33
2225.201080284391,0.9986050528442192,0.001624051091187737,0,33
2225.2705249095607,0.9975015001567393,0.0016226950304889136,0,33
2225.339969532985,0.9978751089722747,0.0016226688374206182,0,33
2225.4094141546498,1.0019881586559063,0.0016244576531608465,0,33
2225.478858774553,0.9986886520075862,0.0016240214816322725,0,33
2225.5483033926653,1.0002841059623404,0.0016241907401007695,0,33
2225.6177480090028,0.9979487957675355,0.001623177039887005,0,33
2225.6871926235367,1.0004859246923867,0.0016234803954768844,0,33
2225.7566372362803,0.9979294083416805,0.0016226010770917666,0,33
2225.826081847203,1.0008499855651138,0.0016248585209886742,0,33
2225.895526456324,0.9987938980336558,0.0016231129807525863,0,33
2225.9649710636113,1.0004647151400416,0.0016247733935167135,0,33
2226.0344156690935,0.998511176887448,0.0016252068603262787,0,33
2226.1038602727413,0.9986686086161948,0.0016234423870571295,0,33
2226.173304874556,1.0013492482234085,0.001624791614781615,0,33
2226.2427494745666,0.9988734885187446,0.0016241981424896356,0,33
2226.3121940727438,1.0005847568332111,0.0016251200246107337,0,33
2226.3816386691165,1.0009472871196867,0.001625980125255526,0,33
2226.4510832636847,1.0013115666475927,0.0016248139643018453,0,33
2226.5205278564626,1.0001080885433942,0.0016247385168768635,0,33
2226.5899724474943,1.0025507584309974,0.00162456669604299,0,33
2226.6594170368103,0.9987959388153248,0.0016235128521049898,0,33
2226.7288616244355,1.0014158651678875,0.0016249610156037438,0,33
2226.798306210418,1.0009873739024695,0.0016252195297995304,0,33
2226.86775079483,1.0018229282257816,0.001624712608515832,0,33
2226.937195377771,1.0003928504712711,0.0016262219840763638,0,33
2227.0066399593284,1.0016540535426768,0.0016249659979808652,0,33
2227.0760845396508,0.998509136105779,0.0016230381027421328,0,33
2227.1455291188813,1.0001148668539375,0.0016235545617191778,0,33
2227.2149736972383,1.0011991778856817,0.0016248746069490948,0,33
2227.284418274998,0.9995462905039586,0.0016242429838837285,0,33
2227.353862852468,0.9984338458392069,0.0016233351947722025,0,33
2227.423307430098,1.0008159482422785,0.0016254068671792965,0,33
2227.4927520083975,1.0002757241804858,0.001624200135440484,0,33
2227.5621965880487,0.9996714341513004,0.001624137357488754,0,33
2229.146926233598,1.0013009312610643,0.0017095532705170057,0,34
2229.2163711295675,1.000121035088494,0.001654081479157015,0,34
2229.2858160192486,0.9994877562165961,0.001646625253047496,0,34
2229.355260902644,0.9998305210185474,0.0016465523586111053,0,34
2229.4247057798116,0.9992548672396606,0.0016463510241777946,0,34
2229.494150650867,1.002296904856978,0.0016468372300685197,0,34
2229.5635955159705,1.0013640800028871,0.0016467663766763481,0,34
2229.633040375297,0.9997409483351106,0.0016448890533615453,0,34
2229.7024852289255,1.002942723904557,0.001647476660064538,0,34
2229.7719300769027,1.0014471586667748,0.0016480455282461299,0,34
2229.8413749196575,0.9979706188908865,0.0016449709867080483,0,34
2229.9108197573614,0.9988381303299713,0.001647405952461239,0,34
2229.9802645901777,0.9989862238332533,0.0016449294368793056,0,34
2230.0497094182915,0.9991111777266475,0.0016454538394546994,0,34
2230.119154241838,0.9993526507524124,0.001644700110982421,0,34
2230.189987957317,0.9971466248471713,0.0016452704370527407,0,34
2230.2594327721163,1.000393634621753,0.001645919780692108,0,34
2230.3288775827546,0.9991450660585478,0.0016456045851491552,0,34
2230.398322389405,1.0004883577344874,0.0016468802377859902,0,34
2230.4677671921413,0.9993004746643105,0.001645834494201531,0,34
2230.537211991109,0.9997633415059699,0.0016465348639463715,0,34
2230.606656786395,0.9971444601739882,0.0016447617796756073,0,34
2230.6761015781153,0.9998941176237874,0.0016457102820819215,0,34
2230.7455463663277,1.0004415560073916,0.0016463428600009189,0,34
2230.814991151166,0.9995126872801527,0.0016453297731239627,0,34
2230.88443593267,0.9993462313767661,0.0016460432638673536,0,34
2230.953880710945,1.0007458045554651,0.0016465249503030226,0,34
2231.0233254860614,1.0012926457878464,0.001646599156839268,0,34
2231.0927702580943,0.9992899498740067,0.0016458715245752174,0,34
2231.1622150270982,0.9992801715227315,0.0016466596592214723,0,34
2231.231659793148,0.9992761407519769,0.0016456811243073651,0,34
2231.301104556304,0.999487308353179,0.0016453700108528503,0,34
2231.3705493166203,1.0009929505178476,0.0016464412674900462,0,34
2231.4399940741446,0.9982576993413012,0.0016452564413209538,0,34
2231.509438828932,1.0001092413518413,0.0016470624738769667,0,34
2231.578883581041,1.0024020034722105,0.001646959692721656,0,34
2231.6483283305033,1.0007312489944067,0.00164660396787207,0,34
2231.7177730773888,0.9992336683712473,0.0016450427148334565,0,34
2231.7872178217144,1.0021107429632352,0.0016473151259934963,0,34
2231.8566625635212,0.9993223453278497,0.0016446158450139534,0,34
2231.9261073028692,0.9976798808892313,0.001644360860275459,0,34
2231.9955520397866,0.999103787980264,0.001646060321165469,0,34
2232.064996774303,0.998037201252241,0.0016454679809753592,0,34
2232.1344415064627,1.002255104271374,0.0016471258920366264,0,34
2232.2038862362783,1.0027951529085948,0.0016474877400188693,0,34
2232.2733309637965,0.9996462252223763,0.0016457276309577824,0,34
2232.3427756890437,1.0017507354197224,0.0016466497455781231,0,34
2232.4122204120654,1.000717365228474,0.001645336187834365,0,34
2232.4816651328583,1.0013732612029396,0.0016466984390616321,0,34
2232.551109851455,1.0007570757847977,0.0016466673860317297,0,34
2232.620554567899,1.003726634172434,0.001648506366872991,0,34
2232.689999282202,0.9999978726487684,0.00164637070567562,0,34
2232.7594439943964,0.9992459846152199,0.0016465320939577888,0,34
2232.8288887044796,0.9992612866153069,0.0016473900614741058,0,34
2232.8983334124973,0.9972159690329319,0.0016469506538115434,0,34
2232.9677781184632,0.9996627961688122,0.001646266175053836,0,34
2233.0372228223914,0.9999792863169552,0.001645570616341797,0,34
2233.106667524313,0.9982503842388205,0.0016455369391121847,0,34
2233.1761122242383,0.9987321359879044,0.0016442125929918407,0,34
2233.2455569221725,1.0007659584092383,0.0016463816398410787,0,34
2233.315001618155,1.002509266760626,0.0016472451473345613,0,34
2233.384446312173,0.9994973106361628,0.0016454468415888059,0,34
2233.453891004271,1.001000489552037,0.0016460839389628595,0,34
2233.5233356944477,0.9978144638460951,0.0016442636190973142,0,34
2233.592780382733,0.9977932649776816,0.0016436599073751273,0,34
2233.662225069112,1.0006384666231467,0.0016450476716551312,0,34
2233.731669753614,1.0000892367858738,0.001645885082940386,0,34
2233.8011144362526,0.9991847019709685,0.0016450730389189951,0,34
2233.8705591170424,1.0022508495689109,0.001646595949484067,0,34
2233.9400037959863,1.0013661700321674,0.0016453290441795988,0,34
2234.009448473095,0.9996053203636068,0.001645756497154593,0,34
2234.0788931483853,0.999101026155858,0.001647136826202085,0,34
2234.1483378218713,1.0028359831234614,0.0016473993919619639,0,34
2234.217782493552,1.0026267562637339,0.0016471805628639194,0,34
2234.287227163444,0.9998834435456779,0.0016452958043166046,0,34
2234.35667183153,0.9989916728381624,0.001645117650314066,0,34
2234.4261164978566,0.9990957264387547,0.0016436613652638552,0,34
2234.4955611624223,0.9986395029044502,0.001644830008868069,0,34
2234.5650058252127,1.0005486700080015,0.0016466606797435818,0,34
2234.6344504862564,0.9966400913223366,0.0016443964327604178,0,34
2234.703895145553,1.0011784406164645,0.0016453551403878266,0,34
2234.773339803105,0.9998231312721638,0.0016453872139398384,0,34
2234.8525067105984,1.0026701990152005,0.0016475142735937155,0,34
2234.9219513644534,0.998560081791803,0.0016440767177624087,0,34
2234.991396016577,1.0009989966739796,0.0016465898263514102,0,34
2235.0608406669985,1.0004526033050156,0.0016451247939688323,0,34
2235.1302853156867,1.003439105858602,0.001647654376700458,0,34
2235.199729962674,0.9977683339141251,0.0016436084439030356,0,34
2235.269174607957,0.9997119865007995,0.0016447603217868796,0,34
2235.3386192515377,1.0005245600273764,0.0016462034858385401,0,34
2235.4080638934174,0.9995208981094678,0.00164522218093585,0,34
2235.477508533608,0.9993165977473292,0.0016458967460502086,0,34
2235.546953172097,0.9993834040403924,0.001645370302430596,0,34
2235.616397808911,0.9971507302618288,0.0016431446894987188,0,34
2235.685842444024,1.0041382952967288,0.0016476345494137597,0,34
2235.7552870774625,1.0017292379756977,0.001647224153736881,0,34
2235.8247317092123,1.0019481685427976,0.001645722674136108,0,34
2235.8941763392904,1.0009826496592524,0.0016452000210271875,0,34
2235.9636209676787,1.0028446418161936,0.0016460212497475637,0,34
2236.033065594381,0.9991340934048267,0.001644499505493474,0,34
2236.1025102194076,1.0027740286840843,0.001646952257489144,0,34
2236.1719548427623,1.000286669908949,0.0016445605910311693,0,34
2236.2413994644426,1.000007949575655,0.0016451338328789449,0,34
2236.273343989843,1.0000731883467582,0.0016457024094827912,0,34
2236.2747328822575,0.9987806545247659,0.0016456451144557882,0,34
2236.276121774658,1.0006101019400584,0.0016453538282879716,0,34
2236.277510667057,1.0022759299202733,0.0016462733187086022,0,34
2236.278899559457,1.000513811305364,0.0016448986754271488,0,34
2236.280288451843,0.9985342550014121,0.0016447657159751725,0,34
2236.281677344242,0.9998299985112273,0.0016454577757542646,0,34
2236.283066236642,1.002417156184492,0.0016455735321192527,0,34
2236.2844551290423,1.0017976864346239,0.0016450674989418293,0,34
2236.2858440214413,0.9991288683316263,0.0016435453173211214,0,34
2236.2872329138268,1.0015680817894144,0.0016471503845672537,0,34
2236.288621806227,0.9996181591148995,0.0016447004025601664,0,34
2236.2900106986117,1.0005842751496676,0.0016444597051312048,0,34
2236.2913995910117,0.9982359033216649,0.001644141156444178,0,34
2236.2927884833975,0.9968366287185773,0.0016442478738990538,0,34
2236.2941773757966,0.9972428408379629,0.0016437988441708878,0,34
2236.295566268182,0.9981155773502481,0.0016427512053310825,0,34
2236.2969551605825,1.0004240146902186,0.001644590769327835,0,34
2236.2983440529674,1.0020989492265828,0.001646278129741404,0,34
2236.2997329453524,0.9981437181016279,0.00164456481890848,0,34
2236.3011218377383,0.9985600071479002,0.001644085756672521,0,34
2236.3025107301232,1.0009810821372922,0.0016447709643745926,0,34
2236.3038996225227,0.9993507846548408,0.0016441875173057224,0,34
2236.3052885149086,0.9979086644515093,0.0016453258368243975,0,34
2236.3066774072936,1.0009026313953824,0.001645015889680865,0,34
2236.308066299678,1.000026610551371,0.0016453379373008385,0,34
2236.309455192049,1.0011784406164645,0.0016457028468494096,0,34
2236.310844084435,1.0028747979529506,0.0016468391253238659,0,34
2236.3122329768194,1.0019318215280704,0.0016456554654657558,0,34
2236.313621869205,0.9991684296001442,0.00164475930126477,0,34
2236.3150107615907,0.9993498889280065,0.0016451182334695572,0,34
2236.3163996539606,1.0034230574194865,0.0016480044157840055,0,34
2236.317788546347,0.9996137551246305,0.0016446681832192817,0,34
2236.3191774387333,1.0001002094395948,0.0016446017034932937,0,34
2236.3205663311032,0.9993236889181012,0.0016451673643196846,0,34
2236.321955223489,0.9982109722581083,0.0016433505433870858,0,34
2236.32334411586,1.0000519894783448,0.0016454440716002232,0,34
2236.3247330082445,1.0007676752190042,0.001644412906903042,0,34
2236.326121900616,1.0041933078531395,0.0016472003901506177,0,34
2236.3275107929867,1.0008900912197012,0.0016457967348834806,0,34
2236.328899685371,1.0003775861826374,0.0016445665683749533,0,34
2236.3302885777425,1.0031076869298863,0.0016460846679072234,0,34
2236.3316774701134,1.000510004466318,0.0016447528865543677,0,34
2236.3330663624834,0.99964032835405,0.001645939753767679,0,34
2236.3344552548547,1.00158256270657,0.0016458713787863447,0,34
2236.3358441472255,0.9971477445057142,0.0016431056180808135,0,34
2236.3372330395955,1.0011720958847212,0.001644825926779631,0,34
2236.338621931967,1.0007094529747704,0.0016457862380846405,0,34
2236.3400108243377,0.9996203237880825,0.0016450685194639388,0,34
2236.341399716708,1.0008536649951036,0.001645536647534439,0,34
2236.342788609079,1.0012201665581655,0.0016456362213345486,0,34
2236.34417750145,0.999321598888821,0.0016457882791288594,0,34
2236.3455663938057,0.9980068958276783,0.0016437500048985061,0,34
2236.3469552861757,1.0010967055428286,0.001646656597655144,0,34
2236.348344178547,0.9996026331831037,0.0016447655701862995,0,34
2236.3497330709033,0.9997502041790658,0.001644952471521205,0,34
2236.3511219632733,0.999547098119373,0.0016444782203180479,0,34
2236.35251085563,0.9988282773347932,0.0016441703142187343,0,34
2236.353899748001,1.001908457986474,0.0016461050783494128,0,34
2236.3552886403563,1.0019307018695274,0.0016458967460502086,0,34
2236.356677532713,1.0034411212439796,0.0016478692694989374,0,34
2236.358066425084,1.0006357794426437,0.001646717100037348,0,34
2236.3594553174394,0.9981676041505444,0.0016437064140255445,0,34
2236.360844209796,1.0021923287490655,0.0016455935051948238,0,34
2236.3622331021525,1.0000175786391245,0.0016452199941027585,0,34
2236.3636219945083,0.9992751703812396,0.0016455752815857261,0,34
2236.365010886879,0.9986315906507467,0.0016447189177470096,0,34
2236.3663997792355,0.9994165459332639,0.0016447921037611457,0,34
2236.367788671592,1.0003917685241814,0.0016460181881812353,0,34
2236.369177563949,1.000134769566621,0.0016451778611185246,0,34
2236.370566456291,0.9997340810960472,0.0016452565871098266,0,34
2236.3719553486467,0.999394600625822,0.0016438457881879232,0,34
2236.373344241003,1.0011275334747114,0.0016443344724894858,0,34
2236.3747331333593,1.0008072364875222,0.0016464384975014633,0,34
2236.376122025715,1.0003703457240596,0.0016465507549335047,0,34
2236.377510918057,0.999026979404217,0.0016444037222040568,0,34
2236.3788998104133,0.9988078995493113,0.0016440130080250033,0,34
2236.3802887027546,1.0019327918988077,0.0016459671620757618,0,34
2236.3816775951104,1.003371777058219,0.0016488196671605978,0,34
2236.383066487452,0.99984388227716,0.0016462886265402443,0,34
2236.3844553798085,0.998549706289305,0.001643644891121231,0,34
2236.38584427215,1.000063932502803,0.001645263001820229,0,34
2236.387233164506,1.003123660725099,0.0016474442949347805,0,34
2236.388622056848,1.0001454436447303,0.0016457123231261403,0,34
2236.390010949189,1.0016356345215063,0.0016452592113095365,0,34
2236.391399841531,0.9997963341110357,0.00164451554226948,0,34
2236.3927887338727,0.9999818988535555,0.0016448788481404505,0,34
2236.3941776262286,1.0001015530298465,0.0016452051236377349,0,34
2236.3955665185704,0.9989261354914478,0.0016445789604291397,0,34
2236.396955410912,1.000719007394337,0.0016467741034866055,0,34
2236.3983443032535,0.9983334629027081,0.0016438484123876334,0,34
2236.399733195581,1.0000866242492736,0.0016454290553463266,0,34
2236.4011220879224,0.9995653112316718,0.0016450163270474833,0,34
2236.4025109802637,0.9981525260821659,0.0016447887506170719,0,34
2236.403899872606,1.0015768151260496,0.0016458200611031257,0,34
2236.4052887649473,1.003271828872284,0.001649527617926823,0,34
2236.406677657274,1.0029807922950176,0.0016463583136214336,0,34
2236.4080665496163,1.0012158372117994,0.0016446791173847404,0,34
2236.4094554419576,0.9992020940003358,0.0016455163828811225,0,34
2236.4108443342843,0.9996642144029665,0.0016457548934769924,0,34
2236.4122332266265,1.0028584509382235,0.0016464714457867118,0,34
2236.4136221189533,0.9974252705365624,0.0016436749236290239,0,34
2236.4150110112946,0.997496256888186,0.0016436177743908936,0,34
2236.4163999036223,1.0008485892097088,0.0016450539405766607,0,34
2236.41778879595,1.0022094222028215,0.00164602576920262,0,34
2236.4191776882917,0.9998753073602658,0.0016449131085255542,0,34
2236.4205665806185,1.0000105621122553,0.0016455089476486108,0,34
2236.4219554729457,0.9995413505388525,0.0016451118187591548,0,34
2236.4233443652734,0.9989121770816123,0.0016451258144909418,0,34
2236.4247332575997,1.0007443863213108,0.0016458070858934482,0,34
2236.426122149927,1.0005061976272718,0.0016472597262218395,0,34
2236.4275110422545,1.003051778646641,0.001646979520008354,0,34
2236.428899934581,0.999400049630731,0.0016439828297283377,0,34
2236.430288826908,1.0003253354506325,0.0016447247493019208,0,34
2236.4316777192357,0.9971572989252808,0.001642720881245544,0,34
2236.433066611562,1.0009860832787842,0.0016452474024108413,0,34
2236.4344555038892,1.0000472122685615,0.0016450173475695926,0,34
2236.4358443962024,1.0000697547272264,0.001645599336749735,0,34
2236.4372332885287,1.0005005246906542,0.00164449352814969,0,34
2236.438622180856,1.000188363888877,0.0016465061435384338,0,34
2236.440011073169,1.0003663149533049,0.0016452393840228384,0,34
2236.4413999654953,1.0029221968312694,0.0016470359403021205,0,34
2236.442788857808,1.0012032223922154,0.0016458766271857648,0,34
2236.4441777501356,0.9990717657459354,0.0016435574177975623,0,34
2236.445566642448,1.0001567148740629,0.001645023762279995,0,34
2236.44695553476,0.9999815256340412,0.0016445900403834711,0,34
2236.4483444270877,0.9989232243792361,0.0016445675888970628,0,34
2236.4497333194,1.0026044377367775,0.0016464917104400283,0,34
2236.4511222117117,1.0007680484385186,0.0016455452490779332,0,34
2236.4525111040243,0.9984652093912629,0.001644352258731965,0,34
2236.453899996352,1.0006310022328604,0.0016447511370878943,0,34
2236.4552888886637,1.003691551538088,0.0016472745966868631,0,34
2236.4566777809764,1.000010114248838,0.00164454280478869,0,34
2236.4580666732895,0.9997792406572799,0.001645190253172711,0,34
2236.4594555656013,0.9973208437164557,0.0016434383082885,0,34
2236.4608444578994,0.9989899560283965,0.0016454755619967438,0,34
2236.4622333502125,1.0006856415697567,0.0016456416155228415,0,34
2236.4636222425243,0.9975323845371722,0.0016447211045801013,0,34
2236.465011134838,0.9990015258333403,0.0016444493541212372,0,34
2236.4664000271514,0.9986724955095161,0.0016445298295790125,0,34
2236.4677889194486,1.0008408262438109,0.0016448533350877138,0,34
2236.4691778117617,1.0043703631907328,0.0016481271700148873,0,34
2236.47056670406,1.0010259431229136,0.0016456674201533238,0,34
2236.4719555963716,1.0000373592733833,0.0016446868441949978,0,34
2236.47334448867,1.0000752783760383,0.0016449056732930423,0,34
2236.474733380983,0.9979321026370086,0.001644438274166906,0,34
2236.47612227328,0.9995785978463816,0.0016458387220788418,0,34
2236.477511165593,0.997404071668149,0.0016444830313508498,0,34
2236.478900057891,1.0007753635409993,0.0016453694276973591,0,34
2236.4802889501884,0.9994184120308356,0.0016449050901375512,0,34
2236.481677842486,0.9995793442854102,0.001644088526661104,0,34
2236.4830667347846,1.0014181968324636,0.0016453469762109508,0,34
2236.4844556270973,0.9992702438836506,0.0016448301546569417,0,34
2236.4858445193945,1.0011525391821707,0.001644519624357918,0,34
2236.487233411693,0.9996427169589417,0.0016450915541058383,0,34
2236.488622303991,1.0026220536978534,0.0016462826491964603,0,34
2236.4900111962884,0.9998908332920615,0.001646731095769135,0,34
2236.4914000885724,0.9988676893155053,0.0016440630136083673,0,34
2236.4927889808705,0.9994600633286336,0.0016444478962325095,0,34
2236.4941778731677,0.9982397101607109,0.001643886025916811,0,34
2236.4955667654663,1.0014916464328818,0.0016476333831027775,0,34
2236.49695565775,1.0003493707873548,0.0016445136470141337,0,34
2236.498344550047,0.9994759624799436,0.001644527496957048,0,34
2236.4997334423456,0.9989262101353507,0.0016460993925833743,0,34
2236.501122334629,0.9972517234624038,0.0016435514404537783,0,34
2236.5025112269263,1.0021480649146672,0.0016454719172749243,0,34
2236.5039001192104,0.9994952952507854,0.00164430691839253,0,34
2236.5052890115085,0.9988107360176202,0.0016441507785097814,0,34
2236.5066779037916,1.002458135687164,0.0016460665900869986,0,34
2236.508066796075,0.9968506617723157,0.0016432954351931746,0,34
2236.5094556883732,1.0013593774370069,0.0016454050001823177,0,34
2236.5108445806563,1.0017544676148658,0.001646378724063623,0,34
2236.51223347294,1.0004320015878252,0.0016449835245511074,0,34
2236.513622365224,1.000813357287557,0.001645490140884022,0,34
2236.515011257508,1.0001118538884417,0.0016444010980043468,0,34
2236.516400149791,0.9978741789683861,0.001643158539441633,0,34
2236.517789042074,1.0017264015073888,0.001646539237612555,0,34
2236.519177934358,0.9988139457054432,0.0016431180101349999,0,34
2236.5205668266412,1.00235169348168,0.0016468838825078097,0,34
2236.5219557189243,1.001233602460681,0.0016458525720217559,0,34
2236.5233446112084,0.9987511701831348,0.0016436596157973818,0,34
2236.5247335034915,1.0002450932550537,0.0016453408530782941,0,34
2236.52612239576,1.0023784159989053,0.0016470964426843245,0,34
2236.527511288044,0.9989140431791839,0.00164479808110493,0,34
2236.528900180327,1.0001677621716867,0.0016451107982370454,0,34
2236.530289072596,1.0015852498870732,0.001645893101328389,0,34
2236.5316779648797,0.9995471727632759,0.001645279621751726,0,34
2236.5330668571482,1.0002065770011759,0.0016447228540465747,0,34
2236.534455749432,0.9992123202150281,0.0016445091275590776,0,34
2236.535844641701,1.0035508477811894,0.0016468911719514487,0,34
2236.5372335339694,1.0013837859932433,0.0016449221474356666,0,34
2236.538622426253,0.9978840319635642,0.0016437042271924527,0,34
2236.540011318522,0.9992934581374413,0.0016450220128135216,0,34
2236.5414002107905,0.9988090192078543,0.0016451768405964153,0,34
2236.5427891030595,0.9989119531499037,0.0016437266786788612,0,34
2236.544177995343,0.9991574569464232,0.001644335638800468,0,34
2236.5455668876116,0.9992291897370754,0.001644463495641897,0,34
2236.546955779881,1.00290032616773,0.0016456862269179126,0,34
2236.5483446721496,1.0017737257418047,0.0016455663884644865,0,34
2236.549733564418,0.9997169129983885,0.0016443440945550893,0,34
2236.551122456672,1.0025621892877565,0.0016463861592961348,0,34
2236.552511348941,1.000671309940407,0.001646312098548762,0,34
2236.55390024121,1.0002630077917412,0.0016454415931893857,0,34
2236.5552891334787,1.000653768623234,0.0016443508008432371,0,34
2236.5566780257477,0.9988884403205015,0.0016441853304726306,0,34
2236.558066918002,1.001137610401598,0.0016458323073684394,0,34
2236.5594558102707,1.0019986278211337,0.0016464685300092562,0,34
2236.560844702525,1.000297045411447,0.0016466942111843215,0,34
2236.562233594795,0.9999963797707111,0.0016445186038358084,0,34
2236.5636224870495,1.0012548013290945,0.0016456456976112793,0,34
2236.5650113793185,0.9993201060107637,0.0016446263418127935,0,34
2236.5664002715735,0.999312268400963,0.0016441940778049976,0,34
2236.5677891638416,0.9966758457518083,0.0016435906576605563,0,34
2236.569178056096,1.0007338615310069,0.0016452759770299065,0,34
2236.570566948351,1.0007811111215197,0.0016457529982216463,0,34
2236.5719558406045,0.9997529660034717,0.0016452275751241432,0,34
2236.573344732859,1.0030680510174654,0.001648074831809559,0,34
2236.5747336251284,0.9993118951814487,0.001644953929409933,0,34
2236.576122517382,1.0019012921717991,0.0016471839160079934,0,34
2236.5775114096364,0.9990800512191532,0.001644091150860814,0,34
2236.5789003018913,0.9997601318181467,0.0016443104173254769,0,34
2236.580289194145,0.9990707207312953,0.0016437119540027103,0,34
2236.5816780863847,0.9965430542486133,0.001643297184659648,0,34
2236.5830669786396,0.9991078187510186,0.001644061847297385,0,34
2236.584455870893,0.9993426484694287,0.0016450055386708973,0,34
2236.585844763147,0.998516191176919,0.001644427631579193,0,34
2236.587233655387,0.9980330211936806,0.0016446710989967374,0,34
2236.588622547642,1.0018269468445467,0.0016468618683880198,0,34
2236.5900114398955,0.9994885026556248,0.0016449087348593707,0,34
2236.5914003321354,1.0004726078709831,0.0016454708967528148,0,34
2236.5927892243903,1.0025007573556994,0.001647826844936958,0,34
2236.5941781166293,0.9978234957583415,0.0016428732306176003,0,34
2236.595567008884,0.9980684770475411,0.0016446976325715835,0,34
2236.596955901124,0.9983368965222398,0.0016438172135688582,0,34
2236.598344793363,1.0000700533028377,0.0016456494881219718,0,34
2236.5997336856176,1.0019939252552532,0.0016461877406402797,0,34
2236.601122577858,1.0001683593229096,0.0016455735321192527,0,34
2236.602511470097,0.9998540338479496,0.001645144329677785,0,34
2236.603900362337,0.9996084554075272,0.001644047268410107,0,34
2236.605289254577,1.0008365715413476,0.0016474321944583395,0,34
2236.606678146816,0.9999296481215507,0.001645966433131398,0,34
2236.608067039056,0.9994254285577048,0.0016448273846683588,0,34
2236.6094559312965,1.0023832678525917,0.00164644199643441,0,34
2236.610844823536,0.9993366023132967,0.0016444569351426218,0,34
2236.6122337157763,1.000906587522234,0.0016448894907281637,0,34
2236.613622608017,1.0016929610389058,0.0016472285274030643,0,34
2236.6150115002415,0.9989977936381972,0.0016442207571687165,0,34
2236.616400392482,0.9995749402951413,0.0016452479855663324,0,34
2236.6177892847218,0.9992007504100843,0.001645037758011782,0,34
2236.619178176946,1.0002558419770662,0.0016456782085299095,0,34
2236.6205670691857,1.001710427712176,0.0016455754273745989,0,34
2236.621955961426,0.9992987578545446,0.001645145058622149,0,34
2236.623344853651,0.9984524452838732,0.001646040931245389,0,34
2236.6247337458904,1.0014557427156041,0.0016456787916854006,0,34
2236.626122638116,1.0017160260048907,0.0016462339557129513,0,34
2236.627511530341,0.9986078538896359,0.0016442821342841573,0,34
2236.6289004225805,1.0004641731099595,0.0016466831312299901,0,34
2236.6302893148063,1.0034587372050554,0.0016470846337856293,0,34
2236.6316782070317,1.001476717652309,0.001646460074254635,0,34
2236.633067099256,1.0025609949853107,0.001645975763619256,0,34
2236.634455991482,0.9975573156007287,0.0016437258039456244,0,34
2236.6358448837073,0.9980765385890503,0.0016435485246763227,0,34
2236.6372337759317,1.001606747331098,0.0016463902413845727,0,34
2236.6386226681575,1.0016205564531278,0.001646629189347061,0,34
2236.640011560383,0.9996354765003639,0.0016446116171366428,0,34
2236.6414004526073,1.002028112162765,0.001647343992190307,0,34
2236.642789344833,0.9991619355805951,0.0016446012661266753,0,34
2236.6441782370584,1.0006194324279165,0.001645418850125232,0,34
2236.645567129283,0.9980420531059272,0.001644101793448527,0,34
2236.646956021494,1.000473205022206,0.0016449994155382406,0,34
2236.6483449137195,1.0016909456535286,0.0016462158778927265,0,34
2236.649733805944,0.9992094091028165,0.001644482885561977,0,34
2236.6511226981543,0.9982779278389773,0.0016440287532232638,0,34
2236.65251159038,1.000787530497166,0.001645117796102939,0,34
2236.653900482591,0.9992138130930854,0.0016442914647720153,0,34
2236.6552893748153,1.0004674574416854,0.0016460852510627145,0,34
2236.6566782670266,1.0003361588165478,0.0016449421205112376,0,34
2236.6580671592374,0.9983942230396393,0.0016440555783758554,0,34
2236.659456051462,0.998821783315244,0.0016453383746674567,0,34
2236.6608449436735,1.000923083824767,0.0016467997623282149,0,34
2236.662233835885,1.0001244687080257,0.0016457298177908742,0,34
2236.6636227280956,0.9983006195854479,0.0016438943358825595,0,34
2236.665011620306,0.9982257517508754,0.0016444890086946338,0,34
2236.666400512517,0.999291965259384,0.0016448221362689386,0,34
2236.6677894047275,0.9968335683185598,0.001643154603142068,0,34
2236.669178296938,1.0003410853141368,0.0016441948067493614,0,34
2236.670567189149,0.9992409088298251,0.0016437775589954618,0,34
2236.6719560813594,0.9998876982481412,0.0016447775248738677,0,34
2236.6733449735702,0.9972320174720476,0.0016437498591096334,0,34
2236.674733865781,0.9985573946112999,0.0016441927657051426,0,34
2236.676122757977,1.0034463463171799,0.0016468991903394517,0,34
2236.6775116501876,1.0000097410293238,0.0016442752822071365,0,34
2236.6789005423984,0.9999983951560885,0.0016453011985048975,0,34
2236.680289434594,0.9989290466036596,0.0016447457428996014,0,34
2236.681678326805,0.9992336683712473,0.0016443158115137697,0,34
2236.6830672190013,0.99855896213326,0.0016451831095179448,0,34
2236.6844561112116,0.9997538617303061,0.0016442917563497608,0,34
2236.6858450034074,0.9992577783518723,0.001644398328015764,0,34
2236.6872338956177,0.9984461005521298,0.0016443120210030775,0,34
2236.6886227878144,1.0007836490142172,0.001647713129616189,0,34
2236.6900116800102,0.9982182873605889,0.0016444331715563586,0,34
2236.691400572206,0.998877691598489,0.0016445473242437463,0,34
2236.6927894644173,1.002436265023625,0.0016474203855596442,0,34
2236.694178356613,1.000990039405636,0.0016463777035415135,0,34
2236.6955672488093,1.0011353710845121,0.0016463231785030935,0,34
2236.6969561410056,1.00126875973893,0.0016450653121087378,0,34
2236.6983450332013,1.0009858593470755,0.0016452488602995692,0,34
2236.6997339253976,0.9993598165670874,0.001644421654235409,0,34
2236.701122817594,1.0013133967928427,0.0016455079271265013,0,34
2236.702511709775,1.005302441605795,0.001648094075940766,0,34
2236.7039006019713,0.9986122578799049,0.0016436341027446452,0,34
2236.7052894941676,1.0012930936512636,0.001647936915535908,0,34
2236.7066783863634,0.9967514600254095,0.0016435563972754528,0,34
2236.708067278545,0.9989403924768948,0.0016448852628508529,0,34
2236.709456170742,0.9987376596367163,0.0016435833682169174,0,34
2236.7108450629385,0.9987539320075407,0.0016438323756116275,0,34
2236.71223395512,0.9991934353076036,0.001644249040210036,0,34
2236.713622847317,1.0000563934686137,0.001643996533882379,0,34
2236.7150117394976,1.0006137594912987,0.001646087583684679,0,34
2236.7164006316793,1.000070501166255,0.0016447964774273292,0,34
2236.717789523876,0.9993955709965592,0.0016442200282243526,0,34
2236.719178416057,1.001353331280875,0.0016454657941422674,0,34
2236.720567308238,1.0016718368143953,0.0016457951312058802,0,34
2236.7219562004198,1.00042274574387,0.0016455935051948238,0,34
2236.723345092616,0.9981820850677,0.0016432019845257217,0,34
2236.7247339847972,0.9985915815188116,0.0016444471672881456,0,34
2236.726122876979,1.0000618424735228,0.001644560736820042,0,34
2236.7275117691606,0.9989284494524366,0.0016449642804199003,0,34
2236.728900661342,0.9977719168214626,0.0016435721424737132,0,34
2236.7302895535236,0.9982287375069899,0.0016443413245665064,0,34
2236.7316784457053,1.002236070076144,0.0016465087677381438,0,34
2236.733067337872,1.0001411142983643,0.0016449300200347967,0,34
2236.7344562300536,0.9970945980468751,0.0016434135241801273,0,34
2236.735845122236,1.0016177946287217,0.001645182963729072,0,34
2236.7372340144166,1.00153486525264,0.0016459855314737322,0,34
2236.7386229065837,0.9992106034052624,0.0016455891315286402,0,34
2236.740011798766,0.9984093011080178,0.0016438056962479084,0,34
2236.741400690932,1.0034977759662531,0.0016466188383370936,0,34
2236.742789583114,0.9976382295914332,0.0016439930349494323,0,34
2236.7441784752814,1.0026054081075146,0.0016467401346792474,0,34
2236.745567367462,0.9988526112471268,0.00164449877654911,0,34
2236.7469562596293,0.9975164107419593,0.0016435442967990118,0,34
2236.7483451518115,1.0010089989569635,0.00164571071944854,0,34
2236.7497340439777,0.9999828692242927,0.0016446721195188469,0,34
2236.7511229361444,0.9960389093286702,0.0016432066497696508,0,34
2236.7525118283115,1.0001022248249722,0.0016450460679775306,0,34
2236.7539007204787,0.9975650785666266,0.001643219916557074,0,34
2236.7552896126454,0.99746221926848,0.0016432267686340945,0,34
2236.7566785048125,0.999752294208346,0.0016454529647214628,0,34
2236.7580673969806,1.0000116817707982,0.0016460419517674986,0,34
2236.7594562891477,1.0007778267897938,0.0016450726015523767,0,34
2236.7608451813153,0.9986785416656481,0.0016441360538336305,0,34
2236.762234073482,1.0010671465572945,0.001645695848983516,0,34
2236.7636229656487,1.0002434510891907,0.001646226812058185,0,34
2236.7650118578163,0.9994083351039489,0.0016459441274338624,0,34
2236.7664007499684,1.000302494416356,0.0016451698427305218,0,34
2236.767789642135,0.9969127654994985,0.0016436906688272843,0,34
2236.7691785343027,0.9999636110973539,0.0016446604564090243,0,34
2236.770567426455,1.000940177278523,0.0016459986524722827,0,34
2236.7719563186215,1.0012689090267357,0.0016454908698283859,0,34
2236.7733452107746,1.0010077300106148,0.0016463946150507562,0,34
2236.7747341029417,0.9980828833207938,0.0016444846350284503,0,34
2236.7761229950934,1.0009681687420968,0.001644355611876039,0,34
2236.777511887261,0.9988564927300757,0.0016450828067734713,0,34
2236.7789007794136,0.995789449405299,0.0016429878206716062,0,34
2236.7802896715652,1.0037558199384538,0.0016470944016401057,0,34
2236.7816785637183,0.9958325189372514,0.0016420936975148396,0,34
2236.7830674558854,1.0036186244449898,0.0016469040013722535,0,34
2236.784456348037,0.9996504799248396,0.0016452169325364301,0,34
2236.7858452401892,1.0015422549990234,0.0016453568898543,0,34
2236.7872341323423,1.0010330342936855,0.0016457668481645606,0,34
2236.7886230244944,0.9962653042860566,0.0016435237405679499,0,34
2236.7900119166466,0.9993324968986391,0.0016447216877355925,0,34
2236.7914008087996,0.9985971051676236,0.0016442332950117756,0,34
2236.792789700937,1.0011562713773139,0.001645928965391093,0,34
2236.7941785930893,1.0008469470438457,0.001645594671505806,0,34
2236.7955674852424,1.000677803959956,0.0016472744508979904,0,34
2236.796956377395,0.9991995561076384,0.001644620072891264,0,34
2236.798345269532,1.0002709200454447,0.001645181068473726,0,34
2236.799734161685,0.999696908432421,0.0016448976549050393,0,34
2236.801123053823,1.0002509154794772,0.0016448190747026103,0,34
2236.802511945975,1.0014105085104685,0.0016460842305406052,0,34
2236.8039008381133,0.9987789377150001,0.0016433560833642514,0,34
2236.805289730266,0.9989509919111015,0.0016442293587122106,0,34
2236.806678622404,1.0013750526566083,0.001646207567926978,0,34
2236.808067514557,1.006416651143845,0.0016488947484300802,0,34
2236.8094564066955,0.9992683031421762,0.001644494840249545,0,34
2236.810845298833,1.002927869767887,0.0016474374428577597,0,34
2236.8122341909707,0.9997603557498553,0.0016439469656656335,0,34
2236.813623083109,1.0008806114440374,0.0016445712336188823,0,34
2236.8150119752613,1.0007976074240528,0.001645241716644803,0,34
2236.8164008673984,0.9984507284741073,0.001644380250195539,0,34
2236.8177897595365,1.0026126485660924,0.001647375336797955,0,34
2236.819178651675,0.9995201516704391,0.0016452748107189242,0,34
2236.820567543798,0.9989818944868871,0.0016444199047689356,0,34
2236.8219564359356,0.9986771234314936,0.0016443618807975686,0,34
2236.823345328074,1.0008182091412432,0.0016461574165547413,0,34
2236.8247342202117,0.9992559868982036,0.0016447235829909386,0,34
2236.8261231123493,1.0000816231077818,0.001644682033162196,0,34
2236.827512004473,0.9987890892857896,0.0016441418853885418,0,34
2236.828900896611,0.9983412258686059,0.0016457257357024363,0,34
2236.8302897887484,1.0000451222392812,0.0016440523710206543,0,34
2236.8316786808723,0.9994226667332988,0.0016455143418369037,0,34
2236.83306757301,1.0038582313731832,0.001646406715527197,0,34
2236.834456465133,1.0010236291619248,0.0016449042154043144,0,34
2236.835845357257,0.9996923551543463,0.0016447390366114535,0,34
2236.8372342493944,1.0001216322397168,0.001644277760617974,0,34
2236.8386231415175,1.0017736510979016,0.0016461100351710873,0,34
2236.8400120336414,0.9992627048494613,0.0016450125365367909,0,34
2236.841400925779,0.9998093221501341,0.0016450994267049684,0,34
2236.8427898179025,1.0006495885646736,0.0016451590543539358,0,34
2236.844178710026,0.9995568764706482,0.0016459415032341524,0,34
2236.845567602149,0.9981976109994957,0.001643861970752802,0,34
2236.8469564942725,1.0023340028767014,0.0016475704023097362,0,34
2236.848345386396,0.9983942976835422,0.0016447868553617258,0,34
2236.849734278519,1.0026045123806804,0.0016453159231810484,0,34
2236.851123170642,0.9949208183076712,0.0016433213856125296,0,34
2236.852512062765,1.0026357135320774,0.001646398113983703,0,34
2236.8539009548745,1.00051605062245,0.001644533474300832,0,34
2236.855289846998,1.0018673291959959,0.00164622287575862,0,34
2236.8566787391223,0.9986820499290827,0.001645064437375501,0,34
2236.858067631246,0.9988946357644393,0.0016449163158807553,0,34
2236.8594565233543,0.9994149037674009,0.0016441162265469324,0,34
2236.860845415478,1.0024958308581104,0.0016464934599065017,0,34
2236.8622343075867,1.0006152523693561,0.0016457942564726434,0,34
2236.8636231997098,0.9995797921488274,0.001644626050235048,0,34
2236.8650120918187,0.9996931762372777,0.0016444890086946338,0,34
2236.8664009839276,0.9985177586988792,0.0016445966008827462,0,34
2236.8677898760507,0.9988339502714109,0.0016456677117310694,0,34
2236.8691787681596,0.998516788328142,0.0016438182340909678,0,34
2236.8705676602685,1.001233527816778,0.0016463594799324159,0,34
2236.8719565523916,0.9999828692242927,0.0016464106518267621,0,34
2236.8733454445005,0.997984577300722,0.0016434415156437012,0,34
2236.8747343366094,1.0011532856211995,0.0016460808773965311,0,34
2236.876123228718,0.999040116731121,0.0016457830307294392,0,34
2236.877512120827,1.0004193867682412,0.0016446638095530984,0,34
2236.878901012936,0.9969457581045644,0.0016430242678898016,0,34
2236.8802899050443,1.0014729854571658,0.001646479901541333,0,34
2236.8816787971527,1.0002277012256864,0.001645834494201531,0,34
2236.883067689247,1.0017506607758195,0.001646228269946913,0,34
2236.884456581356,0.9976074763034533,0.0016437535038314529,0,34
2236.8858454734645,1.0003654192264704,0.0016447324761121782,0,34
2236.8872343655735,1.000987725444647,0.0016467354694353186,0,34
2236.888623257668,0.999236579483459,0.0016442978794824177,0,34
2236.8900121497763,1.000896734527056,0.0016456503628552084,0,34
2236.8914010418707,0.9994240849674532,0.001644298316849036,0,34
2236.8927899339797,1.0001865724352084,0.0016448612076868441,0,34
2236.8941788260736,0.9998314167453818,0.0016439498814430891,0,34
2236.8955677181825,0.9994050507722229,0.0016447601759980066,0,34
2236.896956610277,1.0014275273203215,0.0016448671850306281,0,34
2236.898345502371,1.0001184971957966,0.0016458441162671346,0,34
2236.8997343944798,1.002216811949205,0.0016458241431915636,0,34
2236.901123286574,1.0015133678086152,0.0016460714011198004,0,34
2236.902512178668,1.0000289245123597,0.0016448574171761517,0,34
2236.9039010707625,0.9978553687048645,0.00164413707435574,0,34
2236.9052899628578,0.9989037423205887,0.0016444513951654562,0,34
2236.906678854952,0.9966845044445406,0.0016450699773526666,0,34
2236.908067747047,1.000763420516541,0.0016454503405217526,0,34
2236.909456639141,0.999965103975411,0.0016455736779081255,0,34
2236.910845531235,1.001004818898403,0.0016444006606377284,0,34
2236.9122344233297,1.0006268968182028,0.0016455018039938443,0,34
2236.9136233154236,1.0007093036869648,0.001645149723866078,0,34
2236.9150122075175,0.997037047597767,0.0016426692719845794,0,34
2236.916401099597,0.9983995227567426,0.0016442497691543999,0,34
2236.9177899916913,1.0004699953343827,0.0016461932806174453,0,34
2236.9191788837857,1.0023249709644548,0.0016464065697383242,0,34
2236.920567775865,1.000100657303012,0.0016442487486322903,0,34
2236.92195666796,0.9978432017486977,0.0016442948179160894,0,34
2236.9233455600393,0.9992735282153766,0.001645542041722732,0,34
2236.924734452133,0.9982619540437644,0.0016447582807426605,0,34
2236.9261233442135,0.9973922032875937,0.0016448227194244297,0,34
2236.927512236293,0.9980760160817302,0.0016435546478089794,0,34
2236.9289011283868,1.0000323581318915,0.0016450373206451637,0,34
2236.930290020467,1.0009372661663112,0.0016456401576341137,0,34
2236.9316789125464,1.0019983292455221,0.0016461546465661584,0,34
2236.933067804626,1.0009927265861391,0.0016451460791442583,0,34
2236.934456696706,0.9998609757309159,0.001645241716644803,0,34
2236.9358455887855,0.9981669323554185,0.0016432358075442071,0,34
2236.937234480865,0.9985626943284033,0.001644757406009424,0,34
2236.938623372945,0.9990281737066629,0.0016448289883459594,0,34
2236.9400122650245,0.9990922181753201,0.0016439434667326867,0,34
2236.941401157104,0.9994050507722229,0.0016449682167194654,0,34
2236.942790049184,0.9984261706300651,0.0016441761457736453,0,34
2236.944178941264,0.999746248052214,0.0016445057744150036,0,34
2236.9455678333284,1.0232203372687714,0.001660607280680445,512,34
2236.9469567254077,1.0022592096860317,0.0016461034746718122,0,34
2236.948345617488,0.9989058323498688,0.0016436584494863996,0,34
2236.949734509553,0.9983202509319011,0.0016435543562312337,0,34
2236.9511234016322,1.0024948604873731,0.0016464201281034929,0,34
2236.952512293698,1.002159709363514,0.00164650541459407,0,34
2236.9539011857782,1.0019119662499085,0.0016455849036513296,0,34
2236.9552900778435,0.999195376049078,0.0016443607144865863,0,34
2236.9566789699234,0.9976153885571569,0.0016435472125764675,0,34
2236.958067861989,1.0035042699858023,0.0016471436782791056,0,34
2236.9594567540535,0.9986595074704178,0.0016443860817504502,0,34
2236.9608456461187,0.9976787612306883,0.001643417023113074,0,34
2236.962234538199,1.00031458672862,0.0016457427930005517,0,34
2236.963623430264,1.0000728897711466,0.0016473123560049134,0,34
2236.9650123223287,1.0000487797905215,0.0016453571814320455,0,34
2236.9664012143944,0.9985388829233897,0.0016441402817109413,0,34
2236.9677901064592,1.0018803918789971,0.0016454965555944244,0,34
2236.969178998524,1.0035807053423351,0.0016476456293680912,0,34
2236.97056789059,0.999316672391232,0.0016450742052299774,0,34
2236.97195678264,1.0006448113548903,0.0016454725004304155,0,34
2236.973345674705,0.9989050112669373,0.0016441067502702016,0,34
2236.9747345667706,1.0006651891403722,0.0016449422663001104,0,34
2236.9761234588354,0.9988697047008827,0.0016446170113249357,0,34
2236.9775123508857,0.999552024616962,0.0016456917668950782,0,34
2236.9789012429515,1.0010686394353516,0.0016450379038006548,0,34
2236.9802901350163,0.9991008768680523,0.0016435333626335534,0,34
2236.981679027066,1.00153329773068,0.0016466509118891054,0,34
2236.9830679191314,0.9981791739554883,0.0016446269249682846,0,34
2236.9844568111826,0.9995977066855147,0.0016450285733127967,0,34
2236.985845703233,0.9970703387784443,0.0016434387456551183,0,34
2236.9872345952977,0.9980896012720515,0.001643768811663095,0,34
2236.988623487349,0.9996265938759231,0.0016445212280355183,0,34
2236.990012379399,1.001516726784244,0.0016454306590239273,0,34
2236.9914012714494,1.0000616931857171,0.0016459505421442648,0,34
2236.992790163515,0.9987136242999941,0.0016443446777105804,0,34
2236.9941790555654,1.000148951908165,0.0016459932582839896,0,34
2236.9955679476157,0.9995319454070916,0.001644061118353021,0,34
2236.996956839667,0.9979460610468441,0.0016439889528609944,0,34
2236.998345731717,1.0019009935961876,0.0016458155416480694,0,34
2236.9997346237674,0.9993404091523427,0.001643566310918802,0,34
2237.0011235158186,0.9998555267260069,0.0016449029033044594,0,34
2237.0025124078547,1.00076782450681,0.0016452810796404537,0,34
2237.0039012999064,1.001934210132962,0.001646302184905413,0,34
2237.005290191957,1.0006565304476398,0.001644771984896702,0,34
2237.0066790840074,1.0002975679187671,0.0016462371630681526,0,34
2237.0080679760435,0.9987199690317375,0.0016438641575858939,0,34
2237.0094568680943,1.0001068527469497,0.0016446753268740482,0,34
2237.01084576013,1.000963690107925,0.0016454424679226225,0,34
2237.01223465218,1.000616969179122,0.0016459848025293683,0,34
2237.0136235442164,0.9999349478386541,0.001647027484547499,0,34
2237.015012436267,0.9991606666342463,0.001644151070087527,0,34
2237.0164013283024,0.9992968171130702,0.0016461800138300223,0,34
2237.017790220339,0.998826187305513,0.0016448168878695185,0,34
2237.01917911239,1.002422008038178,0.0016462830865630787,0,34
2237.020568004425,1.0026290702247225,0.0016464004466056675,0,34
2237.0219568964617,0.9977075737771939,0.0016436932930269943,0,34
2237.023345788498,0.9978216296607699,0.0016434835028390621,0,34
2237.024734680533,0.9986789895290653,0.0016438140062136571,0,34
2237.0261235725698,0.9996285346173975,0.0016448894907281637,0,34
2237.027512464606,0.9994232638845217,0.0016453466846332052,0,34
2237.0289013566417,0.9998739637700143,0.001644991105572492,0,34
2237.030290248678,1.0008083561460652,0.0016452867654064922,0,34
2237.031679140714,0.997052424241757,0.0016429930690710264,0,34
2237.0330680327497,1.0002854756065032,0.001645631264512874,0,34
2237.034456924786,1.00054837143239,0.0016448389019893086,0,34
2237.0358458168075,0.9989574112867478,0.0016448776818294684,0,34
2237.0372347088432,0.9999253934190875,0.0016449240426910127,0,34
2237.0386236008794,1.0023855818135803,0.0016459047644382114,0,34
2237.040012492901,1.000087519976108,0.0016449113590590808,0,34
2237.0414013849368,0.999036907043298,0.0016448227194244297,0,34
2237.0427902769575,1.0012162104313138,0.0016449090264371163,0,34
2237.0441791689796,0.9982228406386637,0.0016437890763164114,0,34
2237.0455680610157,0.9989300169743968,0.0016457241320248356,0,34
2237.0469569530364,0.9965244679168003,0.001642377111083526,0,34
2237.0483458450585,1.000992801230042,0.00164521430833672,0,34
2237.0497347370947,0.9977239954358239,0.0016458390136565872,0,34
2237.0511236291163,1.0024004359502503,0.0016462099005489425,0,34
2237.052512521139,1.001419689710521,0.0016453603887872468,0,34
2237.0539014131605,0.9993713117281284,0.0016449307489791606,0,34
2237.0552903051816,0.9990824398240449,0.0016445869788171428,0,34
2237.0566791972033,1.000928084966259,0.001646436019090626,0,34
2237.058068089225,0.9988174539688779,0.0016448383188338174,0,34
2237.059456981246,1.0035202437810153,0.0016472059301277833,0,34
2237.0608458732677,0.9993604883622131,0.0016443984738046366,0,34
2237.0622347652893,0.9983108458001403,0.0016442745532627727,0,34
2237.0636236573105,0.9994275932308878,0.0016443150825694059,0,34
2237.0650125493175,1.0002234465232231,0.0016465606685768539,0,34
2237.066401441339,1.0024014809648905,0.0016462313315132413,0,34
2237.0677903333603,1.002100591392446,0.001646542007601138,0,34
2237.069179225368,1.0026795295030586,0.0016459853856848595,0,34
2237.070568117389,0.9967134662788518,0.0016422415274318395,0,34
2237.0719570093956,0.9990086916480153,0.0016457061999934836,0,34
2237.0733459014177,0.9992088119515936,0.0016437852858057192,0,34
2237.0747347934243,0.9999361421410999,0.0016442293587122106,0,34
2237.076123685431,1.0034964323760016,0.0016467414467791026,0,34
2237.077512577452,1.0006489167695478,0.0016450555442542613,0,34
2237.078901469459,1.000084832795605,0.00164511575505872,0,34
2237.0802903614663,0.9985994191286123,0.0016440669499079323,0,34
2237.081679253473,0.9978443214072406,0.0016440167985356956,0,34
2237.0830681454945,0.9989065041449946,0.0016446285286458853,0,34
2237.0844570375016,0.9993505607231322,0.0016454929108726047,0,34
2237.085845929508,0.9995364240412634,0.0016441965562158348,0,34
2237.0872348215153,0.9974199708194591,0.0016436058197033256,0,34
2237.0886237135223,1.002196508807626,0.0016469537153778718,0,34
2237.0900126055144,0.998633083528804,0.001644851294043495,0,34
2237.091401497522,0.9995647887243517,0.0016458630688205962,0,34
2237.0927903895285,0.9993678781085966,0.0016447332050565423,0,34
2237.094179281535,0.998799838007802,0.0016433034535811774,0,34
2237.0955681735427,1.0024783641848403,0.0016466175262372386,0,34
2237.0969570655348,1.001391026451821,0.0016462491177557206,0,34
2237.0983459575414,1.0006737731892015,0.001645531399135019,0,34
2237.099734849535,1.0022412205054414,0.0016472890297852686,0,34
2237.101123741543,1.001184859992111,0.0016457263188579274,0,34
2237.1025126335344,1.001149777357765,0.0016462998522834484,0,34
2237.1039015255415,1.0003296647969986,0.001644465536686116,0,34
2237.1052904175344,1.0000092185220038,0.0016463271148026584,0,34
2237.106679309526,1.0031574744130964,0.0016464831088965344,0,34
2237.1080682015327,1.0005416534811322,0.0016458406173341879,0,34
2237.109457093525,1.0034302978780643,0.0016467587956549635,0,34
2237.110845985518,1.001792685293132,0.001645963079987324,0,34
2237.1122348775098,1.0015338948819028,0.001645416080136649,0,34
2237.1136237695023,0.9982183620044919,0.0016425775707836002,0,34
2237.1150126614953,1.0036540802988503,0.001645760579243031,0,34
2237.116401553487,0.9979368052028891,0.0016441844557393938,0,34
2237.1177904454794,0.9996505545687424,0.0016461405050454986,0,34
2237.1191793374724,1.0016145102969958,0.0016463282811136407,0,34
2237.120568229464,1.001335640675896,0.0016457169883700694,0,34
2237.1219571214565,1.0003039126505107,0.0016455305244017823,0,34
2237.1233460134495,0.9991152084974022,0.0016448763697296132,0,34
2237.1247349054265,1.0006077133351667,0.001644915878514137,0,34
2237.126123797419,1.0006179395498591,0.0016458210816252352,0,34
2237.127512689412,0.9995719545390267,0.001644241750766397,0,34
2237.128901581389,0.9991755207709162,0.0016439624192861482,0,34
2237.1302904733816,1.0003230961335465,0.0016460533232995754,0,34
2237.13167936536,1.0016316037507516,0.0016449357058008352,0,34
2237.133068257352,1.0009945180398079,0.001644414219002897,0,34
2237.1344571493296,1.0005189617346617,0.0016447369955672345,0,34
2237.1358460413226,1.0019337622695448,0.0016470091151495286,0,34
2237.1372349333,0.998233066853356,0.001643397050037503,0,34
2237.138623825277,0.9989356899110144,0.0016446092845146783,0,34
2237.140012717255,0.9995853904415422,0.001644258370697894,0,34
2237.141401609248,0.9982768828243371,0.0016438070083477636,0,34
2237.142790501225,1.003974153354331,0.0016475241872370644,0,34
2237.144179393203,1.0004080408950058,0.0016451641569644833,0,34
2237.1455682851815,0.9987415411196653,0.0016450367374896725,0,34
2237.1469571771586,1.0022044210613295,0.001646286148129407,0,34
2237.1483460691375,1.0019680984648622,0.0016456793748408918,0,34
2237.1497349611163,0.9964830405507108,0.0016415576318296232,0,34
2237.151123853079,1.0003269029725927,0.0016448434214443646,0,34
2237.1525127450573,1.0009152462149664,0.0016457582466210664,0,34
2237.1539016370352,0.9982023135653761,0.0016450067049818796,0,34
2237.1552905290123,1.0026064531221548,0.0016472942781846887,0,34
2237.156679420976,0.9997815546182687,0.0016460954562838093,0,34
2237.158068312954,0.9974590842245598,0.0016422995514032066,0,34
2237.1594572049166,1.0012504719827282,0.0016449374552673086,0,34
2237.160846096895,0.9984293803178882,0.001645440135300658,0,34
2237.1622349888585,1.001950183928175,0.0016464425795899012,0,34
2237.1636238808355,1.0008338843608446,0.0016467528183111795,0,34
2237.1650127727994,1.0019816836551836,0.0016466789033526795,0,34
2237.166401664763,0.9997068360715018,0.0016440484347210892,0,34
2237.16779055674,0.9980028650569236,0.0016432821684057514,0,34
2237.169179448703,1.0014109563738858,0.0016474211145040083,0,34
2237.1705683406667,1.0002837587967373,0.0016440016364929265,0,34
2237.17195723263,1.000915843366189,0.0016453132989813384,0,34
2237.1733461245926,0.9987095188853367,0.001645041111155856,0,34
2237.1747350165565,0.997567019308101,0.0016435539188646155,0,34
2237.17612390852,1.0018708374594305,0.0016470700548983513,0,34
2237.1775128004824,1.0002118767182793,0.0016445976214048558,0,34
2237.1789016924463,0.9995959898757488,0.0016442647854082964,0,34
2237.1802905844097,1.001882705839986,0.0016463362995016437,0,34
2237.181679476372,1.0004059508657255,0.0016452242219800691,0,34
2237.183068368336,1.0017127416731648,0.001645826475813528,0,34
2237.184457260285,0.9987736379978968,0.0016454905782506402,0,34
2237.1858461522474,1.0011817995920935,0.001645727922535528,0,34
2237.1872350442113,1.000288312074812,0.0016456421986783326,0,34
2237.18862393616,1.0005691224373863,0.0016450673531529566,0,34
2237.1900128281227,0.9994245328308704,0.001645654736521392,0,34
2237.191401720072,0.9993248085766442,0.001643959940875311,0,34
2237.1927906120354,1.001934732640282,0.0016460954562838093,0,34
2237.194179503984,1.0029274219044697,0.0016468054480942534,0,34
2237.1955683959327,0.9987615456856328,0.0016442491859989087,0,34
2237.196957287896,1.00017097185951,0.0016450518995324418,0,34
2237.198346179845,0.9980895266281486,0.0016439726245072428,0,34
2237.1997350717943,1.0025618160682421,0.0016462174815703272,0,34
2237.2011239637427,0.9999970515658368,0.0016449075685483884,0,34
2237.202512855692,1.0014390971252656,0.0016472709519650436,0,34
2237.2039017476404,0.9990731839800898,0.0016451332497234537,0,34
2237.205290639589,0.9999274834483677,0.0016462062558271228,0,34
2237.206679531538,1.0041215750624872,0.0016467152047820019,0,34
2237.2080684234866,1.0003879616851354,0.0016454943687613326,0,34
2237.209457315435,1.0024114086039713,0.0016465081845826526,0,34
2237.2108462073843,0.9984457273326154,0.0016438056962479084,0,34
2237.2122350993327,0.999040116731121,0.0016447556565429506,0,34
2237.213623991281,1.001318621866043,0.0016453239415690514,0,34
2237.215012883216,1.000994368752002,0.0016448584376982612,0,34
2237.2164017751643,0.9986093467676932,0.0016440889640277224,0,34
2237.2177906670986,1.0003339194994618,0.001645627328213309,0,34
2237.2191795590475,0.9991762672099449,0.0016440383752888673,0,34
2237.2205684509813,0.9993448131426117,0.0016438084662364913,0,34
2237.22195734293,0.9998128304135686,0.0016437185145019855,0,34
2237.2233462348645,1.0001650749911837,0.0016442175498135154,0,34
2237.224735126813,0.9980144348618676,0.001642755433208393,0,34
2237.226124018747,1.0000593045808255,0.0016451839842511816,0,34
2237.2275129106815,0.9999949615365566,0.0016453621382537201,0,34
2237.2289018026154,1.0008005931801673,0.0016450793078405246,0,34
2237.230290694564,1.0013040663049846,0.0016452710202082318,0,34
2237.2316795864976,1.0004273736658476,0.0016448269473017406,0,34
2237.2330684784324,1.000551730408019,0.0016449062564485334,0,34
2237.2344573703663,1.0001146903567504,0.0016445003802267107,0,34
2237.2358462623,1.000152310883794,0.0016454262853577437,0,34
2237.237235154235,1.0013574366955322,0.0016456563401989924,0,34
2237.2386240461688,0.9983328657514852,0.0016459108875708684,0,34
2237.240012938103,0.999924572336156,0.0016448496903658943,0,34
2237.241401830023,1.0014423068130887,0.0016458745861415458,0,34
2237.2427907219567,0.9986041963383956,0.0016465180982260018,0,34
2237.244179613891,0.9984787945815842,0.0016443152283582786,0,34
2237.2455685058108,1.0011138736404872,0.001646539237612555,0,34
2237.2469573977455,1.0013764708907626,0.0016454136017258118,0,34
2237.2483462896803,0.9989326295109969,0.001643900604804089,0,34
2237.2497351816,0.9991768643611678,0.0016446756184517936,0,34
2237.251124073534,0.9990343691506005,0.0016451055498376253,0,34
2237.2525129654537,0.9974916289662085,0.001643469652896148,0,34
2237.2539018573734,1.0006758632184816,0.0016452113925592643,0,34
2237.2552907493073,1.0000010076926886,0.0016445142301696248,0,34
2237.256679641227,0.9989432289452036,0.0016441343043671571,0,34
2237.2580685331473,0.9978732832415518,0.0016441707515853525,0,34
2237.259457425066,1.0000937900639486,0.0016455531216770633,0,34
2237.2608463170004,1.0007521492872087,0.001645761162398522,0,34
2237.2622352089206,0.9994036325380685,0.0016451758200743058,0,34
2237.2636241008395,1.0012283773874806,0.0016449037780376962,0,34
2237.265012992759,0.999368773835431,0.001646279587630132,0,34
2237.2664018846785,1.000994965903225,0.0016459977777390459,0,34
2237.2677907765983,1.000584051217959,0.0016466684065538392,0,34
2237.269179668503,1.0006631737549947,0.0016464029250165047,0,34
2237.270568560423,1.001358183134561,0.0016455296496685457,0,34
2237.2719574523426,0.9999825706486812,0.0016470720959425702,0,34
2237.273346344262,1.0016918413803628,0.0016465475475783036,0,34
2237.274735236167,1.0006706381452812,0.0016463922824287917,0,34
2237.276124128087,1.0001705239960927,0.0016452390924450928,0,34
2237.277513020006,1.0002491240258085,0.001646402050283268,0,34
2237.2789019119114,1.0003418317531654,0.001645629223468655,0,34
2237.2802908038316,0.9996931015933749,0.0016445152506917343,0,34
2237.281679695736,1.0027294662740747,0.0016472196342818247,0,34
2237.283068587641,1.0000629621320658,0.0016455729489637616,0,34
2237.2844574795613,1.000835302594999,0.0016454622952093206,0,34
2237.2858463714656,1.0001243194202198,0.0016450328011901074,0,34
2237.287235263371,1.0025198661948327,0.0016480598155556624,0,34
2237.2886241552765,1.0008487384975144,0.0016454738125302704,0,34
2237.2900130471953,0.9992409088298251,0.001644620801835628,0,34
2237.2914019391005,0.9997932737110183,0.001645839742600951,0,34
2237.292790831006,1.0009668251518453,0.0016461457534449188,0,34
2237.2941797229105,0.9983195044928725,0.0016428376581326418,0,34
2237.2955686148157,1.0013566156126008,0.0016461915311509721,0,34
2237.2969575067223,1.0011099175136355,0.0016456940995170427,0,34
2237.298346398627,1.0011099175136355,0.001645839742600951,0,34
2237.299735290517,1.0000372846294805,0.0016453159231810484,0,34
2237.301124182423,1.0015687535845401,0.0016460642574650341,0,34
2237.3025130743276,1.0002796533820797,0.0016454033965047172,0,34
2237.3039019662324,1.0015741279455463,0.001645353536710226,0,34
2237.3052908581235,1.0004167742316408,0.0016453184015918858,0,34
2237.3066797500283,1.0002247154695718,0.0016465360302573538,0,34
2237.3080686419185,0.9989568141355248,0.0016439344278225743,0,34
2237.309457533824,0.9991939578149237,0.0016443786465179385,0,34
2237.3108464257143,0.9971842453742147,0.001643782807394882,0,34
2237.312235317619,1.000514408456587,0.0016459476263668091,0,34
2237.31362420951,1.001324070870952,0.0016450212838691578,0,34
2237.3150131014004,0.9965494736242597,0.0016438680938854588,0,34
2237.316401993305,0.9962412689493344,0.0016430209147457275,0,34
2237.3177908851962,1.0006702649257668,0.0016455647847868858,0,34
2237.319179777087,1.0007341601066184,0.0016459025776051199,0,34
2237.3205686689766,0.9956085872286596,0.0016415188519894634,0,34
2237.3219575608678,1.0038312849242492,0.0016469032724278896,0,34
2237.3233464527584,0.9955084151110162,0.0016432968930819023,0,34
2237.324735344648,0.9986694351094987,0.0016437225965904234,0,34
2237.3261242365384,1.0006419748865814,0.0016451692595750307,0,34
2237.3275131284295,1.0001650749911837,0.0016447295603347226,0,34
2237.3289020203197,0.9990710939508096,0.0016449024659378412,0,34
2237.33029091221,0.9994128883820236,0.0016442553091315657,0,34
2237.3316798040864,0.9997826742768117,0.0016447661533417906,0,34
2237.3330686959766,0.9991049822827098,0.001644749970776912,0,34
2237.334457587867,1.0019507064354949,0.0016460259149914927,0,34
2237.3358464797434,0.9977315344700132,0.0016439797681620093,0,34
2237.3372353716336,1.0014084184811884,0.001645303676915735,0,34
2237.3386242635092,0.9993928838160561,0.0016442942347605983,0,34
2237.3400131554004,1.0018851690887804,0.0016460022971941022,0,34
2237.3414020472765,0.9995676998365635,0.0016446550622207315,0,34
2237.342790939166,0.9981751431847337,0.0016450673531529566,0,34
2237.344179831043,0.9991140888388592,0.0016433209482459112,0,34
2237.3455687229202,1.0015989097212972,0.0016472703688095525,0,34
2237.346957614796,1.0010689380109632,0.0016459738683639099,0,34
2237.348346506686,0.9988841109741354,0.0016447110451478794,0,34
2237.3497353985626,1.0001488026203593,0.0016450161812586103,0,34
2237.3511242904383,1.000187990669363,0.001644992417672347,0,34
2237.352513182314,1.000023848726965,0.0016449260837352318,0,34
2237.3539020741905,0.9977367595432136,0.0016432461585541745,0,34
2237.355290966066,1.001876062532631,0.0016450867430730365,0,34
2237.3566798579413,0.9979237425198878,0.00164357564140666,0,34
2237.3580687498174,1.0020240067481074,0.0016453978565275514,0,34
2237.3594576416795,0.9985098464451756,0.0016447874385172169,0,34
2237.360846533555,0.9992817390446916,0.0016439873491833938,0,34
2237.3622354254308,0.9982284389313785,0.0016440756972402992,0,34
2237.3636243173073,0.9979805465299673,0.0016448534808765865,0,34
2237.3650132091684,1.0011898611336028,0.0016460448675449542,0,34
2237.366402101044,1.0000039188049004,0.0016461055157160312,0,34
2237.367790992906,1.0002492733136141,0.0016443786465179385,0,34
2237.3691798847817,1.003009604841523,0.0016463265316471673,0,34
2237.370568776643,1.0010156422643184,0.0016453251078800337,0,34
2237.3719576685194,0.9978054319338485,0.001645015889680865,0,34
2237.3733465603805,0.9982477717022202,0.0016437530664648345,0,34
2237.3747354522416,1.001581443048027,0.0016445961635161278,0,34
2237.3761243441036,0.9988325320372564,0.0016444944028829267,0,34
2237.377513235979,0.9983735466785459,0.001643378972217278,0,34
2237.3789021278403,1.0003528790507894,0.001646492002017774,0,34
2237.3802910197023,0.9960426415238135,0.00164317778357284,0,34
2237.3816799115634,0.996875742123678,0.0016429290677558756,0,34
2237.383068803425,1.0024377579016823,0.0016466809443968983,0,34
2237.3844576952865,0.9999331563849854,0.0016452698538972496,0,34
2237.3858465871476,1.001538746735589,0.0016456009404273355,0,34
2237.3872354790087,1.0020438620262693,0.0016457143641703594,0,34
2237.3886243708553,1.0024926211702874,0.0016459948619615902,0,34
2237.3900132627173,1.000555537247065,0.0016443901638388881,0,34
2237.3914021545784,0.9991361087902041,0.0016444346294450865,0,34
2237.3927910464404,0.999347351035309,0.0016462705487200193,0,34
2237.3941799382883,1.0021897162124653,0.0016455223602249065,0,34
2237.395568830149,1.0024174547601032,0.001646862451543511,0,34
2237.3969577219964,1.00125181557298,0.0016461654349427441,0,34
2237.398346613858,0.9996595118370861,0.0016446718279411014,0,34
2237.399735505704,0.9992038854540045,0.0016450363001230541,0,34
2237.401124397566,0.9974859560295908,0.001643026017356275,0,34
2237.402513289413,0.9971163940665114,0.0016429003473479376,0,34
2237.4039021812596,0.997864400617111,0.0016455736779081255,0,34
2237.405291073121,0.9984254988349393,0.0016450192428249387,0,34
2237.406679964968,1.0001573120252858,0.001645694536883661,0,34
2237.4080688568147,0.9976958546844442,0.0016446076808370777,0,34
2237.4094577486617,0.9993572040304871,0.0016454942229724599,0,34
2237.4108466405087,1.0004605155587192,0.0016462034858385401,0,34
2237.412235532355,1.0007095276186733,0.00164504971269935,0,34
2237.4136244242013,0.9986342778312498,0.001645045047455421,0,34
2237.4150133160488,0.9962650057104452,0.0016425694066067244,0,34
2237.4164022078958,0.9989330773744142,0.001645936400623605,0,34
2237.417791099742,1.000416624943835,0.0016454525273548444,0,34
2237.4191799915893,1.0015816669797357,0.001645402813349226,0,34
2237.4205688834218,1.000006904561015,0.0016442474365324354,0,34
2237.421957775268,0.9998770241700317,0.0016456051683046463,0,34
2237.4233466671153,0.9970136094122677,0.0016429162383350708,0,34
2237.4247355589478,1.001860685888641,0.0016473095860163307,0,34
2237.4261244507943,0.9982901694390469,0.0016452180988474124,0,34
2237.4275133426268,0.9990578073360998,0.0016429694512736358,0,34
2237.4289022344738,1.001991312718653,0.0016460141060927974,0,34
2237.4302911263057,1.0020416973530861,0.0016461405050454986,0,34
2237.431680018138,1.0014888846084757,0.0016467003343169783,0,34
2237.433068909985,0.9989073252279261,0.0016447613423089889,0,34
2237.434457801817,0.99757037828373,0.001645159637509427,0,34
2237.4358466936496,0.9988299941445591,0.0016450911167392199,0,34
2237.437235585482,1.0019515275184265,0.0016464699878979841,0,34
2237.4386244773286,0.9984452794691983,0.0016438390818997754,0,34
2237.440013369161,0.9988235001250099,0.0016447103162035156,0,34
2237.441402260994,1.0005815879691644,0.001645454859976809,0,34
2237.442791152827,1.0013066788415848,0.0016456665454200872,0,34
2237.444180044659,0.9986020316652126,0.0016445795435846308,0,34
2237.445568936477,1.0034648580050902,0.0016468172569929487,0,34
2237.446957828309,0.9992026911515587,0.001645406749648791,0,34
2237.448346720141,0.9995126126362498,0.0016456012320050812,0,34
2237.4497356119737,1.001073342001232,0.001644534786400687,0,34
2237.451124503806,1.000908304332,0.0016455486022220072,0,34
2237.4525133956236,1.001972129235617,0.0016456821448294747,0,34
2237.453902287456,0.9980001032325176,0.001643799427326379,0,34
2237.455291179274,1.0012406189875502,0.0016444694729856812,0,34
2237.456680071106,1.0006378694719238,0.0016456096877597024,0,34
2237.458068962924,0.9989537537355074,0.0016446339228341782,0,34
2237.4594578547562,0.9997410229790136,0.0016449080059150068,0,34
2237.4608467465737,1.001877182191174,0.0016465727690532948,0,34
2237.4622356383916,0.9984101221909494,0.0016441776036623733,0,34
2237.463624530224,1.0004549919099073,0.0016449376010561814,0,34
2237.4650134220415,0.9986739137436705,0.0016456114372261758,0,34
2237.46640231386,1.0014211825885782,0.0016461142630483981,0,34
2237.4677912056773,0.9986441308264278,0.0016440081969922016,0,34
2237.4691800974947,0.999727587076498,0.0016450673531529566,0,34
2237.470568989313,0.9997801363841142,0.0016457216536139984,0,34
2237.4719578811305,0.9995368719046807,0.0016445269138015569,0,34
2237.473346772948,1.0002034419572556,0.0016445751699184475,0,34
2237.4747356647654,0.9997249745398978,0.0016448708297524476,0,34
2237.4761245565833,0.9991346159121468,0.0016450959277720216,0,34
2237.477513448401,0.997217536554892,0.001644174542096045,0,34
2237.4789023402186,1.0017315519366865,0.0016458541756993565,0,34
2237.480291232022,1.0013877421200952,0.0016448442961776014,0,34
2237.48168012384,0.9977260108212013,0.00164362754224537,0,34
2237.4830690156573,0.9985631421918204,0.0016452014789159152,0,34
2237.484457907461,0.9990560158824311,0.001643302433059068,0,34
2237.4858467992785,0.9984013888543143,0.001643645474276722,0,34
2237.4872356910814,1.0033328875848266,0.0016472638083102774,0,34
2237.4886245829,0.9989523355013531,0.001644100481348672,0,34
2237.4900134747027,1.001617122833596,0.001646523929780913,0,34
2237.4914023665065,0.9997422172814594,0.0016450580226650986,0,34
2237.492791258325,1.0013239962270493,0.0016466070294383984,0,34
2237.4941801501286,1.0020847668850386,0.0016464151712818184,0,34
2237.495569041931,0.9979065744222292,0.0016430570703861774,0,34
2237.4969579337344,1.000130290932449,0.0016458986413055547,0,34
2237.498346825538,0.9991643988293896,0.001645046359555276,0,34
2237.4997357173406,0.9981208024234487,0.0016450928662056932,0,34
2237.501124609144,0.9972950915699677,0.0016434582813640711,0,34
2237.5025135009478,0.9995547117974651,0.0016439651892747311,0,34
2237.50390239275,0.999966223633954,0.0016446177402692995,0,34
2237.505291284553,0.9989125503011266,0.0016446696411080096,0,34
2237.5066801763564,0.9987652032368731,0.001645139081278365,0,34
2237.5080690681602,1.000774915677582,0.0016471470314231797,0,34
2237.509457959948,0.9989726386429321,0.0016442526849318555,0,34
2237.5108468517515,1.0014516373009466,0.001646618692548221,0,34
2237.5122357435553,1.0000775176931243,0.0016449963539719122,0,34
2237.513624635343,0.9985362703867894,0.0016437950536601954,0,34
2237.5150135271465,0.9998780691846717,0.0016448610618979712,0,34
2237.5164024189357,1.0022467441542535,0.0016469130402823658,0,34
2237.517791310738,0.9980769118085646,0.0016430464277984642,0,34
2237.519180202527,0.9992794250837028,0.0016447877300949623,0,34
2237.520569094316,1.0007456552676595,0.0016452205772582496,0,34
2237.5219579861187,1.0023076535789903,0.00164631880483691,0,34
2237.5233468779074,0.9989569634233306,0.001645005101304279,0,34
2237.5247357696967,1.000959360761559,0.0016462886265402443,0,34
2237.5261246614846,0.9999598789022106,0.001645494660339078,0,34
2237.5275135532734,0.9982057471849078,0.0016439749571292074,0,34
2237.5289024450626,0.9984698373132405,0.0016439873491833938,0,34
2237.530291336851,0.9989882392186306,0.0016467856208075553,0,34
2237.5316802286393,1.0006008460961033,0.0016453439146446225,0,34
2237.5330691204285,1.0008014889070016,0.0016449734651188856,0,34
2237.534458012217,1.000512094495598,0.0016450743510188501,0,34
2237.5358469040048,0.9970960909249323,0.0016443973074936544,0,34
2237.5372357957935,0.9987953593736302,0.0016454491742107704,0,34
2237.5386246875682,0.9976663703428129,0.0016438274187899529,0,34
2237.5400135793566,1.002159261500097,0.0016458780850744925,0,34
2237.5414024711467,1.0003011508261046,0.0016450322180346162,0,34
2237.5427913629205,0.9978255111437189,0.0016445156880583527,0,34
2237.544180254709,0.9991459617853822,0.0016445018381154384,0,34
2237.5455691464836,0.9988267844567359,0.0016446868441949978,0,34
2237.5469580382724,1.000139546776404,0.001645517403403232,0,34
2237.5483469300457,0.9996273403149517,0.0016458330363128032,0,34
2237.5497358218204,0.9990519104677735,0.0016445764820183025,0,34
2237.551124713609,0.9955229706720746,0.0016434614887192722,0,34
2237.5525136053825,1.001404238422628,0.0016464543884885964,0,34
2237.553902497157,1.0020449816848123,0.0016470874037742122,0,34
2237.5552913889314,0.9989577845062622,0.0016443440945550893,0,34
2237.5566802807193,0.9998820999554264,0.0016455615774316847,0,34
2237.558069172494,0.9999356196337799,0.001644674160563066,0,34
2237.5594580642683,0.9982593415071641,0.0016444003690599827,0,34
2237.5608469560416,1.002518597248484,0.001646944239101141,0,34
2237.5622358478017,0.9995174644899361,0.0016453510582993887,0,34
2237.563624739576,1.0014084931250913,0.0016461225730141466,0,34
2237.5650136313493,0.9997616993401068,0.0016464976877838123,0,34
2237.566402523123,1.001105289591658,0.0016465404039235374,0,34
2237.567791414898,0.9998116361111228,0.0016461358398015696,0,34
2237.5691803066575,0.999707283934919,0.0016445802725289947,0,34
2237.570569198431,1.0008341082925531,0.0016455061776600279,0,34
2237.5719580902055,1.0019191320645835,0.0016471964538510525,0,34
2237.573346981965,1.0009458502151405,0.0016450559816208797,0,34
2237.5747358737385,1.0003253354506325,0.0016466450803341941,0,34
2237.5761247654987,1.000603757208315,0.0016447445765886191,0,34
2237.5775136572584,1.0001375313910268,0.0016459514168775016,0,34
2237.5789025490317,1.0004465571488836,0.0016462072763492324,0,34
2237.580291440792,1.001054681025516,0.0016454593794318652,0,34
2237.5816803325515,1.0019480938988947,0.0016470632028213305,0,34
2237.583069224325,1.0007549857555174,0.001644749970776912,0,34
2237.584458116085,1.0002671132063987,0.0016448553761319329,0,34
2237.5858470078447,1.0009136040491033,0.001645259648676155,0,34
2237.5872358996035,1.0048077764615155,0.0016491802030429855,0,34
2237.588624791364,1.0026201876002818,0.0016463236158697117,0,34
2237.5900136831247,1.001449771203375,0.0016460680479757264,0,34
2237.591402574884,1.0017126670292618,0.0016470105730382566,0,34
2237.592791466643,1.000224043674446,0.0016447547818097138,0,34
2237.5941803584024,1.0017431963855332,0.0016455286291464362,0,34
2237.595569250148,1.0002854756065032,0.0016453074674264271,0,34
2237.596958141907,1.000968616605514,0.0016459821783296584,0,34
2237.5983470336664,1.0003248129433124,0.0016458834792627854,0,34
2237.599735925412,0.9983989256055197,0.00164504708849964,0,34
2237.6011248171712,1.0003030169236762,0.0016456971610833713,0,34
2237.6025137089305,1.0006465281646562,0.00164511575505872,0,34
2237.603902600676,0.9993288393473988,0.0016443853528060864,0,34
2237.6052914924207,0.9988960539985936,0.0016442120098363495,0,34
2237.60668038418,1.000762450145804,0.0016457410435340783,0,34
2237.6080692759256,0.9998302970868388,0.0016446087013591872,0,34
2237.609458167685,1.0015611399064481,0.0016454361990010929,0,34
2237.6108470594295,1.0000763233906784,0.0016437476722765416,0,34
2237.612235951175,0.9978263322266504,0.0016445054828372581,0,34
2237.6136248429198,0.9982511306778491,0.001644225713990391,0,34
2237.615013734665,0.9977843823532409,0.0016431315685001685,0,34
2237.61640262641,1.0009460741468492,0.0016459222591029452,0,34
2237.6177915181547,1.0009191276979152,0.001645681270096238,0,34
2237.6191804099,1.0007880530044861,0.0016466374993128095,0,34
2237.620569301645,0.9998067096135338,0.0016466261277807326,0,34
2237.6219581933897,0.9987118328463254,0.0016443828743952491,0,34
2237.6233470851344,1.0003556408751952,0.0016456423444672055,0,34
2237.624735976879,1.00051709563709,0.0016449249174242495,0,34
2237.6261248686246,0.9992583755030953,0.0016445277885347935,0,34
2237.6275137603548,0.9996251009978658,0.0016443378256335596,0,34
2237.6289026520994,0.9963498011840987,0.0016432607374414526,0,34
2237.6302915438305,1.0015174732232726,0.00164516765589743,0,34
2237.631680435575,0.9995593397194427,0.0016445906235389622,0,34
2237.63306932732,0.9987499758806889,0.0016453230668358146,0,34
2237.634458219051,1.0000262373318567,0.0016451014677491874,0,34
2237.635847110781,1.000437002729317,0.0016481203179378667,0,34
2237.6372360025266,1.0000580356344768,0.0016456843316625665,0,34
2237.638624894258,0.9983569010882073,0.0016445393058557433,0,34
2237.6400137859882,0.9992806193861486,0.0016457521234884097,0,34
2237.6414026777334,0.9994409544895004,0.0016438545355202902,0,34
2237.642791569464,0.9981686491651844,0.0016435278226563876,0,34
2237.644180461194,1.000636749813381,0.0016454407184561491,0,34
2237.6455693529247,1.0001499969228052,0.0016459403369231702,0,34
2237.6469582446553,1.0008184330729517,0.0016442506438876367,0,34
2237.6483471363854,1.00054837143239,0.0016456510917995722,0,34
2237.649736028116,0.9996462252223763,0.001645788424917732,0,34
2237.651124919847,0.9997963341110357,0.0016448765155184862,0,34
2237.6525138115767,1.002672214400578,0.00164735201057831,0,34
2237.6539027032923,0.9975691839812841,0.0016441162265469324,0,34
2237.655291595023,0.9989209104182474,0.0016435791403396065,0,34
2237.6566804867534,1.0000104128244496,0.0016459135117705783,0,34
2237.658069378469,0.9996665283639553,0.0016456984731832262,0,34
2237.6594582701996,0.9991349144877583,0.0016454636073091758,0,34
2237.66084716193,1.0006582472574057,0.0016458594240987767,0,34
2237.6622360536458,1.0004746979002632,0.001646386742451626,0,34
2237.6636249453763,1.0013474344125486,0.0016463758082861674,0,34
2237.6650138370924,0.9967721363865029,0.0016438195461908227,0,34
2237.666402728808,0.9991439464000048,0.0016448007053046399,0,34
2237.6677916205385,1.000698107101535,0.0016457287972687646,0,34
2237.6691805122546,0.9994986542264143,0.0016456656706868504,0,34
2237.67056940397,0.9986451758410679,0.0016461218440697826,0,34
2237.671958295686,1.000995040547128,0.0016457156762702144,0,34
2237.6733471874027,1.0003831098314493,0.001646216169470472,0,34
2237.6747360791323,0.9976956307527356,0.001644428943679048,0,34
2237.6761249708484,0.9980489203449907,0.0016439290336342815,0,34
2237.677513862565,0.998595164426149,0.001644481573462122,0,34
2237.6789027542654,0.9994205020601158,0.001645748624555463,0,34
2237.6802916459815,1.0007125880186907,0.0016472171558709874,0,34
2237.681680537698,1.0000780402004443,0.0016439290336342815,0,34
2237.683069429413,0.9971898436669295,0.001643368329629565,0,34
2237.6844583211287,0.9986250219872946,0.0016441103949920211,0,34
2237.685847212831,1.0024067806819936,0.001648234033258636,0,34
2237.6872361045475,1.0017557365612144,0.0016458846455737676,0,34
2237.688624996263,1.0007714820580504,0.0016457862380846405,0,34
2237.6900138879646,0.9991237925462315,0.001644903923826569,0,34
2237.6914027796806,0.9997454269692825,0.001645177715329652,0,34
2237.6927916713817,0.9985318663965205,0.001644402993259693,0,34
2237.694180563098,1.0003775861826374,0.0016455863615400575,0,34
2237.695569454799,0.9987584106417126,0.001643688919360811,0,34
2237.6969583465,1.001954587918444,0.0016472998181618543,0,34
2237.6983472382167,0.9977325048407504,0.0016437943247158316,0,34
2237.6997361299177,0.9974319138439173,0.001643409004725071,0,34
2237.7011250216187,1.0026169032685557,0.0016467802266192622,0,34
2237.7025139133207,0.9974565463318624,0.0016438342708669736,0,34
2237.7039028050217,1.000802459277739,0.0016450752257520867,0,34
2237.7052916967227,0.9968764139188038,0.001643655533708944,0,34
2237.7066805884247,1.0012762241292164,0.0016454755619967438,0,34
2237.7080694801257,0.9967248121520871,0.0016450648747421194,0,34
2237.7094583718267,0.9969344868752319,0.0016446276539126487,0,34
2237.7108472635277,0.9962447025688662,0.0016433807216837514,0,34
2237.712236155229,0.9983354782880853,0.0016446687663747728,0,34
2237.713625046916,0.9991355116389812,0.0016449259379463588,0,34
2237.715013938617,1.000938982976077,0.0016455115718483208,0,34
2237.716402830319,1.0012574138656947,0.001644496881293764,0,34
2237.7177917220056,0.9978924667245879,0.0016446576864204416,0,34
2237.7191806137066,0.9992372512785848,0.0016457802607408563,0,34
2237.720569505394,1.0007706609751188,0.0016445858125061605,0,34
2237.721958397095,1.001121114099065,0.0016465077472160345,0,34
2237.7233472887815,1.0008400051608795,0.0016456490507553534,0,34
2237.7247361804834,0.9976678632208702,0.0016452825375291816,0,34
2237.72612507217,0.9981149801990252,0.0016444325884008675,0,34
2237.7275139638564,0.9989323309353855,0.0016439348651891925,0,34
2237.7289028555438,1.0025272559412162,0.0016457575176767026,0,34
2237.730291747245,1.0010637129377626,0.0016461260719470934,0,34
2237.7316806389313,0.9996867568616314,0.0016456184350920693,0,34
2237.7330695306186,0.9996527938858284,0.0016445602994534239,0,34
2237.734458422306,0.9994128137381207,0.001645594671505806,0,34
2237.7358473139934,0.9966709192542194,0.0016433495228649763,0,34
2237.73723620568,0.9982579979169126,0.0016449569909762613,0,34
2237.7386250973673,1.0006033093448978,0.0016456882679621314,0,34
2237.7400139890538,1.002916299962943,0.0016460686311312175,0,34
2237.741402880725,1.000194036825495,0.0016455535590436817,0,34
2237.742791772412,1.0014751501303487,0.0016462986859724661,0,34
2237.7441806640995,0.9964714707457668,0.001644334326700613,0,34
2237.745569555771,0.9977092905869597,0.0016430537172421034,0,34
2237.746958447458,0.9982403819558368,0.0016441541316538555,0,34
2237.7483473391453,1.0022221863102112,0.0016452019162825336,0,34
2237.749736230817,1.0007489395993854,0.001646841020579212,0,34
2237.7511251225037,0.9990482529165332,0.0016442025335596188,0,34
2237.7525140141765,1.0008228370632208,0.0016454516526216076,0,34
2237.753902905848,0.9974114614145325,0.0016433963210931391,0,34
2237.755291797535,1.000748641023774,0.0016463185132591645,0,34
2237.7566806892078,1.0029840766267435,0.001646790431840357,0,34
2237.7580695808797,0.998469538737629,0.0016437288655119528,0,34
2237.7594584725516,1.0018480710690572,0.0016453020732381343,0,34
2237.7608473642244,0.9996665283639553,0.001645699931071954,0,34
2237.7622362558964,0.9996511517199653,0.0016454360532122201,0,34
2237.763625147583,1.0016509365215933,0.0016470871121964667,0,34
2237.7650140392557,0.9995389619339609,0.0016442112808919857,0,34
2237.766402930913,1.00209835207536,0.0016460652779871437,0,34
2237.767791822585,1.000027133058691,0.0016443577987091307,0,34
2237.769180714258,1.0009683926738053,0.0016460406396676436,0,34
2237.7705696059297,0.9993791493379292,0.001645014431792137,0,34
2237.771958497601,0.9999955586877796,0.001646100267316611,0,34
2237.838625296866,0.9989601731111538,0.0016453256910355248,0,34
2237.908069877743,1.0005761389642553,0.0016450833899289625,0,34
2237.9775144568725,1.0013267580514553,0.0016459489384666641,0,34
2238.046959034243,1.000686089433174,0.0016457581008321937,0,34
2238.1164036098667,0.9998823985310379,0.0016456634838537586,0,34
2238.1858481837303,0.998962785647754,0.001643297767815139,0,34
2238.2552927558168,0.9995612058170142,0.001644851294043495,0,34
2238.3247373261447,0.9965340223363669,0.00164295603869734,0,34
2238.394181894695,1.000850679238989,0.001645376133985507,0,34
2238.4636264614705,0.9986843638900714,0.0016445113143921694,0,34
2238.533071026458,0.9993690724110424,0.001643938655699885,0,34
2238.6025155896527,0.9974765508978299,0.00164384928712087,0,34
2238.6719601510454,1.000005710258569,0.0016440408536997045,0,34
2238.7414047106613,0.9994520017871243,0.0016434872933497545,0,34
2238.81084926846,1.0032441359843216,0.0016465995942058864,0,34
2238.8802938244667,1.0002750254601023,0.0016441675442301514,0,34
2238.949738378654,0.9944969902272097,0.0016426917234709877,0,34
2239.019182931054,1.0001123017518587,0.0016441873715168495,0,34
2239.088627481633,0.9992281447224354,0.0016453364794121106,0,34
2239.1580720304087,0.9998893404140042,0.0016441063129035832,0,34
2239.2275165773785,0.9995533682072135,0.0016459794083410755,0,34
2239.2969611225594,0.9957669815905369,0.0016427790510057836,0,34
2239.366405665936,1.0030799193980209,0.0016480669592104286,0,34
2239.435850207536,1.0024617185945015,0.0016487429822135149,0,34
2239.505294747378,0.9995120901289298,0.0016456595475541937,0,34
2239.5747392854423,1.0003535508459152,0.001643658886853018,0,34
2239.644183821791,0.9984408008350264,0.001644452853054184,0,34
2239.7136283564205,0.9985756823675016,0.001645954332654957,0,34
2239.7830728893773,1.0009123351027547,0.0016447801490735777,0,34
2239.85251742069,1.0002748761722966,0.0016453552861766993,0,34
2239.921961950417,1.001612196336007,0.001646122281436401,0,34
2239.991406478601,1.0010210166253246,0.001648142769424275,0,34
2240.060851005344,1.0018858408839062,0.0016470513939226353,0,34
2240.1302955307065,0.999950921633867,0.0016462966449282473,0,34
2240.1997400548003,1.0012006098556152,0.0016460721300641642,0,34
2240.269184577774,1.0004543201147815,0.0016463383405458626,0,34
2240.33862909976,1.0008626222634471,0.001647547805034455,0,34
2240.408073620973,1.001899127498616,0.0016463883461292266,0,34
2240.4775181416494,0.9994052747039315,0.0016457470208778623,0,34
2240.5469626620766,0.9987398243098994,0.0016461891985290076,0,34
2240.616407182621,1.0001909764254775,0.0016463889292847177,0,34
2240.685851703732,0.9981324468722954,0.0016468312527247357,0,34
2240.7552962259783,1.0038968222709639,0.001649257179567814,0,34
2240.82474075006,0.9983810857127352,0.0016463094743490519,0,34
2240.8941852768316,1.0018067929907732,0.001647104752650073,0,34
2242.5497474714716,0.9967557893717757,0.0016650646296768557,0,34
2242.6191922976054,0.9994190091820585,0.0016484056267618992,0,34
2242.68863711757,1.0020189309627126,0.0016497869763315008,0,34
2242.758081931422,0.9986525655874514,0.0016475002778619284,0,34
2242.827526739221,1.0011510463041136,0.0016486711082992337,0,34
2242.8969715411104,0.9988817223692438,0.0016482489037236597,0,34
2242.9664163372104,1.0005682267105518,0.0016465606685768539,0,34
2243.035861127721,1.0011191733575906,0.001648625767959799,0,34
2243.1053059128176,0.9987063838414163,0.0016461104725377057,0,34
2243.17475069262,0.998606211723773,0.001645474687263507,0,34
2243.2441954673263,0.9980687756231525,0.0016449654467308825,0,34
2243.3136402370583,1.0023295988864325,0.0016471203520594608,0,34
2243.383085002015,0.9957479473953066,0.001642687495593677,0,34
2243.4525297623454,1.0008909123026326,0.0016464657600206733,0,34
2243.5219745181353,0.9993485453377549,0.0016449897934726371,0,34
2243.5914192695886,1.0042854184292735,0.001646839708479357,0,34
2243.6608640167647,0.9985794145626448,0.001643294414671065,0,34
2243.730308759835,0.9998995666286966,0.0016442585164867668,0,34
2243.7997534988913,1.0004740261051375,0.0016453589308985188,0,34
2243.8691982340465,0.9984335603764486,0.0016431110122691064,0,34
2243.9386429654182,0.9982507574583348,0.0016449612188535719,0,34
2244.0080876930942,0.9971454305447255,0.0016413014807801468,0,34
2244.0775324171314,0.9991655184879324,0.0016434951659488847,0,34
2244.146977137677,1.0010906593866966,0.001643864740741385,0,34
2244.216421854787,1.0000148914586213,0.0016433815964169882,0,34
2244.285866568522,1.0013124264221054,0.0016453490172551697,0,34
2244.355311278997,1.0022605532762832,0.0016467548593553983,0,34
2244.4247559862415,1.000010636756158,0.0016418945499146204,0,34
2244.4942006903434,0.9991737293172476,0.0016428169561127069,0,34
2244.563645391359,0.999281589756886,0.0016426307837221652,0,34
2244.6330900893495,1.0026395950150264,0.0016444814276732492,0,34
2244.7025347843696,0.9978435003243091,0.0016414714706058096,0,34
2244.771979476511,1.0006895976966086,0.0016448077031705334,0,34
2244.841424165769,0.9984823028450188,0.001642872064306618,0,34
2244.9108688522324,0.9994271453674707,0.0016433638101745088,0,34
2244.980313535933,0.9997238548813548,0.001642890142126843,0,34
2245.049758216925,0.999223964663875,0.0016416908828593452,0,34
2245.1192028952414,0.9976545019622576,0.0016427617021299227,0,34
2245.1886475709366,0.9978705214171458,0.00164170371228015,0,34
2245.2580922440434,1.0000157871854558,0.0016423268139224166,0,34
2245.327536914587,0.9981686491651844,0.0016426250979561267,0,34
2245.396981582627,0.999205303688159,0.0016425957943926978,0,34
2245.466426248196,1.0012362149972813,0.0016429923401266625,0,34
2245.5358709112893,0.9999903336145791,0.0016422116407129195,0,34
2245.605315571998,1.0002320305720527,0.0016436476611098138,0,34
2245.6747602303176,1.0023911054623922,0.0016439406967441038,0,34
2245.7442048862513,0.9982509813900434,0.0016434540534867603,0,34
2245.8136495398876,0.9985196994403536,0.0016421700908841768,0,34
2245.883094191223,1.0006907173551516,0.001643060569319124,0,34
2245.9525388402603,0.9981240121112718,0.0016420479198087862,0,34
2246.021983487056,0.9993230917668783,0.0016424297408666,0,34
2246.0914281316395,0.9978845544708843,0.0016422081417799728,0,34
2246.1608727740118,1.0003665388850134,0.0016431395868881714,0,34
2246.2303174141703,0.99920089969789,0.0016418299654439785,0,34
2246.299762052207,0.9969834532755106,0.0016409202428778241,0,34
2246.369206688088,0.9995775528317414,0.001642928047233766,0,34
2246.4386513218465,0.9973578670922763,0.001640898228758034,0,34
2246.5080959535067,1.0014280498276416,0.00164314527265421,0,34
2246.577540583074,0.9983504070686582,0.0016399613894615423,0,34
2246.6469852105724,1.003498373117476,0.00164401388275824,0,34
2246.716429836006,0.9984166162104985,0.0016391134813774472,0,34
2246.7858744594027,1.0002227747280974,0.0016427686999958163,0,34
2246.85531908079,1.0012670429291641,0.0016411094768346939,0,34
2246.92476370017,0.9995193305875076,0.0016411835375820668,0,34
2246.9942083175706,0.9974970033272147,0.0016408941466695961,0,34
2247.0636529329618,0.9988982933156796,0.001640595862635886,0,34
2247.1330975464048,1.0021472438317358,0.0016423136929238661,0,34
2247.2025421578974,0.9971419969251937,0.0016393177315882136,0,34
2247.271986767441,1.0020929030704508,0.0016417166874898275,0,34
2247.3442091593083,0.9989518876379359,0.0016393877102471486,0,34
2247.4164315490816,0.9998244002185126,0.0016423352696770378,0,34
2247.487265044766,0.9990238443602967,0.0016406690486500221,0,34
2247.5567096464515,1.0015869666968389,0.0016433180324684556,0,34
2247.6261542462435,0.9991629059513323,0.0016398045206344298,0,34
2247.6983766280123,1.001014671893581,0.0016420397556319104,0,34
2247.7678212239925,1.001799253956584,0.001644834674111998,0,34
2247.8400436018032,1.0003992329144678,0.0016406611760508918,0,34
2247.9094881939714,0.998475062386441,0.001641269990383626,0,34
2247.978932784305,1.0003844534217008,0.0016413561516074396,0,34
2248.058099615005,1.0011279813381286,0.0016435020180259054,0,34
2248.127544201381,1.002810902772099,0.0016458441162671346,0,34
2248.196988785953,0.9995146280216272,0.0016428464054650085,0,34
2248.2664333686903,0.9979207567637732,0.0016422514410751887,0,34
2248.335877949595,0.9989726386429321,0.0016440600978309117,0,34
2248.405322528694,0.998320325575804,0.001643726824467734,0,34
2248.474767105989,0.9989418107110493,0.0016431436689766093,0,34
2248.5442116814806,0.9986911564852321,0.0016416246947111026,0,34
2248.613656255166,1.0001386510495698,0.0016434218341458758,0,34
2248.683100827078,1.0010039978154714,0.0016430630477299614,0,34
2248.752545397184,0.9989337491695399,0.0016420245935891411,0,34
2248.8219899655146,0.9994261003528305,0.0016437957826045595,0,34
2248.8914345320713,0.9979778593494643,0.0016423180665900497,0,34
2248.9608790968223,1.0000270584147881,0.0016436603447417457,0,34
2249.0303236597983,1.0026674371907947,0.0016443627555308054,0,34
2249.0997682209995,1.0024204405162178,0.0016445572378870953,0,34
2249.169212780454,0.9991684296001442,0.0016427700120956712,0,34
2249.238657338103,0.9967428013326773,0.0016420642481625378,0,34
2249.308101893978,0.9987380328562306,0.0016438558476201451,0,34
2249.3775464481064,0.9995957659440403,0.0016423800268609817,0,34
2249.446991000459,1.0003450414409887,0.0016439544008981454,0,34
2249.516435551038,0.9991339441170211,0.001643194403504337,0,34
2249.585880099839,1.001674747926607,0.0016444290894679207,0,34
2249.655324646896,0.9980112251740444,0.0016422868677712745,0,34
2249.7247691921766,1.002707297034924,0.0016447221251022109,0,34
2249.794213735681,1.0011762759432816,0.0016445855209284148,0,34
2249.863658277441,0.9985972544554292,0.0016435451715322486,0,34
2249.9331028173956,1.0011358935918322,0.001644418884246826,0,34
2250.0025473556047,1.0006593669159487,0.0016428685653736713,0,34
2250.071991892037,1.0016724339656182,0.0016438246488013702,0,34
2250.141436426695,0.999740799047305,0.0016444343378673408,0,34
2250.210880959578,0.996322705447359,0.00164247376910618,0,34
2250.280325490684,1.0010490080888985,0.0016438516197428345,0,34
2250.3497700200164,0.9967033893519651,0.0016418018281915317,0,34
2250.42060343811,0.9977626609775074,0.001642090635948511,0,34
2250.490047963833,1.0025565163511387,0.0016441882462500863,0,34
2250.5594924877796,1.0002812955479428,0.001643371099618148,0,34
2250.6289370099216,0.9977425817676371,0.0016421254794891057,0,34
2250.6983815302906,1.0030311769294507,0.0016450523368990602,0,34
2250.767826048854,1.002213005110159,0.00164328785417179,0,34
2250.8372705656134,0.9989626363599483,0.0016417149380233542,0,34
2250.9067150805668,0.999976151273035,0.0016427985867147363,0,34
2250.9761595937175,1.0010150451130955,0.0016438608044418198,0,34
2251.045604105062,1.0024594792774157,0.0016433926763713194,0,34
2251.115048614573,1.0003654938703734,0.0016434846691500444,0,34
2251.1844931222813,0.9993471271036005,0.0016421549288414075,0,34
2251.253937628155,1.0031986778474773,0.0016446477727770925,0,34
2251.323382132225,1.0044801643718457,0.0016454259937799982,0,34
2251.3928266344315,0.9988891121156273,0.0016422402153319846,0,34
2251.462271134805,1.0019708602892683,0.0016431302564003135,0,34
2251.531715633344,0.9993801197086664,0.001642395043114878,0,34
2251.60116013002,0.998671450494876,0.0016415328477212504,0,34
2251.6706046248646,1.0031329912129572,0.0016433728490846213,0,34
2251.7400491178446,1.0051851760343957,0.0016452455071554952,0,34
2251.8094936089633,1.0010111636301464,0.0016424386339878396,0,34
2251.8789380982475,1.0020163184261124,0.0016454538394546994,0,34
2251.94838258564,1.0009271145955216,0.0016424301782332184,0,34
2252.017827071171,0.9993942274063077,0.0016420509813751146,0,34
2252.0872715548085,1.00147335867668,0.001643417023113074,0,34
2252.1567160366135,1.0009778724494691,0.0016425077379135379,0,34
2252.2261605165263,1.001186427514071,0.001643187843005062,0,34
2252.296993884096,0.9980798975646792,0.001641760278362789,0,34
2252.3664383602245,1.0000045159561233,0.001642517068401396,0,34
2252.4358828344907,1.002464331131102,0.0016440869229835033,0,34
2252.5053273068957,1.0000807273809473,0.0016434744639289497,0,34
2252.574771777466,0.9982965141707904,0.0016407454420193594,0,34
2252.644216246175,1.0002277012256864,0.0016415675454729724,0,34
2252.7136607130483,0.9994814861287555,0.0016401525186737584,0,34
2252.783105178119,1.0000248190977024,0.001643622877001441,0,34
2252.8525496414127,0.9993542929182754,0.0016402171031444006,0,34
2252.9219941029028,0.9988456693641604,0.001640442638530593,0,34
2252.9928274518747,1.0006590683403371,0.0016422396321764934,0,34
2253.06227190993,1.0034467941805971,0.0016442279008234827,0,34
2253.1317163663566,0.9998838914090952,0.0016424067062247006,0,34
2253.201160821211,0.9994693938164916,0.0016396066851340658,0,34
2253.270605274581,1.00042170072923,0.0016424259503559078,0,34
2253.340049726525,0.9993955709965592,0.00164329572677092,0,34
2253.4122719551474,0.9979194131735217,0.0016398895155472612,0,34
2253.484494182549,0.9994629744408453,0.0016401503318406669,0,34
2253.558105297839,1.0004224471682586,0.0016414721995501734,0,34
2253.6275497454467,0.997217536554892,0.0016423002803475704,0,34
2253.699771970403,0.9989252397646134,0.0016393677371715776,0,34
2253.7692164173127,0.9989689810916917,0.0016421232926560141,0,34
2253.842827531263,1.0013136207245512,0.0016434864186165177,0,34
2253.9150497570636,1.0016745986388012,0.0016444997970712196,0,34
2253.984494206329,1.0012535323827456,0.0016429182793792896,0,34
2254.0539386577498,1.0006135355595902,0.001644143051699524,0,34
2255.928944784829,1.0026922396565852,0.0017449693564436895,0,35
2255.998389523437,0.9999037768229548,0.0016977816043741284,0,35
2256.0678342555534,1.0022790679017863,0.001665479014538109,0,35
2256.1372789814427,0.9991119635176484,0.0016501035910779906,0,35
2256.2067237012493,0.9970992395838782,0.0016465860067481992,0,35
2256.276168415176,0.9977760018205752,0.0016465131870403678,0,35
2256.3456131233993,0.9982700665324107,0.0016466030125482315,0,35
2256.415057826121,0.9954151479392277,0.0016452211822840554,0,35
2256.4845025235463,0.9996777677056413,0.0016464006871324609,0,35
2256.5539472158207,1.001862621731063,0.0016481674008024998,0,35
2256.6233919031188,0.996759965443005,0.0016451941474224653,0,35
2256.692836585584,0.998785787040472,0.0016462027221782367,0,35
2256.762281263393,1.0018756449762163,0.0016478653661660258,0,35
2256.8317259366618,1.0035834017177734,0.0016504249570939886,0,35
2256.9011706055658,0.9999471628339505,0.0016479158021712502,0,35
2256.9706152701897,0.9979919644344849,0.001644965804586132,0,35
2257.0400599306827,0.9991043728261878,0.0016462275768090533,0,35
2257.1095045871293,0.9998379164117521,0.0016473957444574372,0,35
2257.178949239677,0.9985654337324822,0.0016469146402001084,0,35
2257.248393888381,0.9996458421503803,0.001646515367271141,0,35
2257.3178385333617,1.0013058966054056,0.0016469820820053653,0,35
2257.3872831747044,0.9993542702960392,0.0016471200179389621,0,35
2257.4567278124955,1.0007060087243835,0.0016476816453861879,0,35
2257.5261724467937,0.998309657197676,0.0016461672570909896,0,35
2257.5956170777167,0.9995638329151879,0.00164702350639006,0,35
2257.6650617053515,1.0013658779516534,0.001648154755464014,0,35
2257.7345063296975,1.000770529601799,0.0016464424022145916,0,35
2257.8039509508694,1.0005620832608062,0.0016497322251029227,0,35
2257.873395568899,0.9976064019594105,0.0016456877516695615,0,35
2257.9428401839027,0.9996228468203673,0.0016475817908167666,0,35
2258.0122847958505,1.0008641481298137,0.0016475323722525696,0,35
2258.081729404856,0.9977287460453056,0.0016473599886727534,0,35
2258.151174010983,0.9988919078838335,0.0016459063561417736,0,35
2258.220618614257,0.9995993305605481,0.0016469612971386591,0,35
2258.290063214708,0.9995405399109999,0.001646659843897058,0,35
2258.359507812394,0.9993265121792272,0.0016477634767145494,0,35
2258.4289524073442,0.9998482605893309,0.001649381498645843,0,35
2258.498396999646,1.000033860437398,0.001647770308104306,0,35
2258.5678415892994,0.998299387438641,0.0016455575192180307,0,35
2258.6372861763325,1.0019515518908226,0.0016489358594757616,0,35
2258.7067307608063,0.9979879458331234,0.0016453893507510432,0,35
2258.777564234371,0.9990888193505478,0.0016462360070347106,0,35
2258.8470088137506,0.9987694893793947,0.0016461862977730772,0,35
2258.9164533906546,0.9997406513750947,0.001647909116130212,0,35
2258.9858979651167,0.9986894150263393,0.0016458954549879066,0,35
2259.0553425371913,1.0008045388762845,0.0016465002510044457,0,35
2259.1247871068504,0.9975319834156787,0.0016457861527518006,0,35
2259.194231674151,0.9997897676139577,0.0016464328091991887,0,35
2259.2636762391535,0.9958562266479261,0.0016444155143389278,0,35
2259.3331208017985,0.9997179537192565,0.0016457387690696588,0,35
2259.4025653621743,0.9998330047878659,0.0016467033031638077,0,35
2259.4720099203055,1.0005134879517494,0.0016455915308180957,0,35
2259.54145447617,0.9999285581980175,0.0016464336812914981,0,35
2259.610899029792,0.9991165030488162,0.001645722780710654,0,35
2259.680343581232,1.0004485949816153,0.0016461774315012655,0,35
2259.7497881304885,0.9981913317131424,0.0016456331005515084,0,35
2259.819232677592,1.001142622320458,0.0016469140588052356,0,35
2259.888677222513,1.0009979526714434,0.0016464313557120066,0,35
2259.958121765308,0.9999467163226881,0.0016471807737031806,0,35
2260.0275663060083,1.0000844650471357,0.0016464120243324823,0,35
2260.097010844584,0.9999843721058164,0.001646846907697415,0,35
2260.166455381094,1.0012826780197612,0.0016483567901823485,0,35
2260.235899915507,0.9976535833161364,0.0016453857170330875,0,35
2260.305344447854,1.0011565385881358,0.001646957372723267,0,35
2260.374788978194,1.0021155703612075,0.0016473383317137378,0,35
2260.4442335064673,0.9995240189942914,0.0016451130428376951,0,35
2260.5136780327307,0.9987442614930696,0.001644917548811681,0,35
2260.5831225569877,1.000702287797197,0.0016463453092708167,0,35
2260.6525670792357,0.9968390723549919,0.0016449285953142661,0,35
2260.7220115994764,0.9978654529101408,0.0016462003965987452,0,35
2260.7914561177654,0.9978789970851001,0.0016440780146152066,0,35
2260.860900634077,0.9997082793085713,0.0016449685662117783,0,35
2260.9303451484384,1.0002805579098688,0.0016470813551799138,0,35
2260.9997896608206,1.0012693571004332,0.0016462799023476149,0,35
2261.0803452927744,0.9995740282556792,0.0016471323725800113,0,35
2261.1497898009943,1.0016066219406257,0.0016460432746343426,0,35
2261.219234307265,0.9996880374646763,0.0016473060642982916,0,35
2261.2886788116434,1.0014746778625894,0.0016481291740896064,0,35
2261.358123314101,0.999398177236841,0.0016468778669743974,0,35
2261.4275678146373,1.0006228087924913,0.0016483349878746146,0,35
2261.497012313281,0.9991979913542024,0.0016464924021736614,0,35
2261.5664568100347,1.002002528593279,0.0016479705986380217,0,35
2261.6359013049264,0.9984392943008568,0.001646053158347182,0,35
2261.705345797896,1.0013870128180733,0.0016462030128756731,0,35
2261.774790289001,1.0036482946879075,0.001647629610545063,0,35
2261.8442347782166,0.999902065196449,0.0016447159501395013,0,35
2261.9136792655986,0.9999450046961822,0.001649116818629953,0,35
2261.9831237510884,1.0003366694918427,0.0016472749596725912,0,35
2262.052568234714,0.9973681137823813,0.0016446655141342768,0,35
2262.1220127164797,0.9987777498377489,0.0016459075189315193,0,35
2262.1914571963816,0.9998037583001792,0.0016462880418758356,0,35
2262.26090167445,1.0001227161786137,0.0016455206006436014,0,35
2262.330346150655,0.9975949415036758,0.0016452396415712702,0,35
2262.399790625027,1.0024562584544117,0.0016479867323457447,0,35
2262.4692350975365,1.0005103623729126,0.0016465790300097243,0,35
2262.538679568213,0.9996890049057449,0.0016461806291730664,0,35
2262.608124037025,0.9995060097067083,0.0016462985069835478,0,35
2262.6775685040334,1.0003114416055177,0.0016466817915535101,0,35
2262.7470129691505,1.0003953113043034,0.001646227286111617,0,35
2262.8164574324633,1.001882044970977,0.0016464932742659708,0,35
2262.8859018939415,1.0029236069090475,0.001646900250677004,0,35
2262.955346353558,0.9979257319305637,0.0016459448735521036,0,35
2263.024790811341,1.0000442790335204,0.0016455681296744613,0,35
2263.09423526729,0.9979685970117531,0.00164466115367273,0,35
2263.1636797213755,0.9984015640991848,0.0016464378964043266,0,35
2263.2331241736583,1.003829057330632,0.001648407807582446,0,35
2263.3025686240776,0.999632893323771,0.0016457799027569167,0,35
2263.3720130726338,0.9955525245709567,0.0016442887702566346,0,35
2263.4414575193864,0.9997710141409373,0.0016446445839188523,0,35
2263.5109019642755,1.001851831042222,0.0016470969074927641,0,35
2263.580346407331,0.9987338428969472,0.0016460394955676687,0,35
2263.649790848525,1.0021588819536593,0.0016477650755504498,0,35
2263.719235287884,1.0014900080825981,0.001647505628088416,0,35
2263.7886797253814,0.9987704568204633,0.0016449370255399232,0,35
2263.858124161016,1.0050054656699443,0.0016495658008205537,0,35
2263.9275685948164,1.0003893578208047,0.0016458114434287718,0,35
2263.9970130267543,1.0019025100705035,0.001646300687214321,0,35
2264.0664574568295,0.9996600560922332,0.0016457396411619681,0,35
2264.135901885044,0.9993637958696369,0.0016462841174604433,0,35
2264.2053463113925,0.9984959268126367,0.0016467435647587562,0,35
2264.2747907358803,0.9996285026296908,0.001645384263545905,0,35
2264.344235158535,1.0018123892140443,0.0016464649312659166,0,35
2264.413679579297,1.0005159437636926,0.0016477533023042735,0,35
2264.4831239981954,1.0019041472784656,0.001647120599333835,0,35
2264.552568415203,0.9989977310530201,0.001644785136129377,0,35
2264.622012830349,0.9973706440128681,0.001644949670878409,0,35
2264.6914572436312,1.0020487425089364,0.0016471216167748626,0,35
2264.76090165505,0.9995621957072258,0.0016459171119469222,0,35
2264.830346064607,0.9998733396385685,0.0016459416758803026,0,35
2264.8997904722733,1.000706678491277,0.0016459801932906324,0,35
2264.969234878076,1.0033981739624251,0.001647851994083949,0,35
2265.038679282016,0.9992910145338672,0.0016454983622897128,0,35
2265.1081236840923,1.0000578232084796,0.0016475701629193086,0,35
2265.1775680843366,1.0011147153665585,0.0016466230706713469,0,35
2265.247012482689,0.9987711265873569,0.0016454450193101237,0,35
2265.316456879235,1.001433673244993,0.0016480050462842411,0,35
2265.38590127395,1.0007416552068311,0.0016463844080760195,0,35
2265.4553456668596,1.0001869393818543,0.001645979321198323,0,35
2265.524790057936,0.9990797402882126,0.0016461304838652783,0,35
2265.5942344472646,1.0011449292953136,0.001646086007157501,0,35
2265.6636788348483,0.9987863823888219,0.0016456679842438828,0,35
2265.7331232206852,0.997525509002374,0.001644625688585483,0,35
2265.802567604834,1.0005231623624344,0.0016473999595702656,0,35
2265.8720119873246,1.000012725570978,0.001646483099855695,0,35
2265.9414563682135,1.0022606121029407,0.0016461325187473335,0,35
2266.0109007475608,0.9983642059902313,0.001645134845145429,0,35
2266.080345125453,1.000687850599713,0.0016477644941555768,0,35
2266.41228923435,0.9987316103406353,0.0016432345560033403,0,35
2266.4817336058677,0.9974296579180475,0.0016400329597869724,0,35
2266.551177976891,1.0010429758904011,0.001642790370320441,0,35
2266.6206223476524,1.0001965393739958,0.0016443200202310533,0,35
2266.690066718558,0.9992980842955217,0.0016434769976653415,0,35
2266.759511089931,1.0009915526766824,0.0016442976365284463,0,35
2266.828955462264,1.0035628621997035,0.0016454655134793936,0,35
2266.8983998361973,0.9988266428209808,0.0016436352824194898,0,35
2266.9678442123704,1.0008083342220149,0.001645684844695197,0,35
2267.037288591747,1.0012951059165645,0.0016459416758803026,0,35
2267.1067329753428,1.0008053574802656,0.001645154031176235,0,35
2272.0386864565303,1.0018200543240485,0.001645210717176343,0,35
2272.1081309478373,1.0003277392665948,0.0016449540313399557,0,35
2272.1775754367004,0.9987488010242374,0.001644460717790296,0,35
2272.247019923148,1.0019460449185864,0.0016457531585927633,0,35
2272.316464407237,0.9972075929835518,0.0016432924047931942,0,35
2272.3859088889403,0.9995307166632272,0.0016439480728611124,0,35
2272.455353368286,0.9985761500027796,0.0016449666766784415,0,35
2272.524797845333,1.000787720285401,0.001644924670898874,0,35
2272.59424232008,1.0002195347040088,0.0016443581015952284,0,35
2272.6636867925267,1.0033592530640534,0.001646149669896084,0,35
2272.7331312627343,0.9994201307072419,0.001644804467508901,0,35
2272.802575730701,1.0006838319983515,0.0016454152228228874,0,35
2272.8720201964243,0.9991684471923409,0.0016445367351699285,0,35
2272.9414646599676,0.9978627738425665,0.0016445636246828002,0,35
2273.0109091212976,1.0002259346987696,0.0016447910954268243,0,35
2273.0803535804444,0.9980740480882211,0.0016436892067939516,0,35
2273.1497980374384,0.9995805770875276,0.0016445860083854071,0,35
2273.219242492278,0.9992174145941164,0.0016447724907908913,0,35
2273.2886869449944,1.0004718135672597,0.0016450144964067377,0,35
2273.3581313956133,1.0018117194471505,0.0016445447293494308,0,35
2273.4275758440795,0.9995718701179109,0.0016429881899259469,0,35
2273.4970202904797,1.0007354784677014,0.001644632229277803,0,35
2273.5664647348135,0.9994506423101719,0.0016444537410518212,0,35
2273.63590917705,0.998865414882265,0.001644109119240907,0,35
2273.6997980620786,0.9999405395835583,0.0016457758329928064,0,35
2273.7011869508783,1.0001169859507464,0.0016448322291140822,0,35
2273.70257583965,0.998534103525571,0.0016447030141035792,0,35
2273.7039647284505,1.0006277204163776,0.0016456865888798155,0,35
2273.705353617222,0.9990849495862738,0.0016438499624763098,0,35
2273.7067425059927,0.9985344756182897,0.001643199672310966,0,35
2273.7081313947933,1.0007606319354827,0.0016455412401615895,0,35
2273.709520283564,0.9974789229939979,0.0016437432765171317,0,35
2273.7109091723364,1.0017506962412905,0.0016458357166647156,0,35
2273.712298061138,0.998187015437606,0.0016425800507251678,0,35
2273.7136869499095,1.0013772639888443,0.0016449969092118325,0,35
2273.71507583868,0.9994621771844503,0.001644558973523817,0,35
2273.7164647274517,1.0021215982632499,0.0016463543208913465,0,35
2273.7178536162232,0.9985954988241498,0.0016443009795489656,0,35
2273.719242505024,0.9976774716686744,0.0016434126081831672,0,35
2273.7206313937945,1.001760519489063,0.0016460771408856893,0,35
2273.722020282566,0.9959507381984655,0.0016416562142721222,0,35
2273.7234091713367,1.0042491500099981,0.001646950977379665,0,35
2273.7247980601087,0.9996465863358177,0.001644700979221524,0,35
2273.7261869488807,1.0008098225928894,0.001644058973933119,0,35
2273.7275758376513,0.9995919631247185,0.0016449685662117783,0,35
2273.7289647264233,1.0010629200601213,0.0016448268512115078,0,35
2273.7303536151953,0.9983020665062153,0.0016434236546857524,0,35
2273.731742503967,0.9999016186851866,0.0016449274325245203,0,35
2273.7331313927093,1.000598473928691,0.0016451774323198694,0,35
2273.734520281481,1.0020970401438183,0.0016459538851726335,0,35
2273.7359091702515,0.9998510884939926,0.0016446505432162995,0,35
2273.7372980590226,1.000781394709184,0.0016442226365898417,0,35
2273.7386869477646,1.0010030875509608,0.0016452460369148721,0,35
2273.740075836536,1.004513335840246,0.00164605824555232,0,35
2273.7414647253077,1.0017210032423416,0.0016453281589406698,0,35
2273.742853614079,0.9982126898351934,0.0016436259801015233,0,35
2273.7442425028207,0.9974370997724207,0.0016433894977369694,0,35
2273.7456313915923,0.9988916846282023,0.001644592985123882,0,35
2273.7470202803347,0.9969094722973623,0.001643094875885125,0,35
2273.748409169107,1.0022293563145734,0.0016468245239948083,0,35
2273.7497980578496,1.0027784907487705,0.0016465844079122985,0,35
2273.751186946621,1.0021435517336508,0.0016454791762589068,0,35
2273.7525758353627,1.0010603154110906,0.0016463799022657544,0,35
2273.7539647241347,0.9956588686699493,0.0016436771428503388,0,35
2273.7553536128776,1.0001591812650423,0.001644790950078106,0,35
2273.756742501648,0.9976340856576787,0.001643289643167548,0,35
2273.7581313903897,0.9974249695497923,0.0016442450202924484,0,35
2273.759520279132,1.0005640181429434,0.0016446588280932383,0,35
2273.7609091678737,0.9989600752698918,0.001643727288158127,0,35
2273.7622980566457,0.999341842399236,0.0016449405139091608,0,35
2273.7636869453886,1.0000843162100481,0.0016450471998683386,0,35
2273.76507583413,1.0005731716238222,0.0016446650780881221,0,35
2273.766464722873,1.002793820968779,0.0016465226347070524,0,35
2273.767853611645,0.9997728746045306,0.0016440299041894737,0,35
2273.7692425003875,0.9999386047014213,0.0016440085379278945,0,35
2273.77063138913,0.9995921863803497,0.0016456056296437636,0,35
2273.7720202778723,1.000687850599713,0.0016440277239587004,0,35
2273.773409166614,1.0037820992295374,0.0016458284492288043,0,35
2273.774798055356,0.9980584201940375,0.0016429267074181372,0,35
2273.7761869440983,1.0030360533286262,0.0016458549026955216,0,35
2273.777575832841,1.0002917951099723,0.0016457393504645318,0,35
2273.7789647215827,1.0010444642612757,0.0016458826643007028,0,35
2273.780353610325,1.0007703807647115,0.001645603304064272,0,35
2273.7817424990376,1.0005389390937056,0.001645911879393066,0,35
2273.78313138778,1.0023957561783576,0.0016472469073699734,0,35
2273.7845202765234,1.0000392185725466,0.001644580775831551,0,35
2273.7859091652667,1.0014429011444157,0.0016460774315831257,0,35
2273.7872980540083,1.0026446862071405,0.0016459623153982905,0,35
2273.7886869427216,0.9992246331928584,0.0016445442933032762,0,35
2273.790075831463,0.998703108038386,0.001643627142891269,0,35
2273.791464720206,1.000715013368175,0.0016451957462583658,0,35
2273.7928536089194,1.0021299331401479,0.001644702287359988,0,35
2273.7942424976613,1.0000147348716588,0.0016446954559702315,0,35
2273.795631386403,1.0018533938316403,0.0016478357150275077,0,35
2273.797020275116,1.0008187528181371,0.0016468364425897028,0,35
2273.7984091638587,1.0010498223964244,0.0016456190017258405,0,35
2273.799798052572,1.0004216554687844,0.0016445226363442605,0,35
2273.8011869413144,1.0013020268411315,0.0016460893501780204,0,35
2273.802575830027,1.0005708646489666,0.0016447563570831682,0,35
2273.8039647187697,0.9968733048851086,0.001642884120243697,0,35
2273.8053536074835,0.9990754240126761,0.0016438511252660556,0,35
2273.806742496197,0.9973969137588055,0.00164408019484598,0,35
2273.8081313849393,0.9984012664250098,0.0016432283060084565,0,35
2273.8095202736527,1.0006055436903456,0.001645940658439275,0,35
2273.810909162365,0.9976439833239951,0.0016434424046704037,0,35
2273.8122980511066,0.9995835538292769,0.001645028740581124,0,35
2273.8136869398204,0.9992673494369605,0.0016437996718198036,0,35
2273.815075828534,0.9999533395730802,0.0016473342619496274,0,35
2273.8164647172466,0.9968249328316829,0.0016433736547266826,0,35
2273.81785360596,1.0007311621921648,0.0016451602811711186,0,35
2273.8192424946724,1.000321339271834,0.00164426784004121,0,35
2273.820631383386,0.9985890988293888,0.0016441909505692683,0,35
2273.8220202721004,1.0003254322917392,0.0016447162408369377,0,35
2273.8234091608433,0.999432558604045,0.00164357379991168,0,35
2273.8247980495557,0.9994920934390304,0.0016439972007278728,0,35
2273.826186938269,0.9991386797748482,0.001644566677005883,0,35
2273.8275758269533,0.9976020112653303,0.0016441847005743847,0,35
2273.8289647156666,0.9988574520980857,0.0016437035963170561,0,35
2273.8303536043795,1.0002811532582188,0.0016461530129166034,0,35
2273.8317424930924,1.0000806697014053,0.0016439643519175538,0,35
2273.833131381805,1.002454249153731,0.0016473849886522883,0,35
2273.834520270518,0.9988985311342257,0.0016450541766068136,0,35
2273.8359091592315,0.997059946592788,0.001643067259628662,0,35
2273.8372980479157,1.0008967434519682,0.0016445169677442497,0,35
2273.838686936629,1.0021602214874465,0.0016470832447132509,0,35
2273.8400758253424,1.0002179719145905,0.001644817258196105,0,35
2273.8414647140266,0.9998508652383615,0.0016454813564896803,0,35
2273.8428536027404,1.0000978603850073,0.0016450258336067594,0,35
2273.844242491454,0.9975533415377297,0.0016434518523370883,0,35
2273.8456313801375,1.001763272975181,0.0016455400773718435,0,35
2273.847020268851,1.0003907717731357,0.0016453281589406698,0,35
2273.848409157534,1.0010781758615863,0.0016458921119673873,0,35
2273.8497980462475,1.0011996269249566,0.0016450440021965377,0,35
2273.851186934932,0.9993230889262156,0.0016453441472996748,0,35
2273.852575823645,1.000301618357745,0.0016445711828161481,0,35
2273.8539647123284,1.0027143419640736,0.0016460723443779879,0,35
2273.8553536010418,1.0013580640045616,0.001645856501531422,0,35
2273.85813137841,1.0027808721421698,0.001646003013039394,0,35
2273.859520267095,1.0001563533603806,0.0016448006884422271,0,35
2273.8609091558087,1.0009701201360877,0.0016442706016668563,0,35
2273.862298044492,1.000074344125188,0.0016444650782518428,0,35
2273.8636869331763,0.9994311446517141,0.0016448399325961482,0,35
2273.8650758218605,1.001731719512639,0.0016460192920958352,0,35
2273.866464710574,0.9989035915951995,0.0016463652220452135,0,35
2273.867853599257,1.0013236826373575,0.0016445206014622054,0,35
2273.8692424879414,0.9988989776454881,0.0016445206014622054,0,35
2273.8706313766247,0.9996028282321034,0.0016447546128985494,0,35
2273.8720202653094,1.0038138759477109,0.0016458059201774793,0,35
2273.873409153994,0.9969437792460226,0.0016427589749973043,0,35
2273.8747980426774,1.000605990201608,0.0016456060656899183,0,35
2273.8761869313616,1.0010235526504871,0.0016464259778094321,0,35
2273.877575820046,1.0013305291433807,0.0016454236530485445,0,35
2273.87896470873,1.0015877196305178,0.001646525396332699,0,35
2273.880353597415,1.0004535066055016,0.001644147055256364,0,35
2273.8817424860995,0.9984358710478451,0.0016441565029230488,0,35
2273.8831313747537,1.000259423043449,0.0016441704563999984,0,35
2273.8845202634375,0.997944485403584,0.0016444865898621404,0,35
2273.8859091521213,0.9983133037063189,0.0016454765599819789,0,35
2273.8872980408055,1.0004354973179184,0.001644202869164163,0,35
2273.8886869294606,0.9983061595261206,0.0016435275790192842,0,35
2273.890075818145,1.000169525442621,0.001644734409426716,0,35
2273.891464706828,1.002170640083569,0.0016456307749720168,0,35
2273.8928535954833,1.0001377487244476,0.0016458376061980525,0,35
2273.8942424841675,1.0007909947013254,0.001646333245327204,0,35
2273.8956313728527,0.9985606709456833,0.0016431505444442056,0,35
2273.897020261508,0.9995012469199095,0.001644150834323038,0,35
2273.898409150192,0.9993814330645013,0.0016452082462481332,0,35
2273.8997980388463,0.9985253965559544,0.0016439447298405932,0,35
2273.9011869275305,0.9960319288296768,0.0016423755450786235,0,35
2273.9025758161856,0.9981665503380798,0.0016448259791191984,0,35
2273.9039647048407,1.002294919051601,0.0016463585360041752,0,35
2273.905353593524,1.001559663839531,0.0016448416767807668,0,35
2273.906742482179,1.0018108264246257,0.0016460732164702973,0,35
2273.9081313708625,0.9995678515165495,0.0016456095540591557,0,35
2273.909520259518,0.9999049675196545,0.0016436847009836865,0,35
2273.9109091481737,0.9998116466658148,0.001644112898307581,0,35
2273.912298036828,1.0004279066264579,0.0016442355726257638,0,35
2273.913686925512,0.9994337493007448,0.0016445572293391983,0,35
2273.9150758141673,1.0010384363592335,0.001646492838219816,0,35
2273.9164647028233,1.002803793053639,0.0016459038852135637,0,35
2273.9178535914784,1.0024747886718008,0.0016450426940580738,0,35
2273.9192424801336,1.0002690974541342,0.0016442806307284139,0,35
2273.920631368788,0.9993364098455436,0.0016455620250282958,0,35
2273.9220202574425,0.998865414882265,0.001643652869614395,0,35
2273.923409146097,0.9993378237978745,0.0016441631889640871,0,35
2273.9247980347523,1.000933134119853,0.0016449377522835143,0,35
2273.9261869234074,0.9987351080121907,0.001643374526818992,0,35
2273.9275758120625,1.0017374497405063,0.0016447549035959858,0,35
2273.9289647007167,1.002394565481658,0.0016459245247315518,0,35
2273.930353589372,0.9988384753694342,0.0016436576661220965,0,35
2273.931742478027,1.00080185980871,0.0016441252529486301,0,35
2273.933131366683,1.0027118861521305,0.0016468753960461875,0,35
2273.934520255338,0.9996740467784547,0.0016439341193841628,0,35
2273.935909143964,0.998548540723055,0.0016438812124507285,0,35
2273.9372980326184,1.000967515487057,0.0016451769962737147,0,35
2273.938686921274,1.0001713114876707,0.0016442735086412209,0,35
2273.9400758099,0.9989675915428088,0.0016435198755372182,0,35
2273.9414646985547,1.0014344918489742,0.001645216385776354,0,35
2273.942853587209,0.9990711077371397,0.0016438534508455471,0,35
2273.944242475835,0.9991600378968992,0.0016449585371502208,0,35
2273.945631364489,1.001204240874668,0.0016453695833253644,0,35
2273.9470202531156,0.9965797981486304,0.0016437416776812312,0,35
2273.948409141771,0.9982667176979427,0.001643679032383676,0,35
2273.9497980303963,0.9991945681011908,0.0016438444392250172,0,35
2273.951186919052,0.9981428108226292,0.0016423531613760168,0,35
2273.9525758076784,0.9998909768334329,0.0016449461825091716,0,35
2273.9539646963335,1.001606845196257,0.0016448759790782682,0,35
2273.9553535849595,1.0008415993110629,0.0016438432764352715,0,35
2273.9567424736147,0.9999782697852303,0.0016453210368534768,0,35
2273.95813136224,1.002017784394744,0.0016471813550980536,0,35
2273.959520250865,1.0011650223021213,0.0016445483630673865,0,35
2273.9609091394914,0.9983828106261643,0.001643668276578527,0,35
2273.962298028147,0.9994071818806325,0.0016449146418373165,0,35
2273.963686916772,0.9970072582638257,0.001643261445516212,0,35
2273.965075805398,0.9998459536144751,0.001645089060299188,0,35
2273.966464694023,0.9989381962180347,0.001645240949709734,0,35
2273.9678535826492,1.0006595715530948,0.0016447175489754018,0,35
2273.9692424713044,0.9999294512205422,0.0016431211840031237,0,35
2273.9706313599313,0.9983671827319807,0.0016423472020785695,0,35
2273.9720202485573,0.9992532843321952,0.001643404032608792,0,35
2273.9734091371834,1.0005534507097333,0.0016464684196351542,0,35
2273.9747980258085,0.9987667358932767,0.0016453775775048668,0,35
2273.976186914435,1.0042012244678349,0.0016462078093833746,0,35
2273.977575803061,1.0021745098478432,0.0016472051922878427,0,35
2273.9789646916865,0.9988439079231265,0.0016443708922824324,0,35
2273.9803535802826,0.9997513676453921,0.0016440735088049416,0,35
2273.9817424689086,1.0004049112964446,0.0016453915309818164,0,35
2273.9831313575346,0.9990213961499269,0.0016448345546935738,0,35
2273.9845202461606,0.9974276486173667,0.001642639353002204,0,35
2273.9859091347867,1.0026530955025823,0.001646350105778518,0,35
2273.9872980233827,1.0002661207123849,0.0016454614437152832,0,35
2273.988686912009,1.0013105849736608,0.0016450804847248125,0,35
2273.9900758006356,1.0006146971712246,0.001644379613205526,0,35
2273.9914646892325,1.0002554788606313,0.0016443169679079704,0,35
2273.9928535778586,1.00134407331834,0.0016447021420112698,0,35
2273.9942424664846,1.000007516272917,0.0016446316478829302,0,35
2273.9956313550806,0.9983453780986672,0.0016434104279523939,0,35
2273.9970202437057,0.9992340099293686,0.0016450777230991663,0,35
2273.998409132303,0.9989275543662811,0.0016437941485685109,0,35
2273.9997980209296,0.9988821590546046,0.0016439402240303281,0,35
2274.0011869095256,1.0023158306623898,0.0016460163851214709,0,35
2274.0025757981516,1.0019637565319945,0.0016454236530485445,0,35
2274.0039646867476,0.9990598705370363,0.0016459524316854513,0,35
2274.005353575374,1.001882342645152,0.001646261297711682,0,35
2274.0067424639715,1.0012467338631388,0.0016455128971615354,0,35
2274.0081313525684,1.0028189744365605,0.0016470040296618176,0,35
2274.0095202411944,0.9981722805659471,0.001644169438958971,0,35
2274.0109091297913,0.9999250605264621,0.0016442410958770564,0,35
2274.0122980183874,0.9994407446438556,0.0016437179858401604,0,35
2274.0136869069843,0.9981405038477736,0.001644383537620918,0,35
2274.0150757956103,0.9983830338817955,0.0016438291776096035,0,35
2274.016464684207,0.9993537493662331,0.0016451995253250397,0,35
2274.0178535728032,1.0007554970559651,0.0016439576658765153,0,35
2274.0192424614,1.0013797198007874,0.0016449144964885982,0,35
2274.020631349997,1.0031530392793726,0.0016471022853953386,0,35
2274.022020238594,0.9960402637065748,0.001642643132068878,0,35
2274.023409127191,0.9999214140178192,0.0016446979268984413,0,35
2274.024798015787,1.0022501190882747,0.0016451030137761375,0,35
2274.0261869043843,1.0009004643791548,0.0016455399320231255,0,35
2274.027575792982,0.9985803174412285,0.0016439972007278728,0,35
2274.0289646815795,0.9996617677187389,0.001645787751587701,0,35
2274.0303535701755,0.9961547194268343,0.0016433934221523614,0,35
2274.031742458772,0.999792744355707,0.0016448319384166459,0,35
2274.0331313473685,0.9963181425488693,0.001644535136334028,0,35
2274.0345202359354,0.9993995167706281,0.001644049380917716,0,35
2274.0359091245327,0.9985246523705171,0.0016426262716175636,0,35
2274.03729801313,0.9988783637088744,0.0016447006885240876,0,35
2274.038686901726,1.000027162768462,0.001644824380283298,0,35
2274.040075790294,1.0018740821867977,0.0016452120253148072,0,35
2274.04146467889,1.001113822344034,0.0016454396414075493,0,35
2274.0428535674873,1.003727252762807,0.0016470367331234185,0,35
2274.044242456056,0.9993809121346952,0.001645134845145429,0,35
2274.0456313446534,0.9995979166082171,0.0016442534505181057,0,35
2274.0470202332203,0.9995744747669416,0.0016455150773923087,0,35
2274.0484091218173,1.0021267331427672,0.001645891821269951,0,35
2274.049798010385,0.9966260864828316,0.0016442535958668238,0,35
2274.051186898982,1.001356873307862,0.0016466498148355003,0,35
2274.052575787549,0.9989479450472636,0.0016448216186576517,0,35
2274.053964676146,1.0009429573676256,0.0016463894952811573,0,35
2274.0553535647127,1.0041343966155638,0.001646229902388545,0,35
2274.0567424533097,0.9994516841697841,0.0016444078108568618,0,35
2274.0581313418775,0.9994595725354197,0.0016457063563054945,0,35
2274.0595202304453,0.9985014337848728,0.0016429325213668663,0,35
2274.060909119042,1.001705375348158,0.0016457717632286963,0,35
2274.062298007609,0.9975470159615125,0.0016435547592295924,0,35
2274.0636868961774,0.9979599644606802,0.001644126415738376,0,35
2274.065075784746,1.0006368738972566,0.0016456454551925575,0,35
2274.0664646733144,0.9999682232818266,0.0016441101366819347,0,35
2274.0678535619104,1.0020975610736245,0.0016463235069630827,0,35
2274.0692424504778,1.0068491850908996,0.0016484790284543767,0,35
2274.070631339045,1.0005698227893545,0.0016451251067813079,0,35
2274.072020227613,0.9997285955710101,0.0016449338278681223,0,35
2274.0734091161808,1.0002784741906443,0.001644865513970556,0,35
2274.0747980047486,1.0002321114378996,0.0016447524326677761,0,35
2274.0761868933155,1.0004133205918864,0.0016444397875748716,0,35
2274.0775757818833,0.9993554609927389,0.001643704177711929,0,35
2274.07896467045,1.0034752715737312,0.0016462809197886424,0,35
2274.0803535590185,1.00499780055994,0.001646814058887096,0,35
2274.081742447558,1.0021561284675413,0.0016447213280420757,0,35
2274.0831313361264,1.0014573383418999,0.0016450426940580738,0,35
2274.0845202246933,1.0004967437794097,0.001646900832071877,0,35
2274.085909113261,1.0021479424277309,0.0016460749606549158,0,35
2274.087298001829,1.0002623253666545,0.0016466278671790483,0,35
2274.0886868903676,1.0013634221397103,0.0016456883330644343,0,35
2274.0900757789345,1.0013186221763837,0.0016450607172991338,0,35
2274.0914646675024,0.9999752186249373,0.0016442483633129677,0,35
2274.09285355604,0.999899014036156,0.0016455557750334122,0,35
2274.0942424446084,0.9988391451363277,0.0016434299046806362,0,35
2274.0956313331767,1.0014814499500688,0.0016467833903075504,0,35
2274.0970202217145,0.9991006518990012,0.0016450341184836984,0,35
2274.0984091102823,0.9943912231960219,0.0016421054871601593,0,35
2274.099797998821,1.0015065289993066,0.0016464474894197297,0,35
2274.101186887389,0.9998461768701064,0.001643898944994352,0,35
2274.102575775928,1.0009288178443165,0.0016452251066994476,0,35
2274.1039646644963,1.0003266229884389,0.0016450086824580088,0,35
2274.105353553034,0.9954258642095251,0.001643630921957943,0,35
2274.106742441572,1.0009468271318998,0.001646106501326771,0,35
2274.1081313301397,1.00139013839691,0.0016461344082806704,0,35
2274.1095202186784,0.9974533230149542,0.001642912463243751,0,35
2274.110909107217,1.0013789011968064,0.001644919438345018,0,35
2274.112297995785,0.9983208943977795,0.0016442252528667697,0,35
2274.1136868843228,0.9965418446913271,0.0016433259803471044,0,35
2274.1150757728615,1.0028399604658929,0.001647284552687994,0,35
2274.1164646614,1.0015944917179975,0.0016453024322175438,0,35
2274.117853549939,1.0017486869406098,0.0016457640597466303,0,35
2274.119242438507,1.0014642592664669,0.0016444210375902203,0,35
2274.1206313270463,1.0009306038893662,0.0016457531585927633,0,35
2274.122020215584,0.9978059180751554,0.0016440785960100796,0,35
2274.1234091041224,0.9998961861314941,0.0016440913866972834,0,35
2274.124797992661,0.999054661238975,0.0016437777241633514,0,35
2274.1261868812003,1.0003395718150483,0.0016451461823454507,0,35
2274.127575769738,0.9991801309037068,0.0016443149330259152,0,35
2274.128964658277,0.9997351444028585,0.0016450556300939957,0,35
2274.1303535468146,1.0006352366892945,0.0016453261240586146,0,35
2274.1317424353538,0.9975590717655971,0.001643214497880225,0,35
2274.133131323864,1.0007826598244274,0.0016457378969773494,0,35
2274.1345202124016,0.9993180284652419,0.0016443483632311072,0,35
2274.1359091009404,1.003859568933562,0.001646555047471217,0,35
2274.137297989479,1.0027595884386624,0.0016466931287535318,0,35
2274.1386868780187,1.0033455600520067,0.0016459242340341154,0,35
2274.1400757665283,0.9999525209690991,0.0016454929843871383,0,35
2274.141464655067,1.0021281470950982,0.001644474089872373,0,35
2274.142853543605,1.0020093750993022,0.0016457855713569276,0,35
2274.1442424321135,1.0037920713143975,0.001646814058887096,0,35
2274.1456313206522,1.001319961710171,0.0016446447292675704,0,35
2274.147020209162,1.0020987517703241,0.0016457826643825632,0,35
2274.1484090977006,1.002093765727894,0.0016443191481387439,0,35
2274.1497979862393,0.9987514056732679,0.0016446487990316807,0,35
2274.151186874748,1.0013759244550573,0.0016464537394146133,0,35
2274.1525757632576,1.000553525128277,0.0016440799041485435,0,35
2274.1539646517963,0.9998725954531311,0.0016443951655183762,0,35
2274.155353540307,1.000048818564688,0.0016448285953961266,0,35
2274.1567424288455,1.0040613920241628,0.001646100105983169,0,35
2274.158131317355,1.0013938593240965,0.0016449649324938227,0,35
2274.159520205864,0.998026048127514,0.0016438425496916802,0,35
2274.160909094402,0.9994577864903701,0.0016454546123255266,0,35
2274.1622979829117,1.0036760528047195,0.0016457309202388747,0,35
2274.1636868714218,1.0005647623283807,0.0016445597002674082,0,35
2274.1650757599596,1.0031496160263609,0.0016467592624203246,0,35
2274.166464648469,1.0010677572654638,0.0016445714735135845,0,35
2274.167853536978,1.0010086689417408,0.0016434948755576833,0,35
2274.169242425488,1.0032474764113681,0.001646429756876106,0,35
2274.170631313998,1.0002695439653966,0.0016460224897676362,0,35
2274.1720202025067,1.002906788318164,0.0016465299021429637,0,35
2274.1734090910163,0.9985425872395565,0.0016445181305339955,0,35
2274.174797979526,1.0052155492188992,0.0016470822272722232,0,35
2274.1761868680364,0.9978761691804382,0.0016443203109284897,0,35
2274.177575756546,0.9999019907779052,0.0016454033042279928,0,35
2274.178964645055,1.0000299906731238,0.001645733100469648,0,35
2274.1803535335644,1.0018860635723386,0.0016454376065254941,0,35
2274.181742422073,1.0013727244576767,0.0016464421115171552,0,35
2274.1831313105827,0.9997925211000758,0.0016453547577561052,0,35
2274.1845201990923,0.9973211556812865,0.0016439858635278512,0,35
2274.185909087602,1.0000080372027231,0.0016448342639961374,0,35
2274.1872979760824,1.002717541961454,0.0016464957451941807,0,35
2274.188686864591,1.0016637753822117,0.0016476929825862095,0,35
2274.1900757531007,1.0007237203377917,0.0016445906595443903,0,35
2274.1914646416103,0.9998309210686414,0.0016437166777016963,0,35
2274.1928535300917,0.9992645215322986,0.0016448755430321137,0,35
2274.1942424186013,0.9988708474359574,0.001644670746688133,0,35
2274.195631307111,0.9966429050737149,0.0016426506902022257,0,35
2274.1970201955905,1.0019107705288577,0.0016458445829365274,0,35
2274.1984090841,1.000278325353557,0.0016440155146663694,0,35
2274.1997979725807,0.99933574007865,0.001644373944605515,0,35
2274.2011868610903,0.9995663631456748,0.001644142549446099,0,35
2274.20257574957,1.0012067711051549,0.001644614787431616,0,35
2274.2039646380795,1.002199514478537,0.0016454362983870303,0,35
2274.205353526559,0.9969949047855663,0.0016435492359782998,0,35
2274.20674241504,0.9996585677213585,0.0016442506888924592,0,35
2274.20813130355,0.9982024200761584,0.0016442659505078732,0,35
2274.2095201920297,0.9990164845260405,0.001644573217698203,0,35
2274.2109090805393,0.9978603924491671,0.0016439367356610908,0,35
2274.21229796902,1.0006391808721125,0.0016450050487400532,0,35
2274.213686857501,0.998826568402437,0.0016440519971946442,0,35
2274.2150757459817,1.0021857470479465,0.0016464871696198053,0,35
2274.216464634491,0.9988103451599035,0.0016440050495586571,0,35
2274.217853522971,0.9998832373048848,0.001645621327305332,0,35
2274.2192424114505,0.9977598529965854,0.0016421440045704893,0,35
2274.2206312999315,1.001069394473426,0.0016456963272439367,0,35
2274.2220201884124,1.0012261943450689,0.0016451832462685983,0,35
2274.223409076892,1.0015813940543006,0.0016460642048497672,0,35
2274.2247979653725,0.998709508033147,0.001645666240059264,0,35
2274.226186853852,1.0003645020271983,0.001645865513151952,0,35
2274.2275757423326,0.9999140465819898,0.0016442203110103501,0,35
2274.228964630813,1.0002956648742465,0.001645436879781903,0,35
2274.2303535192946,1.0030135045098754,0.001646432954547907,0,35
2274.231742407775,1.000459236833369,0.0016446108630162237,0,35
2274.2331312962556,1.0020051332423094,0.0016452463276123085,0,35
2274.234520184735,0.9997736187899678,0.0016448960372013835,0,35
2274.2359090732157,0.997133993043801,0.001642555196094351,0,35
2274.237297961667,1.001196724601751,0.0016445572293391983,0,35
2274.2386868501476,1.0003165020664913,0.0016463995243427149,0,35
2274.240075738627,1.0002181207516778,0.0016440530146356717,0,35
2274.2414646271077,0.9990427542719779,0.0016439751077227025,0,35
2274.242853515558,0.9986812289865288,0.0016439088287071913,0,35
2274.244242404039,1.0004253019774272,0.001644244002851421,0,35
2274.24563129252,0.9994501957989095,0.001642467696165979,0,35
2274.2470201809706,1.0004455438213222,0.0016449301941501666,0,35
2274.2484090694516,1.0001227161786137,0.0016451175486479602,0,35
2274.2497979579034,0.999456967886389,0.0016448753976833954,0,35
2274.251186846384,0.9975712019882254,0.0016440628983485112,0,35
2274.2622979540806,0.9993669958670174,0.0016443220551131084,0,35
2274.26368684256,1.0029400534072122,0.0016463877510965387,0,35
2274.2650757310116,1.000140948721828,0.00164571900164398,0,35
2274.266464619463,0.9995045213358337,0.0016457893504236015,0,35
2274.2678535079153,0.9999782697852303,0.0016455649320026603,0,35
2274.2692423963667,1.0009961666263938,0.0016444873166057315,0,35
2274.270631284847,0.9983458990284734,0.0016448915313911185,0,35
2274.2720201732977,1.0023827329332047,0.0016469752506156087,0,35
2274.273409061749,1.000647590167554,0.0016456650772695182,0,35
2274.2747979502005,1.0004771717024084,0.0016447656594011347,0,35
2274.276186838652,1.0016551428311389,0.0016459919665368088,0,35
2274.2775757271024,1.0012027525037932,0.001644747345462638,0,35
2274.278964615554,0.9997364839366457,0.001644543566559685,0,35
2274.2803535040052,1.0000794790047056,0.0016456331005515084,0,35
2274.2817423924566,0.9967217143115269,0.0016434633348858282,0,35
2274.283131280908,0.9995389771215816,0.0016466329543841861,0,35
2274.2845201693585,1.0036223226161451,0.0016454720541717138,0,35
2274.2859090577813,0.9993016563856209,0.00164437190972346,0,35
2274.287297946233,0.9978642622134412,0.001643904758943081,0,35
2274.2886868346845,1.002494137493171,0.0016463842627273012,0,35
2274.290075723136,1.0013748081769012,0.0016456636237823358,0,35
2274.2914646115864,1.0019716448976301,0.0016462687104963113,0,35
2274.2928535000087,0.9982170061107298,0.0016440806308921348,0,35
2274.294242388459,1.000829617925522,0.0016450374615042175,0,35
2274.295631276911,0.9990891170247228,0.0016438640613019777,0,35
2274.297020165334,1.0039316805024383,0.0016473986514318015,0,35
2274.2984090537843,0.999730009523341,0.0016448672581551747,0,35
2274.2997979422066,0.9991424007020347,0.0016452934205970137,0,35
2274.301186830657,1.0005007623807713,0.0016450842637914865,0,35
2274.3025757190794,1.0018613566158197,0.0016453290310329792,0,35
2274.3039646075317,1.0009285945886854,0.0016475714710577725,0,35
2274.305353495955,0.9995931538214182,0.0016450922579709889,0,35
2274.3067423844054,0.9994260097721966,0.0016465954544148838,0,35
2274.3081312728273,1.0008983062413865,0.001646099379239578,0,35
2274.309520161278,1.0009541945677292,0.0016459595537726443,0,35
2274.3109090497005,1.0020517192506857,0.0016459812107316601,0,35
2274.312297938123,1.0036021551907939,0.0016475541745603036,0,35
2274.313686826574,0.9997818048297784,0.0016460044665265762,0,35
2274.3150757149956,0.9990967821347272,0.0016454075193408214,0,35
2274.316464603418,0.9996014142797724,0.0016448987988270298,0,35
2274.31785349184,0.9977245786068566,0.0016471034481850843,0,35
2274.3192423802916,0.9984584942851396,0.0016465922567430828,0,35
2274.320631268714,1.0017949008562672,0.0016475928373193517,0,35
2274.3220201571353,0.9971879464880066,0.0016457951643723307,0,35
2274.323409045558,1.0002282416736255,0.0016455034494948506,0,35
2274.324797933981,1.0002172277291532,0.0016464832452044132,0,35
2274.326186822403,0.9983677780803305,0.001645514641346154,0,35
2274.3275757108254,0.9993494330906967,0.0016446370257855044,0,35
2274.328964599247,0.9983882431798567,0.001647069291236301,0,35
2274.330353487669,1.0008156272393005,0.0016462400767988208,0,35
2274.3317423760905,1.0017765194759654,0.0016470781575081128,0,35
2274.333131264513,1.0011288548898676,0.0016469325180924503,0,35
2274.334520152936,0.9982327084234572,0.001645236298550751,0,35
2274.3359090413574,1.0006167064719054,0.001646244001214213,0,35
2274.3372979297797,1.0054228792817361,0.0016482012670538464,0,35
2274.338686818172,0.9996734514301049,0.0016445188572775866,0,35
2274.3400757065947,1.001905933323515,0.0016458368794544614,0,35
2274.341464595018,0.9981396852437926,0.00164597219911113,0,35
2274.3428534834406,1.0008095249187146,0.0016464969079839264,0,35
2274.344242371833,0.9989812101363117,0.0016450769963555752,0,35
2274.3456312602543,0.9997869397092959,0.0016446790315650718,0,35
2274.3470201486766,0.9980593876351059,0.0016442399330873106,0,35
2274.34840903707,1.0000325953221545,0.0016454434204742233,0,35
2274.349797925492,1.001197840879907,0.0016462815011835154,0,35
2274.3511868139144,1.0005233856180658,0.0016460345537112492,0,35
2274.3525757023067,0.9982781037351337,0.0016451926939352831,0,35
2274.353964590729,1.001330157050662,0.0016463483615938993,0,35
2274.355353479122,0.9982868107047503,0.0016443556306670185,0,35
2274.3567423675445,0.997747201844151,0.0016446844094676462,0,35
2274.3581312559377,1.0001285952435686,0.0016452460369148721,0,35
2274.359520144331,0.999949767482981,0.0016438921136045954,0,35
2274.360909032753,1.0059815392895306,0.0016489163827475193,0,35
2274.3622979211464,1.0014871801779361,0.001647019000579795,0,35
2274.3636868095687,1.0013464547117394,0.0016456685656387555,0,35
2274.365075697962,1.002147347079381,0.0016456062110386366,0,35
2274.366464586354,1.0005317204949637,0.001645724088849118,0,35
2274.3678534747473,0.9979085412469616,0.0016458259783005945,0,35
2274.3692423631687,0.9963998541098869,0.0016443434213746877,0,35
2274.3706312515624,1.0012594594341169,0.00164520359508915,0,35
2274.372020139956,1.0005969855578165,0.0016458329550390694,0,35
2274.3734090283483,1.0011404641826898,0.0016457996701825955,0,35
2274.3747979167415,1.001566882438273,0.0016472275759904494,0,35
2274.376186805134,0.9988986055527694,0.001644307665590004,0,35
2274.3775756935274,1.000917878318388,0.0016462541756244887,0,35
2274.3789645819215,0.9998085955055218,0.0016448983627808751,0,35
2274.380353470315,0.9998427536170947,0.0016455477808539096,0,35
2274.3817423587075,1.0011304920978297,0.0016454082460844125,0,35
2274.3831312470998,0.999397060958685,0.0016461800477781934,0,35
2274.384520135493,0.9994817492614517,0.0016467861519331966,0,35
2274.385909023886,1.0053666932812184,0.001648407807582446,0,35
2274.3872979122793,0.9996350514615393,0.0016457969085569492,0,35
2274.3886868006725,1.0005043344708704,0.0016459163852033311,0,35
2274.390075689065,0.9967155375723972,0.0016443530143900906,0,35
2274.391464577429,1.0021178029175195,0.0016488415281576327,0,35
2274.392853465822,0.9991401681457228,0.0016442056307898092,0,35
2274.3942423542153,0.9982760200159092,0.0016454357169921573,0,35
2274.3956312426085,0.9978848017315112,0.0016444659503441522,0,35
2274.3970201309726,0.9991302704794065,0.0016452836822328928,0,35
2274.3984090193658,0.9991284100158132,0.001646747925220303,0,35
2274.3997979077585,1.0015160545729043,0.0016457085365362677,0,35
2274.4011867961226,0.9988517962887621,0.0016458567922288585,0,35
2274.4025756845163,0.9985737686093801,0.0016439442937944385,0,35
2274.4039645728794,0.9977274809300621,0.0016447236536215673,0,35
2274.4053534612726,0.9983037781327212,0.0016459083910238287,0,35
2274.406742349636,1.000661506435232,0.0016452876066482848,0,35
2274.4081312380295,1.0008001481822042,0.0016463471988041535,0,35
2274.409520126394,0.9996258979806603,0.0016467274310510331,0,35
2274.4109090147863,1.0000095255735977,0.0016454001065561918,0,35
2274.4122979031504,1.0004701019407538,0.0016470514133439594,0,35
2274.4136867915136,1.003307234501985,0.0016475290292320504,0,35
2274.4150756799077,0.9975774531458989,0.0016440592646305555,0,35
2274.4164645682727,1.0020645192402076,0.0016472265585494219,0,35
2274.4178534566367,0.9994853213515509,0.0016460909490139208,0,35
2274.419242345,1.0000705487794577,0.0016454050484126116,0,35
2274.420631233392,0.9988605032583787,0.0016456374610130551,0,35
2274.4220201217563,1.0006325576217203,0.001645898943357144,0,35
2274.4234090101204,0.9988439079231265,0.0016453644961202264,0,35
2274.4247978984845,1.0007268459166285,0.0016478078080736083,0,35
2274.4261867868486,0.9973690812234498,0.0016448585372320812,0,35
2274.4275756752118,0.999827125722911,0.0016446075199957047,0,35
2274.428964563576,1.0016436079568605,0.0016457213272234716,0,35
2274.43035345194,0.9985075361054588,0.0016474144944420882,0,35
2274.431742340304,1.0026366490044176,0.0016476825174784973,0,35
2274.433131228668,0.9981394619881614,0.0016444544677954125,0,35
2274.434520117032,1.000683683161264,0.0016466408032149704,0,35
2274.4359090053963,0.999597098004236,0.0016448438570115403,0,35
2274.43729789376,0.9988018614459181,0.001644599380467484,0,35
2274.438686782124,0.9994665678785305,0.0016446684211086414,0,35
2274.4400756704886,1.0003650229570045,0.001646255629111671,0,35
2274.4414645588517,1.0019775983811288,0.0016476181279963232,0,35
2274.4428534471867,1.0020855052695399,0.0016468679832615579,0,35
2274.44424233555,1.0012016362256373,0.0016460461816087072,0,35
2274.4456312239145,0.9998213210764999,0.0016455721994385717,0,35
2274.447020112279,0.997078774484352,0.0016448980720834387,0,35
2274.448409000613,1.001011124753684,0.0016459524316854513,0,35
2274.449797888977,0.9975552764198667,0.001644343712072124,0,35
2274.4511867773404,0.9963746262235618,0.001643724817229917,0,35
2274.4525756656762,0.999776893205892,0.0016463735069221525,0,35
2274.4539645540412,1.0003406880932042,0.0016461370245575986,0,35
2274.455353442376,0.9981925224098421,0.0016448659500167106,0,35
2274.4567423307394,1.0028746395072718,0.0016479687091046846,0,35
2274.4581312190735,0.999883460560516,0.0016478700173250091,0,35
2274.4595201074376,0.998830735840886,0.0016458471992134556,0,35
2274.4609089957726,0.9989187729781207,0.0016460780129779987,0,35
2274.4622978841367,0.9997361118439271,0.0016461223443370576,0,35
2274.4636867724716,0.9969555373759322,0.0016458607166442505,0,35
2274.4650756608057,0.9997047072184723,0.0016453261240586146,0,35
2274.46646454917,0.9999786418779489,0.0016471660934826399,0,35
2274.467853437505,1.0043061546144967,0.0016487111503573838,0,35
2274.46924232584,0.9976356484470971,0.001646455483599232,0,35
2274.470631214175,0.9984271640782285,0.0016447194385087387,0,35
2274.472020102539,0.999111814680561,0.0016450707463606913,0,35
2274.473408990874,1.0009041853063414,0.001645390513540789,0,35
2274.474797879208,1.0009178038998443,0.0016467136229228016,0,35
2274.4761867675434,1.0007992551596796,0.0016456851353926333,0,35
2274.477575655879,0.9995133027239941,0.0016461214722447483,0,35
2274.478964544213,1.0000809673755802,0.0016457759783415247,0,35
2274.480353432548,1.0017576171658575,0.001648441383136356,0,35
2274.481742320882,0.9979857132768114,0.0016441620261743414,0,35
2274.4831312092174,1.0009213759899434,0.0016455259785461756,0,35
2274.484520097553,0.9984979361133174,0.001645295455479069,0,35
2274.485908985887,0.9966405236803155,0.0016445777235084681,0,35
2274.487297874222,1.0000952557359768,0.001645863042223742,0,35
2274.488686762556,0.9971544581433273,0.0016437527241838165,0,35
2274.490075650892,0.9996081119487084,0.001645536443653888,0,35
2274.4914645392278,1.0027446303113723,0.0016468438553743324,0,35
2274.4928534275623,1.0004161484965481,0.0016458799026750565,0,35
2274.4942423158677,1.00082857606591,0.0016455015599615137,0,35
2274.495631204202,1.0006253390229782,0.0016465857160507626,0,35
2274.497020092537,0.9999951627946574,0.0016453165310432118,0,35
2274.498408980872,0.9999695628156137,0.0016448518511910427,0,35
2274.4997978691777,1.0011057851413108,0.0016458086818031256,0,35
2274.5011867575126,0.9985709407047183,0.0016447406594215998,0,35
2274.5025756458467,1.001553561518945,0.0016462352802911193,0,35
2274.5039645341526,1.0001991440230262,0.0016452906589713675,0,35
2274.5053534224876,1.0014469197457774,0.0016461152222498646,0,35
2274.5067423107935,0.9978582343113989,0.0016441067936614154,0,35
2274.508131199129,1.0006235529779288,0.0016462541756244887,0,35
2274.5095200874352,0.9999344372629723,0.0016450422580119191,0,35
2274.5109089757693,1.0036404807408157,0.0016468322274768743,0,35
2274.5122978640743,0.997067686121336,0.0016439954565432542,0,35
2274.5136867524097,0.9999287814536487,0.0016452413857558888,0,35
2274.515075640716,1.0011918129778647,0.0016461156582960193,0,35
2274.516464529021,1.0026891140777485,0.0016482288833103095,0,35
2274.517853417356,0.9996246328654168,0.0016474777211345167,0,35
2274.519242305661,1.0003513299449578,0.001646470890563364,0,35
2274.5206311939673,0.9992113866920741,0.00164644254756331,0,35
2274.5220200822737,1.0013660267887408,0.001647601412893727,0,35
2274.5234089706078,1.0007357017233325,0.0016447623163806154,0,35
2274.5247978589136,0.9994655260189182,0.0016466815008560737,0,35
2274.5261867472186,0.9992098983211996,0.0016456053389463272,0,35
2274.5275756355254,1.00142623139062,0.0016466362974047054,0,35
2274.528964523832,1.0010733386562436,0.001647193273692948,0,35
2274.530353412137,1.000341283441554,0.0016456608621566895,0,35
2274.531742300443,0.9997037397774037,0.0016459582456341804,0,35
2274.533131188748,0.9986910522343014,0.0016456461819361488,0,35
2274.534520077054,0.9991696378890406,0.001645126414919772,0,35
2274.53590896536,0.9979277412312444,0.0016450817928632766,0,35
2274.5372978536657,1.0026228815738272,0.0016467637682305897,0,35
2274.5386867419716,0.9981387922212678,0.001644988333637457,0,35
2274.5400756302765,1.001622919601703,0.0016464322278043157,0,35
2274.5414645185824,0.9980508295025767,0.0016457899318184743,0,35
2274.5428534068883,1.0022490772286623,0.0016469594076053222,0,35
2274.544242295194,0.9984285780305594,0.001646763913579308,0,35
2274.5456311834714,1.0033937832683448,0.0016471554830262093,0,35
2274.5470200717773,1.0038017457250825,0.001646336588347723,0,35
2274.5484089600827,0.9969588862104001,0.0016442219098462506,0,35
2274.5497978483877,1.0018308450128897,0.0016465864427943537,0,35
2274.551186736665,0.9991756657910829,0.0016450665312478627,0,35
2274.5525756249713,1.0008389946620322,0.0016455553389872575,0,35
2274.5539645132762,0.9985434802620813,0.0016460393502189506,0,35
2274.555353401553,0.9997248746438235,0.0016447378977959535,0,35
2274.556742289858,1.0000056558093235,0.001645576269202682,0,35
2274.558131178135,1.0005927437008237,0.0016454980715922762,0,35
2274.5595200664416,1.001245543166439,0.001647306354995728,0,35
2274.5609089547174,1.0000314790439986,0.0016456653679669546,0,35
2274.5622978430233,0.9967250631459948,0.001644361008569593,0,35
2274.5636867313,0.9953504782247248,0.001644840513991021,0,35
2274.565075619607,1.0020249285749423,0.0016469080995077884,0,35
2274.5664645078837,0.9999381581901589,0.0016464451638402379,0,35
2274.5678533961595,0.9989307543636615,0.0016469076634616337,0,35
2274.5692422844654,1.0016180079778167,0.0016455604261923953,0,35
2274.5706311727413,0.9976544019201175,0.0016468967623077667,0,35
2274.572020061018,1.0004155531481984,0.0016468037391281019,0,35
2274.573408949324,1.001417301165372,0.001646227286111617,0,35
2274.5747978376007,1.0016080358929567,0.001646585280004608,0,35
2274.5761867258775,1.0006854692063136,0.0016458126062185176,0,35
2274.5775756141534,0.9987988102856251,0.0016447134792112914,0,35
2274.57896450243,1.0004424926610294,0.001646506937045484,0,35
2274.580353390707,0.9986009313778422,0.0016455913854693774,0,35
2274.581742279013,0.9990789216842315,0.0016456408040335744,0,35
2274.58313116729,0.9960812683241711,0.0016436477824092572,0,35
2274.584520055567,1.0018975240280734,0.0016470137680259388,0,35
2274.585908943843,1.0004201670979098,0.001646006937454786,0,35
2274.587297832119,1.0006155901937495,0.0016448772872167323,0,35
2274.5886867203963,1.0024359421919729,0.0016466066462661872,0,35
2274.5900756086444,0.9995692654688804,0.0016451453102531413,0,35
2274.5914644969203,0.9981352201311686,0.0016446310664880572,0,35
2274.592853385197,0.9982667176979427,0.0016445354270314644,0,35
2274.594242273473,0.9983830338817955,0.001643810282276234,0,35
2274.59563116175,0.9996942886223498,0.0016454320832742016,0,35
2274.5970200500274,0.998141768963017,0.0016457493795260893,0,35
2274.598408938274,0.9996981583866238,0.0016450466184734659,0,35
2274.599797826551,1.0013623058615542,0.0016463421115990157,0,35
2274.6011867148277,0.9991829588083686,0.0016459351351879824,0,35
2274.6025756031045,1.0013006873073445,0.0016467592624203246,0,35
2274.603964491352,1.0007892086562757,0.0016471658027852032,0,35
2274.605353379629,0.9984664570693189,0.0016445793223443686,0,35
2274.6067422679057,0.9983499920483786,0.0016445037410108912,0,35
2274.6081311561525,0.99976967460715,0.0016449957464220867,0,35
2274.6095200444292,1.0013608919092234,0.0016468479251384427,0,35
2274.610908932677,1.000202790531669,0.0016453908042382253,0,35
2274.6122978209537,0.9972694347933929,0.0016431822304647787,0,35
2274.6136867092014,0.9979506621427138,0.0016455031587974142,0,35
2274.6150755974772,1.000799403996767,0.0016452989438483065,0,35
2274.616464485725,1.0002325579491618,0.0016454980715922762,0,35
2274.6178533739726,0.9990583077476178,0.001645218275309691,0,35
2274.6192422622503,0.9966180492801084,0.0016448543221192526,0,35
2274.620631150498,0.9997899164510451,0.001645733681864521,0,35
2274.6220200387447,0.9989093218230668,0.001645371327509983,0,35
2274.6234089270215,1.0009333573754842,0.0016482816448950255,0,35
2274.6247978152683,1.001807477590158,0.0016460447281215248,0,35
2274.6261867035164,1.000826566765229,0.0016472835352469666,0,35
2274.6275755917645,0.9996402607596004,0.0016463471988041535,0,35
2274.6289644800404,0.9988788846386805,0.001645326996150924,0,35
2274.630353368288,0.999891795437414,0.0016457944376287394,0,35
2274.631742256535,0.9978338994475986,0.0016456953098029092,0,35
2274.633131144783,1.0025093188760925,0.0016465880416302542,0,35
2274.634520033031,0.9992859540728934,0.0016458114434287718,0,35
2274.635908921278,0.9998082978313468,0.0016453569379868787,0,35
2274.6372978095255,1.0008524644184478,0.001646115512947301,0,35
2274.638686697773,1.002486174708992,0.0016458938561520061,0,35
2274.640075586021,1.000815180728038,0.0016456650772695182,0,35
2274.6414644742686,1.0006317390177393,0.001646476559163375,0,35
2274.6428533625162,1.0001905114719534,0.0016460085362906866,0,35
2274.644242250764,1.001787459001894,0.0016471259772364094,0,35
2274.6456311390107,0.9991291542012505,0.0016445102817032112,0,35
2274.6470200272292,1.0019415798059625,0.0016463817917990913,0,35
2274.648408915477,0.9981875363674121,0.0016447668221908805,0,35
2274.6497978037246,0.9989202613489954,0.0016447191478113023,0,35
2274.6511866919723,1.0007034784938966,0.001645240804361016,0,35
2274.65257558019,1.0010204270716503,0.001646605774173878,0,35
2274.6539644684376,1.002278844646155,0.001647035861031109,0,35
2274.6553533566844,1.0018212450207482,0.0016481714705666101,0,35
2274.656742244904,1.0018706589337862,0.001646730628722834,0,35
2274.6581311331524,1.0012799245336432,0.0016472136225134998,0,35
2274.659520021399,0.9995664375642186,0.0016454453100075601,0,35
2274.660908909618,0.9989571729466863,0.0016449217639245095,0,35
2274.6622977978645,1.001036352640009,0.001645873943377609,0,35
2274.6636866860836,1.001475868559289,0.0016457033039824116,0,35
2274.6650755743317,1.0006673855001869,0.001646190803583342,0,35
2274.6664644625494,1.0002393300366414,0.0016448485081705236,0,35
2274.667853350797,0.999651795633879,0.0016445393514468564,0,35
2274.6692422390147,0.9995982887009358,0.0016459255421725795,0,35
2274.6706311272337,1.0029366301542004,0.0016466054834764414,0,35
2274.672020015482,1.0005598507044944,0.0016458791759314652,0,35
2274.6734089036995,1.0013259151936693,0.0016464636231274528,0,35
2274.6747977919185,1.0016225475089844,0.0016474527211549819,0,35
2274.676186680166,0.9975977694083376,0.001645021037099058,0,35
2274.6775755683843,0.9994285400026836,0.0016456860074849427,0,35
2274.678964456603,1.0006236273964724,0.001648175249633284,0,35
2274.6803533448215,0.997635127517291,0.001644353305087527,0,35
2274.68174223304,0.9985207826062431,0.0016457887690287285,0,35
2274.6831311212577,1.0003147160214418,0.0016466828089945378,0,35
2274.6845200095054,0.9983874245758757,0.0016442248168206152,0,35
2274.685908897724,0.9980148853459543,0.0016437778695120697,0,35
2274.6872977859425,1.0006779529333967,0.0016453845542433417,0,35
2274.688686674161,0.9985280756235287,0.001644562171195618,0,35
2274.6900755623788,1.0003328741461124,0.0016481550461614506,0,35
2274.6914644505973,0.9963016216321608,0.0016436473463631025,0,35
2274.692853338815,0.9987145684941207,0.0016458441468903727,0,35
2274.6942422270345,1.0019744728022921,0.0016481534473255502,0,35
2274.695631115225,0.99906991704044,0.0016467224891946134,0,35
2274.6970200034425,0.9997720560005495,0.0016452631880636227,0,35
2274.698408891661,1.0013812081716622,0.0016477457441709258,0,35
2274.6997977798787,0.9997944559822127,0.0016454046123664569,0,35
2274.7011866680978,0.998346568795367,0.0016461123152755,0,35
2274.7025755562877,1.0006426785436677,0.001647614784975804,0,35
2274.7039644445053,0.9995736561629606,0.0016450060661810807,0,35
2274.705353332724,0.9963570634472411,0.001644007520486867,0,35
2274.7067422209416,0.9978949226534587,0.00164514705443776,0,35
2274.708131109131,1.0029198859818609,0.0016472339713340513,0,35
2274.7095199973496,1.0006164087977305,0.0016461207455011572,0,35
2274.710908885539,1.0020308820584407,0.0016472692910725804,0,35
2274.7122977737577,0.9988752381300376,0.0016450360080170353,0,35
2274.713686661976,1.0002938788291968,0.0016468406577025314,0,35
2274.7150755501657,0.9992171169199415,0.0016453761240176846,0,35
2274.7164644383843,0.9967128585048228,0.0016443598457798472,0,35
2274.7178533265737,1.000045544148764,0.0016474557734780645,0,35
2274.719242214763,0.9983527455344967,0.0016448046128576192,0,35
2274.720631102981,0.9973810626089906,0.001643645020783611,0,35
2274.7220199911703,1.0025296351385313,0.0016478778661557932,0,35
2274.723408879389,0.9985956476612373,0.0016441378982871159,0,35
2274.7247977675784,0.9999445581849198,0.0016463245244041102,0,35
2274.726186655768,0.9972814161789337,0.0016453028682636985,0,35
2274.7275755439564,1.0003818415478878,0.0016468079542409305,0,35
2274.728964432175,1.00014816732057,0.0016455614436334228,0,35
2274.7303533203635,1.000049711587213,0.0016463336813733586,0,35
2274.731742208554,1.0014829383209436,0.0016472935643085241,0,35
2274.7331310967443,0.9978818249897619,0.001644818711683287,0,35
2274.734519984933,0.998853507915268,0.0016450902230889337,0,35
2274.7359088731514,1.000773283087917,0.0016462117337987668,0,35
2274.73729776134,0.9990632193715041,0.001646873797210287,0,35
2274.73868664953,1.0010247433471868,0.0016472937096572422,0,35
2274.74007553772,0.9987869777371717,0.0016454226356075168,0,35
2274.7414644259084,0.9981454898902036,0.001644601996744412,0,35
2274.742853314098,0.9964483750004,0.001644336008590058,0,35
2274.7442422022864,1.0012866222025791,0.001646906646020606,0,35
2274.745631090476,0.9986272011237796,0.0016471646399954575,0,35
2274.747019978636,1.0009444457385002,0.0016463748150606166,0,35
2274.7484088668257,1.0025792723072005,0.0016475924012731972,0,35
2274.749797755015,0.9991800564851631,0.0016456425482181932,0,35
2274.7511866432046,0.9996608746962142,0.001647269000375144,0,35
2274.752575531394,1.0017460822915791,0.0016472153666981183,0,35
2274.7539644195836,1.0012984547510324,0.001647345599149649,0,35
2274.755353307744,0.9969082071821188,0.001644548653764823,0,35
2274.7567421959334,1.0008579713906838,0.0016466721985381072,0,35
2274.758131084122,1.0006117204294753,0.0016457127516490964,0,35
2274.7595199722823,1.000183144036124,0.0016471299016518014,0,35
2274.760908860471,1.001612649842668,0.0016464121696812006,0,35
2274.762297748661,0.9987834800656163,0.001645078159145321,0,35
2274.7636866368216,1.0027975418959656,0.0016489124583321272,0,35
2274.76507552501,1.0031822113485154,0.0016479187091456148,0,35
2274.76646441317,1.002271923721588,0.001646872634420541,0,35
2274.7678533013595,0.9988642241855653,0.0016441672587281975,0,35
2274.769242189521,1.0001285952435686,0.0016455620250282958,0,35
2274.7706310777107,0.9998789210293484,0.0016463849894708922,0,35
2274.77201996587,0.9991976936800275,0.0016454704553358133,0,35
2274.7734088540305,1.001384259331955,0.0016463639139067496,0,35
2274.774797742219,0.9982418619043363,0.001644976705739999,0,35
2274.7761866303795,1.000257264905681,0.0016452152229866081,0,35
2274.77757551854,1.000054697629643,0.001645870745705808,0,35
2274.7789644067293,1.0012756826766505,0.0016478862963814503,0,35
2274.7803532948897,0.9993120749817432,0.0016453831007561593,0,35
2274.781742183049,1.0005779344106212,0.0016452804845610916,0,35
2274.7831310712095,0.9990495263594575,0.0016452881880431576,0,35
2274.784519959399,0.9987182150027636,0.0016449873161964296,0,35
2274.7859088475593,0.999388726081787,0.0016453405135817192,0,35
2274.7872977357197,1.0014002593188576,0.0016464155127017199,0,35
2274.78868662388,1.0019584728153896,0.0016455031587974142,0,35
2274.7900755120404,0.9993242796229153,0.001645761443469702,0,35
2274.7914644002008,0.9987314615035477,0.0016437386253581486,0,35
2274.792853288361,1.0009751805970615,0.0016462409488911302,0,35
2274.7942421765215,1.000465860083761,0.0016465538846814711,0,35
2274.795631064681,1.00039903223149,0.0016452570834174572,0,35
2274.7970199528413,0.9968337142198432,0.001644295456297673,0,35
2274.7984088410008,1.000325729965914,0.0016479873137406175,0,35
2274.7997977291616,0.9978958156759834,0.001646603884640541,0,35
2274.8011866173224,0.9986148476455201,0.0016454980715922762,0,35
2274.802575505482,0.9988603544212913,0.0016461136234139642,0,35
2274.8039643936127,1.0006488552827975,0.001646733099651044,0,35
2274.805353281773,0.998065489955692,0.0016445073747288468,0,35
2274.8067421699343,0.9979297505319251,0.001644078159963925,0,35
2274.808131058095,0.9987240196491746,0.0016446442932214157,0,35
2274.8095199462255,1.0010926130590703,0.0016461207455011572,0,35
2274.810908834386,0.9978043552857371,0.0016456056296437636,0,35
2274.8122977225453,1.0003256555473703,0.0016444160957338008,0,35
2274.8136866106765,1.0003101020717304,0.0016463330999784856,0,35
2274.815075498837,0.9999266233158804,0.001646439349891509,0,35
2274.816464386968,0.999968372118914,0.0016451623160531738,0,35
2274.8178532751285,0.999380688879064,0.0016488381851371137,0,35
2274.819242163259,0.999521637600892,0.001645204176484023,0,35
2274.8206310514192,0.9984904942589442,0.0016447724907908913,0,35
2274.8220199395505,1.0017112544131126,0.001646604466035414,0,35
2274.8234088277113,0.9980546248483071,0.001644542985164812,0,35
2274.824797715843,1.0001444463933835,0.0016444341189748607,0,35
2274.8261866040025,0.9953783107600805,0.001642999817823405,0,35
2274.8275754921337,0.9996031259062783,0.001644919583693736,0,35
2274.828964380264,1.0001621580067916,0.0016461937105577066,0,35
2274.830353268425,0.998569080241125,0.0016448502523551422,0,35
2274.8317421565566,1.0032923507932385,0.001647829465032624,0,35
2274.833131044687,1.000573841390716,0.001646355192983656,0,35
2274.8345199328182,1.003129597438097,0.0016467454542920933,0,35
2274.8359088209486,0.9980744201809397,0.001643482520916634,0,35
2274.8372977091094,0.9973868672554017,0.0016442642063232544,0,35
2274.838686597241,0.9984282803563844,0.0016456191470745588,0,35
2274.8400754853715,0.9982260107545214,0.0016449232174116917,0,35
2274.841464373502,0.9987801312311484,0.00164559036802835,0,35
2274.8428532616335,0.9973177324282748,0.0016440301948869103,0,35
2274.8442421497653,0.9979585505083494,0.0016466942915432776,0,35
2274.8456310378965,1.0011752920611563,0.0016458483620032014,0,35
2274.8470199260278,0.9995782701126719,0.0016456937109670087,0,35
2274.848408814159,0.9992517215427767,0.001645349379853531,0,35
2274.8497977022894,1.0004607252042435,0.001647281355016193,0,35
2274.8511865904206,1.0014119430302233,0.0016475495234013204,0,35
2274.852575478552,0.9991928564746849,0.001645895018941752,0,35
2274.853964366683,0.9994889678601937,0.0016456906586439259,0,35
2274.8553532547853,0.999122084439596,0.0016457136237414058,0,35
2274.8567421429157,0.996996914086247,0.0016431479281672774,0,35
2274.8581310310465,1.0009533759637481,0.001645854466649367,0,35
2274.8595199191773,0.996650644602263,0.0016447107175856452,0,35
2274.8609088072803,1.0002248928391575,0.0016468816460410711,0,35
2274.8622976954125,1.0002149951728412,0.0016477816453043276,0,35
2274.863686583543,0.9992205401729531,0.0016456563563464245,0,35
2274.865075471645,0.9997751815793863,0.0016464172568863387,0,35
2274.8664643597754,1.0000722604059635,0.0016483604239003042,0,35
2274.867853247878,1.0003179160188223,0.0016454851355563543,0,35
2274.8692421360097,1.0018961100757424,0.001646108390860108,0,35
2274.87063102414,1.0021250959348051,0.0016478864417301686,0,35
2274.872019912242,1.0016926497771796,0.0016464466173274203,0,35
2274.8734088003725,1.0027330954370939,0.0016466602799432128,0,35
2274.874797688475,1.002502249114438,0.001646649524138064,0,35
2274.8761865765778,1.0025692258037966,0.001646650832276528,0,35
2274.877575464708,0.9987725405396878,0.0016445362991237738,0,35
2274.8789643528103,0.9995293771294401,0.001648476121480012,0,35
2274.8803532409124,1.0020985285146928,0.0016457624609107298,0,35
2274.8817421290437,0.997923127281533,0.0016443713283285871,0,35
2274.883131017146,0.9990720007596645,0.0016475803373295842,0,35
2274.884519905248,1.0012953291721955,0.0016471768492877885,0,35
2274.8859087933793,1.001357394237668,0.0016461525768704487,0,35
2274.8872976814805,1.0014082965215805,0.0016468489425794702,0,35
2274.8886865695827,0.997867908722084,0.0016451021416838281,0,35
2274.890075457685,0.9987430707963699,0.00164589763521868,0,35
2274.891464345787,1.001717282315155,0.0016466108613790158,0,35
2274.892853233889,0.9993838144579007,0.0016448021419294093,0,35
2274.8942421219904,0.9996591630697084,0.0016455681296744613,0,35
2274.895631010092,1.0001034417757872,0.0016466214718354464,0,35
2274.897019898194,1.000857673716509,0.0016457905132133473,0,35
2274.898408786297,1.0010201293974754,0.0016459338270495183,0,35
2274.8997976744,0.9987788661159049,0.0016451065021453749,0,35
2274.901186562501,0.9992173401755727,0.001645157374196754,0,35
2274.9025754506033,1.0006305483210396,0.0016449365894937685,0,35
2274.9039643387046,0.9976891553800402,0.0016443099911694957,0,35
2274.905353226807,0.9991508099974765,0.0016458909491776415,0,35
2274.90674211491,1.0013380454162977,0.0016474002502677022,0,35
2274.908131003011,1.0009812084991037,0.0016461133327165276,0,35
2274.909519891084,0.9980512760138391,0.0016452274322789392,0,35
2274.9109087791853,0.9974490067394177,0.0016442444388975756,0,35
2274.9122976672875,1.00083237141164,0.0016466017044097676,0,35
2274.9136865553896,1.0012830501124799,0.0016469160936872908,0,35
2274.9150754434627,0.9983008758095157,0.0016443149330259152,0,35
2274.916464331565,1.0006022692744214,0.001646145018737101,0,35
2274.917853219667,1.0027256535827207,0.0016473855700471613,0,35
2274.91924210774,0.9991397960530042,0.0016448868802321351,0,35
2274.920630995842,0.9995647259377127,0.0016456291761361163,0,35
2274.9220198839153,0.9984145873443379,0.0016456413854284472,0,35
2274.9234087720174,0.9991311635019313,0.0016462874604809626,0,35
2274.9247976600896,1.0011163525745206,0.0016467383322049001,0,35
2274.9261865481917,1.00036353458613,0.0016454354262947209,0,35
2274.927575436264,1.0024666770505342,0.0016477358604580863,0,35
2274.9289643243665,0.9999753674620248,0.0016461736524345915,0,35
2274.93035321244,0.9998410419905889,0.0016446928396933033,0,35
2274.931742100512,0.9976641507493463,0.001645696472592655,0,35
2274.9331309886134,1.0007923342351124,0.0016452025776481224,0,35
2274.934519876687,1.0029074580850577,0.0016486236504290118,0,35
2274.935908764761,1.0001152743242405,0.0016452841182790473,0,35
2274.9372976528343,0.9981168387508669,0.0016452095543865973,0,35
2274.9386865409356,0.9999338419146224,0.001645993420023991,0,35
2274.9400754290086,1.0007722412283049,0.0016462614430604,0,35
2274.9414643170808,1.0004183810528602,0.001645838478290362,0,35
2274.942853205154,1.0002938788291968,0.001645831356203169,0,35
2274.944242093227,1.0010250410213617,0.0016455139146025629,0,35
2274.9456309813,0.9988260474726309,0.001644984409222065,0,35
2274.947019869373,1.0005326135174886,0.0016460111525676148,0,35
2274.948408757445,1.0011348083733662,0.0016457828097312813,0,35
2274.9497976455177,1.0019947890647307,0.0016466719078406709,0,35
2274.9511865335908,1.000424781047621,0.0016465607160712277,0,35
2274.9525754216643,0.9997899164510451,0.001645139350955694,0,35
2274.9539643097373,0.9994452841750232,0.0016463274313784748,0,35
2274.9553531978104,1.0017293381192396,0.001647441820001115,0,35
2274.9567420858834,0.9981845596256628,0.0016450309208118975,0,35
2274.9581309739556,1.00084293884485,0.0016461009780754784,0,35
2274.959519862029,1.0031321276685838,0.0016473663840163553,0,35
2274.9609087501026,1.0012075152905922,0.0016465424021327314,0,35
2274.9622976381456,1.0002698416395714,0.0016458378968954891,0,35
2274.9636865262187,1.0004296926715075,0.0016456179842848128,0,35
2274.965075414291,1.00099609220785,0.0016469816459592107,0,35
2274.9664643023643,0.9988583451206106,0.0016456139145207026,0,35
2274.9678531904087,0.9972514999243536,0.001645690077249053,0,35
2274.969242078481,1.0013213012439581,0.0016468479251384427,0,35
2274.970630966524,1.0001463068569767,0.001647710715129833,0,35
2274.9720198545974,0.9998784000995422,0.0016452617345764405,0,35
2274.973408742671,0.9995385306103192,0.001647643127975858,0,35
2274.974797630715,1.001055775879923,0.0016476233605501793,0,35
2274.976186518788,0.9977673692695024,0.0016457422574388963,0,35
2274.977575406832,1.0003415066971852,0.00164599022235219,0,35
2274.978964294904,0.9990048752332185,0.0016450503975401396,0,35
2274.980353182948,0.9995057120325334,0.0016461275768909138,0,35
2274.981742070992,1.0014490034650019,0.0016469114425283074,0,35
2274.983130959065,0.9982892665166935,0.0016444912410211237,0,35
2274.984519847109,1.0013102872994857,0.0016459768502701132,0,35
2274.985908735152,0.9998496001231181,0.0016457957457672034,0,35
2274.9872976232245,0.998869582320714,0.0016456044668540178,0,35
2274.988686511268,1.002141244758795,0.0016467990879691188,0,35
2274.990075399312,0.9983708292406235,0.0016448421128269215,0,35
2274.991464287357,0.999564651519169,0.0016464887684557057,0,35
2274.99285317543,1.0009885759349333,0.0016469487971488917,0,35
2274.994242063474,1.000643199473474,0.0016462059198500377,0,35
2274.995630951517,1.000573543716541,0.0016458701643109353,0,35
2274.9970198395613,1.0014757197222015,0.0016474528665037,0,35
2274.9984087276057,0.998317694400399,0.0016460393502189506,0,35
2274.9997976156487,0.9995525957150845,0.0016453530135714866,0,35
2275.0011865036927,0.9999241675039373,0.0016459065014904919,0,35
2275.0025753917357,0.9990415635752782,0.001644842984919231,0,35
2275.00396427978,1.0021437749892819,0.0016473704537804657,0,35
2275.005353167824,1.001384036076324,0.001647186878349346,0,35
2275.0067420558676,1.0005768925510088,0.0016465160940147324,0,35
2275.0081309439106,1.0017954962046172,0.0016469881866515309,0,35
2275.009519831955,1.0012695803560645,0.0016477989418017965,0,35
2275.0109087199994,0.9994385120875436,0.0016453169670893665,0,35
2275.0122976080143,0.9980855829624995,0.0016452656589918326,0,35
2275.013686496058,1.001963682113451,0.0016481489415152851,0,35
2275.015075384102,1.0021154959426637,0.0016476267035706986,0,35
2275.016464272145,1.000347906691946,0.0016468671111692485,0,35
2275.01785316016,1.0010686502879886,0.0016478682731403903,0,35
2275.019242048204,1.001620687045391,0.0016495514112974494,0,35
2275.020630936248,1.002469504955196,0.0016470192912772313,0,35
2275.0220198242628,1.0004508275379271,0.0016449906592169486,0,35
2275.023408712306,0.9971559465142019,0.0016436438579938652,0,35
2275.024797600349,0.9992116099477053,0.0016458386236390802,0,35
2275.0261864883637,1.002927030162059,0.0016479416742430945,0,35
2275.0275753764085,1.001114045599665,0.001647505628088416,0,35
2275.0289642644243,1.000745004041299,0.001646546035850687,0,35
2275.0303531524673,1.0001490603430947,0.001645681792372114,0,35
2275.031742040482,0.9996893025799197,0.001645367984489464,0,35
2275.033130928496,1.0007004273336038,0.0016463221988246186,0,35
2275.0345198165405,1.0020629564507892,0.001645579466874483,0,35
2275.035908704556,0.9981643177817677,0.0016454803390486526,0,35
2275.037297592599,0.996379537847448,0.0016435836836245195,0,35
2275.0386864806137,1.000277730005207,0.0016464871696198053,0,35
2275.0400753686276,0.9985093965690521,0.0016459871700291073,0,35
2275.0414642566425,1.0005531530355585,0.0016464313557120066,0,35
2275.0428531446573,0.9997003165243921,0.0016464621696402704,0,35
2275.044242032672,1.0009790503613356,0.0016454243797921356,0,35
2275.045630920715,0.9984230710583232,0.0016444581015133681,0,35
2275.0470198087305,0.9998248931665991,0.0016454030135305564,0,35
2275.048408696746,0.9999639070062901,0.0016450995254069002,0,35
2275.0497975847607,1.0005701204635293,0.001646557082353272,0,35
2275.0511864727755,0.9987191080252883,0.0016465830997738347,0,35
2275.0525753607903,1.0018747519536915,0.001646102576911379,0,35
2275.0539642488043,1.0008972643817742,0.0016472197271596653,0,35
2275.055353136819,1.0001027720088935,0.0016464948731018713,0,35
2275.056742024833,0.9986893406077956,0.001645654030766933,0,35
2275.0581309128484,1.002147868009187,0.0016471364423441216,0,35
2275.0595198008637,0.9982938804664049,0.0016449630429604858,0,35
2275.0609086888776,1.000764724955388,0.0016468685646564309,0,35
2275.0622975768915,0.9978613598902356,0.0016449003976629303,0,35
2275.0636864649064,0.9997419909088818,0.0016452867345559754,0,35
2275.065075352893,1.0010258596253427,0.001646816675164024,0,35
2275.0664642409088,0.9978356110741045,0.0016446627525086306,0,35
2275.0678531289227,0.9997867164536647,0.0016468947274257116,0,35
2275.0692420169376,1.003478694826743,0.001648139929894755,0,35
2275.0706309049224,1.0000805208643178,0.0016466995240971337,0,35
2275.072019792937,0.9989818799032053,0.0016455925482591232,0,35
2275.073408680952,1.0017470497326477,0.0016472825178059389,0,35
2275.074797568938,0.999898195432175,0.0016457354260491397,0,35
2275.0761864569527,1.0014810778573502,0.0016461060652806162,0,35
2275.0775753449375,0.9987884661080464,0.0016466332450816225,0,35
2275.078964232952,0.9984875919357387,0.0016444546131441306,0,35
2275.0803531209376,1.0023999236168066,0.0016476769942272047,0,35
2275.081742008953,0.9991044472447316,0.0016455009785666407,0,35
2275.0831308969387,0.997400634685992,0.0016467142043176746,0,35
2275.0845197849535,0.9990978984128832,0.001646276123280941,0,35
2275.0859086729392,0.9984356477922139,0.0016455232169205294,0,35
2275.087297560953,0.9986203546177562,0.0016457668213722765,0,35
2275.0886864489394,0.9999141210005335,0.0016454717634742774,0,35
2275.0900753369256,0.9982315177267576,0.0016441642064051148,0,35
2275.0914642249395,1.0000785859821808,0.0016461960361371984,0,35
2275.0928531129252,0.9996161491514314,0.0016453233624329684,0,35
2275.09424200091,0.9957587383556374,0.0016437088288709122,0,35
2275.0956308888963,1.003131011390428,0.0016473383317137378,0,35
2275.0970197769116,1.0017108079018502,0.0016458079550595345,0,35
2275.0984086648964,0.9997295630120786,0.0016456017052283716,0,35
2275.0997975528812,1.0007542319407217,0.0016462227803013519,0,35
2275.101186440867,0.9993746609770218,0.0016454918215973926,0,35
2275.1025753288527,1.0015087615556184,0.0016476940000272372,0,35
2275.1039642168394,1.001584891725856,0.0016477153662888165,0,35
2275.105353104825,0.9954667199900339,0.0016450207464016216,0,35
2275.106741992811,0.9997092467496399,0.0016454867343922547,0,35
2275.1081308807957,0.9983982896832605,0.0016455804843155104,0,35
2275.1095197687814,0.9993298610136951,0.0016449951650272137,0,35
2275.110908656767,0.9989210799529764,0.0016465230707532071,0,35
2275.112297544753,0.9980066248876001,0.001645035862668317,0,35
2275.1136864327386,0.9995659166344124,0.0016481566449973511,0,35
2275.1150753207235,1.0003436648349535,0.0016461480710601836,0,35
2275.1164642087087,0.997733062320842,0.001645232519484077,0,35
2275.117853096665,0.9979758156104951,0.0016458408038698535,0,35
2275.1192419846507,1.0015990312491652,0.0016468094077281127,0,35
2275.1206308726373,0.9997600746150087,0.00164714312838516,0,35
2275.122019760623,1.000816892354544,0.0016472902212880049,0,35
2275.1234086485797,1.0015720917363342,0.0016477583895094113,0,35
2275.1247975365645,0.9990498240336324,0.0016457082458388313,0,35
2275.1261864245507,0.999437544646475,0.001645664350525927,0,35
2275.127575312508,1.000817934214156,0.0016475549013038947,0,35
2275.1289642004926,0.9995138980723439,0.0016458454550288368,0,35
2275.1303530884493,0.9996869211865204,0.001645417548402379,0,35
2275.131741976434,0.9995957584704489,0.0016472678375853982,0,35
2275.1331308643908,1.0005195902723354,0.0016468860065026179,0,35
2275.1345197523765,0.9985466802594617,0.0016460147862855704,0,35
2275.135908640333,0.9973721323837428,0.001646224815183407,0,35
2275.137297528318,0.9997123723284767,0.0016467248147741052,0,35
2275.138686416275,0.9982240758723844,0.0016461376059524714,0,35
2275.1400753042612,1.0004172647747043,0.0016467537391690321,0,35
2275.141464192218,0.9974518346440795,0.0016450323742990796,0,35
2275.1428530801745,1.0006857668804885,0.0016461094083011355,0,35
2275.1442419681603,1.00042396244364,0.0016460591176446293,0,35
2275.145630856116,1.0008180830512436,0.0016469512680771015,0,35
2275.1470197440726,1.0002164835437157,0.0016467255415176963,0,35
2275.1484086320283,0.9993157214903862,0.0016462598442244995,0,35
2275.1497975199854,1.0012221757437072,0.0016464588266197513,0,35
2275.1511864079716,0.9991106239838613,0.001646325687193856,0,35
2275.1525752959274,0.9990096380200173,0.0016467570821895514,0,35
2275.153964183883,0.999992781401258,0.0016464272859478962,0,35
2275.1553530718397,1.0032402578126263,0.0016494134753638526,0,35
2275.1567419597964,1.0010712549370193,0.0016478271394531323,0,35
2275.158130847754,1.0004734507752218,0.0016469913843233318,0,35
2275.1595197357105,1.0000826045835423,0.0016464924021736614,0,35
2275.160908623667,0.9975708298955067,0.001646028158367647,0,35
2275.162297511623,1.002234491194091,0.0016479387672687302,0,35
2275.1636863995795,1.0026225838996523,0.0016476969070016018,0,35
2275.165075287536,1.001907347275846,0.0016474320816369937,0,35
2275.166464175493,1.0011194781533574,0.001646547343989151,0,35
2275.1678530634495,1.0004552182320074,0.0016463200185938452,0,35
2275.169241951376,0.9990684286695654,0.0016466633322662955,0,35
2275.1706308393323,1.0021413935958825,0.0016472953084931427,0,35
2275.172019727289,0.9992803726821136,0.0016469924017643595,0,35
2275.173408615246,1.0003338415871807,0.001646435570824835,0,35
2275.1747975031726,1.0017611892559568,0.0016476466163450954,0,35
2275.1761863911297,0.9982266061028713,0.0016451960369558024,0,35
2275.177575279087,0.998716428957714,0.0016463861522606382,0,35
2275.1789641670134,1.0021328354633532,0.0016464662394043807,0,35
2275.1803530549705,0.9981367085020433,0.0016459114433469114,0,35
2275.1817419429276,1.004116610583612,0.0016512448692135025,0,35
2275.183130830854,1.0005606693084754,0.0016460671118241317,0,35
2275.184519718811,0.9979513319096074,0.0016449736534169164,0,35
2275.1859086067375,1.0007224552225482,0.0016466582450611576,0,35
2275.1872974946946,0.9994647818334809,0.0016473857153958796,0,35
2275.1886863826226,0.999250009916271,0.0016451690020942123,0,35
2275.1900752705783,1.0005176553901984,0.0016466937101484048,0,35
2275.191464158505,1.0011391246489025,0.0016472541748058847,0,35
2275.1928530464324,1.001578268475464,0.0016484453075517483,0,35
2275.194241934389,1.0001296371031807,0.0016475765582629105,0,35
2275.1956308223175,0.9992620657203555,0.0016455393506282525,0,35
2275.197019710245,1.0001102882818105,0.0016470921109850627,0,35
2275.1984085982017,0.9979457505188275,0.0016448756883808318,0,35
2275.24424189963,0.9980474062495651,0.0016448303395807454,0,35
2275.313686294138,0.9995237213201165,0.0016472642038674425,0,35
2275.3831306867237,1.0007682226269434,0.0016475092618063716,0,35
2275.452575077388,1.000560446052844,0.0016485438539827057,0,35
2275.522019466162,0.9990754984312199,0.0016460624606651484,0,35
2275.591463852986,1.00040900431635,0.0016456024319719627,0,35
2275.6609082379177,0.9978013041254441,0.001644807665180702,0,35
2275.7303526209566,1.0019185844759495,0.0016466777217893998,0,35
2275.7997970020474,1.0014181941878968,0.00164767655818105,0,35
2275.8692413812455,1.0001508463881443,0.001645483100674299,0,35
2275.9386857585237,1.0002715532660773,0.0016467192915228124,0,35
2276.008130133908,0.9990370240441105,0.0016446844094676462,0,35
2276.077574507373,0.9999936744237828,0.001645365513561254,0,35
2276.1470188789167,0.9999857116396035,0.0016469742331745813,0,35
2276.21646324854,1.0029721277995605,0.0016475419652679725,0,35
2276.2859076162417,0.9991433681431033,0.0016440700204357042,0,35
2276.355351982052,1.0024438305576084,0.001647371180524057,0,35
2276.4247963459416,1.0024984537687076,0.0016483176913771457,0,35
2276.494240707881,0.9982559270091016,0.0016440457471997604,0,35
2276.563685067928,0.9969917047881859,0.0016443522876464995,0,35
2276.633129426056,1.0003129299763922,0.0016469357157642512,0,35
2276.7025737822323,0.9983197037010798,0.0016449562115707292,0,35
2276.7720181364875,1.0006970784991358,0.0016454745250999237,0,35
2276.8414624888223,1.0013626035357293,0.0016481653659204446,0,35
2276.9109068392077,1.0000725580801384,0.0016440176948971429,0,35
2276.980351187672,0.997310216155358,0.0016473678375035377,0,35
2277.0497955341866,0.9999441860922011,0.0016441570843179216,0,35
2277.1192398787784,0.9983849687639326,0.0016472255411083942,0,35
2277.188684221394,0.9987382335910274,0.001644924089504001,0,35
2277.2581285620877,1.001407626754687,0.0016466588264560304,0,35
2277.3275729008296,1.0023159794994771,0.0016464711812608005,0,35
2277.3970172375953,1.00269313267911,0.0016458017050646507,0,35
2277.466461572438,1.0020151053271695,0.0016447338280318432,0,35
2277.535905905303,0.9999586977082289,0.0016458158038903186,0,35
2277.605350236216,1.0015587708170062,0.0016452457462174358,0,35
2277.674794565181,0.999156763480975,0.0016461903675371876,0,35
2277.744238892167,1.000126511524344,0.0016447136245600097,0,35
2277.813683217202,0.9995307166632272,0.0016440953111126755,0,35
2277.8831275402576,1.0013513663356257,0.0016458322282954783,0,35
2277.9525718613636,1.0016168916996608,0.0016458701643109353,0,35
2278.0220161805214,0.9972776208332034,0.001643342986147137,0,35
2278.0914604977274,0.9968672769830663,0.001643052579408121,0,35
2278.1609048129526,1.0015031801648386,0.0016460355711522766,0,35
2278.2303491262605,1.00292844411439,0.0016469764134053545,0,35
2278.299793437646,0.9999368930749154,0.0016454107170126224,0,35
2278.369237747081,0.9993046331273701,0.0016440341193023024,0,35
2278.438682054624,1.0002357579465424,0.001644818711683287,0,35
2278.5081263602765,1.0015183615477599,0.001645567838977025,0,35
2278.5775706640366,1.002983588255295,0.0016457219086183446,0,35
2278.647014965963,1.003131532320234,0.0016468454542102329,0,35
2278.716459266085,0.9994910515794182,0.0016461570826807137,0,35
2278.785903564433,0.9991158332819225,0.0016445726363033303,0,35
2278.8553478610334,0.9995927073101559,0.0016442597005129893,0,35
2278.924792155946,0.9987948661028073,0.0016438913868610041,0,35
2278.994236449285,0.9987804289053234,0.0016438352822557688,0,35
2279.063680741054,1.0017126683654436,0.0016441435668871267,0,35
2279.1345139172013,0.9996517212153352,0.001645654030766933,0,35
2279.2039582061766,0.9997228653431428,0.0016449099906783332,0,35
2279.2734024939864,0.999085172841905,0.0016457967632082311,0,35
2279.3428467807503,1.0015025848164887,0.0016464386231479179,0,35
2279.412291066699,1.0014648546148166,0.0016461647861627797,0,35
2279.4817353520652,0.999008596160405,0.0016450134789657103,0,35
2279.5511796371106,0.9981913317131424,0.001644257520282216,0,35
2279.620623922215,1.0011106223466533,0.0016473989421292381,0,35
2279.690068207785,1.0014175244210033,0.001645086589370978,0,35
2279.7595124943446,0.9992945122054225,0.0016467185647792214,0,35
2279.828956782532,0.9991904750812856,0.0016457945829774577,0,35
2279.898401073137,1.0003357020507742,0.0016464700184710547,0,35
2279.967845367119,0.9972058813570459,0.0016435333929680131,0,35
2282.2845146252516,0.9995656448929076,0.0017462338789482393,0,36
2282.353959163567,1.0007774878206017,0.001720142782376502,0,36
2282.4234036968173,0.999687369552155,0.00169580490506472,0,36
2282.4928482250916,0.9994426404183177,0.001679120090201741,0,36
2282.562292748594,1.0028936624895153,0.0016651340526138486,0,36
2282.631737267409,1.002227163099454,0.0016526387721551145,0,36
2282.7011817816847,1.0006615223303958,0.001645141659427415,0,36
2282.7706262915353,0.9989885903751202,0.001636590532110958,0,36
2282.8400707970504,1.0013684070046,0.0016340238191143834,0,36
2282.909515298403,0.9992970258726759,0.001630141462611368,0,36
2282.978959795653,1.0009821160737058,0.001632934809574853,0,36
2283.0484042888866,0.9998311354756352,0.0016317833090517997,0,36
2283.117848778249,1.000884921208524,0.0016317965015927658,0,36
2283.1872932637993,1.0015641476511585,0.0016324571007230316,0,36
2283.256737745623,1.0014714321396756,0.0016317458144616858,0,36
2283.3261822238087,0.9982583846213406,0.0016311270148559544,0,36
2283.395626698445,0.9988551340752329,0.0016301807624965613,0,36
2283.4650711696167,0.9964957233903816,0.0016294740589073405,0,36
2283.534515637356,1.0026713301241728,0.0016314225277735926,0,36
2283.6039601017455,1.0002711075500643,0.00162972443944799,0,36
2283.673404562848,0.9991022095371982,0.0016305297399223252,0,36
2283.7428490207485,1.0002763690131393,0.0016303407394143807,0,36
2283.8122934755056,1.001039778864973,0.0016300771663327652,0,36
2283.881737927121,1.000482277081586,0.001629929409873946,0,36
2283.9511823757084,1.0011312856619656,0.0016313796172982402,0,36
2284.0206268212987,0.9987071732014631,0.0016307463753318721,0,36
2284.0900712639195,1.0002219057602284,0.0016310160586429877,0,36
2284.159515703659,1.0006270384169993,0.001630555014053439,0,36
2284.2289601405178,1.0017805786457548,0.0016315015441505365,0,36
2284.298404574582,0.9982610153528781,0.0016295616851531253,0,36
2284.367849005853,0.9982443066525726,0.0016289262212851208,0,36
2284.437293434387,1.0005316921739789,0.0016306556939713374,0,36
2284.5067378602453,1.001284081393696,0.0016305830655615982,0,36
2284.5761822834243,0.9945455692117383,0.0016267808363863447,0,36
2284.645626703955,1.0017246222749443,0.0016295155806941705,0,36
2284.715071121926,1.0032258456717604,0.0016311940885116024,0,36
2284.784515537305,1.0028187932919759,0.0016307903967580429,0,36
2284.8539599501532,0.999912119346478,0.001630198815447357,0,36
2284.923404360498,1.001207932380814,0.0016301602099064248,0,36
2284.9928487683687,1.0017137438445325,0.0016302836643160962,0,36
2285.062293173766,0.9972661722265993,0.0016291721580224976,0,36
2285.131737576775,1.0000255252059986,0.001631005088003658,0,36
2285.2011819773716,1.0011174209957547,0.0016298178981855702,0,36
2285.2706263755786,1.0002829813924092,0.0016304385030863813,0,36
2285.340070771431,1.003152896197235,0.0016309312097742485,0,36
2285.409515164952,1.001854594633066,0.0016309491238561916,0,36
2285.478959556176,0.9995778031386618,0.0016302077030539025,0,36
2285.5484039451,1.0011917213864752,0.0016316784630683331,0,36
2285.6178483317526,0.9989423748210836,0.0016287159738427785,0,36
2285.6872927161676,1.0010665838863142,0.001629106889661929,0,36
2285.756737098309,1.0020437940012068,0.001630702770512258,0,36
2285.8261814782695,0.9981596255374069,0.00162969694341524,0,36
2285.895625856018,1.0019076358689296,0.0016310368889708286,0,36
2285.965070231582,1.0026564700460285,0.001631722623363356,0,36
2286.034514604965,1.001209638801271,0.0016304401695126087,0,36
2286.103958976222,0.9978044767798481,0.001629218956825714,0,36
2286.1734033452985,1.001511959625523,0.0016303360178734033,0,36
2286.2428477122776,1.0016311957549378,0.0016298728902510707,0,36
2286.312292077133,0.9990884870726918,0.0016294199000549538,0,36
2286.381736439891,0.995762602501655,0.001627458932991997,0,36
2286.451180800556,0.9994208835574941,0.0016286280698592894,0,36
2286.520625159154,1.0020868811177395,0.0016301575713982316,0,36
2286.590069515655,0.9985791205663552,0.0016295439099400344,0,36
2286.6595138701205,1.0029572266515288,0.001632117288641518,0,36
2286.728958222547,0.9979474605939523,0.0016275769715164297,0,36
2286.798402572938,1.0007796208461726,0.0016288840051540297,0,36
2286.877569129874,0.9995612366400609,0.0016298452553494681,0,36
2286.947013475928,0.9987046846716303,0.0016300427268574013,0,36
2287.016457819973,0.9978615707642965,0.001630381983463506,0,36
2287.08590216201,0.997625018228481,0.0016273303404347917,0,36
2287.155346502069,0.9978001396278539,0.0016289478848260756,0,36
2287.224790840118,1.0005734994751692,0.0016293681019730558,0,36
2287.29423517619,0.9995845577196364,0.001628520863105334,0,36
2287.3636795103102,0.9986549140749754,0.001630439336299495,0,36
2287.433123842453,0.9998732271802347,0.0016296104281202733,0,36
2287.502568172615,0.9987341915253615,0.0016297287443824105,0,36
2287.5720125008556,1.001852674910052,0.0016308409450202705,0,36
2287.641456827119,1.0027415777663085,0.001632024524248199,0,36
2287.7109011514312,1.0012562098595694,0.001629386432661556,0,36
2287.780345473824,1.0037096869720983,0.0016310839655117495,0,36
2287.849789794266,1.003923629436862,0.0016307187404302696,0,36
2287.9192341127864,0.9992245741041168,0.0016290555081865878,0,36
2287.9886784293867,1.000310497422274,0.0016289656600391666,0,36
2288.0581227440366,0.9991278769449016,0.0016281307804992971,0,36
2288.127567056767,0.9972453396768566,0.0016284500399906744,0,36
2288.197011367574,0.9999323119885494,0.0016307588735285767,0,36
2288.2664556764917,1.0039310950263602,0.0016313750346261151,0,36
2288.335899983458,1.0017065626584438,0.001631765672707561,0,36
2288.4053442885315,1.0002583804974912,0.0016307155464466675,0,36
2288.474788591687,1.0001027407316663,0.0016299602387591509,0,36
2288.5442328929194,1.0015409687732877,0.0016299812079558441,0,36
2288.613677192261,1.00096419865891,0.0016294968333991134,0,36
2288.683121489682,1.000084965518575,0.0016295872370219436,0,36
2288.7525657852107,0.9991608677403986,0.0016292239561043957,0,36
2288.8220100788185,1.0000055458664845,0.0016295121089728636,0,36
2288.891454370533,0.9980900178029424,0.0016271481445006087,0,36
2288.96089866033,1.000993705512641,0.001629837062087184,0,36
2289.030342948232,1.0018122896259092,0.0016293289409567147,0,36
2289.099787234187,0.9992353814336762,0.0016294317039073972,0,36
2289.169231518247,0.9999951651420392,0.0016301127167589473,0,36
2289.238675800417,1.0031856025893224,0.0016307727604138041,0,36
2289.3081200806955,0.9994054546725312,0.0016292110413011342,0,36
2289.3775643590516,1.0000634219603088,0.0016291618817274294,0,36
2289.4470086354895,0.9993329318031198,0.0016295314117433296,0,36
2289.5164529100334,1.000522946769138,0.001629675141005433,0,36
2289.5858971826574,0.9985387352822125,0.001628299645023662,0,36
2289.65534145336,1.0001961672516726,0.0016296095949071597,0,36
2289.7247857221705,1.0010914691846418,0.001630236310037471,0,36
2289.794229989032,0.998342212526278,0.0016290738388750879,0,36
2289.863674254,1.0018716588376333,0.0016311357635936474,0,36
2289.933118517049,1.001260049305597,0.0016299627383984916,0,36
2290.002562778148,1.0001038072444517,0.0016290671731701786,0,36
2290.0720070373554,0.9996175485151334,0.0016284926727283225,0,36
2290.1414512946403,1.0022130140298335,0.0016297676276610471,0,36
2290.2108955499752,0.9997105484300256,0.0016286339023510847,0,36
2290.2803398034193,1.0006515682110648,0.0016309592612824078,0,36
2290.349784054913,0.9984972123844318,0.0016289999606456781,0,36
2290.4192283044868,0.9981869282647148,0.0016274362973690765,0,36
2290.4886725521674,0.9983368088614983,0.0016291634092848043,0,36
2290.5581167978994,0.9982809946923925,0.001628035794204342,0,36
2290.6275610417097,0.9996017641259085,0.0016288140152524837,0,36
2290.6970052835986,1.0034337445640733,0.0016312799094623076,0,36
2290.7664495235686,0.9986793016673363,0.0016298467829068432,0,36
2290.835893761616,1.0011131549446128,0.0016298998308084116,0,36
2290.905337997801,1.000656474169878,0.0016300346724639695,0,36
2290.9747822320646,1.0023168923751375,0.001630519463627257,0,36
2291.044226464437,1.0030225683348515,0.0016308824668071003,0,36
2291.1136706949183,1.0000508371094403,0.0016285126698430499,0,36
2291.183114923565,1.0000007110085236,0.0016292159017109638,0,36
2291.252559150351,0.9991139411778382,0.001629689861103774,0,36
2291.3220033753014,1.000210316321293,0.0016291218874979745,0,36
2291.3914475984484,1.0004621555403668,0.001630882883413657,0,36
2291.4608918198182,1.0009066780693474,0.001629795956906911,0,36
2291.530336039472,1.0025728554436484,0.0016314826579866273,0,36
2291.5997802573806,0.998819228144789,0.0016271768903530293,0,36
2291.669224473658,1.0021161746689136,0.0016301885391522886,0,36
2291.738668688335,0.9954055340210824,0.0016275362829427135,0,36
2291.8081129014695,1.0018949088163565,0.0016288130431705177,0,36
2291.877557113121,0.9978331304233509,0.0016285054486627317,0,36
2291.947001323431,1.0004324353840786,0.0016294061520385787,0,36
2292.0164455324616,0.9972450552734471,0.0016289553837440984,0,36
2292.0858897403286,0.9993400418883561,0.001629103834547179,0,36
2292.155333947235,0.9995343605178674,0.0016277915238931927,0,36
2292.224778153327,1.000478366534706,0.0016280525973354672,0,36
2292.294222358806,1.0018235235605828,0.0016308409450202705,0,36
2292.363666563937,0.9946042274149387,0.0016263318733869439,0,36
2292.4331107690386,0.9984526321499995,0.0016273217305659508,0,36
2292.5025549744314,0.9993654248926501,0.0016293567147271694,0,36
2292.571999180581,1.0004652128770184,0.0016293494935468512,0,36
2292.641443387982,0.9988846409289639,0.001628439624826754,0,36
2292.7108875972744,0.99910256504146,0.0016287551348591197,0,36
2292.7803318092156,1.002372279939129,0.0016306418070861101,0,36
2292.849776024735,0.9976297108847371,0.0016287033367772216,0,36
2295.4372753813454,0.9997045048575747,0.0017224235644062449,0,36
2295.5067198262045,1.0013413175798493,0.0017116052642075679,0,36
2295.5761642666384,1.0020658352654397,0.001699815020911827,0,36
2295.645608702707,0.9991995466040846,0.0016856908088159228,0,36
2295.715053134555,0.999053363251624,0.0016731846965867111,0,36
2295.784497562241,1.0001604035229334,0.0016573196245587038,0,36
2295.8539419858535,1.001130005846623,0.00164672629190071,0,36
2295.923386405506,0.9993684822293019,0.0016399762935982427,0,36
2295.99283082129,0.9989113748494528,0.0016347280230642634,0,36
2296.0622752332883,0.9946344452771935,0.001631209086347648,0,36
2296.131719641564,0.9981515911410898,0.001631348094068774,0,36
2296.2011640461697,1.0026342154792385,0.0016348406457034573,0,36
2296.2706084472557,0.9996796195592472,0.0016322044982807458,0,36
2296.340052844819,0.99968601863596,0.0016338499553113367,0,36
2296.4094972389785,0.9984967146784652,0.0016326912336079651,0,36
2296.478941629761,0.9978502657287706,0.0016322594903462463,0,36
2296.5483860172244,1.000937038133307,0.0016326722085752037,0,36
2296.6178304014893,0.9979175271351071,0.0016316015297241735,0,36
2296.687274782521,0.9991900901907202,0.00163226337867411,0,36
2296.7567191604676,0.9998279359372788,0.0016336538724919262,0,36
2296.826163535303,1.0007565130691543,0.0016327488641816588,0,36
2296.8956079071377,1.0034257101677562,0.0016341542169666684,0,36
2296.9650522759766,1.0012915469831944,0.0016334779256560955,0,36
2297.0344966418743,0.9987791983649079,0.0016333286416399014,0,36
2297.1039410048925,0.999153331050048,0.0016316897114453672,0,36
2297.1733853650576,1.000402217521824,0.0016328496829684095,0,36
2297.242829722428,1.0030881233207312,0.0016339450804751443,0,36
2297.312274077034,0.9990841499206977,0.0016323196205592807,0,36
2297.3817184288746,1.000054676555468,0.0016333828004922882,0,36
2297.452551664996,0.9981179604379216,0.001632808300050432,0,36
2297.5219960114528,1.000658251691187,0.0016333479444103675,0,36
2297.5914403552915,0.9988051501760208,0.0016317099862977991,0,36
2297.6608846965096,1.0011584461875687,0.0016336438739345627,0,36
2297.730329035166,1.0005329008884691,0.0016339304992456555,0,36
2297.799773371292,0.9996609200350755,0.001634170742360089,0,36
2297.8692177049134,1.00192569548543,0.0016333912714922767,0,36
2297.9386620360337,1.000380176257591,0.0016338870332948939,0,36
2298.0081063647367,1.0006378457465586,0.0016328370459028525,0,36
2298.077550690965,0.9979345202388221,0.0016327406709193745,0,36
2298.146995014808,1.0006852700150854,0.001632975914755126,0,36
2298.216439336264,1.0004260363073658,0.0016329445303945123,0,36
2298.285883655364,1.0013259597957387,0.0016336819240000855,0,36
2298.3553279721345,0.9995213490618847,0.001631926482838494,0,36
2298.424772286578,0.9997331585010775,0.0016326208270998623,0,36
2298.494216598721,0.9986665035139107,0.001631604307101219,0,36
2298.563660908593,0.9983446299552584,0.0016329660550666147,0,36
2298.6331052161963,0.9956648388296544,0.0016303875382175969,0,36
2298.702549521558,0.999212700261772,0.0016327233123128403,0,36
2298.771993824709,1.0020724476447096,0.001632109234248086,0,36
2298.8414381256166,0.9986304553817622,0.0016305526532829503,0,36
2298.910882424372,1.002207610365054,0.0016338127384589274,0,36
2298.9803267209163,1.0004345684096496,0.0016328273250831933,0,36
2299.049771015305,0.9985056733858632,0.001632315176756008,0,36
2299.1192153075417,1.000102882933371,0.001632170614280791,0,36
2299.188659597653,1.0003774744252012,0.0016311377077575793,0,36
2299.2581038856397,0.9997967937639434,0.0016307542908564517,0,36
2299.327548171502,0.9999778876349148,0.0016330378502632402,0,36
2299.396992455296,0.9977070686121092,0.001632761223509511,0,36
2299.4664367369687,1.0001367980399485,0.0016329166177552054,0,36
2299.5358810165726,0.9988372877612894,0.001631707764396163,0,36
2299.606714179672,1.0010110541206179,0.0016297997063659225,0,36
2299.677547340588,1.001154962245803,0.0016322462978052802,0,36
2299.7483804994076,0.9984453798630584,0.0016306298643648145,0,36
2299.8192136561033,0.998931922995786,0.0016321717252316093,0,36
2299.8983801228405,0.9974528119640551,0.001632410163050963,0,36
2299.967824389756,0.9997251241047603,0.0016336590106394604,0,36
2300.0372686546634,1.0010408453777584,0.0016330436827550357,0,36
2300.1067129175617,1.000116178792763,0.0016327105363784311,0,36
2300.176157178482,0.9991470741750399,0.0016321824181332342,0,36
2300.245601437394,0.9980966301822123,0.0016318351071336978,0,36
2300.315045694325,1.0014244344762628,0.0016342705890648739,0,36
2300.3844899493097,0.9983441322492919,0.0016320464655268584,0,36
2300.4539342022827,0.9992119892532484,0.0016338334299179163,0,36
2300.5233784533366,0.9997055713703601,0.0016327942742963523,0,36
2300.5928227023815,1.001554691237794,0.001632796218460284,0,36
2300.662266949506,1.0012425584959155,0.0016330452103124108,0,36
2300.731711194681,1.0006984947736253,0.0016328253809192615,0,36
2300.8011554378754,0.9999729816761016,0.00163187982290413,0,36
2300.8705996791796,1.000517045398392,0.001632966749410876,0,36
2300.9400439185033,0.9966078494345598,0.0016308149765448953,0,36
2301.009488155906,0.9990296866677867,0.0016319462022155167,0,36
2301.0789323913605,1.0007731506686075,0.0016318008065271863,0,36
2301.1483766248925,0.9995618054468799,0.0016337766325573364,0,36
2301.217820856505,0.9977280433635567,0.001631412529216229,0,36
2301.2872650861955,0.9981190980515594,0.0016316638818388443,0,36
2301.3567093139663,0.9991357691395141,0.0016320068879039603,0,36
2301.426153539786,0.9985243729100349,0.0016311206268887497,0,36
2301.4955977637137,1.0042679708648614,0.0016345737397693873,0,36
2301.565041985693,1.000132176484545,0.0016322379656741439,0,36
2301.634486205779,0.9999420528053232,0.0016322651839691894,0,36
2301.7039304239165,0.9991453677545832,0.0016317091530846856,0,36
2301.773374640161,0.9992210901623509,0.001631421694560479,0,36
2301.842818854486,1.000236054829849,0.0016332661506563782,0,36
2301.9122630668594,0.9999983646803956,0.0016321240932152795,0,36
2301.9817072773412,1.0017112553146998,0.0016315954194946734,0,36
2302.051151485902,0.9999567706817626,0.0016317284558551516,0,36
2302.1205956925132,1.0032175268720338,0.0016337233069180631,0,36
2302.190039897234,1.0016806108473308,0.0016326570718703057,0,36
2302.2594841000027,1.0000178463139433,0.0016320704898383017,0,36
2302.328928300879,1.0009566619685593,0.0016323772511329744,0,36
2302.398372499808,0.9994372367535379,0.0016318121937730727,0,36
2302.467816696815,0.9989195514474747,0.0016323361459527014,0,36
2302.5372608918715,0.9983857973487772,0.0016314457188719223,0,36
2302.606705085008,0.9984682032366672,0.0016334833415413343,0,36
2302.6761492761952,0.9994210968600513,0.0016316406907405147,0,36
2302.7455934654586,0.9995330096016724,0.0016311914500034093,0,36
2302.8150376527738,1.001221583744468,0.001632675958034215,0,36
2302.884481838168,1.0002133025570923,0.001632488207345941,0,36
2302.9539260215834,1.0001058691691702,0.0016341887953108846,0,36
2303.023370203078,0.9977454630723859,0.0016319866130515284,0,36
2303.0928143826222,0.9996302755677066,0.0016327330331324995,0,36
2303.1622585601876,0.9962444529781267,0.0016307812314137928,0,36
2303.231702735832,0.9987138566815853,0.0016320596580678243,0,36
2303.3011469094963,0.9982270291454481,0.0016315925032487756,0,36
2303.370591081213,0.9997229910791894,0.001634673030998763,0,36
2303.4400352509483,1.000495217436716,0.0016316381911011737,0,36
2303.5094794187653,0.9984440289468635,0.0016315068211669229,0,36
2303.5789235846005,1.002233419974462,0.001633261012508844,0,36
2303.648367748486,0.9986691342454482,0.0016334165456233906,0,36
2303.7178119103946,0.9997149566828722,0.0016320120260514945,0,36
2303.78725607038,1.0001608301280476,0.001632690678132556,0,36
2303.856700228387,1.0015710444338377,0.0016304664157256884,0,36
2303.9261443844434,1.0001215113566904,0.0016332292115416734,0,36
2303.9955885385816,0.9991288012559824,0.0016311875616755456,0,36
2304.065032690796,0.9972020392577668,0.0016311875616755456,0,36
2304.13447684109,1.0026945090020434,0.0016342269842452599,0,36
2304.203920989464,1.0023916904718246,0.0016329893850337968,0,36
2304.274754018886,1.0016599916001454,0.0016324321043296225,0,36
2304.3441981634783,1.001936005109023,0.0016338032953769727,0,36
2304.413642306234,0.9981957447704078,0.001631776365609186,0,36
2304.483086447158,0.9977613896633154,0.0016320068879039603,0,36
2304.552530586334,1.0016002668841595,0.001631660132379833,0,36
2304.621974723793,0.9997933098221775,0.0016312086697410912,0,36
2304.6914188595647,1.001569338013381,0.001634117972196225,0,36
2304.760862993706,0.9993849776270503,0.001631923011117187,0,36
2304.830307126335,1.0028472336329215,0.0016339156402784623,0,36
2304.8997512575074,1.0015343563940178,0.0016317237343141744,0,36
2304.9691953873426,1.0011601526080254,0.0016332961463284693,0,36
2305.038639515983,0.9997083443036023,0.0016320023052318353,0,36
2305.10947252608,1.0008291781402705,0.001633377245738197,0,36
2305.1830833003423,1.0036767672774538,0.0016346097068021261,0,36
2305.253916308838,1.002956089037891,0.0016340588140651563,0,36
2305.3275270819945,0.9987288589614342,0.0016341319979503047,0,36
2305.398360090112,0.9982197057576546,0.0016343032232451582,0,36
2305.4705819811415,1.001119269617916,0.0016359536795544308,0,36
2305.541414990569,0.9996078787992119,0.0016320356337563811,0,36
2305.6136368841317,1.0034697215953694,0.001633989101901315,0,36
2305.687247662758,0.9994888559723543,0.0016340429830159972,0,36
2305.758080679492,0.9975912453236081,0.0016329106463945575,0,36
2305.8316914663246,0.998329129969443,0.001633181301787639,0,36
2305.9039133765637,0.997949735821228,0.0016331345029844226,0,36
2305.9733575285163,0.9979180959419259,0.0016335102820986753,0,36
