RA,DEC,f555w,f555w_err,f435w,f435w_err,f475w,f475w_err,f606w,f606w_err,f814w,f814w_err
6.058304472363391,-72.11002473234366,22.03913697234618,0.07755874764709618,22.54565745743144,0.09792734425120146,22.440119952529493,0.10762827705359145,21.233349541143873,0.03764465058491756,20.599761839511963,0.024046730379186674
6.050802616995725,-72.10957198242406,21.587897237762288,0.008272034516023853,23.16354323675661,0.02804456044063655,22.637619674107732,0.013206117423772437,21.6257919695662,0.0079774569972063,20.887603645771954,0.010204238493985997
6.044611667159735,-72.1006097256967,22.677539829984408,0.07943488691708553,23.814971400294212,0.13023648571187174,23.104667526081457,0.08309493735529955,22.052489517526645,0.051903639066318084,21.199928260191577,0.039002627216331416
6.098371285656006,-72.09824998724935,21.674230037721674,0.0204246401429384,22.710537961521744,0.02091916730556603,22.231354364643366,0.010317775529871943,21.295104610114507,0.017155129294585677,20.64174810365536,0.01269387875628195
6.0825354117400705,-72.09468496649431,21.38265994602605,0.009295038820344903,22.336254932247208,0.013351933088800828,21.958883277724347,0.007471581880030594,21.05762468528529,0.00615318793458768,20.44507957193818,0.006605819223116775
6.100702172972179,-72.094358980512,21.50356066074602,0.006530913316283741,22.485527604533345,0.010559032972332941,22.01869018331704,0.005699012953653823,21.14752774329692,0.004321370896759126,20.53405531688523,0.0033736373148906085
5.985059176196808,-72.09354877881678,18.690958278624873,0.0074714221838137395,19.126938201115138,0.004396800787682977,18.874972128499365,0.005664676263331095,18.5032142249022,0.005508150692184801,18.369602188199742,0.007183283305644666
6.087069559648118,-72.09340887746555,22.015098734447225,0.02457283711879122,23.3453703983,0.06851475694141519,22.81645812098784,0.045209076702464115,21.75597469678815,0.0235648505938735,20.932219687381803,0.025667095886150383
5.947840763116466,-72.09332722924262,22.17957246076698,0.054124987991534895,23.007770211691735,0.06453135050632783,22.79065513185885,0.06981885440950177,21.73234543326697,0.041688725895409375,20.85990249551702,0.03496882459772503
6.056353304417159,-72.09330592778275,20.800658089140523,0.009359347403414105,21.61495590826584,0.0169917362113321,21.23155549102342,0.010705930902087699,20.50073143396431,0.010683235782615022,20.039146885135935,0.014447152522257685
6.000334497677674,-72.09240970125553,20.718887633368457,0.028166225545057193,21.496780685331316,0.037591383599596094,21.160616471208705,0.03402635286817796,20.48593667818733,0.023549421524466534,20.045156566046792,0.026215588256774988
6.07039145013171,-72.09186454693166,18.780941573992752,0.0046052519032416415,19.241990866649743,0.003965686935677384,19.008170188743364,0.004286517293331865,18.649974272661574,0.00402015654774057,18.489617501611193,0.0039705867975919126
6.064886967686496,-72.09155834141525,22.634365419470893,0.05669371389405612,23.859806869311853,0.08930968968885658,23.193885228773745,0.06141899376029704,22.050689398522834,0.03810875670201504,21.34629167673733,0.03595733527779748
6.0526873261056275,-72.09148416813996,20.708806769575435,0.023362176858425007,21.592717321176707,0.01986429196805757,21.13240445035897,0.020898162644553523,20.432234563470963,0.021281916012074523,19.96155923385826,0.02557460965289753
6.011989456261535,-72.09090137977242,19.200377435232316,0.02159774714151386,19.706524242230458,0.019338611373347477,19.435897559205067,0.016548359252618376,19.016809709292644,0.013678868703128785,18.779106479019518,0.047129057277715235
6.092926620134687,-72.09066853640171,22.132447335690873,0.027933255087565764,23.328907934977103,0.05473390563148771,22.742290236950986,0.037589422747020665,21.642924670116876,0.020419488966740517,20.762343620511153,0.025550984176537818
6.037388007608927,-72.0900830434154,20.40054432113222,0.029736488155565573,21.066340474545868,0.038170765780225324,20.753861587775972,0.031358914017606675,20.18898041401293,0.026253937543602446,19.775114690171478,0.0457315453010517
6.067345509992647,-72.08970490960684,22.36714756323308,0.036253214359106715,23.350826593605454,0.060495845491882604,22.95437994593283,0.05027864434876781,21.83118466422122,0.025348138304109907,21.067884739784382,0.019161064091053767
6.033397795150018,-72.08968408832725,17.814065232904095,0.006107877700188624,18.173447330724166,0.006502637521167109,17.997878968320776,0.006678304508802422,17.657164842140283,0.007026171446217329,17.562257682757817,0.009239667096392915
5.971611646326166,-72.08945121124282,19.850621821601397,0.003518511088208129,20.507186932003393,0.004852052658546836,20.16051030172968,0.004154258803622711,19.663389178673704,0.004049463102567138,19.365415891011786,0.004757022772933623
6.072961318041686,-72.08915437092023,19.69009896754108,0.0047170749265536245,20.30492006161552,0.006721177236157556,19.96809529984953,0.005857733142742959,19.501533452478427,0.004328378749775542,19.238394059016485,0.00878890843444398
6.117124326589762,-72.08911181933873,22.548359337439106,0.09550729437830756,24.132199616029496,0.20784707168050462,23.26230841581671,0.13247745448255693,21.939576834381306,0.05804692817779356,21.067732662282275,0.04980245761177833
6.068478305872524,-72.08903473147689,22.615630331509973,0.06524730456267185,24.1526987556228,0.18915620968932162,23.45473062793109,0.10595540487633284,22.07829505350633,0.044355493457502275,21.16997250180276,0.042809704346574454
6.099835735017586,-72.0889290462799,21.813821014341595,0.011858782615066375,22.883409915705364,0.02167577711531079,22.407655040968493,0.00976619281718298,21.406451575005093,0.00718574893713126,20.735780608496476,0.005857880552544901
6.048661896415275,-72.08890105783068,18.031507206703413,0.003983773946606399,18.452678646344012,0.0035144841412303174,18.245929586475846,0.0031884263608474308,17.924241640584114,0.0035990570443516843,17.775407651202976,0.0046648147172526295
5.963367229750438,-72.08870870898718,19.38273063493452,0.0030519613741515875,19.94862010093719,0.0028147076978256884,19.664034515574897,0.002678464276097678,19.217894442121207,0.0028477423975208265,19.001273753995243,0.0035732645936092534
6.0567888870196445,-72.08851894409759,19.949900288767697,0.02787188523090316,20.600716030956065,0.028824502515915465,20.29122566358882,0.021905353122622546,19.70166395394203,0.018802500433838368,19.39103212161001,0.030861789940630296
6.024100501638363,-72.08831973060995,18.864940167902308,0.026580769222733742,19.421102062668716,0.028971001500524708,19.143947676302247,0.011708001249944719,18.69669418159897,0.027653771802889558,18.50210783936295,0.03669358287833843
6.061766327812368,-72.08822109919205,21.132688107824738,0.02795420267101174,21.985266362440584,0.02682662990980685,21.520237056227145,0.022023779791907477,20.775220081771394,0.018328305988067378,20.250640984940986,0.03219618937364054
6.092913290602832,-72.0879481298997,18.87219592483591,0.0014089694686689814,19.323911798584717,0.0019926139154350236,19.096385670613863,0.0012297223684599615,18.7178460382691,0.001701506680526369,18.545029884254454,0.0022699586487283296
6.101173526519511,-72.08765194293098,21.368110037835844,0.03204617702366455,22.251890768934672,0.04591707768884711,21.881922718474065,0.03523078540958188,21.003232542297702,0.02063357214817943,20.410721521838084,0.02613079210077374
6.030341669486917,-72.08762951391678,20.71023537417093,0.16324862415923813,21.285469185884367,0.17518810970781934,21.18028081276703,0.17492514801480208,20.260348574055286,0.11561664396988433,19.880757339422104,0.20526679276639728
6.055842446491269,-72.08745521739895,18.625533440244237,0.006858319385344617,19.07494971734912,0.005447272973293925,18.851709270861605,0.006186814109995014,18.514811302293005,0.005105016195551727,18.353609497367785,0.00713389320271135
6.053061469733739,-72.08723262050647,21.249298535626995,0.10282320954810627,22.134172639872325,0.08683545782880286,21.711488650191505,0.08492217957722388,20.849758339922275,0.061363106136743915,20.45458025252581,0.04995646990830958
6.095855732157364,-72.08715397105192,21.962358136183955,0.03159526726865572,23.15075268423159,0.05909015592025278,22.625426659959622,0.04404578696718922,21.508728831042156,0.01766819371882311,20.785752933132947,0.02313057540221776
6.082888354977719,-72.08712663645792,18.07798625693187,0.0021709441908556028,18.49821910843633,0.0015490915070975558,18.378428250302974,0.001864152171980166,17.947097652428326,0.002201773135938977,17.82548402995448,0.002984235349682394
6.062248765364443,-72.08705476697865,19.63927249886174,0.012005572941398656,20.25023758057703,0.01164823490308638,19.924102619037903,0.01210708853387982,19.468259453904643,0.013622533191505491,19.171777851847736,0.020199728720212543
5.94277523050821,-72.08700457708787,22.375730186334142,0.06706743685558376,23.428861022006927,0.1118346547508718,22.84870235199054,0.08087954106692838,21.906759148340413,0.048150958362836546,21.145204387058925,0.02576214933005319
6.054756509525965,-72.08698578874684,21.427406312775705,0.03549383645031689,22.4360330910081,0.046833304406369104,21.97268329885823,0.03334855188699235,21.049925177614348,0.024637266331356027,20.435719333184686,0.03954085656691522
5.988236809785647,-72.08699173871358,22.915864111701158,0.15182736881350348,23.57285703019913,0.18207773409823638,23.381625600150066,0.20948303640548255,22.25595330875133,0.08215930962003566,21.373309732490675,0.05161349443031937
6.104646808738963,-72.08689966082763,21.99517236838712,0.01155673367828914,23.10396207282008,0.027301112976498825,22.59263700689828,0.012788073607720635,21.581409097216046,0.008381387435104137,20.85624572440002,0.005843365303685741
6.061665513688487,-72.0868572033202,19.140699375215416,0.011479912358692036,19.621685756051832,0.012051696235749653,19.3318381163048,0.009489712388723096,18.910227798284247,0.007935271864900383,18.72017632096854,0.01812544715474302
5.995280165072667,-72.0865932158609,19.53227408130895,0.004536914149251339,20.11663587995198,0.005454903444698118,19.820866721009907,0.00372982993535819,19.352809674250537,0.0039634629813968345,19.12007515744103,0.00639127942591652
6.0483097109616715,-72.08629146909965,18.27740681925901,0.009513514578508428,18.669851696888685,0.007299555490388379,18.457564883308947,0.00843558202722465,18.13201678469664,0.009698727287977544,18.043470703790916,0.018365472390544705
6.088714937964413,-72.08623300075767,21.274091829358976,0.005296372525786767,22.234450636246486,0.009363850712118541,21.78040099390467,0.005149505260981036,20.969375262367215,0.00435424511218301,20.429290170649615,0.0038223866050894712
6.059133081200363,-72.08561864302955,18.984329708669424,0.008103486006425823,19.47862975920455,0.005410831737623509,19.26344014883081,0.006756036648339276,18.818602375351603,0.011215166101518933,18.67091317167884,0.02839012363083391
6.06291663757129,-72.08559331742656,20.417247388624777,0.029904165655420863,21.126726584542993,0.02356434366116363,20.699302604518103,0.028412654685140353,20.10319221384505,0.026563012556106106,19.834899163502655,0.04454356337350191
6.109529208555719,-72.08552342499411,21.512132954162002,0.005970931542930916,22.540683760599222,0.014272233363589766,22.03043942185502,0.00547372256399214,21.161180071426166,0.004355518816724313,20.560914647069474,0.003351770034378499
5.950003205299135,-72.08550934853555,19.771225074724246,0.009208622790763935,20.45744247289874,0.012170286836980673,20.102259875036992,0.00893264669089472,19.524029152606545,0.020925698860891927,19.28440595638679,0.038930199512524
6.092322762937222,-72.08530607204192,21.71653862386597,0.01424044168322446,22.755398006903405,0.023745911609994046,22.28722859558384,0.010748299060292286,21.302989233584555,0.008882342166029544,20.635623478894637,0.01518292859981757
6.092665536186042,-72.08509941788138,21.374053360139147,0.008307233127274185,22.29840208483651,0.012361024699272376,21.85468659602781,0.007564117318576145,20.982731699120755,0.005841681878933859,20.429056837473645,0.006523091587500145
6.077103571817306,-72.0850021380676,18.399009447698997,0.004360657162977923,18.836165850137412,0.003704848717875001,18.615765419757636,0.003908651221816611,18.277431704446222,0.003757493322347631,18.136899525668035,0.006350206473334473
6.103525271284261,-72.08498402775773,18.015875794943813,0.0006102096902506579,18.429266785437093,0.0006986836298701398,18.263580597862862,0.0006258787275722093,17.895726139260972,0.0006598462824496012,17.77671619269067,0.0017995035465529585
6.064562679233888,-72.08442465345186,18.76948274407646,0.010556846671514276,19.33038583578694,0.00808049812160675,19.039167449962733,0.009028736531438849,18.61176988182433,0.012040350817575146,18.39472463668499,0.016698485251503754
6.061436723370482,-72.08441695849842,19.258662167123322,0.00862017491944317,19.819079423484673,0.010194867646474202,19.544312388339655,0.008217286110084964,19.148991127518293,0.012342692948225403,18.923211611410288,0.019022816186624738
5.989558658567395,-72.08434208948061,18.378310213322383,0.005881045074667086,18.796952208344628,0.004497582759374564,18.570760149411477,0.0052451686079692935,18.255715399602373,0.005274176159576665,18.11539389779447,0.008284792262638108
5.990328016353196,-72.08424394255739,19.580222171834198,0.01684598265107999,20.179866366306356,0.023321075574833466,19.871287313289777,0.013609955836891414,19.432469988270675,0.010978937057359481,19.099440070173372,0.02680131148227941
6.1055931030848125,-72.08422854175102,19.299330470843874,0.0012578080787644112,19.8490959831689,0.0014683270900008208,19.591669268872636,0.001074444330790408,19.13607155877454,0.0015681889962602133,18.940252856653906,0.0022005585962193283
6.083597723313777,-72.08418438345193,19.282353665116478,0.00401374671729104,19.817263696270146,0.002868473533567924,19.538283704437497,0.003206814217448074,19.12735420152083,0.0037352443902821902,18.928433370678412,0.0059817490110396455
6.078323302157811,-72.08407190255856,18.415671995407987,0.003862361587901697,18.86346641252542,0.004317797462149315,18.693995244590134,0.00434889515081461,18.301736730842535,0.0036946045535372453,18.161677804236042,0.003467292865814961
6.092396507030409,-72.08398836383836,18.477159551786283,0.004348694908144017,18.901731995867067,0.002780190551560536,18.680534549734645,0.003211986411029315,18.358295436542555,0.004048549820208909,18.218198826042354,0.004636790458524052
6.062283827818447,-72.08392636563183,21.25425757867762,0.0408025384870958,22.2057902305336,0.03859377511053614,21.63315441635661,0.034564532168157046,20.86510505724972,0.03090889730090462,20.380400229920873,0.046458904419106446
6.063065425162614,-72.08386818360196,18.228114556862263,0.002796259800466016,18.651487125247826,0.0020670839724805114,18.478987078793594,0.002658373985013966,18.119153045876665,0.003009643444423505,17.971409395673554,0.003351850903152627
6.069100782355741,-72.08382847135825,19.2848234097599,0.005176342483807508,19.826068259367673,0.004970913512632547,19.559160986605526,0.004285157402963744,19.13661440963189,0.004152182474338369,18.958811460114823,0.006951454858406151
6.058797677683521,-72.083834698233,21.64261335710717,0.05055180501608152,22.606324763576744,0.07077285720152508,22.180365427091978,0.059676632753482554,21.232134255126546,0.046468758270474024,20.610207674210834,0.029128801171099557
6.101132125110719,-72.08369485273168,22.520887372434917,0.026679597130885028,23.556890656627942,0.05277351525064818,23.157019515699012,0.032287851830579195,22.037325999357,0.016829995990830852,21.27092435127839,0.011764099225204404
6.079503741830896,-72.08364742709246,19.67592244458479,0.004694971692602152,20.30562133745783,0.0044745470447335525,19.97694930375227,0.0031252879379818524,19.477870201736813,0.0032705445838080503,19.214623541227432,0.0044782874258382
5.948930975741885,-72.08363411302,18.461517485540636,0.003919466716020293,18.904517036387467,0.0017010635153539317,18.671942581987302,0.0020175129017707357,18.34555742548074,0.0031868753538936857,18.221177637388045,0.0035663221315551754
6.074114759975036,-72.08361223448146,20.166820175118968,0.006126589525243247,20.909396074063906,0.008324336379715313,20.55750303678486,0.007069185399567965,19.944599740154587,0.007325788365146482,19.563552042375136,0.008290150108259169
6.1016636912883175,-72.08359042447374,21.607430721366175,0.009532685991717886,22.65156094650525,0.023863378569893085,22.17301426579685,0.012803072199870336,21.23166381259793,0.007190770526200039,20.642018899364082,0.007114028633072127
6.07987103093408,-72.08359044775828,19.863690771275035,0.004949324706732112,20.5417267655913,0.005662443572681706,20.2009697992685,0.003556090799626098,19.659326173159855,0.0038182930807845,19.388048833078244,0.0038116839633399787
6.107533064940386,-72.08355194731828,18.55319372172573,0.0012465521630000552,18.988535806873294,0.0012449659638648363,18.76543510048633,0.0009582554317763891,18.412020920922494,0.0014461956201317376,18.29008747284744,0.0022649172797569467
6.102222633442603,-72.08352708174526,18.305640266185957,0.001997072257144301,18.72303373977998,0.0017589053061304702,18.524478987467205,0.0019834499390035073,18.18834381466919,0.002290160954424109,18.073009633156936,0.002881207761845051
6.049826187782846,-72.08353969411175,19.8292280630174,0.015333753647228708,20.46890044404737,0.012263739007564516,20.126493350920114,0.012590869828910655,19.653958014108184,0.015416398101624268,19.38602192296228,0.02183207467286771
6.056131065873031,-72.08345504872807,21.22371331783008,0.047535726145931156,22.161486442496482,0.04911714170438251,21.692700185089798,0.04623882221301289,20.86805146499524,0.04384026160179644,20.32178052286134,0.04781165723432691
6.112051171791211,-72.08332853791094,21.727062951365543,0.023064379542388765,22.738039604673773,0.03401978234497537,22.277563571548193,0.029051278625271834,21.38538554161449,0.020213809695204796,20.738308642602213,0.02604242534281943
6.093941649957949,-72.08319671931534,21.255191826701907,0.013962338530126921,22.15657463234143,0.023244499762692737,21.69905161782669,0.016209947462615063,20.8824540171631,0.012317637961944582,20.328576630723376,0.01976105023616417
6.089811737731401,-72.08321240593193,18.8837289318414,0.00376064137440544,19.371027297598367,0.0038653696501130003,19.120377681799695,0.003973411355109456,18.73208139325434,0.0039523403200118655,18.574901431294066,0.004093984737777178
6.075253011021282,-72.08313266133443,22.485429379980435,0.026521804369550653,23.79411349359033,0.07548926589032265,23.092964023030753,0.03330111868463029,22.04628063296883,0.018543433896635323,21.19376164741694,0.014542552052985056
6.054486913278377,-72.08309319677693,18.722897233461868,0.01751215113669934,19.172775224194055,0.014388351476034797,18.93430761509274,0.01836506963892256,18.60822387399773,0.016031395552036476,18.407895551041385,0.028951051888351866
6.038038859146782,-72.0830473299792,19.818376551644786,0.026154271429064787,20.5052398293211,0.033240498513111914,20.188973169029893,0.034135735731817544,19.658778935591144,0.035541615243208924,19.362785808854895,0.04011186625981685
6.086721641126617,-72.08298785589172,22.868399312690645,0.06250061672120129,24.517611051926444,0.21617387212900524,23.615115736306194,0.08698566615500594,22.18573657017304,0.03565666971622476,21.42236078145259,0.03104369378220315
6.09091551796419,-72.08287810119566,19.090086930054245,0.0029172735379188793,19.575289234467917,0.0018205370385807826,19.364824600570806,0.0021641280298855814,18.946686884885395,0.002254007869819162,18.786145711465466,0.0036504694398137786
5.980901727514439,-72.08286714492381,19.528079830595093,0.027039363403515124,20.14130966003811,0.024163494008379617,19.816770566372774,0.025688088553770243,19.423899515331797,0.01865931910694055,19.134649379158645,0.02079493124768099
5.97651181642354,-72.08274215317783,18.298193299420593,0.001469580443513333,18.721826246350545,0.001184971832496504,18.497746259570228,0.0012194801722226658,18.166149397653697,0.0018772460455487396,18.03884658479562,0.002144268130624415
6.089462160606941,-72.08268221437626,18.12272384327112,0.0024896062727585173,18.536264573808012,0.001740976043088433,18.384478366126288,0.0016520643975484724,17.995202340218256,0.0019929723023100277,17.88858845918584,0.002812676154152661
6.110913928401367,-72.08248065929942,22.172463322403242,0.0623557127761899,23.40251341358325,0.12055640372252513,22.797596461830118,0.07165784390383313,21.67660690370157,0.04010746894904738,20.851980218941932,0.042630956179888546
6.093994822163644,-72.08247582068037,17.971001366731986,0.001972951108576728,18.393194028813234,0.0005999290162606914,18.18020133750121,0.0004789095953301867,17.85181627477248,0.0016522987306330367,17.7212239347405,0.002716013120370053
6.084102355960896,-72.08245707964497,19.42381502955303,0.0038182376785507797,20.0217888026257,0.0035640281380115496,19.722394214249377,0.0034807024703403613,19.269004579353172,0.004008624324397165,19.052094123372747,0.0040013429033317
6.064324409817367,-72.08232931911766,18.448099280266153,0.004569028708008667,18.87662526841438,0.004915136353184873,18.65094325245356,0.0049961113010334015,18.32285610577189,0.003913051211157548,18.150126683961624,0.008830674185436866
6.088244586668247,-72.08232028296062,20.734995532579017,0.005149972586484547,21.582305370873343,0.007930979971245686,21.175365747046975,0.005026932602452984,20.460147294558368,0.0044705381392622584,20.026250631567073,0.007211643101568121
6.08496160530743,-72.08228884230347,20.234018154687643,0.011256206228665204,20.928030407824785,0.013420117064828792,20.58931281438378,0.011878099706621513,19.99459362375113,0.012343407274501198,19.656512825697398,0.016615785170502797
6.07231361417296,-72.0822163887543,19.03357285857948,0.005116152994339383,19.516699979879462,0.005550982719506594,19.31986565616095,0.0054301543257366846,18.88547421591889,0.0046738258978680156,18.68953587809981,0.005799248720732456
6.076871945669682,-72.08220019826253,20.50559989471147,0.008336903124504726,21.248874500858157,0.01106157563063398,20.858723118686882,0.008536606380031063,20.23592004155173,0.014175752668400567,19.901900192199903,0.010638217724369774
6.089865142511557,-72.08215086155838,19.149356766987108,0.0011520660817934767,19.672689572027025,0.001350135543844121,19.40630043397308,0.0008732771174023511,18.99219834383031,0.0016248519529726668,18.801514469424937,0.0019337116135317901
6.088239139397459,-72.08211390841588,19.95830950345641,0.003963860127305442,20.625113622134386,0.004613330926644973,20.285066531010756,0.0036298926060975606,19.759747986365063,0.003349476903473781,19.482114650265842,0.00456399902840552
6.087614284985352,-72.08211484771546,18.720979645314035,0.0011545648645307056,19.202214982188906,0.0012847721069617977,18.958374539095146,0.000983853342783596,18.585937180139155,0.0014699684052476526,18.439788119937766,0.001866074434948543
6.062230665502768,-72.08210618733173,20.676586353280516,0.020348518216263385,21.420584954123207,0.02534113463769196,21.026208991481745,0.021954087633307952,20.374706273799916,0.017515143735454684,20.017848605992846,0.022625098447324018
6.082237424931655,-72.08195293763727,19.151762592699182,0.006773241034289632,19.660187564930887,0.006940564326025377,19.403102601728712,0.007266592984769526,18.9835409306233,0.006303970562567889,18.78078182068431,0.010320375641670106
6.086040750548541,-72.08193261883105,18.75025761164712,0.005264575896981845,19.2318503830125,0.0035020690721883725,19.04136600689906,0.004177919857946486,18.623478034458863,0.003925224344557338,18.476670569064048,0.009917864191366725
6.085312958765199,-72.08190958397681,18.789836409570793,0.0059988436150585295,19.275409965544313,0.0037890033747472675,19.088674311817513,0.0037431556647035354,18.636252559239175,0.008334091724644013,18.481686563918423,0.011970252518094086
6.092175654988691,-72.08189091698593,18.68540783870481,0.0026938598133234275,19.16212241795261,0.0016610653559361664,18.988526013485064,0.0015405236501420541,18.56768365782348,0.0019805726561512417,18.428386000117605,0.003037025375880655
5.981797850850783,-72.08189129918728,18.48456321755383,0.012144685098961498,18.960798920364155,0.007945510518806992,18.708604192757093,0.0074632006999813035,18.385353522013418,0.007408862028492382,18.235464462929848,0.015867063437220292
6.098270952000729,-72.0817353521716,20.498348402139467,0.0036512096036671604,21.258589865239664,0.006112842059850053,20.87346058006659,0.004208365957901255,20.257508675189037,0.003440359017217339,19.903718777346747,0.0031086232344414277
6.084815001604635,-72.0817290957909,19.150678150430526,0.004916007391669443,19.735861410682787,0.005524411994348989,19.446633091722518,0.00498574313597349,19.017476647476414,0.004279417837930724,18.759352647356813,0.017602044562561033
6.071093887597204,-72.08172459620494,19.782660788697232,0.00646805680187237,20.38264469769633,0.0052962253514266915,20.07935083373613,0.0049505741398105756,19.58738003030173,0.0047074862755568285,19.30988983185631,0.005564125803590961
6.092535910671945,-72.08168111544283,18.82354326628486,0.0023532938574949156,19.3177833216171,0.001835209382736254,19.140633437178856,0.001720918717201945,18.684874111959374,0.002122170579632896,18.52742673244149,0.0028584648690065224
6.07532795339139,-72.08159046596903,21.15182445085114,0.016601792390017328,22.016167762877927,0.02299118554979818,21.63986024516535,0.01898732958320078,20.853589398460002,0.016023155815211607,20.225355170514916,0.029919671608677128
6.078498345234994,-72.08134298369005,18.110633227281955,0.0070621951968548044,18.52641352488031,0.005952363538477342,18.336461841344473,0.007215477935129896,18.015451591647228,0.006116029912294969,17.81578137851635,0.018372956495919728
6.068434135638839,-72.08129009542168,22.30874563323491,0.03459196617544811,23.52765655057783,0.07633059430588587,22.979369685480783,0.03985380850282861,21.9102249239749,0.02879204184021333,21.08998893421971,0.024906068095953585
5.956892964813557,-72.08127853657999,22.56205198247193,0.0796330553330106,23.51938201236205,0.051992348915301655,22.937388941890525,0.03972171951451175,22.150623809013382,0.06946433197194013,21.17046709081894,0.05424675249200499
6.08919497052351,-72.08121971284271,21.44755134767922,0.018199915638815872,22.371116148622,0.023837539119530887,21.95127041143001,0.015239263916564067,21.039627624176035,0.012626088596632742,20.49576219796119,0.025731856225399818
6.084858184264682,-72.0812203600742,17.906522681261368,0.003484071665845967,18.33441786543765,0.001811598347619781,18.195108252171437,0.002720912345418345,17.786849879535794,0.004049050625962764,17.624894391839057,0.018181423688305335
6.082150748177323,-72.08117856837438,18.014814578254462,0.005053243830380411,18.41274064760313,0.004274552532674186,18.209516015948658,0.004769851861046341,17.893342341442434,0.0038370239698996256,17.772412359149847,0.00620172637184413
6.111460154582284,-72.08112074833328,19.576697618638338,0.0028266870894413346,20.167369027282774,0.003068522270066596,19.944845511454027,0.0028515788184914855,19.38720972763531,0.00329380984860728,19.147395952150063,0.00436565698223299
5.968259684252832,-72.08112638668267,22.325092320660236,0.025606051381587135,23.2886966355483,0.049178653621826614,22.933973997241516,0.03352954343265808,21.768182684262115,0.028837460229021908,21.081406887771088,0.032359181310689655
6.068335858889866,-72.0810451394962,19.50809024914607,0.0071057304321012205,20.101754500904917,0.007414786234057011,19.7917584372625,0.006869768521992383,19.33508311690389,0.007079496155447985,19.068481975804346,0.011710233441932616
6.08328241675126,-72.08099207334324,20.00365668181971,0.007338289970701291,20.69884718738819,0.006794374608938572,20.347524908129813,0.006363095495677495,19.79924729974927,0.0069217979939166915,19.554768740543913,0.020307623046933947
6.083721103680976,-72.0809768632573,19.886215732299636,0.007286701295433102,20.512313581549435,0.004596189179343451,20.18232673184542,0.0056508504211768415,19.704293097190543,0.007945597790238573,19.501379246540118,0.016344185516602106
6.114339021124422,-72.08095444252164,21.81257492773646,0.016499568565886982,22.970650736125307,0.028049602384053185,22.37193065777,0.014467205608395687,21.439722521183,0.011476241698075797,20.789723920341707,0.01484178641377982
6.084887093913446,-72.08094770670854,18.71911737220496,0.007469332027215196,19.197763934541378,0.005836141056070454,19.024554457185275,0.006496572014670222,18.58147727946809,0.007731509217451919,18.449988231789163,0.023642236083457543
6.073033851199775,-72.0809530244873,18.439849982061336,0.0037884919472303716,18.84337281272216,0.003944498800430782,18.626155692745193,0.00452432152847719,18.279053996972777,0.0030675098792282704,18.15374660306933,0.006263957365134141
6.121179463806768,-72.08083661609278,21.885300251164193,0.011486422065513126,22.952900171588283,0.025467484540528457,22.481056152145037,0.013741229822372098,21.503002949278823,0.007402925175548932,20.823346284483264,0.007093398599645938
6.083327259354978,-72.0807629448057,20.62500518347235,0.06091652802555997,21.308449443928026,0.04443012038480686,20.99229138187627,0.04647368189801444,20.454711135448534,0.06504942735511693,20.099298742964933,0.09477796073898923
5.9738134710882225,-72.08071369098603,20.432356986076268,0.00705720276932777,21.241683864787475,0.007198633611792195,20.825399592638256,0.0056277026991465706,20.211497558005682,0.004216713765591695,19.846134167902036,0.006578550159536191
5.951337154455968,-72.0805916162711,18.01891208466122,0.0019620390448157085,18.441792873067634,0.001684584173023697,18.291593443435552,0.0022672008758699205,17.901924736718748,0.0019680841472198085,17.781543583112445,0.0030982384244312602
5.96885100960586,-72.08049920585489,18.897407364961904,0.002964717442232369,19.37086764130457,0.002838366171066448,19.172543866826437,0.0026958672514527803,18.751232283367088,0.0027030896137855485,18.599712476800363,0.004435457130436131
6.101280379393577,-72.08043078697342,21.251083432686872,0.0500313369275215,21.93137304409266,0.039722959453428984,21.573125531026896,0.04588219634125015,20.96441738085288,0.05338269072797552,20.257380982399376,0.029105280194841553
6.07722901799276,-72.08044059576433,18.283933738846084,0.006503895244097363,18.709680843117255,0.005725322175080025,18.49116001677188,0.005933166604010735,18.16516465404426,0.005283982347340807,18.007153506160876,0.011199467254199357
6.070287011041178,-72.08035357676864,20.3537952790257,0.016734584852642145,21.113385852684175,0.013748794371239586,20.717582781455306,0.014543065377136387,20.09538480912591,0.01362287389646388,19.73635000677819,0.01571832249974827
6.072214397675939,-72.08033833546706,18.361207371928746,0.002125348076498238,18.80319125443441,0.0019364326951032736,18.57530799136127,0.0020073083655996627,18.23133961346973,0.002252326617106007,18.095282323193864,0.0034299090754254078
6.0492696501247,-72.08017825754845,18.37921257364526,0.016475545710383663,18.76321656730117,0.016102211851858023,18.54664653245908,0.01927721867262715,18.207103275251647,0.022211692050211295,18.03279247067956,0.0433882750362866
6.0924965857033895,-72.07997545165053,20.330176279099962,0.016207519423799735,21.127700794636972,0.010689135237960584,20.747343863320104,0.014428270987384714,20.106765199839174,0.013797060310599367,19.74337147076063,0.012308685328964177
6.086798545254667,-72.07990697518036,18.222592290390484,0.005716688143513611,18.684295184777397,0.003119754110538167,18.46169054023816,0.003955039249210805,18.10499493934956,0.0069726149669171195,17.96470939210633,0.013184981959703176
6.113648363684428,-72.07972775312565,21.77852976339098,0.05006919218532531,22.8024564090967,0.07161131638250873,22.228633982095623,0.05378588584075665,21.37459852495728,0.031151231992642046,20.764799217045855,0.040402436295753505
6.106424377156905,-72.0797213050419,20.596925208896398,0.006005302428267133,21.38485773202401,0.006209303099867009,20.99011274358378,0.004756738573322046,20.315971004551457,0.004901506504044209,19.92981051283143,0.005053120879973264
6.087128576820633,-72.07971144384462,18.273143303335512,0.003907243054354262,18.682775450659314,0.0026939470633221517,18.555737879411367,0.004017783688558699,18.134724882691145,0.0041453678111033265,17.970408241296994,0.01151270328292408
6.125757249687463,-72.07966866838122,21.957157402005254,0.010040336660671157,23.016821577710928,0.020429977889699653,22.55603502196906,0.010887953587777154,21.51859028552547,0.006611376054015341,20.85719042158462,0.006246914962519661
5.974128113362233,-72.07961176618818,20.300050478883573,0.026591963965792692,21.085573980078046,0.025125887243560296,20.68828973832546,0.02199184660185033,20.062864596210183,0.029023955657493695,19.729072445834397,0.041429581624878815
6.064320961365247,-72.07946391754358,18.212227164522847,0.0025838295440782756,18.627896867583196,0.0018882619700892605,18.458168389384248,0.002313116354303588,18.09494055702585,0.0025497530795363143,17.947632001895037,0.0032963867505806177
6.021700789329119,-72.07940249211109,19.662608226842668,0.17243198791299158,20.1007713088352,0.13332014375677975,19.95366183296636,0.14539741630607889,19.292957393275422,0.15963009763322578,19.08558370369242,0.21438750705566265
6.1008359574389885,-72.07938571085572,19.55683719409183,0.0026605925146050875,20.175740005647427,0.0029839366536369124,19.852657562452578,0.002085087607807521,19.385137893637996,0.0022505596813454476,19.163327500073414,0.0029928370256096584
6.0596911586414794,-72.07935720283298,18.642075915044156,0.006187912839382096,19.087842728879444,0.0049815189964261125,18.86301136655336,0.004694452716824162,18.525428878300495,0.006343019777394209,18.36363495412771,0.010527494852434718
6.07931046039224,-72.07930722660008,19.972137210397204,0.0055515334161399255,20.61836546306749,0.003804021601564732,20.362675407974457,0.0038897451789804225,19.785930314041593,0.006199653594259414,19.478177127923324,0.005604393053874131
6.0491036016054895,-72.07929975277307,18.357291060183645,0.01061936509098823,18.78147723439237,0.009941052072844665,18.558327169443317,0.011069456284844553,18.21777915348399,0.010865204566779736,18.042612813297957,0.021819760650101352
5.978456443388606,-72.07919907098345,19.46700232584826,0.0028269340670690887,20.029301785178824,0.0020689501430242,19.731822785731175,0.0021136040881109233,19.308815405230312,0.00206551805796866,19.06565631190783,0.0045299736105353615
6.0953258712754455,-72.07915883831465,21.892925695930035,0.02131981982206422,22.936716422874014,0.038063024231884415,22.39540204426862,0.024915774759399646,21.44889784795039,0.015375494034098618,20.77552925609143,0.019936648236010598
5.975527460130518,-72.07911560943786,18.45382804484122,0.004189837805459498,18.889407647588484,0.002409796452116386,18.653934482801958,0.0017605655813127598,18.329894309252573,0.003151991486554717,18.216083235235246,0.005186275210603325
5.9673456845837,-72.07907127231412,20.41120418215944,0.00546740036576417,21.12120182696046,0.006773934036455171,20.763408434133098,0.004667915336888609,20.14784220727001,0.005038039399054847,19.815413393558252,0.006276567921129324
6.096555183953836,-72.07892578857167,18.612021431111398,0.002209963694883287,19.065697290805645,0.0018780415714423242,18.843295821821727,0.001844163832321088,18.481842109959373,0.0019318218315746893,18.360529502737485,0.002967402799695899
6.076049506937576,-72.07890261012396,19.04973697457726,0.013787908677490803,19.549200243068043,0.010994630972642248,19.271502963106933,0.013258132764110097,18.854403999389184,0.012835761217570072,18.743306992659285,0.023370508898275112
6.092788993700033,-72.07884579353791,21.026413537281574,0.01815389292707596,21.89096612724279,0.02460313003536198,21.448575322496495,0.02352546444115264,20.74244721474443,0.022339383649002925,20.31036430581193,0.022352349356459928
5.9544890604324285,-72.07881717506612,21.94810002923187,0.04222469598874438,23.04451734759219,0.07032999130449126,22.473904230649346,0.05149888200572493,21.476852721365127,0.032445888770116636,20.68753422468712,0.029982596534877396
5.98424168804192,-72.07865738053648,18.795848987585654,0.012175265759560256,19.252168335297178,0.007011025054805734,19.005130043769583,0.007049719238688333,18.660723111314717,0.009916346680042975,18.53405121333296,0.01782424834826763
5.965286253144075,-72.07860885309972,20.705342311416263,0.03571151254463463,21.602834696782985,0.03215746100846306,21.150773732640147,0.027353731060383184,20.506436611166762,0.024849069052548724,20.103795489428414,0.028307720782571957
6.08246344355376,-72.07851904300027,18.001362737979267,0.002176051212704664,18.45994629084627,0.0020466649996338545,18.23015874706502,0.0020414083356938484,17.883572547120288,0.0019374127407856283,17.73174130444614,0.0021486302757997896
6.075459003025703,-72.07843577400608,18.041401371765236,0.003232680777000754,18.459398920468487,0.002558852466965808,18.247677671560425,0.002696137371975077,17.911693534343,0.0033285921122826055,17.80513868734827,0.005338615744914432
6.062548671702713,-72.0784099581957,21.56235227476976,0.08002389719453364,22.47444092884504,0.05771991776026915,21.913374920715327,0.05888858774815135,21.160773673320392,0.053444142298615306,20.491809733801148,0.06054174215582619
6.084717247476357,-72.07836810754709,22.839898068783643,0.057455020798837776,23.917482477468823,0.12733817721168705,23.643819835393806,0.09663083113232035,22.215907270787525,0.03789723152741488,21.323651986260764,0.024326371883595557
6.07392312844671,-72.07832740692311,19.127451452460658,0.011950695781955832,19.665642794868077,0.009612977533200465,19.400422736621763,0.011134687176298837,18.98527839149945,0.010376510999340815,18.79679431494322,0.013664913476426777
6.07933462353373,-72.07832309467904,19.509405786444983,0.008261725909011901,20.091638627004443,0.004266876371532216,19.791419477054625,0.004749661862440636,19.299417976053398,0.008044187941869991,19.07917900815047,0.005766710927684073
6.00789212690968,-72.07831858946386,18.485544652132898,0.01362285954550334,18.89709851118384,0.01608308752945144,18.67974316526776,0.013181485075124472,18.336067957551066,0.014644030496628255,18.149970994133632,0.032231305581274954
6.084184298650416,-72.0782605045508,19.48949974843683,0.0032461653527909922,20.042423745207756,0.0036643222915681483,19.755504202266607,0.0029526812710986587,19.325648701201764,0.0031196830345745718,19.09325689575845,0.004057025650921186
6.110013158825053,-72.07824322425516,22.08135402793211,0.07667126326362167,22.765739229371675,0.08410934923664548,22.443832194591486,0.07630048527941628,21.52663919536436,0.057991603785428905,20.89510443101308,0.049305886525709886
5.981621504403186,-72.07825455588467,18.04158704794671,0.002439988712560031,18.463379034821756,0.0022296711884799638,18.242327447283202,0.0023438137310811224,17.91505470933506,0.0025390303434513115,17.770289557930084,0.004018097607732323
6.076914529496518,-72.07824153990126,18.699816801229804,0.010427237148001556,19.177026668173298,0.006745293901893097,19.009194612050216,0.009720230844649066,18.570918404833606,0.011613091217765645,18.432980749359544,0.01985049793293238
6.072987434364521,-72.07821120896321,19.782195457840775,0.005797624305930447,20.391233548693258,0.007904974670996266,20.079724524151075,0.006655873624027314,19.581284718052487,0.007128993210613401,19.308592328805098,0.02144047304758368
6.08840823329079,-72.07818462697166,19.494296926480512,0.005976799387733102,20.09129287928814,0.0059821047080810975,19.801463885143676,0.006589558052556141,19.329751280687148,0.006681968099996786,19.129246853855513,0.013558798836627674
6.081892017635786,-72.07810293522401,18.820233049189486,0.00343502814791175,19.296551371428905,0.0029627489714730334,19.126419967402313,0.002909146173258734,18.680774435485006,0.0031239474885658047,18.529419987536762,0.00596563920032183
6.078525399576647,-72.07808619354462,19.97544510689038,0.011106147498413852,20.615020629491212,0.007472481418649907,20.311119639281017,0.008282103255313875,19.78017691602338,0.008659497998224098,19.495299445487994,0.012319018206770461
6.126597408768724,-72.07798841156011,19.610145085400863,0.005596419377920127,20.214032424251876,0.0061944866452766706,19.90659594665633,0.005077314424346957,19.433192792159858,0.006444774198335971,19.215229464407912,0.00774998553443459
6.099152212966818,-72.07797264797864,19.865104917567468,0.004247052821527368,20.538113118714783,0.0045351387858919385,20.2431946030394,0.0033956608448212707,19.68393355368518,0.004662655438637721,19.394152936004545,0.00564177780786497
5.979036896880416,-72.07799039653335,22.730313381708942,0.08982036854778697,23.425071554697794,0.13055133799413085,23.104235348633388,0.12005190395919497,22.002938514999805,0.06699411675849552,21.21246926845511,0.047777375404080565
6.083317440934331,-72.07795931045679,20.470052859191473,0.023289651025418707,21.179466147576782,0.03464578296702794,20.87278875316951,0.028966134173445884,20.22635417535283,0.021441294303339305,19.780324193632346,0.023927285290985582
6.0760468817046736,-72.0779429896447,20.183483864304154,0.023098348138331358,20.898907373061924,0.019608976015454815,20.583125062754988,0.02176881571714812,19.928170594942927,0.02302730511076045,19.568052161587012,0.02910430514180007
6.087872183782255,-72.07792721621048,20.1847210938781,0.006489748506579853,20.874217559260238,0.008027294956754768,20.540367670165168,0.006088389488151612,19.95128355254156,0.006008939927455459,19.644816493878743,0.007375396296494928
5.971329075925469,-72.07790720535417,21.33946777524344,0.011967217656272244,22.150232315277023,0.01748130948973086,21.786959692801297,0.011165634387312665,20.982767088080244,0.010144771534995059,20.440239219078407,0.014169471473535858
5.970783314762683,-72.07778285052841,20.733925470919534,0.008321440078743362,21.488266205478503,0.01066684481610325,21.10838383656452,0.00814727171353177,20.436389277931497,0.0072298464618471316,20.030026390887777,0.007899265677336604
6.057360438524094,-72.07777864269792,19.242613145209216,0.017111889285081703,19.712126314277427,0.01059607879057819,19.448007627312947,0.011802400643101578,19.0636974716708,0.01827341121397411,18.894174321181787,0.028767257115157416
6.101823496098713,-72.07775928145996,19.9798737894991,0.00609609470787193,20.67315415131972,0.0048709765805380585,20.358690695372587,0.006711099823859992,19.77444889867086,0.005016221372617303,19.458495688381873,0.00874551273642903
5.965836521495572,-72.07773768011236,21.973667922028657,0.03606099613644684,23.232877947011218,0.03874066255891898,22.70298339451856,0.03764933401449058,21.6082209730479,0.024946455249929486,20.900635852137164,0.02399245443924872
6.098751022603533,-72.07772323043858,18.09902881442584,0.0026315935117262376,18.5179514393922,0.001603118678271052,18.30856464561287,0.002103709670210839,17.978472658199514,0.0023626100714511716,17.85551654934084,0.003978111318073853
5.964999533601295,-72.0776686886504,22.04922949791239,0.018619475891619653,23.144167095794984,0.03247940454091348,22.647171362016067,0.020815854429309062,21.60822572719328,0.015601128054076225,20.91232622283951,0.013994255912297904
6.102095737098874,-72.0775837822362,18.046458076235506,0.002782670119257115,18.487710160316993,0.0016539570086064965,18.272051621279616,0.0019650652841856054,17.947591070784895,0.002083325882333868,17.820154784095806,0.003776096832612082
6.081908818466891,-72.077585558689,19.402677895811703,0.0048049827037226385,19.98432520051424,0.004511198339131617,19.682483235802273,0.004506254331698828,19.2332677577782,0.004314818519630248,19.039560035991485,0.004736990904903754
6.076816343824156,-72.07756485025901,18.64297840105286,0.008127706035555265,19.093398495516695,0.00504428727751258,18.859901015896675,0.004746245834452989,18.49608169670688,0.008222437190172878,18.354276709894037,0.018153923503495997
5.956945153000642,-72.07750635386363,20.438132354052012,0.006370078989595153,21.167508212535168,0.006928357533419229,20.871141892924193,0.007023013799228786,20.213153603571804,0.005355554787234544,19.871714502788443,0.007597826085162799
6.096017125851229,-72.07746504307852,18.916228788732855,0.004354582427320362,19.429696092756416,0.0038412891360191854,19.179413700601515,0.004002016567392683,18.781732739274034,0.003858654229424158,18.614454514248372,0.005266900497808674
6.023106965280923,-72.07746942402957,19.361679122050216,0.02787469091895545,19.87080349442366,0.031762086404617064,19.598759119662184,0.026122488238320543,19.162586504489617,0.029730257715889864,18.944493581614417,0.039828042686508
5.95734253311706,-72.07740358966645,21.56063955681407,0.011130515005263996,22.722193877724266,0.020015651557855105,22.26616408029514,0.012790971924204694,21.348030354206486,0.007533061851185081,20.693097357882408,0.008656778559457748
6.0898518874684475,-72.07740279225136,18.0293324997818,0.003865099615431247,18.445219421086897,0.002427321854881133,18.281955879111806,0.003185896878169678,17.92008026805508,0.003322912110342326,17.799944512805908,0.004665507577975054
6.08529918260672,-72.07740991213869,18.442396826460314,0.0016550357234697522,18.88778233669821,0.0012049738372869319,18.65934227896495,0.0012317718998165908,18.30472178006773,0.0018127911829498753,18.183604163413513,0.0024952950094768475
6.083299219905413,-72.07734218453166,20.28521333660935,0.010872080639050872,21.00659292045134,0.015177412992896525,20.65356930187022,0.011281148235909559,20.036747205158065,0.013121611035228064,19.702313410417347,0.014128384463779543
6.1096716441084,-72.077275380178,20.26342866515824,0.004936428565445504,20.949193601965774,0.006358117127607339,20.60651494339195,0.004425678609848465,20.032559822295212,0.003880520465427087,19.704075246321075,0.004588745617679826
5.979778609601798,-72.07721511980611,19.942237451607017,0.007997509807929964,20.59896446673845,0.010067204962166955,20.235938079909417,0.008690502123901957,19.728094698531947,0.006846046583156557,19.421939851108583,0.011389319988675076
6.061192964847211,-72.07720136656837,19.98049526102064,0.010414446084687107,20.600800255990137,0.017913064117469502,20.29313041819129,0.010599552005281069,19.73359951348428,0.0249792326410398,19.436032050088194,0.03940105406285806
6.069774878323222,-72.07718228983933,17.90740312188004,0.002929546971190269,18.31219762218624,0.0020218181809166127,18.10908036018209,0.002607516447899395,17.771115788938857,0.0028009498408870844,17.63470151695116,0.006711715565655962
6.069272635304074,-72.0771758542659,18.365774329759926,0.004448232385401896,18.81869040299248,0.0037384276698576944,18.58319576081275,0.004956894402635648,18.246775229445618,0.005322823340132268,18.10604609904592,0.009712817977310382
6.060737635304471,-72.07717902906006,19.886962731436522,0.0045490419769690085,20.523483611807272,0.007485725400130606,20.213136254791692,0.005321681290601698,19.700081299706127,0.004983682010366913,19.372190653510984,0.015852753466234427
6.097153960888554,-72.0771662968843,18.83200787349926,0.00201770761715298,19.316864566837467,0.0017877215553217362,19.071419403699387,0.0013374635803586829,18.68959614878441,0.002474525165616291,18.533989511491498,0.0034965008480742745
6.068547107119968,-72.07715865175358,18.38137600096203,0.003100077351901752,18.813268386138787,0.0023431843043434635,18.66850244787547,0.003025602928517816,18.26462310198906,0.0036048317797351915,18.132473366434525,0.00531942980320952
6.085290324719504,-72.07710648298352,19.79693063201339,0.01730915585558454,20.405838765077462,0.01643157843719407,20.053295128647576,0.02041083617150974,19.618607602385566,0.015243531317198692,19.33675643042063,0.016386126112004087
6.109358114681074,-72.07709026892945,19.507187647202247,0.0047412394142179745,20.047250757008868,0.0045359716780875355,19.775601424078054,0.004090982966551337,19.324988222387482,0.004831595702836016,19.117609264667053,0.0048327714095979385
6.080668327362418,-72.07708968747387,19.466816857371885,0.005700779850318444,20.075042128229214,0.004290185602101959,19.755985334549784,0.004250431231743269,19.30249646846916,0.0039808713123649885,19.069924328258985,0.006912550462569273
6.058626207192272,-72.07708066512897,19.704132200226812,0.019846754391663106,20.305554861010776,0.014557607683545743,19.990906627638502,0.015592468830473898,19.501179866438356,0.017900838627699058,19.263484626762114,0.02788571534811278
6.086515423280523,-72.07706023629795,17.86830426679627,0.0043261434189563516,18.28509133598324,0.0030302397352243845,18.07590141902989,0.003181888226385802,17.749790076383967,0.003442862379217755,17.62468513931975,0.005296529931316456
6.0870090007671935,-72.07701404885228,18.29585952401489,0.0054597273372380024,18.740546997608945,0.004219908898950269,18.521226017957666,0.003928559469402484,18.17108570750645,0.004856985963227143,18.0592791423787,0.005427476824006611
6.087947468200198,-72.07695924253929,18.864358334809356,0.003998338960316762,19.353657990447687,0.0034869779267677156,19.113540175767,0.0035084733282171802,18.713578263898597,0.003910724097811363,18.540484591471092,0.004685986556687558
6.077389967199004,-72.07691605446583,20.28304524843554,0.023566585782584734,20.988842927108138,0.02067153695269411,20.628742764178185,0.026217255639143573,20.02109929260751,0.019339367307010764,19.674923819530328,0.03093618387624567
6.080565744201968,-72.07687291479252,18.127523132082576,0.003309605628038525,18.56277420990699,0.0026291462556674904,18.342296585477847,0.002784011030498976,17.999766516678783,0.004264572859165671,17.875073287752706,0.005435705467203655
6.088408304126871,-72.07676727665948,19.302741718012538,0.005826658535782376,20.083178128937988,0.006911554580197988,19.794779878197488,0.0064909853808000325,19.343216111307413,0.006353577204849269,19.08611551742981,0.0070632425757825665
6.086420920362936,-72.0767542683775,20.53291360858213,0.010041656110018433,21.280291612560802,0.011900900563248655,20.94980993009711,0.009884258602912846,20.260247092684622,0.008079063246293539,19.84800049089224,0.018175340134021334
6.054828177887453,-72.07672076107848,18.28311478387447,0.008773551978684473,18.663235755884727,0.0062246418750124205,18.473384396846193,0.006736100928202266,18.168011898680795,0.007664292415928907,18.01320588648752,0.013157616030496637
6.093911400173333,-72.07666978567993,20.50300224681474,0.003685929500474345,21.251399965579232,0.005252642109342666,20.868376745648952,0.003602381760827736,20.23658748780381,0.0039049319999643283,19.85186038329872,0.005460828397169151
6.076239038875467,-72.0766853808142,19.306915724291574,0.003004292577656422,19.838589415120502,0.0027002455457243862,19.63929638579804,0.0027698736980475637,19.16471095716014,0.0028373738039733755,18.97882242396816,0.00402536549838877
6.072339793084667,-72.07664544756085,21.157097107078418,0.019316613153741006,22.098509220663388,0.022522031375764757,21.62882126665641,0.01593082085501757,20.839226898459913,0.015074592782176035,20.321139244639433,0.02082551697120431
6.088550187040291,-72.07661480949605,20.987083507302632,0.036827461743224606,21.810049074628537,0.03789731253952078,21.516985273637722,0.040561772849379965,20.70316525369921,0.02662090310494078,20.178505483894256,0.0388035110014778
5.980414445049476,-72.0766143314026,17.854951535431464,0.004163357512040667,18.285741355510638,0.002460490988210191,18.058973863594495,0.0030395147308619284,17.75032103448912,0.00370234487282975,17.604465067447812,0.006912291093962412
5.955551894093872,-72.07655188114144,22.171765208310166,0.021920390208065566,23.27492390929787,0.044707080783707956,22.63811817495141,0.031824561734542386,21.714339743242682,0.019576634815899895,20.99593665420801,0.01686203937399785
6.084713724431749,-72.07654466104104,18.46815394319636,0.001618303877439834,18.899550211369757,0.0015248400245812018,18.72484638200438,0.001612004311618334,18.343064126541265,0.0018150679289195512,18.22261571117774,0.0022741849633394237
6.0708378262264935,-72.07653705659646,19.075561961097588,0.005099109051130196,19.5653975152743,0.004343754632670608,19.324630935368297,0.0042563330374306065,18.812154280322545,0.004237167169603743,18.778774978572237,0.005909299023090085
6.123890173256248,-72.07650338354091,20.908482556287968,0.005794969352771001,21.711669478088908,0.007802908309506878,21.301210046434598,0.00490106396048863,20.559975180496266,0.005565910766587333,20.109136042150766,0.008652879342509252
6.092087743168194,-72.07650030463141,20.323976274975667,0.012948724814840913,21.087909061435717,0.015359065283350971,20.68134359348243,0.011514351511572334,20.087632481809216,0.010605450341995934,19.708248292326005,0.01692482615050489
6.068013480004186,-72.07646130893721,19.624524862445288,0.011322854893517276,20.244006805624878,0.007547933986389329,19.950640517851753,0.006965702505063684,19.44639715775937,0.011656900675878561,19.19184262259097,0.013799660056234854
5.9537830674052445,-72.07642861830752,19.80854329198692,0.00857636562498615,20.454521333455382,0.004677218552138675,20.10799117864032,0.005274979216910452,19.59949790437051,0.008105923675342547,19.37944458776365,0.008424640620625194
6.114491749659542,-72.07639493629024,20.332914037665635,0.01042631186701576,21.037091988850783,0.009058808559674647,20.680818762375104,0.008970459920861828,20.07579045496749,0.008369599571907946,19.73384351583637,0.00967217315308093
6.099050703098207,-72.07637879969549,20.769912032265868,0.020189826241662056,21.64641544892818,0.025479698113171308,21.243171209027075,0.017726549224300496,20.525318774365388,0.016737134445015633,20.118215513457123,0.029065083612226324
6.060519627599223,-72.07639573712865,20.64484681536823,0.017359829454631534,21.426646512456358,0.01836092631969133,21.058495082077478,0.017952143566928886,20.35809323528943,0.022213083267262183,20.089069956731038,0.030522864002138383
6.087646663923186,-72.07636631137835,20.616535629670263,0.013156538369838522,21.410358059271616,0.018927525994035518,21.007609099792354,0.015282617662390724,20.339302263620475,0.011157955750662047,19.901802283656167,0.01520808300018606
6.094733389563812,-72.07629889226043,19.699013309485284,0.005465059967232,20.39260000007401,0.005976786128678206,20.092811057679747,0.004740526741106683,19.574724973846443,0.004211884549874483,19.311757222742564,0.008368405913871401
6.091604130657166,-72.076280270439,20.18622344546039,0.006459668181368561,20.92506315277138,0.006767670881642273,20.553497535797312,0.004162750094489452,19.946693097497494,0.007045446941042821,19.59583307123573,0.009561071546095003
6.072672291502544,-72.07624563642132,18.685762386591076,0.006902874757720582,19.162783376089827,0.0055465670072660875,18.915459739973322,0.005803458433860765,18.551120242597662,0.006505801924949798,18.350559429181743,0.008825652934591036
6.092153440541057,-72.07621065990675,20.89799735054739,0.010641937063652393,21.790513865329466,0.010424636539311376,21.33820972841192,0.008523160967526262,20.580849522962808,0.010371198917539808,20.127603788235113,0.011047615884951643
6.0803768671203455,-72.07622910569624,19.976697753423924,0.012999856241279334,20.652952712393116,0.012471468175579519,20.28648594496609,0.012803830773911005,19.73008173913982,0.010001081687965905,19.440492180827597,0.017772780594592114
5.968179129974012,-72.07619864020572,18.780215891992714,0.005962445333664079,19.214322109694983,0.0036914801154646635,18.97417963368192,0.004201773041288813,18.631822886545507,0.005643065352472614,18.498252184496486,0.0075612509774412185
6.090896822462244,-72.07617437091076,18.972589461190612,0.007585079215516563,19.441320904406936,0.007232317402649569,19.278113462441198,0.008332972431057755,18.818331752293716,0.007616284616452208,18.664893248331417,0.011308130733597233
6.083535684592896,-72.07613334172794,22.143778605983588,0.04541719044604845,23.34090114494485,0.08103023422597057,22.71790449865624,0.05640580990483836,21.660693957971716,0.03232768274896445,20.914819732523505,0.02528293326743427
5.956900687184306,-72.07612364779769,21.095608272247613,0.007833509396729723,21.920509089655255,0.012433944464640218,21.51348005329249,0.008065489018680783,20.759735839611928,0.007180277007870816,20.234167613218183,0.008645387321402903
6.096266682169814,-72.07609878440289,21.117696899675504,0.007801790947465815,21.979190559340736,0.011628016177023125,21.604265513517937,0.006187872625543485,20.826629261555674,0.005213719192184348,20.293623010892624,0.0067919861405685315
6.074059112406451,-72.07611439702089,18.881538001608124,0.0032730364752194927,19.38517127908539,0.002806863646667235,19.158296288202926,0.003350695194412842,18.742185067676495,0.002986989586739184,18.578059276090237,0.0035381975618228915
6.057274501871315,-72.07609911106421,18.905633254197806,0.016234763920891338,19.42738819260616,0.01414913113144041,19.14966394226358,0.01417447986820225,18.76041128854221,0.01605588596381981,18.466288784870834,0.03622124614815498
6.083904293980544,-72.07608159591642,19.859162229513988,0.01072271234612602,20.506898814457813,0.010699780484525708,20.225211793498048,0.010044287571595478,19.584505950390422,0.019760553634270244,19.32990425402494,0.01612344386477174
6.073700010260485,-72.07608250130761,19.310882004483073,0.0047747495606859335,19.89356735046244,0.003316479880326429,19.584434136626506,0.003541929656077771,19.15253686204283,0.004327453624283727,18.93191442965857,0.006104931060498748
6.120374562535831,-72.07605913914935,22.123917334192658,0.011166095316383755,23.249342690885925,0.028362391349086715,22.678839074248145,0.01399674578029053,21.671210869085996,0.010082609524918193,20.976678678398535,0.010700597351942747
6.075645178649924,-72.07604399722462,20.55686214118214,0.028377410491634104,21.28654057234065,0.03669272341213521,20.901077122085233,0.030550867889171836,20.327882217810135,0.02467623027479999,19.96048847373679,0.029675362155253623
6.076131232029114,-72.07602795981428,20.53941351199281,0.025068439226633883,21.237272449013886,0.02716611903668085,20.880918722836334,0.025427698742144192,20.244949781475924,0.020582731987677114,19.970363961932193,0.021744405711221573
5.986235073507163,-72.07601124078596,18.55313637955013,0.004544527454601223,18.997288527690223,0.0022348536540085753,18.757326449277983,0.002349375610974673,18.433830384917336,0.0039054465180270313,18.298752476730108,0.005482405649455009
6.086796988507606,-72.07595000901489,19.522266342448123,0.005952074481815252,20.16793879639215,0.007539904484516173,19.828316337959883,0.0067415952260274905,19.3650941867363,0.006780404181524457,19.12184075667352,0.007716367051743817
5.949434665610117,-72.0759527416213,22.04613915101554,0.06860209441532351,22.84780964080555,0.09413275247298601,22.591692029596565,0.09626346417049769,21.555074797219234,0.04725542014214892,20.838053614288256,0.028899309390529086
6.0703318197073015,-72.0759380026247,20.71831683054941,0.015431421505144425,21.539513298892096,0.02337849967156386,21.166486044190414,0.01661552267165013,20.45688110292246,0.011077693098727347,20.015221454907525,0.01584196431323794
6.097657365203202,-72.07591201921612,21.75524131196042,0.023630841087335104,22.913618486964012,0.03641118030717198,22.28650953104929,0.024361220050316906,21.363235220439478,0.018542906252429374,20.75505714883782,0.018527638500994828
6.0753357086803295,-72.07591522024104,20.649160001478446,0.04070089304379834,21.394645259742937,0.062076560885708454,21.040086276525493,0.044661932249309054,20.408743442123765,0.0325855444177322,19.94804463936535,0.03141962607539825
6.0806012639215465,-72.0758551713962,18.615195189843842,0.001218711994031396,19.081816050559283,0.0013097333013228761,18.839681427361484,0.0009917436946069336,18.48660386176895,0.0018765296717496533,18.34824676086719,0.0021655930894332767
6.097205431011124,-72.07583812939862,19.684535993891817,0.0035047400467022156,20.31947199196815,0.004203775160773727,20.00360839532268,0.00322347597481351,19.493827451198996,0.0024949063424309936,19.226933277795624,0.00497214684778394
6.043372130586348,-72.075829394454,21.323812710226864,0.042833170277686856,22.392437207485585,0.0833509956936962,21.726241935968957,0.06546567627275503,20.97090407475534,0.03749078556642513,20.338964394191734,0.03962838856410775
6.064271084656191,-72.07576912001015,18.26331346406126,0.005175748134683539,18.649459539941553,0.00283801428460357,18.429931901660225,0.004461137268083288,18.132811898716085,0.0043201629817018776,17.99075229060434,0.008010545430085987
6.111382350286734,-72.07572385040157,20.431258051367767,0.010345497332565451,21.153492230716083,0.014067006815714869,20.775212677494245,0.011406064764485895,20.172982862691256,0.008856161158159384,19.84922601327078,0.006991477403066362
6.084936013901861,-72.07572980843267,20.701847698493655,0.021382620967641684,21.40150871925207,0.01869572332467048,21.029795647524693,0.017510963497169085,20.490842176758704,0.02043725590498196,19.997079946717193,0.02978864853838641
6.072431333194947,-72.07570319477696,18.38010589453589,0.002713859054650793,18.82337176726007,0.0019318565588581859,18.60720628624474,0.002199745336681422,18.27621491942184,0.002935053485348431,18.121514794872873,0.004426612365091426
6.096863542580946,-72.07568553739199,20.00697326474518,0.00730584259449685,20.68194660072337,0.007440194773732692,20.331148515371737,0.005266123501422121,19.81401210577083,0.00629387442269908,19.53332368515266,0.012674968202133227
5.996753342568833,-72.07569455185813,22.31035654578442,0.0669694927478978,23.323117283757938,0.11354607662055245,22.8288758157112,0.09716695175396307,21.869864972812955,0.06371773019109411,21.10124319501817,0.05085205057357784
6.090028510015543,-72.07566859674067,22.490657393321502,0.04589835966908059,23.69467184135742,0.07833395508175914,23.086832062478813,0.04932458741004712,21.96066527736258,0.020908747968356782,21.192959951512115,0.02452092108679476
5.989353905761517,-72.07567003496752,18.978738923397163,0.008537701049071051,19.508634725067438,0.009211428675847148,19.23528448832956,0.009206208046374948,18.86414795526523,0.007717898585930969,18.673360484041545,0.010418024350219726
5.980250324091005,-72.07567229994497,19.25497070865018,0.00637470189411051,19.776141890898742,0.007312211425775879,19.501819407630045,0.005591522976582147,19.10222002820877,0.005425905604614504,18.88893403981489,0.012463994328512794
5.955672457745035,-72.07564382975893,21.406222151292372,0.02694829698679503,22.362312538323096,0.03928169755642534,21.925225803162974,0.030060199037871087,21.022892506749727,0.016708031960991236,20.451159282704687,0.02494951495655687
5.971163684902642,-72.07564217822795,18.27764101709364,0.003421771812194421,18.685076140588535,0.0032687262090587894,18.46082441820642,0.0031368760083555374,18.145122995317266,0.0028643861823363457,18.027471461214752,0.0036556468805155275
6.053605146729703,-72.0756227588478,18.012718227699093,0.0036812297257391223,18.441703257581892,0.003560136819121121,18.23220266189488,0.003697987000499014,17.905633514383382,0.003206973748312686,17.735148895546367,0.006851997828867111
5.953606512955038,-72.0756028386983,21.55832266910976,0.031140970050417827,22.458031180290448,0.03830579279606513,21.98311138552136,0.027281979092084706,21.157741428501033,0.018520148225548014,20.48862200190988,0.020686183449082227
6.1191872487629855,-72.07556122009227,20.861953083493912,0.004597580126960081,21.658718939262712,0.007824453687188959,21.291535626749074,0.004683923992512042,20.543384395626035,0.003224496085101448,20.113545148901146,0.003103817494746234
5.957751415606257,-72.07555096643343,20.729297732351828,0.00616035557315915,21.505402077117083,0.007441918546944791,21.133056997761628,0.005781671976075415,20.429876744843646,0.005305533257397476,20.0355865223528,0.005939748612894964
6.072618439080259,-72.07553630259778,21.029974498303165,0.030958123849292293,21.816339696283137,0.026217083988018444,21.42375452356918,0.023815278636122234,20.7283118535641,0.019597172557983437,20.171356032780686,0.017155966266212637
6.074278026671265,-72.07552665927271,19.03325368018469,0.005301460106153672,19.538319935202267,0.004123302367836073,19.274166456538047,0.004236128713466247,18.885174209517636,0.004800214972683442,18.704318353451754,0.00789693656623377
6.051532196397737,-72.0755187731494,19.105410109304582,0.012854504709486379,19.621907431106393,0.008045363551181958,19.35066389307974,0.007340731785294604,18.981662713921978,0.008852112044244694,18.819937673681835,0.013812436334338754
5.97606257869622,-72.07550245386724,19.004285884000655,0.0051021077507195315,19.50644355407087,0.0034264663041529506,19.273294009914245,0.003683558252319464,18.86586009583945,0.0042676331784457355,18.68845926138728,0.004991705526239189
6.082913442908409,-72.07547848935566,19.19771585230639,0.0019946437406069832,19.778743741748258,0.0025311496072358995,19.481419136433225,0.0016244808996597393,19.027868277999453,0.0020058537722152446,18.807968459701634,0.003208572494227333
6.079879371864547,-72.07549003141105,19.630769006209828,0.004470395835155642,20.2300351687218,0.0054390104084467445,19.919480289539464,0.004671246898957326,19.462466758703854,0.0040203271793008465,19.22250135023237,0.00508750981787319
6.088244171307012,-72.07546463881376,20.41948738863397,0.008715273589737112,21.197066382139212,0.01233256409359898,20.802029071960355,0.00895608033490717,20.164908012708295,0.008584287099699977,19.774104160763763,0.013148222310388475
6.089951441356807,-72.07545156961159,18.989051878887746,0.014811640984122647,19.507556686531153,0.007441339088101252,19.2483850427002,0.006504807393148861,18.839372348073475,0.00966990310457028,18.622108173669467,0.0232571333561303
6.085345511079926,-72.07546088459694,21.129842002611934,0.015650622131923374,22.087071110596916,0.019989823940080455,21.621363127859965,0.011241601570718757,20.807221542951808,0.011927492239267121,20.306848654209368,0.01006634211872643
6.113459427176338,-72.0754304959264,18.340139097782103,0.0009068817729617077,18.73689008644198,0.0007292054718749025,18.55408147491371,0.0005188283170803584,18.18039827302068,0.0005626524114330589,18.060370794922818,0.00191153881423647
6.104062578529101,-72.07541697703394,18.09076731275407,0.00125966409637476,18.519181524028284,0.0012976238191342712,18.299965053978042,0.0012092074247714983,17.957769635965782,0.0015929212558576894,17.847116807772032,0.0023719789296600337
6.11918361206454,-72.07539168456051,22.331447812957993,0.01837238140011396,23.55233052877366,0.04144454731517622,22.92382643752004,0.017276066098989018,21.85356938240897,0.010635660613038812,21.10825275173726,0.007266200636341104
6.083670732595948,-72.07535396040329,19.737195410702217,0.006374547001393077,20.395047109216307,0.0068575081446913605,20.11732314190577,0.006053858961719495,19.56074274117377,0.005574115543145077,19.302161257942267,0.006900453959001776
6.093241800080242,-72.07534088052049,18.76453407325501,0.007577356167750478,19.221345850604344,0.005070300282931803,19.04057494844932,0.006325023941985966,18.62509738044347,0.007212356014700235,18.454615582763616,0.014354184395862054
6.0632298665284985,-72.0753284740988,18.912558111520287,0.006134578736307699,19.372996722285954,0.005031892741792531,19.14251220704805,0.005479571031430483,18.780334017284417,0.0058754710401698815,18.622442371108114,0.010155446580735118
6.11693453137926,-72.07527327501113,19.490897704550154,0.004969394252494006,20.04870628087214,0.0037075760512387326,19.75313889948484,0.00387881269972267,19.262966900596282,0.007780495587893904,19.04928314449443,0.008931796402587185
6.102871970817292,-72.07520693134117,18.21898387790753,0.0022435033974616933,18.640437910562703,0.0017698568158816227,18.425966408453213,0.0019915531701696176,18.103103703202756,0.0022134289408893733,17.955738680383412,0.002888084878455719
6.0870598258898685,-72.07522220425786,20.192864577009704,0.006879699564871486,20.921312653682598,0.006987552284964367,20.564596656660356,0.005565777462833576,19.953465991380526,0.006468516868248446,19.615147089873098,0.007724158801141029
6.061693189743988,-72.07522933118324,18.203525380056764,0.003294690674546848,18.62516298807016,0.0023278425299277173,18.401846557785632,0.002752406026526028,18.092455983224582,0.0038938658848397404,17.94284614901882,0.005749892509176415
6.049465390767885,-72.07521317069366,18.335428044468625,0.006343234203984564,18.79000010690835,0.0030481846030039074,18.561524711402,0.0033796539047959715,18.248112193410833,0.003851923728298869,18.083463030825627,0.0062169056165789355
6.008172740990948,-72.07516008877376,19.27920410982964,0.014070169870721955,19.797627355794212,0.013723603928265826,19.50209667345561,0.013557156612422428,19.117080444856747,0.01640557767123369,18.938953328309573,0.01873809808970998
6.100217204957659,-72.07512519989069,21.840875396611306,0.041038578500232924,22.93585582676681,0.061832972435671305,22.39410361872816,0.04886983916430007,21.424965729850996,0.02578994021982847,20.756712950867005,0.01587957290717786
6.069409036944497,-72.07510830770171,18.90286008480911,0.004127872630024129,19.393972916624953,0.0031888411052323914,19.136776373487784,0.0030351886727537658,18.764749645126713,0.0038437683108592867,18.60323344977656,0.0070815928143648475
6.0944645535341975,-72.07508725263173,18.39878923912826,0.002673933619336309,18.84869618123333,0.0021045176650109584,18.698461775546072,0.0025486608395436667,18.274210430059306,0.0034485072631946574,18.143659034182875,0.00597356280320304
6.061314698435823,-72.07507889403941,20.718379617976073,0.02913919080770795,21.565716609536977,0.041362605436654085,21.117822848280383,0.0336399698588915,20.49909918933811,0.028280745353489387,20.097435105624406,0.03249171762733306
6.051788598322828,-72.07506554758429,22.070511723901863,0.09129119313513612,23.156807678944475,0.1820379796611707,22.513107624829914,0.12815610648103723,21.734098299437136,0.09244266460716447,21.108176932364586,0.05868499894746883
6.088260396986027,-72.07505898252349,21.907565955481775,0.016211609104155842,23.024589920099565,0.03316687086342736,22.556026723818583,0.01979262042648997,21.469900458767484,0.013286327007533039,20.719959561607446,0.01440022784122319
6.081733264207276,-72.0750586387881,19.09228491386509,0.01896008699526224,19.662683173121913,0.02154571136630348,19.379714584300338,0.01968580098826152,18.965761337522324,0.01601829683418602,18.69937727504557,0.021148465775123797
5.982101727065398,-72.07503313609507,22.859207606822732,0.08619767508562465,23.939176408131466,0.15040578783149802,23.421187199931673,0.11423629288742317,22.265391159310646,0.05877522946868274,21.40022471049025,0.03749442763923047
6.053338995363578,-72.07502278188856,19.325153205025313,0.008194125169290955,19.88606883013351,0.006185862650779623,19.58461606630886,0.006137840759288975,19.172282781999378,0.007246238920587187,18.965900940604833,0.009947026703947807
6.052589420623478,-72.07502299648162,18.086556541772207,0.003925254581387238,18.482775000696968,0.0036755192865975867,18.27341810927968,0.003576332421232265,17.967359254873642,0.004703589216446184,17.826907645816924,0.008476461827309018
6.108895508376725,-72.07497051642875,18.403855335516003,0.0024186189987967922,18.83364207234711,0.0014353936345618606,18.617079825181385,0.002092740575173681,18.283656262205817,0.0025666919007535775,18.152707818254143,0.004297578225338041
6.09973501836382,-72.07498613440626,20.120525473799805,0.007308986545561329,20.803615733144227,0.005083895905438902,20.517450558631538,0.005110392864413222,19.89509552165773,0.006587680909883288,19.581403261386512,0.005355121623459245
6.091566143865016,-72.07497628144594,19.82173163337504,0.0043324579894063,20.45598029173277,0.004888661891768716,20.15399528048232,0.004077050687976875,19.629528145874687,0.004122977185360847,19.361198465670363,0.005338402938666827
6.090596439688493,-72.07496100632075,20.568549940417103,0.013241585828367888,21.256199641498483,0.01258703504581804,21.05765787543408,0.012606519360081206,20.28876393874448,0.014986418515807435,19.91327918586137,0.01987237320752626
6.079839607420576,-72.07496593039998,22.47644536043779,0.07061333027364117,23.704014321739123,0.09433174090044603,23.031022162722728,0.06829670830606044,22.021179315714562,0.04901488215771319,21.170952302994337,0.04190498423245817
6.105809934202665,-72.07494307209525,17.85247586592769,0.0008759103370041413,18.29121139041507,0.0007750334698579276,18.075178610104842,0.0006699560307072155,17.71834785196389,0.0007537492751182031,17.571375484841283,0.0019431656282736392
6.1035828511976025,-72.07495557322832,17.882143540132095,0.0010845144612243673,18.30386578174948,0.0008211905523762003,18.163296218936622,0.0009359581406857764,17.756293795501712,0.0012156910562899348,17.615216837972653,0.002268572817375034
6.087707172969762,-72.07493470453255,18.752458722188482,0.0023175792516373257,19.24727728553944,0.001872564644695697,18.997251051829146,0.0021118155329895674,18.627011631490795,0.0021574424239875606,18.467427947136656,0.002947590550341799
6.02573754386086,-72.0749556527487,20.193344395560803,0.04473638389351888,20.686452675442624,0.06117407694858786,20.411262772629826,0.048017074409279485,19.879467664799677,0.05231853367609216,19.652875419596988,0.07788439275621291
6.08203185707734,-72.07492064532417,18.72747327990952,0.00647864124586876,19.18986775064782,0.004950603022484176,18.948538931058458,0.004757301367030041,18.605154330656973,0.0055020301739064255,18.469219422476264,0.0071477585942265965
6.079654632226576,-72.07486939918098,20.555514694847265,0.014770916151847958,21.41345793976142,0.020945164949105175,20.95305881571715,0.017708280879636294,20.296241355087716,0.014164465814099893,19.89659328781218,0.014197268560056566
6.076223583505856,-72.07479786810758,19.838627723848706,0.004556465293089357,20.472426874906986,0.005186726259937441,20.13459214265408,0.003999362713786854,19.635542788391092,0.0038384679189139496,19.35875955566319,0.005931960548818383
6.070992099721773,-72.07477270147425,18.000460646951847,0.005034246710547046,18.372968667561643,0.003121385089742732,18.187973547106516,0.003716137888822785,17.87923322248173,0.005144500693568192,17.723470328025158,0.009327303600618795
6.085096381849019,-72.07471407928531,18.656318043545486,0.002831013324293293,19.120117781117088,0.00268666541000513,18.891142156122413,0.002671042882066812,18.532479674013373,0.003155884686484861,18.4062172557951,0.0038203177299621937
5.977165202411548,-72.07470047467423,19.825781835075052,0.013962446051739569,20.5220094923409,0.013636300833003451,20.143314877231127,0.011383372164106413,19.685829003580395,0.016025813693096424,19.37933511371262,0.018000249815563734
6.043328750215611,-72.07470646100882,18.625702168629946,0.008844270623708328,19.06463504053397,0.006173983944271254,18.842280643395718,0.007144659841421946,18.506046873605555,0.0076746386271828145,18.308961122362753,0.01700382748338712
6.073348946168484,-72.07468707274037,19.145363252182666,0.006623221328130463,19.64809150186668,0.004275660137222314,19.36519481525505,0.00557270546808912,18.943665841955152,0.004888351586320791,18.775274646901913,0.009267436908636982
6.095401934692396,-72.0746008622553,18.389828497154124,0.01330315419619633,18.84204759836617,0.00978353221347912,18.613840160271742,0.010403822638290204,18.26512986125652,0.011784845408424428,18.13042414758801,0.011286136344973077
5.962512066471508,-72.07455480907221,18.766402365141555,0.004972908820119833,19.220674592104842,0.004357541143060162,18.97374371534397,0.004496858752698642,18.634878473903342,0.004698590207776712,18.447849635233787,0.012661262785799167
6.086097632691965,-72.07454596683276,21.327593819281194,0.03668308895268564,22.120294511839084,0.054106886960404645,21.737465126695618,0.046527221541884725,20.987837140691013,0.03879371855708075,20.4205949130002,0.05305656158915079
6.079599492167073,-72.0745197827188,18.97147930688453,0.0034903822726842734,19.491352673240826,0.002991446305938853,19.318234258332872,0.0032171492158066636,18.846859423167828,0.003524098624778111,18.652586056839382,0.004220778519716513
5.9623285106339665,-72.0745001927981,19.4378533712723,0.003445499864822,19.985846177319274,0.007378505891993856,19.747626033110777,0.003603955273555569,19.237897335240817,0.009148123640340764,19.00974617370953,0.005972662508320259
6.045625007440649,-72.07449923893198,17.967947572780464,0.003966379260863306,18.35945563278863,0.0029441291975747788,18.168933304646878,0.002790838324814027,17.86419663101678,0.0031539172571259156,17.723413642552835,0.004482343813610511
6.049592366026892,-72.0744688700701,18.92161872440352,0.008018542650104188,19.452852024008784,0.00626343240582334,19.19144239696432,0.005944188047527531,18.764979252213884,0.00626168585544242,18.508242511673735,0.006331738798456294
6.073603837077716,-72.07442654094922,20.67685533879605,0.021888275257177597,21.49220011440149,0.01720810315367092,21.09001036040113,0.012121883053834515,20.40746000327225,0.016515016490814122,20.00432451974084,0.024093918634387517
5.998471738249149,-72.07442863886885,21.260895873763307,0.021973648600096717,22.12738614453987,0.033272648939901596,21.647801718565994,0.022946152827368158,20.932354102120172,0.01886791259709646,20.330465761879957,0.02937203173505609
6.1246341611031685,-72.07437959734875,20.35263123655123,0.005187536894531401,21.10963892395985,0.006350736772807751,20.720761828800484,0.00481885347779324,20.121813387959165,0.004563024938419581,19.772583777197788,0.004040347465036921
6.110245875505511,-72.07437723323443,20.53167893517197,0.006156503013548914,21.323565975969842,0.00937775030998242,20.9153012802921,0.006565867402860335,20.264847061718164,0.0060360859063008825,19.889394599349323,0.009515391919435717
6.080754596391514,-72.07436853070625,20.23334628051003,0.0033391944825117135,20.904896930438206,0.00485539361034109,20.641253924066227,0.0036651864775313547,19.99606049689082,0.002847273577380228,19.712749258530742,0.004092383823993233
6.079330197636524,-72.07435478180925,18.195416447010242,0.0014445598079638373,18.63813504019943,0.0010508987530282203,18.40502028079802,0.001010390679552009,18.071192212266062,0.0016926235637226945,17.94070097899963,0.002285359473598818
6.084854209896691,-72.07425429622992,18.29512583425363,0.002121135665655118,18.72736599506704,0.0015884488877428704,18.541692014359747,0.0017429451706166494,18.170419745416403,0.0023742877889374923,18.041834898873248,0.0031316048145455257
5.968420965498513,-72.07424222053909,20.923330474054605,0.0038761704562195855,21.847750258960062,0.008138719817672124,21.484049720140483,0.0038541949111507226,20.61612272978204,0.0035296284697149717,20.033931715334077,0.004452744387810212
5.9752383100704,-72.07421384353795,21.67562519511512,0.027153675579738544,22.82697240433955,0.05197611241152526,22.334780015542812,0.03692872092765526,21.322003755586522,0.03257722174962762,20.649458910439876,0.029747796934932822
6.077440340655135,-72.07420979866886,18.467609797474434,0.00471171528028915,18.929215885193017,0.0024689197644034598,18.688377774136946,0.0032811889879204785,18.34035536415469,0.003418567287654115,18.202294345364436,0.00569185065191163
6.073918101766982,-72.074210802916,19.232653415023503,0.002045354365266328,19.77548281460593,0.001972846633772939,19.502517805762047,0.0015510062568966023,19.078922853601924,0.0019378864953235185,18.86226995803029,0.0027378510004602906
6.076749471780593,-72.07418891983112,21.891813425209943,0.09418349095858213,22.95440067422752,0.12330257377270434,22.33703449082593,0.09677296552330959,21.35931328115035,0.06133307501717807,20.758503275084415,0.07186085276956684
6.076710326034666,-72.07411748934793,20.031412652451596,0.02033463980676198,20.690832362243647,0.016171965421702204,20.37845288947547,0.01690946745493953,19.81247045056989,0.016453388065444104,19.43441106250078,0.028954539519788866
5.9730487958153216,-72.0740775969209,20.984548069817844,0.019638468121595847,21.783436983131416,0.031682084721635514,21.403343461650287,0.022357289871515227,20.65515833909636,0.028205524027780277,20.228996181838077,0.03205299234422793
6.072027298836872,-72.07405107591269,19.014359336241316,0.003655472767327575,19.512014623753487,0.0036332530748689946,19.26071374492537,0.003289798456790804,18.852357181857485,0.004450145390228576,18.66177331226313,0.010252181920026186
6.123417599352319,-72.07401839824627,19.14485015911986,0.002576311047932522,19.62620570602658,0.0019986013188178866,19.378053150988485,0.0014349964799851142,18.966728922752047,0.0029010291057948545,18.80242205024448,0.004416821551559188
6.062002758768264,-72.07404260651226,19.510175166304034,0.017423130735922145,20.00512918014209,0.015601985667511843,19.74423733175051,0.015678535623213523,19.34239544202004,0.015557113393553373,19.035878500031657,0.05054049195320102
6.113951689865624,-72.0740185369971,19.443151941248818,0.002723681770765612,20.016501268960326,0.0027208493912124453,19.786636268297848,0.002562416028154095,19.287996773002114,0.002335949555367008,19.086570661503593,0.0032939360999717404
6.081289510500031,-72.07400159085908,17.826144240202044,0.0032847582925804803,18.21487099785181,0.0023332860820380937,18.048796284472175,0.0034602569160932105,17.688323771729344,0.003232032186312562,17.574102725495237,0.004496959138484137
6.076130009794867,-72.07399433485864,20.316374110258888,0.0065754395964740375,21.021197604783303,0.006619115220226308,20.66800514086733,0.005739511292571529,20.065778959259163,0.004864849777852483,19.721106246983744,0.0037063150388823977
5.9592534712706655,-72.07398463555297,18.11203783680232,0.0021358207086125307,18.52196995086198,0.0021636975815085887,18.29271071112675,0.002424897283270156,17.976187958856457,0.0023178749535012755,17.867768659008618,0.0028380450549389696
6.061597961412135,-72.0739647038911,18.508289722509748,0.014634869760136825,18.963361657850918,0.00810090730423214,18.719947368080177,0.010963960926542051,18.397018295490568,0.01496444978345184,18.27975066443007,0.030939108923114765
6.097192731463413,-72.07390501947764,20.434536849742276,0.0046883491353426855,21.1854240667776,0.005809022661877076,20.857553000781785,0.004289082030214916,20.19163698870802,0.006166088776035904,19.75713187591827,0.0144758372206812
6.110514439272896,-72.0736887842984,21.94648124764574,0.010610063628843373,23.02490564965978,0.023338673354580203,22.538291716414996,0.01189157663552597,21.49814696241939,0.007093741953294368,20.745434898132586,0.008980995389062876
6.05397939516713,-72.07368994635752,19.379223600376637,0.005520806875951656,19.892079578205504,0.004967528425703512,19.62578616949815,0.004651139380926987,19.217614601562133,0.004923170396480645,19.00581927252957,0.007767893467298967
5.98223056436704,-72.07366626521983,21.861249982869904,0.05399731213558026,22.987194225969233,0.08809026789294133,22.416606538175863,0.06656881359596518,21.44215811342461,0.03583986690407001,20.731015598395118,0.0354968936283575
6.102097786214364,-72.07363877848766,20.273458081015168,0.007265386127812644,21.008976645805227,0.006909293095493215,20.664463334336254,0.0064042346066529,20.047680236504526,0.006811186995491369,19.661105647897024,0.01333614705558746
6.056415757741604,-72.07364355277349,19.77409860360112,0.01869325814072097,20.43233161023572,0.010590469362720598,20.07697281713508,0.012184163747971979,19.577385169512056,0.018123548176564613,19.243206127746852,0.03444077322145056
5.974835760113006,-72.07361450312224,22.150675509225994,0.03822845273099972,23.147757884571945,0.042882418779939396,22.600476063900267,0.034846788269906816,21.635877612777314,0.026015916078050046,20.92885929006382,0.0319811276525203
5.947713043726045,-72.07360826342986,21.71361014524079,0.007943246443977977,22.80530888836011,0.015594585963718505,22.292050744286477,0.0069639778803660965,21.338145618541084,0.0056711350152502645,20.69067258517262,0.005827200216610998
6.11723567623062,-72.07359733104944,19.414135944994033,0.002769269900563037,19.967393041332862,0.0028738220637087473,19.6846777692108,0.002373592378025793,19.249520140672296,0.002383276416945468,19.065022648058722,0.003091868008209608
6.0986102929695925,-72.07357882621179,18.17510934057019,0.003083744296166085,18.602620936513205,0.0019096760531852762,18.42872816951931,0.0027179324585768455,18.059969252515558,0.0033196320041484735,17.919422412789594,0.005764444947241573
6.1028369232270485,-72.07350461242514,18.73912020824105,0.0036338916737116917,19.21488570023753,0.003782953889333208,18.99075523618385,0.003958132092247218,18.62262334251748,0.003249499032815988,18.466035123248282,0.005878888413832058
5.958349407506693,-72.073498104574,20.86104146872238,0.009535310078001801,21.750630074629726,0.011129341261316103,21.274419274795385,0.009116001654609438,20.598083773352613,0.0075366095782154014,20.141484216326425,0.009167362400430222
5.97175680345228,-72.07348796409603,19.71767199884825,0.0037766561233608183,20.335859191005028,0.0048072951887218355,19.991433888048483,0.0037559134602801313,19.51904070008232,0.0037129026926243803,19.282648045267948,0.0037077392980456067
5.966710663218479,-72.07347670172068,18.45896186464488,0.002353299015433084,18.89423566538968,0.001708761689021452,18.653468636060417,0.0019171563193400372,18.347438081992742,0.001986924049176606,18.21720100173242,0.003680014288721806
5.959523526409942,-72.07344667565559,18.578371979610818,0.0009962514019590735,19.035984345299,0.0011504627946810162,18.808229971008764,0.0009330487521438975,18.441528353732735,0.0014277850770261816,18.292215916792145,0.003494733084764908
6.098220535927017,-72.07340425169444,19.182190333670047,0.005200007298329698,19.725548026988506,0.004358589315713253,19.540265037773317,0.005816403454711159,19.030962442968416,0.0040312181845056595,18.849792974952116,0.009750516152875444
6.065787947686918,-72.07339538014023,18.060162453550422,0.005810887860903684,18.483528059528254,0.0051682238201098745,18.254514347369614,0.005718401212059041,17.938914753747675,0.004485238312899524,17.81634929466677,0.004544620328254259
6.11379904356324,-72.07336527937848,21.788979084099918,0.017477894573073763,22.864449965206425,0.031971373720637394,22.368200069647166,0.018342986930018484,21.375193922383332,0.012730149966500275,20.756340957187334,0.015064908576266788
6.092364737018002,-72.07337634698092,19.627694691089363,0.0051046903805232816,20.21728737077727,0.0033750182786616177,19.915290158545204,0.004026458402473947,19.4550625058084,0.00514628900875237,19.18605713402723,0.007766693976153982
6.111910004741624,-72.07335173824428,19.955706851669557,0.0033316088354780195,20.614630471374575,0.004310687219628063,20.279694606257628,0.003329758660475465,19.750063948765437,0.003487282773968936,19.45491184829497,0.005915252562222231
6.084597199148074,-72.07336799627274,20.237407919655713,0.007509988407647027,20.891979399883922,0.008911515964972817,20.56868399487783,0.007460072042164949,20.002029685963265,0.005334804778602981,19.638941962749897,0.015313286871355915
6.120209863219527,-72.0733268423216,18.966577173010702,0.0015430643037930658,19.478747166940195,0.0010940412678730259,19.22130525521333,0.0009506415464714031,18.8165240471573,0.001966246895845787,18.654909626422075,0.0028824212837208632
6.0989650106850934,-72.07329301838146,17.864035124266433,0.0027632141878076604,18.27069195754357,0.0016393207660366448,18.124557716035568,0.0020138314051756914,17.746215204068484,0.0025154843573803876,17.602110850743813,0.004530968812994934
6.1091640012197646,-72.07321752410313,18.278958405525035,0.006014494634737811,18.730144996274632,0.004700837302755091,18.55268125860234,0.00480979000528436,18.169065864720103,0.005176528450128727,18.039100303010443,0.00626387904428867
6.106913019679422,-72.07319863552803,17.956336644980407,0.002806051368011262,18.396936611365874,0.0019310579938710563,18.181258247271018,0.0020282724501923593,17.843679259323885,0.0023960260396182365,17.72475344051439,0.005259541187832833
6.085504943241639,-72.07318679692996,19.795703701570392,0.00244679590155653,20.430684811910737,0.0032966169965176454,20.0928745849603,0.0022161330812021283,19.58898663260254,0.0018954642282542767,19.31630739251981,0.00249524487378914
6.005054665604264,-72.07320365391286,18.342406257552053,0.0033424543020208913,18.77839958165505,0.0023611551643312424,18.53883101088565,0.002780561662883645,18.22248415491614,0.002823550295935465,18.095421670751314,0.003654155383045452
5.986062415502326,-72.07314727582684,20.31648700681004,0.004953500284641336,21.014185103201292,0.005363163977879972,20.655558868283563,0.0037335490885346293,20.10009073351457,0.00342313258888518,19.781935807462105,0.0048276547268577
5.975594162290618,-72.07306178445721,19.13325913283666,0.004126250735755085,19.639352649710816,0.003219793911681634,19.342665394620056,0.0032591152352828756,18.973420708597217,0.0036921753016878477,18.794850871775303,0.006620456067053617
5.989802143686431,-72.07304689208449,20.120224780445984,0.006365471020258906,20.777851896073273,0.009442154455055939,20.42393503350913,0.007817980869334417,19.92247937497099,0.00487508483462711,19.623245349937548,0.0077656932719148255
5.967249322167683,-72.07304259373431,21.279211312313304,0.03248133294903439,22.30596958007923,0.03759641045593458,21.907445868316486,0.03403466684028426,20.95013220767938,0.027706274044229238,20.370401604612304,0.027143016164501894
6.08180285040447,-72.07300357932405,20.858899719142347,0.009214689125254511,21.651605935386506,0.014293590690347446,21.331206688029333,0.012036367032271459,20.544000030300012,0.006927082479026654,20.07768860185405,0.0052207347306668424
5.966164829380141,-72.07299038534691,20.435339496595294,0.011241536969402796,21.0094579471633,0.012367349254619556,20.689818645709572,0.01096032840625859,20.023474870380475,0.007813520787404897,19.736402561289246,0.01447184525238993
5.961297297269172,-72.07299639491704,21.53696620472827,0.0653909773839025,22.263301621327514,0.06773186278782878,22.090268967081066,0.08234910064483868,21.19873514864711,0.06223989807899707,20.330392729736552,0.04424709808254035
6.061325938093157,-72.07299193029434,19.56833532159271,0.006012953202090434,20.17759140476216,0.00754174494594609,19.860721513024416,0.005622038936946689,19.400039574742465,0.005375230659410948,19.15822782725187,0.006985503331593323
6.111956734987539,-72.07292644006111,17.98546208542962,0.000860311213288117,18.408713476367794,0.0011639348101877879,18.193779196262618,0.001206559584520814,17.850312228247773,0.0019473022020694932,17.734795309340043,0.0023896391694290795
6.087556634677144,-72.07294237543921,20.367073868475334,0.004555195261576809,21.109808901623595,0.00501042479357432,20.763090836932115,0.00423682258444054,20.07470273348774,0.003950976819535591,19.727868357616074,0.005180350611126355
6.065518699439072,-72.07294285463426,20.44412487092895,0.012035374794739566,21.205489362524233,0.011728427314032635,20.819069194993325,0.012288119997795673,20.19518682806939,0.014413389238740693,19.842546837837837,0.01319241478404261
6.04273276716647,-72.07292824371453,22.234406783991208,0.08793726998763936,23.28117623665476,0.11013177750048718,22.77806095968664,0.10069685880040004,21.54737158471964,0.060080939321730614,20.826305739669564,0.051797079046427955
6.081301584173764,-72.07291056096486,20.48221771737987,0.0047017403856650306,21.240267553877104,0.00538152182610296,20.87630480925356,0.004249340306524462,20.244568024671032,0.003446580509493564,19.855938616574207,0.0035236912634082395
6.0824437505098725,-72.07290935107193,18.356734388345682,0.003892287483724601,18.806361077368756,0.0026247503928386617,18.577368746659907,0.002702960879643124,18.236734138435793,0.003677498758743753,18.112667706488544,0.005631753739579818
6.10409550933408,-72.07288142953003,18.734288677511532,0.003623476426155692,19.193949057086925,0.0022424179140524054,19.014225738775266,0.003289913599423922,18.607281609112192,0.003615877229844211,18.462479455551914,0.00498530480187093
6.077018902847425,-72.0728145754955,20.45354798536655,0.0114939447388673,21.197440751333048,0.010953561061394305,20.815391042703624,0.011240173375995527,20.21048416246429,0.009080304263288486,19.807648363293325,0.008254697234126153
6.063278843926492,-72.07282671807644,19.72566399178059,0.0061785709391631765,20.368327874141315,0.004494267480388253,20.07878624583966,0.004930942406426914,19.535256154040823,0.0060469977153216154,19.263362330336527,0.01012621921914849
6.108611255659679,-72.07274064564494,21.810674860420054,0.023844000928978915,22.87989388523193,0.0473179899615943,22.34424954258688,0.031066531640189368,21.445270182681732,0.020786640990498408,20.77995197458489,0.021309021398963866
6.084789315484207,-72.07275064410474,19.466855253712854,0.009660242697619162,20.040317930455053,0.009603746349052322,19.80906101874657,0.009259813124884953,19.313470024083088,0.009660216612487938,19.13053412878255,0.010479396722976025
6.063532911732375,-72.07273343793054,20.364407840548285,0.012964032483248386,21.09950959800571,0.013961787146838408,20.7012017314345,0.011112722014005845,20.119493466192857,0.011624607103054683,19.796795417496043,0.01621306243578607
6.067915637424158,-72.07269326518848,20.777995646740468,0.025967816298606144,21.614129006798173,0.029847333115253585,21.201730953736828,0.025018523213542247,20.497630914724773,0.01864150566061136,20.04804960348168,0.028639963587829866
6.056672631846784,-72.07265340773515,21.41890416509322,0.019702495761478252,22.40045589876005,0.034782453356805416,21.89371280625614,0.020779708507556168,20.632633280219252,0.011038549945174855,20.52579396222584,0.014532950402109748
6.000095444392451,-72.07261952954002,20.831029713645886,0.04256492090095416,21.666937713359438,0.08230254373778496,21.291753843054032,0.04746455301030768,20.46730896461918,0.03847843775349833,20.063507455753403,0.03226275371011036
5.986927352576936,-72.07259527016552,18.209562623607415,0.004184936599766933,18.635674157585626,0.002989929204533719,18.44166937572198,0.0031483421680767705,18.09797372208515,0.003921514123068878,17.95803783493352,0.005939382263615346
6.076723341627687,-72.07256720633755,19.456927952652297,0.006852187053872777,20.052796237192467,0.00758752134023907,19.73748760344305,0.007093600559800652,19.288347487180886,0.005808592884273378,19.057033670231824,0.008109056537744123
6.093170785157126,-72.0725325426968,19.944213488849915,0.003791447358618867,20.608012811315895,0.0031689354979447474,20.278770337270437,0.0026588647374464407,19.75745228575778,0.0033351699626755003,19.47746103847299,0.005137716282595921
6.066604033880299,-72.07254685316262,18.84025797214142,0.012320947375715064,19.312841263470986,0.010609958299357241,19.070413632051128,0.013961303749751285,18.72511525042558,0.010266841810311551,18.56384768504197,0.01257625160317055
5.971936629168662,-72.0725437266321,20.302775905865,0.030902059365125103,21.031111373891434,0.026838779474154154,20.662475486053538,0.02359643629529938,20.042504752827234,0.026083539454403365,19.64215592175951,0.03606497491789179
6.053599667183073,-72.07252421239234,20.658449208792806,0.046432143820917274,21.307305919814,0.051142613809867184,20.9575762635231,0.04958071260041366,20.32748966427647,0.04012718956761886,19.876128374643613,0.04710090403696792
6.042963523323509,-72.0725369990176,18.463282632136593,0.004772951928995403,18.891644228707776,0.004547394822229096,18.66409197758798,0.0038217243003463006,18.33613042369997,0.005141971195350979,18.177838195550507,0.009606444362406352
6.075666773934071,-72.0725042850096,20.271224185352626,0.013685328719439208,20.98066934244929,0.015555362338722971,20.614365071213946,0.012480625522260662,19.992323626409664,0.012968526681017872,19.627394397699838,0.0141353008964149
6.1012920831641075,-72.07248323928098,20.31155007817868,0.005225785787275957,21.24009163898768,0.007612826721754861,20.74356045688674,0.004251262247149458,20.115964523428545,0.004597285689617576,19.845354791680585,0.0074367191366874275
6.095256169593396,-72.07248801929673,18.949356334241077,0.014733232240931565,19.449835897703196,0.011371607775801228,19.206967706576172,0.009466875665075238,18.82217165733706,0.013568687146091081,18.65960504582641,0.03319679054835485
6.0717277999253625,-72.07249468081487,18.109292129176584,0.0026513086405067477,18.53281295405835,0.0021613425801809047,18.32307191538829,0.002364747918752583,17.993051384912413,0.0025495519344898173,17.853289881501667,0.0029855931100435094
6.0645794330156075,-72.07249615716333,22.038444802005653,0.05131320871064022,23.375653804915103,0.08715619803307481,22.681590194815968,0.05124805982761079,21.573821867974743,0.04341780672231017,20.928387241766508,0.04824274900446832
6.065478996016266,-72.07246750169897,19.542650648470097,0.004439106478217787,20.139782096637006,0.005570511244740989,19.84687835994263,0.003512857695472384,19.380945953818923,0.006106559648702484,19.124598969109492,0.007860429940690129
5.98927574975509,-72.07247097493456,19.560339399673648,0.005483727065540006,20.196904911896176,0.0060759730450728475,19.907569016556444,0.005667609453100473,19.39790892828777,0.005932129467154123,19.17127088535566,0.009500098269243898
5.9525361706203155,-72.07241457185187,20.582939173145636,0.02173951969294932,21.305948428115528,0.026594863438082914,20.95720643203952,0.024876580288545263,20.333538941108756,0.016946518970781182,19.941790712443158,0.019957679994796508
6.07296169688238,-72.07240919158984,20.90462991119156,0.012770559111397484,21.768374244839848,0.01486196296610782,21.329976179666666,0.011528696020226947,20.60598014186406,0.01359782174542363,20.13524574557696,0.017706055816990748
5.981374052998177,-72.0723916496104,18.83558301630477,0.00891455501735925,19.348256558569062,0.008413362410546209,19.060256956782126,0.008177983117761318,18.698657922703234,0.008474592335730967,18.51501118755045,0.01594008538741047
6.107465232016542,-72.07237244311054,20.72914128849097,0.0036481012258900622,21.538010049362796,0.006262034403187297,21.1568349131462,0.003292179618490183,20.45595115988649,0.002605431803922609,20.03961472234017,0.003181707053231803
6.0878273868011625,-72.0723530769547,20.240350544267034,0.004902489683886662,20.987877687891576,0.007148264032289032,20.683422549582275,0.005928808536300856,20.020855876138825,0.003614379143996056,19.70670633003006,0.004353251140397648
5.979691370738412,-72.07235287265948,19.177532133267253,0.003234300556318373,19.6592501488975,0.0029282974169960005,19.390784952302653,0.002933946849002511,18.98758832782221,0.003262337237960021,18.794612262401934,0.005793223337202852
6.086439411587842,-72.07231061994827,22.354057420253202,0.03140982567841748,23.579721278863126,0.09356655294158239,23.027767815257626,0.060240287513546126,21.90786567254017,0.02411021415253794,21.133121647733454,0.02799186437290036
6.082995094370701,-72.07230854815668,19.268603869179092,0.005465692822122556,19.828695526504028,0.005844821617169414,19.612137070092253,0.005834987342214624,19.13630255475212,0.005320882398858326,18.93962014663945,0.006387355119829084
5.9778373633437925,-72.07229058806968,22.239028525797035,0.03456577610178516,23.213308773689498,0.06081244242191281,22.72393752653924,0.04073025951631558,21.75789273347649,0.020596156294754513,21.0328099598917,0.01721133932105499
6.08876834944904,-72.07227999850925,19.533816138350534,0.0032688695558465075,20.111080331107836,0.003724992223054995,19.80737088117,0.0032896405094139498,19.372930638784055,0.002753012894010532,19.163857898394163,0.002794441494024027
6.1030981055923155,-72.07223086265411,19.986471326550646,0.0018064930016987828,20.66157862298037,0.002799894125243583,20.319987601436395,0.0019219450395355857,19.78374713726788,0.0020634191191686193,19.490566884385537,0.0027378970472416954
6.071137293115215,-72.0722344702761,18.671660772885094,0.004866939737343587,19.159047409040028,0.004255973692980894,18.922089919215857,0.005011005243273225,18.555343916811218,0.004298904695855607,18.394037791798574,0.004366393724775849
6.046525779740063,-72.07223506433085,19.94433605681706,0.008345631148501271,20.57282888242196,0.006972891926055254,20.247244292324886,0.007069663145197261,19.74114024653199,0.00787944220769941,19.428316386973066,0.007435170676050951
6.110862479081536,-72.072215232268,19.360779646668572,0.0029965280845220526,19.924871184420034,0.00270067980510157,19.64697660054543,0.0025662339529504115,19.206697514570408,0.002870083923688912,18.99918167728473,0.004837586905348571
6.093040119375303,-72.07220788918977,19.549731024448345,0.0038093077145712135,20.1511039581007,0.0034183313645077245,19.89223566393722,0.003441345129224337,19.37078928112777,0.0037975182294224035,19.153063786065985,0.005028906663988474
6.069163343873299,-72.07220790500337,18.488296262347863,0.0026969193843841607,18.911421252896282,0.0030831330470121087,18.705706808274456,0.0026884105626461137,18.36650413273299,0.0024660759530435402,18.23515181323856,0.0029337691641802876
5.980848328540231,-72.07221602370844,21.312468481072802,0.010889914991600533,22.185609044047617,0.01405279974871224,21.7569461576268,0.009532735854538127,20.96031690888188,0.008099462652389672,20.434685032855334,0.006438929149867603
6.099798965577552,-72.07218009583156,22.337501535690887,0.08971071978472588,23.307062618303796,0.11529764520081358,22.720173115629798,0.08728415448095317,21.794973894443523,0.06583582713296866,20.97527659266529,0.06713556792183004
5.996520392541769,-72.07214953538919,22.46814040830655,0.04543986133601276,23.943297696170156,0.12332684575118787,23.253299728603054,0.06388855077880412,21.978567633567273,0.04057586039560635,21.156003161274448,0.05631787117743275
5.957105881654113,-72.07213953887045,20.871872936544637,0.010677707785270754,21.721962965087528,0.01440115667775454,21.303444013563492,0.011336922480208582,20.607713284991924,0.007968832059197527,20.17403689526489,0.006730931435163068
6.0798226776563125,-72.07214079834735,21.40680596613552,0.0325168532340219,22.44833060090898,0.05615064001365152,21.92769382728566,0.03954730814609818,21.112599817292946,0.026413796528884946,20.47454179227868,0.02963675137547813
6.119124311059044,-72.0720792229126,19.33297334073991,0.006308506910175567,19.913955560143194,0.005866397753712991,19.671811878695607,0.005365941750823637,19.17971734600414,0.005281987218207494,18.98163211468183,0.005758232681161214
6.102294148644908,-72.0720582016807,21.96984170873682,0.012469044110938764,23.517957099598412,0.03942981049935694,22.847931296139386,0.022280809250817983,21.877139064647174,0.011814672273664563,21.143149441674716,0.019310143778231717
5.96919337949156,-72.0720614384079,19.64270382533933,0.013125200233770737,20.214056801395103,0.0073230385972024,19.97221678902313,0.00897204327824562,19.444758399812017,0.009326598312123275,19.24573682417212,0.011882312865224114
6.081786483755344,-72.07205022967814,18.52974980382555,0.008509707083493521,18.977870438554262,0.006234191169460333,18.75097276200971,0.007550414505453669,18.391817113271195,0.009069793441678964,18.243250195971562,0.013267040525100837
6.115970183370435,-72.07203481721318,19.077441475327436,0.0026745435639344,19.596963601129104,0.002304406298434155,19.369703353862604,0.001992915620415318,18.92661108669042,0.0017265459418405126,18.747991314608015,0.003799498724127491
5.969510727556624,-72.07203247934488,18.427857856093542,0.004891958897304565,18.891688321218005,0.0032344977332201923,18.646169035567006,0.0037408840028014165,18.304596724840096,0.005709248407737925,18.154870306563232,0.010104617100355977
6.05323607814313,-72.07203668659199,18.610427828934828,0.006853215396428072,19.081857782285212,0.005019477370461483,18.839393811403014,0.005569453563850293,18.486718645065743,0.006416625887471078,18.299872271033003,0.010760145603693509
5.9740142670499585,-72.07202157625719,22.097304370981735,0.029854262780450086,23.06385894242011,0.06361699808728243,22.55399834785623,0.03499308372979069,21.632054847780502,0.023387693599866442,20.88035604061232,0.02201159847943812
6.039963796691471,-72.07201364626177,19.142316744477366,0.005107260194754353,19.669128380502087,0.005362393793595916,19.39045706241175,0.005610271058859698,18.990289869992445,0.004214859972658908,18.74702557301068,0.00585897697143646
6.082580568603099,-72.07200152032583,20.33565940362102,0.021030355940034894,21.02605184513458,0.021703548449563466,20.660250049657968,0.021150097649326,20.115179430087267,0.01551083533896825,19.787838475225428,0.012982364134539903
6.065219575715753,-72.07199560761477,20.14398648483135,0.01092409273318208,20.89288517147851,0.00775105805773018,20.51808408110005,0.006297301346946107,19.945593605346033,0.00789120522762059,19.580005892625714,0.015000778606508992
6.123367883598999,-72.07195234428325,21.335932612110344,0.005663299883590374,22.23907672614957,0.01051233516943112,21.828512959797926,0.0062114509135744915,20.986063027229918,0.004769937462165627,20.464383242467,0.005394990422901302
6.092167609594157,-72.07197192604099,18.06292408956263,0.00301105602153672,18.48277932684684,0.0026668616173413785,18.266464463827937,0.0021845309104260805,17.94621303779806,0.002831295698650898,17.843373927034207,0.0030230645243129973
6.084787747379305,-72.07197406465838,20.752402908548024,0.013278955958468806,21.519920940571133,0.02042147474024916,21.18242817149372,0.01709542778559129,20.476522751986955,0.012685366436318799,19.998494493648266,0.027570475495805487
6.071143019448544,-72.0719414265436,18.993717518358512,0.005121964168877543,19.488948772771685,0.005245291875392241,19.228497709061763,0.005947235536673838,18.82743893311882,0.00434170279010218,18.68287450135312,0.0067702736865380185
5.96669692598806,-72.07194166487726,18.85804033809794,0.00175090740844338,19.339388409780184,0.0014728537415936588,19.070925820450057,0.001399659076518787,18.71892474158136,0.0016312769727464648,18.56197784748435,0.0023308438595267904
6.050310139255471,-72.07194122069373,19.383669299964506,0.006114306570625374,19.944746358979053,0.005772734717363968,19.641579561564534,0.007526706758170031,19.23431125196774,0.005396174655113143,19.00967456312579,0.009767981282134455
6.063532382938223,-72.07188434096051,19.455975451916377,0.01924911082051521,20.01417398247108,0.01774571589438534,19.750618675739354,0.017845013410975843,19.296277239290333,0.017968881314038652,18.960774472418116,0.026002714383530127
5.975538867367491,-72.07188729629408,21.382703071006947,0.08504454525988385,22.331691735573784,0.1093727912790287,21.784642560242304,0.08887772943938872,21.09068138092742,0.08392380507825534,20.55249990280719,0.07616250763773165
6.091748759101452,-72.07187492833012,18.922467334410786,0.003945638229215178,19.413088344390033,0.004464093049996265,19.22821659641948,0.003858983554077831,18.803286249714397,0.0036899678446973747,18.64657113710514,0.006036237772419401
6.103341978656818,-72.07185168840702,18.7318272930677,0.00088275141325218,19.19866358192465,0.0011944326212071652,18.955518255201284,0.0008979805532981924,18.59713621489651,0.0011260842565817325,18.45346786277846,0.001953357495113604
6.093228038505891,-72.0718608312138,21.6737407721446,0.02520604278159692,22.590889488699595,0.02853665328413761,22.14937582764052,0.026271583772796214,21.29148696057061,0.019764476436466026,20.698394011969185,0.020222952253704688
6.057584924146385,-72.07185728973239,19.84500964454975,0.008992111718538382,20.442780930127775,0.00997088126692214,20.11987238437247,0.008921653641620555,19.66817257499723,0.008347916184392984,19.3563257730558,0.010545008721937237
6.105161644647396,-72.07183138207641,17.994533866733374,0.001746471293165892,18.432750367793986,0.0016889612756908117,18.21138194729859,0.0015966231898998922,17.872708736822965,0.0018956152550760874,17.755971379110676,0.0035046715814972345
6.112944865103993,-72.07182464334092,18.930945681229584,0.0012178789711759779,19.411791328670105,0.0010886767237391973,19.16401568026228,0.0007538831655825468,18.782911331770144,0.0014619609824956397,18.626824824288228,0.0024203705850126198
6.0559686294690085,-72.07180970733214,22.928948379512168,0.11153480426773527,23.955863426540517,0.19282707611180483,23.569215512400568,0.13954514259430015,22.28418945701098,0.0996386997892554,21.36229042569918,0.09261906058269298
6.056190183060315,-72.07171457487696,18.045115615300038,0.004853152331083972,18.479053977995235,0.004915901359300964,18.2473807336128,0.004395552584565854,17.931881732253196,0.006182314816862824,17.798032048198493,0.007868537473845805
5.959639107861059,-72.07170259452903,18.461577173972824,0.005954481055360902,18.879269911349773,0.003066471244346258,18.6455023274168,0.0031421081128663567,18.338432396438044,0.003916645007381554,18.223442589396655,0.009500019905350118
6.10892615648428,-72.07169042058007,18.709346926513195,0.0009742875563449971,19.164441026845566,0.0009167954104205727,18.975157805283274,0.0006525434117780591,18.57895365371059,0.000697965632668765,18.443699087857006,0.0019757553934600497
5.972884935460337,-72.07169794329998,19.307734275128983,0.003977323917636869,19.797158641966632,0.004265493528868036,19.56833154227946,0.0036417203975421153,19.168524639066185,0.0052407032645092775,18.985824239918145,0.00672340299488825
6.091642831749515,-72.0716788273714,19.496206607028515,0.004635583874062091,20.04881795027216,0.0037222349516543517,19.87917792933149,0.003976961543306343,19.33023684407297,0.004437568415083518,19.09784966921599,0.007079127258317963
5.994916863562537,-72.07167966555757,22.493025768264108,0.042188890583509636,23.722181975120264,0.07645969112806472,23.112818632908983,0.05381341849092236,22.035190119335432,0.026159234386351145,21.199414173407327,0.024240512713892593
6.069394100897471,-72.07164242193521,18.966373207330836,0.002997758141406831,19.46131192726802,0.002697390495121368,19.258054586589658,0.002886078300073748,18.842027786214018,0.002369832225377684,18.638507766520902,0.0064937775645017015
6.091245195290119,-72.07161828127235,17.94951541308355,0.0025905618700457827,18.35581074100338,0.0019531200633726572,18.16568571433016,0.002404847304009095,17.823811557611755,0.0022446289410910517,17.697255751829196,0.005037787733581062
5.999110007894535,-72.07162904900392,18.46985948272113,0.00563758173827887,18.923153531430643,0.006083006750519892,18.717386054604766,0.006148856664190874,18.363799609839276,0.0057918922878645975,18.215952456999865,0.008135048785240611
5.947858010345793,-72.07161074722416,21.236565308118475,0.012714904156632756,22.104256049814737,0.016766633065756657,21.718074925518323,0.015790610658786702,20.855582013304804,0.011687847830724511,20.356337642955147,0.01282894243843492
5.946723180337619,-72.07159052951643,20.929453356057298,0.015021585948643555,21.76998808125375,0.012789806971464838,21.383049791624657,0.013713890607600964,20.62900823648313,0.014865854053296242,20.177122348435397,0.013928866278286304
6.090249511230921,-72.07158649797626,20.80692222650183,0.015002445689597481,21.570000637637314,0.02080467978676322,21.202431550483674,0.018012061643049165,20.539386384986457,0.01415222963162748,20.03351329533374,0.05027347175557009
6.058904253659902,-72.07159507222465,19.178323950222097,0.005830415315314601,19.722913110153456,0.005036752674620249,19.44802934287494,0.005185103023657729,19.04590259695776,0.005393972587696213,18.8485889420134,0.0058796096957717614
6.070144947860066,-72.07158928307734,19.07888351379015,0.005341157386358206,19.6186219005333,0.005391853060462875,19.344052313759214,0.004912368414407765,18.93939077965581,0.004857577682459316,18.73657348770555,0.0070083377707326555
5.991621875036663,-72.07157332607976,18.065094890981985,0.0018307215825256722,18.492425519866238,0.0020185738884051538,18.321665816038575,0.0020266116071232334,17.960314353950494,0.0017844941851783967,17.811273045610143,0.004040819888720599
6.07974149138397,-72.07154671552252,19.976031950842557,0.005145992993733855,20.639056567472537,0.0059639614500757,20.30053790577722,0.004901946932404773,19.76859133908964,0.004606800551089402,19.481275706549425,0.005944402812890729
6.064643831049496,-72.07153934765442,19.396216721532777,0.0036000290395001694,19.97502045944988,0.003155223040058589,19.679878213837462,0.0022722863014720293,19.234631878171122,0.0023674621077639266,18.97544944656093,0.004356834340717955
6.091991818521425,-72.07147698820266,21.626581045395884,0.03762931883812944,22.56932421629911,0.06164785494978927,22.070318839418903,0.052335467283088535,21.170040000147722,0.044768598485095096,20.68585296219066,0.04949614328368027
5.977316903347316,-72.07148729655708,20.775388703659278,0.016896967346327958,21.602989917821475,0.02169766372560909,21.252850787822616,0.015107490606488496,20.513776513424105,0.01962193847446985,20.03095763728195,0.021316335575034085
6.068143377627689,-72.07147655212896,19.132484962554347,0.006722747827221461,19.684554517621066,0.00389138383501225,19.40286710038918,0.005126324148493568,18.990534476051764,0.00607233336526286,18.790943443442124,0.0075300601499755865
6.10420133150738,-72.07143203507454,19.261124809438808,0.0020821784044039904,19.822730079449855,0.001630074465490252,19.526629555589544,0.0020609112779293253,19.095127154915247,0.0020584954683730864,18.918894337265613,0.0025432841533276694
6.080769500979505,-72.07144775699636,17.91432952343725,0.0027326913962580847,18.34062363495616,0.0021108036638744243,18.199502171077363,0.002911017909920469,17.79755983097077,0.0026687808301471484,17.668630183727508,0.003737426260174773
6.074315662516546,-72.07144049691298,20.4514975235432,0.00920449062357178,21.255222183996906,0.010751895144191653,20.82807066139378,0.008978368607094006,20.21762312200085,0.011587529031122335,19.794691413406916,0.013944769328281812
6.073274501744418,-72.07144808327466,19.261868777035172,0.0034645198123781015,19.825045857910993,0.004216338659436559,19.539809982315454,0.004151062685536306,19.104607469044723,0.003961213397842546,18.902248999099605,0.007219646745208247
6.050079590880834,-72.07144210911669,18.650194451852787,0.006208336990382623,19.10598487431544,0.003900824500201116,18.859089005861293,0.004709835256670875,18.52240362201963,0.005780876387074538,18.349203765724717,0.009399713994737297
5.980199030061574,-72.07143826995868,19.278914126773355,0.004652665400298498,19.810306805669818,0.004256153080846629,19.506373316377157,0.003901557749917828,19.08584652860999,0.003730358189805556,18.870021843227867,0.007997485266026299
6.091579821322961,-72.0714315290288,21.40224403458698,0.024866061402183785,22.37001589004769,0.04509388591414598,21.91157021541609,0.03383723300574031,21.000637924123723,0.019975533654272307,20.44818465692169,0.02596439523949653
5.964593435242136,-72.07143310901083,18.61578094876602,0.0022798704723638184,19.04247481613769,0.0021387866584287544,18.792698949996563,0.002016913239405716,18.477623670752507,0.0019048944122643042,18.352350425452038,0.0026734823346482163
6.107750591273955,-72.07139246256402,20.18395432080597,0.0032860959840204963,20.899296416843242,0.004252449986124477,20.54024210582954,0.003148359335393753,19.982782230324958,0.0025751171328699082,19.664709188723116,0.004722502924852877
6.065252553633636,-72.07139460175851,17.58339822927105,0.0016983580556674375,18.041009136428514,0.0014983686891832137,17.801655496414412,0.001558757050327756,17.463657791568217,0.0017777310570118263,17.30373722068628,0.002257404818356183
6.077983565166237,-72.07137170727471,19.36921007810702,0.003906273737239386,19.944208041914848,0.003908061275556311,19.66065541553081,0.003083116818777973,19.222130284355174,0.0029583685704007113,19.010338957056767,0.007434537609868736
6.098909802417374,-72.07135113360849,18.807174611328595,0.0030682946596023173,19.301067518520405,0.0022503620033323627,19.05503627369886,0.0024430574450412797,18.668386734432495,0.0032527079352980062,18.512730401109827,0.004055983212594617
6.081261181638142,-72.07136317832165,19.36109816410919,0.005129180567633772,19.915487275943406,0.006190172500140853,19.63555062020776,0.005200132805304273,19.203396479656135,0.0054378522634251115,19.00417195802401,0.00913705084347764
6.103563579222756,-72.07133092786441,22.058932021194817,0.010416968783181097,23.269913762706224,0.02781530501530859,22.69716543619299,0.011877777009169588,21.67663526453824,0.007251414492844927,20.940786408470586,0.006468572468709451
6.0966504202895075,-72.0712957665281,20.057322933037565,0.002393972175523342,20.71376162001988,0.002850215092463062,20.440477905067574,0.0019273389478686362,19.8399130984009,0.001846315696581047,19.56494090176212,0.002801058032155342
6.057979695844763,-72.07130485965253,18.67605228722292,0.0025354155054234983,19.143053620509377,0.002753597826963164,18.89712934259419,0.0026441767117377237,18.549190178135007,0.002558207558283396,18.389230752738463,0.0038827188571129425
6.051673706850994,-72.071309891708,20.04300856652097,0.012020905793179788,20.69271237412883,0.014081230533301068,20.338180256328123,0.015479690256147103,19.858717287709368,0.01029155075777999,19.544067389998666,0.010574841714165603
6.040771728589167,-72.07131705289338,18.357623119096456,0.0034880020624778385,18.84782629885651,0.002979622197682215,18.61379856360295,0.0034652236274745445,18.225054604389797,0.003411856679371123,18.036454226240245,0.003901873998553571
6.007125597570829,-72.07130458944941,20.889517353358595,0.016171208435618162,21.392132464652704,0.019127560914600026,21.285935073517493,0.019884449517196277,20.63186942176511,0.016047712186331237,20.175453134203252,0.013215232034287105
6.10504675232603,-72.07126908433106,19.63254284751621,0.005168728126995026,20.24851907764844,0.004449217903567197,19.982131542984007,0.00513224530167094,19.449864928171316,0.006080411400813969,19.21776270594814,0.007461691155520778
6.062795956644738,-72.07128710734169,17.975743374548383,0.003317049011352022,18.392738062732917,0.003305360886807929,18.171902042429366,0.0027772491015480238,17.86088362373065,0.0026465757940777957,17.71519636294115,0.006476584680140875
6.089606559446879,-72.07126698576685,21.933292591432167,0.017668891637907046,23.26559608374395,0.03947682019032881,22.582641322700262,0.02169841629043058,21.487192749182874,0.015246931777259397,20.73437641945882,0.024349958488462702
6.080278236493496,-72.07126848089642,18.322372677346163,0.006430132446425424,18.748803046990716,0.003726062343735499,18.529760206401143,0.00463897241842145,18.168442048310908,0.0052078989027055005,18.04573322540712,0.007335385670996615
6.100846378343772,-72.0712501848425,18.298822698805463,0.0029219483292613887,18.735214684975816,0.0012682743881216193,18.514517495936737,0.0016404043454242166,18.1682845499423,0.0027309426634244474,18.062178962600626,0.003335115454858581
6.117990180322618,-72.0712165238876,19.560320601225623,0.0026932407937034822,20.168242413226956,0.0024300128837745952,19.901132223553823,0.002387528758427819,19.387930258015885,0.0025119787468614657,19.186017131221746,0.0036434646477311572
6.0712853065054215,-72.0712301312912,20.423868948044255,0.023408262740058045,21.13081524930812,0.028072204843586787,20.801463599040105,0.02402053221774114,20.170170935468533,0.01967342780181311,19.83138184313328,0.0272230935936902
6.090381405938823,-72.07122104572822,19.198807553654543,0.0041765850987432185,19.741927546085158,0.0038098761307220454,19.49612651882135,0.0033512320313907377,19.031186629149545,0.006312555841944773,18.689497617737246,0.027603910196342243
5.982950721774423,-72.07122366962936,18.344643636308188,0.0012831087114243168,18.773841385089504,0.0010564528344631226,18.530231850360522,0.0009591720224980949,18.223377841193006,0.0013211882051325213,18.104414940205523,0.0018523390866059604
5.966911580784167,-72.07122135470114,18.497850924895506,0.0028459348647111864,18.936196669345257,0.0025094811347279172,18.751290978909616,0.0025862944792053445,18.373262112217347,0.003073968385398879,18.233064292484876,0.005507292277760819
6.106940243229522,-72.07117204784204,21.36680953887433,0.02496840543694819,22.365091773602472,0.04246809072838645,21.885906582831502,0.0244301943106019,21.016435372318547,0.032767431847040396,20.445709805077477,0.029967628092848402
6.074974445099336,-72.07117488516697,18.58076671210974,0.002915122869625431,19.02556988095011,0.0034239869715107507,18.78821549952702,0.0036157119052676553,18.447958822440512,0.002211507117501861,18.31377786452677,0.0030518396630658602
6.067725686726219,-72.07116108221481,18.709003884607373,0.0028628699354244324,19.210907420743546,0.002930316287553564,18.965986620667643,0.0033260401539636723,18.58895195774212,0.002689942337855508,18.39213079260032,0.0031647965604569305
5.961296994921374,-72.07116031835236,18.395900531594,0.002397651685633901,18.820077543792223,0.0023405032340093274,18.61537497685876,0.0017378871578691715,18.26527052060068,0.002150962901286295,18.11963864085049,0.0028693337404874105
6.079373755109459,-72.07113660717849,21.527174352468553,0.033965092666087514,22.13799765572206,0.04083262502521602,21.831025414284923,0.04051635026651382,21.078471399625144,0.033726018192730876,20.491931457619295,0.03304510618081467
6.046348663521321,-72.07113937937729,19.23652271394244,0.013053562618882004,19.778505050222577,0.006889576810360008,19.52201972561442,0.007167039154157876,19.141251885804692,0.005942151545607753,18.854083033339087,0.017394071549506878
6.034193084652374,-72.07113692951953,19.705323722288075,0.03575500424903021,20.350766848833153,0.02060563893164157,20.019284005116127,0.025429011985375914,19.48305213053458,0.03903206716922954,19.300539094927487,0.053643475517211686
6.0447440247989705,-72.07112420480627,19.96012163417957,0.02387670435814322,20.545384710761198,0.02596066750091625,20.217267768342246,0.02616738618673587,19.768494814223786,0.02021391946568173,19.43016512313421,0.028658836695580937
6.127739421131275,-72.07108473925992,21.589472849943423,0.007101531001153114,21.88316291983044,0.007951750874095274,21.74205239121043,0.0055906113576099075,21.512710344429934,0.007149300516085706,21.38337463625672,0.014634987399360432
6.09844658090626,-72.07108129900988,20.106516678154936,0.005866111208493868,20.82285391914433,0.006847143654750315,20.5112854480359,0.0059776576016856535,19.90048238357636,0.005014612456537536,19.577470149559353,0.007127610767255454
6.0511317449763204,-72.07108570082802,19.02280843050593,0.014535908799672134,19.56756927709425,0.013740925326902322,19.28451810251601,0.013704738537464576,18.85631972693035,0.014605662440704893,18.598987771499907,0.024013370724705344
6.107875100787546,-72.07103829313805,21.617943718669064,0.011943994829587518,22.70308919828132,0.028971742635534075,22.16545507308512,0.013731373466591562,21.264251815307787,0.00802630137261378,20.57972202036818,0.0051308276312446565
6.073456827318847,-72.0710621637048,20.36808511469103,0.03493525129702705,21.172741186287126,0.030703061179471913,20.747778977135617,0.03197749137900443,20.095235712076686,0.032781567298284194,19.669020607416464,0.035665771880504744
6.059192587019908,-72.07106421247694,20.637397927998858,0.010627188209896983,21.400198394466912,0.015387391794978325,21.009110897821756,0.011084450962052543,20.36637984775635,0.00827708299756843,19.93216676285133,0.009584808139636825
6.0690332056644785,-72.07104638786105,18.72919945584704,0.0016792940876007836,19.205913966045046,0.001555191867346986,18.96078655353208,0.0015538854156493752,18.604069187111705,0.0019232346272316488,18.44630830479673,0.0020878455752684887
6.072107461808535,-72.0710329590858,18.446615686952843,0.004836173879612866,18.891138439116204,0.0033236279144063267,18.662746220836517,0.004215660566181643,18.325536210560017,0.004188528198864462,18.14527761552715,0.007546628981655116
6.079323162637852,-72.07100595754392,22.26243078554919,0.05920998208868774,23.618853728364833,0.11775472056347784,23.01519304343453,0.08294807246413399,21.824708194904012,0.038199166064076785,21.11152926205191,0.04756236145419434
6.062477638211592,-72.07100993204861,19.536606674794147,0.007082443324375958,20.117370130619598,0.005155109295091025,19.830541986685127,0.005431228387834981,19.37610596844801,0.005631929297118931,19.14048468696177,0.007928144129768923
6.070888912554076,-72.07100203766575,18.276732957858226,0.0030889370168976594,18.69780411323319,0.0028089078334885454,18.480335039594408,0.0028182742359061054,18.159552605416152,0.0032231060449394913,18.03250590569168,0.005233939032217563
6.063167498051908,-72.0710072679844,18.65773943495704,0.003047278819803567,19.12095375956732,0.002277145362697912,18.873453652831223,0.0029686987435606706,18.533167182523158,0.0031954875406218167,18.367494853929678,0.004394761324868823
6.074142804015721,-72.07098195497923,19.15514492297361,0.013199598390538006,19.690783209455205,0.009233099450353707,19.420043941885908,0.010743590789232796,19.003379983789273,0.015493232063209095,18.799262496579566,0.025920144827708585
5.976491946562788,-72.07097640250592,18.980348097624283,0.007835174752366992,19.453231525546677,0.0045338934403274115,19.190968328491714,0.004189713491443809,18.838117300348856,0.005987201746354163,18.68161166005973,0.007436054357737802
6.070187950657937,-72.07093960293597,19.16254231516297,0.0026180140682167366,19.691535553536838,0.002706772068759567,19.42387205322376,0.002532981231071693,19.021318119615948,0.002267222339742433,18.820014746333513,0.004193740734125505
6.057536352410176,-72.07095053243465,18.141471217310393,0.005063752318298342,18.567675772691437,0.0041515079445677335,18.34876796601217,0.004100098351127814,18.032851770115258,0.004743672694953748,17.907400712058823,0.004760719931083856
5.989141830054407,-72.07095319327519,18.757312351102474,0.002945643742296853,19.210420013165518,0.002304451468504004,19.023134391032293,0.0030137947306798645,18.59882226890575,0.002729513929494702,18.436696471422884,0.00437737064060943
6.1011045578043,-72.07090032812584,19.216172487863172,0.0013582257946414733,19.873672790396697,0.001589448096538852,19.53903181181628,0.0014650962478258232,19.02374631221612,0.0015893429330585105,18.74342378361125,0.0031207076235045825
6.059097621301646,-72.07090044493687,19.890762168423098,0.004856459885395348,20.5118398709087,0.0049863611626878674,20.190641658986856,0.003944795200434073,19.709825933674274,0.006127899684271188,19.467511280371944,0.008410334688782314
6.08271438825668,-72.0708825233584,18.81323909820691,0.0029491207168631083,19.306221004052198,0.002246167307493378,19.076651465476907,0.002101582958379722,18.695553544321477,0.002621691816171319,18.542817747803497,0.0032780112099575803
6.050986872477662,-72.07088777257677,17.861168064914846,0.006449341638357726,18.2694311546336,0.005667475981893046,18.052732153690343,0.004683031112335306,17.737990438872416,0.0035734157210391775,17.542404307605175,0.013166738704053441
6.091760107742292,-72.0708782991093,20.26987202570888,0.008800751229617172,20.826777799685978,0.0044255820375106725,20.6699179904109,0.006161451744695809,19.998872359181185,0.007956092141810707,19.814732163931076,0.024592397915881716
6.062497670783828,-72.07087156622626,18.59566734338591,0.0018066156724477233,19.046287642367325,0.001805787793726249,18.8046056805873,0.0014341734492031555,18.461973235048823,0.001914020111336959,18.318363356318294,0.002801312672936031
6.050195383336848,-72.07088026160216,20.06956268701656,0.00888712942262687,20.75815032895315,0.00861817596609327,20.390223195755965,0.00811061860651714,19.86758341858259,0.009108561035332169,19.5756255531618,0.009354452608065606
6.067290981210899,-72.07086084900747,20.76156080613458,0.011462338931261397,21.55856840479928,0.023359425608758966,21.18176702211997,0.016995141520841316,20.50438009086568,0.012494718515009696,20.00516200762644,0.02237886744754722
5.948476604996789,-72.07085222487711,21.526788801821926,0.02683173776232685,22.43835484602446,0.026148067122698085,21.958466757896296,0.027474824191498565,21.12660875154218,0.023599516183884946,20.54510534711583,0.015317990434845965
6.1020643556918905,-72.07083781360049,20.08912734297512,0.0030096049985581094,20.768023254911803,0.0030204982077781423,20.416937586183927,0.00222359045705557,19.8647563947102,0.0024766651494120217,19.57297804474571,0.0043519524984898415
5.957107431514527,-72.07081929353605,18.124759559184636,0.0018901966473436134,18.55719238226819,0.0016434582964332627,18.31179304288751,0.0019302242459598748,18.012651436380104,0.002124672924391039,17.897031193561162,0.0042021434779620495
6.059370194707589,-72.07082171974939,21.83990049218048,0.031769047944088594,22.825687562618597,0.061930639893324674,22.269026556727802,0.03063204787338538,21.35687919686589,0.027734438850937734,20.802413026392628,0.0353488824696472
5.996492289001026,-72.07080507078155,20.01692600556733,0.006048333540651693,20.68738999935134,0.005718583648186964,20.33403012115511,0.004690810466500959,19.817688049178862,0.005475474281490202,19.495510871388795,0.007146823596757838
6.071388575400232,-72.07079683892387,19.658191525087478,0.0071580606744033794,20.286556758717786,0.00838927866316,19.95417604231303,0.007318721146930761,19.50962487249987,0.005727679458693776,19.19306211224052,0.02024581712707691
6.064108452936355,-72.0707977083587,19.267135187146845,0.003193427400395338,19.827847543699093,0.0031616780276300465,19.5333374915404,0.0025950609254451777,19.105229852223445,0.003514986729334854,18.901868553367784,0.0059337586211040735
6.000581822443647,-72.07078851278357,21.92804804232154,0.04890612234816178,23.03059646568711,0.07424420928001577,22.464983026608323,0.052670770835389714,21.567560157426833,0.04225945676188368,20.90163730909599,0.043930978927922554
6.099582247662204,-72.0707628058911,19.259643683520654,0.003561121626070526,19.79788615692953,0.0032604153980809736,19.514215952760665,0.0031256313800774767,19.102375971016016,0.0031373526546452837,18.878308786216458,0.006891038218819112
6.063037139605796,-72.0707492403247,19.42617222650787,0.004224836888025771,20.006110854006145,0.0037495310431208224,19.706669327982418,0.004086790999700752,19.276721431381382,0.004518521472195077,19.032522789289438,0.00764460579924899
5.99883017637652,-72.07075916168168,20.79976201175234,0.021159512444330765,21.593461466868234,0.02301479355923663,21.186522693735384,0.013806624370515858,20.545096679253035,0.01616725822136839,20.15719117635468,0.01760230099633966
6.079542790451732,-72.07073448344606,20.23611707650119,0.008393689919994445,20.94334369572956,0.008693773494436377,20.595244309784377,0.007916651788431428,20.01315704107102,0.00797837386573319,19.683175147408683,0.008582807579915034
5.989272412778002,-72.07073278152889,18.87416231894854,0.005923298590881053,19.342230769518657,0.005755012606394736,19.08009171719175,0.005685764224856452,18.741317307699035,0.006100176233085944,18.572722700430305,0.008068601604244769
6.108231136815917,-72.07070563050523,19.053422092821155,0.004487842401256185,19.579835903038273,0.0036723766445818785,19.309428283360553,0.003227958529162288,18.906533018879514,0.0040523303852705314,18.708601802448563,0.011507105380777217
6.093294887008691,-72.07069971481748,21.62691283336041,0.01781352666102932,22.567063708296153,0.02718138831189555,22.139586135304462,0.02061945026574959,21.30780093267328,0.01629781160643009,20.825368622784758,0.03754809993932697
6.082337871677709,-72.07070146765031,18.254697335995314,0.0015316471472798627,18.684343916578413,0.0010961705432451794,18.544467854435112,0.001057570200142203,18.12822073762898,0.0014249901656390714,17.99999337349214,0.002596541338301456
6.040024534712383,-72.07072129858749,18.946594375350447,0.00781516005891799,19.408284285061924,0.008949111510351439,19.167134424998714,0.0072624156336433335,18.82136749140814,0.011857616387655348,18.62035243382976,0.015045172063701867
6.009163203988898,-72.0706926308564,21.186904879506212,0.06700256396148396,22.112197443745316,0.0831422681266624,21.712081454029708,0.07766082465660064,20.90166231598537,0.05547637607385955,20.280426371562086,0.06979962111760891
6.081085211029266,-72.07066848799965,19.975158286458875,0.004894940666055865,20.620431432100872,0.006096668286782872,20.344623002614348,0.005245344610306539,19.778356775882926,0.004099452146314936,19.50167884026999,0.006519175125256067
5.976953319755799,-72.0706563624109,21.46919872217992,0.015096123486431148,22.54652918917691,0.027532623136782734,21.970720036438507,0.016717419768206142,21.1182259864662,0.01200775030412747,20.511051571222346,0.01263318518413743
6.104390507611769,-72.07064875154917,21.141179469700635,0.009618870338659553,22.069831413914443,0.015053285710349102,21.626008575855664,0.010188407731479492,20.82787359740078,0.006533027954536686,20.30960745705577,0.009059607575729734
6.061317784775051,-72.07064677477746,18.919176574597298,0.002286593444158853,19.396792776142874,0.0019522686034456427,19.13808687166719,0.0020091509761804025,18.77078254173597,0.002159810818716335,18.594113516837652,0.0024299014782297183
6.112436264659836,-72.07060740249439,21.669333219802486,0.015918642235306858,22.648456726695372,0.026044597934202936,22.194817202187302,0.01903973853566863,21.256202041509752,0.011101019670481983,20.605832789662436,0.014923463471096618
6.046385522897432,-72.07063543756959,20.689831094877082,0.01691216232068719,21.457712004042122,0.01526836663953461,21.06690061964192,0.01061849904972969,20.391408944453353,0.01638914654276377,19.970081324301148,0.02695274984254143
5.981145829134678,-72.07062465596992,19.82388828473923,0.004660404924151739,20.491525352136506,0.0048705533311209455,20.134483417772124,0.004465568693039794,19.635786881432402,0.004101522043260575,19.38122888659293,0.0060312314176584995
5.97966571824278,-72.07062146930342,19.585519806283127,0.0034803371320350795,20.183577804712705,0.00483864994645651,19.85548906673433,0.0034451306268887994,19.421426303963457,0.0029463167543310386,19.171261119585857,0.005570719147780701
6.104807759119895,-72.07059687218606,20.17512633840774,0.004553944891243395,20.877878976288514,0.005852825678667948,20.573503099503938,0.004290949488010939,19.940599124622693,0.004196775561340309,19.625380892432908,0.007884063594617085
6.062125324192925,-72.07057669206941,19.616858183109148,0.007177213909446079,20.205827267717964,0.008270530766062758,19.895767453011743,0.00647684576897938,19.443598346181744,0.007129926428820393,19.19706264274742,0.009205647619607753
5.994631151876972,-72.07057707193498,17.99701280435991,0.002154925279675086,18.411631916038495,0.001567828889895985,18.19407819008098,0.0017156687799198763,17.880442101295763,0.0019872390143115077,17.758546432219113,0.0023672907171304342
6.081485325212116,-72.07056329922739,20.72236269724534,0.008196454946736303,21.492938944769342,0.013270075626223248,21.125260743778902,0.009919694688701311,20.435376183162823,0.00716898002660005,19.993257251243456,0.009950781832037492
6.0687360568614945,-72.0705373346584,17.8220346314581,0.002350950963053705,18.27971591278439,0.001940518496231277,18.05790992541683,0.0023983375483442133,17.742612998358112,0.0020288627701483064,17.611056433259506,0.0029546907615781806
6.088944591797308,-72.07052755029075,18.03440629257472,0.003641272327593692,18.465144414734283,0.0020567868039755672,18.252967752394305,0.002616475289335392,17.924460101071,0.003322484015324103,17.79485541918676,0.0068883789297190775
6.079522000105628,-72.070533955475,18.53544019921308,0.0025573343652680334,18.993101820971383,0.002440500283220326,18.824804991928637,0.0028892217705663386,18.4064023537686,0.0028789070434852644,18.25066834394567,0.0050196960310245255
6.068321132635864,-72.07052889429517,20.20799088719689,0.005854854991375019,20.88924877424312,0.0077115131153221265,20.596628816499177,0.005932653474947183,20.002147763958845,0.0043108221070256615,19.644945823728953,0.01034765721081226
6.061936915268451,-72.0704908323758,19.59729088662404,0.0073028651995978066,20.19021871642469,0.007909122962928896,19.872392826087875,0.006660191300245293,19.41858895579219,0.006559233316632298,19.18010980314601,0.007322074363616918
5.998342208307931,-72.070483976654,19.054677481386097,0.005312907948234001,19.556885598501204,0.004227763171954468,19.290985522939444,0.005108766649390892,18.915197965353904,0.005964407554309872,18.745538829166797,0.008961397458637553
6.070319639923312,-72.07047546568674,19.796837186367743,0.0046017701339588065,20.412880355374348,0.005709588254690375,20.104272840748287,0.004728331684242854,19.600520626685594,0.003412125044072521,19.320777915185154,0.007474752605853131
6.045472759638672,-72.07048306549642,20.894042172354215,0.018826310402223267,21.77734089782159,0.03307538969777486,21.323629691534727,0.028560412023322095,20.592231452517453,0.021617833923640074,20.16907759469106,0.029592988732301994
6.024977101390268,-72.07047112919561,19.123433232721023,0.0036250112670918816,19.613555488067448,0.003089082379729898,19.414167859902584,0.0034479713900811802,18.975607805873878,0.003017120936183499,18.791706361111842,0.0034749637939850684
6.0470199881119635,-72.07045367085716,18.96271464110586,0.003973437976714502,19.576775516264355,0.0037728816081273177,19.26352006979993,0.003214880301839828,18.78129353404553,0.0033824798590991376,18.505123600197734,0.004891652328738256
6.08503014325359,-72.07042203256279,21.694815095116017,0.00914439309996418,22.680284473356913,0.019749801925813094,22.217345259583283,0.009218914839888664,21.289562532136003,0.0066726692837065695,20.68511105918254,0.006873980262461915
6.0410294055498035,-72.07040568314211,17.98108008651015,0.0023654693008245747,18.41173070165351,0.0018164530639531587,18.18528759458748,0.0021608138970315074,17.86979464401739,0.0023548258027479285,17.727802862910217,0.004166404298385215
6.100888001969682,-72.07037756881127,19.38050453217549,0.0012410847263626878,19.96164014504528,0.0017693431173176617,19.667899140945934,0.0011243414070706004,19.211445740933613,0.0014375934449005544,19.010244528528368,0.0017615910696520594
6.068371285700421,-72.07038648163403,21.97208806770109,0.05906131068923418,23.171152025136898,0.08754400358316453,22.70082668517645,0.06802118277578176,21.615354545524063,0.041366921592593295,20.846660429537458,0.03587948147091943
6.0790281220705635,-72.07037271352907,19.1050253226875,0.005002657666055113,19.67043483511023,0.0037271283409777297,19.385699148239887,0.004239924784213245,18.939215717339152,0.0051051466396389855,18.733567394311066,0.007388153900258364
6.058773195212173,-72.07038239271853,17.994953820738633,0.003306072181466149,18.420495877085678,0.0020086315117967242,18.20105953356795,0.002845966898190521,17.890334786972346,0.003233011667252185,17.74812154847409,0.004730941441756813
6.103053803858654,-72.07035406958055,19.62621619969573,0.0033577280800577212,20.222613829830365,0.003037913729636334,19.92413429706837,0.002716697221747345,19.45496467498171,0.003373636844636953,19.226305108570806,0.004121521675233852
5.998533168242542,-72.07035546095992,17.88057957949471,0.0021897620260174435,18.30081628948126,0.0014335474990823174,18.06708655473701,0.002003948754717717,17.774920400743994,0.0020625211716198593,17.646658673674764,0.003249206851102831
6.051950004874377,-72.0703434715846,17.614788799716866,0.0033352490967642617,18.039734377676673,0.002892146425584641,17.878995019201305,0.0028658332655621226,17.508014076240784,0.00287709680506907,17.354262927486978,0.004148453439173652
6.070544108901348,-72.0703134331927,21.524369294357864,0.01887949858653325,22.51396391575635,0.045309791357926614,22.004587384856585,0.027768536393437498,21.136297423848397,0.0181431603094047,20.545427402910335,0.01851977441468587
6.024384754273059,-72.07032351582974,20.011687582318327,0.005147723472531066,20.672930724978784,0.005578598690131431,20.32090781366157,0.0038678737292263126,19.78949993328078,0.003798376416970935,19.46907418644517,0.007744650011964767
6.085914958508781,-72.07029804856161,18.035049577546,0.0028090849674781344,18.465811572413706,0.0024048335210418844,18.245884784840364,0.0022599382116025605,17.91916506099065,0.002935833419830861,17.798516250812703,0.003985176054126168
6.082936182925039,-72.07030612596931,20.53365283704507,0.00480063935579372,21.294046854992025,0.007229020628376785,20.920720330765597,0.005318568516743878,20.262490822324274,0.004948189045744881,19.863284174081173,0.0063802663188984865
6.122132090138205,-72.07026800690659,18.249461473294414,0.0016405059801520604,18.703155419898174,0.0015705479278978326,18.4717158933045,0.0014023354341604563,18.12998825013191,0.0019151450866937115,17.998423714917926,0.003183701225900331
5.999339043336542,-72.07029445889548,19.20054834170924,0.00473477485492705,19.753519394335882,0.005018568746686959,19.498083885077357,0.004262974259422179,19.06851135575078,0.005070245646708951,18.875402171823744,0.006336251040823771
5.967389047037496,-72.07028058700014,20.02916341536083,0.0030561199427543073,20.863750608321297,0.004081278601453262,20.4746560440528,0.0029889187643771507,19.91867624228118,0.0029051620943061295,19.590224847394005,0.003668384329555484
6.100120492970272,-72.07027798560883,19.644371169152453,0.0015323113952712387,20.264272940423034,0.002041333438490282,19.953739276154543,0.0013077709827184398,19.469695824024768,0.0016693018750600379,19.236960462830687,0.0020412746082209246
6.02649964848183,-72.07026353292592,18.743255464676313,0.0050802477161346424,19.216463253104806,0.004197780312904785,19.028478940353153,0.005022323131423197,18.608589288167472,0.005176806877419825,18.447451659325623,0.009297667046857307
5.97552001383086,-72.07024087036729,20.76272595822753,0.01123384331845737,21.560546903274357,0.01607623694161771,21.1802289624274,0.010494180853728493,20.462211301523958,0.01259784217521428,20.006747532490337,0.021237918859028464
6.096870532157843,-72.07023019124867,18.787083660611092,0.003241615202248054,19.286880784931775,0.0018972125404440397,19.02462369862264,0.0025459814011212297,18.63600612787122,0.002798747553021211,18.465539227407646,0.003513707519007057
6.046918940096617,-72.07023309438709,17.992117888275434,0.006893590482023712,18.415601382933602,0.00411311752918087,18.186652358200256,0.0049201975351340025,17.88405608815153,0.0057595196090288485,17.729206409873065,0.008070435729331105
5.977502136258032,-72.07022435118148,18.276807631696176,0.002972067385355823,18.695092627577893,0.0023942523651909217,18.519645939494914,0.0026918707374778434,18.164536477655453,0.0028142594767206664,18.05780500734197,0.003745828839433442
6.077743053060126,-72.07020069642283,21.938889574724524,0.023584566442766037,23.009112763149673,0.03587385873447246,22.48908729502162,0.022047589605172276,21.423203966076272,0.017461601727918524,20.746939289010207,0.01924642654638454
6.063440785211435,-72.07020429465764,20.56098946406806,0.006577211278894857,21.30189231015227,0.010373270926903096,20.948264733764262,0.005582628463992116,20.3008489562936,0.009717182882063928,19.888042946183738,0.009710717017113154
6.110752965731965,-72.07016734196135,21.96326509621746,0.012233173969372615,22.252022057106316,0.012172588447377187,22.09476664192455,0.008699588268992418,21.793327310527275,0.010122253758168701,21.727052456003307,0.014028848403685389
6.072099361239158,-72.07018011688704,18.16492849554785,0.0054086049377171114,18.59222746856254,0.00456588446034366,18.371890795439164,0.0044265330022537856,18.042121515690205,0.005241389966828357,17.921130994992936,0.005363808293055465
6.093622300301702,-72.07016773154902,21.929580190519527,0.014429225698988234,23.109005834329068,0.026138950345834813,22.515609415707864,0.011381663339751574,21.45626056716764,0.018441661689714128,20.841382123098875,0.06596224441480959
6.077227330652563,-72.0701728785643,21.662045146513893,0.015043251809434628,22.638039896989035,0.02447202656111419,22.249267686693315,0.014668288650764472,21.28053565887727,0.011275674533397272,20.634841370496254,0.011201716663545566
6.103005180565845,-72.07015142756141,18.93706759654062,0.0014454617686579707,19.447275518606915,0.001412705533751612,19.24259948117819,0.000999092949575607,18.800300170843464,0.0016207467206687254,18.65397698379863,0.002237196860554472
6.062631381882036,-72.07012003295347,18.620726059632464,0.002966855647575795,19.086798772729637,0.0029463102416175113,18.849414878080417,0.002728296319051347,18.49648429226083,0.002528760994016405,18.34694625706009,0.0031385592304617963
6.025887761682292,-72.07012215085172,17.826679754345708,0.00328284412247324,18.18586459391546,0.00251101797477912,18.013518848796252,0.002767268626863159,17.707609482277768,0.00295737682413462,17.58744115552124,0.0036279326082899565
6.064152301165195,-72.07007434524203,18.79635299479614,0.010327782486145078,19.269418860854543,0.009677219540086459,19.057472644547055,0.010592418362404678,18.644542981528502,0.009237526127567572,18.506889514753176,0.019643952673637555
6.064505491431065,-72.07003851394522,18.564103134148954,0.006570853008323716,19.022606653394043,0.006274519179955354,18.782673743689706,0.005962291994676789,18.420383312593444,0.006177585944655858,18.22672049940362,0.011703741342520146
5.969723624880495,-72.07004342377506,18.935204403536144,0.0045586025874681455,19.44731178548689,0.002072421834427804,19.168088378942606,0.00411400279928631,18.795878096427558,0.003929880600730608,18.64286316144804,0.00536468921581767
6.093310881903215,-72.07002534130207,20.345238020329052,0.004565722661465366,21.106652765550685,0.005001908478521774,20.727016006910098,0.003664695219537652,20.104914784162382,0.0061558379878642825,19.78851646924329,0.023219791289059953
6.058215778480805,-72.07002277108221,20.559528529594697,0.009397013774759265,21.32928157504402,0.010513446051193068,20.956631225388413,0.0074267376927727195,20.312631390447336,0.009293482697453505,19.88922298215015,0.013891730267823005
6.044386211273433,-72.07001330656391,20.35253775073456,0.0065548638283426455,21.07213286034682,0.006592051820933863,20.738634482012735,0.005248127797873496,20.153637249600806,0.006568927281971344,19.768084876575138,0.009096523054126344
5.975789883367891,-72.07000912005796,21.45869605727677,0.028466032541313906,22.505671319357788,0.05505644428103481,22.011388263250993,0.03939605218769921,21.104802464528163,0.02598840696346969,20.499879743846968,0.021598694770354754
6.104773160853223,-72.06998931881458,19.442919895025913,0.0038217780075508615,20.03713485724613,0.0038322510386781987,19.799501282517618,0.0036894423533467427,19.27582215263118,0.00314222047888802,19.051730568768185,0.003452283169728617
6.075971015133766,-72.07000633394497,20.637370047449313,0.009724377868644022,21.46783382748552,0.014250535428627238,21.102857682583334,0.012258720965207925,20.414843090935605,0.007408911613787845,20.00304988338293,0.005774684227294157
6.061792422930375,-72.06999900388219,21.670009936999104,0.022040655683628115,22.6851634278693,0.05345479305027412,22.17552388973008,0.024367069450225376,21.291781920546853,0.020812667400685,20.6012679694231,0.026909526503997222
5.990380166901347,-72.06999526279193,19.228767627290626,0.012162211551489093,19.765354356767048,0.010476355442023444,19.476581211116184,0.011555333307028333,19.04265457394839,0.012439141942580173,18.80965731645147,0.015457548578156056
5.978886495667817,-72.0699921054998,18.34891327226862,0.001391844146925289,18.78785279202927,0.001469797898630734,18.546776662108755,0.001434772120967237,18.224778640706297,0.0017208553519205568,18.104868681892114,0.002314160931916093
6.073609939082805,-72.0699900059147,20.163653438520843,0.009470987592502547,20.910045627733574,0.01197148756022891,20.55296375533775,0.008314260689605873,20.021968464205443,0.009988858960668784,19.610151758883767,0.010489761371626646
6.112349044005457,-72.06995339466826,19.34053446589019,0.0012664041833609244,19.927293307298697,0.0014081931548251903,19.63163522010064,0.0007971490635868846,19.171344462667662,0.00138484690850953,18.989761289217498,0.0020153450842484827
5.958794609370403,-72.06994516142629,19.450008650864635,0.003941808493066203,20.073781400882005,0.004515500209678885,19.850023656997728,0.004772492091587905,19.301943958163356,0.003664583657704205,19.05379838425359,0.006941054333550787
6.088487812149495,-72.06994729040825,19.79492176997577,0.0074986939690195676,20.425315978334226,0.006343145590832854,20.15245550472965,0.004325054471017804,19.621268238080056,0.00610355303476936,19.462001283639914,0.02327931210122488
6.046752194316675,-72.06995175025035,20.656084757333563,0.020792480490913548,21.40253674530549,0.025259145380393047,21.034843144386905,0.01956841645245149,20.315495907152936,0.03465276692724798,19.948897208579844,0.03244050954437312
6.086192479433883,-72.06993472432018,19.60395362429296,0.0026683686945860176,20.328373311073108,0.003055755003617544,19.94889437552741,0.0025220889761833915,19.37664517380756,0.0022084644562097087,19.03634116435974,0.003092672743072681
6.06372153657939,-72.06994103393312,20.122952472107546,0.027466105972608002,20.769052766411022,0.029369670447778495,20.424342549335798,0.029590249473277323,19.943565830473318,0.023191193631638095,19.59530160552884,0.023420217380654133
6.054146018179916,-72.06993278528059,18.60777117290714,0.005221024195592534,19.06390394795612,0.00433749436205729,18.82599086274054,0.004552552166642373,18.48099569714821,0.0055777268187346615,18.301923206080062,0.010169842792147997
5.993615848877241,-72.06992509716741,18.935820688846864,0.01227567091168271,19.435828256318707,0.009011710873532724,19.151999024761558,0.011308847051434664,18.806910841832163,0.010001935934270987,18.62644089853373,0.010997794880947022
6.111412263210409,-72.06988527822546,20.21418668663762,0.003008250963205008,20.91511917924126,0.0037757596006188204,20.56093226701534,0.002461875806611167,19.978203510042142,0.0024268422609797433,19.67959137743665,0.003919858452639366
6.094782388358016,-72.06989251582972,18.070192811739215,0.0012535828887348585,18.48950659886914,0.0010330863777185775,18.279437735562382,0.0011078654204623353,17.960839105793255,0.0015336278844098295,17.85431678322113,0.001873066920984528
6.090425557030049,-72.06988945347142,18.687774578397832,0.011643097635666165,19.18619057360158,0.0061205272590322025,18.93206638229323,0.008414401450495029,18.52492932464039,0.016563944249089562,18.218392201119045,0.05171663034550323
6.045895064325392,-72.06988672825491,18.19412332549017,0.002636231006780599,18.61208830975849,0.0017353784616592172,18.382871908409584,0.0022279871519524236,18.08970370641311,0.0030579828756049886,17.945004264698127,0.004985647264970984
6.068021585850298,-72.06988001019069,20.165318292926433,0.01155259040700653,20.87168766497622,0.015261386993144306,20.559268722509522,0.011392044309908148,19.943465975655627,0.013680524800157265,19.580243184848626,0.021483128581204724
6.064037761530165,-72.06988013022033,18.559020765853514,0.004664768731061258,19.002084123813184,0.003132997423465755,18.76610633589619,0.003735451233251186,18.44090875962744,0.003685438816090309,18.29260193866657,0.005881368688390237
6.0486573609612035,-72.06987982846748,20.034294359635755,0.015828571443620567,20.776903840004472,0.018030546032236562,20.39266890740391,0.017514624764290013,19.78684785453114,0.01624522803933046,19.380559178326806,0.019099208734085514
6.100934465181972,-72.06986071863993,20.016674539640373,0.004790571409324172,20.680216022388635,0.006890448458595239,20.402368221780627,0.005338301014091069,19.809865073204584,0.00476864950607154,19.499142179295895,0.009088364645314059
6.062531611148023,-72.06984318336977,20.17431865410394,0.011004318996511322,20.88605841792844,0.009389983203476567,20.584249137931394,0.00897376005289579,19.985465857580813,0.007750703797361423,19.63457046818519,0.012189516924646935
6.022888197152787,-72.069861487612,19.596646740244015,0.012895188171885636,20.15924723587858,0.013532826343593271,19.861651416583257,0.011697467721773963,19.402714159108676,0.014148724638762803,19.108894989341536,0.03362719808508587
5.996899074948874,-72.06985060671614,19.572619362600317,0.005474459344728135,20.193120423369223,0.005476467604335437,19.88090953056632,0.0056933208737539424,19.443246721253225,0.005661875556248783,19.202241791687875,0.007579830708130531
5.988993780767578,-72.06984320402532,18.635418989293772,0.005133024705739688,19.080483895786017,0.002642484664175974,18.830126710996097,0.0034222987913067717,18.48872495665399,0.006429141445400649,18.34385398292416,0.009382132700546468
5.977811840810219,-72.06983987892421,20.059520459632655,0.005307512074310133,20.691471958191194,0.005058726831513231,20.410988752412685,0.004503675051609412,19.8305494876713,0.0038666922845876552,19.522330448502963,0.013384176708879439
6.063558795864508,-72.06982402273871,18.263111991836926,0.002580114425660682,18.6949950587806,0.001988022092209616,18.46557938139562,0.002120987495720411,18.158260733715025,0.0022545146232175427,18.037971092949306,0.0027781131972478158
6.110921439930356,-72.06978874199116,19.34042617160436,0.0014475671690154478,19.882194478820743,0.0015941800884055196,19.645027857134657,0.0009812002690544656,19.153362116221885,0.0012402199327296746,18.93168962583364,0.002396288943814039
6.0938397818530445,-72.06979751915127,19.691705770726404,0.014818813029864505,20.26732175446932,0.011206016503011099,19.9697853947982,0.011861903126260094,19.51989917970303,0.011098003148064249,19.321386781941904,0.01582509344341831
6.089198937203316,-72.06980445921414,18.208403156547266,0.0020916512060436296,18.64395552208166,0.0014015089896698355,18.42794753525937,0.001836144742235432,18.086653419161806,0.002111165415744516,17.97877103425745,0.005830571568425627
6.086925997492038,-72.06980589210026,20.11936800928292,0.0033465786300510485,20.828577010193584,0.00523039949121075,20.514188401681345,0.00353063837544054,19.92686290151518,0.002756442008757368,19.603922375470006,0.004792413951670054
6.067564504579526,-72.06979337222603,20.08550240595463,0.003988678946702159,20.80888509626088,0.005556991433876202,20.438301599642223,0.004360711308756926,19.90555326804032,0.003654560647949466,19.605544474543017,0.004939692841241804
6.060300420953181,-72.06978752183907,19.416033853079387,0.0032775484473674403,20.0053132746313,0.004000105895714993,19.712228414701734,0.003178392260165808,19.27991202728758,0.002894863429832923,19.055919131809517,0.002678520788864606
6.058003920114544,-72.06978837569893,19.81662800697359,0.003891228540506386,20.237235840910238,0.0041521148436880805,20.118445983048076,0.003283449521722078,19.6272683688057,0.0054048789817772985,19.31065442652774,0.009163590735675707
5.993872514737666,-72.06978188737158,18.5758284302,0.0037613334312375365,19.038736833103428,0.003257086142323342,18.781857510972706,0.0032473581871568986,18.455051653135556,0.003950127565171295,18.297497743688346,0.007349108509846308
6.103947646676028,-72.0697549525306,20.715662737076887,0.005196419265366882,21.511764085473395,0.006659018961955147,21.138149147417735,0.0049580028659657275,20.42291797003952,0.0051080720496514825,20.034853402969617,0.006739740815895974
6.069563523104242,-72.0697619198937,22.009750484749365,0.013401851752203965,23.161086053046624,0.03225635329539088,22.549230042430608,0.015007409462000089,21.564567350152913,0.009161025699184512,20.82744876457702,0.012713088751657076
6.065223693277475,-72.06976895055733,18.79901792184148,0.006485789606980993,19.277251764622612,0.006236207526151339,19.019775738677367,0.006948775352919041,18.680525710981513,0.006619623453599594,18.517579944568688,0.009613846310408309
6.026102458998917,-72.06977773971984,18.338412583923418,0.003876176323055777,18.769631925440613,0.0031855591782877627,18.54170628506202,0.003410493693606482,18.21715882607787,0.0038373829384723713,18.079738010394912,0.00596793214827903
5.949932583098501,-72.06975135025381,20.09674297626626,0.0027377265658103337,20.784977943187222,0.003031705562758624,20.474903571182963,0.002332491469400988,19.87965092820545,0.001966844158227471,19.58224250757884,0.002368120658360807
6.099704276163839,-72.06974877681975,20.21403122868473,0.004372176528696544,20.95337010621047,0.006359428606531917,20.59713564907181,0.004590138675327948,19.9943499055828,0.004152102062352479,19.64825199228087,0.004385469451523563
6.049055562354943,-72.06975709644693,18.279011664804298,0.0030833147045338013,18.741497093516713,0.0025637125565384,18.508794289523046,0.002385716563229805,18.170732012364986,0.0028279659834975737,17.987106820121987,0.004512337711252318
6.083429816987041,-72.06973912427696,20.42853727950695,0.0066448091265485145,21.16618662339885,0.00816513935303625,20.842050575583258,0.006873072899001687,20.194729463650887,0.005037051337697497,19.81762708921555,0.007956741541928276
6.06710169921214,-72.06974055641149,22.092528154525912,0.03895436100461107,23.121412193574436,0.06710489499002817,22.716700570795815,0.051058245661859326,21.683132430697015,0.03135993088522408,20.937569128204295,0.01955610111383375
6.064252073504019,-72.06973461447028,18.08869854805607,0.0024787372747582656,18.525288174237716,0.002124993061420068,18.298101319988007,0.0017906010984909371,17.971194406171698,0.0020257385667039798,17.831520264589308,0.002595808690395554
6.08640961010313,-72.06972389262904,18.93554821789547,0.0030519343377618667,19.42304468784595,0.0022083976607657745,19.168031254314116,0.002152941136966232,18.794518731345164,0.0024952907149558457,18.648807753159062,0.0030382550921408454
6.108515335918286,-72.06970073528686,19.79618766366767,0.0035252766042732572,20.4352992560434,0.007265652839773799,20.11688843381382,0.004722022159132129,19.610375446006323,0.002979952921068845,19.368135581058446,0.0030487258761722176
6.085255719609531,-72.0697020983922,18.994082204210702,0.0019288091022112636,19.51676728648421,0.0014348744058224104,19.243960372810868,0.0013750912786031294,18.8455883647515,0.0018037397397009161,18.653096242745114,0.0026547560199794637
5.994726781282349,-72.06970469989423,19.831159788591304,0.008438191228574997,20.484859271387492,0.010256096179018114,20.151110208839548,0.008452484058504557,19.634448846248347,0.007724610371574347,19.355469683475157,0.011234762995457758
5.977547132859978,-72.06970735254916,21.96962584141988,0.024400497892336174,23.082661841779966,0.04347610323894272,22.610939242961216,0.029776846833255415,21.629073680057274,0.01956222109931476,20.928359027400028,0.01658684463771757
6.083281575345464,-72.06968789823429,21.264176947903035,0.016821836598990836,21.996221360877747,0.02129329877910957,21.701358491917205,0.016932315263191035,20.92799672294109,0.011760368803597064,20.31744630134689,0.012913550218766633
6.081778551817632,-72.0696977839918,20.135577530942175,0.0114833617783518,20.8506153989918,0.015030510189825869,20.51544888280158,0.011972203062202308,19.94068503047948,0.009271706719699515,19.537034374820095,0.025982429795178345
6.053937053418524,-72.06970471912074,18.951031417036948,0.005221183618414316,19.450838117504794,0.00540057581242303,19.193500908810506,0.0048181402727917755,18.83836087876569,0.004382117277176466,18.6337916137413,0.006922255346772618
5.963516627068466,-72.06969392709608,19.688619966620404,0.002490537248096442,20.35776421791438,0.0031730236724433537,20.06161538304766,0.002574183493554816,19.492455470641673,0.0025860937854379346,19.19888699959069,0.0031628692835882445
6.10276147266022,-72.06966510159081,19.733803646701194,0.0043204316747386395,20.41633363901812,0.0032985968776407964,20.09779611725262,0.003255099284906798,19.53472051524112,0.003662257086273494,19.209475455757115,0.004657666543664768
6.097876621703293,-72.0696770185732,20.98978140176739,0.00557140674782287,21.870046421760243,0.011768664291982225,21.44263307275355,0.006310406837733234,20.712176659046065,0.0055824342354751245,20.263229748102198,0.01255404270652781
5.984565858796453,-72.0696857564349,18.367184863318347,0.0031562619190273642,18.795137607189794,0.002101416832144409,18.55442765191355,0.002297764336637141,18.246092016792794,0.0026177542820314485,18.130256519964895,0.004192293258917156
5.979939381716167,-72.06968063070485,19.57761292144527,0.0029499464663215033,20.169067875719513,0.0029470556796141914,19.849000225213018,0.0025104759192555947,19.414946886882795,0.0024183846659726776,19.173239162940426,0.0033352514204887606
5.955041593811867,-72.0696688069303,18.18308846393538,0.0008825687223838595,18.62749289702564,0.0008812337906316382,18.44789957545241,0.0008499633522916237,18.063220758688573,0.0014010236496186513,17.93989640701799,0.0017186148899259758
6.081390883936639,-72.06966133929109,20.89413471958183,0.009566335576950115,21.881732103255416,0.016967796895105067,21.418095183754005,0.01016362823558916,20.498648249358865,0.0076092742295087905,19.907879853597315,0.012600595753085017
6.063005794026954,-72.06966431723356,19.20114335767283,0.004150300770221888,19.720592719343244,0.0036631231969269182,19.459919883457154,0.003185828462464358,19.057414798680163,0.0042404173029113364,18.85381393563098,0.00783323410149951
5.982529979477246,-72.06965886445924,22.2819580625878,0.03549350651705278,23.470219774757226,0.05647187374588889,22.915541041095516,0.036808255629351076,21.851191561827967,0.027753846392264293,20.993237712506875,0.023046423102003596
6.099532793412075,-72.06964300284244,20.511255416819463,0.005479346035605819,21.296580903592037,0.006084086271439634,20.90973984978156,0.005112183334542882,20.251064361200285,0.005204123621898733,19.86695112966035,0.007385910113990092
6.098446975929971,-72.06964836614426,21.587281109012398,0.00805325011374029,22.614202438167894,0.015668107014501796,22.212181868098135,0.00824557947001983,21.234041310319213,0.005987455248007276,20.602930170448907,0.007904605767391099
6.061163387818792,-72.06963592018329,18.375382875005617,0.002764374071644713,18.825020396847172,0.0017333088170743839,18.65409172935646,0.002361822117032837,18.25262730143234,0.0024943596687067074,18.073562248826796,0.004125505498961054
6.078199478986316,-72.06961790883584,21.417960770697416,0.034282072715836574,22.61036225856106,0.0573354614224261,22.07824841615156,0.03848017581236267,21.176848880030896,0.02876720856577381,20.513889659484526,0.0222275632449289
6.059786064714967,-72.06961599578939,20.317342211534996,0.003734116968114056,21.063286964801023,0.0048656811343234215,20.691166188862702,0.00324303359586385,20.092327423120153,0.0034232744696980114,19.725070740238095,0.003524140852527636
5.955573920491526,-72.06959560742338,18.492443720370066,0.002367030024954143,18.841606330712764,0.0015945501494322848,18.789077137082955,0.0017977300548287771,18.347145994757113,0.002011605359227899,18.198436196626268,0.00267644124819154
6.044095028314561,-72.06958870657994,18.26942384399126,0.0019177853248093456,18.686356209431544,0.0015977772548746542,18.473720255068855,0.0016743656788720028,18.16338015356768,0.0021305071988847947,18.02752988088016,0.003194695825401238
5.973425820544963,-72.0695752407606,19.132594810254016,0.0014423730844714477,19.63248979307886,0.0012604282308678798,19.35759320011467,0.0008848478033800521,18.984916604138192,0.0012772103729506569,18.82450445428767,0.0016546932628966886
5.971454054494038,-72.06958470100825,21.665332717800776,0.02130285433383903,22.715415453606,0.03382039124201476,22.21852787971428,0.02370039267448085,21.3271577976003,0.027633321090051163,20.6742590429387,0.03768947294936213
6.096136752230898,-72.06956850864783,19.69763463442968,0.003968480032590889,20.31981066541806,0.0047117588748171145,19.994191892614815,0.0043614159741701165,19.52272034164553,0.0037018213375933705,19.272520084353907,0.0036527817227719047
5.961036137412885,-72.06956316522344,20.04334478139962,0.004011407707897102,20.717974923882792,0.004922355347366854,20.4063607522209,0.0036827044019441925,19.82419440715384,0.003356425092915253,19.527517658408662,0.004221086431954043
6.088429720900352,-72.06955681566524,19.55036080950016,0.007991335418979305,20.26992345610431,0.007944116877039355,19.905156458843855,0.007894721519860442,19.375991903840756,0.007099460820070696,19.127827677547337,0.011495706535077877
6.080902225754608,-72.06954917150802,22.222227378713757,0.0350772562539696,23.534500341991063,0.09454207011992881,22.871477109564857,0.047524224300082095,21.819628311892593,0.02635059540228625,20.952313036831526,0.02082276602603196
6.029960406080547,-72.06955898827893,19.599403008605233,0.008473765383372175,20.1798615114202,0.0068813570373752984,19.881859701134744,0.0068400830779602306,19.40316187865259,0.010668633837860103,19.16191729602256,0.012393606660480427
5.9722461229105255,-72.06954454561823,19.124361288128217,0.0049022567077301625,19.606289994437496,0.003913234440420285,19.33031635115217,0.004039225005058755,18.964062622764672,0.0037767068746001136,18.713639047074345,0.009626944076027816
5.969697168745125,-72.06951771488501,18.954456434155933,0.003228007372938469,19.44420487537365,0.002790665175472709,19.18183370057998,0.0029183098823122016,18.806057774693784,0.003174295932115597,18.644379845043034,0.005777539507673882
5.99459556213975,-72.06951302334421,20.438371553223927,0.007483807968013593,21.194182181146466,0.011324657780936718,20.81274129755979,0.00874741754821829,20.19610763163856,0.006819610476414045,19.77440693078693,0.008337169025921421
6.102244748277912,-72.0694880951911,18.730773692853138,0.0010801209943363654,19.20521235967942,0.0012418831521132671,18.954965031121425,0.0006837005045172791,18.583224260591194,0.0011548198539798066,18.435667483460627,0.00213414089148673
6.093867334653566,-72.06950111800862,19.562230037981553,0.003513137642922218,20.16704381339973,0.004130706952759408,19.859954594285547,0.003658965762142517,19.393139602641384,0.0031810084512882038,19.159357505604184,0.00450856157365045
6.060914683604229,-72.06951044631823,17.98408468563095,0.0036991088211414005,18.411670865394605,0.003202692189656577,18.19830140016151,0.0037911175673337044,17.873107716383828,0.0037961504343172023,17.74981291844196,0.005369961892779179
6.052515877828492,-72.06948669128052,18.612180554116723,0.006345796169355434,19.035485503073332,0.005047273716058325,18.81031195927681,0.004667900485109102,18.49379135263588,0.00588394964908785,18.35017951530198,0.006804141239406457
5.979795088069057,-72.06948765145201,19.93416628124729,0.011941294999234324,20.591333353617152,0.013965954718454417,20.24065714774016,0.01214240092931751,19.724250983114068,0.014378306423227448,19.429879857070247,0.0196049053529962
6.074161708805381,-72.06946835214588,20.11526977729284,0.009327656474561569,20.802655757875442,0.00868340655658777,20.45613860867521,0.007462574307874903,19.90295439436664,0.006300279399506439,19.595802160982522,0.011127054873754354
6.000822657559498,-72.06946877149907,18.38332813135543,0.00867023037850401,18.877055107790888,0.008677909200508082,18.61251058696969,0.008634317842420906,18.23594554667843,0.007887389707838834,18.04825259223027,0.013250635217690786
5.968693192700727,-72.06947081480513,19.797834700215834,0.004710116555797524,20.439538784093983,0.003629037853797453,20.11768046066748,0.004075990826489948,19.6141641496554,0.0038169473250746766,19.34950150864399,0.004740359186085656
5.968252476116172,-72.06945899202316,19.722958037473166,0.0038205309658942855,20.31650758004291,0.004068611336657491,19.993052834961063,0.0036545474845280247,19.546422600382122,0.0028472197220041785,19.273466810009594,0.004584921877543322
6.11728668582034,-72.06943585616484,18.728728990454183,0.001942030436028427,19.209840864609895,0.001497412507257387,19.0095928291533,0.0017517669385664826,18.596233953249232,0.0019298609611452518,18.45756107684629,0.0026360265085471598
6.09050405501326,-72.06943700246744,22.148763518525666,0.021154638123776753,23.315468801737694,0.0375287917170659,22.707560561010986,0.015971932442095663,21.69790297290387,0.01862101722347219,20.916441173699766,0.04198361618975037
6.0882975772473875,-72.06942728602796,20.785452078723193,0.014836550415199158,21.63146236712126,0.01700090032506676,21.22724355613807,0.013236935887642898,20.52109680438914,0.012755806620949528,20.124073676331996,0.017387311584715695
6.076086066478492,-72.06943882959345,18.66872735772716,0.002707433826673557,19.142847085057177,0.0021493513972600936,18.890020264365468,0.0024859415409501898,18.51246594359094,0.002813013119213189,18.35994050722511,0.004683310625315927
6.073259670886254,-72.06943663541725,20.350469191780643,0.007564361518159241,21.081517642806276,0.011352380326660349,20.705406429598867,0.00792505112758115,20.127086088561363,0.006411103470064407,19.76605225837229,0.01081964773522424
6.0709659296906535,-72.06942460022266,19.025372578327936,0.003508673328483648,19.568252975714813,0.0027626032710249405,19.254898055082442,0.002614091603399609,18.821216392143917,0.003283643066659575,18.63827961215653,0.00441580038817481
6.052880661362828,-72.06943193998896,17.748730254677934,0.0025758729119596197,18.16754254410656,0.0020680254781036307,17.939955625156763,0.002353067821712755,17.63254834349908,0.0024865058494502575,17.514621347017467,0.002770690223549855
6.044417669849834,-72.06942784890025,19.72200478291281,0.004803313496285747,20.340093638488014,0.004985912553597158,20.02362722156863,0.004077591780286245,19.552833683518315,0.00428705705830325,19.273671366877785,0.008094510573533739
6.070165421151987,-72.06942341358956,19.104777895085785,0.002830356172607923,19.65296023441381,0.002541074166215013,19.44901278520775,0.0026508535363421997,18.962854947815984,0.0026749821254617437,18.77971818936259,0.0042573974790446655
5.971634440144442,-72.06940762787495,18.50897040662463,0.0032496137925106285,18.930792463544208,0.002649957138795298,18.69970600393284,0.0023404259235151378,18.381255919081987,0.0038074886976053584,18.252845668202788,0.005974193443457588
6.085731631852086,-72.06938256384561,21.101210927504017,0.010148938181491759,22.009058722186545,0.015420942033182118,21.630266347938587,0.011622714574777588,20.77645838274246,0.007694002632282131,20.226793053175065,0.010194608209118761
6.114199759197956,-72.06936825030954,19.312467272330256,0.0019746172033267475,19.887480685416904,0.0028296497606356014,19.591752888939403,0.0023469044801836436,19.150663779376302,0.001803972041811542,18.951540776065507,0.0019165027287369836
6.10729933954356,-72.06936844740869,20.01369708715254,0.006585921012191658,20.677329095836228,0.0064390194527068415,20.392824584771148,0.00559616064563867,19.82015678933587,0.005384307319236538,19.524207150503365,0.005090074312037834
6.104925308331195,-72.06936678935182,20.892586006079295,0.021844640753439656,21.810987633238227,0.028012452028001778,21.365228314828173,0.02241257054072933,20.620038996780842,0.019939025009938265,20.12968123489585,0.02617615327288545
6.044819917803952,-72.06938357500326,20.444359662565457,0.015215787441303986,21.196983222896797,0.01796312690141168,20.809897186736528,0.016225391467299507,20.217700552720096,0.015315175168803437,19.87346185660811,0.015217458752048213
6.114962322222158,-72.06934213926822,19.02303936997659,0.002340254440923736,19.54252270134647,0.0024853060754286083,19.28304263888058,0.0018350550087909178,18.8875958424369,0.0019513013194221184,18.706698472056644,0.002780541061841422
6.071745659923044,-72.06937108244261,20.089849598556153,0.004496169413722868,20.769327783192402,0.006303321154152782,20.42481738883641,0.0039038090527027374,19.8728719448182,0.004393940753253161,19.56797926616933,0.004960202485648833
6.067832889347832,-72.0693677321795,20.16160599936092,0.04280917748166053,20.765304588193125,0.03471701548403374,20.445615845625653,0.0344596943848157,19.96495419803101,0.024969181787453082,19.560706907658727,0.03402581691159663
6.055053254624474,-72.06937428138957,21.65093661009414,0.011473247829830014,22.67595005472785,0.024446939427231446,22.131063483338444,0.013519174286241905,21.198427501369927,0.008443022436950451,20.619732407689966,0.007348738718344088
6.089421584318848,-72.0693391227934,18.81809612119196,0.0026556835883911056,19.308796719294712,0.002489315314335795,19.06164375055772,0.002307814871435741,18.690611077434,0.002311897894290458,18.541979149804206,0.0033201150924333676
6.08270854674717,-72.06932361519891,18.984712091332607,0.003038469484087693,19.496101814276557,0.0031451475100879923,19.225877146448447,0.0029288791650343227,18.857616753665013,0.002786128980314663,18.67691112644262,0.004203245949487828
6.070903488130497,-72.06932426394732,19.096728850368184,0.0035821945480453755,19.643439307153166,0.0031401099717821633,19.372233041128702,0.003174659455433637,18.967047416893124,0.0029294292065369576,18.713209961463455,0.005900186693407695
6.053294392122237,-72.06931752174341,18.526502892187505,0.004364361462158767,18.977929827700365,0.0025541028748772713,18.74731613144113,0.0034888139938739847,18.40650775257324,0.0037018902410849955,18.257027799008185,0.005229310462571835
6.052021718721342,-72.06931626237035,22.518299037215666,0.10941203112289749,23.705363075862216,0.15918439961282477,23.154060849512703,0.1189034779119349,22.049675268475603,0.0813083513325095,21.307450730204323,0.07946723841284499
5.959187658348193,-72.06930832286186,19.675500188245426,0.004986951690916859,20.31596004854311,0.004540788292657431,19.979744207482142,0.0035570578739541857,19.490760047595174,0.0030184875667774273,19.246629525764426,0.005216047053527364
6.099514954633773,-72.06929396740813,19.070384910107496,0.002101103853316198,19.610009635859782,0.0015658360503551616,19.3432447123108,0.0012654211207576668,18.929203144768053,0.0020561489522898037,18.747581033195786,0.0031585343419003368
6.088596843309649,-72.069308354436,21.126842820517663,0.01471221204572664,21.910458417783275,0.016939694800524225,21.518774327301315,0.016371608637357503,20.77049817694995,0.012330542042971666,20.28843659799999,0.014485662856485743
6.042288041988797,-72.06930660470039,19.801015196792232,0.0053427890790279375,20.44871079404703,0.00580273305143723,20.097242803629854,0.004744350731941978,19.611808744362826,0.005551976884363628,19.32736096242646,0.006167184395667413
6.076472853297241,-72.06928640578012,18.047566288558453,0.002843241221756552,18.462587769704143,0.002655844654354461,18.24932223507927,0.0027439795363937967,17.931245537750485,0.0028527522897551917,17.810227273232883,0.003254260711576061
6.1191664818464915,-72.06926730497946,22.098306586529947,0.018019863686529643,23.256404279430278,0.0328380655890005,22.703959660572274,0.016084951041541746,21.64946191939532,0.01160132166308905,20.94720449373164,0.009904888724474594
6.086220968868044,-72.06927420628095,18.69182545049441,0.0025602160272372204,19.191202202703643,0.0014903812716796016,18.92902762369848,0.001490618175318313,18.557866150208532,0.002075457345925949,18.410398037222286,0.0027838293832629386
6.078003294115849,-72.0692822995767,19.728757367227654,0.003430722716685552,20.411529261027717,0.0035412084263789323,20.11632906632307,0.0031672138966623168,19.569740068477294,0.003145465463781009,19.279859439576967,0.003943508681072043
6.074408122869319,-72.06927453040102,19.65676028971856,0.004598017084789922,20.296500466663502,0.005529704743757786,19.963038947827513,0.004992474842706322,19.465099351380246,0.004645303411772446,19.18078467990128,0.0050462947205355746
5.968885867948795,-72.0692785618852,20.388701340425275,0.014580200496757883,21.088714031785003,0.01066600973432134,20.728456338286,0.008976682164717906,20.159706022186647,0.010949609162441719,19.798270272392635,0.01515569485014285
5.955909402970785,-72.06925547510662,21.075947121599423,0.0045087155911269754,21.99085795115166,0.009112932914287835,21.600461525616012,0.004726789438013516,20.78133126975264,0.004090512359304674,20.253864152541887,0.006303616362903238
6.127867238403397,-72.06922475983208,21.77428668386806,0.02742892206446625,22.6957120269782,0.03287781179750108,22.23728617665121,0.029981084754564732,21.375538679410596,0.0162687525082902,20.74066575754737,0.010481676780536305
6.066902109202021,-72.06924507745859,18.54239954056114,0.005120048964477514,18.98195079244413,0.004594221630956999,18.758331241439173,0.004901467703501931,18.41661301194336,0.005013083504306006,18.253299464023875,0.005673431187068271
6.0705209256348285,-72.06923216649209,19.857855927617837,0.0044125072608976025,20.481888035033045,0.003978924687257674,20.248213801453055,0.002977831294754646,19.68509866491192,0.003342851188026351,19.396414691829413,0.006599804552745858
6.068894155120691,-72.06923196555209,21.759795882592545,0.019276356383858335,22.725477066763787,0.022609178035312434,22.343968750674783,0.017476989156784358,21.41882611515466,0.011603479242198716,20.686225019332845,0.024083015610785227
6.041798881805327,-72.06923547925363,18.76484454005327,0.002543832504219108,19.23875958674988,0.002987225867483416,18.988240208756324,0.0026967104672942885,18.645593386076094,0.0024964792510280935,18.482439762374554,0.00288244438339175
5.950701208666088,-72.06922644225938,19.53529364866802,0.0040268826194423775,20.125479930523433,0.0030524618137299842,19.78383394200997,0.0029142110386392037,19.16350170588091,0.0022452493631536113,19.14642849344584,0.0028173800669173046
6.084642961708173,-72.06922402910283,18.788960373929154,0.005629948364109853,19.25024565918379,0.008492642432827237,19.05634554399296,0.006764176615396469,18.66266308442141,0.005332995151449238,18.483226328316128,0.009791953662237257
6.043853623116487,-72.0692319070964,17.848708455174776,0.0032590568324701525,18.27117290611033,0.002438889896832146,18.042337354438487,0.00320010107298024,17.728385686091038,0.0024422092575020187,17.586303247088885,0.004065220724058791
6.0329427981951405,-72.06923035005845,19.56454700354868,0.010921907133530586,20.15317914421462,0.010254724544989156,19.827301951348055,0.011403910296360174,19.396925556183874,0.009776424726088724,19.158947124511663,0.01729626318795861
6.065326805747835,-72.06921807477073,18.25192596553138,0.004210985700349208,18.672194642851252,0.003364884478663804,18.452699666459054,0.00391399182912797,18.135609444441542,0.003414019995235187,18.00659212809942,0.004264529979569944
5.9906579543860925,-72.06921520050133,22.630663585658493,0.03991203460415767,23.91679818159347,0.09603525996418699,23.18027893267235,0.053530016029444474,22.092377495274413,0.02769479717365062,21.266441754027483,0.03321458282783627
6.066433216257748,-72.06919758627521,17.982861843522695,0.0032411206001086725,18.397042641501145,0.002435935804394331,18.21161962929689,0.0030619253034608477,17.877437761297806,0.0028792517134831105,17.759341892552285,0.0033948875382768186
6.063986996671721,-72.06919067907566,19.28044857524674,0.0031010400408590373,19.851887482078823,0.0039119627479395624,19.555148493879287,0.003391738544437274,19.144264695195112,0.00289191585714016,18.92079150720729,0.0042370602563519665
6.07751249109604,-72.06917850373884,19.668124881557315,0.003534350831208955,20.2706223155812,0.004265331544513561,19.9620627119359,0.00354288684239899,19.50130226741483,0.0040019826173806,19.250269635178753,0.007710333801915545
6.04923281863801,-72.06918156134157,20.345996472722323,0.0060681456016540136,21.255890380549893,0.01079143881948786,20.826755464157422,0.0065263606487561245,20.039628970082674,0.00420879358022052,19.49024935791936,0.004525558069323331
6.076303958612469,-72.06914963013041,18.418331482345227,0.005053228393589631,18.888024599908825,0.0032156646828856053,18.653200520507006,0.003450162928991155,18.323417052374147,0.004194391692071564,18.190674326267178,0.005469013686797235
6.072727495154116,-72.0691446231938,20.846459225969337,0.008308895412868927,21.67901467599031,0.015901713813493316,21.253653268249366,0.00876791517702039,20.57967238025212,0.008029140727454788,20.131071659467686,0.00964417961207973
6.070068732764767,-72.06914632925451,20.326746751998176,0.005568547483971522,21.0733729261091,0.008205943994817926,20.6939721883517,0.0065885590361230775,20.110499026355022,0.005626049107819599,19.745658608596955,0.009899877070559162
6.081804420849592,-72.06911010201405,22.235934996905893,0.04364014505881082,23.103323118761566,0.06849929486629584,22.681498510151357,0.051692381832736674,21.68126131477326,0.036290027731898156,20.993736986365455,0.028454368215852274
5.979801495240474,-72.06910725108075,18.877700661607197,0.012932662218018457,19.36720017621289,0.009816934463778014,19.096222214860752,0.01203108964106603,18.724059616247985,0.011562242729637663,18.539206940810615,0.027174914714649334
5.964372869836774,-72.06909319252878,18.79621863355187,0.0021154288687725347,19.278315145375416,0.0017079573374758964,19.013976421130515,0.0017512654761026494,18.644987807281694,0.0020382536828838387,18.50793284552114,0.002420231990867771
6.097680650354912,-72.06908243168557,21.496883968332302,0.04355540525600385,22.54989520209783,0.036812757036664694,22.07649264199791,0.035406604971631735,21.084389182927573,0.049925688045529056,20.618794209873933,0.090465020553583
6.089310272550956,-72.0690798178124,20.646212271432066,0.004220970946869584,21.437676391436113,0.006922493022149514,21.044984085555754,0.004827565069067468,20.38912703826182,0.003444980046572428,19.976304533298794,0.004462564678516608
6.075490974585793,-72.06909217028299,19.42887676099659,0.0071765863360590135,19.976390569683105,0.006604929515316343,19.688988770087057,0.005357665269870676,19.257793365971594,0.007938341122366261,19.076195169392022,0.013857986252496086
6.056265517262332,-72.069081009528,18.42040113342014,0.008870120651522328,18.86986969334174,0.008096920874612452,18.63471543153549,0.007743203321598573,18.306375211073174,0.008305958233973879,18.11720968819759,0.015506267376650482
5.977007465691781,-72.06908291851153,20.640782468474395,0.008079348387967618,21.424892521821434,0.009292737273289416,21.03462585154879,0.00779754630219785,20.36698494123879,0.009067278458779734,19.98006643147189,0.0061851205594949474
5.973305840641387,-72.06905875554261,18.195032737668715,0.0028904460941148874,18.612830659261142,0.0021824163791500134,18.40151148600193,0.002617955441914245,18.07898712691236,0.002856331438060787,17.97252237509892,0.0036525286530944383
5.997487474229806,-72.06905549305115,19.149283509250044,0.0018247759421835222,19.670370535487045,0.0021894085993062235,19.386527067270002,0.0015877543984229867,18.990176451850772,0.0017350218541815794,18.797095875120746,0.002554976993270153
6.07313181617944,-72.06904735855902,20.506199686926923,0.017961076502551954,21.28249681071408,0.023123665200215138,20.977019460545698,0.022439504734572874,20.26269558633164,0.01475156367438765,19.901287482181452,0.013453305576353812
6.100976079266197,-72.06901612316798,18.367539251805024,0.0027048762206833546,18.825744070477647,0.0021703769785678447,18.59726331068756,0.002206544955917335,18.257507741518943,0.0013154734952469359,18.07648759265173,0.0022370738689989947
6.09432686118173,-72.06902843746185,20.47188813862287,0.0037341965109185657,21.222032828317232,0.005540785623994538,20.924881577990384,0.004138201716663777,20.22371700835616,0.002881819394754504,19.81595308973963,0.004638225486454436
6.083808676331999,-72.06902900597088,19.6381788263345,0.004356661224030993,20.284887685159838,0.004264042241343693,19.9578575258492,0.0031965505961965273,19.464353913215028,0.004282618485602248,19.21343990158396,0.005447125626132407
6.049858642859652,-72.06903829727925,17.955111755123955,0.0010986675640571228,18.361535099561387,0.001089374560294932,18.142211384061348,0.0013561298180941477,17.838541402208335,0.0015461862591567915,17.700661118810352,0.0020471490509827582
6.092727931828077,-72.06900821912339,21.859363923011426,0.0106452948814407,22.910565429130727,0.020175813358596164,22.403875743826937,0.00934126494300205,21.473234322676895,0.008689504940425133,20.77318075722564,0.011238805860394992
6.017374396478312,-72.06902696462555,19.21993156231444,0.0036757763449535956,19.766489028540086,0.004177539475295954,19.468576927716583,0.0033167841771338125,19.065921055221764,0.0037195011645327135,18.859468445038637,0.004498185345362115
6.1026400847321725,-72.06898779236016,20.1562546476404,0.004307151713073788,20.84310754716541,0.007808721789866993,20.5408598308045,0.005858432107186767,19.92635333459178,0.0036851392924523597,19.58823003562727,0.012046332556628734
6.0981829314313565,-72.06898937280239,18.980309623018744,0.010052136976494775,19.527424583128578,0.004764766760761142,19.244448718153997,0.007682256676290369,18.820851588142652,0.011601623252850897,18.611066471835663,0.014408113216199791
6.10823970275334,-72.06897187195102,20.72350034809428,0.003572232792711814,21.536396728254303,0.0058767603945992,21.141950427126908,0.003127064510268489,20.445964132898446,0.0025728963273208925,20.025697770354846,0.0028736922409481084
6.064194708494012,-72.06899510862421,20.979977012560123,0.007896462072224445,21.5159212758823,0.010900355009468342,21.420310346142223,0.00571824096339627,20.643514718925587,0.01392837751676399,20.187329228137877,0.01503647506135284
5.972817749707319,-72.0689776473541,17.90286965630344,0.0019038558186492143,18.313684322048452,0.001476872292908552,18.084581951458546,0.0015396920562721057,17.781209433665936,0.0020031130606246016,17.674397742026336,0.004725477648741916
6.078129158775101,-72.06896262154804,19.369057446569943,0.0031806273027294133,19.95719977913523,0.0033879807985729288,19.663873624632792,0.0028456397581894544,19.212901736886288,0.0029159579969002462,18.996842878664573,0.004951826446000834
6.042828616578704,-72.06896037336303,18.303483256330335,0.013165533581864926,18.739042143156134,0.011497228424029476,18.507957962134746,0.01391935031215792,18.199215388815176,0.013054152823397868,17.99697067014624,0.030467960647810488
6.040210536550771,-72.06896221519611,21.237909619729752,0.07812054441861811,22.007307726237926,0.09272833892672196,21.591950050149684,0.07855509245389827,20.823745394518447,0.07758727871236279,20.327606866365457,0.06368494655148577
5.976342715771925,-72.06896370060645,21.706132902410314,0.015190152102845605,22.761656056135884,0.02486911241407846,22.25081115370086,0.015155301011166133,21.296566357204334,0.011761460609262048,20.69513907728325,0.018757324504829
6.043652316418831,-72.06895368871247,18.933102029843536,0.0029881430737235446,19.407071142115917,0.0029849307634750365,19.135225860727182,0.0024655727146171923,18.781652729695935,0.0028804672696009525,18.615128102185516,0.0035047818017184007
6.04160737647547,-72.0689480228703,19.111329554473837,0.006105580373794777,19.631956270883535,0.004652446082167589,19.351521785658036,0.004785565134926612,18.97504899446983,0.005983601831044772,18.7625646820865,0.006846846355193238
5.947778382675859,-72.06890836971215,20.743598643856625,0.015924342495419654,21.581509095077784,0.024724065471307642,21.218236357376014,0.020861933324922855,20.49834839217379,0.01454666472635007,20.05096765172442,0.01207990648345989
6.084024652497609,-72.06889482940377,19.27056042477523,0.003201919718734788,19.86064797767719,0.0031859148362016823,19.569134808142657,0.0029124012772821506,19.150504851203642,0.0032601480768371157,18.937094954680028,0.0067643029231692214
6.0524786473473675,-72.06890690624257,18.828719968310697,0.007197251308303459,19.321233483338098,0.006242905431474852,19.062777527703403,0.005160546221625544,18.701876567975994,0.007756944183908551,18.53678787641752,0.00859630847320276
6.085634316214802,-72.06888938266297,20.640705372961914,0.01261724042326103,21.426487400753643,0.019472149614917757,21.044381534770558,0.013324938659919404,20.381544742588744,0.009503590105529452,19.956069119620828,0.009804662443989112
6.042639888163285,-72.06888803014544,18.341502639759373,0.018008361670291753,18.800405601758655,0.01403370595334129,18.59000309424497,0.012949987243859743,18.260389010881504,0.01413316626767789,18.077747524746307,0.03008954439293534
6.105573557457837,-72.06885959530692,21.6064222233416,0.017884200719316047,22.67126387391901,0.033278035124579095,22.170470374883372,0.022668341510823378,21.255268432280857,0.011747039466022933,20.65815346643101,0.00843657740042179
6.054949095414396,-72.06887535028419,19.23100065817822,0.00421986930308279,19.79369528364323,0.003371272295115003,19.47057208174347,0.002821035319395446,19.086807548868492,0.004635827740956582,18.866120994434034,0.007857084685986459
6.086049858280548,-72.06885371108474,20.48943334433928,0.014611102391875696,21.284570046084923,0.016474035671944973,20.87718234290459,0.013171013260368675,20.231235839805507,0.012748895553965172,19.812499971627055,0.018218315994013825
5.9654634356639455,-72.06885003736419,21.271376176822304,0.009238303425203811,22.243882703855995,0.013725390617415446,21.757036378200468,0.00810549743440572,20.936505266881248,0.006561015589897964,20.413155837311315,0.0054203308523182005
6.124958246258136,-72.06881930309721,20.357314230056172,0.00360241125026219,21.1177615130446,0.0054626162203755685,20.78097135819342,0.002219240920210552,20.12030435672895,0.0030264677859103946,19.768218614702327,0.0036746289824673354
6.092934380042036,-72.06883337823758,22.18506541578896,0.01393883946428941,23.32849965790527,0.026110373242210456,22.80424144339883,0.015483553520024868,21.73229013675696,0.00974720167540444,20.987831732404132,0.007215197616864738
6.108140798602256,-72.06880776541661,21.395067347887835,0.02002172725692085,22.333695041088475,0.023805567903489446,21.914471899967502,0.023406953038990975,21.04185395192441,0.01631931890400391,20.506113142720928,0.013363970850037021
6.09899072403865,-72.0688193095834,19.599325299097206,0.004835803501840139,20.207538760779272,0.0059992008287399175,19.911970489859243,0.005493659229479445,19.42361043315794,0.0042473666955122535,19.16937971891744,0.005064794408364285
6.101172783288705,-72.06880365287095,19.963957239009954,0.0029451859803934074,20.594919292109225,0.003182718327541439,20.336170895391604,0.002492171558661684,19.77864281599642,0.003065975184611339,19.490772265939576,0.004431262959940728
6.051339876430832,-72.06881548103142,18.509316037944483,0.002060075500974197,18.950464134564996,0.0018248789960738233,18.719793573064635,0.0015508674495660639,18.40213814702834,0.0018341517103683236,18.250554984928726,0.0025851301552659955
5.952917384463367,-72.06878734658412,21.759470222791794,0.01160620304699867,22.80721781939615,0.02394098928594043,22.265239321407073,0.01465381615671627,21.383356093738918,0.009092071398478658,20.719388300571893,0.007419298237304859
6.0898445362721265,-72.06878329879247,19.061411290998098,0.0043261432985188895,19.58789594623218,0.0037400406673206567,19.309514205521666,0.003443160649106094,18.914876380993057,0.0034284057256484582,18.732903349766268,0.004300314903787566
5.999781006794088,-72.06879793816962,19.011713391357393,0.004295348993261643,19.487324025289453,0.003523092612971393,19.21956765211889,0.002573556645576915,18.87056501308892,0.003959208262499434,18.71042224965354,0.004441237227704759
5.988557144609149,-72.0687852630752,20.4576346651214,0.02202803482559715,21.316851539114616,0.01424828945846462,20.841506748569785,0.013977439665269046,20.248953536140732,0.01796624049378716,19.87459390752103,0.022834397682432193
6.001324228200808,-72.06876011424916,18.592047266801682,0.006014765833255885,19.05090472356121,0.004382236063420362,18.789724804263216,0.004328089529157794,18.470383499165855,0.004642253578774346,18.313511622953172,0.006609357860703233
6.124614386448798,-72.06873820010678,20.248250691200393,0.0027081231731351206,20.983821007305224,0.0033403899637516827,20.66155283878725,0.001833142437495211,19.97314037796515,0.00238160206251479,19.722847112134083,0.0031759597475869003
5.983280029480789,-72.068746940622,20.6078628787409,0.01384239356355756,21.410327492991392,0.020105322917062837,21.049631751029594,0.013401507885458578,20.383645669017483,0.01382426279249393,20.014618196318942,0.014023255954243558
5.977867601658117,-72.06874975370464,20.511281011151777,0.007750611771783889,21.291070831976867,0.009808343651047217,20.92692673999455,0.008280835171223072,20.24841093318979,0.006228963718111797,19.829871411248597,0.007482736782663299
5.963653399273315,-72.06874353166123,19.05947766703377,0.005270079377387221,19.6043471008271,0.00452144263180807,19.356377521836613,0.005329981905282909,18.904583106612307,0.0045408721420071374,18.700004023511696,0.012966215537450664
5.962704745127473,-72.0687487835226,20.677643347970115,0.036024511551990296,21.515771059381557,0.024239847257114085,21.061357212684932,0.028397386114288853,20.4323919043292,0.028554342841704678,20.047051163889158,0.04333718955466549
6.096139959284273,-72.06872393704828,18.67223723373961,0.003308639174351815,19.11208616748044,0.0014654936448739813,18.92528812671452,0.002331538492301808,18.531967660634756,0.0046729195683008476,18.368763296725803,0.0105229052423414
6.07173979914289,-72.06872450463042,18.313576052079863,0.002174888576126212,18.765485775010227,0.0015020991113026136,18.533425701216117,0.0017621396464267208,18.200294932963168,0.00203593508184761,18.06309934577687,0.002807000777300119
6.089848751288746,-72.06869727924793,19.209100620226682,0.004627953851211114,19.764300348530035,0.0049989595846317725,19.494335618121497,0.004190201266354832,19.06495139715627,0.003376935503198012,18.84241655889727,0.0038932944360163093
6.0464562850902865,-72.06868317146755,22.50525671633009,0.04286792389380087,23.61934651776884,0.06708175805542885,23.032368545262017,0.04879517448473144,21.944315263449198,0.03611317959322751,21.233644869260814,0.02806079513366771
6.105006715954623,-72.06864934352411,18.271334324695797,0.003902004231023629,18.72618256499912,0.0030317135794011327,18.497972461153786,0.0024484921756580133,18.15898813609177,0.0035165171510365186,18.019694940572023,0.0042273964395268615
6.0858833495004925,-72.06864630297336,19.43431884992179,0.004988790201712416,19.972470406511192,0.003380493372670468,19.692913900271442,0.0038961658714524315,19.257124744086653,0.004233287854120169,19.045454988969865,0.005986449633965017
6.061694532088856,-72.06865369722925,17.535087345921976,0.002476415679630016,17.990793617268274,0.0024266663977593047,17.75692348303506,0.0026682481779938694,17.41928105337655,0.0025640330584146575,17.24098927143133,0.0066573287313580025
5.990051025408421,-72.06863636022666,18.330212754334166,0.007821569735733757,18.786606125828428,0.010580760739882927,18.542307088214166,0.008005657111867992,18.225112954056925,0.006209186538197924,18.11514062205611,0.006132146390291647
6.095611251490923,-72.06860099783846,20.89404245350801,0.014641311979446209,21.70964828886008,0.01174421547839107,21.30092247429829,0.011554823366855064,20.636004349930047,0.01533632745343202,20.21226780250558,0.017425769136996925
6.093724354228476,-72.06859499988697,19.457045374858307,0.004168743142969373,20.052083263826653,0.0030860789861375977,19.751170971452694,0.0034597043316867532,19.290911670163027,0.0037738274153626614,19.08110732536887,0.005657937613154946
6.057635361101055,-72.06860296342862,18.050588237605144,0.003054415040237811,18.462419044026184,0.0027966430184666003,18.24032072519234,0.003178519213675006,17.91476483908898,0.0029944515588662102,17.78976733612329,0.005972373093672281
5.982424082528028,-72.06858407389774,20.553141230441444,0.0074942016474797216,21.291211301052982,0.01181952337657223,20.966483817271957,0.01108658996061841,20.30441319125964,0.010296886318568253,19.88258248769808,0.015953282743804066
5.950308013881391,-72.0685780877043,19.13497904338698,0.003305678436036899,19.632012211071313,0.003968708753262367,19.36690604964113,0.0037404303382598627,18.971410804264927,0.0031851700687627366,18.82223600283851,0.0043135458015074795
6.072039546830976,-72.06857319842067,19.381917718957364,0.004807880055636856,19.9744861192223,0.004240127928530133,19.671034249307453,0.004269811187229715,19.23652132048789,0.005236473446669325,19.037111465199764,0.006009007430475521
6.0599851314145825,-72.06857609636465,20.10237395289784,0.006241437932629062,20.809522429148757,0.00745483336939664,20.42716691072239,0.006237695826831554,19.91325596603256,0.006808505926756393,19.611802580277065,0.008053561081887454
6.118112065977303,-72.06853411524922,22.313092762889628,0.058023148666356036,22.760471630603774,0.03567874929586442,22.525548306084076,0.03796546894209271,22.193505721378756,0.05914852189105103,22.329686037316314,0.18778754782671916
6.096019597780743,-72.06854391347079,20.2156550493396,0.010114687985381909,20.957143129290316,0.0073579266892456665,20.568879859738395,0.007580293336408845,19.997135624609392,0.010138036131215574,19.616357313155042,0.021956455564208822
6.092841608137907,-72.06854603839253,18.29032849569707,0.002141771975206311,18.738795320529455,0.0010873260648519814,18.50471164668317,0.0012449535015243663,18.170116505135837,0.0020052886803167756,18.05652010950991,0.002907090341686633
6.06584178678062,-72.06855264287678,21.249622504625616,0.01000530372336838,22.152656293536424,0.015631138685007182,21.72866305081191,0.010714561074641991,20.899440960270184,0.00879675237423247,20.37683212355781,0.008188928693722251
6.023138316564853,-72.06856527793113,19.359594719984724,0.004402394160545305,19.95507139972628,0.0050746918084622695,19.640897892084276,0.004002003157108062,19.201712684068227,0.004179398870640578,18.986972430837845,0.005157395179234631
6.0205262762448335,-72.068560372821,22.627586460696552,0.0947725060384673,23.39806791348618,0.13386687178013404,23.180793169307684,0.1229197351571068,21.889966128178557,0.0702964793279273,21.141543581741615,0.06808985179970732
6.0193080577037525,-72.06854538646793,22.0767171578911,0.04568774511791706,23.058134673558158,0.05947870535981309,22.633897374980897,0.05230821261767038,21.6015339712268,0.0413885078461091,20.998822528410095,0.04896521263958603
6.069941934449679,-72.06851819788524,22.281358394206368,0.03371247456473493,23.449615858010404,0.05594017021143549,22.91948852098183,0.041533062589775634,21.910920454316184,0.025348494612146364,21.03706372726247,0.027298706338148022
5.975025738112061,-72.06851630854052,19.71845455037428,0.002647542743595947,20.3245335427549,0.0032972440600936644,20.067248108470224,0.0024217085206294825,19.547517918435886,0.0022544283928776815,19.289057113891673,0.0031309259056778132
6.112245890425262,-72.06848973401924,20.817496044410408,0.008179312266881613,21.676477033054468,0.011483840360999665,21.271455030799444,0.010210535642996418,20.55535815494867,0.005791276288510966,20.02160425630347,0.01839020098360857
6.106051883897444,-72.06848903109528,18.608773021605916,0.003149646292024818,19.079137873510312,0.002343435759230758,18.836183723196925,0.002410475088981707,18.481608986802236,0.002968116115714585,18.35268459364559,0.004679934415663342
6.089428040437715,-72.06849340413875,18.604151790631708,0.0019381355852100743,19.066292473247785,0.002171854158106889,18.834787375388807,0.00197351064188527,18.486395721440203,0.00163395470509923,18.344626358958507,0.0020104613099976893
6.0612020298696505,-72.06849984132454,17.833375659309016,0.0028951227676898296,18.24750938113177,0.0023256908128895626,18.04019606864066,0.0026284872577868176,17.729169474218892,0.0027664336732723506,17.59534664832848,0.004107610338286881
5.9763759495296185,-72.06850050548015,17.987860097621198,0.0013465773574886449,18.410733217972513,0.0011546260609967306,18.178705295161336,0.001350942947631714,17.86385318951686,0.0015268179449998759,17.746791106903743,0.002026617246701254
6.081397486038964,-72.06848001290622,18.935080912357353,0.004519906327556013,19.457080017183934,0.005150031230705712,19.180460230880165,0.004434805451319749,18.777480952525067,0.004697388016707529,18.569377453410773,0.007226919808258762
6.080213267100625,-72.06848479919806,17.96633694316041,0.0018697825877580629,18.39430925886989,0.001314737302098117,18.230471677299178,0.0014348102972654743,17.852738167553575,0.001839142283882827,17.72996905105098,0.0028450240352725937
6.11825516736049,-72.06845188302083,21.90506398607727,0.053941884466491806,23.18203048102403,0.07365717444602944,22.53479869838639,0.060722637642862606,21.533128803371987,0.042326226754147586,20.738110416522638,0.04376059521245205
6.057273933756527,-72.06846924399343,19.198633147867657,0.006916159103504361,19.753226711267445,0.004976439582666892,19.474042077037204,0.005003483567886081,19.044409064607436,0.005748787994125489,18.839856752770963,0.006774007627048365
5.977461184451855,-72.06846286673255,21.666586252970102,0.017788888595870852,22.77463573016518,0.03202997836501962,22.174362067854105,0.020220706588874048,21.004450830585156,0.010328010153852691,20.6047176229742,0.013431532573256815
6.09519195761432,-72.06843968895976,20.396190701485768,0.009165600331940445,21.183873126764176,0.00773568203814833,20.817950658456965,0.006388640007065948,20.151245593501756,0.009919757231023191,19.830425380142863,0.011281331492245694
6.1118506799808445,-72.0684170729147,18.41187737732476,0.0028722994371718647,18.824019823790778,0.0028466820910045465,18.600919750019997,0.0033604763622084185,18.258439629265794,0.0031015247547750966,18.130809517702247,0.00470929527739288
6.0233433611478,-72.06843005993115,18.246942196155285,0.002344108420625746,18.662538377912576,0.00253401411626464,18.436029075178716,0.002542294239071043,18.119723903763273,0.00251546753957921,17.997254344384167,0.002668175003930999
5.9928440998385675,-72.06843674235914,18.754553010908143,0.003281544470928261,19.234367800506476,0.002343132660440594,18.982681820798994,0.0019097664592220977,18.62212923502964,0.002130960236772635,18.43766891882924,0.004657245891167492
6.127680239668968,-72.06839836994212,20.62492132916861,0.00375440743949186,21.385692023067193,0.005670020802773398,21.02055271134966,0.003971572427250147,20.367565973732624,0.0035777178009136408,19.97725324410179,0.0032853336786940884
6.071333999019774,-72.06840954349065,19.84839652804178,0.0059260381042761595,20.51911301887629,0.007192028205710082,20.189387150241302,0.006353261290944638,19.644691139939702,0.0061909905121356155,19.33494109013717,0.011573091963759977
6.048691166566809,-72.06841460268267,20.122685766346375,0.010591725540292472,20.825071808410854,0.011668693530000938,20.457906667611702,0.009458200747679973,19.898976280492697,0.00878080983192262,19.570127131718557,0.012992315626446574
6.120402804857685,-72.06838395067734,22.122885826211654,0.083908285280177,23.589062226911196,0.17472886799089923,22.94875038936417,0.12163937816516761,21.718460806473686,0.07206916430161012,20.996200698974114,0.06964604770556507
6.118974175582232,-72.06837889040521,17.955497975872955,0.0012626872905271763,18.390305449423032,0.0008051812464136347,18.1710329910808,0.0008043618144177346,17.837388415584442,0.0011068086977911692,17.72475549569205,0.0020572161715065513
6.045126984581309,-72.06839802978679,18.762495961451645,0.0031969591951066345,19.244946094676656,0.0029051941978385735,18.997082341318304,0.0032325257363754237,18.62659628796115,0.003010686594955713,18.45079326943906,0.005423996877949617
6.105613566178508,-72.06836694738864,18.69844632895477,0.0014567928455664445,19.18333246841223,0.0016953197394258394,18.934874332186936,0.0017038391481129062,18.568089914956445,0.002016023680805012,18.428983886967913,0.0025235900019861196
6.075799261337691,-72.06836729910532,18.2224281760905,0.005075610950234005,18.658190402340914,0.004282278594911547,18.432744196356687,0.004162789511683264,18.116527847153982,0.004316743575456847,17.990170970998335,0.005167546440752517
6.066001776008234,-72.06834456027681,18.973509633986712,0.004439613726809639,19.47271264082609,0.004343075703265582,19.21615815500833,0.0046887397911860515,18.832048486407466,0.0038596962327691036,18.662561546731403,0.00510666825171111
6.122349038431282,-72.06831127326473,18.453604876530772,0.0022386292059653813,18.90350433879017,0.0024952828119104635,18.675819678996383,0.0025327491187154536,18.34060916539756,0.0022783441854359555,18.222976625860355,0.0029666171496667147
6.1044430380213806,-72.06833288306518,20.711383591004786,0.007576906355558386,21.469289310186063,0.008675056520703928,21.056445469755552,0.00669043476774422,20.382989765766858,0.005620681921188976,19.991976099521402,0.009609560472921096
6.01024961567967,-72.06834285645445,22.776746345616704,0.11170948970552097,23.828957238097615,0.18802781652520167,23.45203184955359,0.1312470564184381,22.11095385497756,0.07180713915853565,21.010732147036983,0.03186261946035149
5.959779042588009,-72.06833171670404,19.40311065658445,0.001522912890698391,19.980100950637727,0.0016165980765651463,19.67601153098854,0.0013162214556334876,19.221775970057436,0.0014748611973967548,18.994549006101572,0.0022343882181151456
5.975971604642183,-72.068311639341,19.390781503042138,0.003561528371760029,19.968805962371434,0.0036910190766490302,19.656999418152502,0.0027428547168629335,19.22745478840301,0.0023444362971220076,19.00355605408722,0.004269301059607454
6.075628693317793,-72.06829957180122,18.33283915153554,0.009420028340244363,18.731425228719935,0.007911944702838286,18.52946578148702,0.007319840583907977,18.213334377688163,0.006906063641270677,18.07319513129019,0.012618154698574028
6.014223249845171,-72.06831567505081,21.737128760363778,0.060093083778063695,23.017044060459682,0.08640115045398686,22.30155678705527,0.0780783046706455,21.34804744207686,0.05658595174068556,20.68653344154587,0.05280512432854094
6.062397202705216,-72.0682890925906,18.796649283765046,0.004122696587486586,19.289876861246583,0.0038165167142184824,19.02766223700683,0.003960901956598419,18.66051469805197,0.003963560552678652,18.505705788883446,0.006642549288947574
6.05779436597215,-72.06828224890143,18.30558933414149,0.0026858769881638015,18.752765272224778,0.0014856883952095235,18.52240869256157,0.0018162631941177712,18.20297805044465,0.002523667465523812,18.07000735451775,0.0030739722518723805
5.996008217656379,-72.06828559461323,19.13757553764872,0.01259640607325436,19.660824991482443,0.012265346156235155,19.369010157828818,0.011778649478313254,18.995443098625408,0.010113458613946876,18.82690821037727,0.010169638996753388
5.988096837502467,-72.06828507181838,19.813112360654902,0.007603371756752674,20.41032561885129,0.008395155367243452,20.078673369045887,0.007425116713756094,19.612574695994752,0.006665331786820923,19.345524195931844,0.00576162851570616
6.118432877869017,-72.06822879492513,21.689747314667702,0.018890182555818206,22.69617459244376,0.03213141164727308,22.225978079001003,0.020220375694342468,21.28191496266445,0.014251211506238615,20.699623542482577,0.021792014697667204
6.102001996784763,-72.06822233634706,19.009486425054053,0.0017040836487934512,19.493067762922813,0.0015320640720923417,19.23675360071524,0.0013979743130425207,18.863506282300804,0.0018146072938783795,18.69788576958323,0.003174814196996603
6.074540817034325,-72.06823981830422,22.5944496926576,0.0427395624090739,23.83337241081756,0.06955211939937501,23.13274547074004,0.03992480102194644,22.10530249507147,0.02717019579922562,21.239601719173606,0.02092214612445549
6.053554211262332,-72.06823243348066,19.03848026540506,0.004259735877200029,19.555058054997517,0.0038111317662131404,19.294392870584666,0.0034301900904675454,18.895372762710608,0.0040034099739429205,18.716699228103124,0.00474438318815014
5.980755064519964,-72.06824055442183,19.502976349806392,0.007564872323871746,20.088436832414942,0.004150950400980895,19.824625356442695,0.006192435582116248,19.29723243025812,0.006340259833825132,19.095016580599186,0.010061747311729584
6.060346083114674,-72.06821984801154,17.725425272657898,0.0028387882803262614,18.15828741290433,0.0025461784105685306,17.936534944179108,0.00258559071097949,17.61248480704625,0.002366205614936333,17.476902455135182,0.004510188819287974
6.035831140998619,-72.06820623224355,18.974083771810616,0.003126867986553936,19.46560394117661,0.002519415461210711,19.201303745619278,0.002309223357257742,18.830449622427224,0.0018345384881845977,18.666155342026656,0.002963895965067089
6.026958749979351,-72.06819432235206,22.049074293006495,0.0574547454084271,22.97318333267056,0.12561713242417816,22.68454109823785,0.07334773507297655,21.506032465432853,0.05912504000579717,20.886961688633008,0.046615097809015675
6.061831098844837,-72.06817751913685,19.6299706668833,0.0041862571112290725,20.238289927673705,0.005250287497187653,19.9281939454292,0.004233553782539828,19.447371928132675,0.004031577163097391,19.166869110824216,0.004499545985875384
6.060869210425714,-72.06817999643984,18.91825361033366,0.0027855227423055884,19.4278112779402,0.002298317566857653,19.154906715741724,0.0022601053697509964,18.789233405084396,0.002579512700795122,18.617023325866633,0.004611862829350869
6.055772304031553,-72.0681827419091,20.698816931801378,0.010557396657621895,21.511077564082008,0.013808993169030915,21.098209918048603,0.010681594774944325,20.43366184393551,0.007013104103881117,20.027304032679403,0.0073211987240207835
5.969908622588725,-72.06817279596707,21.36947581103149,0.010180120957881239,22.296868332234745,0.014970518640443834,21.860675413976473,0.010359056947659054,21.00210657612095,0.00801305904833357,20.47509286801261,0.006360386393249668
6.067953915003288,-72.06816484996764,19.317771194227635,0.0029405831334822297,19.866792503623365,0.003344705279808206,19.575674969809334,0.0037560064354883456,19.154038262182702,0.003932393913838516,18.92416150082174,0.005090460464482625
6.069760251481991,-72.06814500369578,18.10303343833986,0.0016997864196179858,18.52289490741611,0.0014227387825724014,18.304972690982346,0.0014115387022941037,17.991691897499237,0.00212993968412066,17.875865413049773,0.0027514104611584323
6.057247582365558,-72.06814428306689,18.213825193963917,0.0013384345361188586,18.643607932431976,0.0010731583410645519,18.417229776747867,0.001014309886502794,18.10610377179689,0.0016991793820109035,17.98634988524355,0.0021159871654684503
6.0417901782853,-72.06814822725092,17.884592188691503,0.0029387680866024917,18.268448210775503,0.0027677489366562625,18.064496722437845,0.003011240111929694,17.781774774639167,0.003191752183091402,17.65535177488919,0.004709200382540393
5.997077262210118,-72.06813593478513,18.57907357958293,0.00227946336788979,19.0239897710103,0.0023264052125421793,18.786283830848554,0.0020181422729541564,18.447365371336517,0.0020211137957036147,18.30156391108131,0.0030226796113915384
5.95860476705738,-72.06813353473626,20.31774894188288,0.003655218535111737,21.02947075461637,0.005611823925858504,20.644089377177444,0.0038920557105321107,20.08924848760016,0.003102070613377067,19.782460270222877,0.004316563260328038
6.068126475555325,-72.06811341951136,18.76267256730551,0.003563069490435857,19.24802813714124,0.002693740707144994,19.044522986228962,0.0026678320466471325,18.656542695823035,0.0029307352438325217,18.479899584938686,0.003976655830716799
6.052577882754255,-72.06809513615478,19.649582560478247,0.004741678093931278,20.260973122862197,0.004978493997450639,19.98325072525482,0.004923838396165206,19.471211905756824,0.003982844326049442,19.19360865385741,0.0076021792046451556
5.996181343994039,-72.06809340401445,18.22394383428423,0.004800648569150092,18.65177840143285,0.003473898602782674,18.40967744085536,0.003763274862657831,18.12137643904005,0.0038124010925423206,17.99662810870158,0.004049561065958756
5.985674195072773,-72.06808972913026,18.082833449755366,0.0021833735578328708,18.48772657873269,0.0017341443108110765,18.291856404079645,0.0020407034808921816,17.969979969686655,0.0020696928866354085,17.854322206966565,0.0035352186364857605
6.0736672122950495,-72.06807787583124,18.01584730506598,0.0032761840053690257,18.446487461805788,0.002521436824620184,18.226259674124485,0.0027968886595330983,17.905690693250193,0.0029865376637861424,17.784954267429917,0.004169624424391268
6.062074880340739,-72.0680658101418,20.724025899909822,0.01105489730058392,21.56541207144511,0.016149662011819315,21.205283752871182,0.009191728115741885,20.497541800722843,0.009173370965551196,20.052237356052913,0.007514366084983355
5.975434856702422,-72.06806056249671,18.252545959461518,0.0023853898024883886,18.71302325978214,0.0026063594927168807,18.46160352264348,0.0026003825822238343,18.132503748556147,0.002670897179108605,17.97778664516506,0.0036263631251296255
5.965895036281239,-72.06806351667254,21.384436367395647,0.00932193346791354,22.32970626043317,0.015440553234337306,21.857846293236,0.010800943455844533,21.032102530794617,0.00815823150798743,20.445776162340515,0.005875104126291762
6.108132851310623,-72.06803785775459,21.234910949650004,0.007255587972035654,22.16783167030612,0.013043051996521025,21.757642027716635,0.008788489222332038,20.88285577781756,0.006527725979067514,20.343866762315393,0.010922509038227352
6.055663278250538,-72.06803969091261,20.11725137556456,0.0056458170703456555,20.799169662941082,0.007888906988590174,20.442342320295353,0.006174170053424591,19.915548237253205,0.005936551215004851,19.58935741780126,0.00842792942057264
6.081838143551977,-72.06801884372751,19.214494269315328,0.006574046755364147,19.770249724765854,0.006562767233296649,19.49582169095863,0.0061747494985037645,19.05490848537839,0.006600500933651861,18.868294880042477,0.011358143587527273
6.0807749654231475,-72.06802701066542,21.011029404300803,0.031700702802895546,21.910802077288835,0.026677168962374837,21.49920328495805,0.025029311382581788,20.75395617985631,0.02167678303886898,20.2373878138214,0.028852180571395856
6.080246629477069,-72.06800578125774,18.785230286564303,0.0024961462652433276,19.279528502673585,0.0019076523877966903,19.033054492383464,0.0020773534748332674,18.64528752317348,0.0022923813253922006,18.48043555621696,0.0033009678222104917
5.9927788626869845,-72.06799436489855,19.016075832925377,0.004661383156108298,19.512097575755085,0.003640367151761367,19.22361837047591,0.0038399778493805646,18.86393512119247,0.0054972194863141645,18.68064808646264,0.00856425611895009
5.985984323778047,-72.06799281645047,18.956504628837042,0.0025823014470076227,19.457397628845143,0.00318642776812188,19.178124740825886,0.002584787558599184,18.81198413711337,0.0034635801331365517,18.637220195735125,0.0055290722255461
6.110370230732417,-72.06797330378853,18.335580300397726,0.0014284270728499397,18.769169715833904,0.0012699792968024403,18.545697268390192,0.0011662230603755738,18.166575968736687,0.0014793111935905681,18.0783236351645,0.00337155192348869
6.085719461202535,-72.06797534361394,22.104100056329433,0.02753586375784361,23.28178422360387,0.03770536336729864,22.726625824055184,0.031055682933125103,21.632203531406255,0.02107383044056661,20.843264840020687,0.017079029596137336
6.074535132656003,-72.06798652954814,19.94682742555035,0.0025925553174952817,20.585405594609497,0.0031875988825408328,20.26762668655001,0.0022640412475024687,19.747039742250166,0.002455353709470065,19.46626854933534,0.0032680106932688026
5.960530492922444,-72.0679745057673,19.425506319342308,0.002665234097651774,19.99583871746738,0.0027719442702123735,19.690726093981844,0.0026749109957734754,19.255772791207583,0.0028122306086938442,19.03996108240066,0.004319043345101078
6.07004307550698,-72.0679721297185,18.718450045110284,0.0027040299393289347,19.218634380816304,0.0027244181416693266,18.982173136981615,0.0026002504145330044,18.590585502062225,0.0027092059175707933,18.4126429466041,0.0038221589330181263
6.106469487488437,-72.06794556012827,18.64871560648839,0.0020056729930899393,19.114642878506118,0.0014225339606369872,18.880485739882594,0.0018542310197424724,18.516194843205945,0.002113431931835395,18.38994517658299,0.0032547095771833013
6.063527326955595,-72.06796309147222,20.241744505757094,0.008054255411873447,21.32921604821125,0.01026972928178838,20.91946589183737,0.009351849611424953,20.29653573424278,0.008791306974449527,19.92170362408639,0.009711575516915821
6.050359659423617,-72.06796917495137,18.65389466149752,0.006248871233506667,19.06360507196591,0.005530661373441415,18.84670840296394,0.005895551919343547,18.531857406984514,0.005093027627469102,18.383869745078293,0.0073061169444427
5.987155108914358,-72.06796267329747,19.54437303171967,0.009448880369210539,20.151430671212445,0.004811030485216539,19.82821588389112,0.005727427729451172,19.358116943025536,0.013648384011862367,19.13457533379433,0.020841538167252024
5.999917442314708,-72.06794266267451,20.578746625591922,0.012553169168878105,21.3148521064076,0.016873615861885478,20.907086053924473,0.011833244495840084,20.320364103618154,0.011451537776427703,19.873482256248778,0.010343499045881673
6.128985380895886,-72.06791611823127,19.672871803678245,0.005951283184580718,20.30937468768378,0.005447688401579185,19.98691041615342,0.005501698242291073,19.493066842044385,0.006541974172361701,19.262190903032483,0.009031566032792487
6.109816546298704,-72.0679014506936,20.218696398318688,0.006147749601439132,20.955699638233753,0.008538497119628998,20.583132414498778,0.006812743011215127,20.025256223295138,0.0063809639720776015,19.70608623524253,0.010312900443360487
6.073005559449814,-72.06791418913204,20.350858695745725,0.01106768171696328,20.997736437217796,0.011383781649022281,20.73768555668292,0.01051333117854436,20.075883450665465,0.008808296411232982,19.69869836358314,0.013186779254422167
6.061947021949681,-72.06792233566068,19.256046078887028,0.0031716094513982323,19.810578056852805,0.002781972268625924,19.492715298770968,0.00231927533765097,19.1103276638081,0.001986068346158737,18.88036759866508,0.008508192603773123
6.127544966672398,-72.067877962195,19.47805205959291,0.004473586065039479,20.07034180422948,0.005239331411335848,19.769759512929788,0.00458486313747573,19.307798862911326,0.004547238578721953,19.073600834912988,0.008437303955436126
6.109288449944989,-72.06788619337436,18.17253658607709,0.0017372582794229212,18.611644264954144,0.001436573144010251,18.393605274892003,0.0011163781692371479,18.051031670601212,0.0016455739233323082,17.93599698275097,0.0025864685370595697
6.101027441049251,-72.06790181695222,21.019856823980188,0.007577375077655726,21.909694322447358,0.00961653933367921,21.52427104948439,0.0070573807948268365,20.691051546972773,0.008286493320924558,20.168977403181643,0.011653557514075225
6.070840205136571,-72.06791125609391,19.064999123942794,0.0021380126857524183,19.577576765823387,0.0018633521955413008,19.338416614121662,0.001805652331948616,18.921688015538223,0.002032798393556003,18.74004390999086,0.0027670170251776166
6.049877150845722,-72.06791187588294,18.271749318919813,0.003485830516326148,18.70706879886398,0.0037526800734085704,18.482339105973622,0.003592132682024111,18.15004658114257,0.004046744162740068,17.985059689690793,0.00567170369911647
6.032446057782438,-72.06791040482264,20.622147295112025,0.04598853823800184,21.35678978469958,0.04181947256678439,20.971798274123216,0.05004188118287007,20.32741502623771,0.05191643985747172,19.864979128221876,0.0547736094018275
6.123294682420705,-72.06785564660716,19.51206152413039,0.0015395980903744387,20.11164033112435,0.0019091894738422037,19.81747297773901,0.0012638709607902588,19.344190930582762,0.0016364883673143514,19.121974527164006,0.002611072722856898
6.091450599833603,-72.067877949845,20.765402045166216,0.007146590573865807,21.663739081999125,0.015220891214133045,21.267850171919456,0.009638711750205824,20.549418676064413,0.006676223018428664,20.08463259103638,0.00815167959166397
5.965724863470536,-72.06787417782235,21.477316321306713,0.020483108784549516,22.31703682770572,0.029388229120736478,22.05433974563327,0.026718661124505085,21.102816320498185,0.019171041844062323,20.518757148062356,0.01342221969975622
6.106205044532716,-72.06785328925606,20.43403426214633,0.0045934053067426235,21.206515711408933,0.006092354976432096,20.834271839258868,0.004411518087081379,20.199269626610217,0.0034317964691799874,19.82169270912528,0.007227092456315194
6.105022419410095,-72.06784587903985,18.77290881017024,0.003594140394054514,19.25122096892116,0.0028549363424601373,19.072873397974924,0.0029927077766717805,18.63010837651246,0.0031732945161408546,18.495178377247512,0.0034604074353928706
6.092165649397598,-72.06786324491588,20.570483923102028,0.011718888896472573,21.33637700412215,0.011646887394019026,20.960880145897534,0.010439112163422852,20.334066323979876,0.006103067215090887,19.965774647722256,0.011577997312598225
5.97335535136524,-72.06785268466172,21.739225258511947,0.014950292568364148,22.914464167439135,0.019667830653000595,22.315199848187923,0.014560489867761765,21.419184916287826,0.012461840522754576,20.754332944013775,0.01763247298804459
6.111886252932753,-72.0678294529457,19.97786968020323,0.002921705065265108,20.612648620812372,0.00295170716474171,20.378490015495068,0.00266615357218252,19.780938965553467,0.002518112008308147,19.530138358177467,0.0032416167289023618
5.983729481170058,-72.06784764517505,18.61569558780639,0.0026279906641154946,19.070549477951914,0.0017022480893293347,18.883379557282318,0.0017429950594037655,18.489007726427317,0.0020395489322181564,18.357898740176914,0.0025084217131334263
6.069561293849307,-72.06783524244439,18.23162355524214,0.001092103892644949,18.654018540537834,0.0009608165297095073,18.435814581762834,0.0009471541324277676,18.11399908172092,0.001607904894127517,17.990800352798743,0.0019962105494880926
6.055867824656914,-72.06784115927373,20.104929401733667,0.019659043378358443,20.90420492284074,0.02397099907055988,20.483366789510953,0.021165878374175603,19.94325912890622,0.014939575181635717,19.59000479798182,0.015849574646658256
5.990818443196975,-72.06783237243593,21.589039622197095,0.01843852603801366,22.640102248084688,0.0356353258488687,22.117820634268675,0.021346881399923048,21.1890041790558,0.014763511482724425,20.573807728070747,0.01510978791579326
5.971237331659922,-72.06782585205305,21.549996281946466,0.011952508858742841,22.542864775048557,0.017971609673610688,22.09065981015008,0.013035649850560356,21.153388349313843,0.010151340378504943,20.529185315434155,0.010873691619299413
5.96091356605474,-72.06783054946067,18.57330995664736,0.0011627671552603375,19.046591574827374,0.0012751797028765044,18.859311464366634,0.0010900421206466594,18.43874438838231,0.0015363285385787905,18.307498002161566,0.001990813614043222
5.9577435933771055,-72.0678186523306,17.96421087436136,0.00076663987755123,18.381043525855432,0.0009734756267386466,18.173642839902044,0.000975712677860876,17.835208655951376,0.00118346755161675,17.72859670348725,0.0017455405755485362
6.070645721417681,-72.06780031538544,22.352085660635044,0.03560244642197358,23.510691889646182,0.08035294984669068,23.113222221598853,0.04643217801115361,21.887368411452158,0.025031240142024694,21.093754350137026,0.018075117343237083
6.0679226273688345,-72.0678155909062,19.31930202844679,0.0019891623588366714,19.85012120819426,0.0018324496618204685,19.573259152218327,0.0015226640354828512,19.16573812778781,0.0019494886497475941,18.964960327597964,0.0029463246785933054
6.087032152398435,-72.06779564719575,18.969838941528746,0.005926047078186006,19.491758385274935,0.006428641430577519,19.23078227227296,0.005796101717356043,18.836563789968793,0.00557848024920401,18.655343475695425,0.009254349998303086
6.042413882825576,-72.06778825303111,19.000311054758352,0.0032702362719813647,19.429704240217454,0.0027214852623010976,19.2002627578404,0.002834121132303811,18.80463954300413,0.0030040054741870916,18.634922988791523,0.004429175206323158
5.9895812847006455,-72.06777244322623,19.129002790625886,0.004173998652935318,19.641795408775742,0.0036379574207024354,19.346716223675266,0.0035168222749008184,18.981212702867104,0.004099091167229107,18.76827452284177,0.005530787128763274
6.080489124649452,-72.06775462949368,21.68005614992663,0.01708961647116095,22.715881558240042,0.02440816606461112,22.249719793419274,0.01675716023548802,21.2805252469487,0.02117434549410488,20.683572954138114,0.013554574827698427
6.051476808648063,-72.06776446583375,21.798311355532253,0.03701437799166373,22.724158043481708,0.07332260236753661,22.308632607812726,0.05474175252151139,21.42254819846584,0.025420493007387815,20.68594912571269,0.02955627103937256
6.031460711133201,-72.06777057910462,20.579066062523577,0.02206997988726664,21.357078319646455,0.024020648882706937,20.977099514931822,0.021513421093337048,20.3409950352208,0.018017100749078287,19.91340176493184,0.03336135446080777
5.97821817462313,-72.06774368578492,19.237637624491914,0.006596861756020897,19.754293112943763,0.005957217250326947,19.47051224591071,0.006304886462363906,19.07872250206536,0.007031509925440342,18.91199113849276,0.006796991647676865
5.964248938386622,-72.06775613594915,18.86205393678411,0.002715219207473103,19.35930049022614,0.0022330696968353727,19.182569736206176,0.0024867207847548336,18.708949610541893,0.0032625539838753515,18.561240134849207,0.003976927538169144
5.980307271371046,-72.06774010195444,18.73020026589486,0.0030207854482128087,19.217489628667728,0.003187163974635019,19.010360464603096,0.002811874154283264,18.59305929554803,0.0020502169690251996,18.43518797403342,0.003157241842153976
6.123270706850411,-72.06769831988144,21.68512865843272,0.03619882637300184,22.799883640497008,0.046231079672012766,22.29840897472225,0.034844009915303564,21.331169910654822,0.029401825811643408,20.707104734176028,0.026339990999485155
6.0623471482984685,-72.06773203052711,19.50398440295066,0.005468313305927654,20.090681817690488,0.004367913492163192,19.78643799914171,0.003966939396620763,19.32119837607307,0.004577002198311198,19.077688666982084,0.004859734719268509
5.951516028144032,-72.0677154020092,21.913418317131555,0.009531398372647493,22.935607757491674,0.02380073802709039,22.473473087587514,0.012935969419123809,21.439139754705806,0.008831696888397732,20.806629223678172,0.007294354881053864
6.084978520908655,-72.06771238551191,21.078065657641165,0.006407895370598802,21.960728884438197,0.011358807255225123,21.54578638210073,0.0060466497480894344,20.786904873738905,0.004577687636240171,20.27159859604086,0.006165417189061912
6.072731557568949,-72.06771667777137,20.08768577037309,0.013198752604011623,20.78307427310439,0.009440967725590554,20.480359079184325,0.012829358162161042,19.883799313314007,0.011181654812621535,19.570441901569076,0.013206806143041072
6.110266103811305,-72.06769182468594,21.857372841524427,0.017955112925087793,22.87850848397163,0.03784004339804793,22.4052174429576,0.020997016127630382,21.4432441791768,0.011478577087284383,20.79448235277311,0.008852979508856513
6.045973108228372,-72.06769208657266,18.922637486388094,0.005873267218563624,19.445212147834432,0.003097777726625367,19.162723085331685,0.003873741495249867,18.78545659675156,0.004053950739004929,18.582837346233873,0.007411584669729576
6.028659967929942,-72.06770681584523,19.398611987955935,0.003270332683253422,19.96861940016135,0.0037500899330378343,19.665604303510342,0.0028698032875506354,19.234589492700906,0.0028667989356954116,19.022457047963023,0.005162021325615534
6.114142197926239,-72.06766256303993,19.309740004728116,0.004393400060733688,19.84630328255102,0.004399255585701549,19.61762121624802,0.003981903328559673,19.14969030492464,0.004614522297825021,18.944101603464105,0.009518384252213859
6.099519631615655,-72.06767006118521,19.54624143630061,0.004459806011111939,20.12903754376793,0.0033687164871026814,19.842927295952627,0.0033344572596999134,19.37764901031565,0.0039269884154872845,19.126898635109704,0.005142421041497672
6.059817954243666,-72.06767792087362,20.115798494618705,0.01350900751444062,20.827679245097166,0.015666932686500906,20.444944604650466,0.014703273460979719,19.870158489531747,0.014893362194253607,19.57029542766619,0.016694217285995648
5.982029959370524,-72.06768673629858,19.642536353266042,0.00437904226785967,20.278419406972958,0.004276552505918289,19.937512894196203,0.0039286341041056844,19.458664390331833,0.0032160814183026677,19.210661809944945,0.003858271972847687
5.960247452040948,-72.06767837187363,20.284519932840883,0.002756844408077317,21.024568994476013,0.004133902242445589,20.68716631035793,0.0024321815147284338,20.055677562540374,0.002096035470434229,19.725041572170404,0.002568576644836115
6.0808117953607885,-72.06766230860185,18.522445975843556,0.0019357694828565151,19.002263592371598,0.0014691239182463756,18.762269794631983,0.0016549102050355822,18.393444690249666,0.0017948973059398582,18.254630199610773,0.002662599470502136
6.07292531161946,-72.06766375541761,18.863458071910014,0.005628051879507232,19.373288648147323,0.004379500663945316,19.141190561255407,0.004693531282303195,18.734876139989602,0.006855307790024917,18.579423112148213,0.009605141492274705
6.103563574149575,-72.06763772604518,20.68528143182397,0.003976302228943313,21.49058719197928,0.006896201450483223,21.0827107516171,0.004639252703955266,20.418443818818574,0.002669373201183682,20.026110080666392,0.0028886899711259156
6.070625801644248,-72.06766208097673,19.638429749771436,0.0024658223901494057,20.243543379602514,0.0030385333622681148,19.9139501765183,0.00228597522245902,19.473910193082602,0.0019551082044003427,19.23850345461299,0.002922991690315396
6.102533884789321,-72.06762386188771,20.73817485614251,0.003911466362210056,21.591634785238092,0.005332048427698557,21.20730507484786,0.0034113116712369248,20.461665745636125,0.002719541494600358,20.02480488322896,0.0033534657780754477
6.085726783717424,-72.06763523264057,18.849553362576703,0.0025302191976348276,19.388037673052104,0.0023691513346649445,19.11113973919546,0.0021925766964893626,18.718494280605945,0.0025784985747922106,18.550022366054513,0.0035270405025570727
6.049241652229275,-72.06763760774129,19.772610979453564,0.010675786534149613,20.37987429485591,0.012251850298616059,20.054357379815173,0.011663335289164412,19.607367698851014,0.010146938204453997,19.341640651966024,0.008704416751416989
6.020295127461591,-72.06763970199692,19.29008035091937,0.0015521513020827138,19.8332803641107,0.0016814332842866558,19.51717456159526,0.001290735478399516,19.130076572736414,0.0016358051137951484,18.933591499721153,0.0020903280087271863
6.078631880889131,-72.06761497970898,19.196167577854784,0.001793649526764335,19.732692037950187,0.0017678294542611695,19.469867015287406,0.0015547188409754272,19.044265506712748,0.0017120126983554305,18.85192212760277,0.002057420520450486
5.960087474146528,-72.067584551756,21.95565212136702,0.01831408921292146,23.08654112802536,0.036866821173191275,22.6039910278215,0.015397998947217587,21.567452400341793,0.01086552107105408,20.868354538060835,0.012715530871895479
6.099712241101104,-72.06757244731835,20.10571639553599,0.0064681573466483224,20.83820572136544,0.0077825120046675035,20.49775574695368,0.0061375296974321425,19.880822844079262,0.007728767753915822,19.578669012240034,0.010931017513733111
6.050716926350909,-72.06758844435463,21.188248298187087,0.016785025697982688,22.022450361243564,0.017700654695661008,21.615431723954636,0.013195533949420359,20.82591904162981,0.012989553058545576,20.310528892711382,0.010511482315356157
6.062184279895832,-72.06757883288354,18.91515521124487,0.003043100672584504,19.436926300347352,0.0029184306517110073,19.17807187569852,0.0027863141505404076,18.8170979786809,0.003027604529162861,18.644451886597587,0.0026925018336944485
6.014540817685891,-72.0675707230217,20.455956922488543,0.018238523441054894,21.150171433422152,0.016697675198628897,20.769862347275357,0.01981277754615489,20.204327105874725,0.01317093354381822,19.772379939663125,0.03336731030102609
6.060479327999147,-72.06755500588089,18.92222972025859,0.009911036168306846,19.428240262784158,0.007312819853104457,19.172827635356406,0.008478894544879254,18.784391304176204,0.010174479225364222,18.6242192275747,0.015048709970595911
6.0660363652569735,-72.06754400824643,21.04915081259902,0.01705950778214774,21.892403245163308,0.017510810725815937,21.50764195542005,0.013599573669898531,20.73657917974316,0.014489300749758124,20.226520288441677,0.019863416670080958
5.959802474486815,-72.06751325723936,22.2485264420316,0.013350565846136564,23.399128478146423,0.03963425887579036,22.830752924673988,0.013141374508164353,21.76564460725212,0.009503739409856047,21.06490056039796,0.011275269299011981
6.097436882916638,-72.0675020471171,18.772694821139783,0.011685051372944854,19.262736952337,0.009307029040562487,19.10700727242716,0.010528713755785844,18.636473942161416,0.009776994537603462,18.47244328730912,0.014549245073017695
6.070924549403624,-72.06750222310647,20.013916108312014,0.005087850415511675,20.680903431037983,0.005515116636879109,20.3377421108952,0.0042455178087168165,19.812402904608504,0.003993143783953884,19.482221125941408,0.004733453577329134
5.987832829208003,-72.06750757961878,20.90177025676724,0.05592600589058496,21.484059296243714,0.04741958158797444,21.09986580092294,0.048266848530476594,20.369368585456954,0.08040244051810898,20.343895748862316,0.2030124879832976
6.112812519184659,-72.06747100908554,20.61317966116525,0.00724529693450289,21.415103324072227,0.007229071988076789,21.005490793908855,0.006719074509844975,20.355557460967006,0.005524414597615276,19.950391329847122,0.005014785382486478
6.081615290283537,-72.06749127676842,20.963189177776993,0.007138109689997546,21.81971545518452,0.010530657127332798,21.409943477258643,0.00741786993942127,20.680180957462724,0.0066146510285686345,20.199217988048865,0.008713004549267789
6.079769237382575,-72.0674807882841,18.639589676299604,0.0015852523599568808,19.115825796208775,0.0013029070348746469,18.923262038131625,0.0013229121458534167,18.502387414714633,0.0017414574890678902,18.346317338956368,0.002206607035258389
6.130290663138696,-72.06745069875738,20.142375940877816,0.006597837683667875,20.796326048027503,0.00866695138631521,20.446169864008652,0.006386781002720342,19.892908737091254,0.004846134769918903,19.582046722525064,0.0064850901445794714
6.103379692741144,-72.06746128550022,21.41258186268585,0.0059694124959550916,22.389447522162214,0.012297493025780325,21.972377750110255,0.005414325467446679,21.061278146706712,0.004214571439949041,20.523313714765663,0.006367568817197919
6.061715475601692,-72.0674681988735,19.239683601841737,0.004950423495549319,19.82254967930573,0.004885690915564279,19.575935742083743,0.004588806005684134,19.123352262885675,0.004673906524521864,18.895858869736742,0.007945614921211673
6.058464051225783,-72.06747828077843,20.490500325190748,0.007704249614021561,21.233834516551696,0.010372097614489564,20.874660128290238,0.0070210591963951905,20.219105370199166,0.007857565356529794,19.787178960260782,0.01031825230363719
6.093415481432451,-72.06746189746387,18.484771980467674,0.0017973648838489269,18.938200374559678,0.00159144568015361,18.70595841053094,0.0015038946403047734,18.36209125955355,0.0021455619609792352,18.228727333608056,0.0028674290670882723
6.081130496026656,-72.06745241418085,18.923954375707527,0.0015431741784270713,19.433448386844162,0.0014801822251550275,19.183504870811625,0.0014535461823681941,18.789174933224785,0.0016751480470977946,18.636796733371845,0.0022435537075076546
5.997674860937823,-72.06745968805231,18.429417733680804,0.0024756512799951687,18.85983940257558,0.00261555543813845,18.614504311417235,0.002674096996410573,18.30692634019762,0.0025108995331865275,18.18366385052662,0.0036733609960788636
5.963552557100638,-72.06745385368197,19.624921005607508,0.010472420961755248,20.21648656715506,0.00936497627055852,19.960249136001615,0.009387134231515397,19.439468076356654,0.00996720743073082,19.196460216592122,0.019396058725418348
6.076432374443867,-72.06742379530165,21.019285745919785,0.011106747543057174,21.972255896147075,0.0203721432499496,21.49221374836312,0.014111051173168253,20.749314837835456,0.009273878321316403,20.295873993707666,0.010793944305153416
6.070465424202934,-72.06742620496561,20.242296729546677,0.010909295510805042,20.99019638974621,0.014002411638180721,20.62562093986687,0.01160923742978483,19.98207517772056,0.0204314260742653,19.663235626176345,0.020604136920688843
5.9725820645971845,-72.06742456826818,18.55309080075533,0.003172046727713353,19.023922638035415,0.002426307827916326,18.760912052117078,0.0024028479192207933,18.421678427254278,0.0028930589843532617,18.29367557808613,0.005255958185476383
6.041607793400801,-72.06741889012004,18.063699906079403,0.0028362134008526434,18.50046901187479,0.002207328017146357,18.267617704553032,0.00239769925961836,17.96197858440383,0.002976330172701395,17.81398234578144,0.004342327595149795
5.948142585875989,-72.06740290853902,22.052492734400776,0.01047340747361598,23.095538686645156,0.02073148469884601,22.608065712349905,0.009872208325337941,21.643308295506145,0.00840074654567863,20.87851053166792,0.008882124417813329
6.092629344627182,-72.0673969270746,19.671374015981787,0.0027147273979445602,20.288331885381396,0.0030692107099157817,19.981839226792054,0.0027186972201466166,19.49731710417582,0.0028460054824957755,19.252733013448804,0.0041906889799696746
6.078041169258938,-72.06740751838122,20.362811192611243,0.014350475120312015,21.089595961122775,0.012668313229011078,20.733557670684945,0.010418326505422388,20.107679284771542,0.017649344692019,19.807747505976913,0.025954667833474394
6.069602077094839,-72.06741290240439,20.969864179076506,0.01699383435008055,21.93533971899086,0.02980697645866998,21.44244463086612,0.022181883395522725,20.676188204150087,0.014972117490438756,20.212560283569708,0.008747849866848623
6.017249449985698,-72.06740622630339,19.246240450357188,0.014528042824420842,19.768998362332894,0.014626941587907543,19.476625315113004,0.014435556716908313,19.055756326061257,0.01419899239902735,18.832155784787282,0.022509965100046273
5.982585827354912,-72.06740881508902,18.65894377667313,0.0034319438405960682,19.114431338582044,0.0023238596948125393,18.906562125845248,0.002424273515819072,18.527113927852227,0.003015095189069291,18.412368628835196,0.005869348936389679
6.088521982217342,-72.06738231223208,20.228122076179947,0.006132340871662003,20.89844226173345,0.004329027391779216,20.64352104060142,0.003366167840934886,19.998237877866558,0.0054076697263739934,19.681074388080667,0.007099570658220374
6.069226643303069,-72.06738728434617,19.825192363596766,0.004600908707790171,20.626734225584293,0.0057249593738636015,20.237086379883714,0.004527445691584413,19.59882153549765,0.0030745098572384014,19.200896454642482,0.003215139217383216
6.060417815037497,-72.06739454730891,18.83793706863258,0.01779607902833515,19.417638782554143,0.01007109862339414,19.113079227872902,0.015977776920353903,18.676358667195494,0.024487015035493317,18.437377841995236,0.03528990577821674
6.0981582777911445,-72.06736154616705,19.954243645774223,0.007527241832050013,20.608086717905543,0.0038227241307842623,20.345972526916704,0.005223701238754748,19.77658207079218,0.007251106870128183,19.48625322510555,0.006725166816285918
5.959052321616808,-72.06737457491404,19.559787116698192,0.0030935293846072265,20.15304890545457,0.002863657552116336,19.831677265728196,0.0025156815366430833,19.39566996302125,0.0028038368381191462,19.16130992598142,0.00361748432356107
6.110091437550537,-72.06733111239411,19.526823275707965,0.0014711761731812014,20.13769940801795,0.0016013126269387862,19.824825581929417,0.0010015932874522693,19.347242341250123,0.001799208349523485,19.121163814573833,0.0024821482069163083
6.101112280826773,-72.06734435034481,18.564604441323173,0.0006806852160945513,19.012118809903313,0.0008660667904292957,18.836922011858114,0.000659015664062472,18.4387100821846,0.0008979310738012403,18.307683243208338,0.001555117369739783
5.976705563197313,-72.06733970572795,19.52598650673872,0.0025301064887677917,20.124610873237756,0.002568845171119588,19.809563270806656,0.0022804459743918865,19.35886025336795,0.0024439909250294446,19.13035701368723,0.003329383003858439
6.108062386678106,-72.06731849080629,19.978476386440345,0.0028893886940182653,20.62381748866494,0.0027003467736214292,20.301131601769093,0.0012980327614309749,19.772625129353642,0.0020670227375014084,19.50779752788179,0.0024989553115323617
6.079476444191597,-72.06733943241275,19.279483683932742,0.0045407450283065426,19.80960538259214,0.004197669490688438,19.525971204408634,0.0040464950990197045,19.146113277186195,0.004040111655121992,18.959777110987808,0.005733860036114856
5.9771399208378195,-72.06733279055744,20.66623315150731,0.008074877477880847,21.492423628381573,0.008730159335342021,21.072363604900566,0.007172834415770546,20.397743724953315,0.006836353361858985,19.9947423826979,0.006688647179460125
6.056484694772206,-72.06731428623574,22.493193644279206,0.09663702460132147,23.81522378505015,0.1565964740849648,23.135217929126355,0.10552902391285694,21.939952154011905,0.05337191175405101,21.101128709114974,0.037501983272519704
6.016794266389934,-72.06732863475739,18.555550145345617,0.005485207849987473,18.991160090087156,0.00513692532006203,18.746966088932,0.005114602185629632,18.42188899329355,0.005662073196332237,18.279688137992636,0.006186581119632478
6.054463111414711,-72.06730757173915,18.305220288664525,0.005398861024912856,18.746394862607097,0.0039960440787154845,18.521090670398074,0.004665778067283893,18.189881892213585,0.004902047859465461,18.04879120416613,0.007087373197231363
6.044031034996966,-72.06730364488644,19.44801734412115,0.008807114178683455,20.040365723400285,0.008676195279385695,19.745701330008153,0.008950347869375536,19.29702919860754,0.008068954966571125,19.054756217721547,0.009799364327345945
5.9706139544304815,-72.06730442659851,21.92938785997494,0.02303050663006536,23.220315148193656,0.05038275677813335,22.56750681916396,0.026857674783585896,21.585196982897152,0.019060899528094272,20.9130233251188,0.013427158325391582
6.093256546998386,-72.06728195052933,18.524390172999237,0.004265903745502949,18.98757452468201,0.0031161323215086944,18.760804422030212,0.0032943331964553737,18.411606949176267,0.0031381006755708376,18.280876294807697,0.004719701053055223
6.066694053459632,-72.06729360920568,17.78251730880498,0.0008564370748027335,18.218735593999703,0.0007787274712889337,18.039794447266097,0.0007881714430822231,17.67122642788849,0.001083214413410868,17.552061275649294,0.0016505730864634664
6.025730897518371,-72.06728986003351,17.762031691194043,0.006204857935640814,18.207314841021997,0.006846128470558208,17.9612261551937,0.007119418909156534,17.649489944177937,0.005668014867862902,17.513539103145355,0.007507984905649844
6.121088236821234,-72.06726181047708,17.658546743517103,0.000621587748404722,18.115222825058204,0.0005454158484785972,17.927681425996767,0.00048580203384315985,17.536343849162627,0.0006955664200975411,17.418624027540282,0.0018687139621086529
6.091668450315066,-72.06725256603282,18.551330311616926,0.0017790559804163639,19.003591895708716,0.0013199866735126543,18.835120415621958,0.001443528120435283,18.432381516293404,0.0017901298157318838,18.311324838915432,0.002231957029154179
6.087428841601811,-72.06726332108413,18.786760954942753,0.001470635765997929,19.251401364026734,0.0012213227109836573,19.01720230487596,0.000878485403040962,18.662059365574464,0.0013892108192936788,18.49961302662431,0.002396079755815042
6.085632953800395,-72.06724015484099,21.069501740965162,0.012524304819539272,21.98527919334918,0.019688105529003238,21.566669887887166,0.014256760343666857,20.762993450324288,0.010499242522757371,20.242706194991335,0.016715676725145144
6.0849933072667985,-72.06724964203565,19.602789356175922,0.002787618377754257,20.229934657574717,0.003242741863416019,19.966702201048612,0.0030380861279767674,19.443455619351084,0.002701251395456264,19.207130586200414,0.003950090399350478
6.102461280400212,-72.06723158286255,21.844101214494156,0.012703969387435276,22.98413211687405,0.02785921583135427,22.41298062372693,0.013746493578430634,21.460914562510773,0.008740503803673345,20.80471625689585,0.007791787631082858
6.067500262645877,-72.06722322989397,19.560544455800294,0.00647172556626536,20.197229855970434,0.00793004066984878,19.870632198733396,0.0067661868005597535,19.37481188441876,0.007815606182647778,19.041907416781562,0.02219389561886331
6.015688391923896,-72.06722082902108,21.47132684297382,0.022709269563242804,22.541938828424612,0.04031905818985825,21.967113397196208,0.024343798141612884,21.11701916898147,0.01620671932927045,20.5132736678842,0.014294613508330202
6.101647411584159,-72.06719616936837,20.978956429636444,0.0060891191681847765,21.887366993207927,0.009684460267660674,21.462593131374234,0.005627817499025734,20.681999201527844,0.007724888315954566,20.238198776567636,0.008738945821702222
6.041942833065613,-72.06721573554503,18.117981475730506,0.0042614074250580825,18.523754409965548,0.003487292012672088,18.350534425291706,0.0036545232037333876,18.00300481778028,0.0037920782047415674,17.8711041166996,0.0055734863697811604
6.052966453578133,-72.06720019603559,19.73059453885467,0.0045088985920956485,20.35441479289009,0.004721756752636675,20.030605124418244,0.003554482015738615,19.562295218597697,0.0034105594980890267,19.27804748546319,0.003965023415610869
6.010873763050596,-72.06720456986828,18.291267478903567,0.0038055310418610108,18.70993032641713,0.0031409581326907314,18.471817757844832,0.0030904766901564645,18.167443945983415,0.0031351648821143206,18.04394358425003,0.004066429840219023
5.974398719587253,-72.06718665887207,19.636478365585294,0.01023684036963016,20.250063686506543,0.011602667772502894,19.927098936403674,0.01182705848165388,19.46671594464884,0.009927946081493935,19.232189370488264,0.011039699360540368
5.963663714143472,-72.06718987484695,20.951242417154955,0.006316801152899437,21.801020586768907,0.007616329670483908,21.37977851246999,0.005430833793076958,20.650083879080363,0.0050797026600383375,20.19258230617364,0.00488555052061342
6.098778800582411,-72.067166418249,19.72084315677765,0.003587275516872795,20.28634524392085,0.004126281609353763,19.986118670345626,0.002729878171410102,19.498940183596744,0.004398765571481668,19.271006950925056,0.010920631025825462
6.093297322110768,-72.06718068470016,19.062094577913303,0.004913392063737606,19.60882307136078,0.004295353517103281,19.32767655195967,0.003668079508121015,18.90869063829679,0.00540895773562775,18.6886165816561,0.0063054724297394215
5.97760095549185,-72.06717311331637,19.53968847818408,0.003665967327054443,20.124908489330274,0.0030874190662415124,19.79789113071063,0.0029360704611640434,19.375815420954993,0.004090218977432086,19.14180493399894,0.006007910147438635
6.004569224869187,-72.06713246139863,18.707043918891383,0.001767074707385326,19.185597523808212,0.0016731088184717988,18.992681109452306,0.0017832856693549418,18.564738471992904,0.0018714235657972759,18.413748607772156,0.0022080198165542594
6.018655596170782,-72.06711661880729,18.40653224397531,0.007781796392135374,18.8359460579577,0.011020254526201388,18.611844971400515,0.007462172341130187,18.289064918380497,0.005289281416164462,18.154038310253,0.010470319269108998
6.0504654237699995,-72.0670957135202,22.183281413608352,0.029956024219210165,23.24071588626738,0.0513394368730306,22.74209692936875,0.03323516478216834,21.773237295448915,0.026237216478700285,21.025831257424265,0.01712847391605591
5.977414496851016,-72.06710038118555,20.810698378220724,0.01329775725001546,21.672516086873912,0.012040034334143383,21.236641087640677,0.012893931157855532,20.5142801658547,0.011548029252838602,20.076247823927076,0.012450414040336373
5.971253203832293,-72.06708926402503,18.520147936503175,0.0030624814743713427,18.9761443176589,0.0019364227079137497,18.725586122584197,0.002731413809488034,18.397986061329263,0.002645658759861194,18.266242107920505,0.0035930196480359784
6.0919798998932775,-72.06707726920631,20.594608977207823,0.00584386764730341,21.354062802357987,0.008672702558999285,20.969897738731582,0.007772191902504202,20.323818682398652,0.008502994539347926,20.000741162436817,0.010721373064270972
6.0512150440058745,-72.06708982932436,19.953762429886797,0.0023981606919024996,20.62392906543745,0.003052535142528884,20.28679394124279,0.002080164759028601,19.77598643641307,0.002224001492951095,19.454839142937637,0.0026418185580741028
6.125172639476065,-72.06705699188187,18.401368550889554,0.0006459239183578944,18.854865906946436,0.0006516361614463215,18.62687161547506,0.0005333494629849268,18.27181965637186,0.0006707226753075366,18.157937555087543,0.0018460681881271512
6.103218281105605,-72.0670620274368,19.0251927439264,0.002957208620630282,19.538931421429062,0.002781373727485459,19.338331779002218,0.0027039798423192556,18.887355679812877,0.002717220898194526,18.715255948457745,0.0035440977898744466
6.06862796891857,-72.06705128281573,19.692914594314093,0.00833742173022783,20.196176584875886,0.006350086860434302,19.903548406295904,0.006581666150572075,19.43007481833333,0.006109367643561247,19.20138896685895,0.011850302100247009
6.106770787635191,-72.06703635555635,19.265238512260684,0.0018809979672510197,19.83203127684962,0.0014453474349257068,19.612899856083253,0.0012598133532623623,19.104535550013388,0.002067476132174532,18.899085375690113,0.003225789082501097
6.120543643387946,-72.0670138306202,18.97058746622513,0.001107985346127531,19.483423492980585,0.001236663152852306,19.219859358759642,0.0008389984730401331,18.829586952425743,0.0015189403039507809,18.669225907939165,0.002301730749304483
6.053691452810444,-72.06704036204373,19.327981557642875,0.0050295131451768,19.888661197430864,0.003909606889723929,19.598902983384626,0.004001508330640663,19.162831184224274,0.0072125128743644245,18.929839045679245,0.0067222295456295
6.04331742147376,-72.06701217010908,18.304797407784033,0.005085380320714898,18.731619578023505,0.003639809314656379,18.49045964693277,0.0043272702663532895,18.173351900595627,0.004608751700484179,18.015943575495754,0.01016894340531686
6.108896073064609,-72.06698198953247,18.380567010556202,0.002134263118363617,18.85384578789938,0.0009561935958920316,18.633618415865882,0.002106993735529614,18.267776403112215,0.0020442517972307926,18.144632731763544,0.002731689235746874
6.092323212196716,-72.06699066504417,18.605421034305596,0.0016662396383721391,19.04573327020529,0.0015048360912740554,18.824911267051988,0.0012656497662228443,18.48841965270593,0.0018297140820468744,18.358177121800246,0.0028873597900348903
6.083194863372206,-72.06698213464642,19.607906753047107,0.002373905847009527,20.21730383317839,0.0022651480252452974,19.93834186150834,0.002275872147293906,19.429556115476096,0.0022227497448368203,19.193080653196184,0.0031876314053612288
5.978948022977063,-72.0669818787926,20.29461157349927,0.006266490045640618,21.019036057908437,0.007223620734929685,20.62133700326624,0.00644989269655017,20.055364341532425,0.005766335418649464,19.727666713979232,0.0048849832843984205
6.1020324681250715,-72.06695490557674,18.959269247090997,0.002769379349010542,19.450346819706894,0.0027772733876485537,19.24964132062044,0.003034135523256101,18.82155420509683,0.0027474778678967565,18.657113996153676,0.002828137103924655
6.0985345322946936,-72.06695206550155,17.830436870103465,0.0014417702473851172,18.26539865726805,0.0009307139220186575,18.04349540167481,0.001620641263670412,17.717946090882755,0.0017171710675230028,17.592836525394866,0.002309124599718106
6.091608944524384,-72.0669338312749,20.21113514035928,0.003677876928561812,20.920913950201935,0.004607837225379408,20.63359597102903,0.003582238702444126,19.995409752739548,0.003144689808332329,19.683562643300696,0.0036600382059156725
6.0528036928742495,-72.06695395526623,21.131598600243347,0.017592557171389762,22.006731007243786,0.018264310345135527,21.635369058117938,0.010450882853915423,20.800475375621374,0.016661240318137892,20.23401026522206,0.01703292305872392
5.984584732709407,-72.0669534532856,20.500400270580794,0.00456010153462024,21.23716967806226,0.005626455572054744,20.848079123913003,0.004070683702460006,20.2410903828077,0.005118912274418047,19.872456276846677,0.0092455482471423
6.118332071117143,-72.06690357211328,21.903568234526485,0.018362864757630767,23.051575168518326,0.029251331721922867,22.49810121073648,0.01715586580619348,21.43308543292541,0.017290559091793358,20.807152606625316,0.022771311753295154
6.055982281824478,-72.06691227493344,19.179416295655603,0.005206744180694966,19.644422396065153,0.005577251944498486,19.43741944823511,0.005357735542291544,19.052377307196835,0.005196620073365673,18.8437369356109,0.0059097723713438894
6.027571226915965,-72.06690982990325,17.528892141535668,0.0018791913544217718,18.021822871303286,0.0012669921196794228,17.76314210636488,0.001634951036896073,17.38622965837216,0.001808311832206028,17.216842071846692,0.0022405269612210425
5.985988965020872,-72.06690692520006,18.416226504120342,0.004054772032853972,18.860856198355087,0.0034957447573916328,18.62592605329865,0.004073827446945737,18.297137320125017,0.0036708648832303147,18.180293538015455,0.005498542330695564
6.056936665687711,-72.06688964520168,21.61020307193144,0.04109728145687455,22.70659759214739,0.089622152405375,22.172628965230338,0.05790020381269067,21.159936654907547,0.04104671539033814,20.62227522133817,0.05405527574674106
6.0458345438029735,-72.0668873365172,18.262510894945937,0.002449460250093746,18.700835676722065,0.002275407088330581,18.483540845291365,0.0022505579368344445,18.164288720067887,0.0024212640513958336,18.029660514840934,0.003453620272510483
6.020539888980773,-72.06689667786438,18.186451532664623,0.007708343866749611,18.60459275229558,0.006617220482941224,18.3749863751112,0.0073333906839517645,18.035020588858544,0.006444482084538339,17.911879619330605,0.010765704174316366
5.997534913135553,-72.066888968238,18.315699483774605,0.002033182776781321,18.729082625190713,0.0018600778611203702,18.544911113514146,0.0018320942756056993,18.18651052784628,0.0021844040762943884,18.06814845674908,0.0035478350698013726
6.053424968281287,-72.06687910517986,17.974914225662214,0.003471333569763479,18.3897015117114,0.002345344741367186,18.166573643756223,0.002477144486406821,17.85813827157125,0.002638824453313983,17.707506458095942,0.007899625926978515
5.983179874023452,-72.066878603645,18.635513760694604,0.004184329272825061,19.076727271714574,0.002691944486856387,18.83688061282185,0.003221316094910746,18.499080737103654,0.003650927708516583,18.36217704074705,0.004653621126577121
6.104721819867086,-72.06686029694372,20.38667551860298,0.011364278505666308,21.14289103875923,0.010178450919023222,20.81503456037585,0.010579543231995519,20.140666676900082,0.010075354593895297,19.807621624161918,0.010194620535936207
6.066745370679354,-72.06685854396586,18.947699817241723,0.005093464641459322,19.444560515903355,0.0043869404481591285,19.18576583589069,0.004071540868682421,18.807362124935437,0.004964562348920156,18.641058987594477,0.008479869699822047
6.0481487529313505,-72.0668685074118,19.19487499458391,0.004713289325814196,19.69613075860083,0.003867322281293764,19.426116088438498,0.0041302062234503025,19.054062820208934,0.004850569273483594,18.860029486624626,0.007428797514250797
6.036838580810053,-72.066860383808,19.237157991165976,0.005742219968817989,19.76205382332776,0.0035532845343303355,19.492375601606334,0.0035919148482392227,19.072654728035403,0.0035820105670660227,18.86313158484687,0.006078120541042208
6.106996036429975,-72.0668362611684,20.646967535832058,0.007280299573312451,21.452785481456573,0.0073845329038446355,21.061805964326787,0.005869872022255007,20.37346726953654,0.006406999426657764,19.98807964788447,0.008331791284665494
6.096571095290249,-72.06683815150873,19.39410966865749,0.0013239582859936737,19.94737871352008,0.00155686858422284,19.661901346800526,0.0011984650773641649,19.229905274334165,0.0013957938026995158,19.009164230300406,0.001911290102470673
6.093257261931902,-72.06682291331524,20.567188326051525,0.005844932599426528,21.363698319622024,0.00708053409859021,20.98592306384355,0.0047441740994798335,20.32423988484421,0.00503010778697969,19.93951832923269,0.007464928307974345
6.0640558084855956,-72.06683903808523,19.812279747047352,0.00611921785084647,20.45705440239623,0.0062830761420458936,20.130646187707228,0.005712168902622687,19.623818232753237,0.005936429037751938,19.327233995388646,0.006226821751691938
6.053072892448587,-72.06683586146947,19.10408034721618,0.0069714646604993906,19.617055432822298,0.005976585342178831,19.350254255147377,0.0060640992648770065,18.959343930759886,0.007811761515854945,18.773844463644565,0.010498332471681922
5.982665211363182,-72.06683447769312,19.77235093708155,0.012569473938644481,20.403160023353458,0.01731138199468126,20.063398053947502,0.014407129372348755,19.61275043739765,0.009945882961503245,19.370474246374876,0.011289186432112165
6.100375442014847,-72.06681426105625,20.27174429388469,0.002325115108158027,20.966565397773287,0.00372083888452747,20.670252998559825,0.002101127739002276,20.050506685217442,0.0022101993919239693,19.74328856400617,0.0022948700239554015
6.094061767701233,-72.06680764836024,18.963695828744353,0.0014822657961789498,19.494810676680565,0.001304392324717851,19.229053970424992,0.0013023241499489809,18.828073861282377,0.0017843593655642762,18.637437355525584,0.0023039520426175655
5.964000943943608,-72.06681100916106,22.489904508932288,0.08021776919242682,23.476871961199357,0.08695135949742418,22.958374358914718,0.0800498465120008,21.751068948536833,0.05067570297916901,21.120139849535626,0.03271194277171258
5.970639168055701,-72.06680444900458,22.03166644730535,0.02249295123594543,23.132513897074205,0.04021233591421071,22.65884933407036,0.024768867730899466,21.5741992848598,0.015497768619320305,20.874805742422204,0.016026988627980993
6.103175319784765,-72.06678498791804,18.0943591155071,0.001704172694461066,18.522823396115918,0.0014090114779718894,18.308072670080804,0.0018027263512006234,17.97856973308148,0.0018774684988760375,17.859595159811825,0.003006174267395765
5.96754805403365,-72.06678958873948,20.77552153109006,0.010701153576309673,21.61576591120952,0.015230857367773208,21.181240518941777,0.012362318319072986,20.48335075570023,0.011726541067765564,20.04782042514615,0.01337046055475111
5.963070977271272,-72.06678945146209,19.19303373601856,0.015826090510924037,19.754278790288716,0.012436403038471603,19.446704433267975,0.013589221087716583,19.02946212922086,0.021048682641626532,18.933897297636875,0.028644652358630746
6.087485274981917,-72.06677972937791,19.501843720536986,0.004809826901222565,20.097561132998905,0.004581258854069154,19.883409330474016,0.004746164288935454,19.329809933780496,0.004227207298564405,19.104643781903953,0.0037740514754776694
6.058161143985981,-72.06676206662182,19.21841829955385,0.0070634120196569365,19.78382758683707,0.007174686753191919,19.469760764266475,0.0068124944743405726,19.079021719147306,0.006725488855544527,18.853129486560427,0.010572034352967299
6.0295170146831945,-72.0667636192944,18.14708103829197,0.002540505373452409,18.567736990090467,0.0017592903521206694,18.341801622823787,0.002271730026043707,18.002405215098584,0.002535547429615839,17.872163888503955,0.0031549676930033837
5.99111353283255,-72.06676664518685,18.587225078525638,0.002407358145603599,19.012649294378512,0.003002954356523636,18.799117205964116,0.002194933367656982,18.421335451480388,0.003223271133087213,18.283956878638797,0.004831236196584357
6.121567211028258,-72.06673050730741,20.290719380924916,0.0024318255952234533,21.03035698350311,0.0036250939634284696,20.655187715088836,0.002538702245745857,20.051801972132743,0.002137851095753643,19.719657650162716,0.003160947196417704
6.109214750244205,-72.0667229559392,21.530619945838392,0.010839387144230198,22.54747461723882,0.01874115782508609,22.107537334366043,0.009809273257117843,21.158696226787406,0.007893717986595225,20.508433148072648,0.009023161557991047
6.095331634540399,-72.06673327532482,17.974793807576827,0.0006962895193077937,18.409106786602457,0.0007069096546792262,18.190710040996258,0.0008254552268888156,17.865743526246725,0.0012245164648073638,17.739637992969506,0.0021380053338596596
6.075188744520493,-72.06673303120621,20.304236211835143,0.006761123049858114,21.008347165359254,0.008338419701475976,20.66064680352394,0.005743852113039169,20.06772151311776,0.00469419150695682,19.70940197907425,0.006803608213452046
6.072898464516887,-72.0667305530291,21.5345513560581,0.007930533400489133,22.534166044992368,0.017205648486853686,22.07461211260057,0.009805719454111995,21.163855753843556,0.0057275646813275,20.55140931149908,0.004161566301014859
6.049763610209509,-72.06674720984552,18.290132878796623,0.00210642386945904,18.741068744260673,0.00148641966443441,18.51501398826546,0.001726814570675176,18.1929221472476,0.0022446258011311736,18.017976802001535,0.0031693739098178565
6.0418497461311995,-72.0667401503487,20.988105825810425,0.030629222167875763,21.787052950652495,0.037520618449895994,21.360230418696055,0.040726458406840756,20.689525781866642,0.02831455398052452,20.289220113136253,0.031532627368907724
6.035841023066079,-72.06674021578313,17.95391516729595,0.001766876181995581,18.398297234534724,0.0017329591414401413,18.155773578130628,0.0016844758141669914,17.83027651549908,0.00186604907311354,17.704413294369566,0.002830999272142161
6.0890411906843145,-72.06672763713576,20.662255342651594,0.0045746911055644665,21.450279344838734,0.0064285575475831825,21.049980219355895,0.0043874069045973275,20.39961966751249,0.0037013220913645426,20.000467394762353,0.004083016333402334
6.071953849515759,-72.0667091091205,18.993418354987806,0.0020171323281357426,19.520310883208538,0.0017632316638825408,19.259597858214413,0.0019396537318747441,18.873258691807273,0.0018313374161705123,18.659834891247797,0.002887785330302183
6.09840251562027,-72.06668623351192,22.06380107552405,0.012261054951905399,23.225747725389347,0.030018410341264384,22.727817571403953,0.015735184822164214,21.68833431695934,0.007705737402558048,20.95878846726456,0.007270161848358602
6.036623978531092,-72.06667146577593,20.876387039150305,0.0266510117491391,21.634765049801786,0.02845639570791418,21.28491831062196,0.027155176410485985,20.60323754254035,0.021700134312045594,20.185271793961263,0.027144645407458572
5.9550418054431615,-72.06666129403499,18.521758791380233,0.00189879316500162,18.968744620124276,0.0013444499828547353,18.717557306456413,0.001484205679261099,18.381910399238663,0.0018215803608061787,18.259479921555872,0.0027231401704004964
6.09627351905695,-72.0666464950351,20.61069397768051,0.004287864181392974,21.408867420103732,0.006673928191710539,21.089544291857223,0.0035687748526850825,20.344091076681366,0.0031440049286447043,19.97653477394465,0.003947042432145553
6.0877955038127824,-72.06665840149557,20.080090203733366,0.003420947682691384,20.766905769193613,0.0037633830189820194,20.422275244068217,0.003118926066842274,19.886197057245084,0.0032342259567917577,19.597371557342846,0.005881440505591318
6.0943758482183314,-72.06663853437131,20.67375374349307,0.01765548446329804,21.44428865816417,0.01940120805881964,21.09938726855257,0.01385035714300605,20.40322623419793,0.018062351209057664,20.026873466166293,0.016838188588249797
6.074629884114486,-72.06664680287176,21.109884651768017,0.019821972224280143,22.043469886672405,0.023367617402338003,21.568011743212068,0.02246144848063039,20.81652540675198,0.016508823188529552,20.29234091115235,0.021443605751152173
6.003665193101269,-72.0666347822999,18.19295437472216,0.003954561603565002,18.606218018027924,0.0025389102046959127,18.38422545979079,0.0027192530946289323,18.07398722891282,0.0031057647007507656,17.94415040106199,0.005408851020279472
6.057226338161217,-72.06663531543578,20.015233929175356,0.007059730064726773,20.70307735957595,0.010306754296656177,20.356664467700618,0.00913846545221701,19.779321493371818,0.013022754862080425,19.551320867897417,0.01567947506304141
6.0565351425064415,-72.06663468955917,19.213613225660612,0.016793623621323632,19.744725770103102,0.017329767068350002,19.464126115848543,0.017886152946246493,19.071833457209912,0.01692780163113312,18.78976842268687,0.02451343290597268
6.048370421822942,-72.06662993837163,17.80827850071383,0.002776021790874059,18.23013557925117,0.0016897106159457032,18.0054728507291,0.0024413928225036174,17.706317704952376,0.002999025417846285,17.572171557005248,0.004343506388808625
6.043944899567859,-72.0666373724415,18.61487032561511,0.006692868704085795,19.07991966952074,0.0044532062347776916,18.840694645570643,0.005983348331231071,18.485284617214965,0.0066567826106148364,18.30700325640862,0.010597206339551812
6.041799913119199,-72.06660998791092,18.75579774807861,0.0035367562367144066,19.0492206987509,0.0030342031733632626,18.979292579817987,0.003441193044260726,18.635109357963515,0.004234711607489398,18.469493781607348,0.00700065938806673
6.0171069838782945,-72.06660890187945,19.309166012372213,0.0054327493997824,19.835044475456847,0.007669487499270493,19.54993538811886,0.005414916926454707,19.146286389723663,0.005323121177852886,18.937798239901007,0.008941318796230986
5.967762628664906,-72.06660303335053,18.82530097600669,0.0014187742927631573,19.30521051361832,0.0012873790634850512,19.161783111366468,0.0013270894593555552,18.670428390499957,0.0014973737240394534,18.528020317356315,0.0023948349084878104
6.1035336740198805,-72.06658751696801,20.019402558427632,0.00504637032781616,20.711098647430276,0.005829035106186057,20.355687059287206,0.004948017713723601,19.814033924219302,0.004418817699509747,19.55904900460707,0.0038829062503414934
6.050937053467333,-72.06660907752922,18.028264184226305,0.0013128323111845726,18.431490432025356,0.0011554579293621583,18.220573008505283,0.0012544398061092592,17.90852536690135,0.0016827407065821737,17.776273796988733,0.0019274172305543688
5.954322360582986,-72.06657404488092,18.899714791543513,0.0023567037920016135,19.396537826458847,0.0019123672322200282,19.124765763797676,0.0016806814972077971,18.74218981499687,0.0019200798928843462,18.589893802078088,0.0034096799810800827
6.089259175307441,-72.06656825537692,19.455727620704575,0.0025226847399141433,20.07208004053428,0.002568325849868514,19.74220828269832,0.00232282238763068,19.289081145398434,0.0026034018932809245,19.087837112798788,0.0031894285193643447
5.989149680443119,-72.06657385674544,18.623717662673105,0.0030474091612271285,19.07170192066986,0.0023654351678821166,18.87100183897791,0.0024619120286834277,18.501860495520717,0.002711408919316674,18.373880605541125,0.004560957860348632
6.122122093731992,-72.06653459701978,19.421521580984905,0.0013354137418547598,20.01485095850675,0.0018004120386656863,19.720339356962505,0.0013789750044242528,19.25406813656953,0.0015648284634459842,19.02711428341597,0.0021727185719289835
6.105617530642915,-72.06655125113447,20.584225605016893,0.0035563931853944773,21.41636026673897,0.005286005200768029,21.011909393946944,0.0030201998078215773,20.326889008485324,0.002541037060058198,19.885511606869223,0.003729062054483961
5.993437937061557,-72.0665599810031,20.27720487367505,0.006075690091804327,21.014727842974224,0.007519925101462497,20.64888602173246,0.0063675786765234645,20.097368274436363,0.004589970525575289,19.76692808134974,0.007124873593340152
5.992568565614488,-72.06656366433313,22.546884898228786,0.022960506088871194,23.733688284572587,0.03612351663593573,23.20888070541519,0.020421267586244553,22.080584085381773,0.014693991424801248,21.24364187010211,0.013914482569123171
6.070698095313435,-72.06655099431497,20.877935505905914,0.008472013467879397,21.751111475862203,0.013696022966192161,21.328085075222795,0.009540684451346955,20.589001504637885,0.007937978136879579,20.146627506221336,0.008860169360311955
6.102116602021553,-72.06651211786694,19.311080805621526,0.003939072040421012,19.87066667640687,0.0036177256042371365,19.567432267379722,0.003538493824964806,19.16053832210813,0.0033580124543399585,18.93774808677393,0.006793118274337677
6.076579546686995,-72.06651981887568,18.80585049471701,0.001982486114767629,19.306649327348786,0.0021811963371767755,19.05000061256854,0.0019362556585625188,18.674028820322683,0.0018958657417325606,18.530858235432937,0.0023257778990266424
6.072369796118935,-72.06651909406922,18.630627024286053,0.0032558335441616004,19.118991192799356,0.003300910027296533,18.869577164170707,0.0030475957750667917,18.500606901364847,0.0039666416201147164,18.349568214372788,0.005210444149549341
6.044627198751603,-72.06651750687092,18.97644168713315,0.007100915923059898,19.435945176800686,0.008264547681491766,19.187218576791516,0.009102210825311539,18.84513415516176,0.009336420615837763,18.662676448445445,0.011482550003215465
6.026761714064602,-72.06651666589536,20.918521559520077,0.01079494370459729,21.782719260397727,0.015285825583553087,21.332150856346217,0.012185501851163861,20.60609944587322,0.009359973386000503,20.168857941957725,0.011286131761393625
6.024824201480977,-72.06652465975093,18.456023402545778,0.0034155309444079754,18.848191693614893,0.002604944972104937,18.660490400727966,0.0030469893255543213,18.33525647529428,0.0034306809941574597,18.213532327852377,0.005189350481505668
6.0139598698542915,-72.06651783369368,18.321436095945156,0.0033559741816617953,18.744939197515784,0.0022468066626423868,18.513822400853897,0.0038722039264055064,18.204268304102854,0.003800100469088088,18.081200562430915,0.004617422526487169
6.0943259176797575,-72.06649073919858,18.146954077015476,0.0025634301577771947,18.58239790428042,0.001756963587524428,18.3597141384435,0.0018363639666296855,18.026828543903918,0.0022640459398444892,17.91388144503395,0.0031289044203579135
6.069472427066002,-72.06649501248673,21.17573189174738,0.0100407206117535,22.101353198856664,0.013154863564905323,21.660417477903778,0.006855262977655918,20.873722309453157,0.007285155160600441,20.309899425370894,0.009266451466848966
6.030065832246148,-72.06648857587756,18.196667348169132,0.0027527162622959255,18.637851206354284,0.0022170633244644584,18.39705212240878,0.0022536986432908695,18.07538409808172,0.0025327637674129066,17.950985799481366,0.0033373292029611
6.075702847183337,-72.06647015593357,20.070241468793416,0.012713938878820082,20.73448512311353,0.007731325123195333,20.38610685348675,0.007011702145613991,19.86505153552268,0.008707068020394497,19.564176321126347,0.008900738251113746
5.978798446817719,-72.06646408516201,18.092330407514968,0.0012252028409276054,18.529309800803546,0.0009573351229464833,18.29904338148276,0.0010502804948758783,17.967489484314036,0.0014369451029964783,17.85116349091237,0.0017743478950543433
6.11555163305782,-72.06642485826312,20.00749537780276,0.004464360289221227,20.64720061074273,0.003968662706699429,20.302522477369656,0.0027522885586663288,19.787660232898283,0.004261424961027578,19.501722720916312,0.0067658690554416746
6.049495240044631,-72.06644532556261,18.92050377002079,0.006966420141886061,19.437154821525127,0.004234507773200984,19.177612757367278,0.004547141988128968,18.814616117119385,0.0056861049398357795,18.620166028403,0.006237940067271086
5.9920685276910275,-72.06644757443371,21.047279753666817,0.008302328126674533,21.894025724674023,0.011182127379740673,21.459938511344134,0.008456527546833386,20.71341721534747,0.006092216982895944,20.224562999077143,0.009607702652656066
5.97706122324287,-72.06642316025736,18.70630079513607,0.003065691958733977,19.21735999971756,0.0025159378750832643,18.954119643339467,0.0024560309579933362,18.613670916204754,0.002560475595595097,18.380445447709512,0.003756153357198989
6.097313223443785,-72.06641702274989,18.08752934398269,0.0015141497750623485,18.524759072588168,0.0009128798906401312,18.29560286971593,0.001167776851592232,17.961136690641354,0.0019415583051981536,17.851636067163817,0.002451147900464204
6.053832678185254,-72.0664248946609,21.902062989485447,0.04500784671697653,22.981170934155557,0.07772606734880846,22.482400842434174,0.05701242830725088,21.494471658831976,0.03181737845896462,20.82011950291374,0.024666015782664995
6.015076991364181,-72.06642069397219,19.981655443305666,0.0067091665412351625,20.666420713174162,0.006475574211347704,20.29187653872878,0.006201660905899924,19.774484351708388,0.006507095397631262,19.47546547085483,0.007700260890922988
5.959694644662875,-72.06641575484016,21.223923610522494,0.01900336432743002,22.191266987248078,0.017426571824933502,21.70432831848767,0.016521186073826213,20.891512320162363,0.020061648558671753,20.360344590627996,0.01921330418274959
6.010104690782359,-72.06641372457658,22.403294756603504,0.04887527905166373,23.523575419806342,0.09776322132836696,22.99617223849028,0.06151905552659462,21.89761404998538,0.0436887615779427,21.0568725038083,0.03809630222972016
5.979393207411401,-72.06640928609282,18.83492292220095,0.00190002771896217,19.33327010129532,0.0019039687445690874,19.10655122660414,0.0017336629400712064,18.69724152320906,0.0019569422997549085,18.540084829259627,0.002632004970149571
5.956985574740548,-72.06639870427817,20.590630999900984,0.0047958680516383455,21.378484184408435,0.0070020647559588135,20.95334414344638,0.004429152367230576,20.318789272746038,0.004092206881338899,19.90927425353533,0.007140125749440201
6.125121295838567,-72.06636602551217,19.928578027908085,0.0038814629776726295,20.594221826480734,0.004136557776268649,20.258810146230275,0.0035184510163137235,19.737347844342942,0.0031161632535894102,19.475369806290907,0.0028058036530692653
6.070791439651682,-72.06638302723032,20.644621041582585,0.006659237332895415,21.436799653402602,0.007766198915201786,21.048986481974154,0.006559870620868516,20.380395742443838,0.005553449815854196,19.98594601059989,0.005034740758761762
6.068669395418158,-72.06638467592325,20.401046873033817,0.007048410654616377,21.17098015586702,0.009185628251119305,20.78684262615331,0.008212132258060032,20.152703882337647,0.00534406220289001,19.773907672784794,0.006263411780086347
5.995722592842979,-72.06638449629695,19.061462495584696,0.0141598069972222,19.54455504877827,0.011816855451889215,19.287130570035202,0.012101155276125177,18.877430607236136,0.01045332957579568,18.667889240118043,0.012797985048929855
5.993248882191375,-72.06639192928314,20.223790703422384,0.00989459161646662,20.91737644530474,0.008903019025791487,20.53821519612444,0.01002354420340865,19.971204247581298,0.008414826868157761,19.627360840535964,0.010880207945154353
5.990909569748241,-72.06639720754153,18.39230339448449,0.002779948384366559,18.84680476115406,0.0027957336033057945,18.658023591143092,0.0028639650806162333,18.261426800883562,0.002885629689621877,18.132822821196697,0.0038474367022695534
6.072762813679904,-72.06636929495231,18.449709901347806,0.003262302976693175,18.892847411340696,0.002934207662940432,18.66250893916616,0.0031513889951935077,18.33081824507817,0.0037261896559394963,18.20068553279433,0.00490113951231507
6.02518754465251,-72.06637459126092,20.002257772125798,0.0066877412838919036,20.664949190239447,0.008271054475953877,20.310605739327237,0.0074306492291123846,19.784207423132017,0.006915581150928566,19.50663518756574,0.01042734072906977
6.073667290608256,-72.06636726933787,20.00627981194805,0.003145399228227801,20.690362332591583,0.0040086802633827285,20.34840589726175,0.002864208494258429,19.8016383698492,0.0028219589092671167,19.477353306474328,0.003384552341635525
5.963934500539927,-72.06636010405839,19.12436522784027,0.004221495448072807,19.646130154285217,0.0030329947367120002,19.3501365879833,0.003124486629575489,18.961895366949726,0.004196877713234743,18.761839181104968,0.011795353740658944
6.021126437409776,-72.06634999629735,19.071015854785283,0.002587011925208926,19.569372870942544,0.0024239364966326406,19.303742423682557,0.0022683422989845828,18.929856147917832,0.0023740287090121487,18.76695994661703,0.0024439886352657044
6.080535237730114,-72.06633910435936,18.905203036600998,0.0026560780030247654,19.394635943039596,0.001687473053042122,19.19941536474247,0.002064697277747351,18.75923194177286,0.0022778054361159423,18.617159505987736,0.002807559168125016
6.06913351244239,-72.0663312138831,20.494108507696875,0.007010227795607004,21.264676472064927,0.009086932936595932,20.915841483224035,0.007149138224651394,20.262551715520843,0.006967011377444153,19.90187039488631,0.008803171735478565
6.063490066750639,-72.06633241320392,20.753362017928705,0.006681394716266682,21.599433119936712,0.008190530672159232,21.19329922465071,0.004685081476023211,20.464109221860596,0.004577834012667117,20.0504755051886,0.0035335888334431446
6.106008391890914,-72.06630312904187,21.087205957610895,0.006976660424536302,21.985810197885847,0.011893884410972994,21.544031184882122,0.008070479677802323,20.7556587536978,0.0050317699789406735,20.244407028139477,0.0036951681321647878
5.989732354480706,-72.06632062456103,18.588560565127896,0.0017579033812482952,19.13114243174583,0.0016837328446403447,18.83817490663086,0.001566112192465626,18.424851471133906,0.002080943309203796,18.222734753491885,0.002547743308520067
6.085984855099933,-72.06629681403622,18.544884564842025,0.002484103354717569,18.988786779765462,0.0019033083605714662,18.7727333863225,0.0020816182098029505,18.417881275060623,0.00231333569679281,18.271386149718047,0.003834877913559314
6.088691251289467,-72.06629352799486,19.82458165994075,0.004024778852013072,20.45684286174218,0.0046766551303963795,20.17812855675747,0.0038115984559884955,19.615727346029402,0.0034651672201015,19.30649744081402,0.004549209681412161
6.0656095437329665,-72.0662959707028,20.664956890850195,0.005086299913482079,21.528775606940663,0.008233015740704076,21.093353043188422,0.0059523953878580765,20.413657464051262,0.005434110919182916,19.982846171055918,0.006115342171656408
5.981933518899878,-72.06629508269413,18.821831287700324,0.0030312796723539564,19.310545922277235,0.0020366516895303248,19.061400579899065,0.0021946531466237,18.685853568300352,0.002347190622931928,18.533982809723476,0.003967410776063365
6.076414587345778,-72.06627174724927,19.83702082283978,0.005385936532321805,20.513610229003383,0.004890534031617954,20.176025578218997,0.004834664046324184,19.655093036416005,0.004690447904630341,19.373314605072615,0.0056405192046644365
6.061560867898676,-72.06628486126567,20.022887338309925,0.005035551046941803,20.695392725249334,0.004024493200285439,20.348697690118975,0.003976156036309214,19.81449589573439,0.005882891692786693,19.489628625810028,0.009890351005230464
5.97729774156514,-72.06628096204487,18.66519173067201,0.002245288737088944,19.129947611043143,0.001931681906722439,18.879171559342687,0.0019013794887496318,18.511434751750123,0.001924073611695092,18.352904459523984,0.0032254259012835765
6.0891472675740825,-72.06625299798496,20.791057140850118,0.02476997209698278,21.590916124877076,0.04456893280544885,21.152374268759715,0.03874866381890493,20.42485605447701,0.03915203803425684,20.032482264525555,0.038882963610087376
6.074820181050331,-72.06627279967914,18.94520025826961,0.0024669585492050443,19.44845047967091,0.0025037566628080578,19.189606733468707,0.0023231545708744666,18.797160312576437,0.0026906037569591466,18.627097221066343,0.0037102362974408922
6.062478332428315,-72.06626356469206,21.760117288710628,0.025997231263960214,22.861735488039876,0.045005715072803716,22.325301681515036,0.025104937957648295,21.391142752708106,0.017069366217060924,20.731373385235685,0.014739657103855788
5.96115892180905,-72.0662526088387,18.574616913636905,0.005546747872783876,19.017070948161113,0.003817289186312537,18.78059543830807,0.004983563453112201,18.446387215666512,0.004883801447263935,18.322095173532915,0.005807188640368895
6.06856770598035,-72.0662462026553,19.877426500190598,0.004292814734663628,20.525631489837423,0.004519694670449133,20.207525187132852,0.00391467078516822,19.685767257314865,0.0036887528512245605,19.398947304794127,0.004256466066613739
6.0022688005888565,-72.06623510891204,19.66881848320651,0.03898162145601268,20.27824636372523,0.023437849951244538,19.9585812566335,0.028273799168706093,19.458056587395113,0.0478638361950549,19.17777966938054,0.08177792062132457
6.0953890425451345,-72.06621685979823,18.216961809476967,0.0007400978990126543,18.654300241814035,0.0006581867440537481,18.431588467404744,0.0005367261908829687,18.09837315308154,0.0008302920096771024,17.971996123154703,0.0018018170255698516
6.015362906646143,-72.06622597982775,18.29250010055355,0.0017849946373111084,18.7428588746289,0.00163383135103077,18.502737924028096,0.0019826873518322963,18.184230174661863,0.0020932148490515755,18.054829143390975,0.002712101071895705
5.971603088010768,-72.06622599467183,18.577304629181288,0.0016498150574915217,19.022730942830293,0.0010501625737565877,18.755575597987217,0.0011914573217785883,18.433008837650476,0.0016918294265141044,18.30560376689664,0.0024487169273984576
6.082018497575836,-72.06621510424736,18.812754948422953,0.0038289083197361276,19.27612808518211,0.003712820874071696,19.095154833097773,0.0038855129924425962,18.661358994731735,0.0035587516374255474,18.485189235061874,0.0056917292156134025
5.972273864094401,-72.066210594458,22.782505986373206,0.040772734182139114,23.1251324328302,0.033262138117071696,22.93956739837136,0.026431349844535056,22.65808554997991,0.047580081581986074,22.576164988130074,0.08854603304518663
6.102498411528816,-72.0661814340512,18.903221761567256,0.004914283485315319,19.41302000866571,0.003069509448388935,19.145572389319575,0.00412438361693517,18.737656200596952,0.0044680008790023455,18.609285728210246,0.005280848637319815
6.070721158862614,-72.06619909846361,20.087612683828606,0.0041580342889674,20.793648789129044,0.005018974828570912,20.500333846184382,0.004039848120602429,19.885031172657875,0.00458516631317087,19.55207067416297,0.005839173271198361
5.9684364005892,-72.06618805282852,20.2068576169828,0.005259989309238063,20.908902303554278,0.005075488570649949,20.540864529345463,0.004973504458889759,19.984018993525652,0.004919942044723245,19.671070008377043,0.0064035396717701245
6.092912682873423,-72.06617598960362,18.13720298624519,0.0014584897749721271,18.592169454547673,0.0012733894664242133,18.350952321499683,0.0013801725024047604,18.022794827102366,0.0017207765810490615,17.90210269458337,0.00219681548176319
6.063984929675962,-72.06618506263287,18.184050547108495,0.00189101701869329,18.594842365074662,0.0015188733006345366,18.38438716412901,0.001658533766642888,18.07246641464063,0.0018486408741019873,17.950000931485135,0.0033063614358383032
6.051662883095128,-72.06618186427495,21.30313239700111,0.014820136864585987,22.200674654177845,0.016367388320281995,21.75599581941259,0.009736640625774317,20.9291269534705,0.00971666165699433,20.42671256541771,0.010710616512837508
5.9990128408638315,-72.06617919015996,18.781958664453814,0.002747189331008545,19.2633457261175,0.0026627019825830782,19.000946748390646,0.002744380105520008,18.63930551636686,0.002681243617071136,18.47772941622935,0.0039700963607497124
6.081698434130603,-72.06614595799333,19.855810508296916,0.00953148787001807,20.539308184739518,0.005069325352885687,20.214354497119096,0.005616994182124829,19.664057448321188,0.008857956826085941,19.39155649789523,0.007596299312993928
6.066650847501863,-72.06616295903574,19.287369623719716,0.003941505376583237,19.835316271374673,0.003338018538194856,19.549643771923904,0.002873284906210525,19.13464506045152,0.0024372659937475284,18.910637278134082,0.0032859240267843746
6.116925833862806,-72.0661189435389,20.9797108770988,0.0035641125760498245,21.86002331656759,0.006313536475029448,21.440188028300675,0.0033279956780407484,20.697631114496268,0.0030545571732008277,20.2175396604431,0.003408449350208785
6.106057030235613,-72.06612385386885,19.201041994983452,0.003146765829908569,19.774556321898118,0.003289685294705413,19.497840476376673,0.0030263165252223207,19.077562669354904,0.002938356693574732,18.89900926956242,0.0056659613204389555
6.057434578456618,-72.06615166331046,19.5433671596108,0.008508809950276018,20.16465424598018,0.011203607432722753,19.839135846897335,0.009962271019608454,19.39368369066524,0.008187030302905015,19.138745771744297,0.009090741646197088
5.976196508015131,-72.0661242651979,20.051827291731076,0.003460642224054159,20.73952065502457,0.004528598094564479,20.394684156132357,0.0031746558932935843,19.83453150122415,0.0030535359872318245,19.517988310576065,0.006448280811375495
6.104756665133117,-72.06609777662436,18.87083372866697,0.0016697540597190876,19.358559976929214,0.0015584627876931093,19.168215148795255,0.001638772684842829,18.72613910675426,0.0017804088449573068,18.580202743016223,0.0022626965792337662
6.069101278998995,-72.06611047360158,18.130658268837646,0.0008345317777746897,18.570082485610442,0.0009726443769116186,18.348872439015842,0.0008499445857027065,18.021835046960547,0.0014468790444948133,17.89700216418109,0.001965775370526202
5.999341839254577,-72.06612268853513,19.65219080299848,0.0036951120288186237,20.278838108328046,0.0034067235928891292,19.952509146065033,0.002786472894713906,19.498957223596953,0.003284557342956227,19.251843962710502,0.005342526189425493
6.093366540346896,-72.0660972603778,19.121253200587763,0.002640403316221345,19.670755323605924,0.0025500140126677603,19.447236094628927,0.002901524688709098,18.981354256009737,0.0027759490207144126,18.801332725433035,0.004066283549776907
6.085044096070246,-72.0661034025401,21.520174750332384,0.05317822146519294,22.6069015629379,0.08162311566175084,22.095341266201018,0.06598981081590523,21.248195021424173,0.04730763148057604,20.56110589412645,0.04175919015534289
5.977427942183213,-72.06610430351179,19.534535050544296,0.0022787480900282636,20.110206354606895,0.0022620358277389845,19.849174475217474,0.0018809915694369874,19.357823749021378,0.002167158213282864,19.143051585269724,0.0027634234024822893
6.058932474381879,-72.06609415326744,20.021122521008106,0.021000306471185334,20.69336609523976,0.017997515736628736,20.287075375515904,0.02040221416325313,19.792198989146854,0.019422490510086026,19.529561270545344,0.024957302769991644
6.027609334001944,-72.06609035004679,17.936650194700096,0.004154952150294999,18.33306709540406,0.0031438181098440493,18.117824495167575,0.003686464059779904,17.82138279576766,0.0033123634200716737,17.692220145308,0.00906450250598155
6.067459045829852,-72.0660793206018,18.38333494942044,0.002584712848108429,18.835788292056648,0.002068608094264892,18.61026063938465,0.002342713120092255,18.262442837986,0.0023134182518659554,18.134354114686772,0.002988803218591835
6.036160835683987,-72.06607936378629,20.72429208904948,0.0103948013725235,21.550976897217645,0.022321767012954744,21.154476362169774,0.013705169741430748,20.464516727944513,0.009554710900833688,20.00760002285096,0.03152567117517156
6.022268393068066,-72.06608205137468,18.884499422648464,0.005326941144510391,19.379013791485484,0.004864616932891006,19.112188144023747,0.004650918382439172,18.760754516622136,0.004487818278674263,18.58789149788774,0.007302246964395664
6.0714441381707625,-72.06605264478266,20.022076417639834,0.006159486488914162,20.695098555679586,0.006606967577364004,20.34744612953167,0.004792712674914377,19.78269616130055,0.005839431430670817,19.46424988688195,0.010154092585396585
6.071077445996134,-72.06606037749893,20.028101273718026,0.005483143886486245,20.72609750161186,0.005326650689437765,20.3773601268904,0.004220791252293352,19.850435473618937,0.005622411411552262,19.54823674578943,0.005790055069438914
6.065791583778051,-72.06605680460052,19.543368308587272,0.0016835157356773333,20.159393183795302,0.0021558206823654217,19.83238540701297,0.0013937921290051857,19.391746492595843,0.0015947331622337027,19.15891306943373,0.0017006873737162183
6.023392925008096,-72.06605412733165,19.94133198028207,0.009840616741903582,20.56305870001917,0.00771135676736232,20.223841069590264,0.007563944050454188,19.742443426760275,0.01115600071357991,19.438743090641175,0.01447201852610977
5.9582133920168685,-72.06604411982151,18.226456144673282,0.0018578280527581773,18.755750033188058,0.001382962020886271,18.471651368844185,0.0015532901171506144,18.08002426435928,0.0019082480451276672,17.90535451643843,0.002277087821075524
5.974760630801523,-72.0660373462329,21.52478375306986,0.009809764584309232,22.511066890370515,0.019423226665098863,22.08821764138964,0.012097914453816186,21.175096025786786,0.0077872493831797115,20.408226571087127,0.0062542036705665735
5.958962859594148,-72.06604097775939,18.492406477706798,0.001877829043500802,18.92579078009809,0.0012908268929357452,18.692403531780684,0.0011461424728851479,18.352481751877846,0.0014889026997229853,18.245539328390777,0.002911885497812959
5.9924882935156685,-72.06602451992937,21.463661862063123,0.02359975630190791,22.44852397554513,0.02513865260683901,21.98462012297849,0.017237729962177147,21.095049953011817,0.020188267997922168,20.589157348645585,0.019444037109575363
5.959738236209829,-72.0660170329747,19.420603079504513,0.0021426779404329194,19.990890466752248,0.002180229254468757,19.67722809921178,0.0019557347144229815,19.256714121104572,0.0020034768562034078,19.05213154277078,0.0025040881241092166
6.115861386594764,-72.06599514585507,20.645962225231354,0.0030500644591715254,21.44950370940124,0.004965268650852348,21.14613444561561,0.003695381883172614,20.38743096191729,0.002372789462213677,20.003035343196338,0.003293711948749209
5.983780206217544,-72.06601014552918,19.209229754804934,0.0062500178728158535,19.75291502553879,0.006286978393478909,19.487834732100097,0.00637805008565694,19.047790283806023,0.007321404454707996,18.88255934506362,0.008320546907309151
6.108714733528955,-72.06599134058136,21.440716886562388,0.008022571450684636,22.397962754929182,0.014659271903987234,21.989568016268706,0.009117019204437917,21.09382798029052,0.005979385107684261,20.531521211491423,0.006073990603860047
6.087885881389732,-72.06598970909329,19.76130943900539,0.01012869770851951,20.430015340535007,0.00915564994991571,20.108354534590376,0.009479698159312107,19.596119239880586,0.007799593727786517,19.277082826535228,0.014452262564454114
6.067047491184345,-72.06600703717216,19.622857678064182,0.004074314571759282,20.20469254150619,0.00393453518856247,19.906488484245806,0.0037540026993058413,19.46395218432302,0.004316165829765338,19.210282718651634,0.0062661186287088395
6.0609628452886835,-72.06599713521547,18.84018525053722,0.0029634509383326428,19.292960344929313,0.003066796183111863,19.06060604172628,0.0030009204758420175,18.720565881374753,0.002452958095908692,18.564935036046812,0.003154054991884335
6.026719529338738,-72.06601199486651,18.373601326324664,0.002322341102742158,18.784783116068297,0.0024553609042022697,18.560502076860345,0.002459528184384968,18.240043049065612,0.0024975182007374824,18.117247142789736,0.004164042068441808
5.991311594553689,-72.06599646723897,18.509975888477076,0.0027913587804203797,18.973242423620377,0.0023301717282539296,18.77852716296556,0.002595753736251745,18.383306983289074,0.002363882706248969,18.237197708005795,0.004592730722921805
5.952418361027469,-72.0659941777135,19.391727868519386,0.002083466381527776,19.965367803007858,0.0031934362707668443,19.6486977442881,0.0020764441108192186,19.219985269302946,0.0023919079258711397,19.008020792936627,0.0034544450686581794
6.074895641184784,-72.06598182314646,18.646680886860228,0.0008004965761573468,19.10681781996999,0.0009425763507387163,18.867977514971578,0.0006386335156069337,18.519716011716753,0.0010158099944112561,18.37095537692427,0.001655223559162106
5.98134795034543,-72.06598906667405,20.51432848380465,0.009661527047677252,21.2840182904148,0.013119985111691726,20.96742533992299,0.009952521345505585,20.274481062011553,0.008153036827141847,19.9187574673658,0.01121563753740508
5.9785885801521985,-72.06597921073195,21.254352774181182,0.009663162409021877,22.108513062401784,0.017502086814054126,21.692846289669355,0.01176033001331265,20.893814663389556,0.00992006696148292,20.356931867044416,0.009336466324093818
5.971599301924404,-72.06597347976074,22.19102824995839,0.03725165099370647,23.23237992886238,0.045982413996895455,22.673594033350078,0.03880076525265292,21.708070059023385,0.031531488443905284,21.024126360808516,0.023641967006478023
6.062671424666326,-72.065975250595,20.513962586696035,0.012247080589654942,21.25346136687704,0.01677617490456466,20.89586726739595,0.01297201027108014,20.246339099582848,0.011042658802417815,19.909245242199667,0.010612539457656766
5.990008510365215,-72.06597601196214,20.025231624171756,0.0032272507487995277,20.702999160382234,0.0034432293277546163,20.342333834955923,0.0024389007291811264,19.810974918968505,0.0027916407249391267,19.510081760754836,0.0051089206006878956
6.092469396180388,-72.06594870669929,20.180791020057708,0.0028242070965689794,20.893187508008985,0.004026472351433537,20.55193726634868,0.0028713231053851427,19.967891728252162,0.0022380135969168238,19.660546647737284,0.002926829935661649
6.103417479357509,-72.06593298298263,21.313773944208553,0.006210772419580461,22.29140366103786,0.013375316889065443,21.848915498240338,0.00755522732860969,20.991521678104796,0.005165827880108779,20.4499887343011,0.004486885275715664
6.089955256034244,-72.0659453211714,19.73244179585669,0.0043826726930779585,20.37657857345053,0.004574748732341494,20.03001443020164,0.003787180818903015,19.542907191736745,0.004260137382521286,19.290787304289438,0.006783897960212732
6.069368066861531,-72.06595251785012,20.21260165411964,0.011770097785964058,20.937573525099538,0.010972672937228397,20.65636026391921,0.010953557643933567,20.018267589314092,0.010756606087417579,19.65222408714306,0.013239706042036876
5.961272360299569,-72.06593900136572,19.79238753141166,0.0031530796390050624,20.436183657288886,0.003255644767859764,20.090001938866784,0.0030037185241300617,19.60492890068842,0.0025372595277590696,19.33870746202185,0.0036755425358203
5.989595925903859,-72.06593868223148,22.236117662463204,0.02438451767035206,23.43354962511704,0.04909461885946198,22.904199709935064,0.03415800848423533,21.850671163864234,0.018746682219983296,21.039079810072373,0.01672414484610663
6.091559746959289,-72.06591101633227,18.30929850386102,0.0019027765165334693,18.76401282966694,0.0014084403997042094,18.52638085975415,0.0015876274628541943,18.192577638412068,0.0019089977272130493,18.068679905341128,0.002737887455208525
6.086876041543449,-72.06591681380696,20.73850039738065,0.004368868745375359,21.55514094101774,0.008280460872453163,21.13005164513836,0.005220426049279111,20.444090748969188,0.00396989410971996,19.982992420398624,0.009307585965903286
6.043769490864659,-72.06592596395951,19.048122942753007,0.008987811340799968,19.54863304407006,0.007423698034676782,19.345736328677013,0.007719702204960742,18.925555459909653,0.007728496474550247,18.729526086268038,0.00928003053612812
6.050182249483014,-72.06590278491387,21.219779196167526,0.02331989551403997,21.953821290033005,0.026699629732494113,21.744860292597274,0.024754394228907985,20.909649998873988,0.017654505231798994,20.319209971095695,0.02132365562247186
6.062393112634576,-72.06589641306573,18.86402580264649,0.002425166895904147,19.360113456069584,0.0018195983729328365,19.091719966300623,0.0018548891528723257,18.733587558827097,0.0020997352177042805,18.581220368003343,0.0029986483866909623
6.034523419171384,-72.06588889004496,19.98906224332615,0.021787637593007246,20.58196200274118,0.028535586088481207,20.22026892912912,0.027995539745225288,19.77929388376927,0.03160603048951081,19.412312390824333,0.044005596461820624
5.990575041721477,-72.06589727644908,21.423352466315183,0.012760929627476067,22.423723876079613,0.0165506940786113,21.95815939204757,0.011566958885529444,21.09505066390998,0.00982518052804319,20.516300649098547,0.009662966470641637
6.101634995426846,-72.06586735300347,18.30657378722731,0.0008282663368915824,18.745667792259162,0.0008311342939562702,18.507528067299482,0.0008065354091376951,18.179024213887338,0.0015857320570520103,18.068798338873478,0.001752893292047906
6.085672591354461,-72.06586992155728,20.270201934764447,0.004706210032019222,21.012105165134727,0.006517118936566416,20.652848336093705,0.005159035075686062,20.046158371429698,0.005738716116638755,19.70633138981392,0.006466661945310048
6.056394716811408,-72.0658763578133,20.460529988328734,0.01370424689633675,21.29572868188572,0.021654222844690915,20.84546120156579,0.01763971885818889,20.255200620402277,0.011825903173790103,19.82350461929918,0.011968641119135499
6.015081371843206,-72.06588396729605,19.69237678350891,0.007795260648442943,20.314923629817507,0.006918059588773963,19.98384923021466,0.005738261969957975,19.52976008462852,0.006552163429846766,19.255021012078096,0.00668184802932304
5.955841730672039,-72.06587227784165,20.570644273212817,0.006925059226521049,21.363719634941887,0.007842796167264786,20.935596203196077,0.00701257931363262,20.304760045707724,0.006508878534104422,19.911410551977262,0.013589743182183638
6.096631807156483,-72.06586121243848,18.26278138431581,0.001757302168995172,18.693475188239077,0.0013216900011023653,18.535800528129847,0.0012560367694559613,18.14126513078591,0.0016933783555351616,18.00964386147173,0.003307786526093878
6.081577089846817,-72.06585638966556,19.535689688418525,0.0028880106805872566,20.132800222312675,0.0027428015379593377,19.824412647827103,0.002565482708568904,19.37224472543341,0.002236065313877563,19.150110297865773,0.0024547491456903226
6.057228270415568,-72.06586019082864,18.08369607496935,0.002302998813142493,18.48945280984036,0.0026780508829482488,18.277776532666252,0.0025195445032094262,17.97636975165637,0.002299878727479783,17.849925341749064,0.0038002828655826727
6.021588423131167,-72.06587563657818,20.680971144010908,0.00636311126329767,21.43207649560661,0.00849318924668285,21.04139447205192,0.005196909124417559,20.411775921137348,0.005387233067100895,20.013741106174827,0.010905566497169224
6.098091377805916,-72.06583823686567,19.428108749370008,0.0020851180639701334,20.006818755320438,0.002482053046123662,19.706557860259046,0.0020646574018288234,19.256282414054077,0.0022112221908295025,19.039432532771727,0.00394493646785643
6.094199841777361,-72.0658492054331,18.823064407919016,0.00898489758744182,19.31487811427405,0.008934499329654776,19.09367336077741,0.008914708091153061,18.699439625955158,0.009078198102157148,18.519248096551813,0.012091113604187001
5.988846962621764,-72.0658543478431,20.55363212068534,0.007076475951864216,21.36053200594666,0.007775644481119737,20.95671588722911,0.006935634509650063,20.29015917678123,0.007746882033207394,19.91467389029622,0.008304688341292074
6.053769181273926,-72.0658350170915,19.11443882990452,0.007156969478482046,19.62822958282689,0.007327326622399848,19.34938702948149,0.007094977924200761,18.971629780958246,0.007095401622588949,18.778114631385044,0.012515460721851756
6.119000792270503,-72.06579851998082,20.42761667819075,0.004822727323585446,21.220263939821706,0.005191355986844912,20.83288737254737,0.0030459692153231087,20.217356079241817,0.002756646743744959,19.81475279736965,0.005592396353271406
6.105470198204239,-72.06581038568434,19.384049665908268,0.0015906825822657772,19.959616452893258,0.0016361952923990173,19.71997888983244,0.0015849823771651277,19.21078635715009,0.0017942611022062475,19.00178594732325,0.0017994595986873764
6.086901385921016,-72.06582060212061,18.374914591165204,0.001191742220568337,18.832507756090003,0.0009306050684667497,18.611884889259144,0.0010144673078105845,18.25121283648668,0.001475062044414568,18.12028016432803,0.0023313681062382694
6.069618296036033,-72.06581803047327,19.16651819875651,0.0038318343536160823,19.730597552165634,0.0031820492095420805,19.431938067378532,0.0031544571947245644,19.009879546223615,0.0032186291526602405,18.804333823525283,0.00652057970053579
6.0439537457760295,-72.06583140218962,19.250968962054404,0.011918785360740041,19.820076344760984,0.0072639039942276554,19.53710983349732,0.008688231527374841,19.13164851928849,0.010681599533592538,18.945638792330904,0.012457854980064392
5.990118341898967,-72.06581933413744,20.239119804104167,0.004478656481242084,20.953984238737732,0.005463720748741063,20.613946072776088,0.004035704900261863,19.999575273468288,0.004236894013963021,19.66178412890185,0.005467107732067182
5.983686342287701,-72.06581943718543,21.094856192502068,0.012913010755681057,22.00425172160692,0.019345678009801758,21.556082024804205,0.015439717811485088,20.725280410079584,0.011149640824848046,20.21996664623142,0.013847935118823424
5.97981486269478,-72.06581452130489,19.547839195407715,0.0025338776717477576,20.1627924619752,0.0026307719580742728,19.832519658536725,0.0021609908836631763,19.365840614741487,0.002104964489340572,19.125745123424522,0.0029607774446440607
5.969389758009707,-72.06582014838122,21.025560402427384,0.0259294141826932,21.97391302276383,0.02215576078712667,21.53861822715136,0.018925431111267963,20.68595678827461,0.019791043555100852,20.15180380771917,0.029163590550781278
6.117554471536423,-72.06578780238176,18.77969675352006,0.0010557538598722166,19.265191135443082,0.0011783067161602468,19.01952207304049,0.0009766326254081836,18.64480285088699,0.0013695619396029834,18.49286979038243,0.0021200299760316976
6.089654075601238,-72.06580816648984,18.522344785518836,0.0017742209123323713,18.97946614169569,0.0016926559210622525,18.81255815614933,0.0015976032902715203,18.392909072566482,0.0017024797471601348,18.270338077499872,0.002040593733804453
6.083621989541523,-72.06579856401311,18.437783651223402,0.0021022043821995705,18.876392882678445,0.0015940707731849039,18.658018535536847,0.0016823330830943537,18.314565788361705,0.0020509602307297943,18.18741863215716,0.003963023256842515
6.042011206755328,-72.06579226355736,18.987301609362813,0.0026772228200987068,19.496604521433284,0.0019162384447949162,19.227333809193972,0.0021515183570559528,18.85880881708151,0.002543128214949986,18.681405042008066,0.002968935715471393
5.9875986031378865,-72.06578407245827,21.748096656099445,0.02252287880959748,22.721975367835768,0.044090690464922054,22.28556698951853,0.03199965983208059,21.32267809229286,0.016547853395312676,20.65819346426362,0.017730188107301367
5.977276846319366,-72.06578345473221,20.41145629071767,0.004919653541345173,21.165167385442402,0.005994540400702218,20.766298030264174,0.004253105410983543,20.174851848226062,0.004345951577288279,19.80196466830379,0.0070553772906054545
6.090230534990192,-72.06575789301783,19.564804949415656,0.003745006045496022,20.11800132051968,0.0037332567635925866,19.84102801538431,0.003657872084722139,19.409490105529315,0.0034644034951244705,19.19702090241588,0.0037588259750562913
6.026142102645244,-72.06576379950847,18.413139075008896,0.0026282320792563505,18.869106854969935,0.0020716338585009854,18.6287319112733,0.002412494922633761,18.29018828654179,0.002438589407614317,18.153336082220314,0.004141930888575296
6.018618927117166,-72.06577659260498,17.925250907651805,0.0034496189167392984,18.377869189814234,0.003165100505774845,18.123406999893895,0.0029379126110024695,17.813527470545495,0.0035059137942452636,17.692210542568787,0.004222792665368572
5.951618607089785,-72.06575618211122,18.863838961595395,0.0009212325821603842,19.333165689710512,0.001007686478669297,19.069914994465115,0.000720771141336758,18.722619178130003,0.0011066712081679632,18.588691355389386,0.0019088796070605236
6.109566968633925,-72.06573221287393,21.6484402611914,0.016351794034501523,22.658756650567717,0.02641881906186018,22.29145643888053,0.016507183228552998,21.267416953778522,0.012437444738396615,20.632944668077066,0.010711824539067848
6.091485838141409,-72.06574249176307,19.049997642451327,0.003106640528031534,19.559529010052742,0.0027753409353225653,19.339008463740463,0.0026383505178449035,18.89483395135982,0.0031284303690617544,18.714824545643047,0.004923413395020769
6.007469317391921,-72.06574842213423,20.912378133189424,0.010543897145896446,21.75989843670756,0.013793273130814177,21.36058460383242,0.01032785705113269,20.613440166472685,0.0070940334821327335,20.156349770784132,0.012412072776768401
6.021468885011561,-72.06574539307863,21.88968646789355,0.05871866944291305,22.89280116275019,0.10205949869655653,22.508485092930833,0.0821582307791994,21.509954318530582,0.053540346953803636,20.963940157671992,0.03993940301688319
6.057155137942672,-72.06572545764952,20.81879739454884,0.03167453330054306,21.640905438900532,0.022699130954097282,21.220885343248646,0.023450987816403073,20.529702662359156,0.02899919634696716,20.120617044164597,0.03485466647577714
6.031766741572649,-72.06572166899872,17.78017301961123,0.003856639527381588,18.190233729244632,0.0030548737221181487,17.9667063815005,0.003147118912902735,17.644445309833984,0.0032024236722337468,17.504752405766936,0.005737911923265003
5.992890960853764,-72.06571833548128,19.898213413256688,0.004257256152546658,20.54406001406253,0.005829256142546659,20.244890012697745,0.004718342764763677,19.68728836889315,0.0037591748824135915,19.414971631713364,0.004360417597884161
5.970485622731023,-72.06571124564682,20.240400977050452,0.0040177759480884275,20.970913444033705,0.004966059957133576,20.582402074358157,0.003552853030620707,20.018615497646643,0.003276167429643961,19.686025565065428,0.0034852111382889716
5.965286010116956,-72.06572071359433,21.238310978546824,0.005087617020585577,22.217885789570772,0.011608053037526002,21.74667958650592,0.0059200197186798295,20.934487725695092,0.004050029152705459,20.384099674551045,0.0035491479952615423
6.108720925619039,-72.065699784807,17.935499107834925,0.0012290406825521292,18.36498788506978,0.0010880479938957517,18.176068145487704,0.0012693112778665537,17.81996393524249,0.0016636817527976686,17.699720072488397,0.002572068951181616
6.063981554828282,-72.06570348760987,18.365871093148872,0.0019032999014512908,18.823455122390456,0.001407550675929641,18.651349589979688,0.0018846980879906245,18.24113190306656,0.002148792879801853,18.087170769079002,0.00288839279205255
6.042858144064598,-72.0657069491041,20.38172097602443,0.01664262864008179,21.060493120183978,0.015570340457433116,20.71557703838817,0.0136036621968472,20.091030262500936,0.014004254078113914,19.69182937335929,0.03648366409130774
5.969310260339425,-72.06570626728158,18.951599497911314,0.0036918285619428584,19.424986468122555,0.002531728470415831,19.220572206302784,0.0029021382708968205,18.806909514241426,0.0037340216447985302,18.63784422413388,0.008021015360007704
6.1154868943641665,-72.06568221679595,19.149359050644396,0.0017896277139093455,19.65468163427264,0.0015871412922769806,19.393779582142635,0.001646384442548151,19.003237531561247,0.0019812626383931627,18.837069228467158,0.0023474824251309367
6.103272402665688,-72.06568126956209,19.5675858167053,0.0015714640235675826,20.200006158342923,0.002164231145269037,19.874866827660675,0.0011452734639099823,19.369671068664083,0.002147159383980593,19.125916794861382,0.002687396328478734
6.026888624208767,-72.06570408332662,18.326640829222885,0.0035017084510382272,18.763340851945983,0.0029645200355735077,18.538059742529185,0.002790669523678772,18.20481285938449,0.0031292456249443624,18.066309197817368,0.00490130652389734
6.079629132843081,-72.06568279049858,19.36337532627098,0.0038069526564691245,19.94960358724611,0.0033884740359835237,19.65627862121233,0.0026937480606164,19.19583798647394,0.0026047549094920667,18.987333317729238,0.003305219924062213
6.112063354664505,-72.06565913276367,21.703812624399202,0.01851283116984535,22.780312007622072,0.0308898648888545,22.284171440466984,0.019179890757987893,21.337016558401174,0.02220342518929802,20.703390031798065,0.03026985731083685
6.086259651787948,-72.06567303854506,18.66006930668298,0.0015264883247783003,19.12571365768074,0.0013627130628942365,18.891598060745764,0.0014422237380039675,18.535455280197624,0.0017850784439408282,18.394831215157595,0.0027503064741685843
6.067182473528177,-72.06567485446725,20.222947958419514,0.002982612327378546,20.965745307412575,0.0035456599086277573,20.639514385054802,0.0022405242996128218,20.01310014642435,0.0022641038186021144,19.65792690447121,0.0029122325919511294
5.9891071300264755,-72.06567455570276,19.11746703951844,0.0030618113351319125,19.652603176403325,0.0018473824909893569,19.41485708568574,0.0029232209465139525,18.976736623217946,0.00279860401570586,18.78846361546099,0.004381088039350904
5.988700716557092,-72.0656625495925,18.364129462699065,0.0038052566294750297,18.827912122743086,0.002510251746383658,18.586881884326566,0.002715732284977962,18.258521748945867,0.0027908333631781667,18.119095352174526,0.0029509490273915764
6.098352379384516,-72.06565017421512,19.08932440353055,0.0021568573973231725,19.63357079308973,0.0019066299266497736,19.343988188212407,0.0017014266752602351,18.944724683814044,0.001768828921896954,18.766563000240332,0.0024631172358556596
6.063391456648192,-72.0656484033716,17.877362204054254,0.0035192131326193614,18.32315334933267,0.0026598020529082257,18.09661596472121,0.002739095489832922,17.789773615676594,0.0030948524768504545,17.642480862679896,0.005194129568716403
6.0144925945617445,-72.06565950768449,22.29684067992918,0.08134160843391967,23.35661915562745,0.10289468667446121,22.883096845962527,0.09123616241671478,21.793268085502987,0.06833624949375719,20.938835610673543,0.06427429534822751
5.99966204002451,-72.06565687550759,17.975354744249923,0.0013921480623994853,18.402684630258335,0.001151395175641432,18.20985323159028,0.0011707307342135162,17.864352854521485,0.0016167740305523314,17.756095573070404,0.0021691712383346776
6.1204471303736785,-72.0656205636904,19.467601461133956,0.0031671280228156248,20.037262083568322,0.0030980713481696155,19.74768136466802,0.0028817541769460523,19.315564697118752,0.0026939890393216396,19.1237219763087,0.004715876939681862
6.108977598847661,-72.0656237287239,20.482376079386103,0.006663869409224041,21.267574554400177,0.01095239265680957,20.91961589344905,0.008086763438833163,20.24051765075683,0.006912234346276124,19.796050154179916,0.010683594242647202
6.133661499247539,-72.06558966568642,19.636049946551427,0.001403939420901098,20.273748183043125,0.0021993025821458174,19.954682864749856,0.0013882443795544643,19.46256908328855,0.0015505859059660241,19.231146304795423,0.0019929807639030746
6.1018218640639015,-72.06559682690892,21.93556526840732,0.011296049131468183,23.03270002557352,0.023634358240293935,22.499241810696738,0.013048564642649021,21.44238820125188,0.008293491354204749,20.862506266133067,0.007263672536315596
6.062948294457417,-72.06561959590078,18.565324130482193,0.009743203797404459,19.01531138792916,0.008556050085636332,18.77960113014015,0.008741119837161198,18.454038879517853,0.007034062706861826,18.294417754241337,0.013271550484066825
5.990273208971707,-72.06561860978937,18.54235825910717,0.0018142209258143758,18.98743526364032,0.0012457643156702713,18.753796898670217,0.00137136278848144,18.399471711736382,0.0018083482001515134,18.264037941181208,0.0021796713444663445
6.0089946641105865,-72.065591391764,18.448853745369757,0.004570132041293648,18.900510732418674,0.0035731876661624306,18.655222108128207,0.004007259097934459,18.331827626258786,0.0038690351585466565,18.193708529458043,0.005402275583553042
5.993671073645862,-72.06559186200673,18.175394506821032,0.005304509934277812,18.59882139418488,0.005120015192783406,18.413902318983403,0.00489890933960677,18.061115305088933,0.005043523759664589,17.929546089540082,0.00802814762403822
5.979124344516219,-72.06558545307338,21.557947916236966,0.017612718555745945,22.494713683593048,0.03195748852381571,22.06270676301986,0.022342290215376828,21.18102737534452,0.013866883447606037,20.501272149155838,0.02699444186680623
5.965830241167449,-72.06557085526822,18.7879078267695,0.002074541107489187,19.288444047799047,0.0014191002595331092,19.02284155022729,0.00153609149210026,18.64082721688053,0.0020332763556081012,18.50253249576607,0.002360213884080588
6.090902748008708,-72.06555786367664,19.11446937233428,0.0032739762031201566,19.645818563252746,0.00268432478566523,19.42311046619313,0.002827353685158988,18.962947708251114,0.0029622570308798007,18.793853478339216,0.003282963130311711
6.037808680291542,-72.0655829526397,18.548409941904882,0.0034693407604098267,19.004857764262177,0.0024493919553116358,18.771058922711333,0.0024739954288565806,18.418436694115414,0.003342082369399777,18.293351885832223,0.005534071816007673
6.02640012431459,-72.06557961168872,19.00625848930321,0.0035364963310121358,19.506167327938464,0.0028333712593562464,19.248078783158967,0.002931538909671054,18.862685409273787,0.0027449689510386016,18.677196439025217,0.00499608814941549
6.062627880943592,-72.06555739240501,18.3136425939357,0.008915948669130954,18.768523545383765,0.007227265902820087,18.532705044154326,0.008386334198868254,18.20419289550201,0.008943755439473443,18.04470851706261,0.01733536588728808
6.030788096644487,-72.0655635178737,18.22061035052042,0.0015847295016023647,18.670721889063095,0.0011882696796724748,18.489894789839433,0.0014932860171528925,18.084817382414442,0.0018755022767433763,17.947196721060237,0.0018073676073695494
6.117308957629356,-72.06552414079432,20.378965072951264,0.00526644711064613,21.130427835762895,0.007328816062771843,20.776594589107738,0.005565718346578044,20.141007864743074,0.005234660193849681,19.794191818790623,0.0078009373386584546
5.996000436170619,-72.06553832136656,18.437070546010442,0.00464106453501629,18.89386949390383,0.002081455080762238,18.656063266175053,0.0030532168413361814,18.325196941639597,0.0033875657770214627,18.200440432179086,0.0038216729499865863
5.975102327602062,-72.06554447149301,20.067621959971074,0.013245952852132642,20.75537676210844,0.01340762545253174,20.379788345955063,0.011918292806722762,19.86538842052417,0.010187891436460497,19.58710018763196,0.014975908925427663
6.0274369011424955,-72.06553788860438,19.178591114548016,0.008436859431323327,19.718881181144816,0.00876159793258769,19.42583279449618,0.007202098475876624,19.042477644417175,0.007224372722053819,18.856106430619022,0.012496223958867762
5.975667452283803,-72.0655237907627,19.113415013236636,0.002377126483868487,19.68017574888087,0.0018524720172055959,19.43278851725757,0.0020562509200172325,18.961445111261803,0.0021443118202992043,18.748982610923264,0.0034396707972102077
5.970257338715317,-72.06552494270106,21.486555016519542,0.016421062059908467,22.54490269627997,0.02958218669379604,22.012896813895473,0.020676815811780058,21.097076664255916,0.020646640892464756,20.551652020673878,0.015765482349995218
6.111156478510679,-72.06547419663927,18.220666413756344,0.002330802461788184,18.649274409190994,0.0013328506546360125,18.476650098341025,0.001829595113461818,18.10038759691472,0.0020794225512860806,17.988651906289512,0.003236137070515016
6.064505441904201,-72.06547142386252,20.467459031578063,0.004032974836594899,21.172794524681102,0.0054242788112040235,20.849561097723004,0.0037295480072855945,20.212385801463867,0.004319797209270727,19.8604398718372,0.004640290298050376
6.051592461609108,-72.06547009110899,20.092049138935327,0.013111617711580072,20.760055013723914,0.010436212407685995,20.424411179883613,0.00926101013500411,19.883044141324916,0.012498886148762982,19.59970153898741,0.016117423913564334
5.995574013306072,-72.06547658372875,20.474773405783562,0.01461459042385665,21.151175892823275,0.012367980984536103,20.817244601957057,0.012029998611335744,20.229758820316412,0.015399412717535903,19.881190363582455,0.016516971457611676
5.968891623394698,-72.06546911609416,20.052806977384666,0.009375158106478773,20.751731475480227,0.009281840818171015,20.397059585345076,0.0084187988264953,19.84126353080437,0.012869280953967483,19.536402059904894,0.012305217530087755
6.127973614672397,-72.0654366197925,19.17511562193147,0.0024237374738316493,19.717808925543316,0.0018579031867079962,19.43956121496948,0.0015251460774865927,19.005967412403088,0.0025291585504612505,18.826625635275313,0.004003183562705798
6.085966905356431,-72.06544851769142,21.59868048972996,0.013993820000477414,22.626420160599565,0.019993465932223266,22.103416088862843,0.015523894299325722,21.219267818131044,0.010404711242174654,20.613103569258556,0.009754263289967934
6.031915315468001,-72.06545974950392,18.76937586910037,0.003678280018891474,19.283687689781573,0.002899478065882951,19.0199109230568,0.0022910698972524847,18.643833778301946,0.003439815401593967,18.46765313758646,0.005211658057901244
6.027853792372273,-72.06546835206684,19.363185544688935,0.008579621880962948,19.929920070626643,0.007051116666640493,19.645044326517336,0.007893342241608968,19.122635385746207,0.007611458523868277,18.932964041289658,0.012269296905327402
5.988974994030827,-72.06546022115481,21.55991852039698,0.010200232325528179,22.59544747325262,0.022404754456261538,22.093362462216156,0.010511598923587894,21.198399468096113,0.008753057490839893,20.561015964335894,0.014518324083692396
5.987177238124913,-72.06546538077583,19.91993020806999,0.003881404117285713,20.59046375520669,0.003920038650493767,20.294200661490926,0.0035861430496870053,19.734136389034347,0.0035451039243925946,19.427947616623776,0.0052934499616353456
5.981208254966107,-72.06546278388507,18.967911799043367,0.0016166235130708009,19.487143375138942,0.0016609817717860875,19.211326832614716,0.0014068776538993248,18.7646208956091,0.001812740658496156,18.647621212282097,0.0024385614505091796
6.109759285188734,-72.06542520082206,20.042808062611915,0.003927983366003633,20.726408752415054,0.0040696429889490356,20.396258208427362,0.0033970523293198763,19.83310833767692,0.0038520301560698677,19.556992475111976,0.0041621868534575555
6.024522947114934,-72.0654514910625,18.347040048198227,0.0025027821400509516,18.770312419982538,0.00145949323883852,18.575452957365883,0.0013498485457179514,18.229117572939174,0.00211249031889191,18.11467444773887,0.0031250777188222756
5.996523316706908,-72.06545458619662,18.305289338808638,0.0033142777506870408,18.754743536922305,0.0030850846531088614,18.51317775790602,0.0031185270368505077,18.188461057217893,0.003075652485065598,18.073218774564417,0.004328611091063486
5.984584391833702,-72.0654383297388,19.736625987510468,0.009572710024665336,20.35942386072371,0.00918286584743269,20.03493042313319,0.0073384349997517775,19.543167508608448,0.0063461677912847875,19.273091357492547,0.01177313117530616
6.073346368494234,-72.06542919948356,19.739659512311068,0.008362469301878913,20.32971615868827,0.005482562436097957,20.059318398382857,0.004766912329402635,19.57435735131432,0.006134184973069537,19.30372934554768,0.006802694950228012
6.070644917484294,-72.06542710637,19.415613532793618,0.003088276144947384,20.012073432636548,0.003649264743798663,19.705269467765895,0.0029818924632638165,19.255419245422225,0.003214285717435669,19.027530286028195,0.005288652918793222
5.968529441877944,-72.06542870275905,18.239882935486218,0.003490516910444571,18.690059094120556,0.0027324639521940195,18.456124890199703,0.0031481045154959733,18.110819019961397,0.0029932622337525672,17.971314085171095,0.004208052280731994
6.033038388297923,-72.06542614221105,18.634708387102695,0.0030790027877654466,19.08935510968191,0.0020712660397036804,18.845761627737545,0.0024527866296596597,18.509654548754327,0.0035799622280718248,18.37724193188736,0.010723971317418582
6.077770486577301,-72.06540617986511,19.174154709314468,0.005547668627387176,19.703707499288008,0.004992824623141096,19.48647829206724,0.005740276931757481,19.02881890573368,0.005756267844875889,18.83009379206002,0.008844540711070329
5.990148211513883,-72.06540945200254,21.75045748165675,0.010046747693247291,22.755107410677482,0.022051803481978372,22.295982232269687,0.01187792761697046,21.366150547858226,0.008874406380346749,20.685672279890326,0.009611620550947794
6.089995562728711,-72.06538246847848,20.174246778145022,0.003272769966561099,20.88521615327393,0.003940497474269943,20.520157181352545,0.002509743642942133,19.960128265968855,0.002096646856019827,19.6452453309481,0.0030967111938430374
6.067579976415842,-72.06537773045257,19.187573453340693,0.0011135579040392975,19.748541009473037,0.0013929032325293428,19.45352645716101,0.001093940333661945,19.029518537632043,0.0014468679164808538,18.83312987754818,0.0015439633963537159
5.978093066361509,-72.06538048575344,18.161771377707172,0.0035477688751509025,18.568262060302544,0.002620642053694588,18.344748836450414,0.0027459019795165857,18.037485503083218,0.0029481015643745504,17.928668107408903,0.00410376739307524
6.102042192874816,-72.06536091410244,18.059879579324107,0.0009215153864913351,18.488216862649224,0.0007242601031158194,18.258084536221986,0.0006129515692589322,17.92699223008423,0.0015774377256790545,17.821182186179662,0.0021433168769418014
6.04941099012731,-72.06536093199938,20.03160754302478,0.010858784368737778,20.71078157294189,0.011427795793243978,20.348999269416723,0.011113027618148712,19.81864337172874,0.011480819073220145,19.385162129601476,0.01813428944018443
6.079289183375701,-72.06535437415178,21.280290612250884,0.009818790435045511,22.211643825120987,0.017591246942383613,21.775382003715002,0.011473481473522033,20.93383735179789,0.00961452178517099,20.409716572822298,0.010784488287553119
6.027653512061077,-72.06535441908218,20.609962975119327,0.015138360037502652,21.378760912043056,0.012000432915243296,20.995791875059062,0.013605220581281654,20.341389865677563,0.014213491047189865,19.982327209215896,0.018797181165260482
6.086528637230619,-72.06533304734614,20.419006333198258,0.017358131988280887,21.193388420607768,0.025391240488345342,20.83018228539185,0.016902291179747047,20.169866735588244,0.017310492764240126,19.81690307660022,0.01675390688444395
6.085554274037701,-72.06533621931571,20.615047905412663,0.003775973943548959,21.429273866139894,0.00576197594362591,21.040811839556376,0.0029987478846134836,20.35629156364334,0.0028710290916730483,19.96295919371363,0.0039494715319827785
6.080717886123161,-72.06533798538247,19.488280200647655,0.004017148817286756,20.081744927233075,0.0032984807982735713,19.785342915274192,0.0031128953844614562,19.316328127802116,0.0030192828524593126,19.040381410339442,0.004874068998090648
6.073342784433385,-72.06533926484454,19.134001595401433,0.003913501764795191,19.651265434694444,0.0038381923399578377,19.449800543203892,0.0035095957413221,18.99343651195074,0.003209275618397936,18.817816805768715,0.005191543886082602
6.042820308737212,-72.06534281757737,20.25317627578183,0.011948172481449163,20.963569582802634,0.018338370714113886,20.67063551016578,0.015038563130879878,20.038268310748748,0.009900013394831594,19.673792936691633,0.014365212441451631
6.08418025723221,-72.06531100427365,18.104630497179844,0.00202966774279497,18.5312076801152,0.0015489054753821034,18.37934186428381,0.0015000624388650222,17.98581392834174,0.0017168594393797108,17.87004197784065,0.0025910944246348372
6.05892687995442,-72.06531736314061,22.910644293178702,0.07729649099435759,24.34777243817181,0.2021707151922069,23.49076597912621,0.10771974687209965,22.292626279448946,0.04941560996116753,21.488428536760857,0.03567920783097492
6.033796565214153,-72.06532074304312,19.213445250755758,0.011680561337443248,19.751937198263292,0.0037455301346988536,19.465007602170417,0.006616073506301457,19.063218165540405,0.011282345776819743,18.832400477857227,0.026892488860922964
5.962226842316093,-72.0653168487966,21.732394356585782,0.017892082099971052,22.818906318983032,0.037526581137071455,22.27080631814247,0.023334728210440976,21.422759168787017,0.014900459941208073,20.790150248326206,0.01453033469156351
6.1259843336245146,-72.0652804340397,19.10995199267286,0.002016346031260769,19.599472479798607,0.0021653739124456216,19.430767571762438,0.001719563430994193,18.963317838706544,0.00196949627723374,18.789942275169025,0.002867134303090865
6.062401692758071,-72.06531574399003,19.025319067943254,0.003236626749556316,19.540776812869545,0.002800292478557219,19.270159276894383,0.002931657078648398,18.88080979902378,0.002834049329525154,18.695009681895485,0.0063911948576769635
5.991586724963895,-72.06529932907846,20.34629003709522,0.005249786347406569,21.08737779446728,0.005768127381949741,20.701359553779916,0.0039778095189659584,20.116043954530376,0.005059720074394868,19.77656245818992,0.005083361417887791
6.08447947913112,-72.06528318650086,19.339102985785164,0.003645749199874103,19.944822770916176,0.003412642857205726,19.65461856376919,0.0027727776904031623,19.202468219636387,0.0031255453330843418,18.970851068842542,0.005582888171625861
6.071971209614614,-72.06528538113893,19.079080400251055,0.0016046377593767645,19.677342913502542,0.001403006091746271,19.40092701540251,0.001602585931622651,18.97299097892092,0.0020394807383129544,18.766960527877814,0.0028091657465959866
5.993877374066964,-72.06529007058384,22.360046237126614,0.0642878598589358,23.398359917641784,0.11214657867543729,22.87377124875259,0.07869184030208434,22.060851875572062,0.07530741681007753,21.131235188728084,0.07524607724433033
5.969479843120821,-72.06528426344451,20.192891200309784,0.024013329538458254,20.897169916943703,0.020851171280806397,20.626340780254502,0.02306534891137919,19.921489972134943,0.021293814567167942,19.693155657528834,0.019397488291692452
6.104393851684904,-72.06527498245272,18.84479823842609,0.0008408728035715406,19.362446675983293,0.0009509317572129732,19.135480622736168,0.0006842991894273968,18.72096922934101,0.0008442930059943182,18.560490715391957,0.0018561407555824526
6.061902222488841,-72.06527568935493,19.801346196081322,0.003859422834001255,20.462003973346903,0.003988804598789945,20.115868547274147,0.003582241351225933,19.634912013006684,0.0037631703793103988,19.373832268450855,0.0039476364122195285
6.059900096828973,-72.06528754046734,19.503760742424024,0.005721148387424653,20.107058773780054,0.005114051905413338,19.802356529877116,0.004701450743023191,19.343287905733675,0.006812045114174956,19.112265680932552,0.008014089319204228
5.9632561641152675,-72.06527547546985,22.457412733977055,0.021968375065531495,23.724888249346485,0.05412326814402224,23.11525273048698,0.026175944147483098,21.988839392635697,0.01747135228798889,21.254362333669,0.018200152407118246
6.078863015661905,-72.0652508631982,21.678227982996408,0.013608037325680727,22.722826244857536,0.025785659882203205,22.235762978407017,0.014390926403831246,21.308288718955126,0.009859364337045677,20.66114749298312,0.009006630157680544
5.978722089495303,-72.0652522530674,18.74935901506466,0.002874493020621635,19.248212525738687,0.0030651091450771724,18.976219110523502,0.002580639959718113,18.619428857325275,0.002901077682280938,18.468394198430687,0.006965116937666201
6.100866888740437,-72.06522617189464,20.953234882125233,0.006984223579870274,21.84405367198292,0.01030658036671958,21.41553766142468,0.006830623331069337,20.6560846854736,0.004589202241684521,20.184711422480575,0.005545118093008391
6.090362890565268,-72.06522837519825,18.66323998611752,0.0013887587887840853,19.164072789976004,0.0012976129733398008,18.915284031182203,0.0010986481212293922,18.539788176268317,0.0015765802703744062,18.38205234098588,0.001953992627895403
6.116307165041185,-72.06521449498392,21.54974427584359,0.007000156985739032,23.164629051858938,0.025192850184904945,22.584029703008987,0.01188695943549986,21.63982636472204,0.009268147428410945,20.936395561638953,0.007619922560183709
5.9773686888790944,-72.06521885830277,19.674635699304115,0.003937683968451814,20.291531937629173,0.0037352945881405633,19.959070542108783,0.0032283435604465115,19.485147975115304,0.003515786923571562,19.262439231284695,0.005932868764585771
6.07327222877556,-72.06520263910387,18.051749753348478,0.0016053761977799714,18.495093648015086,0.0009942899265519842,18.32891620903083,0.0008237641501050435,17.927773439547046,0.0019017350134585553,17.804655069017457,0.0020624035366135435
6.070469418482042,-72.06519506117627,18.673162234434773,0.0019821619092026477,19.14479891542193,0.0015275729615712077,18.902001161722318,0.0015897355911649387,18.558195559788352,0.0018419457645955726,18.406331347444315,0.002235144119656283
6.068466955554653,-72.06518913631638,18.800706564281423,0.0028003022216703697,19.278227547385157,0.002486127225712105,19.079219216088553,0.002273202844621857,18.661743532058054,0.0026431475237081712,18.486090379440732,0.005521546956999638
6.045459952352722,-72.06520603142535,20.24715385960565,0.00826538589274349,20.90929577309811,0.010019656913164221,20.56555964892538,0.00985933825646709,20.023078312435985,0.005768485458710603,19.692476043508222,0.007239355473368181
6.093494646833697,-72.06517059289514,19.226670204591183,0.0023861660804017732,19.777573421085663,0.002188560453707957,19.502811102997804,0.0018805487871733561,19.07401519257686,0.001976119478836711,18.84293031778047,0.0026140566553310104
6.026275086254232,-72.06518415536874,21.94995063525101,0.02071428114064463,23.095969403093093,0.02814173217127536,22.5327768803404,0.019303424421329443,21.54062490449448,0.016769478327084076,20.869295861367853,0.01670573739496336
5.982119869068369,-72.06518394616891,21.90993683381969,0.04967422350476591,23.05402649514722,0.10128231507464598,22.65852436977061,0.07237701965082503,21.46383620050409,0.04118205654956614,20.832032429286322,0.027344029512607882
6.071956307391948,-72.0651692705167,19.02595226194995,0.001444691884534033,19.54859387934212,0.0015548920203448601,19.282264630235126,0.0012103934479725767,18.885775172439757,0.0022803971643634304,18.700211237454354,0.002789448659520489
6.005823289810538,-72.06516810891793,20.506981363040087,0.013477338953094706,21.31393934461832,0.016131833893130512,20.981463130676808,0.012817664694981263,20.307374973928773,0.01217545269926983,19.913217398516565,0.016208264707695354
6.108223926961249,-72.0651367706472,21.21709863197646,0.01113433671288658,22.125694922995926,0.015462122710200081,21.694865592412135,0.008975591529886822,20.857963036256777,0.008710007543742838,20.31382136623042,0.015058317579542572
6.082134848527917,-72.06514384972434,21.48153739075784,0.006813744440732929,22.493030781733424,0.012923972202273305,21.99907825786024,0.007408292426761777,21.14065330629775,0.004638845162782655,20.56158570840357,0.003396620875100313
6.074429335371374,-72.06516032047274,18.439188687749454,0.0012993574869232835,18.88561697600744,0.0009567840295795476,18.70870836300284,0.0011614310957464935,18.307410592627228,0.0016376017941659477,18.177284593926082,0.0017877405559584292
6.05297805069304,-72.06515354320751,18.050950645790284,0.0023385980188104344,18.51403220798757,0.0017579726317066013,18.266585557413848,0.0021148625408970744,17.919814604657887,0.0023320035025910517,17.763879973485338,0.003732910385513511
6.098026072491705,-72.06513818361285,20.129083909817165,0.0055448859451143195,20.82744357814611,0.004832837074808588,20.475914565585526,0.0038341165764710717,19.92853199428847,0.005092424227961719,19.622615256707526,0.006968168088804344
6.090274701287686,-72.06512113736402,21.845467357415433,0.01816575855646017,22.91290234219972,0.03652198052350143,22.429566527637512,0.02458643028832032,21.41261713058345,0.015213589510608763,20.753227752837226,0.02028348962047136
6.089058836585822,-72.06512015478894,21.752433320603043,0.0266154822677611,22.718222838297983,0.04058463434069918,22.339057592941167,0.02877078532444823,21.34549344139836,0.017938017255086987,20.634160559244712,0.029334639209844453
6.071198101082961,-72.06512203886345,21.374432558518915,0.009721615591820098,22.437546104331815,0.015797339029952336,21.938387067480207,0.009505937799450598,21.01627826484085,0.006506812931870581,20.40362351515671,0.006204386143533837
6.017244260366211,-72.06513748254588,19.526068575084455,0.00809007460224061,20.10078247552967,0.008184026793798222,19.79406644954853,0.008618640057661083,19.33583391189091,0.008286268849471342,19.087069129980563,0.010803961512273572
6.005455826040948,-72.0651336528394,19.58765369419368,0.0055890817397437,20.180713001635652,0.0047516777696720155,19.859902091055595,0.004196887302739103,19.407495527800506,0.0051477558647264575,19.174535757824692,0.0074181448771839095
6.091433195672354,-72.06510943163988,19.791034695082626,0.005720723570187591,20.44029673276323,0.0077821796226264115,20.121814115220744,0.0064951322987669025,19.582354597984278,0.006313992773148183,19.25618825861524,0.011775826028808998
6.100010542244417,-72.06509480327779,17.89122659475363,0.0023055469321416012,18.32681647960124,0.00152207967235056,18.10167956407021,0.002248518580869898,17.772148734958975,0.0025166619293002005,17.656076570535298,0.003166902761435401
5.9575349605383074,-72.06508095113466,22.620729395895037,0.0238394508783416,23.877106012146747,0.04959887176204469,23.277795055283455,0.026009699246030193,22.118009553755243,0.01680826009903074,21.298085770210527,0.008581114372447646
6.084221811475026,-72.06507405712608,21.432305486428252,0.01677771972256284,22.342792457297662,0.02944723242731707,21.969492463277057,0.019356160959202205,21.062895989912626,0.012253789227977884,20.479782196910932,0.012487323447377524
6.067317666388078,-72.06507782082302,18.105055842321743,0.0036046382110351814,18.55193552617061,0.0018780258974895087,18.311385858713997,0.002855181470593071,17.982188174194178,0.003592593567195298,17.865445987912018,0.003801288138194601
5.98761283355045,-72.06509014433152,20.186053294344593,0.003920563303318127,20.902797796278193,0.004719736599251386,20.516048753365332,0.003916479519493803,19.93954677212293,0.003656561786237864,19.568773186596104,0.005981880644755527
6.103391180861591,-72.06506866331887,21.957200277175343,0.033453916951971835,23.162434048384554,0.05491659619292468,22.535321906402253,0.04523621579537403,21.566077806858424,0.03247015532463894,20.817983435906697,0.0294024686214937
6.0953300407948205,-72.06506190904426,18.368995668843798,0.003295399793355429,18.8248951884105,0.002483780340449832,18.60730040013746,0.0027297912265181494,18.252921489572792,0.002969630134345789,18.117856666067077,0.00443300727543598
6.05378528260545,-72.06506974951476,19.887554802810374,0.006079557784390254,20.5421468466577,0.005547741389379052,20.20653140965696,0.005206116710507191,19.656148941284684,0.007287835167971117,19.34781191489966,0.011399978980503328
6.04481919069357,-72.06507144830987,18.195133250497403,0.0015147953105150306,18.619935874161087,0.00148939938574242,18.391531663614494,0.0013725117305759514,18.07490297461711,0.0016367271118737758,17.95042581019527,0.002635056666681206
5.964069799131215,-72.06504673620788,18.990330323614675,0.0012888687056102682,19.50805843907783,0.0011699288203423509,19.2392656773277,0.000867749010136335,18.840629258917104,0.0014650273571322357,18.676624610785595,0.001726041218802457
6.081487503482023,-72.06504655097864,21.25428604133985,0.010866143194271635,22.231210499203222,0.016651480750117728,21.748374147349885,0.010880161744564942,20.906380466189916,0.006496511163437881,20.378171582862755,0.010192767715176729
5.995209843189961,-72.06504562218787,19.222871876757697,0.003922586162320169,19.75802208689791,0.0035334942458704137,19.53824758882316,0.0036890481907593457,19.093290378912883,0.004284970961626472,18.909324172815737,0.0065647802994081164
6.093173194883686,-72.06500284024018,19.820815206253517,0.006916102910347711,20.49044685177165,0.008971081147912783,20.137325773858187,0.005842627595055978,19.63533657021069,0.00560003853250845,19.356004114144362,0.01407093813430725
6.074964211154141,-72.06500969054537,19.30172475123864,0.0022743755299386823,19.849854648069098,0.00210542739186694,19.57776661199989,0.0018674989594349883,19.13736210051107,0.0020711097127131413,18.93597237672892,0.0029329816263022426
6.0650106397725105,-72.06501482847331,18.553242149442948,0.002680831725739402,19.010826540007734,0.002633002894769382,18.79385001502167,0.0026399144995770583,18.440702954635185,0.002702791067720974,18.30674458222419,0.004782837399729274
5.997114918830968,-72.06499356618386,21.73352307107616,0.12579835863503785,22.632869832460855,0.09701034913820498,22.263052668625086,0.12448136951139621,21.419842576334233,0.13073755202313603,20.771161394816822,0.08586611660931469
5.981836643341981,-72.0650023036091,21.148125030701014,0.033159848358451774,22.111131795608856,0.04360991836868294,21.656235438376278,0.03628894799872093,20.851957487855145,0.030328592261130827,20.35863323738719,0.028588832151806236
6.069934621078155,-72.06499142738161,19.58245480742463,0.00214115515674265,20.201548001807026,0.0022732889094016513,19.879416212584935,0.001835859940705809,19.407293606187856,0.0019996952138383547,19.171696038673886,0.0026777996903983494
6.022968710931507,-72.06498577767763,19.507317019167235,0.0023136632565944424,20.097635655887068,0.004481866319963199,19.789434470861742,0.002831510621443153,19.330582280505638,0.0020916624554044153,19.085589002305134,0.002238513019225591
5.9883797015900635,-72.06498138385042,18.260399115670342,0.001895527552151902,18.692288871853286,0.0014231663372415784,18.45602325483769,0.0012798068809210627,18.121181516820478,0.0021058262102875975,17.987014088078233,0.00478541030822223
6.108456836138701,-72.06495660174966,18.746480937243152,0.0022716447301079903,19.22404622621164,0.0014245834377401311,19.01736767545099,0.0017658739368283992,18.61115108972006,0.0019157318862692385,18.483056975061558,0.002933947365496165
6.107237351089819,-72.06495490170532,21.546230552867964,0.013506154431704128,22.59181272525055,0.020379068833412017,22.12646950000493,0.009237506880056014,21.184641471670098,0.010500952055785247,20.588711784517557,0.014985739860247468
6.074170040401256,-72.06496849663874,18.486400680345486,0.0019874131345689263,18.951528608890598,0.0015387718094244183,18.725963046300514,0.0016797991780567127,18.365657398197982,0.0021878984459626134,18.240670535906922,0.0025044513669129384
6.060362464488229,-72.0649742870864,18.626345741370432,0.0027827734954882282,19.08653305214655,0.0014038330761647515,18.842631045969007,0.001631795141972325,18.491778659850254,0.00274069131603568,18.35532582812322,0.003614754976576379
5.97355524711677,-72.06496564359618,22.627707894899114,0.039374100144080756,23.928339229360525,0.08434478906559402,23.354217162330258,0.052024309897827144,22.163645126074357,0.029279009624607485,21.23937942827326,0.029179146624498206
5.966570105805287,-72.06494733067201,20.218484863031012,0.009102840798000297,20.95128153973043,0.010771659025458995,20.577682966622994,0.007753426228957497,19.991262642882162,0.008382313699406868,19.670139793302297,0.01628619695092127
6.049435195351381,-72.0649541689901,19.23654668718167,0.003013767152690928,19.78302525818333,0.003374248421172158,19.49222863432629,0.003415552693306154,19.10059777583104,0.002690116102457238,18.883047839046462,0.0031107784367262253
6.020496679423976,-72.06495624041376,19.82992250712587,0.018315624698984467,20.437692197318967,0.020602474069971524,20.10597153138533,0.018521997884923515,19.621032926261265,0.016913211833107105,19.346605076956287,0.018231588486357836
6.101572728587286,-72.06492961349785,22.093060028797634,0.017851514307610606,23.283414650442666,0.035949122953102465,22.730092749897892,0.020441329107154613,21.683360656697268,0.011814379709283878,21.006751460177703,0.009988391617707043
6.095545643992711,-72.06492793272278,20.113148749868135,0.015934142390597685,20.752563460179573,0.01523404186738847,20.42963073180183,0.01471039507174892,19.917139014560554,0.01439971751271537,19.54053747675222,0.01616236010468084
6.000650304574798,-72.06494176397815,19.358402781855137,0.004587793817408523,19.924989886032954,0.004383888838572535,19.624003552253484,0.003860227672679415,19.15139347042893,0.004168348072673869,18.917410987974534,0.004881178180127
6.068442634003017,-72.06491813932129,22.068130363636083,0.015225929790527047,23.099094960538274,0.02696719812070263,22.665181961548747,0.013834452109236924,21.640226087821397,0.0103027567208336,20.937955907649943,0.009943100883634735
6.054368150919897,-72.06491579207389,18.933185164487757,0.00760173001468979,19.528287801757152,0.005002732443740238,19.22066554857836,0.005907908583520474,18.787388703734877,0.004656548591230353,18.537210850050407,0.005473025567404766
6.032589997945834,-72.06492030392168,18.441424839692818,0.0075195613362831195,18.884008348297385,0.006482858515408238,18.64219004648296,0.006439124906762184,18.30234903043568,0.010193046456005234,18.168466121157152,0.013682937499352983
6.0713194303014815,-72.06491189490384,21.088378863839385,0.006549085274966954,21.94021029499666,0.009581586468356957,21.511569037349396,0.007001119413062826,20.720861692375074,0.0053989134773576655,20.258515920561855,0.007162130127197423
6.0626306706697015,-72.06491291459662,19.884046963586304,0.006278784310431258,20.53000498057812,0.007632835867356122,20.19959634002842,0.005239486539657229,19.690703550411953,0.007020783205366007,19.397195218331873,0.011087823117796599
5.99543767803109,-72.06490155027457,22.237688777809826,0.07018880978448812,23.608023788572467,0.14492073260400268,22.953548041179538,0.09476041018480634,21.869352297320248,0.06661890730605324,21.06450092130796,0.05507954679956693
6.131808405728694,-72.06486481436438,20.501148789470935,0.016913677344441488,21.183266981351508,0.022560030243082417,20.871802977257182,0.020902620804194832,20.236656691977075,0.012804518021017284,19.82670622039148,0.00953725539218867
6.103784026845554,-72.06487560466275,18.228155564250475,0.0023913360829580896,18.67282432318075,0.0017497118941335798,18.503704213053403,0.0023188967427913015,18.099203651868727,0.0023302078980051667,17.976505846586363,0.002770259338567527
6.084093525217632,-72.06488129605785,18.136089998936857,0.004812749496453883,18.600806215067074,0.0021462526016720477,18.353482401886794,0.004912562902646131,18.03819760838111,0.0041464737448412385,17.871029018926016,0.004828530524790704
6.004857109755259,-72.06488737736863,19.775010752750322,0.003458285794185021,20.400026491632914,0.005311211925125363,20.065580367024587,0.0038170089076163954,19.585617575204637,0.002911115021916559,19.327974531832368,0.0030063423940586307
5.965067806669962,-72.06486007352613,18.871096696262267,0.004116348536678058,19.380467037194165,0.0034070257809523208,19.155631139917432,0.003619102466003396,18.73831838965645,0.003756516206591315,18.56320984613047,0.008188801857471022
6.097066559854805,-72.06484015135179,19.9277762659113,0.00621235913966785,20.575926460814784,0.008385513947535,20.23245013910646,0.005951409134606991,19.718617836001457,0.0064717933981466875,19.44501512506659,0.005075941134548848
6.063448015857997,-72.0648454333047,19.110819842469407,0.004824021749624951,19.63225021363627,0.003512966986167317,19.35919081079333,0.003807878028192158,18.973250904407678,0.0036113847181807068,18.76564524550846,0.008070282311472356
6.054219672918369,-72.06485286962541,19.100627414497172,0.015312753149847117,19.600911854706027,0.0124985033670098,19.356785182042934,0.014288825275038133,18.940645673794755,0.01268847184241893,18.75265684675479,0.01433566397119685
6.04604714350921,-72.064858549051,18.512569944229316,0.0027885270035894957,19.0130335818292,0.001912606207596595,18.759913039975842,0.0022465449259206466,18.427512910128677,0.0026524155168116056,18.230417111661602,0.003159340957791997
6.125678583115862,-72.06480951240806,18.03724088027256,0.0013021276458594396,18.474893824119036,0.0010308056282307546,18.322362097661056,0.0010352081320136295,17.91420302215097,0.0016059270669477926,17.7968604151854,0.002762968617171913
6.099765862754845,-72.06482132498112,18.258808923003922,0.00303333536283609,18.6974780610972,0.0022825824968599117,18.46929194685496,0.0028238586445612592,18.14193078069343,0.002880784604419997,18.031464519305423,0.003906706267202813
6.084904527243404,-72.06483071450751,19.447276450722367,0.0030442199481374413,20.070123698755474,0.003498128932614821,19.756461457489827,0.002817065651709348,19.316224555367718,0.002817437096538202,19.080374699150113,0.0028255052250510337
6.081702341130026,-72.06483359894811,21.878292820609797,0.014514251756913274,23.012792873377535,0.029970410508641267,22.46140613446225,0.013680313351450722,21.46587804857859,0.007288242348886694,20.778771496636573,0.00702333886985398
5.986121849020068,-72.06482689974446,18.491241374039138,0.005648987644272002,18.929343155785517,0.004930743872707675,18.729001975560713,0.006265737784464836,18.352829118566248,0.005940309127002154,18.216212556158993,0.008532550001824114
6.072362572616521,-72.06481864183463,19.290507162114128,0.0026812144737742485,19.834390867642895,0.002697058168837031,19.558384006761436,0.0024269087890700725,19.144262595499853,0.0028115009005672147,18.95862418552175,0.0035379808741946694
6.0840440621989575,-72.06480665884713,18.249221119455985,0.001795340147385254,18.70792181329942,0.0016138633375842892,18.47048836211392,0.0010906345642091486,18.120402081323917,0.0018480627487611936,17.93668697324904,0.0034262720971376167
6.005171925521699,-72.0648043873548,20.59753669279286,0.013370243189558772,21.385533504726205,0.013639323939265785,20.980316494836963,0.014307691111075865,20.35657187760072,0.009807363011579832,19.952444710802666,0.012425673811168974
5.985441923334773,-72.06480337074375,18.562225128066682,0.004486999895225001,18.946094279200807,0.0034482861156858173,18.721629202865323,0.003048500780373212,18.38605780697447,0.0037640233334902294,18.277521658839532,0.005916271233782392
5.97291179276519,-72.0648020474325,21.18188267578733,0.009889820211405219,22.068480415000764,0.014353805430699496,21.634271776890124,0.01060809449666447,20.87192180085824,0.009911583309633798,20.33186284016829,0.010706472685829879
6.087154958769831,-72.06479256006602,19.518983678393052,0.002967782197173684,20.089890157380566,0.0031561749115871828,19.796354491065934,0.0025191749186176276,19.35344295935007,0.0027660768282111265,19.13206424614365,0.0032982275096170768
6.054463544000012,-72.0647891127276,17.89600831059585,0.004073297302150443,18.321437982630385,0.0038261235292118435,18.097922857473108,0.004121693626201111,17.786172251313687,0.003371171134199462,17.674560818718447,0.003654689422741358
6.030972356771497,-72.06479890824436,19.608163307033944,0.005858813524749377,20.255845322628055,0.00495941862880913,19.957127765728764,0.004725767309493646,19.400435766852,0.0060081658384041215,19.121849007377527,0.010129011424259645
5.978415100735656,-72.06478510322633,20.34438279730357,0.009320396945052626,21.152011696016558,0.010375674313226719,20.757405780505536,0.009310159667047695,20.09801445062191,0.007750153718023954,19.687662369680773,0.006644373183642822
6.088917430802882,-72.06476520020078,21.813748742251992,0.016140196044627783,22.94880751232816,0.028635751106345426,22.392561319960762,0.018629856203034336,21.341458451073542,0.012053616083716748,20.539445106362557,0.008451530761741313
6.074985508835207,-72.06477183126653,22.117078387387874,0.021728666340736127,23.23268453832533,0.04986534110070166,22.707518383452054,0.026574293987018518,21.599977140848367,0.017343585471262107,20.679584362294186,0.012843979767656674
6.070046534637309,-72.06478299562797,20.033179291969038,0.0025810191434031135,20.7198066320382,0.003322123348975247,20.375040295684222,0.0023837193139750598,19.847890117963964,0.002439169423773168,19.54428983278286,0.003636729253943121
6.095188299595098,-72.06475430872085,21.857762532234123,0.04682640736491381,22.985855612801103,0.046089221872180376,22.433862948537858,0.03772668012210845,21.39925403187067,0.030171709942548006,20.768659520544098,0.02464951657984577
6.051755874381256,-72.06477174173885,22.213223616482527,0.027777969066041533,23.339788146456684,0.044111775749765485,22.81767662394524,0.02750205567053376,21.79107094726141,0.02126182434290939,20.913048424595267,0.010299916262860873
5.963308158758278,-72.0647670626932,18.77243330859101,0.0017529215220623447,19.251013776160896,0.0016581426820918457,18.98432457897018,0.001735704057103504,18.629655759662676,0.0026620694886059478,18.432546743362757,0.012255651124262305
6.0691416355356145,-72.06473580092455,18.01152679149033,0.0015799173817385688,18.446989876469083,0.0009399623388701462,18.21988983421467,0.0012417860845504408,17.9001751810641,0.001820804302241168,17.785993262178422,0.0025828225048600854
6.099969000867652,-72.06471807526269,19.222510099265715,0.006712096210545542,19.789456514670633,0.004277616582838552,19.498669936618363,0.007086030405211836,19.07413731955735,0.005416310216342416,18.904253543774637,0.005212982991946546
6.096232497783946,-72.06471208973723,22.19096901374471,0.041082672555816775,23.33373691034901,0.07534399879115349,22.816462034013014,0.053662430679932954,21.68033714730967,0.04470114771785938,20.90899263093832,0.026566414391779387
6.071697072536859,-72.0647267929048,18.8455798833815,0.0031013706731989146,19.343620015869895,0.0028878178828579356,19.16829023613799,0.0030401537792720946,18.714204297248386,0.0033872135722371505,18.543926732214004,0.004135867126634702
6.061574925711341,-72.06473193404993,19.897076490029338,0.00877326639317952,20.540162407802278,0.010526898630562689,20.218039022438823,0.007001501961934876,19.6921200124267,0.010889377667824966,19.387113092388596,0.014753799161822631
6.116338975415379,-72.06468799371103,20.34743404611339,0.006128257909839145,21.158416591839256,0.007035477085056105,20.75135265962807,0.006682758032226549,20.131502576496217,0.005332742753846515,19.774203009643607,0.00783296023455098
6.100463430064758,-72.06469850512362,18.82084272321983,0.0029712955727325303,19.34349391124386,0.002586791154250413,19.07297760437161,0.002598538497956538,18.689730618491424,0.002770524609121203,18.53124742016181,0.004142516089087958
6.076733394138514,-72.06470120590541,19.907454839937554,0.004933031995842126,20.596668691914303,0.006047575229855065,20.2463790336275,0.0048331248040815716,19.73759360336348,0.00334354568856851,19.42268592613356,0.004671983133609601
6.053781207868009,-72.06470928099843,17.82549486946893,0.004463293192033907,18.244152720638226,0.0026859772209907188,18.027199210764607,0.003659066857779246,17.713416749481226,0.0046066497701362985,17.584494553231885,0.0066453891352291185
6.046300137920732,-72.0647086920177,19.20440680958156,0.0035827053516307417,19.738320929891444,0.002820682220280675,19.449651291852142,0.0026874365374541923,19.069224713696443,0.0027678165790653584,18.869410617660257,0.005172455994566077
5.995820546280978,-72.06471723112324,18.875243309876947,0.004788339334321063,19.343111114443737,0.0028853066955805712,19.150402932299137,0.0039121396031355435,18.739817895123487,0.005802479553270769,18.617831850800577,0.010118914207231168
5.9819126713837205,-72.06471230731962,18.550540216787535,0.002340009407897682,19.022433170109714,0.0017934619248894594,18.75317112272254,0.001736696010428805,18.42345929077927,0.0021584779773346618,18.277632902105957,0.003523675680013631
6.015574800814375,-72.06469012184323,18.276073757415293,0.005672230239918497,18.709373879903467,0.0035690498070278525,18.484424719441044,0.0037171190322052823,18.17266902800361,0.0047854077848312835,18.049833402775924,0.006496339091706032
5.981343045264651,-72.06468728139957,19.293486514740604,0.008127344188958023,19.864107910959454,0.0063753062591009714,19.56192617227508,0.006255506208101606,19.126819164720885,0.007839707022997019,18.953466400381636,0.010643792278471382
5.961358840554283,-72.06468268455174,20.226092941451224,0.005568368001075363,20.94054148204507,0.006269396922164465,20.555586858030047,0.005570219394013525,20.014934602091742,0.004748774248636712,19.699806651017482,0.007069674142741636
6.093426145500932,-72.06465850363472,19.730327008590354,0.008026130348829187,20.34681756800066,0.008264069733205766,20.05162898048281,0.007677598806897588,19.570028952696006,0.006366769793562278,19.328506255242978,0.006579639072786209
6.085843736948982,-72.06466585428822,21.730318926319487,0.014962411260154063,22.839932618905735,0.03584646000337101,22.284098862845077,0.021423405157750243,21.341821560753438,0.01310949876257517,20.73935701438861,0.0107862040222958
6.0686636590043355,-72.06465907250521,19.43854282974549,0.0030063830539283523,20.042505127105244,0.003177202554674506,19.727257311594528,0.0027714437237156024,19.31068091382828,0.002901148740289734,19.105491586323133,0.005377912355098682
5.9550565125793264,-72.06464330610768,18.86856135555094,0.0017502649652968794,19.37399141225076,0.0021871267760988273,19.136730464125527,0.0018906258405964648,18.717382810686253,0.002210126151306174,18.555763039179773,0.002343575770362119
6.087789649386105,-72.06464039159367,19.25902891993511,0.0030610060140452036,19.8214857235119,0.002920421321335238,19.511605592507422,0.0028685983119011013,19.093610077025332,0.0034360794078396625,18.913696108101284,0.004237282983384636
6.031959477514464,-72.06465020895784,21.544153969687788,0.02060267996808037,22.553243661914152,0.027723888230029865,22.104329697175046,0.016796402258308637,21.213279940338168,0.014297372454236122,20.6165302444712,0.012732300475477637
6.117315791834899,-72.06460528098181,21.623609729550378,0.00838772942346874,22.624898864259855,0.019598329052685836,22.214196468352014,0.007457741649242374,21.239845144324377,0.00605072865652793,20.67120651335454,0.00808661048366892
6.095477897243917,-72.06461490447695,19.438356063677343,0.0020818327354626474,20.00636745076047,0.002035496703228873,19.76736730827035,0.0015954034486178,19.265303421769758,0.0020649948227408335,19.06735816752424,0.0028912165754653306
6.022927457272744,-72.0646254638465,20.231354523744717,0.01423426577841681,20.98062477398649,0.01494411124540065,20.60559744142158,0.013454351546260358,19.990486695417395,0.012944413989055468,19.601305327911547,0.03557410663942676
5.963850521544352,-72.06462078616698,21.206527314543262,0.010122481164043382,22.13632173431489,0.014759550351325411,21.68068683834084,0.010117016593441976,20.888833880257273,0.006299883883005442,20.434409419906636,0.010592204258168371
6.016936732083238,-72.06461441057814,17.928728484913822,0.0063239700343690735,18.35238574987786,0.005089729466865165,18.1212356473512,0.0069949761075625665,17.812547354685833,0.006741556721958839,17.70831570998822,0.007858316498115693
6.077232838879188,-72.06460124684557,19.446267884107943,0.004149262652002282,20.065112727822793,0.0031856415822756785,19.84828529045724,0.0032157921400045183,19.280036031179648,0.00299844934523604,19.054012739287664,0.0033921909097535076
6.066872783473739,-72.06460045074594,20.53792659590191,0.01768452057891568,21.297304640062286,0.014689211728437464,20.87470338263379,0.01631531480075339,20.254209425997253,0.014759925280982683,19.95956855098222,0.017568822005349732
6.029434884793143,-72.06460736634561,20.68972400704158,0.009982587031637371,21.49261550433682,0.012736592762414586,21.089692267728324,0.00843884714768244,20.399783509677178,0.006944063412708917,19.971447743140253,0.013130729109099595
5.995240524424688,-72.06459293439839,19.38547207184526,0.007155646794926724,19.925699606592147,0.006650967059196257,19.713944338593684,0.007087467680984262,19.20901336464147,0.007416194299988196,19.00744174051747,0.00829567957905963
6.076003960999418,-72.06457937309814,19.566395885246447,0.0037454871930152804,20.165917599140066,0.003893162179126457,19.878307549219187,0.0031658988906111303,19.404443811870976,0.002971631278975343,19.181507700895644,0.0041441591107193206
5.9924417376819905,-72.06458538315594,19.958652683002487,0.005481502718961971,20.650155205336354,0.0061119193650386395,20.334190471072993,0.005291999892489527,19.757706804439906,0.005250774209852698,19.475981204348194,0.006180515941579691
6.1031440997117,-72.0645587202363,20.01065215292167,0.007427528063234879,20.68812963367386,0.007466617524742963,20.35306597261475,0.006615668362596179,19.831926854678983,0.0055643612015109575,19.556467006496753,0.00660428821481901
6.093723784450787,-72.064564406749,17.617064212135137,0.0020946368661286497,18.061116507697264,0.0017908914938188567,17.883940290084134,0.0018177962026818628,17.49467231664886,0.0019774221740124767,17.355799623733866,0.002400480624061329
6.077895174916956,-72.06456554321464,18.897612377271468,0.0020946853780254974,19.35082806002019,0.002159579928761799,19.116057123402385,0.0018272497690880317,18.74026621781522,0.0021556214355672974,18.592850305223003,0.0028543648606279537
6.038769889604896,-72.06457050843325,18.357525749392213,0.0010462216733824253,18.817778127791996,0.0012415389799319576,18.62192570492943,0.0011176753780120605,18.235109722829854,0.0023177571999478783,18.09073867403579,0.00405803815548235
6.097944591612093,-72.06454599699842,18.990992910480305,0.0022381199106109987,19.515292524282437,0.0017873650876440187,19.276594330786814,0.0018825613374021115,18.845253699913606,0.0020987775714087415,18.67986037723781,0.002848837045136801
6.054414959657529,-72.0645607595791,17.736414930419105,0.010079159731442801,18.161984088829477,0.006049106584984707,17.94306727873238,0.00739546323211761,17.630314111781736,0.009985190207974186,17.49813712702749,0.011102486714173396
6.096110122159669,-72.06454016772476,18.184480498901895,0.0008613442561488342,18.6199125192665,0.000624000467102691,18.469127334278056,0.0006293255710701568,18.070211484417555,0.0008592043523118495,17.942244103300574,0.0015934457193629824
6.079674122554387,-72.0645342145576,18.030696988645854,0.0008121999793303052,18.469954192285194,0.000905746156373624,18.274577259172908,0.0008061580744909181,17.905581879955122,0.001254231203447209,17.78688961758928,0.0016693137202664111
6.087070094281676,-72.06452567000652,19.071490757317992,0.0027699482542663627,19.604399666973634,0.0027820305657773143,19.336333240066097,0.002720029648658744,18.917927374845846,0.003231525016511002,18.72781230676292,0.004002403472316914
6.078979334691746,-72.06452679727578,20.367564105332637,0.005643986724754864,21.100230480273517,0.007424961990546225,20.73826403046008,0.00578435261733478,20.154702716127105,0.004444465590534513,19.784064963799302,0.006834821173984688
5.958476498720359,-72.0645165751573,19.232134223390563,0.005834135706540147,19.705517065896288,0.00480567469871605,19.507510058114235,0.005842241603527464,19.02871686693571,0.0049626251592449905,18.876170525539166,0.007203786269348625
6.092691881168495,-72.06450165977608,18.216713623812897,0.0032252871837783197,18.67663119724486,0.003115805350205508,18.450309244063725,0.003005124680996725,18.09765569204469,0.002717908870633526,17.961774473829486,0.0043805167214046314
6.090499421217854,-72.06450447662071,20.378756361792785,0.00446154096772443,21.13453717570121,0.005555441024115372,20.748399244317753,0.0043323245084257896,20.15324438446188,0.003742657602209245,19.790530153637683,0.004308651963395319
6.0848907902451135,-72.06450905430896,21.369961904107765,0.01057291843509916,22.37086317351458,0.01585615183668477,21.861465378725562,0.010973502650609328,21.046240786352747,0.008391416806351602,20.510504761256463,0.01013587215059113
6.019920277748078,-72.06451188559151,20.628233414426997,0.02862981746078079,21.40347171966937,0.024691644300233146,21.02438540969753,0.020472358123064673,20.38524415296918,0.0184990897626719,20.005742317225057,0.02370092221578506
6.01027280916808,-72.06450185609297,18.760419978772713,0.002700656125004968,19.21880920502103,0.0022983883250763757,18.961077756141577,0.0023540008737494697,18.609625558084566,0.002747856412693076,18.44598673265711,0.004105304173148274
6.090225555221564,-72.06447989505138,20.622782643924698,0.006948174223854788,21.471777603451102,0.00918715974613698,21.059867561800232,0.006116015923050976,20.389100415928382,0.005831689197961118,19.976072677554868,0.005806884287899269
6.074637818249799,-72.06448736130513,18.11607953287869,0.0017033652678601948,18.553755692741944,0.001095556371886003,18.322089999321925,0.0011634358193578318,18.00603318507936,0.0017450810121549146,17.88945487279659,0.0024703066761375776
6.037741954393139,-72.06448358161366,21.06592671562775,0.007811185304701623,21.985113535826017,0.00994136970650901,21.499467438271672,0.00558846931609213,20.73878990482607,0.010470308279177536,20.22447172083396,0.037502779392347085
6.080894341913304,-72.06447590467728,19.465787084077594,0.0034512443893973165,20.045267084380455,0.002874984433563938,19.769487445539752,0.003320507584757359,19.29305771232942,0.0031591955099854276,19.096259805125634,0.004568808817327952
5.973492679775528,-72.06447506227542,21.233632552092157,0.0480366022284956,22.133982093309534,0.06048083638393163,21.612897492353987,0.053219075417189704,20.88478057408453,0.04361533310507776,20.312316797047487,0.047120532747057076
6.125339458757591,-72.06443884941872,21.191874576665487,0.006525667193721929,22.138622849666532,0.012373632264308345,21.705645645626035,0.007136626341064417,20.861995471422325,0.005091247309098916,20.365447830559553,0.0050279861919056874
6.086450528641351,-72.06445006818947,17.977188159041507,0.0015943086658459398,18.4491838355195,0.0010644044449451,18.220076445509648,0.001130870250130573,17.874797427607056,0.0012237689680892653,17.72998914789261,0.0018834936053682449
6.03339878799462,-72.06446190230827,19.11506013379807,0.0040611764072762775,19.633091547474805,0.004964987260435143,19.360808234470518,0.004315229981838596,18.977581399445313,0.0036082780211226084,18.800987436282554,0.008015950515563298
6.0301235975295935,-72.06446137081079,19.804784710401353,0.009502850190210488,20.5822523348073,0.009697825181663679,20.187904521264677,0.008200742266061668,19.54875525126323,0.007854788417154503,19.1844535641376,0.006814380491881173
6.0941885411723815,-72.06444392926498,19.444293763602,0.0041032187785251155,20.039028653536846,0.003818081187055195,19.7422670011424,0.0037902000455340115,19.2828443475642,0.004025681812719294,19.075985922334233,0.003841883321891426
5.98292205543838,-72.06443233066436,20.009672971470057,0.0034788969450000352,20.675856653202764,0.0048319034694349694,20.325891064372335,0.0040001115502354455,19.82440994569751,0.0032663242173743656,19.547867057806272,0.003646836271181611
6.03091464077269,-72.06440659637737,21.53719183941976,0.020375991338349317,22.6135186342757,0.0317486856632492,22.053892229653727,0.02626769165531941,21.14140027630038,0.01710889379210658,20.517278839726572,0.01482448679041633
6.020247815653884,-72.06441665891955,19.63364466532872,0.006998429278953224,20.236486189029,0.00799106569492517,19.920778808207466,0.0049381718082259374,19.473643359535863,0.0036045053339310083,19.20210805022827,0.017900184627533525
6.013905689910187,-72.06440331750092,19.329517242024597,0.0035042849388811094,19.841768101513807,0.0047656761493036276,19.555038075633576,0.0041476088148823635,19.1118939152188,0.0037661614100236115,18.947955778399823,0.006041193896401412
6.072538446552672,-72.06439484480033,20.970817577090447,0.006503133762503985,21.839832019689467,0.010293763952914614,21.393003931417766,0.00557207053447485,20.65486694471096,0.004508048458498997,20.1669819426806,0.006505276044568001
5.994472334674418,-72.06439884818242,19.349017067451317,0.005315675825915658,19.890564424809426,0.00414482005831731,19.593934452065987,0.00425673955370271,19.17873255467159,0.0047226625207996715,18.979350144654525,0.008497884169107052
6.090769074457881,-72.06436528585542,20.483786024341764,0.005408039990778211,21.231307100879974,0.006415739067534768,20.844443561092028,0.004359788187127631,20.226811140418185,0.004937717471573175,19.85127560842742,0.004542665434607552
5.957585816647378,-72.06437056013456,22.12760561164018,0.016035394267716222,23.3971873533065,0.03678688401768469,22.75037375793486,0.01824170412892329,21.684116675074172,0.009915127837370865,20.92948005403408,0.007604537667580293
6.015817557938703,-72.06436020818947,19.850312215819375,0.004053740881389244,20.47952670551871,0.005754120870210709,20.18875573900521,0.004046640877565103,19.639191297836447,0.00444347020918709,19.40963482548981,0.00866318950845571
6.118081464693779,-72.06431242137083,21.181895769834423,0.0067339135646507595,22.119677150317294,0.011185163224161713,21.676654378527857,0.006683789180609485,20.8556954958136,0.00436956536072763,20.345643343254316,0.004673708141156778
6.101766039905574,-72.06430456402403,21.422288051124983,0.007926591476699968,22.379598865645164,0.014805864806515549,21.948193883028104,0.009422498954185139,21.07598822966642,0.007653217760146781,20.4999670447613,0.00959717807738857
6.047559322664418,-72.06432262448331,18.82856124641037,0.004305831558148232,19.29271619494181,0.0044733743919041285,19.060013548548696,0.004610452625453597,18.706001221861747,0.0045246954435180725,18.509395378041013,0.006667592872375133
6.034569629644835,-72.06431922985297,19.34928601288542,0.002604643865215696,19.88252644715824,0.002792886569232425,19.60212504909613,0.0020212661450562004,19.19280233094871,0.0028377897076258527,18.979020973129188,0.007144719628986791
6.006250556422271,-72.06432043054429,19.226158943660042,0.010012628578196927,19.800162820083536,0.009052551789253608,19.49045307125516,0.00906060561693715,19.024627929701126,0.009760520254943937,18.77772320685576,0.014112645163751892
6.000247708124127,-72.0643151446884,18.030384696463646,0.001214485623017591,18.42929660667089,0.0010997688594102293,18.20748837824621,0.00099476771676565,17.885227822940422,0.0015181886833428209,17.78701232397075,0.001943358133188669
5.972106498141418,-72.06432258420615,18.874285830715376,0.0056271637241613,19.339525892873354,0.005929330956922455,19.08100598836957,0.005882981772811033,18.732946713738286,0.007194764120915606,18.594094955424474,0.006710146901945218
6.068058051186677,-72.06431123506732,19.059721389442483,0.002928772570059358,19.581708681130657,0.0029938791178575367,19.349339775068565,0.0027567014194588356,18.91598941425653,0.0027222047640218933,18.722708002837116,0.00272801025116998
6.014951851797945,-72.06430484840976,18.076348739523507,0.004883869954893806,18.502990266544835,0.004249064969475748,18.26461036948701,0.004704197795469419,17.953660468302374,0.0044086337273854205,17.82541902476664,0.008347086726175094
6.0071423752741415,-72.06431759865347,18.417199041714046,0.004286127543427869,18.849389308224865,0.003269469720863938,18.6161616005078,0.004632283477780604,18.306693992604863,0.00522456467160698,18.174162380669124,0.007190812041016175
6.0038371020319286,-72.06431522730117,18.47852349133495,0.0018015454138694167,18.926241978951495,0.0018349320714709948,18.686492853729717,0.0017859110331429587,18.3408488379703,0.0019302130062013043,18.19601687873,0.0025589169017495093
6.117266960915116,-72.06428267244787,19.966565890744324,0.002582349292765032,20.670157378992826,0.003326494404209505,20.296844841279935,0.002243653799867122,19.78752021109827,0.002445909388608876,19.501559553867274,0.0027833331803377463
5.977885821856364,-72.06429073223843,19.533968969467654,0.0037901640061082896,20.185413851652314,0.003193769180913179,19.847726369709378,0.0029755995094981084,19.391696564389406,0.0031282504042924914,19.1869669119627,0.005791789192133147
5.975786272379664,-72.06429884489532,20.388766964759572,0.004099095873942723,21.132730720381126,0.005292239164924294,20.755454249228173,0.0039423257030696745,20.157390998854886,0.0042684786737664125,19.789987813904,0.004590012850090409
5.970536879421559,-72.06428855548438,18.54165428792827,0.00411909365468793,18.998309671957195,0.0021073758520443685,18.794639566159027,0.0028258909048048597,18.41932001925074,0.003977656500583706,18.29399961148392,0.005002311021324458
6.11110488362165,-72.06426197238532,18.99954935676794,0.002685930315596661,19.522913137581376,0.0017650835284151467,19.259690678093968,0.0018103379344351607,18.856560847886733,0.002602537487877609,18.672141080320465,0.004159435271634424
6.071607189216533,-72.06427913953084,20.428719470095512,0.004456337602777865,21.201997457872167,0.005443659602743306,20.807694892367756,0.004054384244590107,20.198136970843272,0.0036053328562779814,19.82564475171685,0.004230401052059397
5.986205623559696,-72.06428060497586,18.141814111548317,0.0019686284686287327,18.56476720411672,0.0014885635477950067,18.33283922170154,0.001514121641697803,18.026375331389175,0.0019458305409969243,17.91564953486712,0.0025181322122289854
6.10737180705014,-72.06424654451936,18.40079977902519,0.009712191607882942,18.876680458383035,0.007916334640219732,18.656069240816194,0.008686459603206211,18.260971388073166,0.00763965155398079,18.12143763923497,0.010660432460733737
6.085627585428858,-72.06426741887206,18.158071558000007,0.001867221618364475,18.580986164202486,0.0013875792833609446,18.368078819962882,0.0015347387566847562,18.04252133770879,0.0017617282614258625,17.924622529124477,0.0022881074014196355
5.981836242098036,-72.0642574695644,18.874763909468715,0.00382789075063906,19.343438743301675,0.0034437634760617663,19.07939888427365,0.003337307860882782,18.744140534038067,0.0035080772888828994,18.601205222014705,0.005487391484420561
5.957570031727673,-72.06424486032307,21.312421711709934,0.00667876634159635,22.317587471148492,0.009758257672337905,21.827693293286572,0.006118846274959689,20.980216837879006,0.00442728655115684,20.429947826610686,0.005007159922013681
6.125576672307192,-72.06421856386481,20.34358633839238,0.0047889641690401965,21.06838142883575,0.007629985234120931,20.69337780367058,0.005466170950387625,20.104950203536987,0.00398432506140333,19.75182286702352,0.004760594775937221
6.116422311791104,-72.06420976326538,20.97983678217069,0.012100683166486395,21.78562438398827,0.015600590674998468,21.41580580528941,0.01544361507163135,20.68528337001085,0.01196752267216181,20.263315698071615,0.012093162591739004
6.100432084301239,-72.06420974997414,19.10407397211951,0.0008505476976546825,19.65049106948313,0.001290343114089703,19.36782855810972,0.000918194427863428,18.95030799081367,0.0011875860696693062,18.780981409454547,0.0017552804500615212
6.094318708959553,-72.06422269952233,21.8695470459358,0.010054781318823083,23.04590071413506,0.02542594319806917,22.526718701532815,0.011449494840239362,21.519058600236917,0.008166720878043161,20.7964393509765,0.00881006113095962
5.992130587449099,-72.0642260750276,21.87585292124363,0.044925554269286294,22.783671358635402,0.05853517573606041,22.29496321400586,0.048820771153236964,21.44600856350499,0.03625780529388458,20.772585206726426,0.037885583238057075
5.96980745753039,-72.0642156358819,22.002080867874394,0.03921734102545637,23.086095644203972,0.05758316270593353,22.515686608457138,0.04297025688834944,21.526414483428503,0.03203929787648693,20.80386225833181,0.026023378974707564
6.023969185424875,-72.064210103265,19.736024215937437,0.014192823131408383,20.31824382342367,0.012150548229828946,20.051887748437103,0.012171027334395734,19.534895694391537,0.02304048518971998,19.30052848358968,0.021304924031607737
6.015424653844664,-72.06422066256766,18.0971737250818,0.0025075922760549392,18.547229627534428,0.00215709867541423,18.3113007130257,0.002409130624485029,17.988597178452615,0.0023672663873090328,17.832103492028224,0.0034653044845379347
5.995511779111739,-72.0642095339473,18.202578589323817,0.0024224965297378487,18.629506320197095,0.0016606902242606747,18.388017120839415,0.0020795603345497636,18.086794492512723,0.0022665149883478552,17.982990316591142,0.003263878340663055
5.968533215799478,-72.06419763057517,18.887072458463958,0.0029739210540288053,19.38490054494067,0.002695948295681588,19.122154815120574,0.0022161503902120455,18.744960804168244,0.002737091363699623,18.604629165221446,0.004991221237623385
6.1027640451735925,-72.06417743974035,19.25704271513683,0.0037635543855993954,19.834692181962225,0.004320402868874306,19.546094893388236,0.00354387920590012,19.10225234868824,0.003808464234855123,18.889145533063044,0.004099074577095487
6.092384937546653,-72.06417146015413,18.949138882632287,0.0038323218077405403,19.464297659535205,0.0031182204803439847,19.198605590406245,0.0032530814608888363,18.797973281555898,0.0034545928542127177,18.63391742981709,0.0038269537198013176
6.063422481994228,-72.0641808672577,20.045712045339645,0.011301234172744003,20.76319203587795,0.009437421364433459,20.399469760483868,0.011637859824223315,19.851984567122507,0.006924649163334049,19.54902865110389,0.012000546263237877
6.037450347722181,-72.06418444512093,21.94898413704256,0.03304013444429632,23.025251638406665,0.04224644646928718,22.552125421493727,0.03148752172283708,21.547362988297976,0.02117557879096386,20.945982126289096,0.029074157060739944
5.991682254476577,-72.06418379339581,17.8145540965934,0.0010992615743819372,18.233851914143187,0.0008708811946693837,18.072029777803202,0.0010351130513466603,17.698061627335896,0.0012434849285041785,17.5939227154988,0.0020234299755355436
6.072154670641075,-72.06416104226197,20.390401382209294,0.004395026984909203,21.161967677349402,0.006219285473864515,20.759782413931383,0.004751158711368694,20.16142378709553,0.004247640771162771,19.805404331085107,0.006020735462914826
6.066234819822855,-72.0641583719762,19.459348046068744,0.008233725105278478,20.11182452181437,0.007167614743508679,19.770916607985093,0.0070597492307117125,19.310487553957387,0.0068932887056257445,19.0409975083341,0.009703179076187233
5.98496454747985,-72.0641468947061,21.096038874361778,0.010666751492072407,21.832172779670913,0.013638590803576987,21.49512876636117,0.011045543761884151,20.72557529221651,0.00926943784862844,20.27462645375467,0.012410437276439925
5.976389270649159,-72.06415932740339,18.17612546397383,0.0015945000524556364,18.622844750312744,0.0011298524794126838,18.3764832947805,0.0013954930110624188,18.049316316699084,0.001945896619704977,17.937254344767354,0.0024460498839049345
6.111684315869182,-72.06412955156306,21.468389032509652,0.009981597354649353,22.567535158205523,0.016585979668133865,22.014924567609924,0.00932577401732938,21.160167936907172,0.0077172800088835805,20.586515520253265,0.007950967894116506
6.092676918914378,-72.06413465265737,19.2440737705499,0.0022164066604934422,19.83728965549595,0.0019204941979101729,19.543736973965082,0.0020307653376768074,19.09233871461199,0.002188018193756472,18.870364891381634,0.004280208671562764
6.089997460262782,-72.06414301969562,19.65602897237976,0.004140729277784386,20.278402418600116,0.00405662916418883,19.962390636952605,0.0035490324077501884,19.494092022086093,0.0031591458194049804,19.257647828240245,0.0063500528585013274
6.0639412293526425,-72.06414644152667,20.542002453268093,0.012012218583415392,21.318006910271016,0.016296404629278213,20.93013467043277,0.013063926998257638,20.287053011675212,0.012007589201385763,19.928607654129955,0.012847232031957874
5.977455088270409,-72.06413098427095,18.133187175226322,0.003380274030924716,18.56290796850635,0.0031846243351142276,18.3328352148446,0.003460143452999465,18.014359893591646,0.0030360216334850715,17.87018619134939,0.011338876838424152
6.01034409235335,-72.0641318471566,18.02445443827992,0.0022029779773355186,18.464708978020667,0.0018305481128540943,18.241096790959205,0.001895914332712927,17.921755894221874,0.002402075715930075,17.794793368805074,0.003130259748142954
6.000227537390172,-72.06413375956693,20.57799017534578,0.007682067842501363,21.349396432645932,0.010525722066717787,20.932020849545715,0.007815903602617994,20.31459939487877,0.006404897378237778,19.916110753571864,0.004868412295170272
5.959563326213826,-72.06410938206764,21.935198735759673,0.013661960343631551,23.095224602671315,0.029019451605931636,22.53719681280596,0.01829942422537832,21.548689099442527,0.011259099824827007,20.862794443149426,0.008828971584746671
6.123289141229745,-72.06410062399948,19.671195095377474,0.0017836810317340616,20.27785390060906,0.0027158302626423374,20.04260142291156,0.0021147682681863763,19.494644354435472,0.0020388233946937407,19.266814769448217,0.002406245053579841
6.097978498742799,-72.06410065332523,19.49547659604394,0.0014224857692892244,20.094306902735717,0.0018717144341795155,19.77559089825261,0.0013823525372695421,19.328422923895268,0.0016669028325364032,19.067835188198124,0.002141246856769333
6.094207524521205,-72.06410919776273,21.526250034489816,0.00837752325928079,22.620287922771205,0.02108915143679481,22.09685440492028,0.010740607900225298,21.16704678220173,0.00691230278724754,20.57047116352983,0.010954366701392609
6.046136769781687,-72.06412184053171,18.347928074807637,0.005060949493903805,18.803632353889753,0.005657392894472064,18.57039477587668,0.005111854715842361,18.248422287420354,0.005335248671372056,18.105295730803213,0.006891326778290193
6.0438144570606775,-72.06411982812173,18.21980849965406,0.0030503765331205248,18.6531573733767,0.00222547457036023,18.436221662698074,0.002385005175776819,18.114427089179266,0.0029109147039610953,17.988891066221314,0.0033011958765456397
6.014327960524447,-72.06410953074186,22.227965207893238,0.09392600840505674,23.420659725766356,0.1636363903387196,22.926309669561434,0.07926892157403914,21.92552109156496,0.07377565796852477,21.218544757207198,0.055944176169527605
5.998420153903276,-72.0641070553265,21.636123811424053,0.029452554313876715,22.743521262623318,0.047752976600083215,22.242404757569425,0.03380532503925894,21.25634122812766,0.033565435820540404,20.52586768657377,0.03840495402959321
6.116742452783005,-72.06409168834763,18.9873284814557,0.0025686994927693035,19.510979877255934,0.0024365206269042895,19.28330468207985,0.002381385057877275,18.847548606855412,0.002297162629578366,18.683165096259508,0.003897242698342797
6.099111315655452,-72.06409587538162,20.797480722484327,0.0041827297473075705,21.628238769751547,0.008191390364772125,21.210048167744276,0.004726953444997307,20.527171956029548,0.004165561019095219,20.090913077152756,0.0034998507331642273
6.091751432637652,-72.06409597231483,20.318787174966676,0.003608794806153713,21.053568504025463,0.0044379772209973,20.66947355679296,0.002955165496259959,20.052525901187174,0.0028300879953280155,19.69410288133834,0.0035562280813082104
6.022395015599272,-72.06410639650804,19.724076917309507,0.005319632524314171,20.299969962957164,0.007057867787601202,20.017745630277936,0.005404086590497126,19.562501847016257,0.004814094434812775,19.330814991697544,0.0062984232166908
5.9854416043862715,-72.06410298415956,18.180896962249225,0.00084863657976049,18.62038831859553,0.0007626513269840692,18.383558543331837,0.0005973220151576947,18.058524717171643,0.0010367459381510815,17.95403158651761,0.0015221735270093237
6.070150863156145,-72.06407837418928,18.3560750948573,0.0009084313553918777,18.81749586897343,0.000984637338429089,18.589300374888992,0.0007177398282884883,18.24162788364083,0.0015126413635281578,18.111328589708386,0.0022906709939342915
6.006387021705099,-72.06408372215633,19.010694380353943,0.0048772209239011715,19.526232919808308,0.00696052384831048,19.268641151587367,0.00405909879980813,18.892865148312765,0.004196473238968988,18.71379987709387,0.00783763354058516
6.00607051600843,-72.06408639297544,18.672108346357202,0.004483935489878721,19.130212022891406,0.005873165915468677,18.89041808776154,0.00487881660037926,18.54884809649662,0.0037751168486951318,18.373612208641838,0.007683271706581398
5.999753252303593,-72.06407883778687,21.716908443279852,0.027356249261199492,22.791644897443803,0.045531697684703915,22.25311889630092,0.03377977915273146,21.343537998945088,0.0231282825487042,20.670787917618064,0.015008336502318432
6.075938197109289,-72.0640716903394,20.68914038257559,0.011376073150942037,21.51840519011786,0.015635274554041914,21.122708697829424,0.01099327914974662,20.441073634489506,0.010524769248059087,20.043954117636453,0.006773894545388425
6.064412693394176,-72.06406706805103,20.342262290545182,0.005983772899279174,21.072155137013638,0.00725417306233203,20.788767904498904,0.0066792799128431125,20.09613267484702,0.006008909998743711,19.751995489952108,0.006298524294007659
6.061699636070827,-72.06407212799395,19.551190477022896,0.008123756665478567,20.172352690110756,0.008260437247486038,19.860636787278033,0.007924512710507457,19.389546251860914,0.008269279695976538,19.137579162453378,0.013578304973559005
5.953757202077447,-72.06406419593976,21.872302747643435,0.013517924861071867,23.02236509069487,0.02596898698741994,22.455248603699516,0.012324839279214404,21.509628809744058,0.008331410280640899,20.81281653969196,0.005122756377668686
6.10168054627205,-72.06404130684427,20.42426013341085,0.0061255120302064515,21.174595250179202,0.006968341371847376,20.81624123313273,0.005536076154293517,20.19315397990499,0.006214901210002908,19.835618962842467,0.007468040150905227
6.067700602129951,-72.06405240037539,18.645875238757053,0.0024383065366398436,19.13829394576708,0.0014967289183336803,18.877160709425674,0.001881740904149618,18.524325632448523,0.0020955088335102025,18.375728487808402,0.003836964492620478
6.02932924020757,-72.06405442233822,17.94322806608842,0.0011977745637082862,18.370038888711953,0.0011642437872641054,18.146383420604103,0.001109742442786515,17.825747943405013,0.001591339912061546,17.71691537423252,0.0026859033548825187
6.066514533823409,-72.06402308622782,19.124143723927563,0.0031916597996372634,19.677157093335218,0.0020736737150273583,19.387839201115327,0.0022070285871090157,18.990851829813906,0.0027797446744876678,18.799051094132743,0.004237774053773303
6.046015086445533,-72.06402911278057,18.27171594618505,0.004863989931313091,18.70377350390511,0.004651816652397345,18.474230239871268,0.0042302734140865885,18.17181458752021,0.0048536107734759954,18.03609122664603,0.005985116869565205
6.020976889438991,-72.06402728692386,20.70829959782232,0.008769657115162243,21.496260196741147,0.00962725600718743,21.088240410642534,0.005987758768204606,20.431491352496565,0.007419256046460229,20.048882141094545,0.011368489275412326
5.9931540718304985,-72.06403752231397,19.271844745780744,0.0022815612588102385,19.804281795313983,0.0019360140984717915,19.512218386518214,0.0018123067230870963,19.118630146521312,0.0020294534383001584,18.944753517161935,0.0028388294186239447
5.958393838620399,-72.0640147203116,22.12507720796412,0.012855515404396754,23.20241118022529,0.02705223031767756,22.64368369997566,0.013583039032746245,21.651128372206102,0.009226766399090652,20.8920991338425,0.011032026243349006
6.087305802833976,-72.06400831360031,21.390280333850857,0.010078329232539497,22.382620265785064,0.016884032163097838,21.864498533276198,0.012467201786844614,21.04161850188831,0.007567235495817717,20.463558320787627,0.00982451088516866
5.955906539598364,-72.06400502564132,17.90493381237984,0.0008197469963176753,18.32996971685396,0.0007331871162377914,18.07770650498415,0.000595047580623394,17.771934610258725,0.0008990075123533775,17.64973601046708,0.0017292247728609694
6.134475300049687,-72.06397176987211,21.83301502609522,0.014814438713772643,22.831688232546853,0.027738903973389985,22.39647218664561,0.01831558040716117,21.392494662324225,0.010364732643345753,20.759663812544844,0.007890639288391243
6.086808277593393,-72.06400058471128,18.80724459952665,0.0010171825094790808,19.284925592223907,0.001161407035969979,19.038408734956896,0.0009074144029518616,18.672051000761364,0.001141169131221979,18.531178217262784,0.0016411203917576346
6.063296364423998,-72.06400793611937,18.933494271558,0.0022829062822978486,19.421202555072355,0.002141208555951817,19.168052502626978,0.0018546209174374491,18.79825752145345,0.002342515764078812,18.63303001839052,0.003406745993047451
6.013510702780271,-72.06400310801989,19.13801238333347,0.003305402162355855,19.642011712319146,0.003732386663622314,19.375187199421376,0.003046460930576542,18.99841742905832,0.003649278487403058,18.814768225709535,0.005010881079239518
6.1115551312191565,-72.06397940920773,20.558788385956763,0.004461737503207743,21.345170038614555,0.00636031785832034,21.00057099421847,0.0040469018244559925,20.31199946950015,0.003831255707678407,19.92301200984985,0.00603974801558953
5.982866959837766,-72.06397829349066,18.127678802142068,0.0011967355890392817,18.542414744875295,0.0011895225658022654,18.37919929032762,0.0012742447437870045,18.006008414244704,0.0014687919704255326,17.892582833631067,0.0018827629008946055
5.9553480098049985,-72.06398393002209,20.667818959869063,0.006894537316213297,21.449804177050055,0.009803848995966235,21.04057476395311,0.007538659276472696,20.384793731898746,0.005386329857106781,20.00567501760014,0.0057922335741831255
6.10708383404732,-72.06396957663748,18.37797421682639,0.005341780910150543,18.82420172438765,0.003759796428723735,18.645444064139,0.004873307215048404,18.243473921980893,0.005684769846501697,18.132843012649666,0.008554320379040267
6.084708548741317,-72.0639657036997,19.256561685725874,0.004556345309050764,19.802314656861313,0.003759408052703259,19.59340301398756,0.004385782273942744,19.112595933930265,0.004404984024544972,18.909227071626546,0.005663021636258172
6.0841454457409885,-72.06396693330312,18.640798696753155,0.0024518596633397905,19.118658234965366,0.0020056741907732694,18.875822252707025,0.002464182027229828,18.52616069967823,0.0023584654776587495,18.3933404342172,0.0031613748868666055
6.080890344250341,-72.06396402081664,19.224597066653143,0.00271631552066309,19.779171172583588,0.0022889354190496255,19.489764488319302,0.0021014479119908737,19.071493247138903,0.002614152486929884,18.89704987116889,0.003818562836957412
5.980493384592427,-72.06396297040604,21.11171609385679,0.010845949010886912,21.92366592150627,0.01740644252003257,21.541770379455755,0.011814859752629346,20.775490891822926,0.009487400879838069,20.30460966373483,0.015216785918774648
5.958966271054694,-72.06396940700532,19.46796219208777,0.002942735429875627,20.06446048602197,0.0031222430261113854,19.72068548455986,0.002782488648463768,19.279078243307445,0.0022950897211316138,19.063123791050735,0.004922945453864026
6.1144869667757105,-72.06395225879031,19.3393131664556,0.0018353645783625268,19.91296567808576,0.0023306534803302402,19.63752629182629,0.002279326796894067,19.17846520539345,0.0019981808962565325,18.98099105367168,0.0023881068714311665
6.087722844797493,-72.06395001835595,20.525197365952256,0.0031892613925160068,21.12109893643735,0.004431883371647302,20.91660575783451,0.0033079437073332933,20.288556218509285,0.0025562126233521338,19.912656454341352,0.0036200801709461664
5.996448302101505,-72.06396656739308,19.90060216532196,0.003761397963402241,20.567986937759343,0.0033126171534448453,20.214789177294854,0.002810102824119699,19.708080590778025,0.0031806201585354538,19.416280489068917,0.005558956595908168
5.9923719349715086,-72.06396651759687,20.59926992430915,0.01684993498669984,21.444356884531814,0.01837894282046692,21.05061027214603,0.01987458318647655,20.351864249113106,0.01192782201791957,19.92764647686056,0.0187963041862471
6.090937085833058,-72.06393893947391,20.074230717462026,0.0038100253469167465,20.76415151471862,0.003940984742277388,20.42764194459557,0.0033180730881906765,19.87196131653674,0.0029665007385081396,19.56654405407302,0.004914000538041352
6.112135553599604,-72.06391245005827,20.104157238588744,0.004138608203424477,20.832458224439314,0.004632704845328403,20.46960374914884,0.0035564902232193153,19.883590387632964,0.0036272551323755773,19.58200112922576,0.006155488688522583
6.088507786332077,-72.06392204912706,18.99271530974995,0.00243057145852185,19.499278600752135,0.00205069531729208,19.244447116520313,0.00209671534781865,18.866851042989758,0.0020832098387350804,18.700809339756596,0.0036411972180925944
6.01418014148633,-72.06393519095919,18.77663474067791,0.008289949386875942,19.285263746141666,0.005378092911348785,19.00897348665029,0.005412541642772719,18.634747297366147,0.0070137013761362174,18.517765913074832,0.007092015947928541
5.996048640789823,-72.06393836662436,18.068360065203915,0.00102416355584401,18.4888904470388,0.0009109987754237757,18.26228349196691,0.0008740217783546693,17.938760057049436,0.0013167641049532676,17.835245986649532,0.0017431043630716967
6.086056035557169,-72.06392141461194,19.154454027449365,0.002563138763179211,19.719912513770254,0.0015688315062673535,19.41254149134044,0.0012351884637652301,19.0041394372346,0.002766595363823486,18.80665866509105,0.003961610994966164
6.049779328601562,-72.06391911318346,20.268594631540207,0.013923178659309275,20.9916290394916,0.014071789023913896,20.61917886727855,0.013027600413391589,20.017498799200965,0.013109892263553153,19.72019776040571,0.011944489627897492
6.003716551667146,-72.0639182060132,18.28558890902291,0.002471934383377416,18.73340801734055,0.0020950327133056243,18.48676648771493,0.002103266597899928,18.174330013489936,0.0024198368933628935,18.04632077853853,0.003626994307427051
6.072900759869729,-72.06390496185224,19.407075184531596,0.0062009363488661606,20.01982069533328,0.0043807497285482735,19.71095904263816,0.004318062059401805,19.266916868870275,0.005211641140090096,19.041285650206817,0.008343262440774038
6.032808306267397,-72.06390616232429,19.19522501912179,0.00532611763165231,19.75594155679878,0.003919643124011122,19.465774297805353,0.004198251550793598,19.072561864186135,0.005609619429550632,18.90008156627487,0.0062577203805381475
6.018731487367162,-72.06389778414425,17.89635990943889,0.0011990805567566045,18.327238175183325,0.0012233697896738512,18.09078008838822,0.001164558876792751,17.773767718149948,0.0014501810519667424,17.670740067430522,0.0017126124575727968
6.009577524932608,-72.06388634246815,17.88413767411377,0.0029428140561811233,18.32215532801797,0.001609938034120386,18.08698830644159,0.002322594253332786,17.789080947533783,0.00218784791033933,17.66041236164987,0.003979489239957815
6.008993497328598,-72.0638870244288,20.983243305159252,0.01753476382632332,21.846814176614807,0.01904613175830359,21.412702722190467,0.015321818188062962,20.659939174495996,0.013613253746536588,20.201883722109464,0.016570222301482796
5.976976210669903,-72.06387953988903,21.665373291037827,0.014960346333326028,22.735766457379746,0.020380101834313675,22.1736160808617,0.01357401076478208,21.271387893542,0.014573236847937841,20.668008893584265,0.013650076728860226
6.039037723818527,-72.06388113971263,20.109406011369376,0.015967159582911696,20.826257200188643,0.015660807207458615,20.462475776966286,0.014392057063036557,19.92368558443563,0.013250553052777189,19.635621140324254,0.016214500278801926
6.0792860550026955,-72.0638647431242,19.550672317847745,0.0035019134723574628,20.146842546739776,0.0034225278124517095,19.844695796910827,0.0030224425442181625,19.390312926466734,0.002868642534809852,19.15232456666469,0.0076056499809011085
6.102174859007224,-72.06383660197018,18.556742622666786,0.0025205581057642615,19.0385793017127,0.0019559220312101644,18.805874246903038,0.0021070681608111536,18.434331234526788,0.0022752801666850618,18.297447588019843,0.003287281425666219
6.0532346520833,-72.06384637861684,19.338282797306466,0.003621791793059598,19.906515563563772,0.0033255116980231546,19.61485575593978,0.0029595819502647456,19.199769526139548,0.0030995648637332732,19.009405468775718,0.004183370201019559
6.051720747259389,-72.06384625999604,18.264316199213578,0.002182670315777796,18.687558809736927,0.0018493121473475442,18.45717868127732,0.0019205641394944197,18.140942716472026,0.0020021185544742436,18.006540562755767,0.0034546292952414262
6.1153432654838324,-72.0638250639013,19.631019807296095,0.00561053820972519,20.273412846262715,0.006021547947397368,19.940670595124494,0.006097735461349485,19.449536309294885,0.00735181647949171,19.224487082900836,0.014787702749762256
6.091710824223207,-72.06382846335208,21.7975793748323,0.024905398665196393,23.034461083137224,0.02625268989008452,22.457584686120953,0.014878891764686247,21.42472389697523,0.017964270821381457,20.783917973833752,0.012709508568593188
6.076421550747778,-72.06383315507007,20.47359471114279,0.004976403462250766,21.23347187963512,0.0059568864663985905,20.8711452754035,0.004060509128405115,20.239847785421524,0.004561870542775595,19.857522076706893,0.006947707698691339
6.057763377222805,-72.06383309567676,21.683675546763443,0.03608263325349996,22.76641489270513,0.06501590955471398,22.185426612515236,0.04652772312243962,21.307066273941118,0.02994709978430128,20.616863861055002,0.03994016570165986
6.033603951592796,-72.06383420629696,20.598773552205504,0.007587791115412259,21.380279198708443,0.01120080423293269,20.973778617963077,0.008622902905486386,20.351523082016215,0.006086668812180463,19.966183443004887,0.008512544860256923
6.014173916541732,-72.06383856452368,17.787929723449384,0.0021226310062885615,18.217633209750794,0.0019965233512016494,18.002809980424722,0.002499376394242446,17.65095516259855,0.0022123914576267566,17.52575632465414,0.0033749046844816005
6.07317613197289,-72.06382750396502,18.567684796830694,0.0032978223742046106,19.039430087849766,0.0022422099822052774,18.795033037751594,0.002825816131176922,18.454820012276336,0.002886096554603154,18.31376125186128,0.004405648600066379
6.063715541657528,-72.063816214115,19.566909976978973,0.0026181761799062317,20.2859776080861,0.0032027433994174606,20.013992987869244,0.002885840527000907,19.47299964922577,0.0030720386483963466,19.22137704254606,0.004013777491572432
6.109845363787708,-72.06380079891721,19.412555379930243,0.0019216982333345833,19.99480830767901,0.0016970150020228364,19.724653918041135,0.0014155899385294524,19.259192689734228,0.0016931391115592865,19.063348817276385,0.0024755608863917078
6.10659020376538,-72.06380307274156,19.67923218465771,0.002911076255891914,20.30025276945679,0.0030264942373928287,19.989311608774358,0.002490489460442381,19.503161977895942,0.0025854151818937516,19.268824686676233,0.0030250892595366703
6.094388213888992,-72.0637976690088,19.978090207322754,0.0030723911008116262,20.63568423340947,0.0034500315228181695,20.356329433212288,0.002867978644154406,19.786156253219787,0.002947520181889594,19.519814587267085,0.0046104259103856805
6.081996895407144,-72.063809990942,18.789607698032935,0.0029205126953437944,19.304888401121076,0.0017518956797707504,19.05139767977031,0.0014379120735893212,18.629709362833935,0.002187902356411269,18.459937628591952,0.0031332819867349922
6.019946982639228,-72.06380709954124,18.62273893717617,0.0014507158211376939,19.0859481014771,0.0011105106729706596,18.84601838396935,0.0012482934814255357,18.500134669046695,0.00177953830286941,18.354613112931638,0.0026879967092362077
6.002819265118009,-72.06381553166457,18.4728613819581,0.00304555814327173,18.924669300845018,0.002750647045610331,18.676558858899092,0.002996195525056445,18.34488034704897,0.004498130302613443,18.218580766625173,0.004799052025405378
5.997189108920353,-72.06380688571566,20.44855828991174,0.005944301140242956,21.201391564582707,0.006710328244284657,20.804241879575905,0.005104556262270226,20.21353213431827,0.005571933804869611,19.869433117558415,0.006788816824185179
6.056842344593932,-72.0637909992793,19.61266176252362,0.0024930101227068732,20.223130481641213,0.0028428407562062054,19.910119045633543,0.002082682431686317,19.45329601457445,0.0023498749920027335,19.22021381176681,0.0031740556834612705
6.029827367673422,-72.06380482629397,21.74383798139579,0.02370541713166981,22.779991817540015,0.0340748756248021,22.290015300275734,0.0269273206195606,21.37234534386772,0.01758004832634336,20.72918106601235,0.010620431239147424
6.027961981775745,-72.06379323005105,22.13537080430913,0.03665981777854858,23.319335105678917,0.06086418635760614,22.690259585944716,0.04558118118239099,21.66063284386958,0.02467721253130451,20.973696596642384,0.02282242653565928
6.021846771339743,-72.06379152112021,18.966367445944105,0.0019208214892800337,19.49105588267399,0.001635234620677603,19.228156985803558,0.0016504865675180357,18.816619539206144,0.002175417083711217,18.651692654176223,0.003318357500562069
6.118023721056361,-72.06376356917417,18.649792048497556,0.0016263466028209905,19.12023214975629,0.0013078360891775427,18.913942581382223,0.0012819967924996253,18.5312633764116,0.001820002490938465,18.385652295135777,0.0024791158957169733
6.058157044964743,-72.06377555219422,20.33129082226846,0.012658142155959723,21.08317458921679,0.01529012595007397,20.72862466717131,0.013398519234892313,20.1304761974017,0.013173561306511889,19.784777298162588,0.016501516186668667
6.053625239662918,-72.06377683453098,21.643198376279454,0.038366088107124816,22.707171997282323,0.0428414522849788,22.182072581717613,0.040598594085782674,21.273176849365314,0.027405047653970217,20.626470551963045,0.019728943346499012
6.098996300516893,-72.06373771977522,19.137059995032384,0.002736865665022144,19.65063464618342,0.0024803477258641764,19.38778932523526,0.002373065084706254,18.986921467252202,0.0022382647484217757,18.805741105890654,0.003703166350079368
6.061797300133159,-72.06375326458539,19.193980063657836,0.004506778489090195,19.734001210634375,0.0031942740049152514,19.445766319960327,0.003186072354117763,19.040121530545505,0.0038905701044850273,18.860890345920758,0.003969559573378917
6.026160767838628,-72.06375678424169,18.001691511743157,0.003085939995837418,18.424100036921857,0.0036901207602674678,18.191871291273422,0.0036693617680794207,17.893054593069714,0.0028746724533479703,17.74801270797861,0.008870138400445107
6.093776713278456,-72.06373368461368,18.82075174436918,0.002892623313806261,19.33219152860724,0.0022219739383570036,19.05954688231369,0.0026404164080438817,18.688278115892295,0.0029013402001472374,18.54180089897229,0.0037286920521778714
6.010278255427437,-72.06374781465475,18.843527678933786,0.0028331941555879785,19.3444114777325,0.0022588933947089995,19.074668956907253,0.0025852625878231826,18.71259128526237,0.003216311172227036,18.530403835087675,0.005478233457275138
6.008456507157889,-72.06373498235234,18.82704885457297,0.005368876984985922,19.276897092848586,0.004819443990771621,19.03588297284721,0.004502850410407748,18.680097867018972,0.005029016319047436,18.539191795698933,0.006507215178062378
5.959972197222223,-72.06373689987142,19.85015637403858,0.002771345972284998,20.525028851876456,0.003076427233918998,20.141051139745443,0.002437789014137472,19.6499575662709,0.002271692796223421,19.403416018259385,0.004920492077747347
5.9891030213760486,-72.06372906643382,19.640343491527293,0.002099811819503362,20.252270710394235,0.0019680396563433278,19.92244771830397,0.0017878111054553101,19.427777019505996,0.0018451485568992336,19.164576613363067,0.002342406980239659
6.086719172289516,-72.06370422505054,21.30148582137193,0.007289352398179766,22.204745383079036,0.01226635793812758,21.808270077211567,0.007161954935096456,20.924493678046147,0.005786859336323539,20.399863692583942,0.004915984015689026
6.023888891550783,-72.06370895575944,19.98371206524548,0.006451850238899189,20.647574664776663,0.006422735730667116,20.298762902825352,0.006683586303334618,19.780363134244794,0.008258302249644923,19.498675767247953,0.011313052165712698
6.051123397930934,-72.063698800385,19.275900861499526,0.004082658417854735,19.775907262073005,0.004496273987626528,19.50477141001776,0.003890703745865802,19.125393432910187,0.0038193752937984464,18.865639956775148,0.012533048327355037
6.034254087578622,-72.06369631780419,18.409641179326716,0.0007047067413196315,18.871465763655202,0.0007346654752527808,18.615222248814625,0.0006450685474792931,18.281888635979996,0.0007656860470123901,18.14494024745725,0.002127380117243984
5.9787730540583,-72.06369178481123,18.267585730115417,0.0008825871969172104,18.67733419353361,0.0008174136968747733,18.46122879909729,0.0007621077694447763,18.14146409512933,0.0011839426327556017,18.036547488886598,0.0016505408995549052
6.123261602521708,-72.06365838238233,21.825577586298433,0.008051404254193054,22.894670033337114,0.01628077829624956,22.390133094641932,0.007446474505969905,21.403124283333327,0.005270849403677901,20.67948602167607,0.004609705907132427
6.064161265024443,-72.06369171663567,18.772357470992436,0.002584664783600306,19.285087643954476,0.0021281421300040713,19.01748348219997,0.002219481667739279,18.64641076050153,0.002227738630721371,18.46973175477558,0.00279469651585729
6.056321756813544,-72.06368782453409,19.91185219045121,0.005470617308598233,20.557167913475283,0.005382849518640739,20.241731222796794,0.0047331634899381025,19.721747186443523,0.0042524550944068665,19.458766897580468,0.00485382882956259
6.011784744826794,-72.06368469635821,21.63532199670129,0.03947454377914135,22.404729623328528,0.0736430607981505,22.195169635814885,0.06912891502731407,21.229582520797543,0.0310588684884166,20.53114745083122,0.021092083503955437
6.057111182217317,-72.06367245283313,20.40329993608798,0.004957040192607588,21.175202722371573,0.00561544255598467,20.813751517031342,0.004074943643562635,20.193133385022968,0.004501133140652066,19.823369157874716,0.004682816689240244
6.026877932497363,-72.06367425624376,18.11056392712184,0.0030502355412274206,18.543828804670838,0.0021320847666143213,18.327049090510677,0.002568916367610464,17.994789005158083,0.0026924235290488735,17.891111719855004,0.0038560506903349942
6.013525090197071,-72.06366787088454,18.596828600557732,0.004758417878027038,19.0533752947374,0.0035969549413959615,18.827527177170374,0.003954257452709697,18.43992809167034,0.007656489530404857,18.286323482635638,0.014875629216771073
5.997356460418393,-72.0636488578591,18.78711765579057,0.0012925416551644187,19.27456165590862,0.001393850810728274,19.011464211751893,0.0011861931580085556,18.648914218200687,0.0016139994378102471,18.505221263072443,0.002391021192271526
6.106158080376685,-72.06360891071043,20.198481541265682,0.003051861891509697,20.9502337030142,0.004130954094928313,20.567297866688357,0.0028651644800500044,19.970890890086395,0.002705704965768158,19.643527860021955,0.002898482899408474
6.099988966526578,-72.06362057177151,20.292141615030022,0.003567023026408154,21.03017612388834,0.0042378484732192,20.681095403290684,0.0024475234418420253,20.063592542132668,0.0025034296233389266,19.73584273047699,0.003319007480967563
6.007982969972908,-72.06362911379092,18.00287502441041,0.002498797127062311,18.432344954530905,0.002315981752924966,18.24240657376047,0.002464054499021354,17.887340011673828,0.0019230637544335378,17.77571736870584,0.0026153693440551175
6.000517359988128,-72.06362073299078,20.41971854589018,0.011031794464799526,21.027470638518167,0.008535058217642815,20.84324368714838,0.008670102867355395,20.174525165236403,0.00816381418578959,19.80845839217367,0.010415063367342188
5.95535849600733,-72.06362133936967,19.947551280832226,0.002964796976529901,20.635671581521173,0.002676792325968303,20.29064971347215,0.0019550794197449794,19.78446743673816,0.0019474322641561716,19.51023219141554,0.003134176630485315
6.0621310846228065,-72.06361506300031,18.229303961829952,0.0013502218174002384,18.672601812938694,0.001011376110775922,18.487054522594576,0.0009153324701497152,18.120833840327748,0.0014709643785245099,17.998697447649853,0.001746519080922203
6.048474493545166,-72.06362281077789,18.786283291452325,0.0029230112806680705,19.268228941557716,0.004456546404087757,19.01699461610456,0.003291428755017576,18.65909785124625,0.0024219596944672584,18.504313776725176,0.0031668709952220224
5.975294297914993,-72.06360203892595,21.05324283975231,0.009718571792854187,21.940344945695117,0.012781620363004806,21.491981415893406,0.008789550793004596,20.712531719115425,0.012194397622932564,20.26318754871383,0.009478614426421918
6.082605832779079,-72.06359715872333,19.186295032227232,0.0023490181437945123,19.743057841480606,0.0016946827499709403,19.49213018610078,0.001970104203192171,19.051759114924934,0.0022285272772491066,18.848518133055613,0.0028242838701484467
6.063063044679093,-72.06359245805194,18.124280453154068,0.0025238745901314482,18.551244795758556,0.002376943963698336,18.336055205113958,0.0022502869668676517,18.01038218476078,0.0022851763683114164,17.887153654133982,0.0034815435540944345
6.049670087879312,-72.06359804381007,20.486181922369294,0.07695751932912633,21.105448741878945,0.07231123851976547,20.733564580282973,0.07746755038627902,20.173069613597818,0.06514792760136005,19.858098916125932,0.06328433396325361
6.039367655174907,-72.06359447559518,19.971028156288387,0.005288113879789505,20.657700371207063,0.0057322937281143035,20.314413985849384,0.005000854456275999,19.775625430998737,0.0048758088477259326,19.48707597301408,0.005589643930054685
5.9830434178671075,-72.06358962708566,19.17236219505531,0.0035949011434601,19.709483727417762,0.0036258646855294903,19.415168952277497,0.003817688056103225,19.019858161956634,0.0035243082366019944,18.845651311479394,0.003786241206866135
6.107349823919315,-72.06356670575899,17.878708077124553,0.00313355196642281,18.321428895530033,0.002661457483976305,18.08692413560547,0.0029125694834287066,17.755272065123734,0.0030046035848536037,17.64211782948359,0.0036991779901187904
5.985865495468001,-72.06358472546462,19.385327310074107,0.0028818286295872225,19.972409590569313,0.002324965009994973,19.651537091422163,0.002315950676576111,19.22303172083914,0.002346840888184353,19.021638394663533,0.003363446216829645
6.100399007328244,-72.06355471339485,20.92731787002548,0.007905462439968189,21.801582168166753,0.010122293489379038,21.4103169655598,0.006794244213581269,20.63272549601946,0.006097838124969239,20.174792982166572,0.00656623839678911
6.0857219479332345,-72.0635656460724,21.77721890105538,0.011532528582412167,22.897026311659133,0.02335460664975391,22.357146322927086,0.012631670172952858,21.44621747223239,0.008422548106023489,20.77961575231965,0.009422980116912
6.080594587127691,-72.06356999524071,19.475417207432745,0.003305518735598954,20.08643979432329,0.003553242859742216,19.825859287126214,0.003863457351643814,19.324227770809912,0.003358502310160526,19.095067257303377,0.005837999172468266
6.0083690706270465,-72.06356961428268,18.884722990261277,0.003114095634839916,19.36435411838073,0.0033689949669814816,19.084725468981503,0.003066695065292876,18.74570686383158,0.00384611652457178,18.58126153853518,0.004994043620889267
6.005526424625613,-72.06357673273365,19.521079042224063,0.002887850564755698,20.125570829210737,0.00292867640654954,19.86112479128294,0.002774622881764441,19.36071646569212,0.002543728958475731,19.1268716347232,0.0028373293137915327
5.977495495783443,-72.0635722943917,21.06150441434468,0.008314069700355226,21.970344592260204,0.012060475354521646,21.548211616593797,0.00918297730767112,20.738051753959965,0.010362945434283358,20.25026210297134,0.01267667041341433
6.101900330886677,-72.06354167820665,18.5808483383523,0.0008396244285744636,19.037926782467586,0.000829348384575957,18.79735483457584,0.0006315372499049125,18.450247249193687,0.0007971160842701069,18.309424967164098,0.0017429019172245013
6.1008062605692714,-72.06354756661281,21.588787268265083,0.010293621408082442,22.653965331382047,0.019612165264169742,22.176297444762938,0.011449363218655006,21.264050576144506,0.008058840154552278,20.617829019420995,0.008369760671916035
6.088096840644818,-72.0635448839204,21.54839569746635,0.027164128466339903,22.59330677844771,0.017921222483676568,22.143302562174263,0.012293758198111123,21.209760528485944,0.012987533182436601,20.60981912359405,0.009509611296748812
5.999955189867974,-72.06356055886512,18.739841540473943,0.002765075551400757,19.214545607126077,0.002339091139147447,19.00927089618463,0.0024919847826712143,18.617149906392413,0.0025318827022672913,18.465283254727474,0.0036848348551220475
6.127822156513181,-72.06351671818535,19.701132828166354,0.0022361444880396333,20.336943889057267,0.002781026215500239,20.02557032311848,0.0019390648887078132,19.525875233974254,0.002049859897782723,19.286047935751725,0.0025566548636798718
6.0924363573262275,-72.06354464364915,21.115463652454,0.008898343919509262,22.029505980219703,0.01308933610115125,21.573361792402657,0.008030808344467665,20.798630207317203,0.006753576090768448,20.338365250471917,0.009026365346715557
6.053249618907503,-72.06353943188167,18.47215556286888,0.001989897470195771,18.911924730743323,0.004851892536021503,18.682625027540844,0.0054836010942057286,18.35141511848027,0.0023149396955942743,18.22931267505531,0.0029374535786669044
6.094171588860427,-72.06351700470238,18.88142746147253,0.0022969066115685753,19.369784687379465,0.001970811335070583,19.122549031026495,0.00183979029365766,18.7463209795825,0.0021155003994458013,18.580899174404337,0.003981303834176224
6.0772261553154046,-72.06353286457458,20.131840573716577,0.0031078833456985276,20.829740678969628,0.003981738309856573,20.470932073262766,0.0029678739612042197,19.909453977956694,0.0030751912206899994,19.62460328074409,0.003377063011109697
6.067076956607318,-72.06352223327698,18.42791854198907,0.005422406333258336,18.857559047488394,0.006424246989942776,18.68641433637992,0.006230119306171393,18.309626879065007,0.005459253798696031,18.180873719442133,0.009042587236728522
6.044750022588672,-72.06353424413602,19.697045273345868,0.0037238569741493968,20.31821537987736,0.0027632640460306117,20.01204381706271,0.0026019626672560093,19.524152124392273,0.002946110547458293,19.25633176381084,0.0035324130644474104
6.038078260594596,-72.0635371120232,18.29792289454168,0.0017913767335308711,18.721841637883195,0.0018935676714059032,18.49524325971923,0.0018306361350261932,18.16821258719215,0.0018446722854368793,18.0579505601634,0.002402074083890833
6.0180550982229155,-72.0635398300177,21.332149786669337,0.030413589680224083,22.337420343226178,0.039134034355032106,21.923251171524747,0.03647758634930456,21.022699233322435,0.023871086553457807,20.44188258464935,0.029361609330864877
6.001782693511088,-72.0635120573173,18.948378729061158,0.005139605473927544,19.466045902445053,0.004813627318586924,19.200959608300202,0.0054533451171364725,18.801863374913808,0.006481054787449263,18.621101633484727,0.01064375057749141
6.116787018153926,-72.06348627008315,18.425077253567853,0.0014395892105258995,18.863653544285206,0.001256868889942824,18.643804886679582,0.0014167365598933043,18.29593210501728,0.0017794706539239643,18.179142325778933,0.002820732195500287
6.084116671477813,-72.06350203376579,19.406943395439985,0.009550368019815784,20.005177340026904,0.007120292022320999,19.75778390491385,0.008405067989730102,19.238405506745963,0.008490756895890406,19.010004388156318,0.010466124643638296
6.057455419553139,-72.06349675383294,21.2314490037141,0.011017975905153734,22.152946571045725,0.018638705433269127,21.72165012259,0.011132679824852791,20.903139159025272,0.00858650247304689,20.314285698157683,0.011613841880356855
6.019130101338274,-72.06350405977653,21.901924069386215,0.028375193473453766,23.13546653203845,0.05963430622141141,22.54510782830787,0.033739904085736946,21.525102379987956,0.03305174176873827,20.87313335396876,0.023817845520146947
5.986513459439734,-72.0635079704809,21.190678535383537,0.0100509808185447,22.120951986897957,0.015753301195482707,21.650990780669275,0.01068229432224106,20.88018576468658,0.00864402227642965,20.38401583527677,0.009915266681954483
6.092922187912085,-72.06348921908311,18.514107182320448,0.00169276312830277,18.974360339645308,0.0009766027052073255,18.777067567770295,0.0012470990568715626,18.38811270700836,0.00188443547614814,18.244405579436055,0.003287391891308116
6.076416158728534,-72.06349227013497,18.656036649188476,0.0017768629216673036,19.11567178606306,0.001095260216752305,18.875029669062265,0.0014546847633692378,18.51835178136254,0.001867362250453227,18.388301701779973,0.002181098953556771
6.048187371423607,-72.06348713872981,20.73155167544306,0.015769095019754865,21.45837356409848,0.030326570893790282,21.127828120493277,0.023577376983641977,20.44252527128394,0.011865409196705723,20.023339893828364,0.015811311612615973
6.029960558992076,-72.06348760835877,21.950394362079845,0.04256747941904126,23.110471964943436,0.056713943970135315,22.56725317753682,0.039614074585691945,21.450469189559655,0.031180434433573254,20.81233140859714,0.03325914773111713
5.972859021083435,-72.06348164765782,18.750463987022865,0.0027229671988197447,19.218541880107402,0.0027393081747714627,19.031679195133307,0.0028397619457247152,18.61150863881376,0.0021290500151509113,18.47308327361285,0.0023953020014492628
6.095656832967198,-72.06346653229619,19.789183564349972,0.0028744024005009014,20.432635075763997,0.002698497660477169,20.112581845702238,0.0021509571131828726,19.617566278202233,0.002366188956917139,19.363757191727508,0.0032612044397153555
6.084551789249809,-72.06346601135579,20.380190978082044,0.021562189453423246,21.100775631383982,0.022027171293730483,20.733916244536722,0.021387826007097325,20.141284816853613,0.021570648212817005,19.72127755444256,0.020675715113767087
6.07303853880029,-72.06347442324756,20.099758665709803,0.01009219032244614,20.773150135442236,0.010055510415074376,20.435820787263815,0.007849575358026665,19.88683122940708,0.011493678992111636,19.59808259817929,0.01252505118130815
6.062735562217927,-72.06346940653094,19.523928322529517,0.0074110207811842275,20.13046093753111,0.00808603119050331,19.83900557544817,0.006970460391701116,19.359814758970202,0.009429704816369388,19.129837185965215,0.010076100107077098
6.026649974187313,-72.06347779742845,19.051370516596645,0.005945517060465083,19.559879558627998,0.004732549304242704,19.276456417478208,0.003970456381609559,18.909203408648594,0.0063927714647535406,18.73831765203439,0.00946187625604883
6.088487787299931,-72.0634516457559,19.099372936938604,0.0027985103459200475,19.64404149552435,0.0027099026305065295,19.42244655482365,0.0026173348239752372,18.969444953053184,0.002391841100869532,18.770252312105697,0.0029625437335303283
5.998663668972776,-72.06346488056447,18.050648556593078,0.006193825147195258,18.476558848877218,0.004812687205248618,18.239819620697773,0.005860816050534561,17.937296656253544,0.004956821009960398,17.83218231103551,0.006142521280478014
5.970660035618555,-72.06344860006509,19.2455657997091,0.005773702177579255,19.71888010020885,0.00560413796520284,19.504184969325166,0.0051408505075902795,19.081215359839703,0.005061843224450204,18.89767908221392,0.007261126295807627
6.078181955863401,-72.06344476596252,20.904409275858118,0.004633874628545982,21.746477512051385,0.007320158944009422,21.346686974693128,0.004451473537615436,20.603251262419242,0.003508484723117195,20.1569836468531,0.003630568444307041
6.056326504837074,-72.06344269576444,19.366142079424908,0.002670838714065164,19.93439660504709,0.002457901579861939,19.64423564826425,0.0022943257160115546,19.212763566706897,0.002524318867751291,19.02063825037377,0.0033151060517343403
6.119693637230861,-72.06342198386649,20.895950442658876,0.003318848551766073,21.680482259790963,0.006106270913233774,21.31620286895334,0.0033687133909376635,20.604639120615424,0.0030582837100374964,20.185034158453163,0.0029168665979428755
6.114037304419222,-72.06340959482183,18.39853277521694,0.0027727895064844537,18.84690828544359,0.0011904362157655814,18.63816518228588,0.0013506422300643267,18.278698304205946,0.0023790585848621256,18.15913418795479,0.0028253160634103317
6.102572039473049,-72.06341596972725,21.046148464780703,0.010646699320594416,21.971509056461358,0.013566286565586085,21.504260417000403,0.008945232773308113,20.71715940716122,0.006423628651498938,20.237298275503868,0.005745124410120932
6.1006892273110465,-72.06342570833598,20.379722185378117,0.0033630069087281322,21.125777712229485,0.004027127005208456,20.76971215087611,0.0027572747793220085,20.15032677494527,0.002823806594229432,19.791174905014707,0.003939961002846039
6.086966339363253,-72.0634360787846,21.621318850292273,0.01488177230766239,22.606033460643616,0.024254190654775867,22.110397301073775,0.0184786331866529,21.26509194430892,0.01018915335588815,20.645393368804,0.006922260427976227
6.080978993061903,-72.06342325774997,19.112655220608996,0.00171772520893899,19.66781979602831,0.0015335831502388843,19.43473884309028,0.0013062238967003962,18.974353435193308,0.0018040006498210982,18.78689146986528,0.002414706935922829
6.067028253468935,-72.06342474548046,17.83306925128456,0.0008641353668378384,18.268919656715163,0.0007537705930521722,18.050399513095655,0.000787425078410281,17.71299944467963,0.0015917674491411125,17.59052185102312,0.0020570779973398214
6.057008905979296,-72.06344068566217,18.217616570165948,0.0009475892145355037,18.658373626040053,0.0011148110738113811,18.43196638424353,0.0007545722555763379,18.10378433924525,0.0014450469976527466,17.98905056003359,0.0018704358915217303
5.997230588304866,-72.06344023419756,20.37802847577242,0.009444730480279998,21.01596931985874,0.010454768659274275,20.71029714790936,0.008671475274763108,20.139201937999886,0.010146201739638962,19.814244188638988,0.013167275373416765
6.1046902158885725,-72.06340342333954,18.19516471380229,0.0028584570614001476,18.630886417955097,0.0016640677469481329,18.408077183472237,0.002323683201339371,18.07843006868236,0.0024731975013040737,17.96634196870017,0.003619192143129946
6.061431086210996,-72.06342478176524,20.025646372985452,0.004790960656463141,20.702817025900572,0.0051300381247609906,20.361000826907635,0.0042140887156364585,19.8437532403873,0.004730155740968141,19.489394059837643,0.010770878400126775
6.019501106316925,-72.06342460649063,18.896448378918034,0.0035612356463985157,19.38732241993408,0.0032675027979010706,19.119708105537455,0.0033901387376463962,18.752276866306232,0.0029587905165580322,18.58557938734885,0.007287585246828143
5.983830816495471,-72.06341434937833,20.473100351990215,0.010265116361264856,21.272061200979266,0.009802073953433986,20.873154232007067,0.00876568716010417,20.241747704065247,0.010006941826875854,19.87924820350866,0.015411082032883109
5.981847707382036,-72.0634217596976,21.146562027320567,0.006808783919912187,22.015530932284477,0.008969184979063764,21.649535753934593,0.006426552709297368,20.8216886895803,0.005457501657184451,20.323427739717154,0.006045284466794385
6.074303101671825,-72.06340134467794,19.653512650169237,0.007743037943222881,20.322299946129803,0.007625754881634243,19.98465362354937,0.006829264840191097,19.4954540357109,0.008141447777820837,19.22830132253437,0.009555731339956889
6.016618765061739,-72.06341139666745,18.833863167983477,0.007706625301026623,19.32426037542926,0.00529978334726703,19.051699031532344,0.005085663867116785,18.695883269907036,0.005697130564983559,18.542362171724328,0.00516884055188211
6.020713036769932,-72.0633954210544,18.248872468592754,0.003061841268011501,18.702352158956487,0.0024279671390130095,18.460399743643457,0.0027200344921107446,18.128260775381058,0.0032354519221618793,18.01066056019601,0.0035816853752813076
6.003573188982423,-72.063386957404,17.886874707927365,0.001426966686229396,18.29405497803075,0.0013886379210888025,18.06149309468224,0.0013750654323644925,17.762132678339995,0.0015687886564240805,17.6504988909532,0.002212286298381516
6.089016860496553,-72.06336517247829,20.162437583156024,0.003558891220789979,20.88153491472586,0.004109567433120291,20.53096203860413,0.0030128446650652973,19.97707232806149,0.002724811659920705,19.67184527539299,0.003613538434396702
6.0727703127040344,-72.0633771507861,18.93686419558428,0.0038187442214985823,19.46395059225091,0.0025837367199642103,19.17963977342859,0.0028317089018211825,18.812418978148834,0.0028749949299558793,18.637207898354752,0.004871896308571273
5.986223782412774,-72.06337080476122,19.0069103836659,0.001230908941569291,19.522210573292867,0.0013413565289556195,19.292111078716125,0.0008902133695803506,18.87221427849694,0.0014415752256634142,18.71620230671126,0.001811978116302254
5.98020210884771,-72.06338087786823,18.70428752336873,0.0017554297182084879,19.201997792611586,0.0015982249511629037,18.92442892917088,0.0015249571451281866,18.573278894355212,0.0019750729222108064,18.42431374036174,0.003992473947657279
6.0958596340746976,-72.06335427751206,20.510064550210654,0.006502111156383615,21.30989889660178,0.007837417656911417,20.903031613172153,0.0058621459754968665,20.243079856100636,0.005582537348747481,19.85107902344837,0.00741758172527769
6.093933495807316,-72.06336368331533,18.152405278985686,0.002428396952097914,18.59937741677969,0.0021918812287174934,18.370382205509664,0.002446721756204884,18.044319105155218,0.002537706417760874,17.92486716975865,0.003273225761869065
6.054138861987364,-72.06334514467531,18.90574081710191,0.0031229396113550685,19.391825319297325,0.002530413786174897,19.13707364176681,0.0030314902362243027,18.771316107383207,0.00281734461301886,18.61162935514183,0.0031641672513276126
6.034354513743993,-72.0633512381802,21.247930412885413,0.013256935869606915,22.15866015359083,0.021458205434738316,21.74107509776104,0.013679920443486378,20.8570680485156,0.011612584708398163,20.381088064341355,0.013753965037602048
5.985230007363404,-72.06334553412161,18.18925473349781,0.004957978066625592,18.61790568420173,0.0036475703776782217,18.384237757120474,0.0035935446753699654,18.061178257878503,0.003525707667894682,17.948469146696816,0.006054083584856441
6.093531621519638,-72.06332856440277,19.43540092305196,0.004964805604110973,20.013544301941415,0.003571470127580771,19.70663961746842,0.003349238686456096,19.284629961136943,0.004000544391358508,19.09814706073727,0.007407896379390707
6.067683186019304,-72.06333153217172,19.17526784357948,0.0022593889152892066,19.666082773812676,0.0021397019111435932,19.42484996855444,0.0023691645589795727,19.027122961836824,0.002281572158152824,18.846163288576676,0.003724479461129758
6.006718870253326,-72.06333235314298,21.61353773267498,0.008404124273911512,22.633011506548392,0.016992880186107368,22.136494893683555,0.009381944378378663,21.233369078095336,0.007657876285536933,20.62675309756279,0.0057561083545847455
5.990181388904155,-72.06333818429998,19.516157070260082,0.003825199487152881,20.086860250376937,0.0033595368487724896,19.85799279719304,0.0040353970373254635,19.349390620033155,0.0036489014591691623,19.156641081001922,0.004120602987699077
5.98979970673398,-72.06333355227112,19.71816340005954,0.003141681195558204,20.371639575962135,0.0036356522532640114,20.017824443299368,0.0030344151115590584,19.52938774686818,0.003597632015394515,19.27926193728205,0.004173558342780989
6.11915606149804,-72.06331052454553,21.775109539600262,0.007624847075449833,22.876038832648902,0.014979247647673595,22.384607039917704,0.00811508910998254,21.38231635684552,0.005323227361004116,20.667020950345183,0.004383456625339528
6.10494012579922,-72.06330741260417,19.53614411518848,0.004284803658937937,20.176538295608182,0.005159399775312551,19.85893303683715,0.00446716325711012,19.364947036915957,0.009010491907451776,19.086840981342334,0.008210836853106335
6.102512118296961,-72.06330426179937,19.99466386719347,0.0032837777013207605,20.668488909565347,0.0042992897504975335,20.31464123573133,0.0036045351794683606,19.794465989268033,0.0026792493453225677,19.50702636137631,0.004141840010173076
5.991771678518596,-72.06331652634859,21.485104927008326,0.021628939027901986,22.520461780548466,0.03578244931376486,21.989833817386987,0.027139356974806364,21.128164188503455,0.014683380168714124,20.57881258513281,0.01054350715442393
5.991014989680367,-72.06332469959867,20.310060312351563,0.006834927748226561,21.0474541000388,0.007993035460950074,20.649048816131888,0.005978373390504308,20.07376890189952,0.006864475250431679,19.729967172854323,0.00869449726166893
6.096570669696933,-72.06329647525541,21.796528814373584,0.014800903496957141,22.954313086192656,0.031154462473786497,22.361397721669185,0.0184436445430675,21.40292505587464,0.012482829526556525,20.7208075481716,0.013784490252798978
6.064305527940311,-72.06330175055083,18.058637116074937,0.003136509660362662,18.487293129695814,0.002674264603353733,18.263809246458607,0.0027408705229432138,17.946502009465654,0.0034392593877241575,17.825122976730633,0.004170001035202388
6.032770327836464,-72.06331250913526,18.930394799102576,0.003992381388098004,19.47200412065012,0.0035995917939474504,19.200883021619312,0.004131823232477626,18.771598314140746,0.004185755534014876,18.565034488719185,0.00876802159591096
5.982166528595312,-72.06331447041457,22.23426048327055,0.02442481726640376,23.51038302706769,0.06422820544499411,22.88588620675656,0.03582274185961276,21.81864770068325,0.02078795178039427,21.084572052634904,0.017924483617029124
6.084344727989395,-72.06328986667387,19.57077827985994,0.01264766805593862,20.207791290358827,0.010956940997203464,19.875186932501556,0.009009604083542112,19.386620430720953,0.015325656272856198,19.146302209774603,0.02486213357915568
6.07641487444715,-72.06329922894368,21.66626877552908,0.009323930723250873,22.75704785097644,0.023534924233400395,22.287426519562125,0.013447219999885313,21.310795252266885,0.007563500618781132,20.686785680413067,0.004641913403371769
6.062600578970201,-72.0632887762585,17.8036929146045,0.001841704340437907,18.221148264575262,0.0010283778965992619,17.975790552378925,0.0017385686838071628,17.64474353434263,0.0017381092869614334,17.557391525297177,0.0024274290864194537
6.015091532795476,-72.06330380071688,18.173184426351153,0.005312428931875376,18.60826459780354,0.004293117760553925,18.36929548032949,0.004933760535308493,18.048867607322634,0.003983610771523434,17.9189220498292,0.006959301150137131
5.967131718259309,-72.06329225041146,19.771766514111615,0.0030988071295318027,20.39656896995176,0.0027680370424452735,20.06415137383115,0.002734356438537991,19.568395495265527,0.0029709891451826626,19.327581390124095,0.007069005128381384
6.104066474803866,-72.06327355968477,22.137847824427713,0.024988261829793114,23.297504604455327,0.05817544072466785,22.77572810892717,0.03457086135375906,21.684912219936997,0.018735709408528,21.051997110825603,0.013911320947920578
6.046481621929099,-72.06328454113857,19.096891246984104,0.007677388814686315,19.598603818791894,0.00493643002922359,19.338602040784146,0.005493276848042756,18.971346679931457,0.006399365844516584,18.8028802189546,0.01123285840086775
6.045730491859328,-72.06327692790882,19.645798055407443,0.006797357963784248,20.2405496092224,0.010032876791643013,19.922779875645958,0.007953125714129384,19.46029546493505,0.008606102376380704,19.19042370459114,0.010218839621126267
5.999976162912293,-72.06328345379855,19.367452317371903,0.0047835040706909445,19.909301823894374,0.0042641132089262495,19.612659705457055,0.004191303460222846,19.187987978927303,0.0037928736795868187,18.97048225225671,0.006690094418889066
5.9930664832473015,-72.06327263975092,19.39308612402377,0.004368718975885544,19.932218694517267,0.00340758035655466,19.638789941278723,0.0032866033186753703,19.232263892353338,0.005651223770231981,19.02508102081415,0.007331356892460482
6.071180220090961,-72.06326728077995,19.554009177471134,0.01100339924884918,20.167802868650746,0.01404389765927739,19.85306406918206,0.012233174860118495,19.396097996844986,0.010308206844307163,19.14089437475691,0.012315080109731775
6.066731696369301,-72.06326695766651,21.42035078216291,0.016124412060542475,22.440407143993127,0.025512028072722993,21.967753156561024,0.017391114341263204,21.116105095300497,0.013137794229407794,20.500338276479475,0.01764254923570001
6.048167337020447,-72.06326977264231,19.147710643143416,0.0034423039651480343,19.668767069415978,0.0030427718150031246,19.38971746959006,0.0027416776954568537,19.013399728761797,0.003161112576648344,18.829641114832924,0.004355034175260651
6.047876591339214,-72.06327356000894,21.946834496295214,0.08034895111805233,22.843213623608435,0.10377131484602309,22.285940973921363,0.09610180229262764,21.367863314116512,0.07278300738399349,20.68104616346725,0.05057066844069085
6.040016850523294,-72.0632585224741,18.167036138888417,0.004835289822722533,18.61451191622659,0.0030111915800676457,18.381596448371234,0.004438617484139132,18.05496855148128,0.005612056436121483,17.90958737340828,0.004912640075004842
6.0393903146443915,-72.06325930634459,19.271227320701218,0.007822458218515108,19.817680205840475,0.005995851540093165,19.534667428769573,0.006033733623979185,19.118858477580986,0.0070701767403385475,18.93143405066356,0.008779878445285367
5.996502297810678,-72.06325971212425,22.23577090979992,0.032247920960734984,23.339087189951286,0.06113566393841202,22.829374387562318,0.04266688630217825,21.807043210585093,0.02336563407059371,20.986734145099526,0.029278810125231456
6.103646607849879,-72.06322985432227,20.337029635848207,0.005678650850162766,21.06136267061246,0.00656123482810365,20.699826097809314,0.004388352011190817,20.10541268283754,0.0053184349746380885,19.758671797674737,0.006128527557144396
6.078013465376731,-72.06323871226401,21.500316513753386,0.0077338835405349905,22.480491987694087,0.015698385507625725,22.066449707720516,0.009210992156365767,21.136710389219218,0.006305451723596573,20.52735657758099,0.006556717028438698
6.073403069475097,-72.06323327754599,19.360177115920184,0.0030374896948848597,19.954834010535677,0.002492937998967988,19.6395501762806,0.0023412008584372136,19.201036814132877,0.002667322387518751,18.970575662277476,0.003951401675960407
6.063922389368538,-72.06324649832688,20.689194395260163,0.009496860966299817,21.458236466567797,0.011006492352761453,21.10021693456371,0.008230001631274358,20.421568067581283,0.0075229204706841165,19.976809831944443,0.019216366555999047
6.046067166440459,-72.06324135889922,19.877567541273,0.017176456341389663,20.602028799510805,0.021348087272756628,20.22352952177559,0.01640875470615613,19.684189422993533,0.01634054485897053,19.37188149371731,0.030326695780740848
6.067260068010883,-72.06322646800632,20.375690956746933,0.0058361337274574696,21.146635484623204,0.007501156167638159,20.756522078096353,0.004907552865646516,20.16504670504235,0.005449970745305569,19.78878175423919,0.008610830976725159
5.9868968411269154,-72.06321735419088,19.421444372469967,0.005591275585123445,19.996435339089835,0.003272949868897041,19.686399824238414,0.003124888488337889,19.243691362836977,0.004558221150953271,19.001205169339634,0.00796014723385477
5.9827648236871145,-72.0632238019786,20.017538654528526,0.005503446406263775,20.690744211243775,0.005305272599655951,20.35397367955433,0.005491844861115347,19.834918630049806,0.0049645202759080465,19.533884615522815,0.005828421358101517
5.96584035947029,-72.06322018028524,19.303081518219816,0.004930545039041715,19.815750151188567,0.00347826986526213,19.555128440917976,0.00342222235538219,19.142059304873854,0.007270888659037767,18.97956450604501,0.010714605471331464
6.055420814845677,-72.06320543004395,21.211163625400143,0.022146144183791964,22.179733259683097,0.033981281603144696,21.764778711944977,0.028597419226285066,20.799509247111587,0.01669444707163278,20.1319572020141,0.010463913739839745
6.099763988434736,-72.06319402943161,21.251089671603086,0.004881301920897821,22.20659422857058,0.010180228277703172,21.791506891828128,0.004847932539578591,20.94445999025151,0.0035934385084727158,20.399834993940466,0.0039181963158891496
6.068302035197098,-72.06319692197562,20.387827165539978,0.0067794405468017335,21.128172629573932,0.005275685550360711,20.76350932139971,0.005161391778161412,20.16596540327668,0.0065571090275018465,19.83782996889981,0.0069590894659251265
6.102535191195707,-72.06317105260473,21.281052867795868,0.013853222190746603,22.193647615819827,0.01737011045117171,21.741861433449117,0.014502127677750243,20.942283165170224,0.010148556032292304,20.406168512966715,0.013029946734332746
6.10172208204766,-72.06317447288716,17.86067276499215,0.0029473444274696983,18.28230209227813,0.0020700966136383086,18.07079283354163,0.0024432358855989472,17.744093944204472,0.0029039738441628176,17.637782153000664,0.0034196091475312885
6.0071857679325396,-72.06319182484435,20.4942702694941,0.01243855559693576,21.265848267274606,0.014546563150040947,20.894595812768628,0.01321128626684885,20.246684662639623,0.012070095496346854,19.798162230271537,0.008233241626588594
6.117921954963291,-72.06316126834547,19.718736739742614,0.0023343186263434924,20.338133004623103,0.0028697979972940927,20.00787690871185,0.0021550844734132685,19.531828907884886,0.002218637195966963,19.305207501488468,0.002941855616051964
5.991619719187892,-72.06317263014375,19.567490774755075,0.0018065258740389857,20.171841726562974,0.0023378514872425824,19.843263833236378,0.001392261383291885,19.39898849995093,0.001927482350050754,19.17264866076924,0.0029759768207369085
5.96534469476086,-72.06316804956177,18.590252365820792,0.00420159827239438,19.03279425853473,0.0016533860839838565,18.79004688039649,0.002335127570336055,18.46618035351721,0.0046679068336151425,18.3565253577054,0.0049016681023464174
6.053552276991614,-72.06315377033032,19.72267417566609,0.002023345835784445,20.4401140565071,0.0027450393721912916,20.084892345791225,0.001913564277777883,19.586863215390736,0.001961185227212519,19.27984046882336,0.0021661365034152534
6.030109120515395,-72.063152609819,18.448749563944343,0.002383552833050113,18.906177065964116,0.0019988171890391415,18.65341826710808,0.0020535215501853244,18.324186460130505,0.0023458110221678255,18.1997457107153,0.002613910436361604
6.0234316055937995,-72.06315262411603,18.438759202932477,0.004418720831194072,18.895059413717725,0.004440117392758194,18.645765850078575,0.003812213227451852,18.324826922028336,0.0033736712667613218,18.1930214969896,0.007753604371983434
5.972910141439092,-72.06314330544653,18.976235749438334,0.006883350565591925,19.5820879867398,0.004410594605871455,19.274043662291582,0.0053790107839421465,18.86187638649848,0.003536261565720737,18.631115436535545,0.006231210353721981
6.052607500638138,-72.06315238553749,21.23807981789466,0.01344141305492861,22.25415531020119,0.016725472818589,21.754023193562965,0.012620648315083546,20.92823739825215,0.009933902330044275,20.362970605349865,0.01281244085584637
6.048519248359803,-72.06314158716899,18.838464981588597,0.0031178730350093263,19.339977194890224,0.002732716882930005,19.079466084821647,0.0026927496884054684,18.714087034826505,0.0031265639993168083,18.54997374402796,0.004648838036426083
5.998798354929687,-72.06313500636098,18.56507042469106,0.007965547436355217,19.008812757963767,0.005764032413457772,18.792782425905592,0.006794425474281247,18.435189075062333,0.008322000289309975,18.303431591443946,0.01350844639657583
6.1027667970824435,-72.06311317917525,22.41309009202624,0.020752635896361525,23.624902919136296,0.047533096518856184,23.08020358405465,0.02150967818500819,22.016957197948933,0.014347980832577774,21.18092405966553,0.011019071550111488
6.0814584940222485,-72.06312617688421,18.76364881345926,0.0009495655059093043,19.263867006888745,0.0008645788882195508,18.9922149308578,0.0007062604241402882,18.626643406932928,0.001559275115182322,18.459054690098633,0.002271871205034715
6.070501653760983,-72.06313359040237,19.139468064691858,0.003855578952409072,19.759700539148042,0.003498406354437138,19.47440448644793,0.0032737872998985277,19.076855560661443,0.003370121112549752,18.884915438604317,0.005999598964983576
6.028123163881449,-72.06313663202954,19.3696667310836,0.00508194789757378,19.923028140019447,0.004149442238286371,19.623864932953275,0.004236635400528306,19.193439479309305,0.0042666451094978365,18.95622854702352,0.007429388579560635
5.982345849056486,-72.0631276072124,20.173605853996843,0.007741978893513793,20.89161716713693,0.009320384582309087,20.551215969220827,0.00829536258480316,19.95079265020283,0.007351408531495433,19.637032072495607,0.006145355324216529
6.065077771307942,-72.06311025883082,18.818891351618337,0.003551986511115182,19.311344091011037,0.0031333032659124254,19.071900409043778,0.0024500685807198525,18.696547726138213,0.0030422056207135193,18.549601259275832,0.00437388919769227
6.039002255220745,-72.06312525479623,21.8898388174601,0.06331664153919198,23.058274909626903,0.11927858837678627,22.536492549709706,0.08240896003355706,21.388932270021144,0.03972134568863047,20.806225371092708,0.03697931648030338
6.003197791248701,-72.06312173862797,19.076869649031824,0.003863152360346071,19.593538199252194,0.0028791939765321585,19.316248073400935,0.003253415756724208,18.913643632311327,0.003332203656680108,18.748092592828954,0.004998998171036966
5.968019404514535,-72.06311271475786,21.317223065481794,0.006620024915902958,22.22509249756294,0.012476292244302488,21.772982398440256,0.00642495809871862,20.974495305657143,0.005911390915165131,20.449816585737658,0.007501200171173562
6.067664658093377,-72.06309653031025,20.630103525134995,0.006882504011641832,21.42615625133756,0.01008174160242419,21.047632902480935,0.0074431507494725204,20.38959129398446,0.006841562067363883,19.979654512661533,0.011233357516113726
6.065481586260066,-72.06310625184564,18.686983278161545,0.002442100618150982,19.125029976815625,0.0013205986483469892,18.931873649696364,0.001400714205624404,18.56368514263749,0.0019794510123349734,18.410326153147707,0.003314122628201923
6.120573403446018,-72.06306547369005,20.296496432655392,0.007102736099954992,21.059018506377214,0.006503536753789931,20.683363961006187,0.005859880190021677,20.083349247358548,0.00551390310384757,19.733005273796486,0.006503264532585111
6.101278791074575,-72.0630821487301,17.910975557045834,0.0019067563282429828,18.3388932307873,0.0009532204088406826,18.13039449152931,0.0011280464796952197,17.802851360090585,0.0019053773911559219,17.69598302147569,0.0026178838903997944
6.0762263159296115,-72.06308538538059,18.82840105510979,0.002081410968531121,19.314333224839288,0.0015617777165804988,19.069316381141455,0.001634443824041878,18.699897060877333,0.0019371290978548808,18.547660578567708,0.002966518947313505
6.020721689887937,-72.06308965246497,19.28793285679743,0.007151439049831493,19.839974050813524,0.0075076931925490845,19.549755608971253,0.006981884511379925,19.134929800408386,0.0059450333108816275,18.938160290906694,0.012190528552455416
6.092876657081117,-72.06307171070931,20.10238753720191,0.002697464621343397,20.848127227370234,0.003984105170828916,20.526059305404353,0.0023649218814046796,19.88662502334892,0.002366776727585802,19.527864341022408,0.002819405807485931
6.074147477275042,-72.06306954296929,20.08882672719894,0.008514259733039226,20.783825566193244,0.008013840355625424,20.44179244717875,0.006777760997373471,19.89414484222388,0.006579587793511506,19.562023586765427,0.009462398303008261
6.06156037888472,-72.06307485068346,19.91986223316358,0.003852875552352013,20.60054250495989,0.004009257154571087,20.27130751744746,0.0035546067327627126,19.736556746587333,0.003355161432466826,19.45368674733278,0.002939554412943533
6.035336492614443,-72.06307557301906,18.961501010039168,0.004538155075980684,19.479385317243747,0.003866184228027859,19.210538594182246,0.0038163154116780365,18.818660204398526,0.004469703659305888,18.633136588788915,0.005805308619741653
5.9970023333315305,-72.06306379368492,17.954167570002358,0.0007767758652801656,18.399556445774074,0.0009316152396919023,18.152075403364748,0.0006906310118788403,17.829360033773895,0.0008957655528892195,17.70402514301135,0.0017980211997171238
5.980290308099279,-72.06307442793765,18.845273349891617,0.001314400332448872,19.347031222407757,0.001464762777406045,19.129822420154767,0.0012579947128220372,18.705309106199692,0.0015694526135272252,18.565346398306524,0.002010392326908614
6.098128960166282,-72.0630413277766,21.839128629094294,0.008510157904259534,22.93480633021904,0.020261586587780763,22.436834984517255,0.007888403698163463,21.438120095178007,0.006012993092195244,20.773976981640956,0.004626502754105177
6.095631365319934,-72.0630557987645,20.54138031284565,0.002448521732429763,21.362958848746658,0.004381320309819303,21.01580983701116,0.0021462860850364114,20.313967732018767,0.002245122555179429,19.92241802956191,0.0026408076072055916
6.039174793094227,-72.06305880487065,21.52854967495482,0.029445624786178865,22.43755080846202,0.047595998377465996,22.097824586675145,0.03876112013410559,21.083332985298277,0.018035255732229288,20.508243238893492,0.018379495196901255
6.001923465932817,-72.06306240228609,17.87163898954967,0.0016647289398082994,18.2972721218307,0.0012245637522142925,18.131331129097575,0.0013988525535708158,17.751460539417153,0.0017150790250343338,17.628562127005026,0.002144518206859841
5.974139834023028,-72.06304994595541,18.956344182973428,0.006696134940739061,19.452400669042234,0.004682282068920522,19.187177263879136,0.004702239789255109,18.825030648874154,0.005617485177665016,18.66198461688736,0.00840042785602334
6.060317716262275,-72.06304936878244,18.918400858557188,0.00322681530584063,19.42453197760709,0.0020555942946391724,19.16137237656433,0.0024579790282762194,18.79494283242107,0.0026438029601219175,18.625040694571204,0.00365420581243016
6.0287892441240185,-72.06305005536979,21.073559704901246,0.008307520738085827,21.990014179778974,0.012032005443627878,21.542880658423122,0.008060551587263808,20.76545741166943,0.007551932668661445,20.2780013282374,0.011722287760408725
5.990281543626215,-72.06304574551024,21.432713613537526,0.010545451416690402,22.42501637654422,0.01851136462104629,21.921594806664736,0.011309830653938528,21.073003632448,0.007825479566812494,20.48353748931701,0.010941158549625657
6.129724152896136,-72.06301448363041,18.728186870819318,0.0016854295883052188,19.211790543214782,0.0016123116236976401,18.974673569059973,0.0014895669484047407,18.600181534013366,0.001841176260376017,18.458962422779088,0.002767196259906981
6.110142317180561,-72.06301260071649,19.934553260628167,0.003787603591562982,20.618111114019797,0.006013920776065177,20.277565187677673,0.0043951098984699255,19.731341966456306,0.002794550659394303,19.425924268172544,0.006843879945269045
6.077351797231073,-72.06302995165295,19.168779144450784,0.002347436985158279,19.72481841055368,0.0024654957770402345,19.443401178798993,0.0021896198204397225,19.028489825244534,0.0024468255087773134,18.832808530794573,0.0032635759116649166
6.046661158351887,-72.06302970893387,20.577945001860687,0.01093996689365502,21.339060460130867,0.013230764966643447,20.946084849228626,0.009658512563706492,20.33566712851595,0.008494481821060962,19.97413917705577,0.012614834787301835
6.00018163672832,-72.06302700847066,20.711058136034904,0.00808019374649575,21.501131318613446,0.011119517021833605,21.11332951420721,0.008054104525746945,20.46851220922145,0.008025438990419876,20.081065615554117,0.008832584146329304
5.9888845531930786,-72.06302060661187,22.008649138551167,0.026557129129025088,23.188533616339846,0.04602548243937484,22.560736526333287,0.03318073089337171,21.607818902787862,0.022115940953009526,20.926936295507133,0.01801032428400863
5.975953563285995,-72.06303186105053,21.05078937716141,0.01637959530763551,21.928298297535164,0.03008595159462472,21.520556465297076,0.022253959376005536,20.743780715533205,0.014111998002020796,20.218505180059715,0.016147535996553736
6.0776611498441495,-72.06300373419259,20.991841628244575,0.027654805843632984,21.904700922567912,0.03481657798119525,21.460277072351516,0.03034210201074092,20.748993808964897,0.02376827841518152,20.2405815609644,0.03251485292772803
6.057324965650957,-72.06300385424343,19.99930445962472,0.004734158818719653,20.678597580656913,0.004606199697952901,20.328229901226685,0.004302730883138134,19.734382099803682,0.0036750359578472374,19.501285956777217,0.004708558047363475
6.054707238453153,-72.06299990923205,19.021793142256268,0.0033369913252765623,19.523756411899342,0.003828711522203351,19.25625124403721,0.003455387908286387,18.867242736432132,0.004154003101003569,18.695750843059436,0.005276553285786403
5.996218624112027,-72.06300597733294,19.2234099644981,0.0017317193855877267,19.772961332037212,0.0020431747064434836,19.472403503729552,0.0015861528780801626,19.069799925958215,0.002003443485706995,18.886255235130307,0.0026094900097583286
5.992806829403028,-72.06300463356483,17.950450914925565,0.0019053232008341085,18.37568950385937,0.0016072704624714388,18.173038546790444,0.0020471361991539357,17.82821935719953,0.0019677858036007004,17.709447944199916,0.002596093673603499
6.033224561403528,-72.06298908850077,22.336290522417276,0.0667561771362537,23.63094669505854,0.12901865576234448,23.019444114217933,0.09000792379139595,21.955552096817883,0.062282040722223354,21.018049172361494,0.033535487671282185
5.986709549468585,-72.0629855364194,19.138933954203,0.0034667363152828473,19.67868126561833,0.0025053787098627475,19.375321526997276,0.002754632347776207,18.979231790683244,0.0029837776583722083,18.787446544400005,0.003842348259201427
6.106967129295674,-72.06296618139689,19.419782401283204,0.006398829950518754,20.01415041742373,0.007283803614373826,19.723900160134242,0.00654753686153982,19.283414926339013,0.005909444633312388,19.077512843294166,0.006433834916101401
6.066414431990339,-72.06297799925015,19.044254927699004,0.002102823351458265,19.561604765966408,0.0025934641279099667,19.298728617662157,0.002202628589777139,18.909792596889645,0.002345710442219501,18.722149556176042,0.0036100789205597283
6.078113457964028,-72.06295775592383,18.767932165227823,0.003755202822042062,19.273733403523778,0.0029998473968766265,19.02430986288514,0.0031828343104985325,18.653467140599915,0.0036546303328252303,18.49739409732755,0.00637634824990975
6.069565274959754,-72.0629660538404,19.914368005804977,0.0067597221187694415,20.639899197461617,0.007110834333252858,20.27075601760029,0.006627950100948892,19.73826785646115,0.005657927538951269,19.411414334575063,0.006866103489319123
6.030677497891379,-72.06296684749589,19.881703529901525,0.010927164313354486,20.565061622152157,0.011623443057095287,20.200098566638893,0.009723866715125611,19.703062659530715,0.01005415210144408,19.41472210202153,0.0128623040213099
5.967705105531114,-72.06295068125274,21.34630466165289,0.005497997959528574,22.342906102964058,0.011173154065883885,21.82414283075775,0.0046341723219893525,21.008646507285853,0.004636943070595331,20.461852376486576,0.005533139774063521
6.123893463377876,-72.06292110031312,20.79761874426941,0.011119476604931112,21.616664148414877,0.01537829385476227,21.21791076750533,0.012634254075145472,20.527059692864313,0.008904190758974135,20.11016073317426,0.007996326704751781
6.066712466013983,-72.06292990332382,18.46330461929355,0.0031276272647987485,18.904679898065446,0.0032350977209300307,18.669619609935417,0.0026840301052389473,18.344258211574356,0.0035409101783376476,18.21243310665122,0.004302288661893034
6.051903132720509,-72.06292796296654,18.905975038360165,0.001738784709320384,19.425242224270633,0.001649162529159484,19.152980744482385,0.0013617882461831603,18.770934323083566,0.0019715223479797803,18.592960525051623,0.0031427840906058176
6.018103187556008,-72.0629352440797,21.90210513444578,0.02330286669006256,22.93080574954569,0.03743188944904415,22.48007548100727,0.023256128357356846,21.551834107940792,0.019107913661116367,20.850399243961583,0.022566132521600047
5.98986291312684,-72.06293767385688,18.930769535055713,0.00238651372883213,19.44430657553353,0.0023459867712852167,19.164091160260718,0.002150094544838811,18.78488527150676,0.0024315039681406603,18.61862141202309,0.0033233086457845652
5.987948494551971,-72.06292965337646,19.84544124605959,0.014401814231914382,20.52454332142156,0.012935069825598836,20.137343289697036,0.011904140957073867,19.65329223660089,0.010903400899376893,19.36491679002925,0.014348433356987426
6.119172497316322,-72.06289857947962,18.37222522021491,0.0011423327825907277,18.80763725321831,0.0008024897671661324,18.57613181611015,0.0005012037654812026,18.24145569941215,0.0011128984644682212,18.117267386251733,0.001959357688811311
6.063235213998639,-72.06291428252027,18.29202480692658,0.00093382551623948,18.73401672081289,0.0007569558124734576,18.509614834677627,0.0008488248646388512,18.17248488797859,0.0014951347347163153,18.049829436399484,0.001578795789028921
6.057653057511283,-72.06291788132437,19.683223679191887,0.0035527479717922263,20.27388431557975,0.005137003852794411,19.960218542872425,0.003368634264213229,19.506986632702024,0.002797015006157485,19.28286133561052,0.004968501458183436
5.991282058797081,-72.06291487890545,20.191013540153694,0.004169837042627031,20.92861428941022,0.0046892026301788865,20.614699649703425,0.0035678010701494255,19.964393002569373,0.003796077929216347,19.65724403666659,0.004293957562982864
5.9700123805680105,-72.06291796301424,20.759315834412273,0.004612342405878093,21.569158439710883,0.00648487923848419,21.214298772100868,0.003674009482315766,20.483062735386305,0.003364571568353597,20.056405208583435,0.003678326287895581
5.965517609702246,-72.06291391002928,20.724342209196283,0.00695560910326024,21.50595590783611,0.005917713861969015,21.080731390980702,0.005002091367724485,20.453043989515734,0.007854305992821595,20.10349729287784,0.01808860036627215
6.093379049553869,-72.06289862295971,20.118400224413318,0.011362707031843944,20.864294209538983,0.009931354725836583,20.477694735572314,0.011715189568463007,19.912013233576374,0.015236771184905946,19.644604162152838,0.016293460627476573
6.080119097025711,-72.0629060678413,19.079138677569798,0.0016462423247924143,19.602652844510338,0.0014331162997716475,19.335485489082693,0.0011186273814740091,18.93441182080418,0.0015309148930498665,18.77474896035462,0.002566473747686113
6.075514909771607,-72.06290059766661,20.15808193900258,0.012702486916845763,20.866565937701566,0.013326931915250065,20.510595333730024,0.01272091090327969,19.957532428893956,0.008824207549452885,19.600689260961943,0.02414645834483518
6.016459656811403,-72.06290046605221,21.965357065567115,0.022080776486337637,23.05439984039517,0.039960327637324544,22.514241255473046,0.0274334027017191,21.570680812368245,0.01591870917914676,20.873078833704852,0.01409801207598461
5.994939666705932,-72.0629142445088,20.28576787060508,0.006648951453061699,21.006141460423002,0.0071759296571199315,20.623955345891808,0.006533877937181559,20.068456565256582,0.005002817565144559,19.67393232873895,0.006680954211321632
6.069886255203768,-72.06289791984865,19.80884496902853,0.004540697863599315,20.469604435166964,0.00562537279650807,20.139820171866518,0.004861346574187673,19.627140885995686,0.004151412518973248,19.364010861072487,0.004146925363141367
5.971023156364296,-72.06288496685286,19.4153332396485,0.002256658744135971,19.995652220560487,0.0027448827732462554,19.686724710766974,0.0021092684876161333,19.26530288050847,0.0020345848338258034,19.059780682422094,0.0025982778500320664
6.1001464620582215,-72.06286512911306,18.95267949895295,0.003471538236772321,19.4592612540892,0.003116801266827672,19.189675314033273,0.003448590321275071,18.805260121656644,0.004312091544349022,18.648793644197063,0.00628833033375902
6.075874273680533,-72.06287127552491,19.318171269603095,0.00787638358478825,19.914434050202473,0.007545250822957075,19.59812949985426,0.009245467116732102,19.161618601029218,0.008040742092314767,18.951757538600383,0.012284525937314508
6.058573699993423,-72.06287836545981,18.560848616406066,0.0018704815735882832,19.034800041107836,0.001377639807337901,18.78042321543574,0.0015547591501631668,18.457487795389405,0.0018950008792279745,18.312439119303555,0.0028998870873658696
6.058157070678939,-72.06286698143089,20.06164010194667,0.01291695291142256,20.794612496622022,0.010308799357858663,20.417676255451553,0.011071905873293127,19.868794112251692,0.009256879715611566,19.421307237284367,0.02502238776502419
6.056807735379496,-72.06286565863775,22.25594001952229,0.05824952003164343,23.59719824735769,0.10731501893068851,22.762528920896152,0.05829050757238262,21.771001020772886,0.037525105375304256,20.996723886225347,0.032579036587350126
6.03590368041965,-72.06286106736184,17.86395843779992,0.001477734118957086,18.295132137033946,0.0014542110486227848,18.062899273614192,0.001793191629382363,17.742708203064083,0.0018163226992968073,17.626386502880152,0.002364241477361502
6.120006459423216,-72.06282601429321,19.83550748936624,0.0022964453989321723,20.51175113790076,0.0030932523089506857,20.168503950819265,0.0015919214303504589,19.64061547267216,0.0021074696547149865,19.363725892782995,0.0025725722321913087
6.099768136959984,-72.06284083982639,21.105075909036632,0.016405655585866548,22.024247708558093,0.02313474354650678,21.615993063486776,0.015791078261859954,20.824147751087473,0.013891066636345916,20.337402376574566,0.012617040581228438
6.077088823049013,-72.0628486315158,19.361685381248083,0.002063434114590094,19.953446350106546,0.002169458785734438,19.70879465885593,0.0018569411859176764,19.19166618991089,0.0020267071467206317,18.94605225371751,0.0033912698975859345
6.0523305817725035,-72.06285696400984,21.27253758153859,0.009208614943567875,22.229201081205133,0.01422637328239571,21.754983876809113,0.00957356423934866,20.910084198092363,0.009064671008230782,20.367503936850333,0.005815454638094722
5.995336223588908,-72.06285259384826,19.385296001886307,0.0028860368713299576,19.968110622264057,0.003080404478659927,19.653480397397402,0.0025948941509525464,19.230753905175,0.0025814639101022375,19.008518402673936,0.0037124623989825676
5.9836128458605655,-72.06284335698105,19.168899329048276,0.008111698392005397,19.667294565116322,0.006328215879098695,19.391874563592616,0.006717600003888659,19.011153998038957,0.008604681112490317,18.841666217877304,0.012874250134719524
6.098999691832635,-72.06282758629405,20.896059023978925,0.007392405696648491,21.796739249746757,0.011338922532821191,21.339140635995,0.008876414730125345,20.636586398820185,0.005181177345991645,20.164804019176337,0.005836420714439129
6.064018849625734,-72.06283118429553,21.961294627883237,0.01419009034288405,23.160431247846603,0.03452687243122565,22.58893300369619,0.015405815605550785,21.55786223995655,0.009066192518337565,20.843022508587502,0.0079771069875226
6.031359523980622,-72.06283883075233,18.358145374717854,0.011244585855275211,18.812418979584898,0.005800421360999761,18.567447111445695,0.0060969615560790965,18.231753500118998,0.010617623841696889,18.116469147183054,0.0119514179007823
6.011361078772877,-72.06284031121537,19.701341870420325,0.0030995352580863167,20.35425056233705,0.0032236939733736644,20.022863641097217,0.002575655476222454,19.519738649189726,0.0027042340294095154,19.27203228817045,0.0028038288706436435
5.981214944997112,-72.06282539393767,20.88750678252271,0.004037743342135109,21.733881278305276,0.00693728131421877,21.29556528629893,0.004088549905387735,20.589350677888085,0.003543404404359672,20.133580255386477,0.004777863004275963
6.074812490734844,-72.06281350498932,18.666667964795803,0.0018145089469985766,19.147754381618668,0.001300858151766016,18.897189057374504,0.0011731723027146753,18.546531435628395,0.0017251589657178118,18.3928122325001,0.0020764313086177265
6.044487009992251,-72.06282707011269,19.240815494330473,0.0023375049817063805,19.850795672676746,0.002564248880517179,19.53465175083349,0.002812837343498759,19.108526334129834,0.002420024219419524,18.845897855793616,0.004412630235348823
6.027252792150704,-72.06281977193139,21.15039156016849,0.05142290157141216,22.07763129334613,0.06205941540184492,21.61882509721181,0.05460842253362995,20.83827539454073,0.039163275015386266,20.327173653131176,0.03101041453806167
6.019414211659277,-72.06283170523398,21.22243146786985,0.021182290044213684,22.10446499117826,0.027193683584387066,21.65201830774872,0.02311881562667574,20.84268277643988,0.021335196652635113,20.3100713701106,0.022749318153229683
6.004893115780082,-72.06282991100093,19.920688251769693,0.015236064507388276,20.55224440896587,0.01913580432877236,20.21964890712956,0.015457907720887981,19.72168557210091,0.009913666651150283,19.4401346263722,0.012552288229703381
5.988262230180937,-72.06281869194632,18.129915319200034,0.00281040117260689,18.545286189100587,0.0027058060786193158,18.34425587479342,0.0023941750575322946,18.018583780219522,0.0027163095600081207,17.901740656612525,0.0037515388074597757
6.047997947194514,-72.06280276279986,20.656326491991482,0.007840938985706402,21.489904315314746,0.01013031186741933,21.0857260515669,0.007589594974183104,20.382214802083844,0.008320065002375506,19.91598878757558,0.010436727817575563
6.071912131664561,-72.06279275569614,19.71274021872991,0.004341390391731707,20.3223045953375,0.004297871742655402,19.992857899530847,0.003942059582964713,19.525632221835302,0.004306250942065319,19.281034962229377,0.0053940095185515515
6.030090786524474,-72.06280239443173,18.097026467796265,0.0020335461477702607,18.53910959359702,0.0009938802821577092,18.304117387187098,0.0013447049111067109,17.97971155876658,0.0019630632275070324,17.86136868380398,0.0026131501378859837
6.002035931241671,-72.06279997738972,19.630418830462123,0.005551199877933985,20.265924597320605,0.006501588779457263,19.91924500695297,0.00669997598324997,19.427983982277404,0.009588147593287076,19.170919479300117,0.013819419173970896
6.091531636613556,-72.06278048201355,19.013204274223195,0.0012169368546683468,19.52751801195017,0.001381401105304157,19.26304917244007,0.0009450072342429113,18.858653138548192,0.0012499510617561297,18.701718881669038,0.0019033260311023448
6.090636423212272,-72.0627822752838,20.992024931120806,0.01019195584247185,21.86249852131339,0.013208247821602383,21.457906865990246,0.011003486544054948,20.76033115118711,0.009941314595130996,20.279578372388613,0.010268886676922911
6.051256937256285,-72.06276125958361,20.245751830768892,0.0034249601746190496,20.986988014802094,0.005184598168826683,20.614431808084888,0.003054859657079605,20.03576414846608,0.0029475008782920975,19.698351327426757,0.003534804902236246
6.076303985769204,-72.06274362788973,19.028600914192562,0.0078099860259731564,19.537143447118055,0.008703624114957875,19.27947856903028,0.008757699048836925,18.902913897267354,0.007171956880012997,18.714336521872745,0.009486363825015913
6.067561671716865,-72.0627452038392,19.14710924341877,0.0029027327973067947,19.702236584995568,0.002825209199684569,19.406193984815346,0.0026134958099700506,19.011855342422585,0.0031950464270964064,18.832791642596142,0.005319555385256277
5.973706663905201,-72.06275165266229,20.912056332247207,0.02059987808923875,21.721418066437515,0.02770342353615045,21.343322019284365,0.02451998166502592,20.557871340429074,0.031083430805461998,20.137190707583265,0.02850656258017373
6.102728129694866,-72.06272543237363,20.699173416922097,0.007008968645571212,21.448570381427643,0.01047282705055363,21.083141234188112,0.007718890608131278,20.420943333221487,0.0044256809452303805,19.999648915082176,0.0030196916770452976
6.099373857486934,-72.06273322282644,19.49825903712652,0.0026004227207397142,20.069149092999396,0.0023513692055231947,19.77693724135129,0.002217715308687596,19.343705800032886,0.001870355685183932,19.12148740386546,0.0025468011329605393
6.098209702728704,-72.06270780216494,20.33050002433603,0.00506873796880313,21.044890102979338,0.008576507728161315,20.705559843620023,0.0055304991561228225,20.090925226798845,0.003914303288846704,19.732009828071035,0.005950325167180913
6.081957132392839,-72.0627039310809,21.55440746662106,0.010789995296126939,22.544439177194953,0.013712771423582277,22.09872099325974,0.008936518020502191,21.158047456630165,0.008877276010360318,20.541583598352595,0.009828290535990856
6.069123605872955,-72.06270524931432,22.255953801995307,0.017816895034155948,23.39151788124161,0.03718433108540635,22.882393053147638,0.018930167470858437,21.853493920427155,0.00867553133952522,21.089254283021013,0.007970808722689599
5.998422530568703,-72.06271823564121,18.647415198223545,0.0013546152349474005,19.051057485814077,0.0011391839961060557,18.849620297098213,0.0011313337042210768,18.515827462968197,0.0016606100420141039,18.386480329793322,0.001883881455031552
6.09021413523268,-72.06269095698433,18.569988485709334,0.001284808027375786,19.056422142952385,0.001039042300748068,18.803710518722504,0.0008928183258967209,18.43653418520421,0.0015310890144430082,18.256082844685615,0.0021903510043160337
6.086336024303104,-72.06269769484909,19.859660934860376,0.008876494778042851,20.54873825729893,0.009664915437970328,20.210187431233926,0.00888989464867276,19.665961687639467,0.007070537148724881,19.37383607422599,0.005904687351221618
6.0806097399629415,-72.06269534319755,18.562882056059753,0.00092611183206025,19.023746155907638,0.0009775937528825561,18.79064049053266,0.0007667078542188408,18.44875188457516,0.0016029724573620942,18.318384993852227,0.0023082765213285365
6.080185248298108,-72.06269756693486,21.52626119933905,0.01244210085070634,22.50228731796402,0.019635929747074392,22.03940571570407,0.013392339168852744,21.157003905490456,0.011986373906989863,20.641706248142533,0.0190769477806563
6.069657109133695,-72.0626914231469,19.294343504722978,0.0024938021030987377,19.875825316580837,0.0021144015466369446,19.56409755798692,0.0017117088583125193,19.13812552352521,0.002199497875308655,18.941257616367515,0.0031111738904512887
6.01457963409846,-72.06270114229368,17.977117242830328,0.0009262898923489684,18.39641984119217,0.0008437287102964284,18.19782952901936,0.0006870742240904043,17.852581161696094,0.0011886690043282774,17.75005011053817,0.0018627467164100153
6.011627266790636,-72.0627020005412,20.742324271557425,0.008248889828250344,21.556220644380133,0.011736127401356116,21.121130193712055,0.00679001708115293,20.44509123777631,0.00762298796179247,20.024661564557398,0.007371684660943546
5.993259682314149,-72.06269576866491,18.797446340741498,0.02051598158053108,19.378508471200377,0.013618958837627442,19.037234568611687,0.019558495023719938,18.601454631448284,0.026637664673455706,18.41521837195149,0.026392903799817617
5.990979367850368,-72.06269509344116,21.021757235438603,0.00695559328730335,21.857719374489484,0.010605325093607268,21.433641709697433,0.0064466355195128945,20.69556781500829,0.00618928073904502,20.253170267669702,0.007041619379902788
6.113756006718161,-72.06266404564731,21.231096819540443,0.006414117427350416,22.187652874885657,0.014100196384950515,21.677162318715986,0.0077592577646668345,20.879733563750165,0.005640965163358382,20.35162397664365,0.006511943594775387
6.096502476967313,-72.06268010279811,18.82375855701859,0.0024945680597658277,19.314920618591962,0.0028408588183518125,19.11850293323871,0.002437966780288846,18.68191107865212,0.002383812758031378,18.506931323338357,0.003555785930627672
6.077882392590135,-72.06268572863497,19.585746820737757,0.002756452021332928,20.167687426458812,0.0034770552453422536,19.881184666706247,0.002430729166845352,19.41722948014084,0.0028029160883486413,19.214648604466404,0.0037798845632612404
6.045889988560353,-72.06266847516642,20.78591056975407,0.009934450721116346,21.58812287224911,0.015061408307562875,21.20066047894779,0.010108290822255395,20.501021564253364,0.00802136506115141,20.02573328887938,0.01525047267214656
6.010726689392177,-72.06266988040586,18.61082790017141,0.0030242617706424785,19.07740525815658,0.002787115272374635,18.83000519393228,0.0027139471126476425,18.485990642899964,0.002828518794934018,18.34931074657154,0.004637547260880395
5.972639418085291,-72.06265949420164,19.90942803361114,0.004401203477848392,20.548403729430326,0.00642897158966618,20.236378207000094,0.0052355927591950105,19.711154704998663,0.00307792785854008,19.454894307885205,0.0038006006206339205
6.095000701092318,-72.06265610422457,20.520202192397793,0.0075239747746975475,21.324290116977735,0.0088667302704653,20.92201390253181,0.008446165686831084,20.251315132069223,0.007314638579330956,19.832938493727546,0.009432106114771471
6.060454471201951,-72.06265913834858,19.619777643570675,0.0019496467234478693,20.2234242234995,0.0024617365675614227,19.91828699935278,0.0016671868158310641,19.44511813483077,0.0016854583742675158,19.211047405290337,0.0026909124552597
6.058767958402476,-72.06265263631758,21.154258039250475,0.015569479230539564,21.975240819169592,0.025821811265782334,21.567646170126622,0.017366917305205416,20.790559972964857,0.01693386823252684,20.30078053079128,0.01510877291234471
5.980498952538959,-72.0626566906589,20.447444666413876,0.005694432159587075,21.202184559799704,0.007306186252379335,20.833504700788843,0.005873055637013872,20.221507131328515,0.0046724149392796815,19.87893800234592,0.00640164244167655
6.1262624932712155,-72.06260256230016,18.03301730818767,0.0032492592257924377,18.471509789134338,0.002679302508148475,18.24456126179858,0.0024903173499469388,17.9216684105236,0.0028375604202581,17.813582352747304,0.004088346618216406
6.015224229983421,-72.062621915627,22.46028774814543,0.03385314713662756,23.03142922696602,0.03608768561702749,22.729701133632595,0.03045454263132113,22.259675238621327,0.029769599848748114,22.266728802241694,0.041389645842125115
6.06227621549723,-72.06260871649661,21.24961773119227,0.0070843192898151774,22.190456309980064,0.012757000711896773,21.763723920738606,0.005885296513045151,20.933442130782986,0.004498165522652817,20.41154688775257,0.004458070322171531
5.987081143509524,-72.06261415331014,18.184603200107563,0.010845753709897333,18.589401860968636,0.007521204053853162,18.429832332921634,0.0093337355898206,18.04551361467974,0.00810477146539898,17.933339557875215,0.00918118291142859
6.072672678429594,-72.06260123451429,18.5976691321537,0.0008184335346822099,19.068494196466077,0.0011503804746219282,18.85381903903204,0.0007727314384599297,18.467587818066356,0.0014357906634709181,18.321984768730886,0.0019273591723790503
6.063234557824661,-72.06260382248018,19.42577382003139,0.0015067954250333824,20.01066176434179,0.0015321735165231675,19.780665813252703,0.001412458301343906,19.27400266904067,0.0017721549097748654,19.058289911366515,0.0023211750232112675
6.061158688571972,-72.06260352476278,18.154346196680653,0.001702194852969028,18.592765964313507,0.0016869437443232044,18.400085222482893,0.002226119342925148,18.040866577634162,0.002056534833151266,17.925288522365413,0.0030030931637364346
6.05838959812415,-72.06259415517827,21.054802814448283,0.017994383783728855,21.967010426623474,0.027647550768898577,21.575344098888294,0.021854286975490366,20.754596086331773,0.015450977025157955,20.232806532888326,0.013606227457137642
6.030682635604991,-72.06261076481493,22.309005553071014,0.0468015049036827,23.340528628499577,0.06909518531556273,22.831410935488023,0.05824441683193074,21.762625282441043,0.03194046386940033,21.02874968885179,0.018533543217996256
6.086792802713061,-72.0625682846301,20.01683004381486,0.005998384977045287,20.681882963659163,0.006790524450943303,20.30016755590424,0.005842342577340744,19.80620443565938,0.005801546949744458,19.551286143487438,0.00597164323714706
6.082699410932061,-72.06256167168802,18.97591870718789,0.002001770190680566,19.491852917102072,0.0019404958319384621,19.227546317739915,0.0016112832544672364,18.82592386970972,0.0018773394684230423,18.665007449592373,0.0026209974815048797
5.960514858121811,-72.06256463379417,19.439907674830675,0.002490734819339401,20.028017144649617,0.0020425552033222468,19.760001389735358,0.0015256567595965317,19.25357358820878,0.0021066195340290255,19.065160480278415,0.002682761049759989
6.035559480044601,-72.06255652109546,21.09180304975104,0.03516515873258395,21.917894096064046,0.02913338787602754,21.445141107821932,0.0293951333954145,20.721156096197028,0.025467540843263484,20.268914298583574,0.026514922078601462
6.025643405882577,-72.0625534343701,19.09117519447479,0.004848507908275409,19.592277476503853,0.005152180124292926,19.344418326013816,0.004975860235906385,18.948161971873354,0.004356402936542571,18.785210872852552,0.004807972659655738
6.091970357109358,-72.06254285266048,21.46387442191018,0.012270674251579992,22.504723722335697,0.02153533858493333,21.96251683579184,0.01489826795141193,21.090559491408094,0.009778612170459474,20.533390449493247,0.009295260759800172
5.998151949264796,-72.06255037358059,18.647936888961528,0.0018016569581162727,19.11853170119143,0.0016665351549966932,18.859605507651864,0.0017109076245719348,18.50871232712894,0.0019193553887549173,18.360720196885055,0.0023711987703557568
6.08314202322952,-72.06252504075202,21.014486535982638,0.018381533515619098,21.888776261574712,0.015722813217694115,21.48155181591853,0.014625706003461641,20.74113886190017,0.013437096087464444,20.32336964917188,0.01718202145452944
6.070058417201593,-72.06253696680334,18.415068928058606,0.0014113435947869992,18.844538469964917,0.0008057412754403319,18.62082788897834,0.0009565649000543243,18.297906950048628,0.0015213606073453093,18.17303185376897,0.0017540139817854635
6.048724382935664,-72.06253501840436,18.56613742798007,0.001760402738528135,19.037608520068773,0.0012489661698116205,18.786341241321452,0.0011592031372783067,18.452291485611994,0.0017661373268494545,18.30819054959337,0.0020964438290630876
5.9822540956784325,-72.06252936544077,22.048610235456525,0.024112324755614756,23.271172336806956,0.043951591921799336,22.709182994759452,0.02882416594550047,21.649540612471284,0.01536076142126793,20.92260779913193,0.02234486486747826
6.121600625244921,-72.06249642237731,18.495203519117798,0.0011930478858180934,18.961570965392063,0.0009776282991323332,18.727474410488632,0.0008960603350570939,18.379221208032646,0.0014065018518462772,18.258995720154296,0.00233057417143194
5.983541472623115,-72.06252206269929,20.434478063000345,0.005757405712508059,21.18696574685145,0.006813377668098359,20.79112663285933,0.005410455281525036,20.18512138434444,0.0052633765150057405,19.813497881676057,0.007182239136158107
6.122680246574418,-72.06247891218618,20.107802885532234,0.0033855275179381574,20.798578663877663,0.003805706309708986,20.46097791953867,0.0026827871073815132,19.907120397551914,0.0026767933507094955,19.596650849291592,0.003942355806792931
6.0850690767691455,-72.06250287652647,18.504624153700167,0.0021468195880495027,18.969922110818644,0.0016178794954963482,18.751599315986553,0.001607817297780439,18.380207326672462,0.0019259298578022134,18.256498048066497,0.0021313057103216704
6.074528708580456,-72.06249453005067,21.593105676649525,0.01191452996233963,22.662628270328078,0.020019095614892738,22.128961767456396,0.011805835404657907,21.200303850378354,0.008789621455437322,20.581990618706094,0.00724311447505294
6.064017918057714,-72.0625073185397,19.565791878731797,0.01043883121766511,20.192876000403118,0.005671526937399943,19.875857715228513,0.004894957000289223,19.40429175286728,0.008388386550779722,19.168210507561767,0.01589256104085669
6.040308485624592,-72.06250907443837,19.37885136769135,0.0033967345204863756,19.95400410760702,0.0032025499858072373,19.654074980737256,0.0032262067404884263,19.22060039809338,0.004001188617320357,19.024181828762174,0.004763645674301588
6.025959282964046,-72.06250314749009,18.738832068326612,0.004223399055300932,19.20676198394262,0.0057555994508923965,18.954708078740673,0.005329998738424912,18.61704519133948,0.0039660645431417296,18.486947556093817,0.004860481616045784
5.969987904767518,-72.06249864164579,17.904913837790485,0.0012500254491871537,18.33024863856396,0.0010565765503203245,18.096165047558948,0.0012015401007210809,17.781666631600054,0.0018305306806543757,17.664618688223904,0.0026531449044744997
6.1010610956125575,-72.06248375594463,21.50504813322456,0.008476643221597838,22.466664150433516,0.015008641845950459,22.029229882416054,0.007507619398075511,21.1657544300691,0.007559787998500238,20.568955507636772,0.008456774370267043
6.0138806144865855,-72.062496215702,18.683276850875952,0.001946189824863218,19.16559199868216,0.0013167346383465785,18.902380045656976,0.0018365533480815678,18.555540650912825,0.0021555504070152444,18.425394841001854,0.00349919745964814
5.972915757886837,-72.06247714198426,19.232141774515856,0.006988390625572282,19.77639727466793,0.006925326767331676,19.482231186340307,0.006488800672351288,19.08732418719459,0.006392814531011467,18.903441529239295,0.007742312379665713
6.027226728259779,-72.06248577538668,21.39892010695117,0.020552690102122087,22.500691465858473,0.03339258213689531,21.95120285288862,0.019732039939345348,21.064627141047566,0.017726625506082047,20.519735664703475,0.025338740534906624
5.962676419530058,-72.06245765709782,21.556538571131487,0.01196425942209714,22.587983181813016,0.019055890492562868,22.12721502696131,0.013882900799067963,21.212515951041397,0.009843021015430935,20.572108309668813,0.012803491946319514
6.014862939344595,-72.06246759111079,21.080476477082133,0.006758166965466195,22.01126313330154,0.011232203768145918,21.575007808829163,0.0055935025959092995,20.74518933003681,0.004618039511883699,20.26112486118336,0.004355489501670583
6.0096846951290965,-72.06247100483478,18.55333019175247,0.004218060839585795,18.983810159793265,0.004052316069775691,18.7383577075988,0.003781906799466048,18.418226690353343,0.0037507006464075157,18.291677758376892,0.005265229395742464
6.059960262438659,-72.06244213877449,20.790754486962857,0.006284014749721883,21.642098615932255,0.009328858019600596,21.237513987250814,0.005967158746919787,20.523462953876525,0.005077865163035977,20.085757843665668,0.005717895992801588
6.03999369113302,-72.06245333990793,20.110166543100778,0.009141737790513527,20.853923440446316,0.011965929338388474,20.563721210606644,0.009163063300997065,19.91649430368102,0.009250702590277696,19.53504015066934,0.01230772615721127
6.006252731449925,-72.06244494909052,21.32820525510677,0.015462866897322269,22.24891542900137,0.027611030559953734,21.818135479904157,0.017166935651827135,20.926214762252613,0.02012519845164036,20.317213480108386,0.015033614651894137
5.98396314292209,-72.06244912826317,19.129588301861578,0.00335701724257572,19.670045273036642,0.0026689621587265406,19.456518612474483,0.0031236016965483235,18.970091599581274,0.0035151636410198214,18.784060231394456,0.005749479978045616
6.131524026727688,-72.06241197981765,20.834907058576828,0.0036326017372335186,21.67261855680971,0.006841590547916404,21.27898697590637,0.003462862073400425,20.545470614764454,0.0031191528916055004,20.10431641312166,0.004399663857391246
6.07537726768694,-72.06242745335481,18.931499655213866,0.0011326037841272623,19.426937074670867,0.0010773720787810033,19.18051317652595,0.0008391707579489855,18.79798509260077,0.0013429267748461284,18.637200651069207,0.0017129602848131077
6.004989012701231,-72.06244014498682,19.918317852345385,0.004907596446601308,20.60774594135716,0.00723809747847519,20.241031482644424,0.004092975523501442,19.734182400837945,0.0045194596725408095,19.48271936770778,0.0073031450167898295
5.997729724412865,-72.06243366404992,21.45407552026501,0.01652456456653381,22.41280343729281,0.028166418843060936,21.963898096990235,0.021720417869827046,21.095491776606252,0.016462462262621897,20.504388882017118,0.015179683977569415
5.979130945489193,-72.06242542210362,18.24337428468265,0.0013456866396643835,18.67373340449759,0.0009871488000699116,18.44019962748164,0.0011499497070751351,18.11548944525832,0.0015921824741188283,18.00256448588324,0.0021619244365286175
6.102672807116038,-72.06240502423341,21.139346299376687,0.02347358419953091,22.05410475198854,0.03874068411761068,21.622628530676018,0.028584045745800837,20.804095837055968,0.019624101579162657,20.287718206588913,0.01714776131834224
6.051435026545866,-72.06242838681467,18.606629617655397,0.002770874817234215,19.120909009711227,0.0023547205660248306,18.857872089438366,0.0020378035445493227,18.47531151830838,0.002262394138355144,18.266392396064496,0.005376901825014471
6.070018761765328,-72.06239539106596,21.746659637078015,0.018770056608865122,22.779551343534685,0.034303307842269704,22.374178926828314,0.022290544914865842,21.378549782344606,0.011853220818534207,20.67345478372571,0.016421650307098756
6.05836053762663,-72.06239962883664,20.217065407669455,0.011590412421414547,20.99853901852672,0.014752340134592892,20.617327897936867,0.011832636400907575,20.035994047327335,0.009209095730592103,19.677619505998273,0.009150742594631441
6.000281716849276,-72.06239760803197,21.922710718983605,0.03236888481840425,22.993399119525762,0.05357877895594181,22.559513461164748,0.04076489549101953,21.543628365158895,0.022004263031967994,20.856080579753545,0.019989699777739307
5.965990651564488,-72.06240440171715,20.51823054739366,0.0029787061758015606,21.325410682750537,0.004452721489985804,20.928642701384213,0.0026930318566884687,20.28665020008598,0.002492614070654085,19.91180120584699,0.003222401382627511
6.08961896167209,-72.0623781709244,20.706929077921355,0.0059323504286734096,21.521035903303925,0.006918524304259471,21.21469745780741,0.004930712407153707,20.450958001808424,0.004944906903906889,20.01669137055086,0.0062978073727812745
6.088994665756581,-72.06238822826826,19.327542393405057,0.003572401417021041,19.896940799595022,0.0028167465791060337,19.6039850787839,0.002879438852655488,19.177110883926574,0.0027062240136374533,18.983243547154252,0.0031571891636302807
6.079306672277001,-72.06238378479648,19.62798556510936,0.0064917456608350535,20.29395199626368,0.007432577611169048,19.950572665073288,0.0063142686903720395,19.41718078029045,0.006106339382608171,19.12464163004372,0.013582153139927085
6.071489685513699,-72.06238518411023,18.908882440849236,0.00920947802442532,19.430029782329086,0.009126705769379856,19.15371764755551,0.009390638385473753,18.77957544165549,0.009128307668950352,18.616079016753154,0.010809405085455937
6.00788499354289,-72.06239550841453,18.36243929535546,0.0017922506208852846,18.809846308640623,0.001574246530851142,18.61908225505973,0.0018698768687789667,18.24235617631974,0.001947923501277646,18.114144654350383,0.0024622691245097697
5.990719309945892,-72.06239531900411,19.277214711064335,0.005827988259168822,19.843953452583634,0.004382910151967853,19.537431920958703,0.004278868183280445,19.136548304191905,0.005708017976391311,18.926470743629643,0.010727406286831522
6.10983695745013,-72.06235774761655,18.121510276978018,0.0030222003748468637,18.569423007454226,0.0016813856259249784,18.348251936273194,0.002223241845827615,18.01632957537973,0.002480587936214841,17.86830454418662,0.0036418309624995635
6.073758371261814,-72.06237757215725,19.720850743061842,0.0035796079063864354,20.273891522848366,0.002599133950333051,19.99123455684679,0.0021295005061838686,19.550337726256018,0.00278654996600491,19.310518297196026,0.003940946360383754
6.063376387748249,-72.06237774324381,21.133862515190888,0.006463918971357782,21.996596077327254,0.010646359988807424,21.58709877809627,0.006219843743317292,20.774889134545298,0.00486176949516674,20.217658874517205,0.005960273789419056
6.053458228042836,-72.06238611292767,18.896741954175088,0.0021105935406747533,19.399846165583853,0.0020404807762445364,19.131073077282544,0.002066867779917005,18.77224020417684,0.0020433150622888954,18.602093519762242,0.003351728193820897
6.050102336425191,-72.06237987237861,19.074844044174245,0.0027408924943584886,19.603740733428495,0.002512314380452646,19.355270771473812,0.0025026045104460212,18.941564663050855,0.0027843936126180245,18.761764309905935,0.0044181146301032915
5.991131650079445,-72.06237856807815,19.374704202374378,0.007759930458802417,19.949046853957746,0.004148777007431018,19.623753543904023,0.004651254860942081,19.20839192362454,0.00669411134606005,18.954553941611472,0.013613972721458846
6.081765748939117,-72.06235209283783,21.206604790621217,0.011543215661144045,22.10813924163066,0.018715718726963083,21.707366356492635,0.014405151039472689,20.877674514453986,0.010784946013723337,20.232604210502622,0.020033841745522807
6.081031595748903,-72.06235474193794,21.76730250881862,0.017746475984389155,22.91878877003211,0.031248807006515594,22.37057494887197,0.02237159974734834,21.379100976496055,0.017967234612553607,20.700274341693365,0.015348318867142538
6.0764442506322105,-72.06236767010299,19.52326266363392,0.0017488398810487468,20.1055405106002,0.0022801459829470943,19.859145630060475,0.001777805569175242,19.358957325370163,0.0015370747502493406,19.133001870508714,0.001809001829530969
6.019649020286912,-72.06236790509288,21.534608054442945,0.009151265426155344,22.587274569974156,0.01814283674891418,22.019696303396998,0.008960441996047242,21.186855096476023,0.007161924164027995,20.60137421023026,0.006462743464111823
5.982970546422084,-72.06235263280583,18.761505407338124,0.0012570063965706851,19.254330430665398,0.001255705222515348,19.087289622665793,0.0013386991024429767,18.62022185501293,0.001555404536149401,18.470041426484563,0.0018348494489211066
5.982121166565135,-72.06235163500337,18.815870732216485,0.0014368663135076172,19.309284960073676,0.0014727131715509603,19.122232030194283,0.001465114000699018,18.68454892057394,0.0016811689111460397,18.530915782877244,0.0022957702142514494
6.082640812606195,-72.06233229590129,18.720260860523016,0.0028051396990164163,19.194498170339152,0.002014901389250305,19.002913208627987,0.0023046262575513697,18.60071710759548,0.0024399414841527723,18.453681242818796,0.003293062236999622
6.081422007724678,-72.06234005880405,20.72192956138856,0.010225864732945804,21.54690179201743,0.01234518698764466,21.111587640047325,0.009950425917602979,20.445930657309134,0.009533346631077189,20.047680486582728,0.012878481416550742
6.07986632998641,-72.06233643877769,20.023306706794887,0.010597208950131014,20.664641934669987,0.012221973291332521,20.348704640263193,0.01145184064603262,19.809101681050194,0.012777863381257004,19.53840685286262,0.014088993730358388
6.071952363855025,-72.06233266053545,17.985441288961407,0.0037729897715222675,18.41622773249272,0.003133307726227449,18.21138240163846,0.003338068896392037,17.877030934473787,0.0037214940056015805,17.74631438969228,0.00529931825721463
6.037786697596616,-72.06233431893172,22.268119809756254,0.05287807321172152,23.32245792317144,0.09780736750263713,22.984986982207374,0.08120128879677707,21.839427941758657,0.046982179314306795,21.064554895701946,0.034688780956507945
6.01449970033183,-72.06233913212787,20.331802364833866,0.003700606150321548,21.063362554098816,0.004813351800761772,20.697126795035977,0.0029778275812862255,20.114962902827898,0.00320264848499239,19.779004618930152,0.0037143602230779575
5.985152136458162,-72.06233022241153,18.425131537076613,0.0018837165064326457,18.880293191737366,0.001423655063117045,18.63457442507913,0.0018311270112582358,18.30989247277573,0.0021497715448246264,18.17676937087451,0.0026792987962915246
6.105904837760444,-72.06231707757169,18.684660852136215,0.0018654842436542014,19.144704872268562,0.0018926974500746447,18.91090654501236,0.0015895689624027766,18.556034942672262,0.001652395673082349,18.421055361846115,0.0019883729147758497
5.96981136727744,-72.06231432536875,19.46666022540803,0.005803877321725193,20.073448786147523,0.006053256656121443,19.757065682974307,0.00643227713743192,19.302690782902445,0.004371986408346881,19.070695777111013,0.006326062268611259
6.1132601624223,-72.06228729311186,19.38985425008953,0.002432136402775005,19.996079655969424,0.001758141447939899,19.680991848384508,0.0017143724402855212,19.223636040861578,0.002143941910427326,19.016059186300858,0.002467399254397091
6.064513472869165,-72.06231625534139,18.362652029678447,0.002700374638289621,18.820172515826712,0.0011530701390747155,18.587699650152246,0.0009066620357141198,18.249270736825245,0.0018738980706504897,18.099460429352696,0.002932387357998608
6.013322101233321,-72.06231717267217,19.787628204410513,0.0029271910115387908,20.420988587833946,0.0034305666472151503,20.146274207169476,0.0021986610050803777,19.596997554510764,0.0030899115661640634,19.32074422283636,0.006576749887288101
6.006160536444146,-72.06230390493606,18.536409479400266,0.002568352276584205,19.014284297337944,0.002297115808077514,18.761868335645275,0.002378655940479223,18.432907309335107,0.0022504249965180677,18.27239149068521,0.0030599092882372587
6.092055770096642,-72.06229428557361,19.260957927609876,0.003454679350291882,19.815094055070105,0.002144338821013109,19.52796851412799,0.0022390395483140157,19.102311782919728,0.0031526208911231983,18.931613368146863,0.0036706587630996714
6.009575779497822,-72.06230251738629,18.32337940008377,0.0033378324296607603,18.76546269511863,0.0027020977358546885,18.52493851096969,0.00294820876054521,18.19058635234765,0.003631054810060308,18.07188854183493,0.0045581452174647975
5.98979410647293,-72.06229072714022,19.036443524266534,0.0016512690387663924,19.558257883413745,0.0016981474827100094,19.29204953622242,0.0015630212866907577,18.88980388262418,0.0018856200850987414,18.708636082775918,0.002783461140163275
5.960564297231197,-72.06229224295433,19.74757919132492,0.001893105629379991,20.394467386351593,0.0020277193403489806,20.070716617930458,0.0011123373613225339,19.554971411576787,0.0016726156491912493,19.30403608846551,0.0023660707196116555
6.118441168349068,-72.06225742064109,19.681318366331322,0.0013538331798172026,20.307435895076154,0.0018780191343589097,20.047472107360676,0.001031653269735831,19.488834892617277,0.0015143680544353808,19.25065423128305,0.0019349468806147245
6.085035280013968,-72.06227508042832,21.098007872918988,0.015444574588449129,22.042671860549348,0.013168012636668539,21.595015971960002,0.011219213756752307,20.828972413304413,0.008589605065669059,20.304961890842627,0.020137180828727588
6.022873486684774,-72.06228886955103,18.0454600979529,0.003626191372098591,18.476951828095252,0.003561500046637724,18.245509322320906,0.003652426689992891,17.942985328920557,0.003255681244615392,17.84120522840292,0.004678711885485995
5.996868365107413,-72.06227544137357,21.087705565399137,0.019515625062678524,22.0296379984283,0.02070774428038275,21.57161523141341,0.015121293356014063,20.76854402525028,0.012635553427255404,20.25056170372097,0.01188758249023892
6.098917744951177,-72.0622521536607,19.234749306755223,0.00398803503464333,19.828584399641272,0.005810867361297026,19.546116929837325,0.004970296769750881,19.10679258517193,0.0036230645418566655,18.864793530542634,0.0054523198580177165
6.09432615104368,-72.0622685112156,21.497836219491735,0.010553970781505701,22.462462151435403,0.0161262694203527,22.048806205885043,0.011362945302747923,21.150076321359087,0.008447181708988807,20.554430065748015,0.01098071838540484
6.066077128383748,-72.06226465512762,21.16098881512693,0.010536277243246562,22.11055681025659,0.014838578725337104,21.611466626814313,0.011088638972316439,20.862254389857604,0.007690420782212962,20.324385598506495,0.00833429691262479
6.022415090530132,-72.0622758381273,18.337753904551672,0.003792244939413365,18.787246340688434,0.0035648540177511258,18.548203485448006,0.0037386745458921093,18.220948497441604,0.003521234102244635,18.099771336604924,0.003554854522607299
6.017002515719152,-72.06227433976271,21.42084952397774,0.00953794284612776,22.392616345479077,0.018420654918883138,21.94388683634825,0.009306659153684435,21.06717563200455,0.008875897724105077,20.49982952203711,0.010681831233065644
6.012023321929045,-72.06226352075772,18.852018252698134,0.003220253488233691,19.355509574462005,0.003318784090637972,19.08516372001325,0.0032027251787983026,18.718331277403095,0.0030694990630604616,18.52220928833131,0.007752305681782062
5.990634097509624,-72.06227045849992,18.007960914363732,0.0013845747279721962,18.432900789485444,0.0014555652410609217,18.20466098190004,0.0013258268465764474,17.89245461134316,0.001708202424748134,17.770618336379968,0.002312043212586564
5.988763004840444,-72.06224666113623,21.44237694438296,0.01589747737623677,22.50867656646325,0.0419365409001867,21.961383001599167,0.024486408101384954,21.08984645425616,0.011416661263611195,20.517597956893518,0.009724524426195227
6.100478387291094,-72.06222362885808,18.36231920188973,0.0022427803874046936,18.81169496814912,0.0019316918232027388,18.63383524556975,0.002119964700204502,18.24289252192665,0.00222314813686786,18.1115673056419,0.003892728238013
6.099717789830137,-72.06222459319741,17.723370997057426,0.003234306756308669,18.15794508773807,0.001738680815148153,17.93712155125997,0.0019408483842223488,17.600526943756535,0.003055848551444546,17.472480336801617,0.004691681941281193
6.08262859591873,-72.0622403408408,19.82738774469728,0.008233440277730241,20.500466077965676,0.006822825261120806,20.153728329916056,0.006127145613853619,19.648457569742803,0.006934865387245137,19.36807860438801,0.007508758466237382
6.056020514192328,-72.06223738889356,19.375117475994305,0.004693474253139366,19.953995213754737,0.00590137094353188,19.653335280896677,0.004669828540608631,19.231231484034325,0.004049504976843211,19.02247518611499,0.005806272113630068
6.002169618351292,-72.06223803251366,21.652407834611868,0.01842336364785836,22.64918961834414,0.030812065888006345,22.131078812315756,0.015514223790771917,21.140334853716205,0.012564309953681395,20.624211252975932,0.01207167274827512
6.037017174893633,-72.06222191613386,22.570966567340154,0.05202212827706645,23.73093503459991,0.07783184863398235,23.069163837983353,0.054964581758226,22.05528432548192,0.03705511044569815,21.45711794213763,0.07530935271836495
6.012720778883292,-72.06222158474256,21.53594097343272,0.014021139109511966,22.48950218165595,0.023379900655083122,22.038773908838074,0.01866880350603781,21.174188046267055,0.011042680446393194,20.56584098004045,0.008756572328347872
5.977899251519332,-72.06222211692855,18.22108713581638,0.002304299546430652,18.641313202547735,0.0015855334923821456,18.45826060214072,0.0022002979795718,18.104780972640356,0.0020344641589904217,17.994400927104053,0.002572423367089004
6.105020914592914,-72.06220191805927,19.219552443647725,0.002617807220165385,19.80373220994189,0.003360178510159592,19.501789865646913,0.002489922883764995,19.070891112631458,0.0030951858610162165,18.83884261122909,0.007019486338574767
6.073579896812185,-72.06220591095715,19.420399490234818,0.002334093330971143,19.986198150448793,0.0020776753059672587,19.69500206209434,0.0016441523174338859,19.248724354046296,0.0022413137013922568,19.05590576824845,0.002837369605743612
5.984697381802122,-72.06221131401409,20.88878912700245,0.0096363131605237,21.733498440932863,0.011550478006663178,21.307133325875782,0.009115811627837573,20.592787082522904,0.011047890726113003,20.179585231081965,0.012741721517974267
5.983166314731351,-72.06220838488804,21.403467907512653,0.020553766916050556,22.458116044047657,0.028630858326826603,21.99684464097963,0.01958046353940466,21.06244890164202,0.016802827449380504,20.455844681528326,0.013750768993669397
5.968410008599493,-72.0621999266835,21.030804251954432,0.005918257601788594,21.9372808040267,0.009151006999707133,21.500068730478326,0.0051746006841481475,20.726315378304207,0.003324706008501127,20.260900658974897,0.007836036962013643
6.124043899283163,-72.06217207635405,18.825497251651537,0.0028614046800261345,19.300583727367787,0.003046485247390913,19.06137165545308,0.00261486805364167,18.69201279207163,0.002807414848740001,18.525876035319108,0.004354567689934795
6.06365343318031,-72.06219243482018,21.035385825244166,0.020003037195270006,21.954992663003914,0.029664058563830337,21.508985956531838,0.025470792822929834,20.75472704599445,0.01723455638970428,20.125378167637187,0.027262377455579283
5.983575542875547,-72.06219383384605,21.478181286388914,0.011122598132811119,22.50133403041866,0.01921709635946266,21.996900571814116,0.01314800617179913,21.135549450331318,0.008027641114357864,20.49297270538709,0.00655112772238353
5.974712364075619,-72.06218844665412,18.06856639335577,0.00281955026091626,18.486703038541812,0.002395920515894791,18.276040724051278,0.00241645264665253,17.94370333760186,0.002492908981156415,17.832924349986463,0.004387887906193827
6.0676245389422645,-72.06218090705116,19.60254964453026,0.0030013522552381866,20.232678067113035,0.00269086310131566,19.914100747657073,0.001999666152602156,19.46248640291659,0.002442795875233576,19.21310997007607,0.0038154616843946794
6.0503483914467555,-72.06218769384209,19.006933495464327,0.0035753761769120964,19.52143383639754,0.0035060358775465994,19.24788730076112,0.002728178348617124,18.875817363961858,0.0034932261077304924,18.68410146806663,0.0054757567057069564
6.018933857239188,-72.0621925135883,22.25089484494207,0.04351016390811364,23.518786967855625,0.10030125729376786,22.813442450521073,0.06092412628660801,21.79753908195316,0.031784727489574796,21.036443606073313,0.019577917190345847
6.018059466123194,-72.06218829765967,18.170316865704148,0.000714334759593031,18.61010892379072,0.0007601799791558795,18.37209280963814,0.0007234861578341951,18.048438997645675,0.0009697992913076062,17.936839540334297,0.0016769338998460176
5.992639438633772,-72.06218769578065,18.89447013806254,0.0014896259777535494,19.402753851304148,0.001462708243555884,19.121281164570895,0.0014504803536818805,18.747772685912373,0.001756079487103144,18.571368862159716,0.0023500022153250502
6.110610538704461,-72.0621503550936,19.480749086852978,0.005898480322274451,20.068086763154966,0.005335463163756809,19.844216540741776,0.005533131283315005,19.32218364560714,0.0064811616221727136,19.111949503049566,0.008011667963279687
6.050739613631019,-72.06216882555609,17.815185619330105,0.002253349652572567,18.23185243060138,0.0017824366330076503,18.006520971165337,0.0017618248879443443,17.70667039709901,0.0021350774150519134,17.590238693933223,0.0033172291318458724
6.088641362276734,-72.06214378187781,20.75556107373472,0.007642210886366269,21.57810505183832,0.006399340845861239,21.248900805797582,0.0058442324539201085,20.487570493633548,0.005250061695449148,20.06748174726345,0.006278659389286528
6.081360666247002,-72.06215723665083,19.600224503089937,0.0029130535928806804,20.295962590638936,0.0036405042559852024,19.973638524816508,0.0027621721930737035,19.5058621915123,0.002881094243097531,19.25659487206763,0.004439873184230814
6.075430231279721,-72.06215613116741,21.42272298644149,0.01414579550926014,22.425903710026496,0.02523038276058886,21.91082070082478,0.017992470834524776,21.067016377820195,0.011284295565912867,20.502851855667316,0.011745938981453683
6.016755178940628,-72.0621517979834,18.884090439555198,0.008279513614455428,19.39123808708991,0.005065173587873716,19.11727967757941,0.005601935063418375,18.739386691301426,0.006041214804294917,18.586599139674128,0.012183744597730964
6.101845861001858,-72.06212862766138,18.65922339370157,0.002912196187589933,19.13787495848765,0.0021894694468401294,18.888812598087853,0.002300580738395898,18.51632617838917,0.00253933712180731,18.359334681365695,0.00499324794903717
6.09451502754085,-72.06212833413541,21.707617792570833,0.019790954704565288,22.7390940895137,0.02281323723901395,22.26969567869387,0.018458572492755256,21.32036237526546,0.0204823954609402,20.72573835069756,0.02014579348930135
6.091056332513572,-72.06213006832206,20.459959016233856,0.0067606811542255,21.254056598266374,0.010044218366288967,20.935205137108063,0.008489105604232263,20.211195930049392,0.006015945663017129,19.824712219512982,0.00646796480286343
5.998606172581444,-72.0621346839239,19.972421388754977,0.005130819150285013,20.632772377220697,0.005174275712684503,20.281845981644416,0.004518289206950301,19.745357174035114,0.0055010306711754595,19.45782538744816,0.006534127662474093
6.098403614475928,-72.06212451685437,21.729996791797024,0.030415209241914355,22.5121129634977,0.06421630836372187,22.162437095257523,0.048024952181278224,21.32708020686467,0.026850775233743497,20.627008209404167,0.028772118896626068
6.048356921279611,-72.0621387862108,19.742274635640367,0.005165623713358525,20.35951145557774,0.00501976923995687,20.05117569480577,0.004303118843953514,19.572888413356978,0.003970805778653735,19.308712178875588,0.0049848655576705345
5.975360279796761,-72.06211636733495,18.496356879391936,0.004463952266361873,18.9808278708431,0.004298780653909096,18.720481587558112,0.004343706108719668,18.383597897869365,0.003373886990955003,18.199556714866112,0.003793764531174409
6.093260765977755,-72.06210735429147,20.804824059940746,0.005101502162326763,21.618583624906336,0.009619409757572459,21.202795368468472,0.00620346072736362,20.560520243714024,0.004625368025975226,20.115352062988663,0.005054614454379341
6.070311644733344,-72.06210596011965,19.319981834524345,0.002849323466361012,19.88089374719437,0.0029875859980346533,19.58212965799656,0.002362512342047905,19.161936894635048,0.0026289033215273587,18.97482366196148,0.0036425868938913825
6.051797302343448,-72.0621082945876,19.228901066336572,0.005065963070804267,19.778578371285825,0.004022771904151459,19.510586474071694,0.0044160064538736185,19.09140240568634,0.004021867148264329,18.89630021744525,0.006424897965043833
6.015681164558487,-72.06211552146895,19.841940465405205,0.006465857272766579,20.512625384415237,0.00667708856115814,20.15387624734049,0.005889134610842933,19.666350356587685,0.00509414089766212,19.381877201465407,0.00938015958786209
5.980509612265598,-72.06211841424295,18.308760628185514,0.002239431158811458,18.748501966946385,0.002795492498054782,18.50215262033845,0.0025593824955173344,18.18391867434591,0.0020404103183244036,18.066221302133584,0.0028305958297259407
6.123043245328301,-72.06207439837674,18.708786918048705,0.0020445224306444867,19.196559690468092,0.0013862634738580819,18.953092783678322,0.0015806059424022575,18.5702285899836,0.0020144359590636507,18.437746993260028,0.00280662901044204
6.1116881499461915,-72.06208591772018,21.36993231200982,0.01408436891984365,22.30058782001528,0.023807742044777334,21.857691262746506,0.016755475255612072,21.01031411285105,0.011891498362591877,20.466285529946873,0.012507062090775085
6.076003446182447,-72.06209458814021,18.553582517978757,0.002124167834570265,19.01876455434595,0.0019122434418248977,18.78298491747306,0.0023525372145652822,18.43704894788376,0.002154022649244975,18.296080085342325,0.002630123175422727
6.054936471819053,-72.06210470843786,18.348406733123642,0.003100903979488642,18.776651185373787,0.0023742883490267806,18.56296080902044,0.0026023321736919026,18.234970666674336,0.003459947191789304,18.098641163938545,0.004747720238911783
6.089285687108383,-72.0620708525365,21.844376674811162,0.019062460423634933,22.96042080555111,0.03441781043700986,22.412354382578243,0.023627280398064637,21.45519488104206,0.015137318544923938,20.741527198559105,0.02665595145701849
6.069703064792823,-72.0620811141366,19.419156618830154,0.004128582149678309,19.986855444087453,0.004388284705611492,19.69325871794566,0.0034358029147005817,19.25242977331112,0.003474232182715283,19.033688900192637,0.004724988050881439
6.059228079061067,-72.0620896567685,17.82226045281504,0.0011863292805233824,18.25184414097658,0.0011863389079561078,18.029006736898822,0.0011869466675196831,17.69774061638259,0.0017136612188008774,17.576407235533196,0.002255360686488039
6.011652263421923,-72.06207970720462,18.34654068159013,0.0029646361672054857,18.781180330346828,0.0023716156762044727,18.556801843345113,0.0025829359859790096,18.22373164194437,0.0026766522628702757,18.116928926563325,0.004270059733969207
5.9862455617467845,-72.06209407711539,19.183456151385837,0.0023988635821025083,19.72635974880096,0.0025718823978190695,19.517127083389305,0.0023858843326674396,19.038907113822212,0.002312054109965987,18.866256478248474,0.0026828536038226965
6.086239892796095,-72.06205908668433,19.55795521292524,0.002572554516468242,20.12981227328403,0.0027630690279829956,19.83510039999353,0.0027001015309374853,19.398687561286835,0.0022942876092339037,19.181892905892106,0.0029860975850890406
6.083220050650152,-72.06205560180513,18.804931282826114,0.0010203223468591039,19.293008990055718,0.0011235905560737984,19.084828641413367,0.0008760216547321939,18.67287032064045,0.001288512688785417,18.39528573399418,0.0015964414524308836
6.077942586086661,-72.06205888610108,19.541286981518628,0.007625777673745505,20.146333322196654,0.008388987605335678,19.841771637594853,0.008358790322763017,19.384791829051657,0.007755258558980657,19.16007413868541,0.01012973551270026
6.056799370679117,-72.06206537611682,20.774355174167514,0.0063676447110459266,21.60824152336268,0.007938041909067033,21.20094778101506,0.00550011396715142,20.50953863294926,0.006010198691309555,20.079364556677227,0.005908976511409278
6.017505511114457,-72.06206748385986,19.996624793438958,0.0036344922788576995,20.68611793789387,0.004367626934583353,20.326609158473843,0.0035675102665407694,19.788356247690174,0.0032873177982586897,19.502204255083832,0.005250329491695178
6.010741180335066,-72.06205382038017,17.94025659936222,0.002845118489590802,18.370580402405757,0.002166786279976737,18.164973750720897,0.0024016068872937738,17.820178876252058,0.0022485931410865735,17.711464828525486,0.0031772664977201817
5.9855112327320805,-72.06206455455539,20.10814174283522,0.003624955857529195,20.824283542777337,0.004578990414117253,20.409257098274175,0.00342973923460595,19.895846149865086,0.0031330754294269457,19.581778375802934,0.003569519068058075
5.984276715968529,-72.06204979363339,20.937369871809512,0.005575147251154345,21.84334469114927,0.009400799590224206,21.391695933035734,0.005304434562624654,20.6067021352873,0.008708623003229459,20.10137526693915,0.008493732904292128
5.981075022168597,-72.0620627880276,19.520950511427937,0.004818669852826917,20.141836952928713,0.004297382724335924,19.80371654057931,0.00453073445928261,19.366825318255785,0.004812506579350102,19.158826724746895,0.007272938450707399
6.08375013243844,-72.06204533495696,21.13631209938715,0.00833693080040493,22.009985564284385,0.015423899487880203,21.61693829543796,0.009768640505698489,20.78170058861214,0.014751083672099102,20.338159393184462,0.014171144877259637
6.081983306544227,-72.06204293358701,20.411241657378607,0.008257253365067507,21.145275142082184,0.009459305617179394,20.769191222338087,0.007790869181561979,20.167423772421728,0.007736045967843344,19.813530112144875,0.010114213998489262
6.0645430683344435,-72.06204274734648,21.98102742101374,0.01417054725632003,23.135933246702088,0.02883782725920957,22.558534656933723,0.01451699573517141,21.59060004550046,0.009050286568532285,20.858794986053866,0.010652384347831207
6.063104665770734,-72.0620426730889,20.0816907422868,0.005422464713099143,20.767302691521834,0.006061193697487873,20.411727927618095,0.005417913388410117,19.873037945151268,0.005849177600545786,19.544517714533313,0.009617526028390127
6.048007766757392,-72.06204253332479,19.96106093009917,0.005467510889666093,20.608883880175846,0.0058906198675305185,20.258116755413653,0.004356773141024103,19.74778251210678,0.00383434965711335,19.477829852905188,0.004931845036551902
6.11040937969865,-72.06201707937414,18.371043234294998,0.0024182957309102754,18.822104038868886,0.0021953036063784943,18.634343671506223,0.00221342163493248,18.257955113215914,0.002358341950838045,18.145505591096097,0.0035909771237460585
6.090398055369817,-72.06203286124098,20.98840276298274,0.009829707638282852,21.920509165333,0.013876119549051243,21.451518206214928,0.01137749148655495,20.707297728417814,0.008982398851725007,20.206166050511506,0.010959038155160495
6.1054297706754195,-72.06198532069592,20.701631507514502,0.0075296421547146235,21.48539962079142,0.01027971864310582,21.164556968623927,0.008185023562462881,20.392720710767833,0.005171291351198301,19.986099473653347,0.004320694914167267
6.0758786161302005,-72.06199896505971,19.96069755303977,0.004738779612074833,20.6136253185149,0.004813913590063378,20.29424590838186,0.0040024183268020375,19.79665282193924,0.0039821449086460065,19.505743937583297,0.005358770042589332
6.065459960722464,-72.06201010063029,19.260820831243915,0.0030762323398249385,19.83938966261168,0.002330991261177573,19.557074242439256,0.002269002676922283,19.103022130197104,0.0027798554773284,18.85895535877909,0.004461969443417882
5.987066062694117,-72.06199679843013,21.150681127191245,0.018939413187677508,22.09538753547308,0.03545249490637231,21.616381901872117,0.023532614492206803,20.816916749420656,0.017693819855001923,20.36475863733056,0.014222918248107341
5.985769732956099,-72.0619874930247,19.77576561952463,0.004231849486169029,20.39864914504016,0.0047728350396596805,20.051207246204086,0.00408867073886614,19.561803560730333,0.0040759056900748405,19.33049648103475,0.005406693729615636
5.969397832783792,-72.06197788265678,21.307075669965915,0.007082519893736413,22.258352070998484,0.01484113119172782,21.781656642524354,0.0065519970209570125,20.939843375335336,0.004742795919249382,20.379758765133815,0.010324841375775813
6.097357725376743,-72.06196461393745,19.107598465121495,0.005265172629899549,19.614091048820143,0.004915363184739793,19.351060342437854,0.004851959831967425,18.960638938966092,0.0049018645095790245,18.795162138951063,0.004881015821353799
6.069750266750678,-72.06196830478139,19.423429329901143,0.0029361184691516027,20.043666769959287,0.002373628505419958,19.734859329132135,0.0023655059674581734,19.265616449303465,0.0027273801683286455,19.021975938472742,0.0039020098023347383
6.089494882299627,-72.06195646318186,20.841132383601558,0.007069776366052381,21.670065839643826,0.007512650349507612,21.24630834103914,0.0064506198262461924,20.54597931434307,0.005259336324530962,20.098642291210517,0.008942840752437014
5.968150390564276,-72.06195689022192,20.596171731078886,0.0046637907040638985,21.382553892756597,0.0065155286374671394,21.056652235155845,0.004329390749973629,20.337097527231393,0.004581427604220987,19.941968529317506,0.0058273951779907705
6.054324066902172,-72.0619414569889,19.8502377293179,0.015253753694729413,20.546084975285773,0.009598445167196639,20.205822702762006,0.014620094064060715,19.687157770604415,0.014312289211458076,19.400471971241906,0.016225347190310577
6.03340991213535,-72.06195287566727,17.802026826581898,0.002948161839445163,18.236497954169543,0.002476784689324071,18.006376227699526,0.0026711872991048175,17.68229078895539,0.002955056770719007,17.582316547152324,0.0034746060459677824
5.968944940396324,-72.06193589173616,21.623567668709217,0.007574078983458205,22.62023053761949,0.014524199818650295,22.188670517230157,0.0075498620976323805,21.229957265463213,0.005453820692765468,20.62640245808047,0.007014526405683363
5.959225570749372,-72.06194206135734,18.601064470477173,0.0013853638126197707,19.035190437526836,0.0011283169166346723,18.86528938233208,0.0012973734778971152,18.46022354994855,0.0014762693317111552,18.334020649405666,0.002000386480543557
6.109069160275576,-72.06191980361926,18.747437555796868,0.003454433229283597,19.24473654810199,0.0029148915175566258,19.0331001448832,0.0029277295396782535,18.618004903589252,0.0032581426489653787,18.45874776517099,0.005529518085876515
6.087925990116836,-72.06192049247048,20.038473255436575,0.0027939998050643955,20.770198075942943,0.0027966454919316585,20.41096310744917,0.0019276980500169977,19.837329073505423,0.002864020318363243,19.516866353061815,0.0037049573781051627
6.021222723224905,-72.06194122973481,18.100843542408388,0.0023560247436947806,18.51458559574376,0.0019191990041902028,18.285927598965863,0.0017271705003466915,17.97082719893489,0.002502798229695884,17.839774801341505,0.004649909463690671
5.997804665203716,-72.0619280597318,20.015911518653514,0.0032107732682346225,20.699434536946278,0.0038536448606200343,20.345843964856563,0.002542398069009848,19.809609192940478,0.002624287408829205,19.50218895261746,0.0036241733807785143
6.084739571874007,-72.06190784087191,19.638985554330308,0.003104442387313797,20.285623207216275,0.002252357893314599,19.96313873818285,0.0017926090698257122,19.482975913822564,0.0030373771438003544,19.23289669290468,0.005047290408035026
6.050571116276427,-72.06192891890674,19.439476439950514,0.00374985352848169,19.996157500693165,0.0036547917751900082,19.71686963228585,0.0034873932381392263,19.29927617750468,0.0032317410454919832,19.090691368577673,0.005466239034454054
6.035523683093065,-72.06191389960088,21.93341159035865,0.036099388919189485,22.97747281964522,0.05689664365168447,22.52788569598716,0.04521786660371834,21.504750064984144,0.02638846342635369,20.85392013855774,0.02137037724123864
6.028696606541036,-72.06191628559381,21.865309177717553,0.02849120945968041,23.04246445827068,0.05527149053368287,22.48441271752268,0.038374705154800993,21.466213835899268,0.023842530317958237,20.71692062637988,0.017771652982649797
6.012355929020449,-72.06192412520998,20.44671706570602,0.004075233608165607,21.211013779800822,0.006001965882755574,20.82884876997032,0.0034697045364208237,20.223503890428667,0.003836194843552116,19.86902699146001,0.0039517082019836875
6.00432693921861,-72.0619237306338,20.09240403566672,0.0040730019295323935,20.76051027419961,0.004011993535811539,20.408208624753506,0.0035128945436928606,19.88865570534088,0.004054760325964104,19.577374943308335,0.006170519084725254
5.976260955944157,-72.06191630627987,19.377332479247247,0.00272392131681581,19.948636902707044,0.002242816740762346,19.641136478362327,0.0018342974208588403,19.224902414541404,0.001803184743266227,19.0244276436665,0.0023544510248998244
6.129147714583526,-72.06188042564226,18.345322923425645,0.003118330930944538,18.818880606578603,0.0027449745698659733,18.58183732587529,0.00233269500204919,18.219284441239026,0.00292019219762354,18.097271820571542,0.003667773268577646
6.0778571680669655,-72.06190734120617,21.388798601155226,0.02309099548496341,22.53947202623911,0.035833629912886376,21.982274446069383,0.028341403043161968,21.109329645947348,0.01571967744888051,20.459319908052002,0.02158679332113314
6.061706901033166,-72.06191158967009,18.27909777950438,0.001173529284071477,18.736398896335615,0.0009754824385009203,18.50761696636487,0.0007255292853408614,18.16193296807208,0.001008169522975376,17.997630710043758,0.001994834769892054
6.049493255281437,-72.06190708246756,20.320941659432822,0.004613832829615242,21.038154475901855,0.005310293219615104,20.675635675209413,0.004660453589982579,20.086666917250255,0.004091552974813329,19.738719539395973,0.004785225389636799
5.957186623008276,-72.06188847894263,18.130350897659678,0.0009958210979238043,18.56337560641827,0.0007141479421444803,18.318173490983426,0.0006791290858484624,17.99315822666376,0.0012246375027466277,17.88073042301714,0.0019826352549915127
6.073924966939879,-72.06189301085078,19.379923467880875,0.004004639398268188,19.958531407456668,0.0036230986231573724,19.66229636352675,0.003002082615655018,19.238394791432654,0.003716268613753992,19.033162328716863,0.00472009635372303
6.067207075724986,-72.0618856933651,20.388233206128444,0.00531896124444212,21.150338450076298,0.006148396365618084,20.772000838848037,0.005301043294756691,20.17098175568693,0.004160669956250979,19.84184051422603,0.004578265546500449
5.99695298639642,-72.06189270154938,19.294160850360786,0.0042569320873262866,19.83576290071742,0.003823585445375541,19.54588503886297,0.0034338390072612447,19.15365631763055,0.0038359024016826645,18.960682356606917,0.006430558928224064
5.977862889109275,-72.06189496537905,18.676529592747467,0.0026539741108988347,19.138838968810788,0.002528285593300664,18.87468538428721,0.0022538763782085636,18.54429604745424,0.0023876776378164897,18.419492773935353,0.003827785261794257
5.972050051793173,-72.06188775920546,18.19835730610944,0.0008406439288390235,18.624331925516856,0.0008509019746995893,18.373844384220284,0.0007139812163281256,18.069447481444847,0.0008904458815632117,17.947525845197866,0.0018426991941733054
5.958853984350374,-72.0618786395815,20.45812368963188,0.006061943857556818,21.222557410479283,0.00728144605195818,20.837046208186756,0.005732170369906639,19.978499884007277,0.004967723413742637,19.83324689019674,0.007002975448881266
6.081868441808142,-72.06187980473302,19.806705573393682,0.005934123904169784,20.434354498102223,0.00656738656771748,20.094033740564726,0.006375827141876082,19.619493963512333,0.006971000548348305,19.375069002083002,0.008114484003510097
6.06937575371822,-72.06187558155943,20.491417395605556,0.008858607030433526,21.267934263091078,0.007701932981623974,20.87881307865527,0.004934042297298322,20.25583544213663,0.006493089333959805,19.84133045588794,0.013880333345900301
6.059568697943465,-72.06187456152608,20.5807449191232,0.005520062552377452,21.416424762396858,0.007837638744507826,20.998658452980727,0.005875871967040059,20.35213068203631,0.005452909272386022,19.978324875200457,0.005220630636210611
5.960567818641273,-72.0618756361339,20.594292962655278,0.012954251152333033,21.366701665293768,0.013912283187700845,21.038224629047278,0.014948216194564047,20.330645539725957,0.010882096270953354,19.897966493529687,0.02191361796242124
6.103252674626271,-72.06185731072546,20.558552821464037,0.004955127675130159,21.35620132531411,0.006191680010500527,20.955032646157534,0.005054374203802373,20.324341296163837,0.0050032411392974775,19.916107573289274,0.004933860176654706
6.085449147169459,-72.06186576049652,20.578908814579453,0.004226759408266453,21.41473806925533,0.005487061242193367,21.00543577945615,0.0035715099589732186,20.35761367778619,0.0033497084783316975,19.942080605433425,0.004566322494877585
6.082947754491795,-72.06185285442423,20.6281627508187,0.0038904039001984927,21.422015941691043,0.006378969151645614,21.048185524270586,0.003940733787747889,20.372906446476044,0.003330681361556591,19.961243657060024,0.005272166536423059
6.036013543473597,-72.0618713573012,21.547702391073532,0.028321231593284393,22.508502324541283,0.03556300428534215,22.017996912764097,0.026652332782457815,21.128664418424087,0.022682907129078726,20.60981482818282,0.023559276984157648
5.969729443247771,-72.06185422037753,18.334541226661155,0.001070541756174163,18.766193581651358,0.0009081269086586549,18.51302056488035,0.0009061065529578132,18.202417870856124,0.0013978708208735198,18.080471874390227,0.002278413115988497
5.966418144670002,-72.06185046428314,22.119611705220944,0.038470671287558225,23.38384444163013,0.055244135618417935,22.738272356144172,0.035334078818166643,21.745403407622312,0.020446950745969843,20.99440166990683,0.023940734209634242
6.056583312825886,-72.06185430083893,19.004955108243845,0.0025540804956353464,19.53821991245004,0.002533365188742405,19.272693274222867,0.0024465407536003628,18.898605610679006,0.0020652640508398647,18.702996085653375,0.00414566480766909
5.998204839936499,-72.06184894306224,20.21020980965547,0.003961066141758254,20.89023458016853,0.005046921542739945,20.549820112612856,0.004422060950251667,19.99821223388149,0.0038709313806533844,19.628121571531203,0.005914188749371156
5.993562757730905,-72.06185308992332,20.789384602143176,0.013388885151218713,21.61025594346271,0.012521343259941002,21.270904206534198,0.011315690838055342,20.51903841540095,0.011529066394587036,20.027282260030795,0.017511179371355556
6.084217085804701,-72.06182399722434,20.167339729634083,0.003596886572786586,20.925753673675246,0.0041641306821331246,20.552409199248267,0.0029039815637910554,19.97703572311333,0.0030326709332877803,19.60130407419731,0.003903049580017706
6.0259896346260975,-72.06181688026827,20.081655453375095,0.0031384421588746504,20.79629091731435,0.004784062618530919,20.426376416988425,0.0028730381968949904,19.852749076286273,0.0032116633205653334,19.541625280652106,0.004963798283298751
6.094994898064138,-72.06180063685781,21.05413569413823,0.005426894714737379,21.947851881929452,0.010120071498872318,21.50819992233511,0.006004713126570203,20.74320701301056,0.004284104141831089,20.251861517869763,0.004623563857408641
6.057864240227055,-72.0618064000161,17.864835386686973,0.003097212272374946,18.314849953534925,0.002038874675053635,18.07822394475516,0.002626114043090986,17.752646674234335,0.002474304745273091,17.618137281258413,0.00314276514830918
6.0265142546149075,-72.06181732746452,19.41407377161232,0.002168751869155461,20.0080875690835,0.002521791808669522,19.690599669115237,0.0019333293452807369,19.257176465648904,0.0020136512657425425,19.0358674181157,0.003093877238526868
6.121023612420651,-72.06177157132245,20.451253512577335,0.005484973029063117,21.192301890031203,0.007156641246759612,20.829920938190682,0.00561508695147507,20.203588296953633,0.005466280512700061,19.84707960560916,0.0058264572850025495
6.081982803156871,-72.06178504007386,19.339427121300762,0.0035089880218427552,19.89870651008671,0.003210500430373234,19.666740483899154,0.0033287517362102803,19.189111377461394,0.002874645015770807,19.005893525194175,0.0035552682135530415
6.074385129151688,-72.06178815335576,18.81605496537107,0.0031004587699484955,19.289551252783667,0.0023173134043258416,19.04739410147873,0.002592065731334323,18.68541287101504,0.002404537177424907,18.519610341329795,0.0044166685342712664
6.063547551894835,-72.06179706924469,19.603219261380435,0.0024892368348293447,20.18019258266594,0.002659727753296389,19.864352828155134,0.002122396446482905,19.448679710032827,0.002190679136712273,19.214327055951273,0.00334510350295433
6.037250669592914,-72.06179261407107,20.43568352921594,0.012820125931932373,21.211894187114304,0.011138867454516154,20.822754360826615,0.010789326495140117,20.21752063513756,0.009605641540619048,19.834768185614045,0.02006992466553409
5.978511552411976,-72.06179522339416,19.94501553522886,0.005830544803265763,20.62121180556393,0.006324689731286619,20.260733144526597,0.005543960061138853,19.74831190479768,0.003517310556046406,19.44757663258732,0.008929864474582454
6.114877606675796,-72.06176962068398,20.11863944436175,0.003968111192146991,20.855302464095764,0.00625054469934886,20.53050935290522,0.004353972323522252,19.91901939756184,0.003495914404223966,19.596692251941434,0.006051708487822088
6.047355878828604,-72.0617753830936,19.774945670021783,0.0024545905200909885,20.426621752280845,0.002735718928332347,20.096848340311624,0.0018590927665552335,19.609948823804828,0.002237471795409197,19.34025980191914,0.0032419184362736313
5.9861830516623025,-72.06178561013806,19.291699944909087,0.0011920931162318787,19.856555694399695,0.0015515696240019667,19.548421240999666,0.0011876422428485857,19.14355359538827,0.0019264411604685088,18.941730813833836,0.002201811422537473
6.074046602946912,-72.06176098554167,20.48057641414474,0.015056636434515696,21.216124204442806,0.015102297145353081,20.829448555511085,0.013472668180598045,20.17710089562501,0.012350887908711904,19.770818051920635,0.010630647267094909
6.072879073270707,-72.06176157591517,20.184952209366646,0.0025513526402072043,20.929858695114817,0.0036463675706323744,20.534356891082034,0.0023111272845424374,19.96789923116623,0.0020751512104747855,19.63052423115745,0.0027777667302030895
6.0252212476738976,-72.06177161010008,19.79093069091009,0.0034260719284935283,20.431466253780563,0.003993248173979177,20.09379031997458,0.0030115021109533725,19.614465660928246,0.003413394274518822,19.35529101510624,0.006253971534592858
6.080943524176072,-72.06174837202626,18.11993579289806,0.0008098118333870497,18.552222866985545,0.0009311789864558361,18.32460981222652,0.0008403475796029737,17.99830692501653,0.0011642968457022493,17.872274723591907,0.0024352033496681485
6.076856412564548,-72.06174827429051,18.169194728305836,0.0011185230475013687,18.599642245420796,0.0009239210257104025,18.374277283856728,0.0009408027920015719,18.05308441007675,0.0015294361392140376,17.939597886001728,0.0019240497515487487
6.076157035405194,-72.06174579207364,18.560830991908578,0.0016262942490429062,19.04512849131048,0.0016293374024933171,18.794084491986844,0.001298691907728095,18.42760622884898,0.0019194611645405374,18.276143202217085,0.002214307544584826
5.9992890569788315,-72.06175118093283,18.873855163377588,0.0018455644255807816,19.375580278574283,0.0017964557574121653,19.146102163346825,0.0016351062976254383,18.729877832715957,0.0017275825241539764,18.559695650274115,0.002210843054120296
5.971030978214083,-72.06174986735866,20.037004751297847,0.002474203094698665,20.699316193407157,0.003563740720699281,20.41344120406667,0.002752448212608094,19.81825981629742,0.0021968858614084957,19.53995986736937,0.002722401230552269
5.967458164954736,-72.06174998935607,18.601874846605558,0.0034803176383404123,19.043607845167465,0.0014250105069067748,18.79791105769609,0.0016024405261646994,18.4680236409827,0.0027867467709137136,18.344531337933034,0.0035175857250927135
6.112850993268475,-72.0617255755383,21.424062965490368,0.005016312547495781,22.40846546400067,0.01060367796188671,21.942248173725922,0.004913760956910262,21.09283623813235,0.003826051782999808,20.518242194495713,0.0032132997665792066
6.082516684495448,-72.06174051978869,19.12053663351411,0.002648104577097154,19.65637844597623,0.0028939441126817856,19.427821182998947,0.002557351187532813,18.97853296828417,0.0023369862126768532,18.808724633074128,0.0031801208358995313
6.045346455181134,-72.0617489309373,21.07863239824012,0.014596314453313648,21.95356276001504,0.02073704118404851,21.49016772025829,0.016828026898327717,20.761692818848417,0.01663995000919835,20.202998052090678,0.009967775005556356
6.01761757246079,-72.06174898262911,19.52897944077227,0.002364833686242652,20.125516229643807,0.003610770993563856,19.79865964242618,0.002564198273883036,19.34832139328215,0.0028950436024653423,19.10627757256603,0.00404328982522885
5.992863855267344,-72.06173361577098,20.284922542747186,0.005302299483035937,20.970847864289595,0.007482050151033216,20.59847829254945,0.005909307032170696,20.021097025998657,0.005394091112452306,19.721556872178844,0.00586594866662954
5.980362308390894,-72.06174306164554,20.33879945040066,0.0040697375530864294,21.056945961766857,0.004768841151218172,20.74515440280576,0.0032430669807358902,20.10088580695978,0.0031774645868841533,19.769818283199008,0.004977919123758105
6.080516623624754,-72.06172705969246,21.809808392077645,0.017318920602098452,22.844451166565854,0.04605396959036808,22.398878711443054,0.025995154428508634,21.427528502728343,0.01883693434226678,20.785167958219994,0.016276854857339658
6.059590574810611,-72.06172465288509,20.968110446984337,0.005352550674354025,21.834604233129376,0.009037521379892891,21.392692826333295,0.00544630747662649,20.652592537187658,0.004087705199465632,20.153441360001374,0.0067568998897318865
6.057661521696499,-72.06172494611047,18.5491525933539,0.00256002437852383,19.038869078288435,0.001759486115523704,18.788018281383316,0.0015617105437614911,18.450850478072994,0.002618014362932816,18.28314974213903,0.005762120162263084
6.109023091566414,-72.06168308451912,18.587394760704743,0.0015148805648437375,19.04800115894352,0.0010004475955543983,18.81778302028996,0.001349872171083288,18.465855106220978,0.0014843807759865422,18.29724186234828,0.0023367109100334883
6.080220194297635,-72.06169520728398,20.0544214149205,0.004179317534766293,20.749414557625066,0.005926475545539358,20.407349411165434,0.0042883870373803075,19.83907059661469,0.004461892003615205,19.555782852704155,0.005079113230967009
6.070753426276103,-72.06170285723806,18.67473461522842,0.0022439533235106154,19.152247385262157,0.0016702368810205767,18.894489757243377,0.002108908012680605,18.553860910237866,0.0021412092914757774,18.413337073436978,0.00290448372809319
6.052739370669242,-72.06170171862757,19.570181301378238,0.005622405380525128,20.176440892097716,0.004453358810008368,19.87213662637781,0.00450733985144311,19.389477333712946,0.007490106139229086,19.177369935298834,0.012556478245747857
6.02265493496997,-72.06169684495552,18.588526376850968,0.003726518670418654,19.02722952014689,0.0032532115652068555,18.777033532627648,0.003416753656427188,18.48006293876744,0.003477986588127957,18.367868291349794,0.0053085746917100034
6.101941827435081,-72.06166868798557,18.304105989153445,0.003121156790320441,18.761001236308566,0.0013999845907526945,18.52863851991905,0.0023075657559255384,18.18728169467775,0.0027113708234278557,18.043384102899097,0.004829326984538323
6.034160613517363,-72.06169124174151,22.14068955318307,0.024655443531048756,23.118861354027317,0.04111816508327025,22.726729804277532,0.030606050618600163,21.704903425234335,0.01634254958502706,20.969087777365083,0.015120786551346953
6.0218374426301455,-72.06169085769575,20.435274031033646,0.015347515336199978,21.226532060454197,0.012180344492619684,20.825782249298207,0.010655244873586179,20.20446780545838,0.01359347967227665,19.847240677659222,0.014714821145196429
6.015512679533327,-72.06167922513961,19.749042276392917,0.002641794002538569,20.384444606909433,0.003098741564172273,20.050390081228024,0.002347533520645611,19.569040137354094,0.0022027109607134464,19.316808354032908,0.00304828397314408
6.089025119538889,-72.06166988697306,21.193300100093882,0.00575262600759845,22.168944637057052,0.01211665968131962,21.73132948386929,0.007486193624027396,20.849662172902327,0.003933426126149774,20.329183201136445,0.0037961702095746677
6.070055781487377,-72.06166769651055,20.03624600160968,0.006003605014323055,20.71155132933778,0.005748351496908418,20.381027388628723,0.00528585355922647,19.82638778386203,0.006338191914194282,19.510427862980315,0.008495727369446156
5.982270405164686,-72.06166161451092,19.743112627656732,0.017495942289207884,20.36305026611774,0.014717603101430166,20.03107230955625,0.020378984021546455,19.561646718539834,0.017058861848542835,19.33478296143622,0.0232098949102624
6.1108513736424195,-72.06163395099313,21.546081740473202,0.006355419433123241,22.596534799068905,0.013697374656106676,22.095975436967272,0.005570081471093285,21.16979391710131,0.0039017776373913575,20.58079902618558,0.0031968952790351218
6.087370702732279,-72.0616477617549,19.04727305251851,0.0036860626651296566,19.609192272930294,0.00343216567292473,19.312007997680148,0.0034579356377130747,18.87217911930898,0.004978508436230448,18.64680189782859,0.0065098579427833375
6.0375857230833345,-72.06165386280696,19.292606284353045,0.0027532289608836564,19.85502167035694,0.0026896249562815195,19.559281059536787,0.0022271588356431423,19.143674410219894,0.002286798272560695,18.95557627162585,0.004059323909654319
6.0167480613712785,-72.06165268639663,20.054027541687116,0.015261180049999946,20.76567800431107,0.013273256352291186,20.43808609063918,0.011001692987832407,19.862726837713566,0.013940394531695148,19.5788851023151,0.013507418008787289
5.981008863006815,-72.06164578044213,18.997386579083777,0.0027230677661252405,19.48647980232903,0.002435921471689065,19.29350300955098,0.003004336840506323,18.864207609720978,0.002590540878655334,18.687822012162023,0.004641791711200662
6.114061244913212,-72.0616225434235,20.609265565363327,0.004172517578163494,21.406391047210818,0.004906138750369379,21.02969636697714,0.0039100535282193035,20.345814818912586,0.003324251076604557,19.951953329872858,0.004710270285818021
6.086072389027976,-72.06163174696688,20.959912604258353,0.0152952630157714,21.829791319359245,0.018912413827067574,21.43570074140961,0.013477456021363677,20.672794042692928,0.011705134717018638,20.17043632722335,0.015204819643394147
6.082820994082071,-72.06164249799082,20.00462789380497,0.0033036930145371093,20.687227253185718,0.004095499669070378,20.328291739569764,0.0036782817583524063,19.790912785263913,0.004864121337165407,19.50680696259493,0.004712868801862591
6.062222742595165,-72.06163785702644,17.838602402452896,0.0015782459379282362,18.271889979261026,0.0013096956317453397,18.043650674253264,0.0013772113034897578,17.724864726423604,0.0017158580194829196,17.597728385704038,0.0024382341181401084
6.054305727779622,-72.06163686563748,19.753336681063285,0.030738993345236908,20.345475526889267,0.038330075677891574,20.064994395389697,0.029318332797538153,19.654233174730244,0.031082792955019145,19.313381803354766,0.06122575448999541
6.045615890239011,-72.06165062009951,21.286703931132326,0.049004404585904306,22.29083555928854,0.06477782883132793,21.847451646143973,0.04800013592977576,20.91263150952485,0.05004398339877013,20.279082085555686,0.04947906064083903
5.966268625807722,-72.06164220151219,19.048605172659084,0.0013989212799808872,19.574532094044528,0.0014547481316115605,19.27264532443438,0.0012446846585257416,18.910977322243312,0.0011937820600831294,18.734867945501747,0.002171384124507606
5.962230162825328,-72.06163084312873,19.14078522237138,0.003126880878413091,19.64804978834649,0.0030811955155560507,19.373835870286413,0.0026423974039789695,18.992554821180953,0.0029683995272670963,18.825126875138274,0.004147832777052196
6.02599916653851,-72.06162572913314,20.756632558962732,0.007312798653910782,21.582620356715424,0.010555925733559896,21.157084210589126,0.007883766098016116,20.478245597042694,0.006238203203575629,20.0290037986209,0.006999230648896495
6.098608267555108,-72.06160021083228,17.984954513132788,0.0008272707547633293,18.420437731833573,0.0007340257540641944,18.19369804414562,0.0005244573608847115,17.865757652247396,0.0007481548768072648,17.742566985514053,0.0019787896656553636
6.092847393839964,-72.06161271060641,21.96362321707284,0.008468419144591852,23.188548078124356,0.022182803831321825,22.605284313757636,0.0076005414914427204,21.588141418136743,0.005659694511117728,20.87981539903093,0.004936100915426874
6.086502075854776,-72.06160405714552,19.243917646899153,0.003241973075389326,19.788620609856153,0.0032293414044198662,19.51626468676998,0.003001826556990236,19.077779528347378,0.0032043232136331496,18.859622318294647,0.0046404965569470874
6.074309241586435,-72.06160864170413,18.999173175034333,0.004207923799373802,19.538756070628196,0.0033117786643346893,19.255186690620505,0.0036071026053442153,18.864733847503302,0.004797654896893641,18.693721933403218,0.007948117296283183
5.992398286523322,-72.06162028932665,22.448143378721166,0.024982222286024185,23.71977453400993,0.06022875329568131,23.104366275986827,0.033273081575267885,22.036751815525065,0.018579867897716828,21.240542463047902,0.01288047888068634
6.000083436505311,-72.0616012539868,20.053970246329836,0.007981281118043995,20.74800352729867,0.007553012591086018,20.39821198609158,0.007240958081931335,19.851695621197095,0.007192173371222777,19.55963337626759,0.007985521053056183
5.996606555248868,-72.06159254198444,22.165474849357164,0.03073016701884125,23.399581242796074,0.05063972986176821,22.79184388752204,0.038099169777081464,21.752888657871303,0.022633595931507922,20.985432601864254,0.011227197844178723
5.991635762437068,-72.06159755625438,19.634297441591546,0.0036112230501090014,20.217145740009606,0.0024877562380328237,19.90714300670755,0.002657795637202403,19.46738167774889,0.0029394437760871103,19.241427626481574,0.0038609371372933846
5.975158240342992,-72.06160095884049,18.039342803979583,0.0008795013478838039,18.449164996477293,0.0006702574795209984,18.215262193239404,0.0005598982011209575,17.91823335155432,0.0011288189145115235,17.810360923215576,0.0019702170985844304
6.049807996486913,-72.0615954470325,20.939063866454315,0.010428799508864566,21.990832108692977,0.018082651880355988,21.58061219457271,0.015294734463917608,20.802109123456304,0.009426599526846158,20.280512278917378,0.006655884522034025
6.103745064158449,-72.06156588289986,21.230438705975562,0.004949222755492337,22.2221325822223,0.009740362660763125,21.792213413826644,0.004700147537962119,20.90917484586813,0.0035714427768315914,20.36613386845996,0.0037717713672168326
6.0807407389829375,-72.06157397029351,22.2104308875108,0.023445697128403283,23.33372894604426,0.0513175446892151,22.765657166221892,0.03395694335150593,21.821950145387362,0.017017049421127,21.05064650973288,0.015375558796413018
6.061704535441112,-72.06157081877733,18.98915605497884,0.0030706554060221216,19.503047726651914,0.0023682738383441993,19.227280603974457,0.002205240821631756,18.85327589608545,0.002822016399200101,18.678473131605145,0.004080196045243172
6.052950128448978,-72.0615687050593,17.827074482718498,0.003072662544111491,18.268633104672304,0.002191607026521569,18.035404571119244,0.00247972345797431,17.72127215516967,0.0029371831396393807,17.579574491444994,0.004160582229067012
5.976666703317104,-72.06156452746781,22.431938596898494,0.06896693139531483,23.694936578648402,0.14954976045372353,23.172890281734553,0.10889042225551747,22.016438441261798,0.07415342913749036,21.30483268915423,0.07282763859972058
6.073857282869289,-72.06156343077882,17.85521727007411,0.001969704776840107,18.292818542231004,0.0015215958711771562,18.06067450959334,0.0015229003327091339,17.741596101434524,0.0019257921155632304,17.6142591417577,0.0028644146541422677
6.071517208864222,-72.061555677439,19.859687855109332,0.0037074725480614966,20.490212763642916,0.004763107014424717,20.151709180942426,0.0038134431980836416,19.683582497984133,0.0039106997651020044,19.413411354873425,0.0045882480578964095
6.050330079581327,-72.06155991226845,21.703497951597253,0.032686233162249646,22.643126639773435,0.07200033550358566,22.18323046962103,0.045059067276983784,21.27391080318055,0.021923678031074492,20.685173626483454,0.017631877950217815
6.0016517520716945,-72.06156208271815,20.173384912299387,0.01840494494449547,20.89721334012293,0.01142686917294819,20.514951544949966,0.018586939335491787,19.926691897755788,0.015151356327504256,19.633842910281082,0.01684801285699674
6.08471854860789,-72.0615394660886,21.661559245526224,0.009143692022825386,22.714485427600806,0.016344513002472527,22.219240104573522,0.00849204407204583,21.26422194572156,0.0062545857811272185,20.64913799909896,0.00969914120841719
6.083435839943792,-72.06153475619443,20.189148190930357,0.002642043673344624,20.928025032240775,0.0035544225790690234,20.54800401600854,0.0019683900506736953,19.97122262358001,0.0018724392877294087,19.629027659454003,0.002638091776112909
5.98058782256635,-72.06153646767777,20.653635593720313,0.005776380265000266,21.499836623852325,0.007927567951990825,21.061882774147072,0.005952577836934154,20.399641815459916,0.006671567808935281,19.948566702590654,0.01101560070435388
5.9761334239171955,-72.06153353115265,21.365164500314105,0.019825132901927462,22.36240294161111,0.04457524385269014,21.98930758948098,0.03494157092913128,21.019237180319003,0.01998921619007875,20.33700895655064,0.02901654748882554
6.071003685346361,-72.06153219769853,18.573311790106946,0.0021154328373824373,19.05260663118993,0.0016240213437214099,18.801668452858237,0.0017145113145563193,18.450719951615568,0.0018470635581412835,18.29981534895962,0.0025645702848561577
6.069726665563316,-72.06152620477963,21.253119698588346,0.017136751089675738,22.118695652185963,0.01979771466594447,21.73983312026622,0.01775516172572078,20.918367222309854,0.015219399500819634,20.314078239284285,0.01808965921243468
6.076780620863462,-72.06151966146146,17.958168253605773,0.0018249396665815166,18.3921125953284,0.0014063277655553632,18.209082671323877,0.0014873140737832467,17.840780320746937,0.0019975975513099953,17.71823766210033,0.0026243271634093616
6.04578671296093,-72.06151361577012,18.644043369586694,0.003631963728027318,19.13465512707026,0.0024641112141052463,18.88190074220276,0.0027780153421661214,18.513627642340147,0.00536008235280266,18.35014558414384,0.007533507285161644
6.090966182484505,-72.06148790325149,20.006432225571775,0.004942764377555378,20.642378185553255,0.003964706034841874,20.3139283709692,0.003757531972698826,19.802531474751056,0.0038066809334720525,19.515240596653335,0.006390376024697142
6.070217411556587,-72.06149972766698,18.32339136103681,0.00110426807008972,18.766671040752406,0.0008918710506827212,18.53374817383073,0.0008949492785490651,18.21228729389059,0.0014323506351488979,18.088724282381435,0.001894382794287617
6.06747232955552,-72.06150828066544,20.126040837210017,0.011875439168505957,20.85080531021086,0.00982881316063894,20.474183627881438,0.010264457689318926,19.903839747893187,0.01476883274343409,19.555596260093246,0.02266476824771381
6.0645406979545236,-72.06150803056238,18.425882328682174,0.0039803725679477655,18.905126912462215,0.0026820762650947533,18.665989372442525,0.003345049748125412,18.298074856524337,0.004450919834607986,18.126850374698513,0.006021969684936176
6.040901111397119,-72.06150260565656,19.893604796357632,0.012523705932981462,20.537650950872617,0.013620589880833613,20.189154737661106,0.010219457102170893,19.681359402001732,0.010189962835091184,19.424788339403918,0.014348684946787711
6.040040168156516,-72.06150837941368,21.711132895179258,0.032484092604449746,22.66654097453489,0.04666504845662576,22.177537028185576,0.03375824320496945,21.400430456843893,0.026101801376145168,20.938653061243713,0.0353773513304126
5.995332860329315,-72.06149919305076,19.47030298093203,0.0031054302024516906,20.048857673989147,0.0034673827821249505,19.730557134831876,0.0027240725395839297,19.303081742359325,0.002719857420589199,19.074234606437464,0.006627358985347266
6.059969402812586,-72.06149089535616,18.122985438586614,0.0006257302783653905,18.57620128662927,0.0005958024613060151,18.40396706043206,0.0005883851164182501,18.019157077955256,0.0005577044954848421,17.871172709380893,0.0015641240808034846
6.0059815168524775,-72.06149008360747,19.65711972666674,0.00715270539421088,20.26841497305292,0.009154164424315814,19.958706456570674,0.008351982138784141,19.47471079631871,0.00692056155541583,19.211055648648674,0.007542787886502946
6.065651566445736,-72.06146782995087,21.245491778263816,0.008803661558479243,22.221462192607582,0.019413377430070725,21.782971276610006,0.010991364173343466,20.91454526531068,0.008095612600258033,20.31244897852391,0.009951220395470759
5.973640566684399,-72.06146403695084,19.817845082710168,0.003030565317322135,20.461470740180673,0.003270413006060201,20.121970639476572,0.0026765276938122036,19.61328215535277,0.0024116042729868475,19.347052380551794,0.003040358765838155
6.129490641632623,-72.06144545579765,21.033593907090793,0.0037949736949512447,21.922005551524776,0.008208304978585827,21.528554760336455,0.0036831741192112086,20.70462083029279,0.002808365559868469,20.25000567801134,0.003016178803744141
6.1047256653473925,-72.06144711012963,19.37778505989046,0.00124064841565389,19.93441595972247,0.0013913239213612996,19.64355997367948,0.0010651980191324045,19.197164760997573,0.0016388813593980747,18.997779897096123,0.0022610251843439427
6.047565393336633,-72.06146695593132,17.707630790287975,0.0008776127135473339,18.152482247149592,0.000820000559713512,17.98937856997319,0.000789854926167484,17.602907035348053,0.0013458159116823307,17.467984613163857,0.0019513723754102956
5.971935825327935,-72.06146124421319,19.000011917414863,0.0010977222079867634,19.497019763018535,0.0013177337195202578,19.227593752248957,0.0008470073531456294,18.850480757111576,0.0011793858196593441,18.67848523439698,0.0016589097043680945
5.960164433155049,-72.06144393976102,21.31179356868036,0.007265981689609937,22.27115126789373,0.014210220788963002,21.761905604638663,0.008262484264421827,20.96220963724266,0.005589468621370227,20.429065415786233,0.006991225642698612
6.09027818275034,-72.06143600796356,18.870058085988173,0.0046683125312352546,19.331997243933195,0.0036985172561105856,19.128773158561522,0.004707877221301535,18.72505312714283,0.010281687269275653,18.564713001072015,0.007776279601771621
5.965480166624108,-72.06143788665206,19.360743085789874,0.0030092956825964125,19.889059894641896,0.002917226593081647,19.591416657166576,0.0020337252135195698,19.202023830259662,0.002445950721285579,19.015400730315683,0.003819738444382577
6.113739727927144,-72.0614260014919,19.60980319662421,0.00297257841553359,20.223917589471384,0.0028710811152043965,19.906419349974932,0.0026978255458012298,19.434502312122568,0.002980499280146552,19.194017975922122,0.005090863172770701
6.095769854424919,-72.06142462257829,18.74835655804998,0.0030011711899761827,19.220224457717322,0.0020827775940328802,18.977730098095094,0.002035367576527696,18.61846804522569,0.0026453063574605525,18.48337204962079,0.003846124193642768
6.090801349649699,-72.06141923371432,21.161104498663367,0.0180085190956704,22.072206139190264,0.01937791990644453,21.685495370707358,0.014227977356632148,20.8535403603668,0.012055968486496201,20.300780072386708,0.015114656740268014
6.001007368039618,-72.06143649826235,19.041773761330834,0.0023658728606179924,19.553572323485227,0.0023037007322250667,19.281722804905144,0.0021351668871561463,18.876928288215588,0.0019440622028001338,18.715917037025896,0.002824738711132495
6.000510206652342,-72.06142677888111,21.167837462539506,0.013393103022118715,22.06501671085892,0.019406557304436942,21.72291127455994,0.014561632390667696,20.844291446198575,0.01329537482091648,20.357742648667802,0.011920944044911438
6.130712000793138,-72.06138917295148,18.838162067454387,0.0007582502128602072,19.355849981585337,0.0009934413511703175,19.104676137320105,0.0006999652985057829,18.690474964987423,0.000621999375298195,18.510727140399233,0.0018005335537892727
6.080071796067582,-72.06141934594591,22.175422619864978,0.0129157015622941,23.28129200221258,0.024479111422333426,22.77584246192521,0.012691772538125399,21.715156906740027,0.007717934610227713,20.99495209303229,0.004850860516447701
6.071790245583739,-72.06141284415654,20.847436051740427,0.008722017914299718,21.685557774843005,0.014663366121029944,21.274634403827967,0.00900469204639005,20.570605773626212,0.008795754463919411,20.122228861432035,0.01110349237687659
6.040980761576225,-72.06141562432576,18.806688006075237,0.0029443911368687917,19.29143880940402,0.0038290496216138096,19.039407295068848,0.003061583829949459,18.671795798318996,0.002991642532558186,18.512203527982827,0.005182398925591583
6.08777170655912,-72.06140351859575,21.537802331580263,0.01987544642363612,22.70569288436876,0.042030645142283204,22.18626347402013,0.026490218730683347,21.182428280062943,0.01581832034831354,20.541907909953665,0.01203404462369033
6.0607227501264065,-72.06140692005805,20.20846337127075,0.0031345391021496893,20.920434505859177,0.003829042528483165,20.550524191496322,0.0026505857210236536,19.99007223801587,0.002387327383622705,19.663880824972715,0.0030208012863403664
6.038517779464363,-72.06140270403331,19.677932965058442,0.004227502544923406,20.34273027947178,0.004108425666044248,20.003995098024326,0.0035513811788908858,19.506255157570926,0.004373315852852171,19.256751056629376,0.009403619981559136
5.991613156997483,-72.06140310670993,19.87169230147642,0.0030198264038823253,20.55872640972374,0.003067459554524756,20.201106006516035,0.002987026614662353,19.701585160558537,0.0026947694731147345,19.384216011130142,0.004350928972667876
5.996903897355599,-72.0613884771029,18.493403931749913,0.0009574150609623404,18.946544755983382,0.0008050893836385541,18.701079918999795,0.0007424485673385942,18.359557589049437,0.0009668051285060886,18.232851498288717,0.001617817546005609
5.9659390733005315,-72.06139028578968,20.890192679900014,0.005661146092024344,21.771932087008324,0.00851030602665917,21.37549778173532,0.00712631081421891,20.6114541101473,0.004339367750007125,20.1369815262641,0.0064900132922834
6.046969899019447,-72.06138249845407,18.250491676851777,0.0027178459322604607,18.737151162177163,0.0019492348823313976,18.49407885832347,0.0021651681887426624,18.17757188573035,0.0028252024764896452,17.991159186089995,0.0032945262859362073
6.098831280391593,-72.06135733581162,21.798086117658233,0.009069268214939709,22.928038373479794,0.021290250463287967,22.405326619383104,0.009391930074600848,21.398726700813697,0.006952414752340154,20.75742596856231,0.006446285770665226
6.069274087840382,-72.06136821899305,19.47987538328592,0.002179789557291231,20.051831893124472,0.0020925328340867765,19.79821613747938,0.0017159966870614232,19.32579186417938,0.002001992708018533,19.091517334193924,0.004030307415470676
6.024638294301257,-72.06136576451652,20.307851283909333,0.022834492630399536,21.04850648825324,0.029144655250474147,20.630833164077636,0.027993442855929373,20.079829046301782,0.0211132098012297,19.72219744401081,0.021018207086652887
6.014004925506936,-72.06134717043042,20.65424648612559,0.00496117629860029,21.527476908930993,0.007115812310997573,21.082938571380296,0.004444203989245916,20.36830942849575,0.004509711092136369,19.904006031425958,0.00643308463472326
5.969164553463737,-72.061349357861,19.867024571472125,0.0025130278220757587,20.4804057601067,0.0027441950892885428,20.147488342759388,0.002017249444828182,19.673201072628018,0.0022180462956687664,19.412503332485358,0.003080843244607492
6.073577274242963,-72.06133052859555,18.227201260390817,0.0018618600403841874,18.670249398941337,0.001202604349667811,18.43668547159843,0.0011555599671036376,18.109219090892097,0.0016268638791761213,17.992611316475113,0.0020858758511003604
6.04891247407948,-72.0613411241638,21.310132452923472,0.01575837279085484,22.2895787575144,0.022300386841660188,21.791502566554897,0.01661742195841644,20.969431977552624,0.015382925319886028,20.397021670465456,0.019761531499060948
6.033339551012506,-72.06133202900307,18.66562658287268,0.001631437909406398,19.127944422888575,0.0011670321786044504,18.880355818150875,0.0010323384895636362,18.530457107544905,0.001563807712737587,18.39569895403497,0.0018515472676075883
6.011273345550156,-72.0613410486699,17.890845037731285,0.0022846460478302424,18.301276493098946,0.0018469806104024343,18.128791966515003,0.0020880711471833297,17.772300742785035,0.0024167342792748465,17.66078556004595,0.004400960554353644
5.992492229196178,-72.06133403254636,20.211714619488443,0.01221426075501465,20.955241958504452,0.0104753446750411,20.565096746410447,0.009087690898793467,20.00964641669802,0.008484022713957038,19.634379384501727,0.01740189713178596
5.981009809730053,-72.06133374984877,21.865954919517872,0.018302612413773255,22.941302132144806,0.028089384384960444,22.39145639192089,0.017074159076063095,21.448007540922937,0.014235589530314808,20.80479733300043,0.02001483421400793
6.017113738360333,-72.06132792341201,20.933062990807425,0.016695220982393146,21.83248301400873,0.026753288060738917,21.366962263255324,0.022431455152343103,20.63657814775967,0.014292919166326034,20.225829904511833,0.014956663131714176
6.092296088505983,-72.06129502609865,19.765647637568716,0.002442163005508305,20.44312896174074,0.0027588516526249733,20.10048196780268,0.0011871939961775658,19.580189003089394,0.0018013329953699966,19.286654345206763,0.0031891217167453784
6.091640730953658,-72.06130438397567,20.777207958608866,0.005534850917320528,21.659972437142308,0.010727514041191906,21.22512594871649,0.00616411146236735,20.514880659132558,0.0045751139071433375,20.076382016210886,0.0056010923482084736
6.072992813398677,-72.06130064102763,20.80856883118155,0.026546098591421086,21.84717466794438,0.01941471800812734,21.35348740813975,0.016772847536071202,20.488694093305945,0.015743206264304258,19.861272967075585,0.013910702608069168
5.985297989851882,-72.06130968680968,19.76110838506145,0.0038177275148927716,20.384458128511575,0.004557850661477454,20.04777662804829,0.0035494896516597694,19.580007811692283,0.0033984470554243077,19.314105229635558,0.006741066194700849
6.066741054401122,-72.06129424715638,18.56628134537331,0.0030515560224227416,19.059778218489598,0.002175345832392876,18.798411381708974,0.0027453677184396193,18.44419931331361,0.0030044677743355217,18.26140575839664,0.004376170261544828
6.126369473181964,-72.06126771794683,20.184895166832487,0.002358577410188807,20.878431325302323,0.0031106110460572757,20.525996424800653,0.0018990479209623234,19.966162239137958,0.00218460887432627,19.66248502947647,0.0024088334616524385
6.095612828941316,-72.06127952958208,18.426926411966047,0.0025626529364129107,18.901755917599715,0.0020790218918082027,18.654335704732652,0.00249893526673892,18.303820390373858,0.002196335315084723,18.17884267010782,0.003658405143231171
6.074046762255801,-72.06127167467696,18.63396466407352,0.002849243497146879,19.127087202174025,0.002102744391484025,18.874293375849284,0.0025759466626121275,18.52082041995221,0.0028318614124052365,18.367118386096386,0.0032974324989929853
6.095197865811819,-72.06125460813907,20.88367783678753,0.005798973084245013,21.75111236438015,0.009639592740624536,21.30538518439942,0.0060661366431822685,20.567242818424802,0.013652228287417637,20.104902028406826,0.006414035488231109
6.091256060615525,-72.06125590315905,21.053474056616164,0.009433178930868672,21.944901850247042,0.013114447185286407,21.531697936267257,0.008704289553012558,20.76171805783052,0.005996152004066676,20.25692997574611,0.01018567774605095
6.090937952899862,-72.06126888292064,21.81629774749622,0.014851987340841115,22.80033483207346,0.028276904385797344,22.32237218542518,0.016496646045908066,21.350789862103582,0.009473456115786372,20.71727437881298,0.009114246669058381
6.078984372339537,-72.06125846739411,19.305639662476512,0.004533780005041361,19.8828583977771,0.0056938216109494256,19.589356048439726,0.004827767359024744,19.145669950323942,0.00400427181493447,18.933419049210492,0.004067636049427388
6.034993603525333,-72.0612656524655,19.065297669894182,0.003924963132125619,19.62639886327608,0.003498197144334954,19.338342700387372,0.003304086977526627,18.929184526546138,0.0036666360714735463,18.738493737037082,0.004179295668839238
5.98278726164152,-72.06127252142268,20.181223246326763,0.003955960682619008,20.88833258282459,0.0040348395775086105,20.515414942620616,0.0032197692054851965,19.95678378524562,0.003092446829727343,19.656950376550704,0.004269696200683246
5.974912527735754,-72.06127093114154,18.477368672767486,0.002581747180704889,18.935950704667412,0.0019103098067538853,18.689611209935336,0.002115762167233187,18.341101505421484,0.002603008715580664,18.223975350547448,0.0045015585367646615
6.1096854256989666,-72.06124228349908,21.935701558405473,0.011426723652405027,22.97982053116226,0.024841044121644812,22.50959770046004,0.013736832962014774,21.601737416730295,0.008188743398283986,20.955518798413557,0.005693699193969956
6.10703726213129,-72.06124777691876,20.836122378458303,0.004346722233933559,21.667855107536212,0.007520310779850653,21.275067152978806,0.0046867718556795794,20.56622523462284,0.003409469536932989,20.129324088016936,0.002901972691492362
6.102694856058548,-72.06124307031419,19.804042493565834,0.005563629496033023,20.433495763124377,0.005752164793114075,20.11651324923477,0.005310966747248122,19.614718412027273,0.005546190814664936,19.36691405478208,0.007320547215242131
6.101784873868062,-72.06123692885753,18.934190880228673,0.0012716891035464684,19.46090242244958,0.0012822086176651612,19.18510283656967,0.0011374502021562064,18.79126520638112,0.0013798006646434304,18.628072735517613,0.0021905356864487225
6.045685355982234,-72.0612496283512,19.533849752348896,0.005625396652787915,20.147487457281386,0.006990675031860266,19.831923868989485,0.006219385997699019,19.36370872247685,0.003950087179131323,19.110598618503516,0.003497403663866444
6.024512489189326,-72.0612538616801,18.97659005274321,0.0074133096619827515,19.50305399141272,0.00618521194358971,19.230493745161006,0.0063619023247581405,18.849970388172004,0.006820313974892415,18.68218968892723,0.009827016010858206
5.994325834641211,-72.0612555714202,20.566074418506044,0.011300983354238263,21.339817311757592,0.014412164276374656,20.963872691516023,0.010781024411012152,20.32676741224938,0.008152790923125259,19.96476931677767,0.01005128498924648
6.104960336306328,-72.06121920700255,22.177171253014816,0.02008400358119957,23.29523661429255,0.03823895447887426,22.832974544451304,0.024143684718946585,21.78662240728525,0.014076128347120643,21.0900240621135,0.008252109609200602
6.0108973353299,-72.06120739202713,18.91177536508741,0.0038449906576204377,19.40989399450475,0.003634114331242877,19.147645090779257,0.0034762306045226497,18.770504478865305,0.0035995476842643932,18.606405209359657,0.005027386868332176
6.10309239039369,-72.06117941206391,18.652183022728455,0.0022831555860795367,19.125852314240667,0.002057845306581821,18.88782069476118,0.0020860288779538127,18.529689762923255,0.0020500037870508836,18.392636948591367,0.0028718588154672832
6.04632880525717,-72.06119239447892,18.498543016125684,0.00241337733177258,18.97150061266052,0.0014247273935783526,18.74363428285193,0.0015966792403726828,18.384679060652275,0.0021846193025025972,18.23083710231785,0.0027171661704803343
5.981693434970392,-72.06119076426484,18.38234271085432,0.003655114713024484,18.803598408241797,0.0026111198927899074,18.559249226996826,0.002980226294652533,18.253684588066562,0.002702706696347786,18.131968419328786,0.003406726049762299
6.085866018539162,-72.06118576809135,20.055792797428875,0.005165718035597028,20.772553516743827,0.005674228849759455,20.400052342115195,0.005127302409019856,19.84470586760598,0.004279286233914533,19.533883278994473,0.005025194998393017
6.045571638938187,-72.06118292598033,19.828444397779332,0.01153131755484022,20.48159862891511,0.010560039489098392,20.164338083849003,0.010451178685154456,19.679764631746806,0.007174097501118572,19.387299092083808,0.004705715315592572
6.024159188255898,-72.06119229418884,19.689161946742136,0.012839228239628447,20.340859433184555,0.011824323735926484,20.05559030010592,0.009728728786474183,19.513914453699677,0.010121076441050777,19.264867460625112,0.015126432162220444
6.075191791177133,-72.06116928620285,18.124866522866345,0.0006976104881289178,18.560098385394205,0.0007220923192826883,18.36434961222927,0.0006454584135752225,18.006094999375378,0.00106019893277487,17.890574875596343,0.0018013564993908493
6.068429832734501,-72.06116129575328,19.315670549718252,0.0015487204615285308,20.04165808475168,0.0016514353086080004,19.672217614779044,0.0009600867924161084,19.110793440034676,0.0014386612901474646,18.76727612636345,0.0022404289197768272
6.1278207974884795,-72.06113568721779,21.60346818876484,0.0061091588042299985,22.566385334865643,0.011572748257596042,22.155586751493104,0.0062450165290090735,21.22764576555015,0.004453235177877992,20.626254082887435,0.004564380822802994
6.117453198323775,-72.06114733631203,20.00542567414821,0.0031227832860409492,20.691654867167884,0.0033160527470697653,20.364514940172008,0.0026263814287007968,19.817798396304923,0.002863905867555772,19.529198892823565,0.006326296382648471
6.101113710133182,-72.06113741535134,19.52602977882363,0.0017500664072426099,20.134735219724895,0.0018682298794482609,19.824641238239458,0.0014158165174655126,19.35539858004666,0.00180679502420426,19.13163320653586,0.002678368759438918
5.9976172276031035,-72.06114526701192,18.479601934202048,0.002323308294009009,18.935411664277957,0.001550126419502452,18.697295716257265,0.0012831716196160187,18.357876923833942,0.0017327494813006673,18.237356258122183,0.0022198879731225606
5.99217770159997,-72.06114755554022,18.75156533439291,0.002541700362149403,19.23326347450547,0.001923737331876781,19.024065938123982,0.002096381051206498,18.620209733078255,0.0023679026925354325,18.46646814886318,0.0029812812679093606
6.052224939640097,-72.06112369139568,19.29767864108239,0.005967787042198087,19.84988641422416,0.004894555442602255,19.5617756615872,0.005017369469412774,19.174136699051438,0.005303700370332939,19.00064667288614,0.007422022295493577
5.997280513716097,-72.06112306672794,19.03643554228486,0.001656127467870334,19.56455087004349,0.0028181150191204057,19.271026044398234,0.002195106352326971,18.878136406632535,0.0029388128959109134,18.699475605469367,0.003955025340767636
6.062013003251237,-72.06111772534862,18.926633706558736,0.0020606773857511657,19.443605254946377,0.0016888964747873334,19.179219436388102,0.0017233516716860739,18.797463478683895,0.0018988158982579436,18.607184890993388,0.003043081495222409
6.051205454335269,-72.06110441720335,20.039716876378076,0.015561789287550665,20.776981104734716,0.0155166827221978,20.433603974820656,0.014677407788748922,19.959153583016032,0.01411164816878534,19.649532158320476,0.011076989363566072
5.95684463995517,-72.06109465127278,18.7056642974017,0.0020750541445100166,19.1839246512285,0.0018737840123533986,18.905563471343775,0.0018867190216432716,18.562316609522014,0.001987706528430272,18.430442689197882,0.0026320367009898347
6.076937600905628,-72.06108393187331,17.859185381239914,0.0015060828516023656,18.29424917345296,0.0011346374542369427,18.062700163793266,0.0010980420189637462,17.733628218984002,0.0015762938968842681,17.615599478206015,0.00203194443691839
6.03294617574603,-72.06108601423337,20.044330869886142,0.004713326431235264,20.717054642022234,0.006213063138948706,20.36837039469821,0.004555129923332178,19.837867126858754,0.003297525448374977,19.56832161997911,0.0038316013162959543
5.960891704559156,-72.06107664475475,21.536003381771213,0.007634433269684691,22.56174934994729,0.014212925906627495,22.138083463155553,0.007099516724386008,21.18133184183054,0.0050118306117905185,20.584537356104534,0.00548939376489283
6.075853192785849,-72.06107281973101,21.68880898115849,0.008758363181806898,22.72424989431977,0.019138683353335014,22.21935459366764,0.010570041224944803,21.263337891112528,0.006584612115619528,20.683048882152868,0.006218524401050847
6.0633181217831496,-72.06106765719728,19.551550801071347,0.007156803643538251,20.11944913503182,0.007191268847229459,19.81585865787303,0.006766905745384253,19.38379002679546,0.007060600735022152,19.132145941335303,0.00808359495163265
6.0105378094250295,-72.0610790537464,22.296041282939196,0.041874650266289025,23.58309031632885,0.08490181049794852,22.972338792060917,0.05774221131827864,21.94842041530783,0.031557052386924536,21.172614990638913,0.020596367702717878
6.097126809569026,-72.06104252390395,20.9720699829227,0.00962153351468059,21.85705138421052,0.014639292756675188,21.445453537077512,0.010498132880486831,20.681984334673864,0.008992871964477353,20.238120587833514,0.010726157530044198
6.093925197783055,-72.06104780364791,18.556105264957356,0.0010586015934688326,19.028551968087186,0.0009390746426602342,18.798336483383487,0.0009071206798033968,18.43428759468697,0.0015039583938605658,18.29312627961653,0.001941440702902972
6.090765612708702,-72.06105818256994,20.302389376418528,0.0035006021329313398,21.05689909990887,0.0052624842644307815,20.73490204584165,0.003080156162332099,20.06927571690762,0.002971236888429411,19.736093512831687,0.003413812883709128
6.047456563929392,-72.06106722093172,19.057728927580047,0.0021118715540304088,19.59571965179397,0.0018894104331529781,19.313939021214402,0.001646640201469038,18.917289057975808,0.0019744366203223156,18.74243242696498,0.0032973552787485543
6.037301155315039,-72.061066925089,21.178592274184243,0.016546417959097084,22.02951875791969,0.020939825671774603,21.604160777380237,0.01783327700998106,20.84606293001295,0.014578409950840627,20.35239793759971,0.016816468573852814
6.013389769662647,-72.06105606354852,19.482806332414984,0.0036610195530119754,20.103457684912087,0.0033511577833572736,19.777377507169426,0.002668099266933022,19.33744791474016,0.003315217067460477,19.116775687217185,0.0036957318399263315
6.060227736850511,-72.06104331006993,20.45177517288295,0.005859579198138234,21.2517096360249,0.005570056646640264,20.842002259351197,0.00450301548308517,20.221732736538513,0.00614522847891121,19.82716000074162,0.008090815439565935
6.009046635829597,-72.06104955168203,19.665648484352563,0.006172700869606937,20.228144625653158,0.00710279609388871,19.951505760723897,0.007323636137069417,19.47550542733984,0.004791827249412993,19.223464316904504,0.0038616464874429582
5.994113040191589,-72.06104536420305,19.75049384364522,0.007196318058531563,20.38638385415912,0.010516303115683582,20.079462554400365,0.011378309018552862,19.571852344358646,0.010240302738741124,19.274611331260843,0.015454084332451021
6.072315720564044,-72.06102468352827,21.158888280635058,0.005936258543995069,22.118190936489242,0.011691692371703715,21.657915335089697,0.006487012551588308,20.84698411743826,0.004354094048926367,20.33439348499879,0.0037931502994275846
6.031396377155892,-72.06103731090761,21.2788700672419,0.029628215410136317,22.240311980198662,0.028499104317525024,21.808190480709754,0.029752431274757865,20.97129647076771,0.02071088562270756,20.432133845029938,0.021906849269628624
6.022693189386833,-72.06103822185835,20.23040783189862,0.003911360949046042,20.949236419042627,0.004250722257556434,20.574634663435887,0.003631559648326524,20.01464711800763,0.0032216515128738374,19.67623085539696,0.004506279966938112
6.00778186412776,-72.06102912435958,17.855352729987533,0.007354102936767145,18.29440425365668,0.004567192357428867,18.05066332748894,0.006032616255457189,17.72387788792082,0.009324064271245566,17.597101329464266,0.017322466395439298
6.0918421539229595,-72.06101399748374,18.67087574038411,0.003083902077388531,19.16880169143002,0.0018673741710129928,18.908502778303998,0.0022547863727260162,18.5318912896143,0.002778982948616462,18.371684134403488,0.002708233789557124
6.03836193964323,-72.06101654093926,21.31880168959319,0.031828612996515945,22.179601994563647,0.06523182190536664,21.75825893367759,0.04607247557533633,21.02305602477795,0.03439906538079765,20.484149509497293,0.024243078357638788
5.968910278471303,-72.0610054767175,19.87686295768349,0.002973437184496354,20.530035657637015,0.002964313561118828,20.159166255744218,0.00244251081351551,19.68571001159681,0.0023922370127936973,19.4253254926181,0.003384285760376893
5.964393676871896,-72.06100779913614,18.112829971501245,0.0007993068863624992,18.555161644694415,0.0005418859206356086,18.305578665580825,0.0005262502285707353,17.979414568000905,0.0006649165732482045,17.856453128280826,0.0016677908342759928
6.073841977917455,-72.06099771476615,20.21777323038396,0.003937015556116776,20.965417360466382,0.005397460951658611,20.591015955690892,0.0031211681792915743,20.010397405488014,0.0027804292179667697,19.674027598568706,0.0029368539818873628
6.011831127122159,-72.06100310031121,19.40583988251267,0.004737571591037792,19.951924898919835,0.003118695058364286,19.658255485345038,0.003418090654529889,19.23173533788495,0.0033606896824403903,19.04448129544189,0.004769227481154101
6.003145878594383,-72.06101037404518,20.420257369207402,0.005617636208158262,21.162243525071737,0.007145717437751446,20.779729964677152,0.004590482390402391,20.184504396589418,0.004893938386348587,19.792328548563447,0.010460291380100508
6.109086906471221,-72.06097201239128,20.335292004110908,0.007510212258320716,21.0739647693076,0.008284599457076228,20.697251052290653,0.007509142372029606,20.10985179217603,0.006091699875416176,19.796825557538632,0.004742929303879768
6.104732846221765,-72.06098143707075,18.578603738479377,0.003695486340325453,19.04447960393614,0.002706291822008238,18.837989344854442,0.0027382446758418225,18.46359930942463,0.0031817404813204316,18.32468334854807,0.005106230473286773
6.076565247553271,-72.06099089217534,19.737766386141818,0.012129549196859978,20.384625379503447,0.009382616153982467,20.041703905067536,0.012704789095574404,19.571341953217377,0.010488620822996805,19.302144345418277,0.013011877943063539
6.071608492718264,-72.06098289954947,21.09863387855732,0.0054936513667248185,21.981302733655774,0.010647767851587235,21.54497747724698,0.005063462873123864,20.74355878736486,0.003971828705622135,20.24048557802471,0.004577091901846471
6.048635695909469,-72.06099721184394,19.82114928321575,0.0023802001881197076,20.455776381842632,0.003147061179151526,20.108691460542467,0.0023870856551832026,19.62837937627291,0.002584007313428808,19.359011432971442,0.0028142227021577676
5.971444900392502,-72.06097783717506,18.8452979881808,0.0015686788559482064,19.306823467840545,0.0011591293991055844,19.09594097744877,0.0013848127236335145,18.698887142608328,0.0016379464699649079,18.563093201322573,0.002113769190378422
6.046609085791048,-72.0609644441134,18.491555485068016,0.0026798082847973976,18.938241734906327,0.0017083053855152534,18.706703793844326,0.0017824544454314187,18.389533045496336,0.002548960063550995,18.24506971516189,0.0042783424055720205
6.014414496786085,-72.06095819437395,21.731974488033448,0.019108360678422497,22.866179446323173,0.027897627467786543,22.36832976722806,0.022484117675053483,21.378357001339623,0.0202772821952794,20.719301104617564,0.013335265381916804
6.092231500216017,-72.06092030306215,20.033425868967765,0.014061042997115497,20.70641309008672,0.020001074433004938,20.371111922972723,0.014891274710210865,19.85464934042485,0.01337258919952029,19.52057306777659,0.02026304991893126
6.088536968132399,-72.06092519604539,19.319685743920804,0.0015170132684047106,19.887539476890296,0.0018267000413362848,19.592829794769308,0.0014947999591218945,19.171876474722076,0.0018165907366548928,18.95938964580192,0.002092905322963197
6.070943391763503,-72.06093479891233,20.020128905659153,0.0018263755197124355,20.710360482124898,0.002733775246278944,20.359409632551476,0.0015296225721317038,19.82691708861875,0.0017231517280789485,19.531044874361974,0.0020048374822740416
6.065660541639616,-72.06094061689359,19.68449320264369,0.0025850543631129657,20.272017770425997,0.004749192555709246,19.96768887410719,0.0031726269560462053,19.517119936791588,0.0027034562639264297,19.272880540899024,0.00442585878640055
6.051182664550883,-72.0609438246693,18.075450740226007,0.0015065564918993223,18.51129506822683,0.0010762704606667964,18.281142994801833,0.0012841594505038191,17.967299713594386,0.0017816724447914344,17.839155174076936,0.0021482046961416985
6.013240741287756,-72.06093059590438,19.14163106899925,0.0032022880272824686,19.672419427117553,0.0034350442180962385,19.410319415317538,0.0035684320669145506,18.970255281203485,0.0027088784724807282,18.721514485296844,0.004343425652413966
5.9619085026264536,-72.0609159601138,20.230564228750385,0.002276046387537741,20.944470383632208,0.0033874726165779275,20.57092331762184,0.002184110089389893,19.98409338319179,0.002009794070709409,19.66613549078199,0.0020043353525750255
6.03530186206338,-72.06092393087101,19.36084808851513,0.00460484846151926,19.925634029988508,0.00492986132760775,19.637281242921738,0.003265091838843439,19.20303051438836,0.004317716278961998,19.005929589311016,0.005509265505140801
6.116046462383698,-72.06088559857974,18.19741669490274,0.0006761771755465241,18.631111200575646,0.0005525500421509057,18.42808417958009,0.0004511631322177086,18.072179359848327,0.0006975342046793388,17.94802485369734,0.0017513457209948052
6.083342453030429,-72.0609018882924,18.980686823614175,0.002460635477159985,19.516703997224027,0.001966134113222103,19.248677087399997,0.0016247886110315594,18.860164416425263,0.001925771139996488,18.672688735102774,0.003140978085773563
6.076057494166106,-72.06090045994289,21.724980467721725,0.014631042237785661,22.77470642160209,0.027699552831767872,22.287576845995268,0.016892747669527003,21.313493174732486,0.013525290218555695,20.67365716775749,0.014240444034720775
6.02059594079329,-72.06090982211612,18.67149023749357,0.001618801093617695,19.150774542389968,0.001478755244016616,18.901045635788485,0.0013290551297035565,18.545602552206773,0.001647400745093296,18.401249811316582,0.0028883186609719265
6.090417319782155,-72.06089288057593,19.244985281939424,0.002003841359541681,19.816124628443525,0.0021849070809727804,19.5098359153503,0.0015804991185065997,19.097704290836454,0.0017820884052601694,18.912735083036445,0.0021098931937822757
6.103570014667954,-72.06086324020636,18.41916611710541,0.00325220197779461,18.863375385814408,0.0023341031111100345,18.63901084101566,0.002577640005977001,18.293176670539445,0.0031809306181093846,18.169082631471227,0.005057572805653368
5.969484889979332,-72.0608757842225,20.02800302982671,0.003725501209995203,20.766266789984144,0.005242726157228201,20.37443648224155,0.003998910624075525,19.846978107046127,0.003393751368598408,19.530241799358564,0.005730080281489393
5.988149637107349,-72.06086684422148,18.73100107048317,0.0013074067566617449,19.220832016172537,0.0012125217172066877,18.942849017545022,0.0011329639401341561,18.587754565896326,0.0015934955068091347,18.44874135866401,0.0022008270881453736
6.084619484507501,-72.06083698873174,21.86391236598263,0.011885456954491445,22.93099502970886,0.024719483396798345,22.37723531698876,0.015061741715545574,21.44462052247149,0.008999749610960638,20.81220209155213,0.008924434615851849
6.012971122953171,-72.0608319175703,20.554350124479473,0.018985497781512897,21.320795799955725,0.015591556460626141,20.971405501780957,0.01769716977378501,20.294776939470736,0.01365028364164012,19.93758016128934,0.013796155332925
6.096866939431574,-72.06080677192321,21.57356704921163,0.01053255932158067,22.68841839610019,0.02292573505794375,22.148860747843415,0.013509196806545054,21.19156637361246,0.010366619572207565,20.556555053418627,0.013698087175112407
6.045378513810612,-72.0608261125649,19.471056047315106,0.005149399174108171,20.04308484013613,0.006272128884831028,19.747314211885865,0.005321569104460458,19.30340825417911,0.00512238488334648,19.0663469740663,0.008217401883608054
5.9917057308713915,-72.06082362929935,19.155279034032606,0.0013947335635350895,19.656225765802603,0.0012419263907331396,19.437612617252114,0.0011272463634891636,19.00246039253831,0.0014671412725382924,18.827706676880496,0.0018138136866261935
5.964767448541895,-72.06081312116075,20.86610813196633,0.009337410303676272,21.719560011157988,0.008539363311481944,21.323090414180186,0.0076429832219585565,20.597874962410472,0.0054521278760555425,20.18873799476097,0.016921802710486843
6.061522179947315,-72.06080334226678,18.40423164248529,0.004036026606854233,18.866867188756856,0.002885216091814178,18.626178861717946,0.0029755443872692224,18.284678815395964,0.0030377165691372558,18.153120165733043,0.003875531884821019
6.06017632135579,-72.06081342017781,18.316665586549167,0.002539977902050136,18.760713765783542,0.001625731717709063,18.54601850994019,0.0018365709413416204,18.19847865238573,0.002519841990092999,18.071579671788278,0.003080504479412694
6.128626438779697,-72.06077881812519,20.798562068332398,0.0044673662112009035,21.63119086304679,0.006816670692377347,21.27529942395462,0.00508051480556852,20.525699265622528,0.003728790925710791,20.08444066002248,0.004483834151264748
6.049191400593226,-72.06079675178667,20.53068295892101,0.009875409802639911,21.342508535951154,0.01309205261996998,20.9102114507045,0.009868195556382112,20.300011663942016,0.008033186587831396,19.889800404101855,0.012466496913821465
6.036956198367738,-72.06079725296985,18.92532281399539,0.0020464823847832544,19.55693082488716,0.0022597752225414977,19.23586644836834,0.0022007694889907828,18.74162784715027,0.0022217045858263645,18.497541016806032,0.003146007409849807
6.034346332941944,-72.06080625506668,20.41785276698923,0.016594146439723845,21.143064420177488,0.014754291617110785,20.809831429615294,0.014085143584503421,20.205097523052608,0.014349758431311461,19.841792047635117,0.023552393682084373
6.024195327610462,-72.06079653215828,18.626754567473515,0.0017984334685776304,19.095143894939284,0.0018268417784336301,18.84245413106919,0.001967606915221045,18.504870654259236,0.0018082260422843733,18.368957715024244,0.0025692280343660788
6.099836558908108,-72.06077110054035,20.720515445300652,0.0036519715368143334,21.495574217941716,0.005775047554174857,21.102244004377184,0.003329349438400165,20.444812838690602,0.003015521419049856,20.05580545969729,0.00414240412511875
6.09197465313799,-72.06076549437682,21.581695900145878,0.03409034237361829,22.54056199592837,0.04669378321733649,22.144746451339792,0.03225898517344648,21.241011177667502,0.03629080830200982,20.638963672625472,0.02448295679893422
6.050710477000222,-72.06077482278303,19.094518195045826,0.003015161755371669,19.574674868704008,0.002668990734204345,19.333271394317563,0.0024181251189679593,18.96728948565405,0.0030772194696295557,18.78477810043713,0.0052911115018075185
6.045724834197073,-72.06077812858867,17.898988380580665,0.003204165246695846,18.336253424157867,0.002222805046940917,18.104660105696674,0.0029518918800525485,17.783322956205225,0.003061801869969603,17.663404002565223,0.005279117932752577
6.038852846249407,-72.06077902633895,19.635622970040874,0.008433550461816368,20.277091297312353,0.005937514358605149,19.94728334140885,0.0059546389624806975,19.47886482777097,0.0054567604629662605,19.231830180705856,0.006636676132924138
6.0725639206852255,-72.0607577322737,20.104164216192775,0.0038639668827974484,20.742221847194095,0.004781749710708301,20.407961178893615,0.0032534226671338397,19.878219377539956,0.003138050072009069,19.526636271166986,0.0050078740420952264
6.10625649150369,-72.06073680257192,19.433649823849475,0.00300644403349476,20.04011419385826,0.0030553210622305906,19.741907377566157,0.002774713958462769,19.264237069119943,0.0027022364650892854,19.02425862987183,0.003243736144841647
6.003182073851255,-72.0607497372028,19.625562390884955,0.002417950608708446,20.238457870749677,0.003042358125114428,19.895717243708653,0.00222200083345874,19.463374156281667,0.0026095416122251538,19.2296965405393,0.0036034219791357632
5.9698038107166775,-72.06074006914848,19.801070320471208,0.003126678847225135,20.448497884617105,0.003642741572853381,20.101202354352743,0.0030856530011455956,19.602168897529737,0.002740954463173394,19.348094943348315,0.002618331257122814
5.96039237662214,-72.06074649319505,17.735647018603363,0.0008485361550095036,18.17842321593158,0.000496299200677596,17.985489548478576,0.0005551052519638144,17.615972486404374,0.00068246847245964,17.49056484164526,0.0014507156003699766
5.9648894862254025,-72.06072847011416,20.562808790289278,0.007338457356197838,21.320336143176846,0.00859849229194611,20.915523698499356,0.0069989318663020985,20.290347875648905,0.005849711925739091,19.949536786191707,0.013201674569018149
6.089956823138931,-72.06071547488536,18.69766813276144,0.0009588936960383807,19.190198170662455,0.0010645974985420725,18.92650583987777,0.0006390463272897771,18.56545869863365,0.0011596028526020216,18.404268435737386,0.0016570452179588255
6.08881223237316,-72.06071689623649,18.632852942059277,0.0013726763729932966,19.107221300498864,0.0010315861920149915,18.86584288581212,0.0008776138532507386,18.5009268456583,0.001723339020543653,18.354611705078348,0.002189977282063283
6.059831617180455,-72.0607279306104,18.349591375575347,0.0015997902612011246,18.786457183005382,0.0009481205027806278,18.559486507365328,0.0011456179618527153,18.232314274919844,0.0018161486774593415,18.10957439898501,0.0026864964199430214
6.059282353306758,-72.06073267554574,21.592838120656754,0.013489944231028735,22.659432414754804,0.029237098704439614,22.145936535185022,0.01858043115465149,21.238106775415332,0.009964043393175945,20.614575968667637,0.0099042714490167
5.994855514100099,-72.0607181056047,18.78652601514285,0.0014297528898231746,19.26191257384098,0.0011545125825381704,19.00872572951601,0.0010787671213796355,18.647565646736055,0.0017693068676242225,18.51305278713805,0.001993373900426601
6.030922029095862,-72.06070855266033,18.8503725039422,0.0026497064776991614,19.36643523535882,0.0020786488669595044,19.078476578504052,0.0020775593709048625,18.71269723812975,0.0025329158085962817,18.568926403192968,0.0037628490519323716
6.065133756296851,-72.06070346000865,19.466266791072986,0.004496055010571347,20.083070240317333,0.003942865508553676,19.758438178977613,0.0038411313076813897,19.306909233660875,0.004061541001769896,19.088474340476182,0.004484683995459751
6.018458114370296,-72.06069550635966,18.734416213320134,0.005522645611794849,19.251340424089122,0.003062348115333561,18.98909558109836,0.0035708327872872392,18.597734171375095,0.004983687915950278,18.42116327866048,0.009166166135724458
6.001397101619114,-72.06069709245071,21.007976970761202,0.013601778883408558,21.84626769909697,0.015490761118286355,21.416038221887817,0.013627902881647188,20.68762885342305,0.010953931989996637,20.252877706757772,0.010238141898813505
5.990098454076067,-72.06068909220186,18.788165048927464,0.0018201311584979246,19.27363073723602,0.0015049216162902677,18.997265261150133,0.0014006603530673184,18.64843304521289,0.0018592529483501417,18.496158938945378,0.002534270753428293
6.039888977588562,-72.06066878802194,17.78629291729956,0.0020953646382874105,18.21719444174554,0.0019246136521763966,17.996185240397764,0.0021131542263029676,17.66680749645557,0.0026479662024380306,17.563443815961314,0.0034043636027551003
6.038582638638106,-72.06066551086845,19.454174151243773,0.004853439037730491,20.0472392304318,0.004128029444008492,19.803547624491067,0.003964249955192205,19.278227933512788,0.004064489595746985,19.047081125229063,0.006115299693581029
5.9835842971334765,-72.06067397654448,19.523325844011712,0.002363909273845337,20.10575185972663,0.0023520957209416044,19.795493761282223,0.0022049070061459794,19.33612699742936,0.002154216951951147,19.127719790051408,0.002866195073970433
6.115467557897892,-72.060634419561,22.134680585394424,0.012203030792571606,23.162703774224227,0.021236935297519723,22.750173988399872,0.011895880498345572,21.709623427983573,0.007643822802789685,20.970367984576278,0.00611645789563454
6.076270211409141,-72.06065250964,19.187483660778906,0.0032979596459332553,19.737285282276986,0.00296400982744581,19.433042924950293,0.0028091845363009756,19.031664893093648,0.0034429235790620393,18.836631778904326,0.004414879547784177
6.065660445959016,-72.06066248464762,18.517463240349844,0.0025225843404514284,18.959040513869198,0.001996998431434479,18.765104096834214,0.0022962520763940755,18.377076168900004,0.002304243957654513,18.231912392400602,0.0033571136715594787
6.058099135130333,-72.06065609329103,18.533476090671787,0.003337230627019175,18.990750038365064,0.003894152041714046,18.74805152640733,0.003522085395817588,18.40693836680441,0.0034831637782196797,18.28252002603449,0.005846429275069176
5.987946666489358,-72.06064823089713,18.883394165574163,0.0038140138365478564,19.366794782837395,0.0032474534961726685,19.106669697963255,0.0031034925780253973,18.746300030172137,0.004491700864671208,18.604120853784885,0.00467083452112416
6.031411894923695,-72.06064344018381,19.25541701104346,0.005723489075657386,19.812847472580728,0.005701624768102861,19.50847029737102,0.006558756789545506,19.10086541034967,0.004412142375580156,18.909695933336216,0.006937278799464327
5.998789406190884,-72.06064770093498,18.43843564335128,0.0018995524373776756,18.929590822543034,0.0012628337883903822,18.662549467305062,0.001470930512887042,18.293181160177596,0.0019617643441052065,18.101651513098062,0.0028766941171334396
6.030488321481596,-72.06062948372235,21.131964017335296,0.05605216064830433,21.9614167489989,0.06582517006456665,21.563982627175427,0.06152287770519025,20.829395773620448,0.03530089624337512,20.391781265821614,0.041975575449325994
6.0179890872855175,-72.06063134640446,21.75195626184578,0.0285119324443487,22.649442170574318,0.05440797767993627,22.232979119970643,0.04103765117468015,21.448362358847504,0.030024773402337914,20.830670366484114,0.026376699274935297
5.95641658592709,-72.0606085441368,22.154297070427287,0.011527136061629984,23.293457015274257,0.027814518969218778,22.749767840022983,0.013842422950846695,21.65963079894425,0.007384360213995901,20.92456075462804,0.005898458123340423
6.106440482469523,-72.0605982903807,21.020345624524797,0.01027551881718338,21.882308551784355,0.010669702935115743,21.47063960410194,0.008646730972052883,20.70844358303235,0.008684339330270421,20.2257105386618,0.009479321139049016
6.101137430668492,-72.06059696039635,18.743254965819627,0.002344622974754871,19.200845275015908,0.0016643982896938066,18.965268832958657,0.0019645914908046486,18.608180122138705,0.002184342650231053,18.4689142819876,0.0028204117138350953
6.097737162396852,-72.06060534369304,19.273324306816544,0.0038263706945803463,19.82782121139796,0.002675928573646021,19.5496858763236,0.003242315820878155,19.114110707308917,0.0031981316373230944,18.92095684307727,0.00448178094480937
6.084307404240923,-72.06061470942521,18.271928990112475,0.0019936683584131426,18.72736825336426,0.001361658244377881,18.49368695745232,0.0019477594514209515,18.1600562903296,0.002089715763558579,18.032139207510944,0.002699065942364604
6.046966382068777,-72.06062041446881,21.923793089143675,0.009505850518549928,21.540233388269314,0.006357502170811017,21.67216848844594,0.005532010017260708,22.034764987529336,0.014786618471219442,22.90147401972422,0.05773026557634348
5.988615587331581,-72.060613129892,18.217599786668824,0.002021134003529943,18.64706353056095,0.0015946739035871617,18.411325128684787,0.0018482530092138233,18.090646961053523,0.0018109326092975852,17.97450382211352,0.002524845107924264
6.102029709374776,-72.06059279226213,18.41865094580478,0.0032507217888311894,18.869260366873362,0.002469180631428851,18.631972084806307,0.0025771587381016306,18.30633275203543,0.0030398679030652635,18.18006362163753,0.004547673559557866
6.093642128766712,-72.0605942309077,18.31334596867789,0.002442767630571845,18.78931169826761,0.0015857715303388064,18.566826849143993,0.0020354149358197096,18.211263253659347,0.0020617027683116885,18.072394320868604,0.0026209231017966113
6.068283103745807,-72.0605918944241,18.114849219014747,0.00124236981082774,18.563220912011317,0.0012249492286297444,18.339747742523876,0.0013451965177539362,17.998834162520026,0.001561463137147077,17.8627747397081,0.002355158931412543
6.0029559320533,-72.06059837596321,19.662174677150634,0.00450078250919965,20.25153730554834,0.0039944611169285835,19.983353931801425,0.004017295917621221,19.487930416955436,0.004612157393992976,19.23667800374799,0.007304594353727193
5.993169272979539,-72.06060003157255,18.231530014767703,0.0007934817432078067,18.651828356695944,0.0007558475570342017,18.45508711588431,0.0006193880145835544,18.109105848670623,0.0011004610753912254,17.99577709566318,0.0018327780562593728
5.980271791340752,-72.06060004808924,18.493593276209896,0.0021277659218781443,18.931619116659178,0.0009470367269923555,18.681608021650632,0.0009987911860468595,18.348354988144465,0.0029950128444020375,18.22716353413942,0.0038783311636306356
6.094528754128745,-72.06057213399563,19.33014433224599,0.00427917183295427,19.86545999081975,0.0036195532715030416,19.605010023363555,0.003300852464756031,19.173987942496495,0.003596526770266786,18.979320738453602,0.004547636866241164
6.0805055609842835,-72.06058014328208,20.239063534011795,0.00709854479187287,20.97512364468203,0.013019346269771198,20.5850846436095,0.0085625714890965,19.9926672360223,0.004871860664908364,19.68436123261072,0.004965968162308628
5.984402792303986,-72.06057738246517,20.610117219226535,0.004724171430746613,21.439175416170954,0.008358197570710966,21.01612716141109,0.005094834935570331,20.342335198471936,0.006969091452095415,19.73296778285753,0.00704544924499797
6.069962672070804,-72.06057025008965,19.072345289869904,0.003903628208957537,19.64445677686384,0.003329189556306108,19.34698401046264,0.003313986323861097,18.932502304809965,0.003568030858532639,18.75398212401121,0.0041041289533252125
6.063426986579103,-72.06056917775166,20.87567866269651,0.012131721202647229,21.716797065079945,0.017137345119006997,21.343367252123883,0.01316078453365593,20.622147984084016,0.010303436842016863,20.152150870240554,0.0102115419493496
6.094834240761882,-72.06055053329138,18.71325720823884,0.002639068932947315,19.19754484876723,0.0019527722571889162,18.99019994880134,0.0017073649501379805,18.589706590947813,0.00217554328479272,18.45330598489185,0.0025933318360151078
6.0385976917137905,-72.06055778044244,20.21739481034994,0.005599449634668466,21.01822134885338,0.005811731220710947,20.61069070599411,0.0038444103947473216,19.955335557391763,0.004720347617548859,19.539799956434358,0.003536367168661376
6.0369915880408085,-72.06056368274393,17.73905716169188,0.0014720863766232955,18.17052209779596,0.0015913020417260676,17.99727246150696,0.0022520502198910964,17.60904813706724,0.0016953347016496407,17.497193854021297,0.0020983043259712383
6.025857956749773,-72.06056444445989,19.170960991898678,0.004511104883775594,19.709663421807413,0.003324305857435647,19.40827817947863,0.0039628960692392025,19.020827934756454,0.004176919604932978,18.845351402849637,0.004601661151100883
5.95539149786665,-72.06054491582722,18.331570896306584,0.0009850140961668308,18.773176638095883,0.0009460006529231661,18.520576946439036,0.001115114704055936,18.213622848284018,0.0016230899012014365,18.09255317738502,0.0022158904755707723
6.09244996735532,-72.06053011784655,20.505862307118495,0.010823419637248187,21.288285063733582,0.006992535011417004,20.920116052237795,0.006255715792351164,20.30138732148415,0.006484385456985473,19.894121412568886,0.012519701625620862
6.059959009654266,-72.06053953078634,19.23469867788617,0.002927832604577394,19.77695238193227,0.002887198969804293,19.50347971021597,0.002488284727793948,19.084078844275723,0.0022994873854457454,18.88186611266562,0.0035019343054587186
6.090385007919527,-72.06052091457786,18.808762702754844,0.0021128851914088763,19.292399958419573,0.0012168391847355413,19.03178097825922,0.0016049425831290165,18.675226024875066,0.0017327602595704913,18.52711153549312,0.0030910996387857963
6.067175011034328,-72.06053413814351,18.742506245737882,0.002781487454576488,19.209499245666947,0.002471341505164823,18.972766583708676,0.0025717447613985787,18.61366531720335,0.0032002770748826826,18.44496092630353,0.005355798285392581
6.016126268217538,-72.06053847132196,18.86576470887525,0.0038216351033216805,19.36822974334003,0.0024866279854778247,19.135983995191538,0.0025605330350558894,18.748069474083266,0.002510840280545177,18.581729215016487,0.0032299235528035894
5.986299599813215,-72.0605211250927,18.61458396331273,0.001888668510531636,19.094001654657916,0.0016349946888812022,18.845215194550406,0.0014695550103749878,18.49944751053311,0.0019105036014145328,18.356183925151207,0.00250602788681642
5.959510403917813,-72.06052505163696,18.064909849308673,0.0005736958974481766,18.505982406781584,0.0004992408670064527,18.254593378365655,0.00045157028373683425,17.937831156357262,0.0005874599991438111,17.827059749568875,0.0016097089354196637
6.119878024798801,-72.06049093550443,21.930340134804947,0.015504494765480081,23.02544743973673,0.03031031683014219,22.50979796461602,0.01617550323458792,21.507654895068583,0.011055202868954884,20.855561557873465,0.010250672611157212
6.132537503915442,-72.06047274538645,20.451596723815772,0.003963634776624875,21.222917986313412,0.004599139820883659,20.884369205423184,0.003196257415512924,20.18550706605992,0.002710499462333696,19.848584111575043,0.004974984713218351
6.103618232208514,-72.06049746048832,20.681645903938534,0.006808728979207338,21.559473905041358,0.008899886844369709,21.11656309968943,0.005750342618672588,20.39725554815667,0.007959039693273967,19.96275973755798,0.014028340892031877
6.0920753936272405,-72.06050414179268,19.160865018983447,0.003031012560160247,19.72321838258012,0.0024880038780543093,19.429469700313696,0.00277462328390492,19.005969101378454,0.0025551116004719305,18.79525720074009,0.00449178813131832
6.086602742027606,-72.06049147183877,17.977700850739563,0.001548502082727666,18.39259694739041,0.0012887206758012907,18.142633761464424,0.0013221877960943043,17.864318473736596,0.0018191917732207528,17.733474758929965,0.0024914435712980972
6.071348188204453,-72.0604941363176,20.27591398355995,0.0025562356037316693,20.971904827314788,0.0032775421388857914,20.649285100568328,0.0023584521703787636,20.057818357532717,0.002151513504429084,19.728840328399926,0.0028002004176301376
6.01296054318489,-72.06049834112699,20.28065593711744,0.008269564502367138,21.008160121437584,0.011612349504517427,20.664018985634954,0.00908890351852178,20.067361304035167,0.006418699409220014,19.736409460267588,0.007864672327553952
6.081137049599155,-72.06049148260637,22.190185239954747,0.03732948883333544,23.331147800337895,0.05945296589902513,22.84077664127306,0.04816436943246562,21.702383534022715,0.020584508422442152,21.039948906844977,0.009572172115931879
6.0151941909523075,-72.06048538217398,20.485034083719032,0.010954527245395276,21.25261059278501,0.015616063939850116,20.8656817887015,0.011821757183954066,20.230334179286785,0.008511034453818934,19.824936694555603,0.013038602451305668
5.992440496244647,-72.0604927575277,20.789774173305734,0.0060683745354013306,21.632117510061804,0.008091259583242742,21.186574245168217,0.0058456027563681245,20.523627327680586,0.004588594940883444,20.096710137990605,0.0050390561980589235
6.064152623030187,-72.06047682134115,18.574485359378688,0.0012186580893012598,19.069700507018403,0.0012319254760800179,18.807486910211765,0.0012195203405984435,18.46237982864588,0.0015160658174244853,18.30138437786954,0.0017497665632387387
6.001110782918013,-72.06047895397812,19.895513319224914,0.01246236823892597,20.599577417717533,0.013012650406326804,20.217625557819787,0.010631350290086905,19.69046880251331,0.010847206828600495,19.235458783061695,0.04252026505196982
5.9890083529467,-72.06048120284052,20.91903267856816,0.007907177364460272,21.776638726439444,0.01103828467004538,21.345248696956908,0.007074987261395255,20.61142742878056,0.006269048304291449,20.076797216802355,0.010535097842889508
6.070279975923391,-72.0604619244388,18.678616898785936,0.002443016472480786,19.130399872454966,0.0018610167656444032,18.940633305000773,0.002218395565112928,18.556135470398395,0.002133157206624935,18.417797181633112,0.0029156204145796717
6.035678253646254,-72.06045532166075,17.628904342548562,0.001627337551949349,18.06278146964133,0.0013613924985333558,17.884480575654678,0.0020417774559950367,17.498126977316467,0.001936510573611117,17.38077851042062,0.002811966238353311
5.9828459048634555,-72.06044501205693,19.887526279364305,0.0183386857776224,20.55225614967476,0.014717552078243632,20.207329985668466,0.014250455911871508,19.72175763561269,0.015490988553987672,19.454621762565544,0.019607190889212735
6.112774776320461,-72.06042335835889,20.315508429854088,0.0029213452975289434,21.064732773301166,0.004730350379519805,20.68704519265726,0.002914065293704189,20.05286307998722,0.002489484611516227,19.708108862972267,0.002691849420844972
6.062157857297564,-72.06044023318087,19.407778939845198,0.0024637367304212593,20.003459440224603,0.0023001589768852234,19.688467773765147,0.0018538635991460052,19.24629121332905,0.0019205703375533303,19.02718942368083,0.0026637368471288444
6.045493600205817,-72.06044168020998,18.616012954492742,0.0022738460583557776,19.092738661038176,0.0015138822532121876,18.84197137697103,0.0018550044561462123,18.493487870920013,0.0020951744094057,18.31542752173344,0.004222060871367678
6.040287833980081,-72.06043821150469,20.473813650160505,0.009586477043974508,21.28967056253957,0.008906529235909835,20.874198987901657,0.007637429911827663,20.23952013269448,0.007853976272497697,19.86343872497391,0.008635288563014562
6.031879109568759,-72.06043556512252,21.885299620732585,0.023494102891093185,22.961581900533183,0.048391060615543414,22.461092957148495,0.030559484515273752,21.411866088510067,0.01929448924650129,20.78746086018618,0.022749432827418623
5.979841626723203,-72.06043869361721,20.84017160348313,0.023699246872723054,21.73362420765259,0.012276004534085713,21.401649791237652,0.015369262080704119,20.48373979753623,0.027380657204142178,20.097489588446564,0.017136695092770615
6.09445957259914,-72.06041474921378,19.334491613310387,0.0035091821758669196,19.925626568216934,0.0027729426966935735,19.67092816287886,0.0033524572390293004,19.180922347793697,0.003397822201499848,18.9757693997255,0.004414972414107164
6.072988036674579,-72.06041242169084,21.26491825052391,0.008048214538381521,22.227021028618637,0.014490899902927349,21.77132832349681,0.008972912987747904,20.939493267430187,0.006744768407942889,20.39814393002655,0.010096443379438547
6.050544782520609,-72.06041966886147,18.714817391392042,0.0024442024758389255,19.265704413853364,0.0013784561648773523,18.983398829059638,0.0015810348401850368,18.59136230133496,0.00245614100539264,18.409841561843542,0.004269217465521673
6.07419520857484,-72.06040312403616,19.452069069718437,0.0023098074423257794,20.06618131705055,0.0023111544829841537,19.757355796807083,0.0019125059725770934,19.286244410777186,0.001999156861911661,19.065858965065694,0.0030822289272828085
6.022571699631345,-72.06040272961759,19.271339751936463,0.006729942038152575,19.835552100465975,0.006794269900956593,19.531219684072603,0.006848016240604243,19.07134532123905,0.006093005739087158,18.91208183485015,0.007556246376919814
5.997576760561078,-72.06041036871562,19.24052261535905,0.0015386815550618267,19.79896213529672,0.0017919223842875682,19.49663782205573,0.0016820622841900298,19.08781906271752,0.0020010875856133507,18.90335569007346,0.003292091583056549
6.087235245577183,-72.06038284745382,19.527286806460754,0.004367367450000569,20.131357880427643,0.003519730015898457,19.828553102373235,0.003493251824864175,19.342239569965678,0.00550591479122183,19.088138198234496,0.007864139716827515
6.065278504112725,-72.06039701500124,17.930868629714798,0.0010633812369028638,18.37293403805073,0.0009582007898969197,18.157399474757668,0.0008080156823140078,17.814042911561927,0.0013318985123048656,17.700618503314523,0.0018327533315245313
6.016988995297279,-72.06038968402336,19.317864321599007,0.018025403611049325,19.881233006743606,0.018773388532829997,19.579139451847333,0.01916680362156032,19.1526170568441,0.017531245108461768,18.946886498507702,0.0195808352350384
5.991640225790329,-72.06039283366063,19.918526155072005,0.005201729421035968,20.58430127055538,0.005737987942004977,20.237756049653548,0.005440001347319986,19.73452875939806,0.004472498809976421,19.4487976534702,0.005800916708299545
6.088067856765752,-72.06036539756708,18.298130126202782,0.0012152920830009514,18.766456466533718,0.0008944270039834873,18.562467197089035,0.0007725164078039316,18.137190475869474,0.001788381296388975,17.994477170292114,0.002240072971497107
6.041694208796173,-72.06038522028877,18.979898745439936,0.007132881893962504,19.492885941990288,0.008788765228042807,19.219320724800014,0.007078165815742125,18.82472649951258,0.007979710545616043,18.644774485458818,0.010093011375724832
6.052427165982641,-72.06036092763362,18.036899883040736,0.003583236346274473,18.458133574108928,0.0021779955590606527,18.239889903509315,0.0027189561913962567,17.936534856802282,0.004296101714454741,17.81632570352928,0.005619555352780198
6.026977850863343,-72.06036078885205,18.003202811364215,0.0015567826732934443,18.440633869716535,0.0011103384825628048,18.213648566044498,0.0013312292664074113,17.88945550420123,0.0018165460348063243,17.76493198507343,0.002344331188178532
5.95682246681911,-72.06035764561582,18.90522355871732,0.0008921258148909607,19.40851395948495,0.0012548276705911935,19.124075864790747,0.0008057796319153597,18.750480739167003,0.0010321373975284694,18.597109214467885,0.0020576728268148024
6.075066595915369,-72.06035444155425,20.065260761595145,0.0030350194584378735,20.71567212244824,0.0037807217366359913,20.376108639336415,0.003034683465615755,19.872777778024442,0.0023520866827116864,19.574856326285705,0.0021036499235934534
6.069339082928773,-72.06032728713652,20.14188140495573,0.00238138263015021,20.856912446303795,0.0033951208833778884,20.48880239655368,0.0021166992663920097,19.95772512900102,0.002316640832104206,19.64735835296949,0.003779765546880968
6.100246804293118,-72.06031941759925,19.86142045842337,0.0017825481447379776,20.530832070034855,0.0020911049645145523,20.1892992542556,0.0011341026143853585,19.67545292442739,0.001448962178039356,19.416707242107428,0.0018451326671023178
6.071358815687571,-72.06032160039044,20.927441621836767,0.00395713018235462,21.806321538841132,0.007430342739070887,21.340443310743147,0.0036402858319530174,20.646342709650682,0.0034570546048973997,20.19181611475649,0.0038589007573276283
6.061847536179354,-72.06031783699305,19.92462707900147,0.003030272416482561,20.61211915250749,0.003981122451460405,20.256258443816456,0.0032196763644774724,19.73188869724372,0.0022324639710386705,19.426918096368126,0.003688605866346859
6.025138360997464,-72.06032306300433,22.041700884803515,0.030926797460252925,23.19308436344769,0.04377222884522777,22.588681987260564,0.037501549677628344,21.479738138659158,0.022911746481362006,20.964214770267965,0.025121905313361347
5.9882634068248475,-72.06031836382108,20.67680614189987,0.005219072586709861,21.53214890252893,0.007040096308196384,21.123958637346874,0.0053372571099808055,20.419741009674524,0.004239512169600149,20.010685505600087,0.005237297286733136
6.110327678550488,-72.06029987875873,20.367056848738844,0.0035156287050446514,21.096854720344865,0.005613048231026096,20.714633414240218,0.003796564750237758,20.118335187979767,0.003243732002815866,19.77560228630417,0.0044032104432241235
6.010753871048192,-72.06031265019548,18.60130000991902,0.0018774200084225724,19.06610889781532,0.0015837239743653566,18.80499400544128,0.0015566776978643664,18.460834891632643,0.002045542882243169,18.330967217352836,0.0029328145788344575
6.040127608357582,-72.06029557081972,18.633799011624536,0.0029005181242706874,19.11438025418998,0.0024008739744833434,18.843304470315417,0.002779074239636879,18.501449157564075,0.0026537397032128916,18.372244074108295,0.004010515920759247
6.020500030092175,-72.06030045709844,19.968093937529222,0.010021979837741956,20.546556854071845,0.011812725755223626,20.238069520288967,0.011911942894955393,19.72996357153729,0.014101314661653461,19.455407632836618,0.016476001105571236
5.9943206473513735,-72.06029839093802,18.970923082960883,0.0018500628837800702,19.446892890379715,0.0019507915049406257,19.177377382677562,0.0024305902852750313,18.830998360493197,0.002142523202806169,18.67858082940529,0.0024889182357901774
6.053952018217354,-72.06028744964378,18.194212757558216,0.005523736458534034,18.633450564069484,0.003694999531200453,18.422598906829442,0.004368327505254381,18.086767344820984,0.00635663444117251,17.973519611063473,0.01094461276330068
6.041468217910095,-72.06028327633476,19.222417021967953,0.0053319964296713995,19.76042173908172,0.006461553496920132,19.487948362873944,0.005482316844445354,19.062341166119225,0.006989962706294325,18.873410099180454,0.01263762677478998
6.022656667780803,-72.06027999468944,19.0642926344446,0.005243400953364836,19.575295155913537,0.005166189397310054,19.28697529085788,0.004765414495194706,18.90341123910261,0.0035965823197253335,18.728125994825994,0.0065469527789143705
6.066523815027891,-72.0602587732042,18.194538142018768,0.002168166042217904,18.63245885518399,0.0021859406028938337,18.39352338645012,0.0028416310244550585,18.069552654836727,0.004712677737640508,17.9514515952067,0.003747265374002782
6.114928886936574,-72.06023169989886,21.192535819245453,0.009068058511909952,22.15856412953933,0.011707065228974923,21.708997499454696,0.0053219233884029314,20.887530149401265,0.005861289609276073,20.260384939558946,0.006411174835199639
6.052816012343581,-72.0602633901322,18.288896350489072,0.005452052923346621,18.72185814362019,0.0035758244852193716,18.494298501230034,0.00450027185034147,18.182279521635678,0.0057594473993617026,18.031519629416266,0.007564948757946536
6.011219116194002,-72.06025157621936,18.615232834231474,0.003507366516518546,19.10168977394973,0.003092880191563042,18.84501688717264,0.0030472312488449556,18.492578471070836,0.0026759042310812897,18.348864879719173,0.0035203379907011076
6.004666272781542,-72.06026123508623,19.869430385705012,0.0036601771700407815,20.50285261564305,0.0034049042597827455,20.161912997563434,0.0034873077250771487,19.68527321126581,0.003698972274190301,19.40753146930289,0.007317899055892918
6.10487869909675,-72.06023634118864,19.903070163949348,0.0033268813158851425,20.580938557160692,0.0036630310211205152,20.229480463823982,0.002933618810722286,19.711503376053244,0.0030085054905998896,19.420573403243893,0.0049076795435656975
6.0742966876108655,-72.06024494983062,21.352530748120504,0.0073926631890370124,22.271051194492067,0.011740205544209443,21.829377394777886,0.006233098875792271,20.996781827043726,0.005240725539494297,20.452315789142723,0.006173254158654961
6.0707500277349355,-72.06023075880977,19.584070636878206,0.0027117864916588706,20.17226496764424,0.002611186748555694,19.88597330469102,0.002270001525575056,19.416445078822022,0.0028649628771162264,19.18253165850583,0.003277293710232759
6.03563571872546,-72.06023483979543,19.980433470529523,0.007327580715616169,20.640958425276324,0.008357187842112241,20.305112106692825,0.007770069443003215,19.751044689518586,0.006655594081723316,19.42984994500342,0.01846393390448354
6.015935543343506,-72.06023374340263,19.46776822417242,0.00926489037587704,20.065156764442534,0.011170173309491957,19.733902008968208,0.010659860600053086,19.294861941978183,0.008770758709024103,19.075577193256855,0.011880124759229357
6.114510424208038,-72.06020455408589,20.03321964614361,0.0027316531807196104,20.75186997866119,0.0036348142127312997,20.4062653856948,0.002822266747993719,19.86583067641496,0.0021609813081472484,19.574697375386343,0.0036475152480496924
6.073270856296072,-72.06022398231792,18.282798997145964,0.0016425476991383313,18.71750396741725,0.0013923284816035866,18.486935424732806,0.0013404839393806032,18.166950669696455,0.0017174919541847785,18.043852606403327,0.0021830607682758536
6.065815976004424,-72.06022366312388,21.071237643614065,0.01838339757999563,21.956370839527068,0.031906055772391695,21.529064427248628,0.024670310089856057,20.77159894187072,0.016805080795124976,20.261941674950023,0.025903417566386623
6.051928728016816,-72.06022653727885,19.80082460399024,0.008275832778649688,20.491552964040032,0.008692834971655983,20.127958295614114,0.007653632845888988,19.6547060566976,0.007902450395485624,19.31927020289382,0.011659663493702578
6.007452661011322,-72.06022002125299,21.98102489822853,0.022510553616169295,23.12019919113539,0.04175262065689298,22.575941328748357,0.025640332534470456,21.48543803739399,0.022940020549334344,20.817988156490095,0.03240562235536055
6.127670387052758,-72.0601846083476,18.804943076135682,0.0009253132240038079,19.29973119625396,0.0009028756968291918,19.04958743840075,0.0005783203000556549,18.660167081913784,0.0012022834217014625,18.513679310392256,0.001993123802241567
6.108759179059916,-72.06019907102635,19.502558788619925,0.0025615118686798605,20.108257619631516,0.003036810211878659,19.836155993853602,0.0025677050369214225,19.34717532544346,0.0023547754164918414,19.146799887864198,0.0028472810583949513
6.008241344892015,-72.06020817436725,19.56116765361592,0.008923398177525828,20.17130514017721,0.006657125512330075,19.910910289660755,0.007933781557945632,19.38413385289794,0.00904659125716479,19.18188368426626,0.010155287937719241
6.098020268052255,-72.06019073087688,20.56209249949588,0.006148309042318279,21.339183812213804,0.009141909284948369,20.93425260471816,0.0059744460081754954,20.330742443594396,0.005378450361416499,19.93059609438098,0.010387629252671683
6.090664932285234,-72.06018661475987,19.950265291116,0.001815712294958675,20.64200502457222,0.002686479687073089,20.29794397800739,0.0017242541578284985,19.75524609021383,0.0017086713632254822,19.472406478615504,0.002347659167785188
6.085410538795028,-72.06018827751512,20.746613759057933,0.0033949971994482906,21.598662893968132,0.006070258616630564,21.170742482036054,0.0031467921901096848,20.462386738822005,0.002725931418075486,20.038924015721896,0.0031419267207900884
6.10423413729303,-72.0601655272842,18.996953135053577,0.0009627952455346692,19.488754137924893,0.0009761638311824466,19.237035044174817,0.0007199065131261949,18.846760595444394,0.0014989632890361577,18.692355591465706,0.002032424321571679
6.040338103582987,-72.06017181312912,19.212778968705212,0.005105805531746893,19.756253427960672,0.005281833942145793,19.471485268307596,0.004721419852597116,19.06249671315564,0.005101668638180522,18.8641272893477,0.007088199132301037
6.037800303597258,-72.06017765796432,19.10180215649653,0.0019484730590909548,19.635137906392657,0.002057009083241214,19.353734630347105,0.0018303134724924608,18.955128227622986,0.0018980829113003639,18.79030784796837,0.0035321015724039903
6.112679945513337,-72.06013413452467,19.81658964260996,0.0017075973357368501,20.479255002623653,0.0022564430634363242,20.195191334922036,0.001414195204096685,19.628396980036243,0.0014940251871765104,19.349261279248225,0.002278034684237647
6.070332410500626,-72.06015926403434,19.402465058554274,0.003589743384597807,19.992440884396785,0.004565393717910262,19.679087770378516,0.0036085376822397883,19.25804956790614,0.0032426355579178775,19.04317678621735,0.003511769770018693
6.063510748911103,-72.06016041611045,19.584715669475518,0.0035645516503836883,20.206430435688688,0.003595626934685529,19.94333965760955,0.003329565000784544,19.427770136216452,0.0030243161624036196,19.190081580707314,0.0049324107365491185
6.026272262805339,-72.06016573108336,19.406395455494778,0.0020962188947592987,20.00429447316759,0.002282853944385487,19.691921550655188,0.0018420167820841409,19.251636936297174,0.001853055254753227,19.00528026423111,0.0023591686310474673
5.996805618937164,-72.06014830218153,17.771157982180267,0.0038747394735498034,18.191489246896694,0.0030143514889014265,18.01026937439775,0.0033459661219698,17.653506018217982,0.0038122251414723497,17.540090299610995,0.004387245166061346
5.973431994615328,-72.06014521345679,18.248407328623255,0.002042209635530504,18.736376240001775,0.001683492174127433,18.456286517612725,0.0018334835330149396,18.103684735251257,0.00211760607243883,17.932430038854243,0.0029004936854289073
6.100578534148833,-72.06012445587433,22.069410088933385,0.010573073984663247,23.22830498466069,0.022256043959503282,22.67410151581702,0.010396140243860442,21.628561596395272,0.005875831655698602,20.909746293943854,0.004945247773763751
6.095236763717447,-72.06013661424181,19.135367677831947,0.0038902675489962692,19.675741902856984,0.0034059071246819953,19.394200732084663,0.0033324721014538383,18.981552063154638,0.0036807898388566576,18.804229795441955,0.005190986621258025
6.065871393697549,-72.06014083899281,21.86638662432593,0.04272638858781943,22.83864623823319,0.09178157087235637,22.46856716707685,0.062016951379408124,21.45799604876602,0.0554934667870152,20.830327959865024,0.048990470609390276
6.041914145760829,-72.06014750371203,19.18695287343608,0.0025462586515296397,19.686717253525515,0.002512483006350133,19.434213723437992,0.0023779036479655677,19.03743619318466,0.0023736079295525957,18.873375008186535,0.0040063237762537444
6.0114439883991695,-72.06015041436656,19.32085561824766,0.0062565482188865,19.857696996786025,0.005248332998735657,19.563542922748034,0.0051556141510264155,19.165157481078765,0.005109793879748457,18.981813387265454,0.0065188834116832895
5.992757963503196,-72.06013428842942,17.792057621306657,0.0014045815673459391,18.225248297045496,0.0011478659259057345,17.99048636668803,0.0012124158578150153,17.674330685719895,0.0013307533149025449,17.56113682850299,0.0019000193354483364
5.972521316599105,-72.06013504373902,19.65721694961704,0.0017036213908165807,20.25994684481431,0.0019952514025493827,19.924264956604382,0.001305101007134215,19.472849348240146,0.001449009271552544,19.24270100002417,0.0023982341139852105
6.0814160515136715,-72.0601037635205,21.419707885794214,0.03350501149425832,22.207230776444852,0.05548306889002376,21.84861638076925,0.041427052030026196,21.063576920006483,0.023227893445693672,20.43213166309483,0.03042695965535577
6.050749350120817,-72.06012003960706,20.91253438429852,0.00750655782105973,21.76556023294058,0.01252784229179307,21.34646751576151,0.008825486751736172,20.657444191639023,0.007261639131301163,20.187339925487287,0.005916017164183684
6.010179838206529,-72.06012147170941,19.05066131686677,0.0027389997721149867,19.570942630874093,0.0025375355552805534,19.34128286690862,0.0030406156435791184,18.89761729554317,0.002579537295903091,18.73104455051549,0.0030565805940703846
6.117157926943813,-72.06007922280484,21.02270648729913,0.0069292872287556855,21.85882751252619,0.009571823545414528,21.457063634904472,0.006403566521305914,20.713010859464163,0.0055942274178795,20.261378288333624,0.004528429305568849
6.099503152642899,-72.06009634058194,20.169079399187094,0.006335209094121577,20.867023227634803,0.007727398774625629,20.513331465013877,0.006468568040021322,19.916841452719325,0.009089223477154943,19.570749875224394,0.009158354711530347
6.03636765412935,-72.06010082727724,20.712577905422894,0.009008716257804368,21.524651116829475,0.010533892148564124,21.131713740865514,0.008504156440283994,20.42338569384144,0.009063363463147739,20.016615245150128,0.00907874789019724
5.974610990495906,-72.06009165983234,18.98892829392418,0.0016376971316921039,19.493990938475605,0.0013349833787523664,19.21097350849311,0.0009506156202757082,18.834502894436078,0.0019342140104322133,18.675594961336444,0.002649648092588979
6.041743790092186,-72.06008361810595,22.088090339385364,0.051754662997429236,23.216836486380274,0.09243038123701301,22.68453724075637,0.07457388627585175,21.70732369548893,0.035911765383346235,20.964878568049627,0.04338392067773872
6.028607333319088,-72.06008540416485,18.88656798002751,0.004186545134439165,19.381981387376875,0.0031670996538446326,19.118791191929766,0.0028554573822631153,18.7383154213601,0.0036959217382920343,18.57746479837858,0.0035483553221879174
6.0217646841175165,-72.06008842570533,19.182022435364342,0.003594542922073792,19.71321646775798,0.0037704718830725973,19.43369890818129,0.003169819519203582,19.02234137069061,0.0038614869349938687,18.850166764465214,0.005095947520318625
5.984423738378836,-72.06008290566092,20.20802524135667,0.005036344593449102,20.92938249283695,0.0048648664780211945,20.559093708719523,0.004446089789088835,20.01175190118552,0.004429687754240897,19.704592577836102,0.004335550566866446
6.063013239709309,-72.06005690825943,18.101521763428426,0.0017863152233780532,18.52832011593484,0.0014743366389954023,18.324530325845828,0.0015591024475758223,17.995003266683106,0.001670054607119512,17.86537070602992,0.0021080991138746215
5.974211517721418,-72.06004765515439,18.770293417030285,0.00409171111572731,19.275522903730973,0.004307545493375505,18.99374237274204,0.004111379115377067,18.641926071923663,0.0032038849780495174,18.47896390840203,0.004871343402491023
6.0703228894444345,-72.06005154349907,19.635672437307864,0.003450660320835857,20.252688940105237,0.0034238265369254577,19.93227112848802,0.002686574236244174,19.471021629416704,0.0034560422330478452,19.214431382128005,0.003930625708458711
6.0871264110199785,-72.06003133259418,20.22598919732408,0.005433312664916231,20.966872602583123,0.004852081226910854,20.608349692922772,0.003601660803096015,19.992601555702606,0.010362524470837554,19.69945643482422,0.017862988072025625
6.031440718898261,-72.06003473244168,20.0002351700353,0.00852883703163359,20.695298963177805,0.008261854092119164,20.299928359212842,0.005229834764983914,19.81891668386637,0.0066248487958777275,19.547981821818034,0.008795193471822399
6.018325951242646,-72.06002587636809,22.146331026100246,0.05834141234892165,23.238329404546178,0.06093923557108031,22.74262319676268,0.043107121954341285,21.780233188048285,0.03704397959851128,21.09700274160116,0.06437766331917559
6.116290452450277,-72.05999829146589,18.696363858448468,0.0011326699641165186,19.171368535076468,0.001098614700907704,18.928222228511274,0.0009096825198413461,18.570201792418104,0.001300418712701598,18.420020456179806,0.002296833843552561
6.096923170049733,-72.0600132130515,19.27838768308415,0.0021064149354427177,19.804837281536336,0.0018536693647575,19.53962092293306,0.0018729913300608734,19.118509079280507,0.0018828059834272415,18.93853747357032,0.0023975989831623657
6.065858494808891,-72.06001058513606,17.905905830736163,0.0014283814255204674,18.347646547171195,0.0014599076940576012,18.12155341836594,0.0012699817876309172,17.800715975243726,0.001538823562109206,17.67027777278254,0.0022612961621592226
6.0492079367460025,-72.06001694269582,19.485321727898448,0.0049062917032447915,20.046250987535927,0.00544613833292914,19.745557528555644,0.00537281952993545,19.32767733150935,0.0058498393113133595,19.119785253331713,0.007449103475161727
6.012842983219182,-72.06001659176255,20.06167279212386,0.013539803639397044,20.739013058249682,0.016454956008939405,20.365374964286246,0.013537335253700145,19.82859854760912,0.016233651365289793,19.53170814727538,0.024424145969588352
5.986997593599945,-72.06000718367127,19.437442544805204,0.0033130616001962,20.10436679748075,0.003867859622984207,19.799793161814414,0.003013183720376846,19.36019193970406,0.0031094288941123957,19.1023177449593,0.004752313407087395
6.073522243004614,-72.060000347753,21.060550772472407,0.008978868828123683,21.941878415464437,0.011071256361117951,21.520331192358597,0.00798819578747787,20.763345705521203,0.005927305355012491,20.25669931079654,0.006542585795641013
6.065359792358944,-72.06000679775117,21.928243310329425,0.021123983636272905,22.916715006042388,0.04022931416816201,22.468762614099383,0.029955434379729105,21.536499103763177,0.018514494605577612,20.809752721396627,0.021680039835681578
6.059599420470736,-72.05999160271705,19.546558357323843,0.006324705807765981,20.134679762836917,0.006822385986820025,19.818113030702946,0.00634299413817006,19.373917986573616,0.005940833342830348,19.1727495531914,0.0075484846204183975
5.980409376616196,-72.05998591822052,17.98027898024529,0.0017061047819100694,18.414243289676477,0.001591214332319443,18.17647548403371,0.0015660677765422456,17.86034558536963,0.002075792890181996,17.747513113084295,0.002882043832435745
6.106541279189832,-72.05995925785804,17.693468099208904,0.0005973820712698661,18.145558914823162,0.0004401005816528836,17.910954871585417,0.00048278814322712515,17.572677014699508,0.0005774175227141477,17.435111906264716,0.0017677261042959398
6.096117599660986,-72.05995860284413,21.919334603920408,0.012362570876455252,23.086037158891543,0.02580950952405144,22.545810427785746,0.015017783583277306,21.55281273065154,0.009325203829578339,20.86931401013306,0.008540466746395945
6.077361369451593,-72.05997979309407,18.576426209765916,0.003848970972100943,19.06800271235582,0.0022573342247413975,18.819758472083237,0.0020937498749134223,18.45277334508276,0.0033048877996678847,18.30355062071537,0.004444107647292384
6.058508727290212,-72.0599710126899,18.72891637245895,0.005662496688276638,19.232082181874347,0.004623744193169315,18.982685985958184,0.005800239647119011,18.596070701174348,0.004798131210980145,18.40781051105278,0.006341847038545873
6.031130816351872,-72.05997151514532,18.91279495599596,0.0027357889100509017,19.385403077208665,0.002713514708301277,19.140139827627813,0.00276104638338931,18.773971287146836,0.0028023917746959983,18.62521825596925,0.0036945560959917925
6.1216948179115365,-72.0599388220324,20.700294873250154,0.004958900879395163,21.503499901407118,0.007367976276704499,21.11474082285156,0.005673945772156365,20.448256394326904,0.00443710172949487,20.039150836779477,0.0035905751668347434
6.061669261528266,-72.05995548276834,19.736263285810214,0.006781109346695498,20.43822366545548,0.005489697385214002,20.08682768209173,0.004162956838806781,19.57288120867068,0.006755294856418062,19.253594347203,0.006082623484890589
6.0524580984296685,-72.05995459163675,20.894390440123306,0.008423211702061945,21.767740126656605,0.011778307039610494,21.348721153773376,0.007033903666375097,20.622477149653655,0.008287770085917894,20.17723575500471,0.008434223031168003
6.037473337805866,-72.05995647415091,18.54671365741257,0.0015957710396094,19.02896232847955,0.0012384430170768372,18.783227766544478,0.0011882557737198898,18.412362809484527,0.0017449046398462058,18.294660226904163,0.003183906422305907
6.025853510682792,-72.05996297859932,19.357994184359885,0.005841956497669254,19.91180890107418,0.005867047142774728,19.61984833908081,0.005651173094535047,19.199854006077928,0.00648975513106078,18.98488762070037,0.0077129802236945615
6.051159393126558,-72.05995605610175,19.341435803206256,0.0015433222081935026,19.92246213674646,0.0015968310092814688,19.601434972303785,0.0012750724718689384,19.20037175720619,0.0018716994447103095,18.98747301052233,0.002001658329946257
6.002049229228766,-72.05994641048261,18.720811325091898,0.0041142922388410245,19.161400886690885,0.004785392460274395,18.916107016721973,0.004572825650176693,18.59481417392736,0.0037879671621504365,18.43809448795217,0.004577350474476841
6.037904029878029,-72.0599280835103,20.529335938284436,0.013599442916093355,21.313797587451113,0.014675812701165032,20.920062747811976,0.012292715266494555,20.25260855953743,0.014982853809112157,19.891404450499294,0.012476177159435373
6.021607796368199,-72.05992902003054,18.103189807573283,0.0014162215726717664,18.538995231857264,0.0012751938968843311,18.30794335950128,0.0014282536278723836,17.988445905264186,0.0017566349487248647,17.88608667892246,0.0024535166396576023
5.9751419647592146,-72.05992423092401,19.947418110725454,0.0027711787217423994,20.644762444438207,0.003596418787072582,20.286743655009516,0.002576485577615897,19.740679467119605,0.002447987909358876,19.46535143750554,0.0035019471432154474
6.060202151432981,-72.05992594000718,18.987501633791656,0.0023895769154478213,19.516400633561226,0.002030563484663393,19.251950992313354,0.0019003196974754985,18.860867146191488,0.00246445285479547,18.671605679434037,0.004024041825235261
6.016083718127635,-72.0599290112685,20.41857842357314,0.008000715049742544,21.156862607816784,0.007368072591243154,20.773773463168574,0.006240361811273826,20.160933478767227,0.008304688105965232,19.8037742745176,0.008712839770266337
5.994755657407751,-72.0599225672665,18.62760110729101,0.001692788493233413,19.05964145741892,0.0014167757332094143,18.89156416882684,0.0014375384715227704,18.492702997062487,0.0019163927912183142,18.34526219023173,0.0029857171752161477
6.057037077127513,-72.05991409699672,21.309315456150262,0.027811266449443015,22.40000225430719,0.03296562890219842,21.874855504858346,0.024622547620934035,20.930343601035943,0.019536727216516225,20.372646984546492,0.023657633135366812
6.076586461131155,-72.05989024322172,19.21878232138153,0.009184321698614375,19.735535854270253,0.007245823070220614,19.491130773395064,0.008765370406948391,19.085794524894332,0.00796194685020039,18.893997822969226,0.009322204080589893
6.011526288256595,-72.05989786824065,21.204513690366984,0.008408789426176582,22.100947169983407,0.0279410656341694,21.65380911165893,0.02174305461111404,20.831753214247065,0.014438584505312397,20.338768059425412,0.011343486203332533
6.107069193215607,-72.05984587876077,21.497837923764177,0.014191407641462865,22.49220686328791,0.02774118904682777,22.038970090020833,0.011545861579858208,21.145715645894683,0.008943225636543027,20.570142550505842,0.006061264923579435
6.064298831691204,-72.05986854188312,21.31941740910597,0.0088713459482541,22.224843751801977,0.019622160952510688,21.780663522003678,0.012193268919851011,20.966887232947926,0.006995142356660515,20.40834978688985,0.006901415615239932
6.016460520677456,-72.0598454184779,20.60680822128973,0.005982887709457669,21.39596813755781,0.006829737398365106,20.971450911533182,0.00523273930886103,20.335066452583092,0.00508288069486928,19.935786871456926,0.004168280194583623
6.003391382237641,-72.05985486810329,21.63780088056451,0.008700749527263213,22.6158712950175,0.016580247369918,22.133686966610092,0.00782738472254868,21.274330365442808,0.007004704847289095,20.69808001666319,0.009560898691527741
5.99930860742626,-72.05985100914339,19.277878194042874,0.011427621289877636,19.850455701928162,0.008281094810723397,19.614136077940998,0.009101862662765055,19.125688393301388,0.00989118550675225,18.944970764316956,0.015838699203340648
5.995385717491322,-72.05984674089731,22.397690414701632,0.05631938216268957,23.524567745978928,0.09286415859723654,23.026905588455236,0.0698661745587036,21.911042856407228,0.04585611062299019,21.179580856500287,0.03764143622214788
5.986007557274098,-72.05984767788279,19.03290505056243,0.001753558816583979,19.531938857313577,0.0018321889019347205,19.26195529181215,0.001529872580586953,18.902472501661137,0.001963288485465024,18.73862433678665,0.0031410376669408105
6.079748691407103,-72.05982699717133,20.415072299389752,0.015356052005500736,21.210666306704915,0.017916367742596463,20.806238162194923,0.015042326607095952,20.172469830858333,0.013233788242876163,19.776538173643104,0.012246638160590224
6.0736630450450315,-72.05984093598717,19.549376131208216,0.00231117534166872,20.14053005819268,0.0022480137312291893,19.829776447264116,0.0017889173458722368,19.398191495038965,0.001778021493565079,19.15886023571592,0.0032422202904838914
6.05519554293553,-72.05984078817842,19.062518142451996,0.0032297789895225355,19.55872292622697,0.003705451430352703,19.335405530709984,0.0031398122682679878,18.931964699887196,0.00357881313234323,18.74645390605665,0.00467400270498655
6.0391782403846985,-72.05984219801573,20.08000789209751,0.004814302998031157,20.791672187394568,0.004605943281475621,20.42405832659724,0.0038017677990086246,19.874119109580974,0.005094023646454711,19.572458970426325,0.008802274074181849
6.087787682742832,-72.05981199673091,19.44399059993008,0.01553008370306468,20.048467312014083,0.01098318195939438,19.74285588064764,0.01357502183149521,19.265189468684667,0.018351779749758622,19.064058935016917,0.022640658489349066
6.083870191958357,-72.05982107662828,21.58894414761554,0.016805067747642167,22.55374023570341,0.028304327295687128,22.125151132319985,0.0199502329822447,21.20035703325202,0.017476875062476457,20.577754373596562,0.014037750145307726
6.071177716124366,-72.05982047842068,20.006767623096376,0.0022083153732892036,20.716571594066764,0.003297718770075911,20.306268304175738,0.002063160432697678,19.80885803900221,0.00171108163640782,19.512728048765,0.0021297752373092673
6.0579280253334975,-72.05981741035549,18.277955400708198,0.0025679838801318266,18.707940626242937,0.0027156013941392393,18.479815411749676,0.0026760993193279455,18.163090962946654,0.0024098365933024027,18.042045337678545,0.003118266235950892
6.051475022083509,-72.05982745085204,21.43967773271532,0.008037887810735053,22.40743433712953,0.019528264601183763,21.93210881816931,0.012721387913647507,21.10129610627211,0.00941155590032383,20.528689604154188,0.00964403269377865
6.086023726797843,-72.05979833980473,20.99826604516908,0.011945821213401146,21.84353706822396,0.012067252401486811,21.5026272255025,0.011581112666655737,20.695338324082606,0.009487149582545816,20.227846036204447,0.011463550018311109
6.033023587083159,-72.05980390810193,17.520748179031063,0.0008478768763875025,17.98842041601398,0.0007831103390437455,17.781622603873252,0.0007282659145186508,17.38560214833211,0.001502689088896647,17.248286000156384,0.0017127313896771453
6.006831995843554,-72.05981795712306,19.687442686532737,0.00574373974319036,20.31123836587806,0.008079852494747729,20.021624627275365,0.005848846574535439,19.504192148551915,0.005080653197402284,19.249829731134632,0.006145645288853471
5.970105495100878,-72.05980134226633,21.6860158711098,0.027687829244647737,22.774691680539085,0.030495695843684875,22.233987941334156,0.026995992236252202,21.297434502606464,0.018028568349962918,20.69536425603755,0.01001268979163106
6.05287334433952,-72.05979635077095,22.05004872300753,0.026076927957277212,23.15164777153924,0.05213554739441204,22.672935470042248,0.033708140932340924,21.66112143211653,0.023576367168542722,20.92250832141611,0.010774003686629436
6.020757832632548,-72.05979828075928,18.104246835848212,0.0025372463394533963,18.537359981605874,0.0019330558265256885,18.299522239835973,0.0021623755424091235,17.98899029820643,0.0021929331196951407,17.87029776496921,0.003689058813562511
6.005834204213086,-72.0597880459706,21.275448804535404,0.010467817821822161,22.216909133575804,0.012389879691423333,21.762894709862216,0.009089637126356968,20.94805906527303,0.008130569798148364,20.390717693091823,0.006941609178221508
5.972525907567477,-72.05979258215612,18.172892048890485,0.0014248282205724893,18.59928062697999,0.0011508728959539877,18.437041144086706,0.0010192453677681328,18.05535560244232,0.0017618247412681588,17.936266985938474,0.002223229466746716
5.971765453225704,-72.0597914588387,21.56316761334185,0.00804418796586363,22.54522381056057,0.014087294932605783,22.15602910452555,0.009502558307889175,21.136240936017167,0.006146269355410504,20.620596803886045,0.0060775589873812525
6.09058720122562,-72.05976796189448,21.12771887485059,0.027104231949451513,22.051854076131256,0.032781872645513285,21.694506615323384,0.0303516467803688,20.80347302340536,0.026195572645234335,20.2941385124318,0.03125648475418182
6.0634073849375305,-72.05978187228791,20.70967436920286,0.0105840337083756,21.52037695302841,0.014586279271010553,21.114003011377136,0.011522683249407258,20.466124253060173,0.008898378241184642,20.008589100135374,0.017216595412056335
6.0381072136989555,-72.05978150632615,18.150751112228082,0.0011968424639895454,18.589030600179356,0.00130807166949435,18.34962839434018,0.0012984680787677385,18.035642494328258,0.0013653490506598074,17.925426013924387,0.0017672107416052752
6.029032642926032,-72.05978681098564,18.177724374198025,0.0029891947485781297,18.6097970337024,0.002000606078129236,18.4046206784734,0.002683312572637697,18.061444806792807,0.003002575595213414,17.948847342483703,0.004179134409510022
6.08629206339232,-72.05975412494925,21.214907542311447,0.015252084111345756,22.219776101741346,0.017318336495645036,21.79082993252493,0.015745046879978464,20.896495810012766,0.012468574186092828,20.327572037907373,0.009351948321340762
5.9933543539602345,-72.05976728040848,19.595446500119795,0.003118340555396728,20.18219364234401,0.0038226821913196238,19.86933290776846,0.0037323009960429773,19.422460670614313,0.004023964688895947,19.202300934930754,0.005302928953560347
6.128396988143804,-72.05973011859943,21.698860711854362,0.0064376006530181265,22.701782183632844,0.01391388849936489,22.25099295870453,0.006106259344856703,21.289798788397718,0.004321739558540587,20.689373234535317,0.003477290287768402
6.093591212614884,-72.05974165417884,20.68211292153315,0.0034300995705871594,21.51345852532814,0.0059450548623618885,21.100239081943315,0.003414409998674935,20.42274307949414,0.002989040685572876,19.960323890588825,0.003654020939373293
6.083119894949197,-72.05974133629306,20.026533115731244,0.005492926016505185,20.56614434788615,0.005364851223137343,20.405782602588793,0.0051561460301841255,19.753162562528047,0.004086630398308135,19.412392972771748,0.005361034528656763
6.055069570234145,-72.05974900670037,19.688399172611565,0.003434712870986095,20.316590018371556,0.004091927986363182,19.981258236517483,0.0031241956757539478,19.509000623291826,0.003516958458380996,19.255315907035317,0.004518355474599179
6.0522251128466715,-72.059762003191,19.09753573283459,0.0027862351239826724,19.601197964270327,0.002448164685570427,19.337796663378953,0.0025066346413223253,18.967704608062647,0.003289947430028061,18.786410411406507,0.003680860961366103
5.95998585721425,-72.05974121227318,20.498169163585377,0.0048622870948632465,21.23957411217173,0.0073263366720611785,20.89806431870536,0.005636118057353941,20.22947005458589,0.0037866944832381654,19.90202096415956,0.0048092238642943475
6.081254988047676,-72.05973996827265,18.960994902346687,0.0018103049215429216,19.497563979150804,0.001426234275199717,19.24241542876677,0.0013292539051495541,18.822654039421344,0.0014389769850321316,18.635967540293827,0.0018494843343605848
6.070321861561457,-72.05974092462704,19.013135866062672,0.003736567765515966,19.52721667027948,0.0038418107294258767,19.245182123335645,0.0035000031532613956,18.86692388115611,0.0033928654211049128,18.671988271753683,0.00741865240005397
6.0267961327726844,-72.05973629394606,19.16137540208808,0.002031038975257214,19.686946107171323,0.002088136018420776,19.40277577871651,0.0020212537872985425,19.020374259639794,0.0017143550172675148,18.834774964858916,0.002730456922648206
6.022426100995208,-72.05974947711026,18.96578443890427,0.0014537553609549655,19.458743634973537,0.0010276190465292377,19.254541250836795,0.0010557055714061684,18.805730720827313,0.0016479447726275517,18.659479342490258,0.0018865267177670402
6.01208184006351,-72.05973409398149,20.970821403587248,0.02275141642104958,21.907890167224878,0.02730021008042786,21.449715665013933,0.025062696088047936,20.74480632888215,0.020662535488670322,20.27397662987859,0.023793469465875246
6.079703842524761,-72.05972390819424,20.386398806953668,0.009627608449310302,21.140613646109358,0.013428722344701716,20.749559939572322,0.011197320287267686,20.148521661744752,0.0097051971363537,19.775221909197732,0.01023089561392218
5.979563607314209,-72.05971324679915,20.52263532450925,0.0044119434458850856,21.299202867020966,0.005389012783673893,20.95901812099558,0.004220697452959036,20.257501608967885,0.003552777408871186,19.897118894864477,0.004036894283028506
5.966726686405333,-72.05970442661108,20.568360485918664,0.019863396900865977,21.312877730171003,0.01728500247835134,20.942165883059253,0.0192462533478908,20.277794737991883,0.018296323153245055,19.902824040740576,0.01654574750314146
6.083551339046659,-72.05968795031062,20.279901160333754,0.008576310334069663,21.036565682965843,0.011140542410312265,20.660646450247242,0.007940261336591377,20.049167771224234,0.006700213857486235,19.725871036247852,0.008081663402964819
6.04626617110448,-72.059695859475,20.123517895548236,0.004046982848109467,20.871689086523475,0.005639702919036633,20.48008912847812,0.004039475983313176,19.919175802790633,0.0031763895346941205,19.549581642370676,0.003753229927697346
6.0146568270814065,-72.0597074136328,20.822901575938342,0.02083880902885631,21.644830196840857,0.019235574363788577,21.24786402977034,0.01607034682593572,20.518439647515827,0.017730205910180513,20.080539331061047,0.021899224702701028
5.99176566020347,-72.05969203652491,19.23852117814744,0.007662128897477476,19.775840603471167,0.005912344797998592,19.469071593169247,0.006571388499938364,19.062707042978147,0.009264894698932758,18.77885725679453,0.018637484378638308
5.956749204856525,-72.05969170080756,22.336705566106662,0.019617641255625394,23.601046701468803,0.037986003751362275,22.966670708499606,0.026918392471518688,21.915889124988432,0.018115436085100328,21.11457745254637,0.018273862090488376
6.080380660348805,-72.05966457914461,19.43564210192825,0.004313572365000026,20.045470494948354,0.003562447645583854,19.74908671963334,0.004117251432242675,19.283964622535265,0.0038475412193620232,19.06687921403443,0.003996508929032504
5.9865484444963935,-72.05967525619691,19.678675018057202,0.004415092209109573,20.309771722932368,0.00393414108475529,19.96821112850995,0.004030243020040927,19.49456557039757,0.0037067211352768796,19.23025914453217,0.007623037786652106
6.079402399455632,-72.05964387366691,21.338647666210523,0.009124907463238756,22.335900210384388,0.010937965761845438,21.865455660147354,0.007336762842977325,20.975043142129756,0.0076201840742025385,20.377838432709325,0.007596774749997883
6.023408970806521,-72.05966000289112,19.02781984172719,0.0031667422129048215,19.565732922642347,0.0029228047287496277,19.2806936836999,0.002437971206834647,18.888284153634373,0.0030257002739369036,18.719877021492927,0.0052173822814431895
6.003922708257328,-72.05966151690147,19.497141651976687,0.002091967021278172,20.08756613136125,0.0020196802246964488,19.8302939771907,0.0024125083912903745,19.337242783033368,0.0019269256941131289,19.11669177495363,0.0022950579501260456
5.970666170528839,-72.0596510437231,20.462646960895814,0.0033653674836808924,21.22994891510791,0.004881432540432139,20.83678181447084,0.0031896772728871137,20.197867224902126,0.0029969474215351577,19.854234689566617,0.003886424832586424
6.1040767958551045,-72.05962479487808,22.070000471349193,0.018814746775364526,23.169574706034453,0.03746747515948562,22.657937044928147,0.02496255316471648,21.38766877152844,0.01223444910650843,20.873345896245894,0.013731049025418917
6.0956283673717335,-72.05963540066334,19.451074859954762,0.001662531682851833,20.057773874498693,0.0019782129582407906,19.76774684910489,0.0015219368520080134,19.286380159255373,0.001792937271074804,19.038312937780326,0.0027473644043597995
6.0530241092332515,-72.05963716611079,21.21253804813455,0.016909027700615243,22.153488176895323,0.027582159473671135,21.70699072345471,0.01655244235272576,20.878550644373618,0.011959412619030562,20.320227616800715,0.012780567031008442
6.036861054216941,-72.05964323273096,19.91279811053796,0.005525175238032786,20.589465222575328,0.006717836872764843,20.23993004148175,0.005691635178444154,19.726619410061417,0.0040314280069714626,19.45346433478541,0.0061778098183435035
5.989976248223914,-72.05964632387546,18.28206958880055,0.003066691110821744,18.710204754427508,0.001376121116325586,18.538754881703625,0.001495777416146067,18.163939649359293,0.002186372644731875,18.042870033982112,0.0033760447224012277
5.982525502856349,-72.0596349188552,21.691702868081112,0.010238382347832526,22.775532889249433,0.016388301424677273,22.264865873533807,0.009076536329370529,21.315496689509807,0.006451051837182309,20.655388805017864,0.009437319944891187
5.974002207497368,-72.05963322175279,20.002590398959423,0.003943045386265425,20.671936420927082,0.004779829279669572,20.313113755304364,0.0037862982638465622,19.80803912597198,0.0035638212375691323,19.505630838442087,0.005738047172084562
5.962105370166707,-72.05963283482832,21.98890634324525,0.026789504379794535,23.06084323190599,0.05274605170219566,22.570655416457797,0.035214922090458976,21.557497365812424,0.016095972524895495,20.903930443380546,0.01730455581282547
6.091865543945626,-72.05961836679732,21.850681542659846,0.021572591818243565,22.924821339941758,0.03108705404403718,22.472634443271573,0.018902039237055485,21.433110908252814,0.01919281628626819,20.86781745410339,0.021218082420418994
6.060473853010276,-72.05961821307059,19.6149288409903,0.005971189348732846,20.230693341289324,0.005460272420243013,19.884069792899034,0.005178237220084852,19.438022445620113,0.0066892903385228205,19.188850472909827,0.009334883611284555
6.054677292673023,-72.05960483805977,20.020364998262426,0.008978175297194309,20.70510224418797,0.007285574851563668,20.40809660042374,0.005992104586548424,19.843323469344057,0.005651455216869762,19.5147812729683,0.0065930864325268
6.053726408191472,-72.0596204572956,21.712623510775327,0.02044915221096048,22.547788219751098,0.03144651783899274,22.237984480843707,0.018893816939351802,21.272917734567443,0.03243868082883345,20.537807371054555,0.038095674974532284
6.05069132571955,-72.05961283254928,20.88869931844059,0.010857985348295818,21.793993506681744,0.010774402418748151,21.329007566471127,0.010132344761638608,20.63222199813643,0.008018636263195197,20.159946447768554,0.0057534134490318635
6.037946232581473,-72.05961826170267,19.85624874000577,0.007601254267839779,20.560467647578726,0.0061754839351956655,20.174918927652953,0.0064862929470342005,19.656705024464316,0.007184869268711331,19.41628082550094,0.010022813068339183
6.009008055439562,-72.05961959016598,22.09827908821394,0.053289348868279476,23.006571978207916,0.059162021624336855,22.554547817816555,0.05591534194245949,21.660864321509578,0.034204530675017365,21.00013135312046,0.04223042170295854
6.046005058392617,-72.059594656308,19.314768359585155,0.001870000124493198,19.88750634806241,0.002479554871976705,19.594292973866494,0.0018816634006875038,19.170152294508384,0.001884033581992744,18.950521599242123,0.002498257144577575
6.011196009200989,-72.05960843653787,18.151911642489882,0.004204239302309063,18.612071113188847,0.002451793625197667,18.362648134341462,0.003660382737118565,18.021756700077766,0.0034902957469932026,17.892888503188146,0.005051798039258946
5.993851388312679,-72.05960442173532,18.031985192204633,0.0023890656874284125,18.44864898934115,0.0017368900809584188,18.208501781950908,0.0018698757353987825,17.90630031515196,0.002059340293388346,17.79463414889031,0.0027451388850815604
6.048476907926636,-72.05959522093715,20.84008374568859,0.0100204151524452,21.665732965047383,0.015082459433758785,21.214843170204134,0.01092270960697005,20.548712553692013,0.009284623747353896,20.096304144030434,0.011771291440666883
5.991147860828358,-72.05958924757347,22.357840564631513,0.08423001263853146,23.48875596162606,0.14800158652560758,22.92390621973339,0.11342442696887527,21.99005099482622,0.07236315462640434,21.164388545683728,0.07180374320138858
5.982176884589766,-72.05959144703317,20.78181516350077,0.00724617184510915,21.597737289072924,0.007367126596022984,21.178672599052433,0.005537127583715259,20.486840840384247,0.007906234179200493,20.083292526176457,0.009657440419257823
5.981738767561253,-72.05956270075939,19.626055888324768,0.0025600993189265732,20.218446866687998,0.0021740762798873364,19.985100879769526,0.002046871581552463,19.45101832512779,0.002618941678179563,19.234368236785286,0.0035765442860557694
6.062164670053491,-72.05955928413073,20.043772275749465,0.0025787625058121978,20.72793574791212,0.0036212688164084434,20.385525684024138,0.0024725036753687622,19.858427070295328,0.0022458523635501566,19.561585222501314,0.0025051171229338964
6.0548613998837775,-72.05956277259355,20.00522275451689,0.005561170358089166,20.739081761790445,0.0046846453786288855,20.373568407708305,0.005382835673194033,19.87372287376074,0.006239743752759078,19.54342722569382,0.006816795433712832
6.046879458484782,-72.05955835499675,17.744046793159196,0.0013245137566658498,18.19193144360881,0.0009979124566667468,17.948884250649144,0.001054982880585303,17.64598122154313,0.0015870528569177412,17.50297685100069,0.0024307112806194143
5.9800218654029935,-72.05955098897059,20.172397747443956,0.004846603045264213,20.863962257818244,0.006561958149947742,20.5426758871058,0.005665055255332409,19.946207043601824,0.004775651451724047,19.610694232492314,0.007492655138166366
6.0922133410103685,-72.05953393597223,18.78430707963803,0.001063991220986216,19.267254528976267,0.0013535663131547322,19.02194311400187,0.0010417723881006142,18.655743641791894,0.0015293888362191404,18.51600384178309,0.0027789982935326907
6.068862600448621,-72.05954855107599,18.10520968474916,0.0010258737932092499,18.558585020632165,0.0008835892412479875,18.316226734259914,0.0008223955567994805,17.992852950167055,0.0015302685529897735,17.861303430840273,0.0019412033627622175
6.054446685727383,-72.05954986830201,18.673474410827158,0.0027500382185964094,19.16379689467894,0.0020453905159329754,18.9317351151575,0.0020067157119058893,18.56998127007399,0.0025146548571852315,18.415330077272692,0.0030635876116235946
6.023265841091366,-72.05954950637053,18.147325452866166,0.003274211139924342,18.57373793553409,0.0029176415955837064,18.39647881611438,0.0032324022532823405,18.028793016041966,0.0026811313352641097,17.921867292438137,0.003061600274877011
6.107835210938712,-72.05951079927185,20.93783703584044,0.005987087221603925,21.8130385716416,0.008897289146944312,21.395970681780845,0.006561807407449757,20.64663141876173,0.0046120857394159115,20.153230292178847,0.003771124202470587
6.0084458815638095,-72.05953808845744,20.970421161887916,0.022632802532066194,21.791585550427172,0.02579633183208257,21.389178325785522,0.022982298232052195,20.669441165001203,0.016817111353071984,20.207155603535846,0.016821378866897448
5.988500147711873,-72.05953572324557,19.2659735280173,0.0027839272914101246,19.80993732198855,0.0023119892942397432,19.504166651346544,0.002337401030779309,19.10802980387937,0.00246102871775497,18.90566741007099,0.00459722038449458
6.073564886520946,-72.0595105238,21.04682523492517,0.015846341372641154,21.965922238839504,0.025246198039487473,21.488500169953774,0.01993108301840784,20.762270906918545,0.017355167969130635,20.264926662411973,0.01462240166888705
6.073257476554095,-72.05951840034164,20.682952924146246,0.012120872719008139,21.547703421559532,0.015581158789562356,21.16460515981975,0.012884595984748122,20.43920683412182,0.009290131563627796,20.01365853212088,0.012142489789088025
6.007083104773121,-72.05951224866774,21.609008260881307,0.035589155276851005,22.648898743069125,0.03290219270473351,22.153262008545063,0.03430006696749057,21.248593955507957,0.022958078983198404,20.69898314296953,0.019993345341342082
5.985279075560331,-72.05950866989706,18.19934845427299,0.0007479832464812902,18.610340786985176,0.0006255203959859158,18.377925560179477,0.0005258767454512511,18.0777172085025,0.0006810020383843365,17.961579884239853,0.00157425040324344
5.9718330662438595,-72.05951749846113,19.633835816701154,0.0026692248483650848,20.246671770424157,0.002031232924991419,19.931800102934474,0.0020957156816326316,19.434189931062022,0.0024892722161070657,19.222854688488802,0.0037979556590247857
6.095045668664117,-72.05949188638554,21.020017766238812,0.006507254663693102,21.850606330779243,0.010613647850410251,21.469362008634995,0.006960030574699216,20.717698843360836,0.0059127656010430655,20.220047874301798,0.00599025082682409
6.053852675834074,-72.05950365437836,18.55939622390601,0.0032633774284564843,19.016975464320993,0.0029766919456311832,18.772315026149563,0.003378635704185022,18.448986964993672,0.003297315056621765,18.310907654090258,0.004332638229257787
6.020820024993033,-72.0595126105586,21.50105955534961,0.01651588903783285,22.424014445647067,0.02806860856074066,22.010837816333435,0.017965977785003192,21.152131520843866,0.011565881307552746,20.565543619392443,0.011807311704072256
6.126259881641472,-72.0594630718598,19.894811455736797,0.0017920831919336893,20.563307033296915,0.002366969417162972,20.26944120987885,0.0014932837960559674,19.6888924979706,0.0017976859996762342,19.415919163035724,0.002352897371671284
6.055966523162547,-72.05949050671462,20.25263820825678,0.00547444907840032,20.989526405653145,0.007601401893363358,20.622117842687167,0.005111168300613049,20.026758618423017,0.005830761784948571,19.65382377108397,0.010750738813636916
6.090977285157696,-72.05946551272253,19.126084994799374,0.0037505700157384053,19.677525112970173,0.002530278538287144,19.401350446092167,0.0027286975685645713,18.991821697877015,0.004455686712960649,18.78950101084299,0.009998950061267732
6.007470558105556,-72.05947413367514,18.936257705188996,0.0021203187360161148,19.457076610665922,0.0017178760537306912,19.16426948858384,0.0019437004015514603,18.795480702596116,0.001999209800322624,18.625092611552674,0.0027748729978117727
5.978883893261301,-72.05946456252666,19.999645693963448,0.004238412770671402,20.648201843110087,0.004988252428153838,20.29696905185034,0.004437095143632455,19.789615531308115,0.003793754874666716,19.501960432905705,0.010413206159969497
5.967383181073844,-72.0594718755799,18.394958068444392,0.0020373019569373076,18.85204080730285,0.0018353832128651956,18.69968247770825,0.0018203312587265106,18.267230935974666,0.002217756351981663,18.152745428105654,0.003031222376405832
6.114673405073323,-72.05943902233477,20.1234794330537,0.002155286614966583,20.809411107445193,0.003163556111922762,20.529669433104473,0.0020691166352538527,19.928981755902186,0.0019760894334380137,19.60571248715776,0.002785126665877482
6.075723890515729,-72.05946383271068,19.34774335189017,0.0038359409881768857,19.91109910585166,0.003174969109745509,19.611775266917768,0.0032463372170448116,19.20522034218422,0.003566920802887432,18.993903528127547,0.004856418605712007
6.008101162218155,-72.05946545262242,19.51959672852615,0.003705932073015308,20.106392180473904,0.004100081312263049,19.79186992728262,0.0035611097729828373,19.345425494193037,0.003343556443420475,19.127313986645923,0.004302565779577063
6.006541657130742,-72.05945818195922,18.944727842706275,0.0015273378797038791,19.470763511982483,0.0014807431483360378,19.190112789223505,0.00134007539359829,18.80734608998305,0.0017039376714638647,18.64236576917981,0.002105721261298706
5.955769278179782,-72.05945059009599,19.95031526506907,0.0019482353946675642,20.612169240669623,0.0026914065503410565,20.253431418008326,0.0015215091450096782,19.732767576290883,0.002124462356492778,19.476908694906143,0.003049110297467406
6.0812785915670915,-72.05944666936375,19.26854108439122,0.0033214940027528096,19.835810320022574,0.0020258881540730547,19.533266290536275,0.0028235652968160597,19.113827113441026,0.0028138528041326424,18.923118211194897,0.0030160983674743878
6.076366630099256,-72.05944703300094,19.615220279315825,0.0062103552167209345,20.24599170109724,0.006476948719802604,19.934022410458432,0.005580327585276262,19.448755045680002,0.005376991655402232,19.22035163466112,0.006383182755679033
5.957606673571341,-72.05942545904901,20.73618967947596,0.015468959314886739,21.559031708898395,0.02017982061481577,21.17490860258996,0.01902451752939269,20.449708523464807,0.011554407877136208,20.045006599785154,0.009545804889347333
6.049208732386084,-72.05941531002188,18.579059321264975,0.007078581396822603,19.050366466619444,0.006172571907254147,18.772345261265883,0.005758160143087724,18.428786890889604,0.005132806299091122,18.280835059984284,0.004608987414182372
6.018379488759825,-72.05942780646286,20.176358459355324,0.003953938534214653,20.878561616445324,0.004583374570973207,20.515606534632717,0.0037249084571218906,19.95109198428849,0.0036058177627406574,19.628339365960052,0.005105629546395671
5.983753810412747,-72.05941137536975,18.274428967335307,0.0014095539920326498,18.730268264500644,0.001235775688166838,18.496249868300147,0.001198106498256111,18.13235182494902,0.0023081393874957537,18.00799136807111,0.003404642404546299
5.963976373410342,-72.05941469902581,19.115904575818046,0.0032989921632014573,19.65643702543087,0.0037677220084135605,19.36300402712184,0.003316228437618934,18.952161188845295,0.002896518506389745,18.7946910310757,0.003849890050936712
6.0985026412696834,-72.05939172704525,19.035030697396724,0.0029030847362721186,19.59142248440621,0.002630966593543274,19.312843053174973,0.0024044843355072155,18.881313468626466,0.0028922991350763634,18.648542254361026,0.003630118401855055
6.014383055915037,-72.0594024824295,19.187590080820474,0.004600079891224019,19.697490621346702,0.003852615754580065,19.428339308768585,0.0037116470356610524,19.016829930212815,0.004368779702671889,18.82482612394898,0.006422848304732848
6.012961776207379,-72.05941220747329,21.387563639352923,0.012192003577548524,22.383724105677416,0.01689454238547374,21.91931530392211,0.015353150348378327,21.032004037345608,0.011210108466455303,20.503302154308074,0.01253385057528233
6.002928306530472,-72.05940239851964,19.82239287747201,0.002936702708146373,20.48175637569217,0.003168332859441817,20.2224336338167,0.002759612260014456,19.62979886526032,0.002725305558255918,19.35762983360177,0.00407020153885228
5.9873782061187635,-72.0594005008715,20.772002805496452,0.007346189750146401,21.586753607606433,0.012015949635222798,21.16563835456145,0.007549706468221618,20.47915887038961,0.005471212607863368,20.078299865725953,0.004077837543477542
6.0863772297490515,-72.05939131474207,20.20188908635537,0.02144154759178556,20.882596343272922,0.022767303238870218,20.611074533689298,0.024605029441790185,20.016739446472158,0.01752413897051032,19.782648625355648,0.014072646182225203
6.063299122828928,-72.05939568705233,19.600358885239405,0.0017495848615404882,20.226200616075047,0.001873345613459572,19.90588400206945,0.0012481477581700565,19.433539388927194,0.0014842637259897243,19.167261717619247,0.0021958226829728736
6.03059577252084,-72.05939473081304,18.893840493036695,0.0015727589316891556,19.416294322641782,0.0013489476773836193,19.14649953195798,0.0010985375600625605,18.74919358467156,0.0014839720125225941,18.59593290617891,0.002039719634623729
6.025366853951637,-72.0593873571776,20.964213078227726,0.010401491802438332,21.847372569638203,0.01617142715599559,21.39471482410554,0.01274721123704214,20.65415770592513,0.008450269562541808,20.19412874479172,0.009740239168493644
5.98655089631463,-72.05938357213759,17.727546643037815,0.000830784165811127,18.16590582184522,0.0008145321331569337,18.005134403246714,0.000745225906881598,17.61165689192042,0.0008887450479733904,17.490538230001718,0.0017581718368038526
5.972511023807182,-72.05937108391798,21.193858868729894,0.006085243994566551,22.069645570927733,0.009283524771100043,21.717704318458082,0.006164733612917726,20.856323422096317,0.004253232322385234,20.334411367781193,0.004593193805433896
6.109504521734701,-72.05935274654651,17.930369404410254,0.0009747899028417097,18.371182158448434,0.0007732717624960141,18.19343436431945,0.0007780856057092883,17.811295670510518,0.000909757821208825,17.689141317964975,0.0016013687672727253
6.04881068660372,-72.059369280942,18.984070100780134,0.004306317294562574,19.46409568269756,0.004283220713296181,19.20759152237632,0.003921370823385529,18.856775573742382,0.0040268255534062665,18.658707915459082,0.0056039903773931225
6.023966924425341,-72.05936416285473,19.151201917134042,0.0009080202876398682,19.700969780195095,0.0013092201396600325,19.40982438949014,0.0007841424325732657,19.012577425222787,0.0011306508540808882,18.830993338024342,0.0015530307333149332
6.006955563727261,-72.05936847547927,20.948395954974348,0.007552189065915653,21.763875410522118,0.010805084145220653,21.336045804639717,0.007709084828845183,20.662895382584765,0.006927504871144396,20.205018830557044,0.006746653129218538
6.004363679816717,-72.05936114786824,19.591998279226576,0.004756131647861741,20.18549581166853,0.005130882776162055,19.857607680260003,0.0052057119038800975,19.402654585561898,0.005247375337883517,19.153614855794487,0.010153041333949368
6.002045432407409,-72.05936466150042,18.842318783602064,0.0031505009448592296,19.348073992070056,0.0027124852568301576,19.129158334764277,0.0030052014176002715,18.70818436258815,0.0028793980634031664,18.560223278995217,0.0034348048618104837
6.101631653709486,-72.05933721090197,21.961808928582617,0.009633215283538934,23.10940692538709,0.022494272191675446,22.59043054049169,0.009987859496304876,21.54600300481483,0.006233110489623331,20.886963323328615,0.004811801184756814
6.082159095529877,-72.0593411393401,18.665344512162402,0.0017393759339469005,19.138917890548733,0.001486593781035814,18.899759660827726,0.0014625128020625156,18.540693545970434,0.001906288369355953,18.377196622406984,0.0034519625720890786
6.078607596797463,-72.05934140201033,21.080102484610382,0.00999366500023664,21.986094872359025,0.014201528173805199,21.59393833255635,0.011956221203124479,20.76787188744349,0.006701541847324956,20.288177153998916,0.005384720218693442
6.003727386193129,-72.05935402810101,17.68354534197446,0.0008667248004950147,18.130087701488435,0.000673746589309507,17.890939720909486,0.0007549024748208752,17.557736104839066,0.0009270893077081344,17.444216460931685,0.001970559937775905
6.055885815228732,-72.05933249913339,17.879265611980838,0.0010629473723305848,18.301726535619224,0.0010490262453007589,18.07634151389621,0.0012049803410798163,17.773696827100245,0.0015466813851439923,17.64914799981151,0.002197752988334861
6.050023445416538,-72.0593400851272,18.776839274602228,0.004594852184009865,19.252221905446255,0.004534412221885811,19.02154134762987,0.0039015815032815483,18.668874277744457,0.003987059006739035,18.480833486196175,0.005739747398217542
6.01023934600763,-72.05933376521502,19.68929419705191,0.005764432399795946,20.296072767576305,0.006003752767341314,19.964444838163054,0.0057518564440187155,19.515263865289313,0.008393967112797622,19.275234415438113,0.0111872242272811
5.962741827861516,-72.05932080514917,19.378902202732764,0.008221134891282393,19.933953082265205,0.0064982343395695065,19.694192416547686,0.007207977633675392,19.187298646191273,0.007376754993587747,18.972883419258153,0.009098920950651122
6.076247286021777,-72.05931799272868,20.637767676853468,0.012694226499775805,21.40091272943637,0.01952637509155183,21.025002382808417,0.014306759921661909,20.36439263119526,0.01272872201446746,19.996967943379552,0.010809590254867288
6.067887908556952,-72.05932861459242,20.676381301727364,0.004991660564636982,21.442746906977533,0.008651352911853469,21.044347109888157,0.004573531824655518,20.41067114941658,0.00423715013885191,19.989033372606478,0.008662826832396687
6.032124152589188,-72.05931985135634,19.54265283455968,0.0034403979437049948,20.17236271057304,0.0031128533637185545,19.84083855353198,0.002277215137329052,19.385906984585645,0.003169578897350337,19.156745548911523,0.004297045259369814
6.010665644880908,-72.05932600506625,18.03236141582308,0.001526106668261928,18.46519306973346,0.0014322104095040597,18.254022272415796,0.0017867516343537144,17.90862017667198,0.0016622088347175196,17.80223222783527,0.002465601508399054
6.13060863451238,-72.05928826950687,19.29745937856993,0.0013324324991487429,19.840430541478938,0.0014722708590706973,19.56604686442074,0.0013544923699101838,19.144631374998355,0.0015044648233339217,18.96912138804187,0.0023106747297704996
6.05781790039986,-72.05930846345096,21.591829254420087,0.012728308912054443,22.6184550867456,0.024721526035830332,22.181980226498645,0.014560894909177044,21.243978652007755,0.010979298199013334,20.602941872659464,0.011380452852504759
6.0506922602986855,-72.05930430441073,19.063427335194962,0.004321630387283129,19.582540401018406,0.0036646267422670385,19.293605017750977,0.003684323859935554,18.94022158146131,0.0036764250254303675,18.748831463912275,0.005334862366293915
5.995267771821085,-72.0593133430434,20.1567121526645,0.005090925635495378,20.869222282560884,0.006747113482338161,20.528073454041326,0.006458377782982552,19.928576395693838,0.005542433060902114,19.631903157978705,0.007190895154831403
5.980134180459663,-72.05930975436497,22.364681745520397,0.011798195312455193,22.522258454728046,0.010165332392882174,22.389554721403258,0.007525270201698476,22.300796234640018,0.012348402149092799,22.46674993999771,0.025504871371914473
6.060656249682522,-72.05929081696952,21.329448929347183,0.009778759037583521,22.306635211293255,0.01807788954967826,21.852748858461766,0.011010206073555968,20.98333263949889,0.006477975764840752,20.436278737633806,0.0068700651168518735
5.989772771012059,-72.05930095150663,20.3991640814551,0.004217694004137795,21.17564736964762,0.00390314710993264,20.774050917088665,0.0033919185638368473,20.176783801125694,0.0029716999844667078,19.827148613843,0.004750869298852508
5.9810101707147565,-72.05928685048171,19.406522154829513,0.0015067251206011699,20.02245776416268,0.0020275079907111256,19.681764073015913,0.001152885766686825,19.22844335045498,0.0019835378617479825,18.966474064957517,0.002828507477237613
6.085271499710071,-72.05927940431157,20.47553747258625,0.009216410645831006,21.281334791279818,0.007501812086439206,20.941975782162494,0.008126567235938355,20.21148024148451,0.009555827503875023,19.801463877557914,0.012419416196179265
6.058467929955285,-72.0592855860219,20.056357946559306,0.0055127778549834364,20.744259960601987,0.0067557218815404016,20.399962690231597,0.0055287349480235715,19.847170121045174,0.005601874103360403,19.476542426441632,0.0117141341107079
6.040807843647779,-72.05928502048162,18.943383430173807,0.0043549248022876855,19.43441936868468,0.0036900480281048882,19.21478145834599,0.0038491886985563247,18.81018222844493,0.004103739574380452,18.66735051397807,0.006609538822097175
5.994659853361211,-72.05928669014753,17.86885908964854,0.002759316610876427,18.287167732741025,0.0011352139377451777,18.095376400731354,0.0012328009833693257,17.746821094532592,0.0025498279183975413,17.641104425131353,0.0029450574298570814
5.996912687077026,-72.05926179815,19.860368608295108,0.004503554227777503,20.509201013765896,0.0038544304700050816,20.17002188613838,0.0035624036790300488,19.65672106598172,0.004358138190413822,19.39740477317779,0.005138031559115699
6.115582306541025,-72.05923148680938,21.45140402636473,0.006425984415551667,22.427390652328818,0.013128546633574479,21.95421233843789,0.006490245600305248,21.074757499580528,0.005512399629917189,20.521736438819076,0.007232154927663944
6.0774263576312775,-72.05924219536804,18.377708664466187,0.0025608308340777874,18.827888136317014,0.0021295281413422607,18.59234715460262,0.002190577545809426,18.252458256150533,0.0024987453450970904,18.12018106149477,0.0036397632496460676
6.0544313481211,-72.05925428461865,20.583099744624985,0.00918580670675747,21.33857506370522,0.009939258845312568,20.942966236895707,0.009202415107396314,20.344157444507132,0.005863270136619854,19.936794987671,0.00674968040041626
6.067969217990218,-72.05923185438319,18.693494672092424,0.0012728327365788318,19.182749473537662,0.001315899630483858,18.926152378154107,0.0010792757539710219,18.57168017413386,0.0017989567460671811,18.413984568447837,0.002267771799668643
6.029963974776114,-72.05924105128743,17.995475287316733,0.0010693023178451459,18.43118019892013,0.0005722321161046917,18.19484364261013,0.0005865231750809784,17.877793015723142,0.0011188727860344657,17.772409980368707,0.0022151782293506742
5.97812129036337,-72.0592354376081,21.504395661923642,0.020316909551129914,22.477751968320945,0.02623785891600319,22.02041728027538,0.022945562366378538,21.136040713617405,0.013272578471373758,20.60715228881262,0.020804133333412286
6.048547794811487,-72.05923342984019,19.057176289635425,0.0031488838486162796,19.602224780848807,0.0027373512324241674,19.31233499069262,0.00233622365748119,18.949395540432093,0.0026173520183978847,18.74211025880829,0.0036459673759084168
6.028733438451608,-72.0592333692071,18.527203347548546,0.0022006331735503954,18.99463810236429,0.0012011161865268416,18.757053063603323,0.001084461853368981,18.400473410577533,0.002535262951538634,18.294806308893243,0.0050342471798834445
6.094760809823296,-72.05919603957051,19.362033534080606,0.003198470958131438,19.930382623323013,0.0039423067085305715,19.671087149408585,0.004082429864267747,19.194065899563547,0.0030652474601969397,18.971642055035396,0.008329254288747496
6.065215657385094,-72.05921186500002,18.771227152403466,0.0012856326899671913,19.259715179336908,0.0010608540946482857,19.014502224858298,0.0009734633619904827,18.642036949997603,0.0014820790172581013,18.486692911688372,0.002087958264479102
6.055280978872484,-72.05920823537994,19.91276243463683,0.0030615017944376987,20.62720655115303,0.004265535225881791,20.270935507868806,0.0028154267620928266,19.743970870700416,0.0026846927602104612,19.448840277248934,0.00460655748594274
6.005139404193821,-72.05921697112814,18.978934758622376,0.002343494192446987,19.48213584635647,0.001696959744373993,19.212419958891566,0.0018657645320776602,18.834164374408118,0.0022256855922136456,18.68841946112925,0.0032779964708109775
6.119194742864002,-72.05917399250782,19.295113551506464,0.0017806913524545799,19.83547198787369,0.0015545272199401939,19.62428469478693,0.001488586550950843,19.127584778617397,0.00202478836059687,18.934169555145814,0.0025195500961389013
6.079033190763403,-72.05919557653299,21.30554436235713,0.012791642477847339,22.25120238353383,0.0197856268380029,21.757057793158005,0.014784067080833055,20.94394956196085,0.00901079048014596,20.44253906915298,0.00656527439414327
6.070429316099991,-72.05918855424792,20.790111986006156,0.009290801162018306,21.66598563622047,0.010095735000082099,21.242877568774936,0.007985225353397556,20.525422033183318,0.008194212336850415,20.07464784700003,0.009909403903351545
6.066003409046841,-72.05920058356736,19.716573595118657,0.0031577880488706167,20.343296172300427,0.003338232963097763,20.019928788852745,0.002980277030310311,19.528778719034634,0.0029436902981840357,19.24618527252406,0.005188918293800731
6.059519107937139,-72.05920126057991,19.263822688223637,0.004080317467879153,19.82395127050097,0.00427851197388827,19.536650659824346,0.004006778445098455,19.123105141721155,0.003907621463513029,18.90064569357326,0.005580409889687885
6.047450317542096,-72.05919443333842,19.641837534340407,0.003617217352127749,20.213945636105123,0.0036309032104452693,19.92451578516377,0.0025561666493396844,19.47831387116529,0.0038529989652438634,19.177497232550046,0.00456239519701858
5.997198068518173,-72.05919091079267,21.603223735170598,0.011510591479526105,22.707936758105163,0.018599602989908325,22.171549775894945,0.00869101407833692,21.275519043989952,0.010127214602502037,20.614491292301814,0.01120972846576008
6.09945684316947,-72.05917877554734,20.83205019753,0.005090812454021034,21.69247028801469,0.008567400308667641,21.268041711180892,0.005613631708153464,20.580653893262124,0.00439858807192533,20.13453012217105,0.004212635307379264
6.021283712874958,-72.05917866929914,20.965990860772532,0.0069761329427745185,21.969694868430842,0.012068632636395302,21.46482946655029,0.007194448424050748,20.613301221177906,0.004643228495390345,20.011906773133838,0.004232433315348903
5.986108741054478,-72.05917434286901,19.572502299712898,0.003597973389999637,20.16531176231264,0.003420109306454048,19.83488099410554,0.0031204515758753585,19.418735934169966,0.0032251881502217113,19.173174022279987,0.007718561702770918
5.977226849482538,-72.05918101701894,17.886841116042245,0.0010883031209529223,18.318269737177843,0.0008220151163365775,18.07084384796856,0.0009278607757966476,17.76733628624617,0.0014764147152586092,17.65238205384734,0.0022835525716301073
5.973172214961004,-72.05917425942232,19.93314034440547,0.002484019642009848,20.618775790176393,0.0027432709149051923,20.23878831487722,0.0018122348824243977,19.735927813062247,0.0022948737849296684,19.462826643455386,0.0027643873082652953
6.060171583155517,-72.05917261563131,20.101999935178913,0.004301761383234696,20.80374794277415,0.004608314676524399,20.479471525504565,0.004617808621260058,19.91028560760102,0.0040937012409047015,19.59733534596768,0.005448706265528071
6.042353659398268,-72.05917451872065,22.011162322096556,0.013065580676526807,23.124344121560576,0.03061297514991438,22.62786869754978,0.01627721833895295,21.628340743433036,0.00829935267814535,20.95055232029963,0.009354294173544756
6.097284526539546,-72.05913895654973,21.453483893194974,0.008169239995779457,22.451200433372954,0.015405086948614194,21.964813329695154,0.008732093396909684,21.06824965454821,0.006480725733849395,20.52067216102739,0.006310305410371455
6.069800572538726,-72.05916010219599,18.739696769596694,0.001997982970765168,19.268081752381136,0.001570690835707257,19.005344826113863,0.001606193760419572,18.634746393832046,0.002118943089953419,18.468961456325232,0.0028891898752112085
6.039788987766176,-72.05915991077158,19.35792767707464,0.003522143477640839,20.001785217296927,0.0038425901409438177,19.68347718404707,0.003271772439535865,19.22914127317393,0.00448298713792607,19.025138770218767,0.004728222353836348
6.0037182065214445,-72.05915317096152,20.902976962820578,0.010907023455387242,21.68833064683544,0.01283186384712449,21.285958992545353,0.011146409002651698,20.613842502851817,0.009673574177909757,20.1399015250339,0.014676784918272895
5.957121367960811,-72.0591503019107,20.7761078399426,0.00591736399866531,21.559822968005165,0.007504450537617273,21.12875342277529,0.004595281510284295,20.497568933324246,0.004021454100839877,20.11874102543522,0.006421811156262371
6.050119324318577,-72.05914324467491,18.240764117303765,0.0018382675193990366,18.685441376326857,0.0014040326623629574,18.451489494168875,0.0015242209113610042,18.14275936116301,0.0017133557211542012,17.996343694563294,0.002419269580157036
6.007204058897221,-72.05914946070709,17.855295890927106,0.0018932416858620002,18.307238271654235,0.0013987685898872394,18.065606345491368,0.0015098990293274512,17.742382048342996,0.0018685010710388808,17.624545096504114,0.0027172487135355165
5.991087805313016,-72.05914544092249,18.01023392232361,0.0038040993377988592,18.446112578343858,0.0024824643502915087,18.211703046209465,0.003029968323841487,17.888780531908388,0.0032774262512661884,17.765129742538114,0.0038891054489829688
6.09782686568098,-72.0591266443154,22.25885454549152,0.012253117849519149,23.405924070289075,0.024432431412100403,22.890400661991556,0.011303745478769693,21.85069876447173,0.009018532799955896,21.059623808171565,0.006574000448623762
6.057560989700487,-72.0591305323413,18.252781750374442,0.0008664880509793596,18.6938075177815,0.0008586542638011651,18.464772220271108,0.0005984330035164604,18.141906597365008,0.0012244559891262396,18.01342680887027,0.001632558540803036
5.991463699841459,-72.05913097051179,19.888309165501457,0.01815677310835707,20.548991839208277,0.012322196780516107,20.20097091590341,0.013353709315772299,19.69183154188771,0.016648704819524646,19.50070219836882,0.023081632226257993
5.985534693759429,-72.05912001935121,18.328649100139696,0.0012576187000905856,18.772514727983577,0.0011003908155741006,18.528446552434794,0.0011901381594149666,18.188211574319553,0.0015479571154683525,18.043290970099683,0.002544237400144725
6.082721720579759,-72.05910995692946,17.99088665030725,0.0013730493839011813,18.40853562766236,0.0013666478499853002,18.19120906346344,0.001333046016352374,17.867676702476025,0.0018921710335234653,17.760692991657926,0.002536183575845561
6.07813069658181,-72.05911426192378,18.576202518448337,0.003383057091871809,19.027071384304087,0.0029750932841671016,18.78719877936482,0.0030390447678607293,18.458353017383047,0.0034720916491959982,18.325989794275692,0.004917235364942479
6.072054191738042,-72.05910504544164,20.869697864927506,0.029082237152746413,21.686209040513347,0.021142341278495836,21.321689455517564,0.01803830372026321,20.56890410805334,0.019215747439653316,20.060522683494113,0.020704481283801465
6.050740981809813,-72.05911379332544,19.824966572001,0.005291711547485008,20.476603420867157,0.00719885412234809,20.14335695627203,0.006381275711169836,19.637209112071957,0.00424913127744963,19.363572354060857,0.004752859213991368
6.0125119159509826,-72.05912013579716,21.22931200064966,0.008901786601000538,22.154081686115916,0.015611782315383835,21.706757970848855,0.0102576952351267,20.89271460001237,0.006775425472467356,20.399435069481413,0.008807254718847118
6.010578395578463,-72.05912106116295,18.320469241891207,0.00280198816035024,18.76665876481387,0.002341586777925031,18.523255707732446,0.0031825386274012394,18.19187289050717,0.0038538293168650763,18.076679212219737,0.004392923207191548
5.978390798116462,-72.05911307438409,22.074485667512167,0.024063634374496157,23.106097317010722,0.031233843433737894,22.597360498040253,0.0255724098845376,21.644279253426063,0.014170786603808556,20.979740393485386,0.01980035860716849
6.115317534712802,-72.05907837499726,19.574420398257406,0.002002536574514863,20.192368979629506,0.002731419277120793,19.93635025559979,0.0021608521972221032,19.399791112204774,0.0027440520862325444,19.161761691561544,0.004248463512249432
6.0550683614559615,-72.05908048963595,20.82566108096241,0.0067237737957602075,21.719625393085884,0.014850989887483844,21.266649453998447,0.008730676493793787,20.5083301711485,0.01872009989624941,20.005523856815792,0.01568940189936895
6.070754127954804,-72.0590703372402,18.545291254594478,0.0012872197064370018,19.012397287893435,0.0011677974078055063,18.765603212489737,0.0011380758920415228,18.421941643681436,0.0014215861744821,18.282584039397534,0.001969285220968393
5.966152195563225,-72.05907421329111,18.76861331256661,0.0037855095116836675,19.230910578798955,0.00364179305482523,18.954234778014452,0.003703878194730196,18.622626936725098,0.00369783208801595,18.51243590096324,0.004599875057080316
6.074337022509838,-72.0590625280588,20.32458505522013,0.004210834280952267,21.06952802741332,0.006680289981558637,20.692858276675942,0.004846311422187489,20.093048002102492,0.004308425239675075,19.738264217305165,0.005192237167163315
6.036476632003358,-72.05905653975505,19.002019393246147,0.007418322176664083,19.545309443563113,0.006769257326586829,19.258750195883714,0.006655797355917748,18.866832389785557,0.0052725429783085104,18.652884571466288,0.007675831568169546
5.9900695360496945,-72.05906050930227,19.1104901844183,0.0017368184223481096,19.607130667472106,0.0016258297869189,19.354285168137935,0.0013734580880397586,18.96322002531103,0.0023520394711775594,18.79668650087048,0.004983016401047374
6.066787258538802,-72.05903797910665,20.11413356331993,0.0028094127567445722,20.81629421459438,0.003212595846118529,20.46129263307416,0.002382133432278755,19.90522955659833,0.002180228560491907,19.594899235557442,0.0030621548321083914
6.036894479481714,-72.05904375968736,18.997505052936038,0.006113342420805735,19.537351624788116,0.006340714606565066,19.23198848695165,0.006798038999910362,18.845257391250847,0.006832933317805333,18.655240515927694,0.007751496358141642
6.01376962954448,-72.05905567547435,18.29015263202759,0.00214592980845408,18.727210755955156,0.001276460082898204,18.48619522363071,0.0013762824208326547,18.17179094458411,0.0016439675167521232,18.065555013621292,0.002188951563553084
6.068308742439283,-72.0590287075304,18.634553254037296,0.0012385647191246445,19.139441253751706,0.0012658460224516865,18.87018540221036,0.0009328854325204881,18.523964325313962,0.0015771908028514787,18.362287665052392,0.0016947605776986634
6.061310688774165,-72.05902803093622,18.68833034637775,0.0023787839069464695,19.18652762855463,0.0018574270360756863,18.92313848688749,0.0022399850097582236,18.5643154052894,0.003673739246427867,18.39820054602896,0.004361777633038756
6.056811662574771,-72.05903187710275,19.161924812622264,0.0018318940004351243,19.724697362857917,0.001812688590816072,19.427896051020518,0.001501186220548981,19.0298913952629,0.0017819031739536866,18.82636092766193,0.002115564796260588
6.0107465836569425,-72.05903695934626,18.505182921432496,0.006171762847824887,18.95484862562185,0.006520345314253759,18.700195458620456,0.006222625035431099,18.372009326629048,0.006260815936393696,18.252380281739782,0.005229504364107416
6.028584764943634,-72.0590249852838,19.67667987003725,0.005408729006193505,20.290000052503032,0.004723386815983718,19.96121382070566,0.004130631102922092,19.482949779101062,0.0068756000486863205,19.25233217817069,0.01175233852814612
5.9989898762601745,-72.05901808893336,19.30405644184116,0.0036160673866540622,19.859741192532248,0.0028351874840727757,19.546338236372343,0.0026160023149278365,19.132066453073747,0.003989481507774416,18.944474586533296,0.0048819621294334346
5.98272978367237,-72.05901890639313,18.29473321704703,0.002147729040887491,18.746180826519854,0.001274681006129234,18.499301297206614,0.0013220468827832806,18.173452193203723,0.0018338912952319186,18.036468694032408,0.0026991613601501222
6.096984101388611,-72.05898914335903,18.89745843527631,0.0024394854561922423,19.42380212401578,0.0014708652340364443,19.157300917180102,0.0015907426120618819,18.74929510993826,0.0022527830967911857,18.57250864380579,0.00317242846537348
6.069064245130943,-72.05900776043855,19.234148014216263,0.001508098160657506,19.798259358477935,0.0015568890370708352,19.507580428915055,0.0009755635503996087,19.09523405112799,0.001455597595981152,18.888767452794347,0.0020128365042457208
6.016967351970596,-72.05900362384415,20.04304471797374,0.0038813922319815087,20.67244889629694,0.0058983204978929876,20.412925075307655,0.0033725021470573506,19.833228348826317,0.003970149289981832,19.542972638714417,0.0071305226572145166
5.999469838468773,-72.05900279642853,20.903229307285525,0.01636588432820401,21.715740794881356,0.01618801177890121,21.329557674017998,0.01546175701446198,20.599424467535314,0.013870737250563136,20.149865632091604,0.0127147660539033
5.973474207644193,-72.05899473276405,19.919039034770254,0.003092700642629777,20.56446179160841,0.00375310015669278,20.22352724726327,0.003086573348328744,19.716651311551914,0.0023600111795859142,19.439354672697327,0.0029184963757060895
6.1088723664149525,-72.05896832703482,22.158226818374185,0.03666863972429753,23.325762993941908,0.049185217977525585,22.69584219146676,0.04434233371063143,21.890844057635462,0.025543710108506392,21.053513723655904,0.013279447259060816
6.011942707712612,-72.0589927140924,21.097218761074455,0.016154656205334447,22.013500943434245,0.025643699606968832,21.63748131328763,0.022359905386617026,20.79168216948341,0.01588611849480118,20.30285430684806,0.011716667028288085
5.964462603686724,-72.05898533775897,18.663367714456673,0.0033654151765333427,19.164117736145528,0.0029089236411212888,18.959958581099443,0.0031723978174152943,18.519139046925282,0.0033377232130351723,18.38221720191759,0.0043153630614371765
5.956701931037189,-72.05897103242052,20.937002793873017,0.008603827638014035,21.760740348922702,0.010491832743239875,21.343209471037248,0.00789085966926273,20.613954485251696,0.00923876340884825,20.22008992507356,0.012740752565212838
6.084487096350209,-72.05897648138334,19.97808160769944,0.004840507204949751,20.676276858358477,0.0047223737454509225,20.315287296108288,0.004465018779122565,19.804529454609778,0.006064363263306814,19.488305039998686,0.013424031779630578
6.054763853928453,-72.05898196664832,18.485990833976135,0.0025190492260685365,18.926266614659767,0.0017121521946136702,18.70184463450952,0.0020709446175009682,18.364839143013242,0.002621470576772992,18.225099194499357,0.003444115843001416
5.984116086363276,-72.05897922791517,20.12750175877183,0.007049220062496795,20.82526339500494,0.006755846499255048,20.515568225213322,0.00587244521850901,19.927625869524704,0.005712668689760862,19.617282075377844,0.007626364748749965
6.030907354578648,-72.05895706861571,21.237706195075535,0.017768966111040327,22.183270790848056,0.016541445343201337,21.724590438147352,0.015315107515971276,20.898626954335654,0.02029765093106965,20.337859220566543,0.017255386654650807
6.014461565222694,-72.0589603639933,17.775996578157592,0.0007571752770026348,18.216595771432672,0.0006882429320349952,17.973971133181465,0.0007010390122628424,17.653080302651915,0.001157018285297618,17.537742832384204,0.001804891540099274
6.079123989701886,-72.05894565049097,18.06151564318225,0.002408071476656908,18.500312660579212,0.0017138121312676,18.269446497082555,0.0019369166116052245,17.956710433570684,0.002225712245032413,17.834509648962865,0.0027875570071245422
6.0628162839915705,-72.0589542130729,18.503598398897882,0.0019182790176272037,18.98074810944398,0.0015959647942721319,18.725699062392003,0.0015852710134267093,18.38051593824855,0.001977445618577005,18.23679564438894,0.003081802378389392
6.019825082276166,-72.05895197724529,18.84226489750203,0.0011588589609343117,19.353424065053055,0.0012753537843664953,19.08964395844447,0.0011234339818452241,18.703730147276012,0.0013919300930754384,18.548005489670707,0.002177009287573051
5.960478387736766,-72.05893748494415,17.953935999262317,0.0025783171245575124,18.296866668463892,0.0015197214769457066,18.076451280243738,0.0020714703169012294,17.841367710024656,0.0022809629736954113,17.802815165037288,0.0033576074327961703
6.107801597638197,-72.0589269528268,20.12015445206823,0.01065562628137228,20.803330611943977,0.015077258730321194,20.450215232671987,0.01175837840246442,19.920104381209583,0.008394578745173154,19.558089456036463,0.009006739123131557
6.064945346615186,-72.05892592482434,19.304886038076884,0.004971330491252712,19.873243169080226,0.003795346883612727,19.570500380760123,0.0036725836595463534,19.115528047096745,0.0038967494122717048,18.86801621168616,0.006028497992197096
6.057946785678855,-72.05893915526671,21.758233936637534,0.019189929021767884,22.91050767441913,0.03801284779586156,22.351332130125172,0.025607654539788204,21.430945883181437,0.015859101269102692,20.778380094090984,0.01662694954619526
6.035400901846603,-72.05893469319554,18.809407335357623,0.003715512891978606,19.314229131316964,0.0035211681777543636,19.03667169635265,0.003274031499048121,18.679099665200113,0.0032949006235564386,18.532255987560895,0.00445335076289701
5.987964819538979,-72.05893706642019,19.991950516856466,0.0057901929733757225,20.697006980461396,0.006681057187190214,20.324207130775385,0.0059010488059034515,19.77999072129402,0.0047343046936869975,19.444882287456977,0.006328343625861693
6.113674453909813,-72.05889984500277,21.798824291178097,0.011791173322411736,22.850375077641473,0.01759687310183717,22.384828556781216,0.009186041468574163,21.421044735322305,0.008308746555147352,20.774615620054853,0.004741996715198136
6.072838380229878,-72.05891023679317,19.282167640746398,0.0030929229592477994,19.840474393583072,0.0033557313268811474,19.557659112068066,0.002887881399003006,19.120611036236774,0.0031815159086170026,18.91834768806421,0.004178228092439086
6.046999204778913,-72.05892955834425,20.131256361801913,0.00788576414949681,20.827148342819925,0.009356334782198607,20.457419276249418,0.007944825544624761,19.929025169579994,0.007477519764498947,19.61151094331209,0.005923736683418211
6.040720267111669,-72.0589236337488,20.71835020763074,0.014103088316324728,21.54453545721968,0.01921162052672145,21.12109686299992,0.01628855518668115,20.487215143866464,0.011475984765471786,20.01068115495312,0.016450842989155248
6.0403711449729505,-72.05892740248231,21.86732645179139,0.0402235989602707,23.006504900048988,0.05959448033069993,22.513938958334585,0.045760835724741336,21.51490816240463,0.026134757772264504,20.84197759389587,0.0241079078548653
6.036450196275073,-72.05891629783466,19.65710559540776,0.007292659678041394,20.28415511440251,0.008984264627382365,19.959815591847878,0.007261217029820755,19.483520667450506,0.005765304648989421,19.245635584022452,0.008299149151721951
6.110233711918953,-72.05889849301381,20.266189944305456,0.003980782298168857,20.991260649937907,0.004975840713546166,20.63911771513922,0.0037984158495391568,20.02986919242594,0.0034614843729103414,19.680087129292623,0.005274908651490493
6.061796606234907,-72.05890194072887,17.85942095003246,0.002116734797997985,18.310457238368755,0.000779620426639615,18.083329372436957,0.0016809565694708164,17.74697938112064,0.00201487798174669,17.61809360608506,0.0025407469039177653
6.040031810293335,-72.05890243835508,20.49119128750201,0.01985763793773699,21.34220106254144,0.017907412291067147,20.94182193044484,0.017674036867195465,20.246777914158244,0.018704813731054877,19.789672077073043,0.015637812210097565
5.9862376647855315,-72.05891126957565,19.68928120462891,0.0016469881428974775,20.322488130693685,0.0020565525811719293,19.972775570071285,0.0015815331548328607,19.50260858518599,0.0018082093960844331,19.25229705372741,0.0019471735521415774
6.013553201319103,-72.05889025663001,18.860793010762126,0.006564080608376839,19.381341265482348,0.004999129124120044,19.113439280415307,0.005407923794508392,18.72343047045375,0.00636886887622435,18.54908090617534,0.01456033351354776
6.103075090641539,-72.05887336889548,19.95127140950414,0.004799855542586632,20.633342100496407,0.005897832726448856,20.2753658819341,0.004295216784773313,19.77086278447875,0.0049269476983044265,19.478006538725943,0.0082045559192947
6.049357950456381,-72.05887708518897,18.92917201374353,0.003557932661551977,19.449081355341207,0.0038853575024881556,19.173062539581032,0.003611694303474331,18.80766081487284,0.004570396649315004,18.61576827247982,0.007196488706851945
6.004856592069697,-72.05887374089502,20.827583968042052,0.00818535114483355,21.711908991905077,0.009233160984643558,21.24146435637033,0.008005446705232106,20.535356092693533,0.00687526797931611,20.104079466232633,0.006260652246784062
6.064687988881858,-72.05886447889242,18.840318482982216,0.003087392467581705,19.35375596385967,0.0023392308815001414,19.08414152897754,0.0027141575253863837,18.70873972128539,0.0029094151845506268,18.549047799120217,0.0034504272682896533
6.05408943904443,-72.05886344694007,18.597824171017546,0.002653310732356757,19.060030691623936,0.0026284936282353934,18.813387655757957,0.0027168456311857116,18.48176445505881,0.0021021234684338616,18.33085156688096,0.0025113231487441184
6.022388975398391,-72.05887035999909,21.371790343163543,0.009727003236931951,22.38364815211733,0.01614999012696739,21.90700317060928,0.011512345943574,21.02337700445942,0.010027373156477141,20.476819059933405,0.00928680751117511
6.011315186777914,-72.05886242166837,18.82670150856762,0.006109341930891059,19.362194323299782,0.0033032325813267486,19.081495428618503,0.0028969416805612468,18.71728435003618,0.002827922182365211,18.538524042492163,0.00497239989385562
6.095709598933492,-72.05883477468578,20.4545915071451,0.0030830264882906943,21.205961061482,0.003954106544355327,20.836219197575332,0.002329903537926265,20.213254856410273,0.0023773856855848845,19.863316883244316,0.002643634723987804
6.065590720949783,-72.05884504658195,19.390468909780576,0.002605501808433242,19.96896571935998,0.0019856671279365394,19.660283684702236,0.0020563650620761898,19.2456678379515,0.0023801488057145956,19.017535442910614,0.003649175791258907
6.056399026859702,-72.05885543635732,19.729757389215248,0.0034092370897999243,20.392547627549355,0.00339461577544753,20.036443000210888,0.003000580086709873,19.542306305817824,0.0029332194125598694,19.295328042776482,0.0029065298334177703
5.9634127266505965,-72.05884311742807,17.964757213445385,0.0006514585429468044,18.399199785576045,0.0005449276711971587,18.190933268415016,0.0005655616191647477,17.825508292890397,0.0007561537451349426,17.71562609458873,0.0017673755533690993
6.09357140560708,-72.05883625352091,21.061879878282948,0.004788933476275417,21.968370012997937,0.007085568455065642,21.52017084168012,0.0035426986057984673,20.77537768128351,0.003293947841663185,20.272012254059142,0.003529762018304944
6.027060870877974,-72.05884677721963,19.537951913138347,0.0020291103228475965,20.123293529994378,0.0017509275696165965,19.819954832385022,0.0013782259787721734,19.365912510202243,0.0016502193511512288,19.163258996883172,0.0033579998227074147
5.9838091038459655,-72.05882683913009,18.68241745465271,0.002992344971993922,19.10151057275081,0.0029433019438760057,18.848917255529337,0.003310059084400457,18.499623766397413,0.0029935950860985076,18.375691473519375,0.005212020562131421
6.1042480334502205,-72.05881688020366,20.410748207089835,0.003729285206642294,21.19611575249032,0.0048538467964155075,20.8045032672783,0.0032284578641836653,20.184484722434597,0.0026130691727902153,19.812466893869633,0.0035173266192131064
6.071267479724108,-72.05881652844748,19.407979736374426,0.0012290834878903075,20.07149699593598,0.0017859498728265257,19.750221355471204,0.0010683563659639927,19.300727299910598,0.0012170962197601293,19.07732791804326,0.0016349002707063997
6.046916855734341,-72.05883119002183,19.775441125595624,0.004878249625203816,20.420007094160468,0.005941552494447616,20.088563938236817,0.004287002220356753,19.60143010231267,0.004113164546121908,19.319560682738008,0.003992094610222334
6.092851304071347,-72.05879363070646,20.87057447682609,0.0037598703677696635,21.716920768540163,0.006826956357102921,21.35300119809341,0.003955946928841045,20.59929721584993,0.0032737054043965037,20.16313977747192,0.0034718078709496144
6.050459888339623,-72.05880358332588,18.305236953297115,0.008521739739478333,18.76083423664442,0.0064036928735570165,18.543061821287388,0.006196701406205615,18.21086523354314,0.007472075521765603,18.05528072342407,0.008828697012737623
6.02599714097174,-72.05880620582653,20.395633266572805,0.006242779994336616,21.15479682949254,0.008033409985427438,20.817627943347603,0.0067544115643032214,20.123872615279303,0.005285129316981154,19.766010389575655,0.008253818809038341
6.04145292420048,-72.05879941820531,18.351750416787727,0.002174637055350652,18.78552664085153,0.001838414813328283,18.600487649559298,0.002110907547407435,18.245096152901638,0.0020016608524790537,18.115468250634557,0.0032160929395523303
6.021851558136427,-72.0587936898611,19.235211814210036,0.004628954345942721,19.82488614753929,0.0034327094573216943,19.512142735270466,0.004156248826658949,19.071280110014612,0.0048452734114447634,18.83185604727297,0.006327203478413891
6.021530210509238,-72.05880017794402,19.361818347231104,0.009271377590585583,19.948668012469255,0.010642433169768447,19.655872990578253,0.009118145250917602,19.202787419649248,0.006954430253372816,18.95764840203831,0.010997947597533824
6.053967447510336,-72.05877585054826,19.7452276267078,0.008006753695250748,20.429655238202066,0.009140330004569618,20.10678380858228,0.007849780070972248,19.590972049790835,0.005527206653276342,19.29164785131774,0.004728002616388651
6.040565459635163,-72.05878563212514,20.354753951667863,0.007065531458012876,21.08812798908481,0.009144356212410621,20.76414903216171,0.007608012320252526,20.138303585594215,0.006607727957445009,19.785272520974964,0.00736913968388495
6.0247158346777985,-72.05878373288678,17.879468029421407,0.0008114307839395565,18.31761367203687,0.0007925642442264985,18.081394569030323,0.0007286875965587597,17.75450487400525,0.0011184053230362577,17.648835572605684,0.0018973353768907519
6.082316918982596,-72.05875742962728,21.521442882669735,0.00784714777605195,22.552914301147638,0.01511445584501098,22.058129904112953,0.006867929833617494,21.16423302611681,0.005478814539185507,20.549530032486693,0.005543596423669953
6.056076592207759,-72.05876449332006,20.133507851056503,0.003718117511242196,20.82595536350607,0.003812062985453827,20.471576082569946,0.0024901799985174323,19.934820383876136,0.0023064365889021404,19.615195049466827,0.003594778922344206
5.964644913101786,-72.05875350476398,20.181412300041313,0.012103207868376148,20.9222428301687,0.021291534588132755,20.566331194544894,0.01637525798258317,19.952289920939485,0.010636608273575909,19.64331793328111,0.008621180709679243
6.123785478770057,-72.05871236752176,19.553290470881404,0.0011840863662244065,20.154646669041725,0.001696308751485354,19.849686350573926,0.00088968127440602,19.37561729787982,0.001331845528973034,19.142959057196826,0.0019202231417118872
6.0630046385695335,-72.05873921234198,19.29380086512217,0.007421319975465565,19.872405592763343,0.006640761802712861,19.573365216080383,0.006518209242902059,19.160959813790427,0.0066563519925535415,18.92477264973661,0.00922409971596442
5.955516325329939,-72.05873372651503,21.804237764110315,0.007787014659542049,22.85678620830143,0.019532739524793154,22.317810616330817,0.008797294195104553,21.387284815343428,0.006197153941176079,20.754849023752776,0.006759645306681614
6.10318883399596,-72.05870821454015,19.85361550163623,0.00335871764793697,20.49776094436482,0.0030242079474569502,20.17596873275631,0.0023595237780378443,19.653369121258166,0.0033276239317705163,19.384585773251978,0.005899435029414122
6.101644957159624,-72.05872026544606,19.637611897120227,0.0022998711558404428,20.31922417155119,0.0028853055164119313,19.971851156024606,0.00230999781798604,19.42686102370788,0.0021547560258691196,19.092163176042284,0.0033926247031819657
6.0052002904208175,-72.05871828203423,21.997158858511906,0.013104063997819618,23.229427572815425,0.025267274158944315,22.66462750788581,0.010105428937263107,21.62780145115258,0.007714130516497756,20.93348217693937,0.006876185795467378
5.985941510749033,-72.05870404098684,19.370265000643965,0.007356695359064458,19.92397322140785,0.004027455459924434,19.67031937409147,0.004665948761550397,19.232382051287402,0.006960148197084014,18.98937503724578,0.00840102118730114
6.06887318364279,-72.05870161112753,19.832648755312686,0.002531847973872578,20.487292069834638,0.0030398979123305394,20.220190184468024,0.002445557655534234,19.675573016146885,0.0022585720579608223,19.393434835011924,0.0030124313858273877
6.018375734416247,-72.0586975725584,19.015465309083535,0.003259001665581055,19.522086020803968,0.0035806715377440265,19.248911298313182,0.0034989294003949624,18.86972419903062,0.002457505854112724,18.69177947063318,0.004151244262387713
6.054655811709054,-72.05868631725454,19.621168033186,0.005011212283815168,20.23329400440977,0.004479220625374943,19.90777448018256,0.004171598304006775,19.473126973242394,0.0047397495055691635,19.1923683354118,0.006705537533064606
6.038856983039383,-72.05868745089681,19.8085067545132,0.020591747410642958,20.510986745318434,0.012921568478833304,20.1369147139281,0.015907768432243622,19.594839737328158,0.022225298386510765,19.399486348295625,0.025397800666404652
6.03326606013253,-72.0586920204839,17.829972610737176,0.0019057472105985644,18.252140951127828,0.0011781872200682224,18.072560094933003,0.0015248093453324653,17.71569393624121,0.002092638004010258,17.612568858422904,0.0024487849824433327
6.025093134767715,-72.05867849489269,19.971446768783085,0.0038889532099612685,20.63200621342213,0.006695544294899395,20.28520939595846,0.004513772451607117,19.75983345617528,0.004091508527266468,19.42636489182867,0.006559679798160217
6.055410267439926,-72.05866176143714,21.873300357759494,0.024208158510104105,23.12996212528394,0.039108635817492944,22.514264266811928,0.023837484949754725,21.536243872807525,0.018059265249432594,20.800357368088676,0.010672936054200331
6.050264680723947,-72.05866600119577,18.344180684080964,0.004735424592418314,18.785909933567936,0.004510339395410964,18.545836164893267,0.005003446263062291,18.240203593934694,0.003956351437833086,18.07969242501329,0.008487543707955805
6.038452634486431,-72.05866439915366,20.34011127712463,0.014968932908527204,21.102691410849452,0.020775072714157204,20.744810573170675,0.018583537434565485,20.089778028049764,0.018992757092357107,19.78298659257772,0.031207589096538486
6.013826587189399,-72.05864868554164,22.215056701385695,0.014961211942033814,23.46379262643716,0.036014458457639426,22.888215348349284,0.019553800760032908,21.76462127867078,0.012147587766002513,21.018853697190735,0.012127861000808576
5.968470182760095,-72.05864430588177,20.954028487910673,0.007047203076743545,21.78496066630565,0.009711297886122067,21.3862165070126,0.008059459661350066,20.630631646677273,0.006106412608183947,20.190626052092433,0.009494887441754309
6.017705392810108,-72.05864061958695,18.645780607066133,0.0017085893534580347,19.118277482117996,0.0015021453461187642,18.93482993991025,0.0015831877111189443,18.513911747588253,0.0016634105787762703,18.390503927564367,0.002233753590911537
6.006326865403709,-72.05863559692287,19.885288512642372,0.0040935724308773305,20.552528409786092,0.0047560239162030195,20.199544263434774,0.004086437180587271,19.710902843831583,0.0033941240087110333,19.425015634148444,0.006327220258604437
6.000456837390975,-72.05863713715215,20.9477886757785,0.0074859845128438535,21.79935021204541,0.009406197292664967,21.389250723407763,0.0077907318129319236,20.627550373467614,0.005196218117258753,20.15633230795909,0.005284042090421315
6.051397078388813,-72.0586244520802,18.444505692636948,0.0024043135220454394,18.88938950424552,0.0022396065074913765,18.657764864853277,0.0024611368411234995,18.346031045109775,0.0024504594114506755,18.19326693158707,0.002900665377354228
6.096439695850414,-72.05860369384067,21.485512558806715,0.009457650505911113,22.484224019465046,0.014082779434797535,22.064390118118233,0.007822544645463069,21.14034696587064,0.00809706820052235,20.52807240776432,0.007783771097554187
6.032058895391557,-72.05861770039576,19.868228797778112,0.006920828540643976,20.546677797448126,0.003975259761377944,20.18103483604598,0.004396674602707634,19.699857490850604,0.006954893503839198,19.44249633336782,0.008116114686293455
6.023206346814638,-72.05861220496416,17.82492173717068,0.0016336306685788627,18.268670948691664,0.0019571589086017347,18.02981738901049,0.002110727551524213,17.7043263575669,0.002057284804086859,17.595341728706167,0.002224918840377419
5.979023851808773,-72.05861469308054,18.395768017964595,0.00415536605385521,18.861500023072274,0.0029394281386062866,18.60226838343545,0.0032964906859187194,18.272732984179115,0.004140355566566819,18.139130011035007,0.00569844130576876
6.124619524138087,-72.05857414331759,21.10936642207255,0.0057889736871409,22.024542895862297,0.008752608751628055,21.596101361941514,0.0056735893489689455,20.803145668637335,0.0048942799530065015,20.282690979884443,0.005754686284075911
6.10196226158293,-72.0585962758898,20.121571664996974,0.0033373476694973777,20.897696017138088,0.004031243605228934,20.533030128212957,0.002611295120011627,19.945974042531446,0.002793383988972602,19.610146658954292,0.0038711995153861097
6.066543462065645,-72.05859671303487,19.9512728311588,0.0041045673907645795,20.63356540153599,0.005474661959484363,20.287140070880653,0.0035807965618230085,19.7420410918065,0.0034367614841290767,19.403533505858185,0.006197606192150923
6.04687434330738,-72.05860346028707,21.486291217850326,0.013910361721882668,22.533856432824358,0.022753895995938273,22.033654610154393,0.01435150426401774,21.133590953869444,0.011757020823802538,20.550740122620567,0.007204508219444522
6.006705185641885,-72.05860757858713,20.496507053283704,0.006110073219890215,21.281894263170912,0.008685333007092932,20.917587809439773,0.00713338143089502,20.23834334385753,0.004702307037188839,19.848857040366703,0.003750886147808446
6.011242954099735,-72.0585829702739,20.449318783043378,0.00849885959960068,21.17212012364452,0.00970952308317987,20.827679732485514,0.007325927609369933,20.21360103397916,0.006133058056950168,19.87291240935202,0.00761894963269324
6.0105296817849405,-72.05859018441748,18.63686946615132,0.002143908411536539,19.102461539010136,0.001702932651402219,18.891542983208254,0.0018386497775006577,18.505440929419855,0.0021113649359536563,18.37539178484446,0.002605879611681681
5.964003313718139,-72.0585850076559,18.62647336410217,0.0034069780317751014,19.079304638713765,0.0023186219547429447,18.820926315866572,0.0025076903058022936,18.48626387106924,0.002810699516134121,18.36000808302977,0.004804862177563892
6.0787488476787015,-72.0585640639863,21.002334026928143,0.010742053171245354,21.898530040255665,0.0191983234996743,21.44541138763571,0.013225572299183521,20.696501746961317,0.00810118187665934,20.198608251594557,0.00943245669145917
6.051979285292339,-72.05857078713089,18.26166499904637,0.002344693121289304,18.709953033340256,0.0020073512147593597,18.46946741626717,0.0020741081629441333,18.17604484321638,0.0032527570558146222,18.02588093983548,0.0030389077221844685
6.021818095837681,-72.05857115842352,20.26426247006064,0.007701715321092932,21.010426208738338,0.007834170152539703,20.63994182259166,0.0068189499816188204,20.041870283767835,0.00741411156456075,19.744086337635245,0.012344767718030027
6.084344799401321,-72.05855621009388,19.852154304929147,0.0040361681671380505,20.529918683589578,0.004530379178016767,20.170187261327186,0.004007839184403198,19.65192824815763,0.004832404541003774,19.380626628654063,0.00921192905714597
6.057447358571327,-72.05856425664292,20.90295383914415,0.0068573317343686175,21.795117679136958,0.010698813442103473,21.367747132985862,0.006505697334956546,20.64833349836642,0.0050919493853069184,20.11761000856019,0.008607337686753626
6.048935891565513,-72.05856500505607,18.415992288819684,0.002625033163371348,18.93768536846064,0.001982652346937377,18.65586716227144,0.0023828865489193512,18.283695385718474,0.0023388922772622496,18.083715333503513,0.002967732842804974
6.001882368181108,-72.05855405302333,20.2240561234084,0.008890178436919027,20.928771792214107,0.013841963781926052,20.564811114380888,0.010856028793829858,19.998327075901223,0.009788922601398426,19.660746611465598,0.01309311168934279
6.023842911711753,-72.05855423800294,21.163119250312892,0.012353428309943905,22.083742505122004,0.016780433009310647,21.649725113631604,0.010506063993585847,20.83566468170789,0.0077282705361044245,20.353858261284614,0.007207414553476363
6.019854528185999,-72.058549191597,19.71986553301915,0.0024463436058105668,20.351852403131062,0.0030246734812937647,20.0678706858275,0.002277689239576987,19.54639478877062,0.0022528112944239487,19.30420321201752,0.003799608662285768
6.010036264527031,-72.0585458983396,19.18911760010675,0.003735644619543017,19.739438255185256,0.0030029992679279516,19.448542223360377,0.003148277909466386,19.045895074740038,0.0033503576955014464,18.876463393646716,0.003941492404574089
6.085018574189556,-72.05853075721494,17.812306478796177,0.000957240092461239,18.26027368009794,0.0006286792062166152,18.03566749321162,0.0006356139029578409,17.689566867441755,0.0015973759025858195,17.57504303704301,0.0022374214513558506
6.0680218946160664,-72.05853140138947,19.179389180919966,0.0028723759780866984,19.830197963766068,0.002075537222392498,19.492397450282915,0.001958270295819644,18.98835197820005,0.001966089691745464,18.713716603490305,0.0027410344110106494
6.065625325455877,-72.05853522947116,17.96681244425029,0.0006058251696100092,18.389200887413793,0.0006966951876739318,18.164389625074435,0.0005560169324926664,17.85119540648771,0.0009823236888302912,17.712753653966807,0.001521935583300624
6.059074002144017,-72.05853121861446,20.44615197323842,0.004002141419976395,21.20220248687133,0.004723452885898532,20.811160305648166,0.00358067283662055,20.215737476215402,0.003189884132417941,19.826823616758098,0.004630389309572446
6.0476636696377915,-72.05853344716317,19.420514880390822,0.004677303421459949,20.00150198860034,0.007839146857073622,19.688467341218193,0.007927349498683007,19.247656264947572,0.009139243694970243,18.982274603514917,0.010978682645238094
6.012963830581541,-72.05852953989245,19.82497345502293,0.0032043448509937573,20.48280789436714,0.003255951381538129,20.11931924878691,0.0030034995856330054,19.62929921493277,0.003030115730201044,19.37215995793369,0.0039951953099977185
5.973544841432836,-72.0585314222473,20.00197613414507,0.003955584656835349,20.682796195871518,0.008010219728110104,20.365372909939488,0.007039561318370076,19.790012060093105,0.00270779172275438,19.49875299640066,0.004709342612613807
6.0729924560725035,-72.05851112342587,18.12274968169635,0.0015130914056967048,18.5659412135863,0.0009000855487468441,18.326339656263478,0.0010117328546170416,18.01088564060862,0.0016622804917502624,17.89013843219505,0.0021583398911948037
6.0535927255102004,-72.05852022129584,17.928169156185323,0.004259957951733245,18.32593333858125,0.0035465452844220128,18.119651577769268,0.003973425607873721,17.825887817766848,0.004075191917448956,17.67417533527898,0.005768270980843012
6.027434600013649,-72.05851465112104,19.124065745384858,0.005252802814244155,19.647090129418856,0.0025871038360363472,19.39517498681454,0.0032117103320662556,18.973173780577532,0.006454531239791239,18.768552607744624,0.007883329229351985
6.119062942953032,-72.05848317792757,19.25401458685661,0.0024835886987381586,19.835128122125823,0.0029026168449574007,19.53932135809955,0.002468026066212503,19.09197555719784,0.0022423428730488134,18.889099836700588,0.0032600907902158097
6.0940834231890015,-72.05849273382098,19.64914809010516,0.0024593699143397774,20.303074165912676,0.0029262127139093284,19.967905348343223,0.0023968039921893006,19.49432031093489,0.00213184378060437,19.23220618185954,0.0033491467050758405
6.067716206544163,-72.05848336874416,19.66556472139681,0.002101600606603267,20.285055966749667,0.0025874320793230826,20.00808327796714,0.002168832099945697,19.493334632699266,0.002768261201362719,19.23145953079051,0.003537064881835681
6.066326661649874,-72.05848343462428,18.90063755033928,0.0021819421042548717,19.39000343625122,0.0018383214785200532,19.137236678907406,0.0016272368548302884,18.774476716443928,0.00205497134193561,18.615807704538582,0.0028655189543157324
5.9956662680368735,-72.05848588294455,18.26627031798881,0.0019172378969603797,18.712784108293157,0.001234017732626534,18.4597312850739,0.001009344496400545,18.158256400724717,0.002334275179116686,18.03212915830928,0.003610935187929784
6.057843765508244,-72.0584719462997,18.454448782963187,0.0024855862612904876,18.92017268356382,0.0014482444283208432,18.684498682686687,0.001444039113750052,18.334879410594688,0.0021532932613500164,18.19631958867305,0.0034197381020385385
6.056790297904423,-72.05846819132773,20.978916220067834,0.0101824245222428,21.9042289716497,0.013013946896109557,21.449666958921675,0.008991771863498572,20.702324615503798,0.007363734627525605,20.219537149895324,0.007765222367823214
6.011544624496695,-72.05847178050824,19.340232104903688,0.0025360468096622367,19.957600221087205,0.0028248984626123856,19.625718360249564,0.002353696342358482,19.17283178589885,0.0023470894565719227,18.93500131473251,0.004124878498454497
6.100936266065432,-72.05844979936808,18.05785863497626,0.0007642113887044497,18.483914039818046,0.0007695104899533104,18.310431077392906,0.0007551692389874998,17.94119412000937,0.0011592148091380753,17.83171422477887,0.0022065002906730886
6.0934094126389695,-72.05846103585215,21.01552537607829,0.006861837208950179,21.99583316902703,0.016606413395978733,21.560016257241678,0.009625655993547724,20.780816910433785,0.006293363398857489,20.30473893812009,0.0056493418438538934
6.085913425826932,-72.05845636563502,17.706313570401246,0.0019070195820019438,18.142215463777667,0.001126656005562533,17.92279617137656,0.0012692449942712256,17.594693661243795,0.00196724106705403,17.454880092834266,0.0024357401510869347
6.06926075201321,-72.0584653027269,20.29567401629514,0.004436806634382743,21.0568219102595,0.006096308809915226,20.6909343885932,0.004152765348558311,20.078760954010463,0.003977320870409362,19.69361715972223,0.004405643590331629
6.059922581144134,-72.05845953287904,18.892388481557557,0.0016400371076775633,19.410202470486446,0.0011419386363652106,19.144011394595253,0.0010498622363044256,18.75907900505357,0.0015080129711637345,18.581407802603373,0.0020723940639652823
6.025676682378799,-72.05846938347382,18.558956959164856,0.0021578286992307992,19.048265602050236,0.001130129608849709,18.786157584926094,0.0016011884012036089,18.433488877342498,0.0019263733352886466,18.293771794864917,0.002494646277540541
6.020408892960308,-72.05846149940957,18.283898004918075,0.0013130221313768736,18.756319973487763,0.0009313402295178341,18.51148968176546,0.0010352696054291566,18.162428483182296,0.0012176277920182106,18.03119385069862,0.002313752882314835
6.019191492013987,-72.05846025871112,21.36958672722712,0.030310327537769827,22.347138616704427,0.036851545327602514,21.883269930261243,0.03091564206867292,21.022128183526718,0.02385971756819885,20.519997850228542,0.02900855146644994
6.00812869962128,-72.05845612939586,19.801228510112242,0.0036955063120351936,20.442273361979133,0.0037101625010155215,20.10653200046427,0.0036611015048023626,19.612243709260255,0.0031073619983203018,19.358800210213836,0.003618055600290169
5.999985146611129,-72.05846411763312,21.184355996564722,0.006376295633210243,22.08210911888046,0.009460086779001948,21.584561991808805,0.0056190323162680625,20.801720743093668,0.00462294558420863,20.25804755678906,0.007397625609029536
6.0487487487647895,-72.0584479561297,19.160806390945094,0.009060041259594039,19.71647875215838,0.007105528665000167,19.486034511022517,0.00795052939829973,19.031207813178234,0.009379912724503137,18.847190760004544,0.010377900491242865
6.042949826705845,-72.05844848180921,19.350883590179397,0.006714914465198814,19.92660136372102,0.007284629132688277,19.689806488161594,0.006929432926197083,19.201727218751202,0.00658709561797781,18.99454916001074,0.006275895410737384
6.064617950511967,-72.05843441997465,18.86403263625046,0.002080292232538211,19.371446962912003,0.002030781243378267,19.0982069120331,0.0019067390451050644,18.737072967154646,0.002047976404939506,18.570454954112456,0.0028601411001566266
6.080248918017789,-72.05840848302093,19.30094679966535,0.0026121099571612535,19.873498019559513,0.0023627894880507054,19.64681416720166,0.002205602450843083,19.147837521662538,0.0027038447921000175,18.937837069080707,0.003141275895996266
6.056399308924305,-72.05842578787387,21.24077480789912,0.01596008085599107,21.98665185429693,0.017022579017722545,21.703844158332906,0.01805936775944364,20.94098849775441,0.011236059856076338,20.344690354008627,0.02413651206471042
6.047470298415796,-72.05842817697605,17.76225015632053,0.0024522410229632697,18.203007734940016,0.0018060700363461757,17.968435791212464,0.0021875841339922424,17.66431677568454,0.0024416431953119154,17.525500355707685,0.003509035149228383
5.965027113942794,-72.05841004936934,19.349995521463416,0.006106656107784331,19.91748614656082,0.005937457579544475,19.615198957494535,0.005460024334060559,19.185024207709333,0.006198186096970579,18.965749380878897,0.007570866874430665
6.124358306337484,-72.05838081767568,18.56418983856501,0.0008507115817053388,19.057715346562134,0.0010226911761115137,18.81063276891109,0.0011544240654143354,18.429680156137223,0.0014137263035100857,18.28956204811484,0.0019132914789298059
6.092986413278788,-72.05839404926103,18.971793261525836,0.0036769073551573403,19.476884114136013,0.0033853763802889764,19.217739014779163,0.0037279185642758537,18.826738869775745,0.00369523681740944,18.66019704342944,0.003733450480255505
6.027561797906306,-72.05838989459072,18.838492526863835,0.005627453360857475,19.33821821066546,0.002070050801829219,19.076300678350258,0.0030397977365337024,18.702284670389915,0.00557392210298958,18.559894915356708,0.008925591169062158
6.011913521887704,-72.05837564105245,20.951928675388377,0.008918816049025852,21.87553282928195,0.011508069869016407,21.43125000289408,0.0077296011895937825,20.6605860370625,0.007883276427439056,20.155047298941064,0.00858521305170164
5.965942717221045,-72.05836470007334,21.374278955769615,0.03790133480625186,22.315579763477942,0.06566693218185823,21.895871056197272,0.05254059766553854,21.056824607184623,0.033013708860080225,20.382256631916285,0.05209909057117957
6.016076149699037,-72.05837357755523,20.67057085750486,0.0045065930580940935,21.464928742125558,0.006694664339723155,21.062567965059976,0.00385063302179156,20.40660660320237,0.00390026285762173,19.998591550096698,0.003962583041639521
5.9667842809884615,-72.05836107694006,19.876589829983143,0.00556905630654865,20.514589208970634,0.007793528990595142,20.167803732805467,0.006216795994994602,19.6624656033336,0.004406890644995163,19.416507693380233,0.005610669087463192
5.955808181890278,-72.05835772635177,20.769282813743505,0.003303287141828614,21.60120791487907,0.005423042118159874,21.239370017595043,0.0023969131483369765,20.497127322021207,0.002492840283864423,20.074723908462744,0.002410438773890582
6.0068420682632535,-72.05835197147034,19.325205053115628,0.0026224340805098218,19.84630162988931,0.003143130673781435,19.564118889749906,0.002775666988227997,19.164348730645422,0.002295745976835766,18.96877367084616,0.0024100892056094377
6.096179437273326,-72.05832022178241,19.992403048062517,0.0023843036546600466,20.65987081512276,0.002391373714581394,20.330029948085375,0.001995414352796172,19.792765448704507,0.002026446167355509,19.510346669109033,0.0025511376441693556
6.084414456842611,-72.05833523839605,19.11982237524254,0.0024344740236833143,19.649002461663983,0.0018804122249211385,19.37249953566422,0.001959865593093661,18.96854616137926,0.002200623604390913,18.781954575475474,0.004663103746761196
5.997942574531583,-72.05834092608944,17.88782444429582,0.000796856265695923,18.309252835978775,0.0008327137934186632,18.06992059485382,0.0006304155457093317,17.762786832813468,0.001003737793003524,17.650633806774543,0.001699971399898586
5.974913269140729,-72.05831881240913,18.620826792667042,0.0012349901640133303,19.066773467620486,0.0010172033519907037,18.94605196720142,0.001087048819835696,18.487566903175406,0.0014697686729096943,18.361252877086947,0.0022165849357008564
6.080355098344331,-72.0583126659904,18.422896818568457,0.002496288423701217,18.898185121884737,0.0014295253904347798,18.65789034646889,0.0016062284286519001,18.297587993794025,0.0019215438646982106,18.15789763770926,0.0030253210154583864
6.074782284114762,-72.05830766085354,19.509285742310855,0.0041954632926572595,20.120300740970862,0.0034985246152445275,19.81038189032084,0.003177479811654721,19.36035449080814,0.004273779663185553,19.11910625318211,0.005767879670873979
6.069083627422006,-72.05831216351555,19.07152374156833,0.00244802103097778,19.590768927903156,0.003053613053619168,19.301193136626246,0.002419027988429448,18.890399007320333,0.002404646133270431,18.69859876027479,0.0029212240073698014
6.064510237023235,-72.05830390731568,20.031349382674225,0.004745537936808123,20.71075895579922,0.0059961549084851466,20.36974154740708,0.004072296303761225,19.822731950719387,0.004992648743640481,19.48442450104148,0.006618170339886061
5.987816862063341,-72.05830529536081,20.939633640919272,0.0042324009557148145,21.789571527308908,0.007827012948215433,21.33388693383729,0.004364786708785405,20.627051916602355,0.003356738497970373,20.184121941628064,0.005838691900268256
5.956751620074816,-72.0582974751069,19.861666536380365,0.0019226532795092492,20.505585723395406,0.003012634110913176,20.170794964166603,0.0016355484649490017,19.685867515346082,0.0021038089855248735,19.437220208410253,0.0032458350631805856
6.1241918117594665,-72.05826882364556,20.53414221882932,0.0037812669481150675,21.307988149975536,0.0059349645083956555,20.918743580906145,0.0036092984532346524,20.280182962771626,0.004214150082284257,19.87179303265546,0.007756409394067767
6.084107730339352,-72.05828492776449,21.724629555608264,0.014307006100850136,22.743956491183397,0.02712769347166894,22.23020132295602,0.016912509903171072,21.304165173403973,0.012771678006777195,20.62865702763837,0.01765400052466162
6.073311865518887,-72.05830055876656,22.386343394854737,0.015353813410462366,23.592722801761923,0.04262890307082824,23.067548260497396,0.02086499399506682,21.94561474460663,0.009875814382440392,21.147855219980613,0.008394688746381572
5.999470954248728,-72.0582882537207,21.20922491957756,0.013927911946336632,22.17671935994997,0.017826526486014134,21.746973537891115,0.018313424758929244,20.865234963718414,0.011221801461142166,20.34073999788965,0.012859922845565419
6.114315943025998,-72.05825790733245,20.41023233703226,0.0029646491668830458,21.16697795585022,0.004185490119167645,20.858572987981482,0.002707262506387292,20.17616526034127,0.0028160225962416572,19.82053568097991,0.003414102364244209
6.083199194467545,-72.05826866374754,20.194871888167736,0.0028523129490672984,20.89674697458115,0.00343683857777554,20.535450097784484,0.0027594064709097785,19.994887034488222,0.003149975601370855,19.662690535545813,0.004347403294528599
6.0673814621955,-72.0582777384392,21.115727365804094,0.005035247793916405,22.072107272833357,0.010055016338328135,21.587533440210834,0.0047168056079645694,20.81263748784022,0.00356709232252615,20.304363743038245,0.0034678188549883606
6.065231969968671,-72.05828318372626,19.914245550458592,0.0024024848206079057,20.51864033699617,0.0034108932827970665,20.218149625949202,0.0021567494159773614,19.738341876001705,0.002174951624296716,19.463965135742676,0.00414946686201879
6.017860446027738,-72.05827832181866,20.541999776563618,0.005522521390839084,21.295681464289927,0.00715929532014554,20.915504544081244,0.004248999137440468,20.27829650663346,0.005734328047315067,19.913902879462483,0.0055968769594078645
6.1050394121447935,-72.05825343592714,19.614928164735804,0.00319491700161733,20.235476786555083,0.0020814546933723946,19.967021884992235,0.0020798495876259617,19.432111827061966,0.0029024671356854322,19.204759375865336,0.003865356246432754
6.017243141032588,-72.05827117716849,19.20235301188193,0.0019253221393061427,19.740095537716,0.0022217669722054524,19.49993652385811,0.0020006115859523836,19.041934458661864,0.0021015715011515486,18.875344555014472,0.002462316991499217
6.009670259465391,-72.0582747544686,19.391582975561814,0.002696387742161883,19.957088004945412,0.0023367575831491796,19.655597820247905,0.002228297943483726,19.237104605837033,0.0026495408263026315,19.026955503703597,0.0049910494743816425
6.0038911665739025,-72.05827396365542,18.44907921649794,0.0035542054520915634,18.90998152755919,0.0016993012288618996,18.661589165429085,0.001923661267116911,18.320631449640572,0.002952143885922535,18.202464087505163,0.005822175346573627
5.996777625158642,-72.05826308712868,17.90652859049578,0.0012332568422242004,18.341850671238063,0.0010757366959635542,18.109907821270255,0.0009608186291520884,17.786643503179697,0.0015638583166289945,17.67175597424624,0.0021228302253551803
5.9899670761880355,-72.05826776839096,18.513282613064487,0.0019554794743304282,18.96042983870717,0.0011047403969621052,18.770843164483466,0.0011035981948355601,18.383249435132278,0.001991768814070116,18.264577134556035,0.004058049253124388
6.094750486060382,-72.05824895777788,20.08940964079427,0.003035734311031779,20.818865317529465,0.0038510519363442503,20.46479680903967,0.003075096369085154,19.865497448358475,0.0027184288363004488,19.529870597438908,0.004378691380246776
6.086188213568779,-72.05825334764019,22.02810302854635,0.030928330798927275,23.075945534592854,0.0659273189167948,22.681744173994858,0.045062463810839434,21.632301817867294,0.021515960775646416,20.913623592756117,0.023228584249245305
6.059764490588748,-72.05824609401638,18.318577606263123,0.0010264016414540838,18.77396685305245,0.0008558095449104056,18.543364377980375,0.0007129808403832816,18.20199032338904,0.0015297477642128186,18.067877142607315,0.001965546067825796
6.055616650445699,-72.05825203022822,17.920975914708922,0.0025046077405784244,18.37644323342785,0.0018115230401930837,18.14505605613595,0.002261755853419368,17.810568433142286,0.0023777481229577085,17.67106596855956,0.003151258085330655
6.023159387673802,-72.0582516211617,20.282678802755445,0.011892211022769416,21.023018426186837,0.008938618416190116,20.64231071254303,0.009728285906332249,20.02332576665362,0.013998618838074963,19.706113520070126,0.0182354819232716
6.05607244295514,-72.05823918095156,18.165410642369043,0.0011677366026155115,18.62773384134166,0.001308650737053294,18.382969115006752,0.0014549807913503728,18.061140496396533,0.0017342576545883843,17.92894858611939,0.0025435012493984343
6.014719733076595,-72.05824717780366,19.398183602724362,0.0058187871279835645,19.9904223670991,0.005817849077481233,19.665232285101936,0.006800488379050438,19.224931841601574,0.006953187419933565,19.022032318211686,0.008734891269681008
5.994125140159129,-72.05824504193225,20.73359339577446,0.034583747457960924,21.466800675153266,0.010761616701122025,21.086575264283077,0.01896012901838703,20.412002807085415,0.026173106777473282,19.99249738144151,0.01586897519102968
5.969591935350639,-72.05823754939938,18.4197307643341,0.0012020650090653964,18.884314296256115,0.0009608686147661336,18.64126011392009,0.0008906238734326369,18.28080350129511,0.0013515214852321176,18.15395089214757,0.002155659992825244
6.098829661243228,-72.0582155774887,21.78226062042909,0.01008336633799171,22.81429943790394,0.01890028205397342,22.32524029210434,0.01057127912278071,21.393549924507056,0.013591996472498124,20.767468757488288,0.019664913866342143
6.095257088265987,-72.05821555350242,18.581436684994156,0.0010915772012867534,19.053717272861363,0.0010935090749548014,18.840889851932594,0.0008756356656401273,18.45807938649385,0.001214252834234795,18.317596129098682,0.0019033447171634456
6.038912948515002,-72.05822317894457,18.47312509170497,0.001870009507530314,18.925777109634268,0.0020009078359888677,18.75317214500044,0.0020760862717104566,18.345306010138195,0.0018487339973604026,18.226097000219447,0.0018968641865998047
5.9853364415201025,-72.05822568034004,18.455358855695525,0.001119275959264488,18.88106327122432,0.0011666242607099922,18.658304419485937,0.0007776548606877882,18.330483162592266,0.001298172990389043,18.209675953103293,0.0022062671133525748
5.976454148105422,-72.05822004378197,21.549214966990153,0.017582128589097263,22.56532649205625,0.025653819744194426,22.0583418188992,0.018192537291120674,21.143366391626714,0.013909701028292908,20.52918540694681,0.010160919518147456
6.112082090339532,-72.05818927812277,20.899144878108753,0.003563776243997955,21.778712859628968,0.006599523545761258,21.334858851843485,0.002931421075928364,20.599908628875355,0.002863176815372862,20.181704589144907,0.0026016666763876697
6.074099909566094,-72.05820460933039,18.434763632746925,0.0014077068467857007,18.896135005127526,0.0010214412698840904,18.66061359072028,0.0008293030913875327,18.30164356294221,0.0016162099783182482,18.163975539333443,0.0030617364237900935
6.060884216906706,-72.05820551318342,21.245448854945,0.017947798603352574,22.196749414058246,0.02308946863173502,21.763352457735955,0.018986953982858955,20.901641500161183,0.013461528695399069,20.374152359288942,0.012358109712905066
6.056567158764768,-72.05821427035688,21.86674978650318,0.03857641280942574,22.877970460991875,0.05392814815985067,22.390895021059656,0.0450018326689645,21.529302306754587,0.025444134887865066,20.745505709397513,0.02865973622909072
6.042469080220598,-72.05822323152348,20.92528758095121,0.020106268522024955,21.716851591255363,0.024097287923191817,21.323105957380555,0.021554666385596655,20.704468300873117,0.024733646253019395,20.209283862455905,0.028959372258098064
6.001236707057831,-72.05819282914781,20.613647062674378,0.010669758288188775,21.3704607594429,0.011190754428020356,20.98178458653593,0.009196906891978638,20.360501131892185,0.00913526546194376,19.94649255895191,0.008216067085005857
5.989485844389802,-72.05820439282196,21.520881327941407,0.011898839696149736,22.537572383996853,0.02326814622777129,22.046122662763608,0.015311864274626944,21.119647480318818,0.013479068032903026,20.558936224478515,0.017786860864834532
6.074981143125638,-72.05817481065483,18.874277345322927,0.0019634078196920464,19.38257789726007,0.001627437774531162,19.11471594360809,0.0014626907901948692,18.747299203577427,0.0016858911697379226,18.558218960993116,0.0020468123721518855
6.064419975555801,-72.05819028800474,21.19005195114708,0.013254269268595196,22.113916619437703,0.01905277352806356,21.677151019182837,0.011980059049552745,20.835712938056403,0.012831632346280347,20.254226611960526,0.010155765376585156
5.9645271795438966,-72.05816728333384,20.338176704035572,0.005423081981767044,21.062371949062957,0.00532725754824131,20.679562184240403,0.004474405884939401,20.09313661187626,0.004583890324600467,19.737195995958842,0.006276338232494439
6.089347615493758,-72.05816839063972,19.466361458384423,0.0027549349186517277,20.049095526276723,0.0027938379762635426,19.80405799257604,0.0025566615265288613,19.304385938031416,0.0027548921001399078,19.08891373648931,0.00375426518190775
6.053365013191938,-72.05816602130817,18.07321714525207,0.006191204801607465,18.500113294126052,0.0035692450013210275,18.27987108922261,0.0044110246350125455,17.970525749166605,0.007155943644970786,17.827038594649444,0.01504766330419803
6.018513714226915,-72.05816737330694,19.359156919733838,0.0042531540775673764,19.970891109327297,0.0043795841706082625,19.652338350685554,0.004488605406154143,19.214725234317655,0.004352436478531305,18.97996069677533,0.006132728728128973
5.999453505780065,-72.0581694198249,20.085781093007828,0.003172878709052498,20.7760150032896,0.0036239303479940403,20.38135617977742,0.0026517565941521055,19.861052300131135,0.0025513316148724967,19.56557379460225,0.004431043770262477
5.997405551935167,-72.05817619699157,17.90608158960968,0.001436025886474048,18.337771557904134,0.001166104238661419,18.1001895059752,0.0012825223538297716,17.786004034166595,0.0015137131475449648,17.662257435153272,0.002133094151115873
5.961283700950875,-72.05815413233971,20.633612548862597,0.0029042183723434426,21.42993559518296,0.005102662515046152,20.98891139706791,0.0029145018235239143,20.35984393300636,0.002267852400022397,20.000377422915037,0.0023246368967592508
6.133303550683616,-72.05813071806024,20.34724910406121,0.004494590038283079,21.09081236400847,0.006609315146306542,20.775236975815652,0.0047383487585897005,20.104392468130136,0.00398082967050739,19.76377746594803,0.004690701991487648
6.090347292444985,-72.05814763708054,21.24880711539257,0.010178695410117504,22.20423176411437,0.011707085035326827,21.76866554067947,0.006699663412303282,20.94472643465597,0.006662220874106302,20.393065479684118,0.006242057706895183
6.088313698231726,-72.0581538163857,18.29359977628133,0.002422204772369074,18.73046458893252,0.0018792556931816662,18.528280581814577,0.0018826101230097743,18.122254750750244,0.002243264228034346,18.002238246149304,0.00408306354381778
6.049641195185269,-72.05815305247788,19.295126531002065,0.0025974010568161504,19.876336795594852,0.0035555406689743553,19.57618286331303,0.002735752569099195,19.15710958306679,0.0019487907140328755,18.93501659325799,0.0034166262903333458
6.108569102224865,-72.05813390187689,20.677982552389818,0.01742191131790727,21.541347425029144,0.01960418092249769,21.135967093113614,0.019278362929096314,20.307430189192765,0.021248713178691758,20.002255209857246,0.020191804864574812
6.079132155001619,-72.05814545120651,18.891144376476337,0.003300704990099259,19.399169174229357,0.0024763771609916455,19.17464550381598,0.0026819763606456574,18.75578732085681,0.0029582622164487098,18.590058504562847,0.003236828449310635
6.072113395555548,-72.05813394368653,19.694125512225416,0.005010791277537616,20.343408497632524,0.006422874176718927,19.999628094055346,0.0052442122244718975,19.471622457953757,0.004430839008920459,19.2384416247941,0.008197765784455963
6.032225864684274,-72.05813222093235,20.380424826487268,0.007874086765217154,21.096234336576394,0.010869868078084098,20.73809910246596,0.006188691437161143,20.130147852979263,0.01179138040845317,19.824477434662306,0.016767415555607297
5.987523780877032,-72.05812378096687,20.301430444628725,0.004209686744312865,21.036965464724638,0.005425918787677081,20.640390130397243,0.0043427802020831905,20.077312167298416,0.0036822345016620825,19.729419974078418,0.0035135528107137657
6.093573556937691,-72.05810839859843,18.855460708704836,0.0016744128519043861,19.352107731361258,0.0014359662707365824,19.156411816889793,0.0014607270833728472,18.719328444875195,0.001747472566229325,18.567634702409116,0.002171680647975617
6.068255375154344,-72.0581180454112,19.768717411824955,0.003160171041012603,20.41631660072597,0.0037072796207969216,20.096690199283103,0.002509586226552063,19.579440213852834,0.0030089527962519243,19.301821162404167,0.005184220825883869
6.041323551798689,-72.05811905864164,19.963064506826246,0.014628821465605795,20.68156469095247,0.013876507820079964,20.342293918153878,0.016712492633318723,19.779561083507986,0.018362181211403258,19.49320312560421,0.027546832376948455
5.972657510069844,-72.05810513467917,18.7743120639549,0.0026412805579663235,19.229284944363187,0.00224105257769426,18.964348305294635,0.0022186621926201687,18.628676256526518,0.0019007614646554514,18.48120189787484,0.002409533820873102
6.061011916822577,-72.05809322990832,19.75372328086628,0.004527163050902094,20.40398230956781,0.004367188329498432,20.067699950048492,0.0039127893226477296,19.582132987453818,0.0038808059603672594,19.275582419266264,0.003935168055425608
6.060022266403354,-72.05810499041166,21.10619881885955,0.006340229189659738,22.070611492039582,0.011945394284110305,21.607933923633446,0.006530975090279947,20.78745685709265,0.005663602864549027,20.278023938375227,0.005242161886192112
5.986183605285503,-72.0580941511102,19.188190903343862,0.0018338348643749478,19.710653887123478,0.0017824108589887654,19.418863289049327,0.001611277590167189,19.019758630056856,0.0020611978121285006,18.832923259259744,0.00322841871244521
6.097512250686854,-72.05807989501304,19.66724356466843,0.005126774479143957,20.31437485844367,0.004539059729868613,19.97720009962503,0.0043778838441790495,19.426438648498063,0.005636378631055841,19.093030419426263,0.010974133049895331
6.086990551492605,-72.05807151991799,22.434389467241278,0.032706370704477496,23.4436284869275,0.05069912041206595,23.000767271045575,0.034457331726953165,21.922757836664076,0.018636894833775116,21.073244899283118,0.017712270937982905
5.974017760503459,-72.05806739435143,19.56714505250709,0.003166622014011,20.16751232926712,0.0033830913661471577,19.82347042232106,0.002442002469428282,19.388099272317874,0.0022837864992207215,19.164845912572616,0.002876758973524285
6.084795240402315,-72.05804952050225,21.744053139845274,0.024955660254977988,22.800309295833294,0.055933159894163496,22.270725462764666,0.03544791923558976,21.36150731132122,0.01989528321241994,20.700112033948294,0.01461426698695301
6.0646341041596195,-72.05804535553823,19.184311709514635,0.0031525052144758944,19.716279689586415,0.0030161512651287704,19.44028447289152,0.0028113413832117,19.04757886966601,0.0026193762042087017,18.84882192828912,0.002647011596038098
6.096547318675422,-72.05802793353946,19.090845283001375,0.002567187022857458,19.63552743027062,0.0017064287255461315,19.3551104836461,0.0017826933711734853,18.951162179508728,0.002617040658754854,18.769102383650747,0.003685413452700084
6.056366332512859,-72.05803750567567,19.472175659763263,0.0018585819317670689,20.086432809629045,0.0022928690100139397,19.771399158553848,0.0015891648450965376,19.31544578693792,0.002045597022267125,19.08133802026658,0.0022305465363220496
6.051307669574869,-72.05803444809445,20.58183977922666,0.0050883297875747155,21.34886784760183,0.006847370577393569,20.960619352540967,0.003924840290483639,20.334577072840396,0.004815932988351024,19.86642879087109,0.005747931193906582
6.096959085799232,-72.05801553066547,20.94858315675535,0.021129331457271673,21.708357184050435,0.017304939169419498,21.33188350295014,0.019389627981388567,20.649028876478738,0.01882653542925559,20.19385701268166,0.015741860543753133
6.093379058235752,-72.05801394485536,21.409933126435252,0.008989318557504318,22.313406750823802,0.015684148496125382,21.885571827949427,0.00798268993091281,21.078269995118873,0.006759049767671883,20.48783618017655,0.009195237684576961
6.089415739980295,-72.05800685266944,20.54535391600079,0.019739827861088487,21.252489109006447,0.014946152641224324,20.894837193045127,0.014012961784351524,20.272381931174564,0.016737641507992385,19.920549947686816,0.02280676883617246
6.050292862743425,-72.05802032295156,18.505577509721807,0.002169156139496838,18.986782528275988,0.0018330987943238415,18.787986150116133,0.0022085464813402155,18.393166944592025,0.0027214322978721867,18.217149696335376,0.003631509224738299
5.973061750478818,-72.05800997700528,20.241529236385443,0.0032453902014037924,20.972318733409942,0.00426510991792532,20.59130458986641,0.0024971136286927034,20.015657124472064,0.0030412998450884336,19.69118468384501,0.00365000393235318
5.993082510794492,-72.05800856544542,18.082851541560526,0.002570164700528624,18.508071882421795,0.0015029599788864447,18.282094103670524,0.002022849211147498,17.95837273881061,0.0028083908361828153,17.847888257049938,0.007173221724068389
6.106520174878971,-72.05797556137092,19.11642523179199,0.003636107508985426,19.662872555300638,0.002092761102986276,19.38671022792898,0.0028136972776203776,18.97443619996396,0.0038023477956075484,18.794439387023772,0.004740045926485989
6.101200381379794,-72.05797076609076,21.07439405287735,0.0416543943595179,21.99357652748425,0.03371957404849526,21.50374970290165,0.04225439730563731,20.63889316123518,0.028320343095287956,20.33750604590363,0.018610061655161023
6.0746492282237465,-72.05799295993961,21.077770070618154,0.0072555133275917436,21.968931943909155,0.01061573327716756,21.53818665637828,0.007398165546696613,20.78897437598871,0.0061921867492124956,20.29202731969046,0.006143331041121219
6.073708027777228,-72.05798072056298,18.13403420032886,0.0008626327000961832,18.577449546788763,0.0007489635886396303,18.334518773065092,0.0006251909485798905,18.01650938921709,0.0013454832769331287,17.891764891646147,0.00183060436850989
6.069029827052471,-72.05798054962433,19.980666996133113,0.003867018058412359,20.682774468361167,0.006015059349164544,20.318787734000004,0.004137881586920503,19.799197628366407,0.003806153653783595,19.466630030325753,0.0038838142949736403
6.052045303762933,-72.0579734174141,18.67352969583205,0.0022115040440914293,19.12937941902885,0.0018558719711223091,18.887089499083693,0.0018311123597180348,18.562666225217086,0.0025076808783795874,18.385556594833325,0.0036407371362808865
6.009941371841977,-72.05797148381514,20.76684528950003,0.005914055832376656,21.59317981288349,0.008414010912384673,21.177252355353993,0.0069221203340432864,20.472760990730293,0.005736764460506479,20.035497263805944,0.0073224511701345495
6.087413471131698,-72.05795780189378,21.47984322599181,0.014781045145638213,22.491149415185816,0.027610835994872428,21.9862790706662,0.014888355240382782,21.12740654369466,0.01153685863712894,20.536540869264257,0.018248753224210965
5.955887173271126,-72.05794646522037,20.647558169929926,0.004398105086882533,21.450125545090856,0.006369172803455373,21.030443343087747,0.004502250377145272,20.387548070430725,0.00408656670103492,19.985111374998247,0.005586760978755129
6.081255739539852,-72.0579357678575,21.03712792774898,0.014339428120790984,21.962499155119005,0.022545155581339908,21.501719372992333,0.016931626385391953,20.75868240926758,0.008128668412476375,20.235421423870285,0.008424646216470887
6.023955386146104,-72.05794547467387,19.732712000613805,0.005048749465191559,20.419365727442766,0.00452227948607093,20.08400388448053,0.0044790248281325554,19.579566187508647,0.005046520774802855,19.359403888279417,0.005172490017115639
5.991019188504845,-72.05795439931369,20.828097602982513,0.008828254009830734,21.681903736241324,0.0090540432381985,21.33730350607687,0.008879460591342309,20.550455253315427,0.008435358068950124,20.138005125332555,0.010914333857549299
5.971088699154173,-72.05794824272152,18.207916604710395,0.003454071576037621,18.63887981834302,0.001795486526311738,18.43527230302238,0.002687045061720802,18.08554887515168,0.002940011348620818,17.966933198476696,0.004872471540891778
6.105193205677103,-72.05792787579428,22.05580806526716,0.01195413178204558,23.131286965950395,0.024762378086222326,22.70162782862726,0.010832081298475058,21.678439115157566,0.00981746772038781,20.914766228898138,0.00824011853264138
6.09563354536086,-72.05792042719412,21.042610588683747,0.0044315656403573845,21.8946691899749,0.007817507723969965,21.477455636371936,0.004412355940151757,20.74127893700492,0.004132659307807467,20.267609137865257,0.004962616544647139
6.0309579721547175,-72.05792507182154,18.8053820962209,0.007368666888182024,19.266322851481533,0.006633871215647508,18.99039841577902,0.006913558493572838,18.671137287302656,0.004939051454907518,18.547288755470532,0.007546797509371786
6.018484931196222,-72.05791802292043,20.865137556646534,0.004625562054169421,21.702321376195428,0.007882155822309996,21.26339444578597,0.004489012240023101,20.588554604175414,0.00427941001517673,20.14151178916066,0.007721402614293723
5.980916222292308,-72.05791007337474,18.764124978317927,0.0018951006535591868,19.236418904176887,0.0015183084779000922,18.979203843161997,0.0017167230467850431,18.626743140941116,0.0018331052542290627,18.4932634682433,0.0025437729498554705
6.127633524807713,-72.05787657455777,20.354636119996616,0.0034705528116013603,21.062561180954958,0.004423645561902258,20.740916651504413,0.0033604648149230232,20.085788060639388,0.0025864379796085852,19.744871868891217,0.003320367977673131
6.097269911753269,-72.05789702443705,18.57172396619406,0.004925995490517453,19.04404312906682,0.002232526188921731,18.80982941643409,0.00352646389579402,18.447417721938066,0.006517927287511451,18.30534272868652,0.008148983994175662
6.016531477866701,-72.05790994049657,20.31541090404053,0.0028107514282241803,21.0572577482883,0.0036223539905267674,20.681139811094305,0.002469273056008598,20.07390041169966,0.0023167850077398934,19.742968189515956,0.003559534497730902
5.990519219445213,-72.0579013777373,19.78028020961707,0.005524579558460517,20.382140887675888,0.005389231814119001,20.076362778458808,0.005461549511215854,19.596039926708535,0.004475287319199132,19.355623404112627,0.006238308985728456
5.987228117042186,-72.05789945226229,18.402022163471155,0.0017433270106175772,18.85155359467013,0.0014928504452312776,18.594547534143622,0.0014739382295723765,18.274111011920894,0.0020174397774861074,18.145343336970427,0.0031646899202679266
6.064417548046608,-72.05789574653765,19.765329884911782,0.004942772202943468,20.383644027401296,0.004666330170405644,20.060536030257616,0.004218614409722337,19.60597225140652,0.00442308206446591,19.35068016975122,0.00487521922026747
6.002444116911883,-72.05787173799908,20.909955000155083,0.02341847078351208,21.73359709663184,0.02610058169929324,21.339159009701696,0.023645632523423492,20.57590290597301,0.021531675764137555,20.15669309066231,0.025983753906310546
5.985061963630848,-72.05787751024299,18.988533030743444,0.0018018219019732204,19.490914755393916,0.0014192865070157075,19.225974191401008,0.0014819894067298791,18.844520390205815,0.0020125884652666573,18.672379496573804,0.002759762752073073
5.97694118062958,-72.057882057964,19.227636724007215,0.0013319826820594196,19.74753366950285,0.0014506210311598987,19.45415426127586,0.0010476207003855486,19.061025829212035,0.0013356642748056204,18.880477589298053,0.0020076805538976165
5.961735761501788,-72.05787486291057,21.030867921044507,0.011259640696473065,21.853382555534736,0.018316400599858278,21.409305629562112,0.011900348057673796,20.691135891359025,0.009692713161859942,20.24515731997665,0.011283629958102425
6.13225171777445,-72.05783377964374,21.00707678254646,0.014077003075515696,21.87531695685182,0.01780357332017489,21.464860821714325,0.014192134842446132,20.699783893123353,0.011286384058275374,20.23149161966068,0.008121746983230125
6.0584297590312275,-72.05786102015863,19.976074113960447,0.005942164568032574,20.66649730434213,0.006273548835105791,20.378558695033924,0.006003701298268434,19.797878143300252,0.006091247078618492,19.47741980925646,0.007797844252974681
6.0157199265381225,-72.05786298109389,19.28825683485592,0.002899887251240282,19.868844641294018,0.0029359107317461076,19.567677018074335,0.0027330173460502166,19.113612916981836,0.0025300392085883757,18.89577330516883,0.004107168495121713
5.976459852491272,-72.05785060449344,21.976810560209667,0.01504290295447821,23.24157204482048,0.036049145457219434,22.668837682543817,0.01927653764008049,21.59054531021446,0.01172607637102044,20.867379583323718,0.01746573012466024
6.123331344617922,-72.05782213474251,21.48649794907764,0.005948959851981562,22.50986331355506,0.011500177111429666,22.033985477487448,0.005389151962014062,21.07209322325307,0.0038285387402399065,20.54992396133435,0.004222736966983655
6.0385941114872015,-72.0578535080683,18.446017032146028,0.0019016996695036396,18.91353070991385,0.001217659718463913,18.693836695941997,0.0015442680214441356,18.326377588878188,0.0017701575884046888,18.196399282680318,0.002232426603727318
6.02469738295156,-72.05784683856338,19.307854719926386,0.004302523112618235,19.900877538832766,0.0037436391149990042,19.592126348226245,0.003695863603929616,19.150006233836926,0.004402094525917658,18.949717473309143,0.0054335483338219664
6.007607602010667,-72.0578519734786,19.449103723496673,0.003531721477755679,20.063839758321713,0.003008416480477109,19.736990502956807,0.002720888193189795,19.284031631800033,0.002777702389238234,19.05370945796868,0.003192570117013934
6.128689352288299,-72.05780623868161,21.484324339921113,0.005300050278545619,22.51116018282393,0.011935811425206803,22.042283640597155,0.00546081322920741,21.151337297329505,0.0037916195574688276,20.53637840270757,0.0038582996492334634
6.105894055457598,-72.05781742145733,21.59530947444198,0.012249883477538337,22.647200275177568,0.0203583378019122,22.153347954738507,0.012509707938745262,21.251627780833708,0.008653990362160996,20.65438413054779,0.009654579648806305
6.024201231768131,-72.0578258158133,18.692957209405353,0.0030294173932756204,19.144758414802205,0.0026438627880489797,18.90433364633398,0.0023729275723344792,18.57102561701369,0.002489774690991034,18.43580432591559,0.004228850575513139
6.008489874345255,-72.05783289748676,20.162446451029457,0.002913897216649585,20.872711885148867,0.003591734881774922,20.494713554524708,0.002312187738087516,19.961236423227824,0.0022397550680990403,19.64374011467261,0.0030966086693337814
5.989035895561415,-72.05782273548927,20.91172024893216,0.004198238808943673,21.79418621568672,0.007133961531517145,21.35836621769787,0.0036608189325891436,20.607401965993944,0.0029964912606217546,20.129399464845335,0.004128013792877064
5.986245660279522,-72.05782304869298,19.941858457115845,0.006238374452025842,20.608229212267744,0.007173855521667166,20.248029418445064,0.006353723164764433,19.72836295516131,0.004810311805686372,19.451698276800464,0.004322103420991456
5.954975145485627,-72.0578086633673,20.894672346907146,0.008153498438412564,21.711814025294338,0.011746827624014106,21.345881662458368,0.008403534777294282,20.586686223961635,0.006990719515180472,20.14445349692619,0.012633187595386097
6.103457337569528,-72.05780235294907,22.313056313301065,0.023409004738366688,23.44215302790129,0.03159702280989489,22.88548858796193,0.021362081226404827,21.92612515890673,0.0271089280129822,21.25587910021963,0.026915515170564865
6.1016987638175015,-72.05779121020146,18.524392731640337,0.004149665569762663,18.96362012457852,0.0026636379583566995,18.74558630505141,0.003310617272785602,18.40267606066334,0.0038005816234491225,18.287523647557258,0.005432782785880619
6.073320550765496,-72.05781098604766,18.557789051052385,0.0013282149987115862,19.015199452253697,0.001334594313702876,18.774834477565406,0.0012829836252609807,18.435857158387286,0.0018086464927121516,18.298038259684823,0.0023438566211775296
6.0127409933297224,-72.05781077019397,18.66708284796106,0.0009492048749596358,19.13277961551959,0.0008197216996363736,18.882027801387977,0.0006142607406508708,18.54157516853796,0.001084142131818307,18.40461312196826,0.001836136712853018
6.00602160902919,-72.05780654870502,18.306054641672954,0.0020122873877114846,18.750161232536506,0.0013423110534581046,18.524941363040163,0.00184303141278003,18.193756548449244,0.0019796411827636496,18.053914131772153,0.003883775698941176
5.984361413922842,-72.05780964673401,20.18513013826222,0.003949142458727788,20.873845987223383,0.004435431131583183,20.507679140132133,0.003772656932726622,19.97341001576539,0.0036819033859420095,19.658990774867895,0.003524893287005117
5.98056183161483,-72.05780134802843,21.682248541356433,0.028803652493744808,22.819592117058313,0.05403626615374555,22.236246847503217,0.0372049921870152,21.346543868062604,0.022888437711471872,20.745305478164163,0.024261394921408903
6.056452826879344,-72.05779913141599,21.047112010424545,0.00764398268249987,22.004970752993486,0.01200929098937625,21.532293421290113,0.007711584807818383,20.757638115600514,0.005990347703448807,20.201281930914377,0.0057737546977519065
6.127082601931274,-72.05775369367143,20.82048468045789,0.003374561202701523,21.666761415629033,0.005484484559504183,21.256300582287444,0.0034006124635427124,20.56542364410167,0.002806699972980736,20.15983510017999,0.0031792898614983077
6.055974230965102,-72.05778697211983,20.40244742572312,0.0030857177409679168,21.195501884953067,0.0046588298673644855,20.838831992075576,0.003021241684800218,20.165672260593936,0.0027023478598110786,19.795629160120292,0.004196579936429218
6.015362215113259,-72.05778154105349,19.924710387722538,0.004175537465668942,20.602329059179738,0.005317207712657783,20.281286666237605,0.003844800466772225,19.71854967019464,0.0034457839684458196,19.40577264632895,0.003988832834798567
6.089875378586099,-72.0577538054777,21.724895103022863,0.01866213770665534,22.83912032537279,0.025919437134797593,22.291893030548408,0.0166758753124035,21.356330971285466,0.012469975537119978,20.755416540601367,0.014471491654386666
6.028875973865324,-72.0577741216379,19.42354477176662,0.009150949826115702,20.213353026864603,0.005907289585279764,19.875894664650993,0.007583427071816229,19.374261948757187,0.0118770681142286,19.219574443361765,0.023511454923855517
6.013754326294826,-72.05777477986922,19.617452798876823,0.002277651607195223,20.237048061620904,0.002710247291774714,19.96101306399759,0.0024643526964782405,19.44392227885811,0.002040353893906856,19.208890436142838,0.002887774819278479
6.004612300860923,-72.05777583276746,20.92754568650496,0.004494481878898079,21.76862456421351,0.01037098302551308,21.370416908209585,0.005674453762255833,20.630520318194094,0.003318803356610943,20.145080368332913,0.0029464850008320046
6.133213963520037,-72.05772804271024,19.9368696418919,0.002859661095076897,20.62475355061313,0.0038718376066657375,20.296220397945767,0.002971239610520425,19.745847192780694,0.0021457047297149872,19.496315199344636,0.00286163440623874
6.098329430848626,-72.0577421619276,20.02856412961194,0.0091782736429182,20.709431466313063,0.012623451119549552,20.35336268338763,0.010657804799328194,19.852674339162846,0.010713345482178876,19.557502269966804,0.01812812234226173
6.032634123616606,-72.05775664146637,20.235178316346396,0.00928487161726116,20.917732706674983,0.014136503075268035,20.565717231271847,0.011042248470584461,20.006248951215653,0.007897459760536265,19.672420591473987,0.011648902151730119
6.01788437063132,-72.05774796392316,19.623922605734283,0.005287277367384535,20.304628507028077,0.005172788020749768,19.962905526379544,0.0037736583602149616,19.48152795789298,0.004658875020342698,19.205548112428353,0.007638860207728399
6.017527578195809,-72.05773423048531,20.880776559356395,0.0040463536993110534,21.688135089950094,0.007177776573537051,21.301645939926452,0.00587426478925543,20.55401195599675,0.004446751418989216,20.117149735215683,0.006033846903365815
5.991856227710439,-72.05773754435452,20.187943673763396,0.0027930101613627667,20.901479930905964,0.0039134037270010715,20.538141093299195,0.0018156898662034233,19.983135594887003,0.002601054404871362,19.682844944813006,0.005262776830186284
6.091997129797444,-72.05772558355372,18.937137019299687,0.0009591435487900682,19.443117615949873,0.0011740741743849034,19.24559461798789,0.000897121292915934,18.78989860800833,0.0013198518668321557,18.63000348959133,0.0018253861171443808
6.019999062688474,-72.05772297980945,18.178874503320618,0.0022969185406285235,18.617948107066603,0.0020730097254008668,18.393529394394157,0.0022661253311265024,18.057666177112303,0.002263644011112501,17.920819958963634,0.0033847226719954057
5.9718074991559,-72.05771195058927,20.425270046754537,0.005397047654484484,21.191519096706052,0.0077558346758916695,20.814756437103412,0.005890692122555202,20.189215410391654,0.004708813640483919,19.856131987963686,0.004898809208108773
6.099264879470296,-72.05769443429091,17.948291914812298,0.003975530461078941,18.402834343806816,0.002557256424529245,18.18717352500083,0.0032594024056411567,17.846046462536854,0.00370803459441442,17.723575035599573,0.0041185231270939255
6.065106828641422,-72.05770473382175,18.88991458920467,0.0014437373645571825,19.39454005726183,0.0013544306488906714,19.132175580365534,0.001051049010353509,18.766816589381406,0.001316109050194666,18.580030730840456,0.0017227485323719298
5.990924142658977,-72.05771504473265,18.920160303713278,0.0021588063016453425,19.394405353290963,0.001809063038133807,19.181105223252317,0.0019402579839046064,18.771873401238025,0.0019024850831453892,18.626432264491896,0.00291021171944502
6.08934998456977,-72.05769201582508,21.791325873057307,0.017424218166563997,22.816689141190764,0.028547905391519534,22.30270634970082,0.01342675703323932,21.386897147097905,0.012564877282411483,20.74630913540546,0.02177609047335291
6.001905143832164,-72.05770550553743,20.31647188068398,0.00880375558660528,21.043051864534412,0.010415010719215821,20.671924546203932,0.007816459927669725,20.07511668221361,0.010943122456216292,19.666240208608976,0.015804945980820065
6.115549142120643,-72.05766764339388,19.84485014555901,0.003155189402224315,20.470790180897993,0.004224270291792708,20.15782568779101,0.003394121392833779,19.67298043898461,0.0028005486215424468,19.428476058396747,0.0031980601697398268
6.078852928411342,-72.05767917575926,20.012515296597673,0.004572640953475362,20.690886332786462,0.0049219798422418665,20.33914146739398,0.0045059509250624736,19.823615178822102,0.003506344725354189,19.54706159262293,0.00310703438690836
6.036767396745524,-72.05769112268774,19.22124937130476,0.0036218721326466714,19.786916676288158,0.0037569434272645007,19.492140842680456,0.0035898127498606843,19.077733127910996,0.004020159759893194,18.867199030706445,0.00570845921506881
6.0119313485425785,-72.05767882042443,21.829832937104843,0.027844982976340072,22.832502019116788,0.049256431823177765,22.31639415465296,0.03509376953547244,21.43971259147243,0.018286929973713232,20.63988785808438,0.017061682243690524
6.0703083498536055,-72.0576655020478,18.664256831159175,0.0022818014088536506,19.16152252275922,0.0018783390068905883,18.90566213554783,0.0016715132758836036,18.550126342271327,0.001919877401856381,18.38755137935032,0.0024783065781684133
6.02409477764892,-72.05767359027841,19.407128910032004,0.011924986600261828,19.981097662757826,0.010704908846108885,19.708434526769516,0.012055443969870067,19.24163777691608,0.011785650866655076,19.02185540224864,0.01898360215771862
6.015951119300239,-72.05766974648812,17.84875372884868,0.0020465788655891614,18.2855168972972,0.0017856839961896917,18.10736627884569,0.0023253296479707314,17.730094044514118,0.002099191717243012,17.625542505736355,0.0025442563786616666
5.957611848789766,-72.05766234360624,19.365030526306608,0.004564997812650918,19.93354562720352,0.004158717344211711,19.6524863421224,0.004179895309881138,19.207749503518983,0.004730884342273504,19.01773382941571,0.004962470745958091
6.091042898916354,-72.05765425493966,18.993033250045887,0.0021073318541169903,19.499092147091865,0.0017482994357309635,19.272357833104117,0.0017368298244307045,18.854134087970316,0.0022837528297990767,18.689142598475968,0.003718292018325942
6.07848066233252,-72.05765939505771,20.869824799999154,0.012909905961039149,21.453794054932835,0.01514254075687231,21.29035006863007,0.01459690482648516,20.578897095959015,0.007526425618313477,20.139351640843138,0.005818365394101395
6.025927606771412,-72.05766523613784,17.886699685277083,0.002409074587894815,18.324903623453565,0.00193251553645427,18.128822838875912,0.0020082206587057963,17.76933071809424,0.0023715834466491725,17.635014666301537,0.0037091274676672586
6.065670808169083,-72.05764791181169,19.352370673852054,0.0018816476654033023,19.916664728460745,0.0018614324191549149,19.643864058679718,0.0018620407367488244,19.19621894265299,0.0018845307845754592,18.958393572385077,0.0028291180305377466
6.056429249221156,-72.05763623675064,20.117796331157013,0.0033829163060284198,20.791602729481944,0.004112290179261323,20.45255501186356,0.00333379253139981,19.928081261035445,0.0030128641766210764,19.61260365806602,0.004545012711786861
5.999791476451196,-72.05764945616723,18.45392929688882,0.003018423352076637,18.904281100419418,0.002008072075324478,18.662146924898146,0.0022509981098018934,18.318615010888976,0.002427805989659393,18.19323103479047,0.0038967356924615704
6.0744247180508655,-72.0576339349956,18.533279729089447,0.001699132338438325,18.98699550612939,0.0018015456711001274,18.741726055590284,0.001757637397113109,18.416623377529127,0.0018485255880607893,18.273235410254635,0.002445736688804923
6.071527108933155,-72.05762559639716,18.80702104091984,0.0020545578440512727,19.32239336924451,0.0017554649382483145,19.04985012442888,0.0017584061279835126,18.67395625762869,0.00204625631733069,18.479852162233264,0.0024226005552939957
6.00956592985018,-72.05763597279217,21.948376871350444,0.03210729413732527,23.076948192052562,0.05335267993531513,22.52070696287805,0.0401835603176512,21.52467554738653,0.024767332440373806,20.882988620420868,0.016391205270116106
6.007014097372426,-72.05763537086541,19.760625453231672,0.005579126802267285,20.395144495791328,0.005732750802079413,20.117016624094994,0.005602611831666787,19.57097770395886,0.004594108878816394,19.316483544276608,0.005794994417225321
6.094533476656722,-72.05760001214671,19.84830701029426,0.005068734421624034,20.515756803034833,0.007257670575498044,20.17057143946719,0.0055398489787508625,19.657599549287063,0.0046740714719872185,19.36253266128798,0.00903461170089105
6.062374939964946,-72.05761455217761,18.86069463803619,0.0018094711207536365,19.348436280152903,0.001660134597210129,19.112153407225072,0.002295472971794121,18.72999018786912,0.0025743724434524264,18.57452701941903,0.003717020310001772
6.051729968309003,-72.05761674060109,19.632704940102197,0.003868709675950389,20.23175128537485,0.0044065743387391885,19.923485034040176,0.003521034743081044,19.468947016616504,0.003445714792864661,19.23146896454722,0.003215357338926663
6.008556279626821,-72.05761144379578,21.90819502181927,0.01154572368860884,23.11185359753879,0.029707395895114362,22.52912204737615,0.014262021158545605,21.542262807982638,0.008582963982693988,20.846828704294794,0.006830653330400259
6.053470979367324,-72.05760486441943,19.342964097587316,0.002510357126383656,19.932420057348168,0.0020634489091822684,19.6172915288151,0.002024699950933152,19.202035291107883,0.003205061589520473,18.978409708475546,0.004404272853870784
6.0312355008107135,-72.05761224729942,18.48005811797079,0.003130269756484856,18.91381872544808,0.0019277955416084523,18.676236860064435,0.002049526420793151,18.356581071120885,0.002812078052194258,18.233066840164703,0.004877119963664936
6.02770650231365,-72.05760895032036,20.25696830964093,0.007406728261876206,21.01540103682852,0.007407775663595742,20.611282303563172,0.009284103937156979,20.040113537455582,0.008809791319968974,19.694988413702312,0.016520553178206433
5.995428862422503,-72.0575909536438,21.687241326830506,0.01281993976297739,22.747550135040797,0.023961473216227533,22.238887405174637,0.015613112697135504,21.273368780234208,0.009082558547802017,20.66417018823141,0.0070067363516048585
5.979602579043104,-72.05760224641975,19.177322524457995,0.003490817027492618,19.722173080350686,0.0029049583213888956,19.510447706128055,0.0030256944840693157,19.006162601663867,0.0036126786389973705,18.802732545757806,0.00706906474379592
6.113737522974527,-72.05756595955187,18.1722468567983,0.0008014322314943912,18.622894557777855,0.0007138236817467647,18.39894727893065,0.0005965909775274228,18.060195379271384,0.0008204384344306855,17.938685454296355,0.0015991019241936154
6.073276791203631,-72.05757580066634,21.980283124224034,0.01108410651621649,23.068116795660373,0.022462843270653562,22.614445958081618,0.012439603413079866,21.56449397157575,0.007431688726662606,20.855018236351086,0.006404326678261274
6.068178435769526,-72.0575789905457,20.80502789742854,0.005131971358741381,21.658234049965102,0.008027835090352214,21.23069178917985,0.004424437318129802,20.526146964205267,0.005542019434844859,20.049476047376196,0.007515925679688814
6.005992004644656,-72.05759055549882,21.419731016369187,0.0268060837496827,22.287034676014855,0.03215339068959796,21.913941456261874,0.026260882776930238,21.043992455093885,0.021886684346845486,20.46620497838517,0.03364469118731094
6.087355851503345,-72.0575702396324,18.93207009516595,0.0060501510459841775,19.437810371564126,0.007268844378575276,19.228446651831817,0.007303899948160146,18.785228306151886,0.005265525126118445,18.608015537477407,0.004587871517812698
6.072260674644844,-72.05757351257583,19.422047345954883,0.0033168217312166555,19.971176630178377,0.0028606239375179314,19.670307921479754,0.0026496296501382576,19.271169012482495,0.003137877990718227,19.04647888118405,0.0034192926143442113
6.068805100751046,-72.05756588567517,20.26491950243567,0.003071228330268082,21.00012667992737,0.004267960826174308,20.62232460449429,0.002957763892154399,20.04350063110661,0.002803602178888065,19.69308257782565,0.0038144159523277633
6.059719649807394,-72.05756708506055,19.119001279020114,0.007477200390523202,19.69487609750434,0.006064737353896007,19.39071605775173,0.006135388506345457,18.949463095212124,0.008034178731853437,18.757717572413526,0.010037476096507143
5.991245996799677,-72.05756764220115,19.915204673613882,0.004318788419588015,20.596688252809855,0.003934570935034832,20.243509391740325,0.0031545629141248484,19.73135700152347,0.00413242548128336,19.44622770440788,0.0060754023402443775
6.069281134498331,-72.05754981008415,21.85788409853006,0.01508863966697265,22.970284380542758,0.02669719019361054,22.42882166632284,0.016793243079204725,21.48312880738795,0.011895186608856231,20.754737744397495,0.010879833883924632
6.037026678458481,-72.05754026622836,19.60941678059527,0.007124745415743405,20.22228645703077,0.0073117581527412465,19.910304631658278,0.0065551584243622825,19.43720182310048,0.007111043976235111,19.19676756767401,0.011655383184298481
6.005125398294526,-72.05754419338784,18.84558558868557,0.0028080473624217906,19.32187183384486,0.0025934847045521203,19.05833515843961,0.0023830751336329768,18.707265694775025,0.003973844745430159,18.521590833222987,0.005741556918368813
5.989944318816964,-72.0575380376199,18.824931216584236,0.0036406360335822876,19.33486458940748,0.0021743871274785016,19.065175713860206,0.002864381352025273,18.688757014307654,0.0029307301285728246,18.542709118666004,0.0036675242945822073
6.112641950601682,-72.05750997988748,19.578324335543986,0.0018126406052748167,20.143782997130785,0.001900985870570493,19.91720840592202,0.0014513835698000523,19.398875713718553,0.0017536975713669258,19.16673958983803,0.0024975607178732615
6.0497631574940165,-72.05753043361419,21.063956653071823,0.03397736122669937,21.965993232358407,0.024297834450062127,21.48404594301011,0.02687643189542268,20.70024295339652,0.02561090787666769,20.17599715444546,0.022380604583815498
5.993228693156144,-72.0575312667735,18.592992348958294,0.0013319620394805275,19.02786880857809,0.0007950660168933155,18.7748112594153,0.0005679808097637685,18.462552401270962,0.0019452219489495743,18.311319681222784,0.008033411101431227
6.0925122924890935,-72.05751590728916,19.706128754313763,0.00211730672951637,20.346392729787595,0.0024482013277140812,20.02552144192549,0.0014608402109957297,19.502086684295172,0.0019990231980201315,19.257420581915596,0.0024881654913875445
6.03058855308335,-72.05751202839764,20.92162321345391,0.020699738991169635,21.860739424630125,0.018481550917518956,21.424581652433865,0.01747345210220032,20.604604005355135,0.021083067265516852,20.136377261143657,0.02459406655780675
6.020274709862354,-72.05752261155801,19.37544114079036,0.002600147065433973,19.913237323375164,0.0024311103651402715,19.630693152057717,0.002238762404777559,19.218500835975718,0.002347646922576213,19.03504153092978,0.0029582085947822403
6.015140488642636,-72.05752444559586,18.439214459756418,0.0016623211346166716,18.886640494613083,0.0011219791192600363,18.649152106894064,0.0012249116967438481,18.314948958334057,0.0017749037479200674,18.19248859942109,0.002595794552774903
5.96794339989841,-72.05751462587818,20.651387188315628,0.003926335092889898,21.465037945324937,0.005683835171768919,21.040482773210243,0.0036559697162623955,20.373952254845193,0.003198433878133206,19.975907707382184,0.004982928400327107
6.115253256090657,-72.05749425282514,20.072402342744294,0.0032692636837647732,20.757391754441826,0.004055961708681442,20.411809933192494,0.0030333516504137117,19.852608536145212,0.0028620262236818007,19.547166273420224,0.0036574242898463577
6.1082457387688756,-72.05749287618927,22.12308428679602,0.01907006937744727,23.440342064755313,0.04880949525303546,22.9321637203562,0.024744010202504402,21.854337591196682,0.01788986813689531,21.01126157499632,0.02600384691196082
6.063450909971286,-72.0575040022898,20.160677266782475,0.004245201267468151,20.88532835361285,0.004733754636661902,20.517083481239922,0.0031224129763399344,19.960337266089937,0.0036317017222212197,19.615489547917257,0.004652155734666892
6.060618871035784,-72.05751237594244,19.21218768930316,0.003783714080156221,19.778146999981317,0.0044506594906766565,19.468552031115372,0.004094742897447109,19.063629661255064,0.003322320295393709,18.862975644334433,0.004445444058849957
6.041101530397918,-72.05749883509269,17.92769357629611,0.0012720820083844866,18.340550289751825,0.0015435347447615682,18.169231079896925,0.001446387767146276,17.814932714519564,0.0015169502298235057,17.688389945656716,0.00223350994549519
6.026389834561847,-72.05750628914055,18.744407896063752,0.0031641061549463867,19.231421456840955,0.002652163685639963,18.986940995691903,0.002708998895464925,18.618028245874825,0.0027494788986533974,18.476398266032703,0.004139900415466504
5.9610274857371985,-72.05748364746488,20.67713661634171,0.004292663123551841,21.488458558814962,0.005696571479932497,21.079311979198316,0.0035096806209279807,20.391346342877725,0.003285076834375549,20.01885876813813,0.003847725930578953
6.09512905611515,-72.05747070280762,20.15651383542014,0.003210983884345644,20.877139272882637,0.0054933213981745695,20.516263754109026,0.0031871245142489745,19.959000925540153,0.0033508263043639823,19.659893647255494,0.003056113376662903
6.087031180669653,-72.0574665825081,18.749684458522854,0.003674416937404584,19.231370664908553,0.0041613462990675535,19.02413547048686,0.004233962949536614,18.61268570515501,0.003353789255123863,18.475134397526766,0.004300603933661103
6.016692858812519,-72.05747257507129,20.53344837271138,0.009447073796383397,21.272712546738155,0.010077633293211489,20.882198568985302,0.008501175100839782,20.27785509815419,0.008199811452968102,19.904477984318092,0.010711191732754302
6.07091632651957,-72.05745538216442,21.390146522906743,0.008133200648771505,22.431047138412765,0.014136125083587964,21.91218322703292,0.008922415111685083,21.06364181485648,0.005908074187607369,20.471809473536588,0.005009857255163702
6.049263905048573,-72.05745792033987,18.545370777031625,0.004211389852907188,19.051757909165225,0.0041998784317680655,18.784868260560323,0.004038596599979784,18.480658308244713,0.0040816950589218,18.25916955290421,0.0045504365633022405
5.980561756838191,-72.0574595039812,21.198636092362097,0.006977461488176482,22.18448417759113,0.011819296202460161,21.702966198843946,0.006866031141270263,20.862923988878748,0.005561705230183462,20.345786887183237,0.006379269976858217
6.081076597950415,-72.05743994092923,18.51493178708694,0.003238714698654406,18.964640530327898,0.0031655174320478646,18.73112015686909,0.0031223949007092217,18.403605420491836,0.0029823672432529374,18.27181891751608,0.003714406433539241
6.076191201342313,-72.05745086919804,20.102053014372583,0.004450332306873895,20.845129965590786,0.006841231614100255,20.470104723200777,0.004675730496928005,19.90928308045053,0.004151001074897919,19.573116037527306,0.003381706573182221
6.038216909748131,-72.05744406916246,19.570032114594827,0.002719492091341974,20.169339630457657,0.0023789763525158634,19.85446271960901,0.0018545885663237053,19.396754760201652,0.0020878614304519955,19.175466149756737,0.002762626368893309
6.036276743017985,-72.05745201769359,20.621961599918972,0.006458896067217587,21.390915434914646,0.009157198424700499,21.0007473616296,0.006760241738118827,20.353803786279173,0.006498739710071355,19.950445178433583,0.0092511671429811
6.035702672552483,-72.05744401644819,18.629245546784357,0.0015418379696428893,19.112883489742586,0.0012697217047623463,18.86023442013613,0.0011934682897609939,18.506845034382664,0.0015943777250747861,18.360953979225506,0.0024423325416119235
6.021358458745131,-72.05745026770622,19.347633866324774,0.002563736453376471,19.929686558656044,0.002036855470091157,19.626568961767994,0.002332331905835691,19.19141779159304,0.0026080226738549846,18.96624382525509,0.0029259415431983527
6.027145431831707,-72.05744115541589,18.70494106585303,0.0018911035104895843,19.229872668890174,0.0016822435912047225,18.94822601859851,0.0015931511596439802,18.592296146230098,0.0018767518002420212,18.412465717494534,0.002825283529650566
6.0083395120961605,-72.0574402796856,20.60973873568957,0.00740347703583938,21.37293823769059,0.008378866290131206,20.933655749355495,0.006685541854093735,20.335876065090375,0.006134382608914787,19.92139830791691,0.007998226102550212
6.020721449753594,-72.05742251208694,21.081785599555122,0.017185662601639617,21.931742921473962,0.01806396925106605,21.51813473564183,0.01649461084473168,20.775067854072717,0.013387324856685813,20.28821716925227,0.02086155904923463
5.984950131278402,-72.05741490091047,21.198924854002886,0.02038529781863019,22.138366909058938,0.03759684457154946,21.69013958604959,0.028426054470810362,20.8661526485144,0.018795463950566246,20.41668194069498,0.017782802586122824
5.983653384449324,-72.05741537204362,18.38440260847028,0.0013839439127305952,18.82124239445148,0.0009231999716012716,18.562023001967106,0.0010726590728617458,18.238528465054934,0.0016298508959390824,18.114609246880036,0.0026945330594313694
6.05834931170712,-72.0574134733491,18.03991687881263,0.005281672448172451,18.468877754713702,0.0038242683958714663,18.238321600053233,0.004697099362795121,17.9312143099815,0.005911080839990854,17.806936126987388,0.006117063358503541
6.034184683226235,-72.05740969221884,17.974525260309537,0.0017096364480606108,18.414161682408995,0.0011533673967736558,18.17496682148272,0.0012156823601557148,17.86012414050277,0.0017370051826640625,17.749116207917503,0.002098560752821883
6.012615504615579,-72.05741344035742,18.139905214120585,0.0007313632360855582,18.59512202161755,0.0006739702930169738,18.33380203524853,0.00045296213308843795,18.007407432990753,0.0007759989206059271,17.874625464388664,0.0015621756095584795
6.085036506217781,-72.05737956882099,19.611681561479134,0.006135205422558501,20.230988741117486,0.005790357177033763,19.91454141137931,0.006014815174705089,19.446979840872217,0.0063858319746337095,19.175119054015532,0.006572675660844172
6.061566346521537,-72.05739918993325,19.03763162405625,0.005391894425543473,19.557107896200776,0.004335515543470169,19.291353038634846,0.004857816165691202,18.892475624082678,0.005202849620382938,18.712167138756136,0.007862392042150794
5.972075130446939,-72.05738111115129,18.51683469780932,0.005795793270221116,18.981131381299548,0.0033254185494245754,18.805195522767086,0.004490295956704968,18.39357997094192,0.004408557463369159,18.271526039129164,0.006545573014369703
5.956968808285934,-72.05738344899011,18.954772377665517,0.0048244043452958935,19.46753936100378,0.0040355092814003245,19.17575613115143,0.004147662191977713,18.796529618442534,0.004787176494609767,18.64648323988507,0.008719188238491838
6.113211661755279,-72.05735811061082,21.45045765525784,0.007890136646297362,22.450029668546776,0.01529830728124802,21.98423421155035,0.008468099818025644,21.0675967694745,0.006173084053088149,20.518461708207347,0.007937315134553823
6.108549662893747,-72.0573594244361,18.582242757629334,0.0015264368324699631,19.06265499331633,0.0012240941771662836,18.828974726756314,0.001131674499802459,18.459033770440293,0.0017594509480460606,18.31724803721739,0.002402576876056836
6.0896151685490905,-72.05736420185801,19.51349224989092,0.0016189200345701916,20.139186098974065,0.0022510659191745915,19.867857154705426,0.0016808412715167537,19.358262874674132,0.002108995503781551,19.09058327593968,0.003190422058873825
6.056167035206821,-72.05737779502913,19.84690235329359,0.004855686823813402,20.565140908834742,0.004664541228261707,20.208536039562972,0.004484182237165194,19.710321065747593,0.0051887287148884445,19.35367252607454,0.006509837772361039
6.017353820922998,-72.05738855120234,21.267534817116303,0.007647545587495815,22.241829772156805,0.012513864586206085,21.779001370302176,0.0064296768708197475,20.947150539059535,0.006439701848366286,20.364578721843593,0.006864094038449237
5.979076394508191,-72.05737039670522,18.858119885777644,0.0020937386930836312,19.37204024909044,0.002398597508930986,19.079116869599318,0.0019939398247092086,18.718663889628523,0.0022430764108543615,18.562612711566146,0.0030605026280123844
5.9652746338199405,-72.05736540550856,20.699466320875953,0.005376651232001742,21.5198122479486,0.008824512528985367,21.11073296766665,0.0069600989544212006,20.42036929123372,0.004664224125825834,19.994676027639677,0.005944420374024926
5.963564922181651,-72.05736564447501,20.042906083572976,0.0024738068132599505,20.703828532482632,0.0037944427995761244,20.34031575184445,0.002692304375367278,19.807084522049863,0.002303438798705795,19.521165090639435,0.002765019030171126
6.082126420455558,-72.05736209196469,19.84585341181472,0.011595738254614919,20.4819245878697,0.013174486386148723,20.15653292798003,0.011626916433614515,19.66877373828808,0.011008438313599645,19.343129625383455,0.015778393746962188
6.075686033516036,-72.0573624373351,17.895487239420422,0.002739571284348737,18.333842138016138,0.001986543743372074,18.100964432231386,0.0022722432393916395,17.781063856561808,0.0022130872016229227,17.659379862667734,0.0031472594578902334
6.0533291639729,-72.05736254803672,18.95411585557415,0.004441742508868128,19.420703039206145,0.003237233840011717,19.168078731541314,0.004087669721067986,18.825890311398396,0.003964808681931434,18.616616299229882,0.0051055687752828
6.026494374954036,-72.05735860098959,18.931274248080232,0.002875448158402362,19.421003568909114,0.0024940856572761186,19.16722102332151,0.002504185192212686,18.80065708692701,0.002761391193143843,18.646856487533682,0.003842086940007816
6.016847873399762,-72.05734589715257,20.275529425595874,0.005385732715234735,20.9772856142531,0.0077509357378629205,20.602178366611533,0.007060956881421906,20.045343873183334,0.005777505980766384,19.676327518951553,0.008045965076549646
6.016344236932474,-72.05734552675709,18.16687508457888,0.0016885436526509002,18.61198273791529,0.0013830013567379933,18.370510483479215,0.0015439768378215748,18.04888146446133,0.001783199795448938,17.929013864935776,0.0023374911960760895
5.985392658976492,-72.05735262223575,18.548324719298893,0.008911012415185098,19.024161386335976,0.005668982628663676,18.81018355828762,0.009479419027409794,18.42153268333616,0.0057502400011046435,18.25267102874887,0.011643776940676967
6.0777044848769215,-72.05733496955312,19.159091971614114,0.0023540150540158353,19.689902256330868,0.0022557050205029476,19.414077498907538,0.001976447367924708,19.020050477339893,0.0020529810122905225,18.811941575419908,0.004022707363555862
6.0349966355993825,-72.05733876198984,18.795696346447276,0.0012732773605788564,19.290899849407644,0.0012544726476512546,19.020305029533738,0.0011378912068877426,18.65559638017171,0.0016520373633187302,18.50048168987297,0.0018314000905148837
6.1169813596613745,-72.0573108239458,19.79777792673978,0.003364373097005829,20.45914353352071,0.003877543338140059,20.12692355519554,0.003147437524321825,19.612801320653602,0.0026813426262862856,19.33338747530359,0.003134137755263629
6.074060269734059,-72.05732622310629,18.821116811462755,0.002724405868398177,19.32372815931747,0.0018556502951040349,19.109022127919395,0.0021759925017319393,18.697553969466533,0.0021540484401566234,18.530106015700618,0.002466399214653966
6.073627120395874,-72.05732807674785,19.296355640778817,0.001395041639390377,19.843237214783443,0.0017040591369902448,19.575146739283767,0.001258695829759478,19.13910319649218,0.0016866746232829185,18.91812184029604,0.0024155893202793452
6.004156567222165,-72.05731610091603,21.835529080389644,0.016508017477088292,22.93402476323309,0.03003511905210758,22.399066844281144,0.016678931871387373,21.454923944358093,0.01011023920639287,20.80141103574008,0.007121606279993975
6.1177068485053345,-72.05727156059494,21.496257590611823,0.01533391267457658,22.36914082267895,0.037765317570839105,21.98245226509794,0.024339917434650093,21.03039752440951,0.01192719430304976,20.52149838677267,0.008997071850477899
6.084364724253224,-72.05728401233078,20.602194426257864,0.015064754281769302,21.417816232369454,0.011874066660748214,21.012405950853513,0.013918571374093995,20.347838803438897,0.011655231393167063,19.90756672200137,0.00966735449026361
6.0692968058075625,-72.05728831952952,17.78830176762239,0.0027675668903649163,18.228009367737975,0.0014140854053412903,17.99704261317843,0.001468718618453045,17.66811277199195,0.0023450768122666153,17.554940531171226,0.0024718337570615997
6.068704278052405,-72.05729572043579,20.898152344156838,0.010409022784681024,21.73749846100702,0.017864910197762957,21.30831169690277,0.012367644124835273,20.634766348408192,0.008613843390970865,20.16082951228708,0.010758446082645244
6.03810977875585,-72.05729705195648,19.485219893612747,0.0034755957343430774,20.096978542796506,0.0029835649826835025,19.77250587026002,0.0030313237278099736,19.313717442761956,0.0028891075295559092,19.107510629673236,0.003783601654959997
6.011906287763115,-72.05729206125969,21.459126397252245,0.013151717792527265,22.43318936429076,0.021604269560936293,21.97666178360774,0.014296813440392851,21.113744219053658,0.01069615729965175,20.5187173967754,0.012303148637798918
6.006753835335326,-72.05729816962162,18.13773033989394,0.0008960740975791501,18.57242084936439,0.0007523757757755625,18.33711563761097,0.0007000166073440799,18.004288149757123,0.0010736922454835376,17.888905576850263,0.0016000664129515113
5.95606925508105,-72.05728071865911,21.803844455521766,0.00792760367893563,22.838801014194168,0.01869903735562109,22.361456851768487,0.009124663114537855,21.387052256302063,0.006125970930148901,20.76076967443519,0.00448905650709532
6.050833189560011,-72.05727994090812,19.04472697575945,0.004054045964575296,19.549720873085803,0.0018510708026250385,19.282075127600983,0.002418578990618044,18.89277084608905,0.004627234764406786,18.690885326502553,0.004746828316377134
6.020517923818438,-72.05727859125838,17.872767209797264,0.0007112632292096012,18.305735635666863,0.000526815227134601,18.063992245913127,0.0005566530032179402,17.747852911497205,0.0008603591868518221,17.63528763862316,0.001732214462649721
5.987906786437762,-72.05728442022901,19.14610042494549,0.004390195074943829,19.682104803395944,0.004597709004360618,19.45247676909174,0.0051045340768307735,18.986790528127308,0.0037450901917792934,18.79083506602114,0.003856118049873992
6.1135016971488625,-72.05724964059574,19.550224401999717,0.0035897586125398116,20.178051633508858,0.003446492199700125,19.855013758707436,0.0027132954768142705,19.3679646659644,0.003170495552445607,19.123118036820877,0.004616559533790102
5.991837431970017,-72.0572609454719,21.44606936078529,0.016358752406845943,22.37601191982578,0.03437955766865264,21.924488320282094,0.019590361396961704,21.10805837128352,0.015777636233722175,20.539340127701607,0.01131002600316227
6.1235241581473465,-72.05722752473558,22.353390136042425,0.014839712142123937,23.584965714548147,0.03885320422167335,22.928277793572313,0.021282608980766143,21.98290313557346,0.011614957323994547,21.17693498122793,0.011894178980849629
6.0214055133316045,-72.0572546446274,20.956907336493327,0.006864839885845988,21.849648516353284,0.010783205011870066,21.424699634467004,0.007229708024619176,20.677448155351165,0.00568027918221465,20.20526756522102,0.004834601041993701
6.000657322295349,-72.05725576850153,17.84943856519863,0.0008070672385702696,18.28284318951902,0.0005433384903168294,18.040095588555282,0.000619268716067905,17.72485373302068,0.001137460504272996,17.614916014754833,0.0016898651532990714
5.965113208724981,-72.05723639113957,20.758358005417247,0.0067247651318656804,21.653536568794607,0.0110965447158409,21.188635232047062,0.00675875267066548,20.516636404398923,0.005564986331144034,20.060060284617627,0.008361384271754072
6.02726950182554,-72.05723167035036,21.001881784655506,0.00934066620352654,21.886119073092836,0.011021274185109039,21.462439388695792,0.00906831831720543,20.710534976731424,0.008935417060731945,20.22127528348893,0.008319773213138634
6.024685430332175,-72.057224035737,19.37174724866404,0.002622756575103899,19.94694366997419,0.003361803575462538,19.625898249819038,0.0025418806394857402,19.18969034488518,0.0039167398600402,18.979201502161125,0.004519534133879854
5.974157468063409,-72.0572157697296,20.617503332668836,0.00643023882047171,21.350865622861043,0.011211128686089453,20.97858675715755,0.008106902318896237,20.357636742190962,0.006250004082137465,19.987359607719483,0.008806945403856958
6.0339401631885226,-72.0572174175089,18.838276313580007,0.0035215633436434073,19.33348827992878,0.002241292066099755,19.062246554906274,0.0025968070946098686,18.705223053201173,0.0034617436986803117,18.541904889363373,0.004577000676271721
6.029151267482435,-72.05720717867929,21.37275936599838,0.01121854166985101,22.384109767255218,0.015282776588514969,21.8515363184488,0.012989357626233457,21.008661493506175,0.008429121121251769,20.496551066746726,0.00614722041359109
6.0668540384640215,-72.05719342573362,21.042462228525803,0.004424587643951658,21.923316925828743,0.008382507842296397,21.486066741274783,0.004430052422675253,20.73261323582048,0.00343473991482408,20.22883222864929,0.004828317533648173
6.015941145918139,-72.05720296507239,21.67957166544966,0.01586916936395472,22.631291002068735,0.027817345117363168,22.176583123696318,0.016488774239441593,21.2913880435514,0.011257675900943707,20.69668583502419,0.013732145019502939
5.9687548538582895,-72.05719775256053,18.764781434546823,0.001216807050480263,19.25849359247114,0.0009713938820877882,18.96722826167774,0.0009353086038807882,18.62418230554659,0.001140068803439995,18.488005569632733,0.0021173191614625307
5.965947908485629,-72.05719796484006,18.334943301088234,0.0008214421961650536,18.77874575890855,0.0008288114266266183,18.521773370173058,0.0006777698099642924,18.20072911445566,0.0013814112772133225,18.08953279035176,0.0020360038663247157
6.02626443354249,-72.05717972584715,18.76861355890232,0.002921987338311937,19.275109423589825,0.0021959044266844333,19.008002709146822,0.002346496537339707,18.623647873279644,0.002603999641599958,18.481343947976477,0.003358170124296461
5.999977537146436,-72.05717640274274,21.747218730396856,0.01976403354841542,22.77420848773864,0.03121949453026449,22.322100535308003,0.024807153418545346,21.404530608460107,0.01626702410087641,20.680569453694694,0.017913479090151268
6.077765628947298,-72.05717102621766,18.719465316989403,0.002122237431756908,19.271401195059006,0.0015399709159536615,19.007437415847853,0.0015996765532200379,18.615094123196954,0.002151097500532793,18.451790324582227,0.0029427794746752717
6.026907025882056,-72.05717724690477,20.84529949259961,0.011675084090253038,21.743858329947784,0.014921025746386925,21.30950759385221,0.01509873042326119,20.573268327293967,0.00938574786139225,20.124576528693943,0.012867698944590054
6.017237501397387,-72.05717792431933,18.75762740861978,0.002084673728672149,19.244740996135164,0.001817067289260776,18.986030808805516,0.0019455654946094385,18.60734346328028,0.0018379335019540572,18.478255260303413,0.0026105013525944457
5.991221607704787,-72.05717469498934,20.412402551680575,0.004008737661837113,21.160504381083662,0.004741990701991646,20.753371278924526,0.002665863654890357,20.16204463222124,0.0025349670759977918,19.811580612036288,0.0031064309961091547
6.007656790873379,-72.05713655755272,19.62339959830906,0.005752861100035193,20.26745136412928,0.006021046054363394,19.92785608535428,0.00473453358105939,19.46851704664958,0.005267870937180864,19.227409372417654,0.007701937197902488
6.024996225668699,-72.0571278837566,18.461454427916106,0.0024255882976715252,19.01107101735579,0.0023956508733979087,18.739372871652854,0.0022346174574720216,18.355363982650125,0.0022923792305321305,18.187822566709578,0.0027048116729573054
5.972850352170479,-72.05711398722518,21.436143080454958,0.008550081264414202,22.429066743723652,0.015468585331034082,21.92878581941563,0.008247726672853627,21.08383301773739,0.005518538883252694,20.522649610794637,0.006090136658766019
6.083165396337148,-72.0570887151563,21.382406352204942,0.05547867938825307,22.35116179983794,0.04568688952198194,21.780727538344784,0.04708253407959469,20.99921515231454,0.03630618119074853,20.476955275385812,0.041219123913192136
6.082755458679838,-72.05710160998004,19.300146547571938,0.004288645696700931,19.886063300709225,0.004514268052876003,19.591151514246732,0.004394902921704975,19.136049564007692,0.0042625522289144605,18.871162914261895,0.004555170709863932
6.071156942653743,-72.05709701461069,19.06481962907767,0.001956555384355374,19.593692800047428,0.0015711397690304964,19.334984585680708,0.0016875209885735248,18.916952802434764,0.0018483468482044442,18.729936100925812,0.0024160514096833517
6.01206647428082,-72.05710152101564,18.81763729063236,0.002515994631654433,19.30974144173257,0.002111708494496508,19.08719225078368,0.0023040056377131826,18.67961779341693,0.0023579354504577807,18.515936942241026,0.0034998618131898977
6.003041641341382,-72.05710203646818,18.49793430457056,0.0026438738919631693,18.94133502461964,0.0018274648209089309,18.70398944638864,0.0020291952894339756,18.36992441670524,0.0022841369344851863,18.247581629393437,0.002893202340056539
5.9841362934017,-72.0571018228119,17.996587312194638,0.0013591203670007637,18.41978505170107,0.0009513348417483994,18.195623568357725,0.0011762290609882273,17.875754425423565,0.0015852554223202545,17.757423706803046,0.0025674968432294527
6.079054163411913,-72.05708735578314,20.194031885727032,0.005545339911526501,20.922609638356164,0.0069117157159238034,20.559824434442795,0.006605334515473314,19.992225908892912,0.005196084571779956,19.644250591326546,0.008821017475578188
6.028754780243359,-72.05708724390529,20.47946182122919,0.004689708113792212,21.217779277398996,0.007332341546558198,20.825330700973545,0.00541848905526062,20.241466237290197,0.004101697351436911,19.886510462947847,0.004523802179044758
6.00806259180805,-72.05708510709044,18.96650820118042,0.0033819909931727867,19.482744344136776,0.0032928756249959584,19.210977724725453,0.003177389596027608,18.824467547374155,0.003004095350626457,18.647575539240698,0.004060316796649574
6.03361848404373,-72.05707600485601,18.09786919787234,0.0020574661250028596,18.533019227109897,0.0020469435635086493,18.299420068771376,0.002176974383643075,17.97878770904329,0.002126397634259011,17.858574137310896,0.003705307793914451
6.017622108778484,-72.0570684319809,19.051011716505354,0.00216435612049863,19.574802072147357,0.00193063648690719,19.300740969595935,0.001942577177502873,18.906983915834715,0.002214235117407078,18.73547173363373,0.003193888588013639
6.014597650106366,-72.0570676167641,17.74047004343638,0.002656481129326076,18.17687107857911,0.0021596489738508343,17.939850904630234,0.002830536849521202,17.615432527179152,0.0021897622981353676,17.498370593620358,0.00358440882987815
5.996875022664953,-72.05707867384298,20.658187168929448,0.002798859727939598,21.421497721310885,0.004979503405034136,21.028337061704086,0.002918814540059326,20.397370559935766,0.0027062776663929703,19.995548539552246,0.00249969292445167
6.07244013586924,-72.05706425332838,19.222527439601823,0.0018214828573066568,19.7765915455956,0.001832549219842,19.49179678859906,0.0012527700538502867,19.075167546167506,0.001555267021847032,18.86755393800552,0.0023243095104212323
6.020677501339591,-72.05705917033309,18.43081253705279,0.0019376622509365109,18.86236640138241,0.0016513327917118297,18.62401743033888,0.0019005336141364815,18.30497405572882,0.00215917799514444,18.18086413979387,0.0026180475493434814
6.103193913527679,-72.0570300091814,19.206765460009333,0.003789129247390488,19.74775609546404,0.002420193529033901,19.486766562415475,0.002212728543404278,19.040128248757448,0.0047582773942550505,18.856660076044747,0.006576125875672095
6.09633917413709,-72.05704274723138,18.46702809918933,0.004277795471682384,18.923967723918892,0.002446232335052655,18.708078305985374,0.0029698822100625677,18.341482464047488,0.0037070505776691694,18.2019271404289,0.006024501512568553
6.016447665956046,-72.05703902136284,19.173210110321985,0.0027355117999907333,19.712542072812056,0.002544683263833624,19.449799778181436,0.0031876521421520245,19.012384723166655,0.0028394238640519773,18.81104039504382,0.0031655307900881027
6.00639720680523,-72.05703947949736,22.07085483146894,0.02107869839292276,23.20566146675396,0.033837217782870466,22.640937283960596,0.0203911081001331,21.61220406768303,0.014909062080331542,20.881572483369546,0.01660398117371709
5.982812484255516,-72.05703692587743,21.8944774614539,0.012817895386763423,22.92340113849727,0.021158592105129402,22.486629276426598,0.011564168813624598,21.494967404814872,0.0119449648335687,20.869684020739605,0.015618937567204014
6.108900081051132,-72.05701427902275,18.972286354382984,0.0013083389227219867,19.486566126390855,0.001404400289367878,19.22633994012876,0.0011060520615428118,18.83678203961172,0.0014784155276442198,18.654971117049612,0.002242850050313961
6.106833429213409,-72.05701836882916,20.414007411224635,0.009617761486044964,21.185968565983273,0.010058508016880732,20.901352125898775,0.007919425538146108,20.187761834095213,0.008301601044587754,19.816038099830628,0.007222332808785283
6.021311624609577,-72.05703069755975,21.16978198643776,0.00973371023512711,22.11693864183757,0.020081284738980076,21.6781140707996,0.012340589693838546,20.856406660625275,0.007759943912528229,20.33637657433762,0.005715893253151102
6.0126183576852705,-72.05703552734857,20.496318058080707,0.011175774125904463,21.274338260575902,0.012098464694476063,20.881212021372242,0.00688471225752321,20.23440288027004,0.009837434904416475,19.8965116896007,0.013264234723337617
6.002113430771661,-72.05702262686965,19.450247897745886,0.003799334835852771,20.060384512363157,0.0027497470709498257,19.738267084896705,0.0033490957596916944,19.294259311308778,0.003303707220180972,19.05984431418566,0.003782348282389078
5.96380591589447,-72.05702339587883,18.444796581763466,0.0022655292180980852,18.875792229515568,0.0014708516475767737,18.664250876471847,0.0012570702209736267,18.315888644546625,0.002165141083664233,18.215222569712132,0.002381929205910521
6.065452495325578,-72.05702172805569,22.1129008107557,0.02625724983045736,23.347790196307187,0.05154785396673689,22.818061656942824,0.030286729411308062,21.720228858887026,0.024205691476156276,20.962029196981625,0.03273381256516047
6.112836561499737,-72.0569920239496,18.42109676394063,0.0014174977398400163,18.879924461444865,0.0009774506426949725,18.639031906807936,0.0008476577051843649,18.293430164949974,0.001704689186771692,18.171611601734377,0.002034025232057489
5.970096803843986,-72.05699787668075,19.332907189069648,0.003297289370717503,19.875333825904733,0.0031929333014876805,19.598271258384052,0.0027032964247078336,19.17377495064556,0.0032208381047585835,18.988150602218965,0.0037195125344889005
6.030937694387907,-72.05698449367434,18.523443248232123,0.0017621578087878152,18.99864593160995,0.001149742469666678,18.748137682558003,0.001214392765086776,18.39248339206314,0.0016945374836414388,18.25774280796039,0.002580921197021964
5.96223185720759,-72.05697609057732,18.410016130884937,0.003916936501889896,18.86350093848391,0.0029906857926408964,18.638527579404865,0.0030924095158576556,18.270634913414916,0.0038482451708562134,18.15690850672572,0.005238028321503192
6.035317840334037,-72.05698642696478,19.632846954112726,0.0028999394769873665,20.23867376122182,0.0025985136395573253,19.91672490700985,0.002162746259931444,19.46626798662362,0.002376207570201061,19.227907720959195,0.004709708068610716
5.990450393864758,-72.05696830162059,20.142470774807794,0.0019064966914381905,20.89431856015709,0.0030878881085230334,20.521740894931256,0.0015492878733288024,19.982986736520033,0.0017825900756936323,19.668911495982208,0.0019189275440385607
6.104016785666368,-72.05694405334508,18.873868806125206,0.0029322396771587866,19.380966822826935,0.002176670984277645,19.12485847341103,0.0020625213474023446,18.732443664004066,0.0025524018076171877,18.588629000522936,0.004015176675255869
6.0608389551030175,-72.05695491604124,18.649677905704404,0.0033711892856881733,19.158013115883904,0.0025866655699177143,18.900216911834555,0.002830894270509346,18.516099863831116,0.002674653356368399,18.31894078320358,0.003520780646548817
6.0599114994428644,-72.05696320505099,17.952615442288643,0.003350780057812645,18.325964327130777,0.0030755950477842423,18.152557903707347,0.0032823667594264767,17.85735539484405,0.0030442573533593703,17.723347204253052,0.0035533311342454063
6.036051048669027,-72.05696949415247,20.474592064355566,0.0043419519900283554,21.254683314190274,0.006496177099934113,20.86846279377078,0.004236329967056942,20.23399716010146,0.00414773942370555,19.87220805728157,0.00816601678282698
6.018608272059647,-72.05696359719651,19.390287098932237,0.001163759913852037,19.96433600290767,0.0013933124666350837,19.66249586051911,0.0008612750476364859,19.238284121835854,0.0013582386809020928,19.042781087719092,0.001626018149438253
6.015444794223382,-72.0569645547074,17.90926539144012,0.0026274366746931875,18.342428147583924,0.002471528010184893,18.098426547917484,0.00209504211529815,17.78677626659521,0.002673522000181033,17.671944532700415,0.004361156371289458
6.096868521391879,-72.05694227336649,21.67932451015226,0.04846330312215759,22.84081989513774,0.06639937909478227,22.346322527985286,0.058631222576333276,21.442522880131264,0.046636462602028125,20.905571172662825,0.053036824908773046
6.0106138521506,-72.0569471930976,20.642341881753627,0.0065195063979709466,21.43849839327585,0.0068829221006371675,21.042052581433275,0.005916744439737535,20.389709472747946,0.005545693767863168,20.035934285726576,0.004305805134888001
6.008350096143027,-72.0569460773547,19.12250661815803,0.0040210591787266286,19.6647460241915,0.002563633040762314,19.3721267084888,0.0027503600460799605,18.96729278727858,0.003655996712410913,18.787555739829266,0.004278367607922462
6.004136217570122,-72.05695085715159,21.92404220206252,0.00859755398729518,23.035570153336025,0.02122357343174225,22.466724836842282,0.00929507744659544,21.496555040254172,0.006405556752209195,20.820196121662235,0.004389180322287605
6.002153162260458,-72.05694123066671,19.68574341795451,0.0067366462254176635,20.310200008148314,0.006065214472793542,19.988519621621663,0.00688233929892158,19.527029645833757,0.005197781356247421,19.27761093349887,0.006254185011725037
5.972801204636918,-72.05693609438264,20.95736805921364,0.00878975952469678,21.83023566492718,0.010499342796913096,21.394025865747068,0.00873775701474571,20.656725414345715,0.006946027155165484,20.189041380877768,0.00675905858463373
6.0090533635024155,-72.05694455208783,21.272085795844685,0.015720005731922653,22.268050707476476,0.022374888862355006,21.77830341286071,0.01935976527762956,20.909603529361334,0.01471681090935627,20.418219246771834,0.01178327923963449
5.999079607488072,-72.05693030820719,22.05026403462873,0.01168798528304625,23.100021373313588,0.023643669407778903,22.672607165673845,0.012171472281357074,21.605221357516655,0.007708756745168252,20.92171507229,0.006147315025841242
6.068513348454158,-72.05692202117412,18.676174360433247,0.0013553167211516125,19.163201166032955,0.0011259316778176405,18.901492558383374,0.0009285049526609263,18.54799441183051,0.0016949158296626274,18.397991991739154,0.0019749440151935927
6.0802664558792285,-72.0569030973947,19.431145819835695,0.001344449110619723,20.011813956241866,0.0014794096625962165,19.71524546758502,0.0009260426659032451,19.272393442134472,0.0013070887524811007,19.065389418889886,0.0017902635383044967
6.062968476025315,-72.05689068527559,19.126533924798498,0.0025191969396851557,19.678623595729057,0.0023333323999876264,19.3997689442688,0.001927551718886807,18.981017591953055,0.0020520772179561195,18.784520418755804,0.002826095161581938
6.054294172265065,-72.05689010834523,20.718960217615166,0.008041360392083207,21.51877185722239,0.014699862352837588,21.127073346163023,0.00996554714181656,20.449001262509327,0.007059521076364706,20.023827813455163,0.010735315034147125
6.038240084836936,-72.0568888206701,20.301654528543455,0.003344300016823545,21.059558227509818,0.004526924373855407,20.678107586910862,0.003548004813208956,20.06017766387003,0.003116677985225784,19.669944365327822,0.004236594510045581
5.997832247182782,-72.05689543569017,18.860760024043,0.0020911140829893765,19.377895053283666,0.0020325147920580108,19.121287397309338,0.001858899746135618,18.71615662562988,0.002187229728750179,18.554072484543006,0.0026383585332318865
5.996327211164746,-72.05688556756236,22.335037654459594,0.024433181270537625,23.554794881105032,0.04953868357604427,22.96478770229281,0.021836076748249847,21.88757266198826,0.013766811256797185,21.11678722617036,0.011028104596786544
5.96847081071343,-72.0568903103729,20.23907431562274,0.004534143871404737,20.96484087499674,0.0040593365241392305,20.597162866455285,0.00296158437782742,20.002644119165993,0.0033752040294824544,19.681936427354074,0.004600330036962441
6.108749472436329,-72.05687116849471,21.274009928483704,0.009584100162373044,22.207181905547984,0.017132935689027247,21.76055499097894,0.011899573852758822,20.97240226776524,0.0068826956447578195,20.462089815384978,0.008355585336737942
5.994360473314717,-72.05687745267089,21.08309853175135,0.00837287844508852,21.955517106430804,0.013036673635229413,21.490468927323263,0.0098748326956079,20.767267556359855,0.006148885186538442,20.28177444622964,0.005114491625071184
5.979994518263813,-72.05687726885509,18.897806274325117,0.00641338571714408,19.41593086095719,0.0020213680378660926,19.12164367548025,0.0029554888979466095,18.755257546424453,0.005702393608700253,18.603580672206668,0.003688216402612095
6.0888395232077,-72.05685288317329,18.677706547102655,0.0016026975187824891,19.155742203823422,0.0011228671847456487,18.907091520340813,0.0013846362265630833,18.550104428347716,0.0017807644224084149,18.402093731448097,0.0023890647450180626
6.069751213806992,-72.05685544156383,19.52918326209768,0.00275020185670292,20.116113371700017,0.0034233871038183783,19.801156178941817,0.002726714153172796,19.352379614467694,0.0025913416874313697,19.123167799187478,0.0036104555603979197
6.03550826174072,-72.05686124242587,18.575576896061445,0.003001195961890511,19.047532403702803,0.0020269760217540293,18.786611943749158,0.0022586447861426893,18.450017663980276,0.002324216945435721,18.31225306151611,0.0025071702602187766
5.989658389961189,-72.05685490273264,21.721630855047838,0.012500245627906385,22.779125201287805,0.021694680302403967,22.310636746971582,0.012822113241594888,21.32251128312278,0.008726110251328864,20.71717412751449,0.009909763042024964
6.110686987224868,-72.05684004983411,19.546735010978967,0.0024942731534016898,20.141161585885776,0.002717570195656097,19.86682752946298,0.001620364412154734,19.38593843524798,0.0021855672303292524,19.176111834969774,0.002531135088289386
6.087548148244434,-72.0568491248677,18.71936787804083,0.0030992061738918707,19.223106976135597,0.0015457978682779977,18.98579200384318,0.0020514129174602908,18.58475814940168,0.002652258348340523,18.434684290784816,0.003418044705262244
6.076398175675466,-72.05684209445815,21.362125088979983,0.006842011524240928,22.406254662552456,0.012642782049615444,21.90304466123775,0.0056264606799304945,21.027583987884853,0.004700116128382438,20.465477207408014,0.003644276140032758
6.069416804718012,-72.0568420086837,20.113891220349654,0.0058903874899584345,20.799647972730966,0.005859066129562123,20.51688694350276,0.0038182688372635767,19.90171596965486,0.004212380112813301,19.533323439587853,0.00485738258563173
6.053274760565179,-72.05684318848589,20.35403441681424,0.005031100361447024,21.112746395484905,0.005965685121910386,20.73054491132026,0.004840206155051974,20.11673512116063,0.0035468074019045052,19.696952759145987,0.0037334144798945954
6.022902037242012,-72.0568534272867,22.40914692453136,0.02090221929778323,22.65973643977673,0.01856798490394484,22.51788090249861,0.01537232914144757,22.403046989219604,0.01917131540951943,22.41721769313215,0.028492127624475352
6.005706060026093,-72.05685230503471,19.289964635172755,0.005936710881570049,19.835141493341595,0.006458453078817275,19.546756950435686,0.004970330506461346,19.134615631501305,0.006298771560525265,18.92307811811765,0.006812925901507486
5.974530245106112,-72.05684225692796,20.50633430895694,0.012280895947417061,21.28932553409888,0.012015649433397833,20.886038442991868,0.011844466656363002,20.289473325470375,0.01183790369072859,19.929970231827475,0.012528382512940306
5.971275689609182,-72.05683858931006,19.434479548452078,0.002658347125636741,19.97902024778915,0.002580554759572188,19.676082701585955,0.00237958907880926,19.25918149290706,0.002129759476832952,19.061137933541083,0.00312695617562355
6.018151728400252,-72.05683601280258,21.95003831515891,0.01152441287085374,23.012204956427624,0.02597137557389842,22.523131651145434,0.01377929926818509,21.51211453074957,0.008856345962470036,20.80452570452953,0.009265144968659126
5.989319174978081,-72.05682750805764,22.346186422139798,0.044931571130602484,23.654386896404603,0.09508227916677806,23.008144518534287,0.04965554863526475,21.973525025543097,0.03472148070627577,21.128511500698643,0.0369646837826898
6.106104010659361,-72.05679052390187,18.820810727400126,0.0023530747985367534,19.298575093044143,0.0023937470877060493,19.04842479303759,0.0023835614852174072,18.69023080030621,0.0020827952962108875,18.54605900201269,0.0024655925910413287
6.050224637779654,-72.05679246302603,18.110114870811866,0.004094181449194503,18.509362986414274,0.002532416964377327,18.305183695603667,0.003412954297770116,18.002290430990264,0.003019781500702383,17.879934518430645,0.0036042876104481975
6.0046478368081235,-72.05679373808512,20.020869732314235,0.0035892593388568584,20.727185084213787,0.0043967652471835995,20.36255311917119,0.0034686014851560477,19.828554506503636,0.003188593203055646,19.54327979219311,0.0035696665341260897
5.983766946125458,-72.05678480690457,18.263494466241657,0.0006466658482106508,18.70622616864962,0.0007310480561992371,18.47408873050381,0.0005771020268232038,18.134792318847587,0.0006891197479326208,18.01467607540188,0.0018444969460727197
6.061272030265195,-72.05678239543259,18.668930321357404,0.0017602949461557682,19.15289752278664,0.0016425362897537709,18.884565922560142,0.001512159228457437,18.552257359792527,0.001926131912297999,18.388623255846532,0.0023578752904735664
6.056702617082772,-72.05677846502445,18.78697174779362,0.004734479651620234,19.29123167623824,0.0037397898427389076,19.030265896215916,0.004228250542186832,18.6654866991546,0.004113572730744613,18.49087684869329,0.004819207490053712
6.035176106330757,-72.05678962421791,19.11255941239843,0.0016737781964543765,19.64582513829911,0.0018255225488683032,19.35450772219734,0.0018882039091829906,18.960916473784856,0.002257594216673713,18.782127158109994,0.0033515121886205264
6.023748761088047,-72.05678888158477,19.040157337092925,0.004294290956553594,19.584992299626563,0.003713193634774305,19.318918960147784,0.0036895407099062087,18.890019487075058,0.003525333919521286,18.675378425529054,0.007180993498669303
6.010011112936578,-72.05677963003434,18.469752333655695,0.010322871675069588,19.236458586556694,0.01175255339199235,18.832877727606636,0.011720477085561846,18.25160136892312,0.008299684165755031,17.839837603058072,0.00924538581862107
5.986060112693459,-72.05677183222492,17.925566035556674,0.001508555720824641,18.345498901523875,0.0014630993866781333,18.11790384917626,0.0014532336598476012,17.800488664093542,0.0017935749157876886,17.693778376712267,0.0025921191484427337
6.0826988694148945,-72.0567663580331,19.55889764977994,0.002858057623926484,20.173796112304522,0.002757451221744602,19.85538265272111,0.002307151327046768,19.37970704439561,0.0029897621447305188,19.147171607535547,0.0039458848337775325
6.06816190191562,-72.05675914617635,18.611659576339886,0.0016307356252930995,19.09221784493419,0.0011633736125073468,18.85773369362014,0.0012807728945573786,18.48948212237532,0.001713305572059401,18.346791737639172,0.0023441376916094256
6.083711143558336,-72.05674327123702,20.991105545282966,0.008408830325191635,21.790805229361226,0.010778263310481578,21.426809025477056,0.009497506558429446,20.700820736646506,0.007641033667531065,20.242241977408966,0.008551159438203875
6.062427101427322,-72.05675053093161,18.013370317232646,0.0012292386846161603,18.447286519912495,0.0010305651278574909,18.21640420487003,0.0009862146952446054,17.906423607868852,0.0013298679816522991,17.767256367169402,0.002187890207597206
6.044034117050656,-72.05675394605282,18.102271129559742,0.0030554500006994664,18.54413449989778,0.0030646321046202806,18.38139634421473,0.0028231833524976027,17.99352555373367,0.002615225048876429,17.88187264848024,0.0046668524105581725
6.008556454883838,-72.0567516551055,19.327156336475102,0.0039735872949379115,19.89750915627223,0.0031747163368045853,19.58826841975184,0.0031314686723981798,19.170687340815007,0.0033204233451441627,18.973073775823465,0.0038258993095660284
6.065956637916684,-72.05673939099228,21.206407900135158,0.010512090797198621,22.117916807418567,0.01576235040349881,21.67871956592547,0.01068894805456103,20.87421696835481,0.00775310502512319,20.323923329494214,0.011246029523349061
6.0632153759958785,-72.05673528553903,19.3708300206719,0.003489528246686226,19.95396640322152,0.0026646241838560077,19.647942721362284,0.0030979365563120866,19.2205081900305,0.0028069033302742827,19.009595818004208,0.0036091593159525764
6.061731789139991,-72.05673167892613,21.252018744385442,0.022312752569283164,22.329604612534588,0.03238288745308906,21.748524876748483,0.02223161807972578,20.96465069151207,0.02227017696513397,20.459985574082232,0.022828288890372073
6.011883103928565,-72.05673378991727,21.941640351063878,0.026827568470526975,23.006266517167845,0.052007091738544155,22.583413348597567,0.030686590278638903,21.56186789038607,0.023366531057798692,20.775663705928288,0.024692699228487953
6.001160050636178,-72.05672632502935,18.863252382687957,0.0016406497247394515,19.372847126008267,0.0012693236046325425,19.080212956637375,0.0012338956028987538,18.715227503073727,0.001788112354930613,18.57144281578492,0.0024067052639876524
5.957977747398328,-72.05671773435165,19.463309027737214,0.0034121101524298304,20.042948920483504,0.0030916632698206703,19.722694967717096,0.0030482783987320597,19.29351366215907,0.0028825389056943177,19.098111857848302,0.005352976750102101
6.081393016658275,-72.05670662104598,19.55369060617576,0.003224547951569349,20.14915091407319,0.003308608030006373,19.843679335121003,0.0025060132234822376,19.388524637056882,0.0034377820404546747,19.161261785838278,0.005134644460748412
6.064046869095155,-72.05671717100127,18.877596793958514,0.0015099156052612603,19.361295261120006,0.0015266643843045206,19.145159109458973,0.001075493680496166,18.74517900535887,0.0014974687672595981,18.584495209875577,0.0019891054047313575
6.060129895924573,-72.05671360084807,19.76903150098389,0.006925139174337323,20.397869500145447,0.005341951325118312,20.087493501794363,0.004970802099451346,19.5969497840316,0.006390398643069187,19.342169759053476,0.00600093346403409
6.105668875022885,-72.05668842683689,19.40380803443261,0.0025925560955439493,19.967850310178804,0.002662397814362993,19.66673968622174,0.0023423271656145502,19.244291120953164,0.0023715305814886825,19.03778073089213,0.0032669962268566245
6.093784760105681,-72.05668781861525,19.825621100355075,0.003408514321522709,20.478246539552217,0.00401233613758225,20.145262225249922,0.0028734185810730113,19.630283764888965,0.002964830851222007,19.353454108848773,0.0057065186078286935
6.089834550513522,-72.056684660999,18.54824464029834,0.0019012955999351089,18.988481050370382,0.0008895449899229069,18.764786255339715,0.0008557693725279161,18.423491167010532,0.00141414359560257,18.291245375736878,0.00215531683795317
6.079440247938757,-72.05668902482083,19.64983463997994,0.0036917922170197483,20.291976998157885,0.003545956960169521,19.965934851927116,0.003396379903594521,19.478796090366394,0.0030620641207059884,19.220953412978538,0.005837249570721367
6.078855991894163,-72.05669950434483,19.430010525065246,0.002638101208388067,20.0183025000281,0.0023943553549172656,19.741119633110337,0.0020087472034279676,19.271430057461338,0.0022319728467557727,19.061181906287096,0.0032745843623555692
6.012769248886928,-72.05669735735586,18.44501070953918,0.0012108895529318931,18.933761783206386,0.00117945440944255,18.665669742979937,0.0011624475876670299,18.318861583507058,0.0016332835857052585,18.188156035604642,0.002064401347588529
6.1038027204458505,-72.05667468828682,18.687714809952357,0.001677577288257044,19.1519179494231,0.0010011681225149578,18.96105942132408,0.0010591895492841068,18.55693617427422,0.001395805629788025,18.395507206872416,0.002356518910804655
6.099451050884273,-72.0566807950036,21.22820343342457,0.013472128957308559,22.158832021706644,0.017824007415237257,21.729938735326897,0.013142514003355667,20.89007411792541,0.013075235476450798,20.276021535197465,0.02564916648748393
6.0102045195764235,-72.05669144360101,17.985046980230354,0.0034741442875177286,18.416778137378188,0.002207013921723482,18.16872070645023,0.0024652879325383235,17.867427583367984,0.0034306004289942865,17.759466805147454,0.005683326370056127
6.0694766394418584,-72.05666472102646,21.230919060757362,0.009365233339286926,22.157536064395586,0.013943901175542176,21.726746366928133,0.010817501863204066,20.896041486753703,0.007213515849116591,20.309511706521256,0.009988340356602291
5.984207633330055,-72.05666236174179,20.936351631878214,0.0074969049900414295,21.790533256534175,0.010031182519257983,21.384870598903973,0.008074770450310718,20.65660313866499,0.005858665174637552,20.16472279230325,0.008718323759030137
5.972067507638338,-72.05665739042121,18.358967669329207,0.000814203975560452,18.809890188600882,0.0007671485535291875,18.570278063960806,0.0007998272651418268,18.220918815711173,0.0012665267797458025,18.107530744706573,0.0019866532935139355
6.081903808846281,-72.05664957537178,19.035358053932715,0.002182171777977884,19.544178265408767,0.0024685300453717524,19.27471448202961,0.002354641363745173,18.887301691505854,0.002098028778373678,18.722868246202353,0.0035189139453125915
6.066301196897294,-72.05666136505691,18.451605528486542,0.001242831615194666,18.921138371117877,0.0011168080935306717,18.6854481609289,0.0010933493904942905,18.327904848449442,0.0015240143606864614,18.172415197241023,0.0017949742795443833
6.001604063435615,-72.05665435347576,20.55691275356509,0.009621198770220413,21.326762233390582,0.008322396861609528,20.942377989567383,0.006680151259436828,20.302406447181717,0.009072235361906014,19.922759875899523,0.009333626313374513
6.038621655110185,-72.05664099430356,20.39523786880873,0.01457536035209787,21.121441818110867,0.020068499797396153,20.754911205729776,0.017060679233551573,20.136112544581366,0.014603990619101975,19.776739260052814,0.01428718170912612
5.965376645382298,-72.05662860973557,22.24648112083162,0.013946176453869107,23.32240790712936,0.030266846079024703,22.773884435267647,0.01522061072184284,21.76967758665181,0.009159251091076778,21.045580799784453,0.0077472050341535455
6.0166506990103334,-72.0566330995265,19.41035354712965,0.0015509371958939487,20.00376562007098,0.0018195063280347856,19.6854497532669,0.0012338522507124845,19.243300477581343,0.0015281893953963297,19.026756583763984,0.002055904846291156
6.097275527860511,-72.05660623827904,20.998779773732448,0.010448243357478283,21.921564827361564,0.01437652084117164,21.455471584169068,0.009015898960939033,20.717413840443932,0.007716006535569723,20.20673558692789,0.009299380432578466
6.053603204794061,-72.05661937284817,18.589045622972098,0.002386009296688027,19.078895151786796,0.0019424160918700456,18.86759272071223,0.0024640007058600996,18.481707776100073,0.0025930874061420644,18.304533522582865,0.0038256940037153177
6.017878635717188,-72.0566121259804,19.44823420530091,0.001822073041652631,20.03568079047188,0.0019217347597997234,19.71717988481437,0.001614158202217521,19.297608968773915,0.0018388443049828613,19.08835603927895,0.0025213064493124766
6.001922756737051,-72.05662215751877,18.96008095465503,0.002738316334801047,19.471910907893992,0.002374834638029538,19.177478434935978,0.002381498964494607,18.807809590130788,0.002248779441201412,18.635049718217502,0.004646565349871175
6.091547309702353,-72.05658375903553,21.869942193932967,0.007549490616679546,22.981716228575408,0.019532103233387398,22.462428429271817,0.009407333494905344,21.487213508381366,0.006354188080962268,20.78380169474933,0.005030786284118859
6.083251796619282,-72.05658486191707,20.228303271030814,0.005253973746029399,20.93626097204475,0.005316500408769097,20.62537582134629,0.004378369816946003,20.019277520654157,0.004500657519145229,19.67497893771445,0.005603018336741695
6.05664716343424,-72.05658228871079,20.391739190053148,0.006518861769748306,21.194213320031594,0.016597155404033483,20.788577128815852,0.010331671666297315,20.160671615116968,0.006598387082980187,19.793300995519054,0.008414719364034968
5.999513200312291,-72.05659062752588,19.84428666247032,0.003294745643549698,20.51233138396408,0.0039532168700268195,20.1746559948215,0.0029549602795311725,19.66697179534524,0.0025014571939377716,19.405846410888138,0.003454518074250664
6.079631594582778,-72.05656720955882,21.67333856397242,0.02070630317407837,22.763417911274964,0.03214776943219114,22.20310886533222,0.023698427090168714,21.264600222745344,0.02068689773743863,20.680005178128432,0.020066185194289772
6.051483071361181,-72.05656763412242,21.140112672042388,0.007332954197426134,22.06916733433492,0.012448035081375354,21.701527001412977,0.008585985017319907,20.847347892564812,0.006877754154173935,20.290015024735688,0.014751289390421828
6.023309723886784,-72.0565685792612,18.282999652375498,0.0022922260442926447,18.728728365054707,0.002347902245094359,18.490078895863704,0.001995530651906993,18.166900152073183,0.002147435549613242,18.037745298078654,0.0033638347171987765
6.013894137813589,-72.05656993160818,19.099830922293254,0.0016723617570215494,19.6342555747877,0.00162735292397299,19.3417644577332,0.0014670407485245366,18.946704195625344,0.0017446675633165341,18.766783809457856,0.002566314737635364
5.998689024753218,-72.05656900097135,17.789952457443295,0.002217882316888216,18.213164870029544,0.0017602645868178065,17.975921927493587,0.0022642187603721738,17.66545906408073,0.0021772859453325914,17.554157972506978,0.0038332952580104195
6.033822933829068,-72.05655971848195,17.979871367881653,0.0018474954283099006,18.400834370668512,0.0012765928729798013,18.193401852421907,0.0014952668688775323,17.863612253866265,0.0017810113082935555,17.7533654938752,0.002775829786125526
6.064154938875176,-72.05653903849097,21.12636724626009,0.010782016987609123,22.0508507626382,0.016045607292898147,21.60573013394164,0.007904476129196755,20.778512019376294,0.009361776196755198,20.277020660888283,0.011645929079448896
5.985263018484092,-72.05655055017304,18.578009677002715,0.0016891103682207316,19.053821270698876,0.0015609174648105986,18.78205191604747,0.0019298799791226148,18.44302646055258,0.0019162575475674562,18.303659961174127,0.003084092388969186
5.964679837354043,-72.05654148687614,21.638629292195052,0.006685844477646441,22.725891998080463,0.014437431795303046,22.191423845595963,0.006121452293543791,21.23258586029513,0.004367371102091712,20.68871812574904,0.003606835347140526
5.981536134514122,-72.05652065108826,19.383371521803685,0.0022034730237548827,19.924624318882245,0.0018578219293217252,19.634819775589136,0.0016554259830607663,19.220020709103046,0.0022843259578960396,19.041829797717163,0.003161708820670814
5.958192071075985,-72.05649996083206,20.404336246205364,0.008347354669441502,21.154029419476842,0.006477654772568261,20.765516846644182,0.005829821721962532,20.12927794493087,0.007799511119830818,19.77177831774133,0.007595601671331593
6.090747793484205,-72.05650428762729,18.81767815994633,0.001571445894901905,19.290552918845812,0.001162314819321843,19.044716716655785,0.0009641862848630862,18.66963079673976,0.0017403206426918714,18.525369606058646,0.00229509356968097
6.07820375814092,-72.05650717390476,19.1647097931579,0.0015740423259686816,19.73963164603994,0.0016240445103631207,19.44596122055635,0.00129645526441067,19.017981922926708,0.0016970820257713336,18.820196434671296,0.0027882949280222872
6.076150354410937,-72.05650673606146,20.743785893975517,0.004344230543237724,21.55822272556145,0.0069856076306204825,21.163140764153816,0.004589594571114696,20.50399856982302,0.0038016540170612532,20.073679803130695,0.00363063200216509
6.018477605138818,-72.0565024788266,22.421796106356727,0.02612180078844274,22.58080278960192,0.020276011397897108,22.389053006164694,0.014140631314073166,22.29457003152551,0.02475991283671071,22.423807546707096,0.07847177476263727
5.995529497636002,-72.0564955474256,17.820503800677752,0.0019206987799634536,18.257067769351877,0.0011960170847314271,18.073977413256657,0.0013807229648233699,17.699243260053606,0.0019360564596189718,17.580946735884446,0.0024830563056573414
5.969064686438598,-72.0564968574396,18.296460809024143,0.0008319765124378683,18.73813946631187,0.0008438206298582588,18.503662650366415,0.0006523371047938044,18.14461711480881,0.0010347604975857547,18.065560671284587,0.002033072026563742
6.094973399232454,-72.05647760421458,20.538615098634526,0.004060935662331076,21.336929118953748,0.004657705775142231,20.992780016689544,0.0032456176920778517,20.302823374915647,0.0038262821949172697,19.946590123613966,0.004941609183037671
6.080271395702008,-72.05648054838639,20.71982794624714,0.0069980553070830166,21.515952437945685,0.008995051510714502,21.119967458777815,0.006723352185292281,20.4354428237108,0.004772193113599921,19.982400909035796,0.005824889233977875
6.058775760498812,-72.05649106979527,19.17516970257549,0.0030788449077555923,19.75471832715069,0.0018401527572352101,19.439958059352627,0.002384512937181231,19.03790103604787,0.002936498702704366,18.84380081107738,0.003282775943907995
6.049784372884576,-72.05649687314538,18.087176646739547,0.00204562153717963,18.528118668760612,0.001227572855768006,18.323537385903286,0.001609466278670258,17.98018288131677,0.0021781637334121534,17.851439888377122,0.003040632531432132
6.083949709117559,-72.0564742196327,18.828500608935013,0.0023926910168032543,19.30668533888816,0.0017867943370820127,19.09249072133114,0.001910832525647893,18.705234918005196,0.002358866955652414,18.567413479438102,0.0026772665347253814
6.040971285033705,-72.05647607575033,18.13964345916855,0.0015157202317214826,18.56747795969082,0.0009173985021531615,18.34882714730375,0.0010576042977039786,18.028255051486063,0.0015193413752081217,17.896349835959697,0.002162804471613134
6.0281614347167185,-72.05647042148115,20.2063932997203,0.008925642117306306,20.839201685060893,0.010750640831181995,20.520448613314777,0.010193178619151368,19.992710867329883,0.006429066057082621,19.70015410392802,0.004800481854715829
6.016645291633551,-72.05648310298376,20.68677060034545,0.005611812415683363,21.53435534237797,0.0075406195350457145,21.117714011686147,0.004613788322627873,20.439436715554784,0.004639664438197468,20.005949507907324,0.0047025054927577565
6.007756320274865,-72.05647994985442,19.363610074272604,0.01473467962175872,19.953988326913077,0.008872156026880726,19.647509879287355,0.010332320578810162,19.225384028595258,0.018568111349559404,19.017266023187936,0.023372229439415266
6.097323757255292,-72.05645266652527,19.43826202233011,0.006913941574070796,20.036797823444196,0.003408251999430954,19.729598938105617,0.0064102858609631766,19.277206049758483,0.006080415725495996,19.076865218869976,0.006636815806550966
6.077074367786627,-72.05646689281936,20.17084541837014,0.0029535169785802695,20.884830328246352,0.003747801388954892,20.512298885940105,0.0025779045657674977,19.95639157108795,0.0022521009262594367,19.62413605583852,0.0023391287078010706
5.996742753438579,-72.0564662376062,19.44083946745788,0.0017024030585579063,20.02128864670724,0.0016089077183693218,19.695772382793002,0.0009810128477643787,19.263370245264746,0.001558902555239246,19.049855702293534,0.0027998351308444348
6.019685788972431,-72.05645547577163,20.46455872758772,0.003695666673128804,21.201614502486237,0.005385563935968397,20.816010101957445,0.003921774450303649,20.20393121317848,0.003688620526208183,19.848852580544296,0.004106715730691303
6.0179489232562045,-72.05645371926236,21.861639441033194,0.009123902334925762,22.99294571848722,0.02034232281234076,22.46019698294358,0.009062083954855598,21.45621833324381,0.010218170709197867,20.785580812091318,0.011315347876737797
6.093442820984797,-72.05642296174882,17.876861041236094,0.0010175528134440243,18.304587464796604,0.0009898148921492912,18.085652520885724,0.0006470751625230656,17.755644597876717,0.0015313722915495953,17.640171719195976,0.0024555773811962547
6.031685317092582,-72.05643297479281,18.27746266921495,0.0016653806495398938,18.71911827117777,0.001435437979244357,18.476253503295986,0.00131013978806463,18.16631250821525,0.0018532504358536948,18.03314735294378,0.002883832913558572
6.0030555436309525,-72.05644111321175,18.54235659175394,0.006339872248232039,18.976675436053128,0.005596754452490793,18.787516556009336,0.005347078919049545,18.40993946742512,0.0049720293549132865,18.260692743589075,0.007998278940600952
6.096262412993967,-72.05641470775171,19.277415203359627,0.003552055191178575,19.77734011198806,0.002430497756661549,19.585374905033206,0.002845050281736159,19.121612665712547,0.0035166777507342592,18.923534339231047,0.005840358338025062
6.051792812134637,-72.05641452887505,18.195610103952273,0.0007918589056189491,18.640139196554045,0.0009034107310452119,18.41612323519962,0.0007117487909318354,18.09011208680225,0.0010837147497455091,17.94753249903907,0.001998462732984865
6.041981225312779,-72.05643048025445,20.344731636148122,0.015714187062807156,21.04206355453927,0.0163574716468566,20.696146298628307,0.015611064810891058,20.127856689349265,0.014884665531336277,19.81023089965725,0.01678997577439138
5.984625999097981,-72.05642276025378,21.633604562469326,0.007486423017898895,22.626837891849583,0.017338143135345183,22.14945200556057,0.008481321415592316,21.251533173596385,0.00562943861260845,20.653075033200892,0.004772205939935147
6.07733757411873,-72.0563996676256,21.759184137807775,0.010449942523911314,22.895891953998458,0.023415696125135686,22.372779263103837,0.01321865617323018,21.38945468429059,0.007284108435805539,20.70367890560142,0.005736637904236576
6.032377886052586,-72.05641256040026,20.483582505543257,0.006805046336094132,21.25392263967982,0.007743758546519751,20.843280959527625,0.007102507980674066,20.20787751821949,0.006336788620011847,19.87394437145636,0.008506627505509326
5.982355354212594,-72.05640242370019,18.57910287715219,0.0032189501500785454,19.05233205104188,0.0017204291204919477,18.802527166727934,0.0030691518036459558,18.4522063100941,0.002636474333368974,18.32204144053238,0.0035137679433701074
6.057890452600023,-72.05638791954536,21.772080438241925,0.01092479168309673,22.79650805123829,0.018663599187797395,22.2919797876619,0.010271279417777977,21.39617249621665,0.006728063755285724,20.692555619946475,0.005811130702297485
6.00666653178295,-72.05638779357125,18.265462177693923,0.0072364847054430794,18.71589862886112,0.004675078432648112,18.46603525853469,0.005657290117745649,18.14622226230904,0.007043160992460607,18.03029494082402,0.009433445116295326
5.975548895283276,-72.05638077557983,20.908480678149065,0.0058900505147593775,21.785579030068718,0.00920386507138339,21.298022588502185,0.006131773752598322,20.60968836963849,0.004444223247021286,20.16627812923869,0.0047008166588924805
6.053284929382647,-72.05637427271881,22.304836322346706,0.019876387125117072,23.562475162536664,0.038904669297125244,22.95012544606731,0.01905119145615616,21.859417830609587,0.015267847583546263,20.985936382158137,0.009843507442275539
6.062850012324557,-72.05635802667011,21.90159419399905,0.01590844795413192,22.998625861141015,0.026773129473581434,22.492244260685133,0.01587619346186126,21.482906944913026,0.0122049504391635,20.80552545347164,0.010321608464724607
6.035250068311277,-72.05636854050387,20.204893288677912,0.002927376634303722,20.94228706573179,0.0036948089072339,20.562471619584734,0.0023743452560273815,20.000352989353622,0.00232579441348363,19.676657593384775,0.00303591148430905
6.027682528281035,-72.05637567316809,19.824060549494167,0.004115022543998896,20.210667373006935,0.005282098112792529,20.092670337488634,0.0047265338929108934,19.634192880757716,0.003700529518906047,19.35953079811687,0.006812233087398877
6.0032387777231,-72.0563604480231,19.085905840023575,0.010741907794302744,19.578537750414924,0.011480551552103703,19.284397980464128,0.01296699778649692,18.96018547382876,0.008449717689578183,18.77408489720071,0.01392741204028091
5.990050525408865,-72.0563681638178,21.997708597872577,0.009806500908507779,23.03771546203285,0.01962131644829912,22.570334532185193,0.008923811102619783,21.57958259896015,0.007720365259574097,20.86915782143054,0.005586991698184471
5.988060432592356,-72.05634198622171,18.811772004952235,0.0034796943184393766,19.300231165749707,0.004123056603728152,19.02161378795524,0.004060140131007762,18.655873442325365,0.006118022095442854,18.508351182911902,0.005438534920032733
6.071914492208665,-72.05634048335187,19.54895512590618,0.00413743954696682,20.175806544810314,0.0050691150538553645,19.849932382727545,0.004015094399114909,19.39134205924279,0.005655977542978087,19.141513383029654,0.0063341926429719584
5.9884316385949035,-72.05634154984283,17.67254765458898,0.0017239495986969297,18.127051098961942,0.0013097559359210131,17.875613081863648,0.0015297726242497216,17.548084302317214,0.0019257039119600571,17.43149934225673,0.002291657939053546
6.075640815549055,-72.05632651192845,19.21617568855771,0.0025576675362878575,19.759535238824093,0.002653808090840676,19.463944988882623,0.0023455362007486257,19.05796988197119,0.0023011002509582793,18.856797785808226,0.0026240343969715614
6.018616967874876,-72.05632192487373,21.141523116222405,0.010632786061929368,22.011015139938223,0.01590160291699728,21.642141838310486,0.013207653245344697,20.823466264752234,0.01036157188323144,20.339428397991306,0.00846465220875428
5.95959306771539,-72.05629846197891,21.29836455281836,0.018579643295290306,22.184541962891977,0.023279807632026132,21.847734635034094,0.02411164553203727,20.90420950910294,0.018363173237591103,20.37537216937134,0.014422193784312542
6.062377633807747,-72.05628844988584,19.754103591670354,0.003883957564338631,20.383740394745793,0.0039445949773469925,20.062955573682288,0.003327115263256111,19.55521472724547,0.003913991623967257,19.27890490555872,0.007877564052162733
5.975673923048805,-72.05629309817695,20.27627486057744,0.0038118914734447716,20.980353155336935,0.005365569607643927,20.604063302417856,0.004087907912013802,20.049584922355464,0.0033933737757143954,19.739074186401027,0.004206896141262303
6.039806652545985,-72.056291269068,20.007043748330485,0.00515171557977632,20.70163359079551,0.005759135665739816,20.320534657834088,0.004443810193403377,19.802690097174057,0.004782065686973819,19.496275442100277,0.005949433503282062
6.00343562313301,-72.05627932357436,19.88548887607053,0.023758984641039874,20.536334777113225,0.026291302838631406,20.171830206511316,0.02521574724627644,19.728001993687293,0.01809989395281205,19.482601012899288,0.020356993119661923
6.03208469964026,-72.05626474205157,18.473663919956184,0.0026016194710596465,18.936140073398768,0.001506929320564339,18.693984828774944,0.0015973511800510215,18.360925101381532,0.0024675070349566633,18.22548616996165,0.003396724861160213
6.016909595057087,-72.05627787628119,19.909807733888545,0.0019053849853033922,20.565346040296255,0.0023358416687242513,20.20650434392281,0.0017334540670742703,19.70490405432902,0.0019342997678098554,19.428178051382666,0.0027815443164268573
6.0916712743944155,-72.05623809017287,21.699447856284937,0.016022487622698964,22.789131961791973,0.025003582812765327,22.285884283312804,0.014622481436010533,21.314934627568576,0.015369765072592668,20.656578325140515,0.011268634846647628
6.001188389143703,-72.05625764877921,19.42692661778771,0.0018677915842099495,20.00928818030389,0.0019161292066047384,19.711263004264175,0.0015428473190883159,19.24788094256651,0.0017430247340189662,19.036185895246618,0.0027014082454322845
5.966000009559799,-72.05624549434133,20.62159061522887,0.006178900273635459,21.406291329831888,0.007957039719765125,21.01394050750138,0.0054999249617271664,20.357921956408845,0.005479794203674738,19.990764579908102,0.005635034760263053
5.962631532640683,-72.0562378857406,18.3516875445149,0.0023257439937481505,18.800847628682483,0.001156923702838937,18.542624472278753,0.001669238200827306,18.21549017238459,0.002101850587550788,18.116582807476057,0.002467097847253858
6.079058645830464,-72.05624006629903,19.11166522672686,0.002285613050299695,19.654631295208674,0.0021104638167752047,19.36367264183854,0.0020299270988916656,18.977793914019728,0.0020915929458842865,18.79003944521976,0.0028264014166059534
5.994883334881575,-72.05623488476394,18.43116337165868,0.0028635327300931515,18.87932609008932,0.003152954772486054,18.639507450660886,0.002908199485586734,18.305315327082653,0.0028635932319428918,18.18621113550573,0.00377338885825867
6.083979162326111,-72.05621717506318,20.948653409596336,0.005440698146017522,21.773996741655345,0.010802046953997724,21.362875108310703,0.0061008661851823815,20.64690790342486,0.004014894413892155,20.18447495747762,0.0037896166763750428
6.069592428503909,-72.05622090453066,20.771339772504337,0.004137323990719458,21.565309833602242,0.005441799520526262,21.180318798049008,0.003988580031871363,20.491036652402236,0.002858139948023365,20.065478719514736,0.0040791669830534645
6.058855342294675,-72.05622693991074,21.470420918663667,0.010763967668376818,22.495483388636174,0.018008489031984317,21.98206007565372,0.01262579520406626,21.08611669888593,0.008695870383035601,20.488433924194666,0.008669588604460701
5.975943823890513,-72.05621758314662,21.848367681681037,0.016185186349125084,22.951579135565353,0.02920175024362123,22.417419600998592,0.01854730837546312,21.44984689249423,0.012390181279718407,20.808496030865633,0.009447172872427924
6.089195015308574,-72.05620692674339,21.781989363587424,0.010772393616546989,22.873636380364808,0.02236550749548522,22.34913512993078,0.009077253702747867,21.427475019497635,0.006741153707527659,20.777021737076325,0.007800354505419664
6.076146934539877,-72.05620991452854,19.405227131884434,0.002656709040994477,20.12091782874389,0.0027060829377163484,19.8018944414221,0.0025151871844633013,19.349638943958226,0.0027327571291206024,19.128580090734346,0.0032922153621194493
6.051186186324587,-72.05620870975292,18.28655551892417,0.002511851171904644,18.743772320597827,0.001110266717742408,18.48764300544157,0.001329120946974589,18.188272372221768,0.0017669053537376796,18.027245980187637,0.0026749582102573405
5.959097520367368,-72.05619376239707,22.151508106539442,0.021118312345739004,23.26855719049074,0.051720664039288856,22.752832301331296,0.027678083785057542,21.667221310413282,0.014590972046084628,20.98933980092584,0.009657934336179461
6.077656363431368,-72.05619773350537,21.652056055458,0.008727251049553283,22.609061997891985,0.015206751867025567,22.200334173894014,0.009939459340395149,21.280254708459225,0.006822055848699809,20.656333779560036,0.007641666510081439
6.049442230136403,-72.05620049883859,18.874207780051574,0.0025935743169184225,19.40283247125864,0.0022561239895604428,19.130323461825064,0.0022960688701896435,18.772097167265173,0.002664778369476394,18.594590051085312,0.0032872499607907724
6.030958360700806,-72.05620947770707,18.572968084975447,0.0020613578846011573,19.03168720699408,0.0014537342403770509,18.778533094718327,0.0012697453066637591,18.44670740179052,0.0024410823582967016,18.30753793037711,0.0027772533794381406
5.9780555152792125,-72.05618572104606,21.33771705866837,0.0047925675794498555,22.28913585924775,0.009823914068134699,21.833305941139024,0.0048458712510803265,20.9912360960776,0.003427268565585732,20.457415327030667,0.003355843722685723
6.0785236574198,-72.0561783078967,21.38833578806224,0.0133025114176702,22.338792125634868,0.024823262672336158,21.906337870925263,0.017451308798248986,21.04866987392088,0.010291853366776856,20.4858063955893,0.009715632180079795
6.067813202131362,-72.05617685722551,19.629256308512286,0.002246799706873179,20.243240777124598,0.002084764504538241,19.9413956428075,0.0019612409155237726,19.4601088624852,0.0020483035511927954,19.204639665614785,0.0026921240010564593
6.0064342863807525,-72.05617991996893,19.320471959525275,0.006260373002344937,19.856285453025578,0.004775767073080844,19.577492384803527,0.005035902014248274,19.171708859088305,0.0055490265730406664,18.933187639074795,0.012383333974858446
6.090924320127017,-72.05615852587533,19.64050818267493,0.0042660642677638146,20.24070399514762,0.005307137080116715,19.918975468850526,0.00482577139497909,19.450928853457476,0.005657787968229955,19.2005960115249,0.008509417923696555
6.057151459801728,-72.05617459706443,19.8844507566758,0.0036973462891557807,20.54465216197891,0.005407057223259496,20.205199961005917,0.004152316667406165,19.709213780578565,0.003956231893045333,19.399255322112616,0.006592714016231518
6.050716481002022,-72.05617105458794,18.134513898082833,0.002266157270976968,18.584600536026336,0.0017309581671809578,18.34114658349548,0.002060405764307153,18.052859368982347,0.00255636271183401,17.909707360672492,0.002696901857650538
6.028121110513698,-72.05617269506591,19.429782236999937,0.002676523508692768,20.0203301951303,0.002402635909063744,19.713058465941813,0.0021225259517457713,19.25618996269076,0.0019660093135279244,19.05094350512175,0.002279765017125837
6.0036787508288105,-72.05617167466511,17.940416228907647,0.0016293909878482898,18.373994221407457,0.0010843311205726797,18.12793064750783,0.0013724352168186997,17.810837181051497,0.0016715071834152646,17.696527397814442,0.002528017779293214
5.97159514404212,-72.05616523474829,22.253410146500276,0.01742598247962306,23.560370184857824,0.042404722143159324,22.886143845964256,0.022342204029617195,21.7980756393747,0.01245373490771343,21.055109011402877,0.00806874490766877
5.959598514040614,-72.05616116138428,22.103491288462497,0.02673066847489402,23.36439965494595,0.056609348075839304,22.692373972193217,0.03363915953074537,21.73365935195678,0.01980803017773668,20.989288256080414,0.013906610959387574
6.03907485464035,-72.05616437689451,18.319283067209067,0.0012861776261365988,18.789119638949224,0.0012707454230253485,18.557969803317476,0.001129615281413583,18.198558074723493,0.0021599671773611,18.05782241006625,0.0023201101566067794
6.036216883694098,-72.05615188096205,20.798151975336456,0.00733906901588691,21.626898563587112,0.007809511353966408,21.20947230771037,0.005741510945417756,20.546232912449618,0.005210410895771355,20.09922689175471,0.0043965264689987075
6.023104615264734,-72.05615348897467,20.407790994575546,0.00594629465659597,21.19816054823424,0.007246624905892759,20.79492452142518,0.006068410524266646,20.192023028646723,0.007693243875792271,19.795548123009333,0.008352626902091325
6.081629981140519,-72.0561360028314,17.97774508950368,0.0010549871615915909,18.414656661984488,0.0008350553449951939,18.19234607380303,0.0007760553474601068,17.8642800060813,0.0015367969387625714,17.74679349682421,0.0027879327253585865
6.05822096677268,-72.05614690415756,17.914746170725433,0.0009430586579844979,18.36453424304913,0.0007730835770808406,18.125024343715772,0.0006470576141494951,17.803984773848995,0.001308356321713675,17.670042830268464,0.001683734128040988
6.009319028804548,-72.05613824617622,19.189229832242805,0.00668754983005749,19.80968186091505,0.005854228125605412,19.48095415830999,0.006132613914635643,19.03599481403461,0.006094257839758761,18.75763528139504,0.012815236216628926
6.074439210608816,-72.05612558859572,20.5804365631186,0.0060855535380034175,21.387008037060028,0.008557916639745542,20.984708704168,0.006151694092944868,20.3402789888155,0.005162492727980601,19.9471700225103,0.005083430749214275
6.0837604869162885,-72.05611295313064,18.433485819482268,0.0008606552403283543,18.88559410096135,0.0010727632822813947,18.648408070209946,0.0009085431343605383,18.308828870205453,0.0018155758218044269,18.18453825971087,0.002217584898189265
6.043276429212191,-72.05612158452682,19.662911650886652,0.008580373964814503,20.279532754283238,0.007609404415454473,19.966891041721844,0.008820204440342934,19.528196704555825,0.00939694326299883,19.25160710414506,0.008877752969184976
6.015848707271644,-72.05610848883391,21.1210900673827,0.005488494124970178,22.001487457217912,0.00935980288809985,21.592565041931373,0.005170057598188872,20.78449969078308,0.004139346792705316,20.285741649202116,0.0036190540493602776
5.985741481661775,-72.05610309684144,18.48387449070768,0.0014799101728109677,18.93998349106974,0.0012606204605247534,18.69855852112211,0.0014101407880539004,18.348365375505068,0.0018356816406019012,18.22936055658009,0.0027129038848500687
5.982486232685352,-72.05609216335176,20.157849444132832,0.0031611793916855226,20.856032260034965,0.0037035899103618325,20.496174191918435,0.0024733575293367374,19.942861485616262,0.0024670189391338654,19.643083911286176,0.0045066068083829194
6.03578830037613,-72.05609598779975,21.79480546538161,0.013588753225726375,22.873721643345853,0.025565772065941694,22.345988182968846,0.013580097282981103,21.404993428222767,0.010574910285478027,20.701179276640786,0.00914528129856339
6.062784537644685,-72.05607082523728,18.922330190625832,0.0024525717309292322,19.436010968813562,0.0019236064729037069,19.15884570056847,0.0019095012614626318,18.796221288628004,0.0022248347324678964,18.606281755023673,0.003428142643112023
5.996532580280205,-72.05606937211645,18.398668066949423,0.003646736269966234,18.86534562134547,0.00300409307218697,18.59818395189358,0.002973382461245689,18.274258878158527,0.0032866336210110926,18.139782660276893,0.005452776850365219
6.0518763696777045,-72.05606697015726,18.141600661992758,0.002117038604831706,18.601306144292934,0.0015249574326159873,18.343505985081634,0.0017539006070089742,18.040324416260198,0.002045359878765158,17.891016876327775,0.003080747363098862
6.033548316801872,-72.05605456394703,18.642035056218642,0.00211804097344993,19.152883103539814,0.0013212723031726349,18.88136240513412,0.001369323075569428,18.524046202813757,0.0024152376796106123,18.34028279191297,0.004757522584914497
6.030271781384685,-72.05605543847064,19.938102082670763,0.0023146978899935187,20.6170848639968,0.002733562250942571,20.252543545860128,0.0019176583170147504,19.72465720143809,0.002201691518146697,19.424189183803612,0.0024908759292498993
5.995189904943871,-72.05604031848961,18.662639723908722,0.002319005038493006,19.111101952276684,0.0023623018154545128,18.847347647794926,0.0025278015899122194,18.53081242665141,0.0022063144128600864,18.38308255375822,0.0029827147644883277
6.066384037349437,-72.0560361579508,18.97125326594134,0.002430090649872138,19.44579894055738,0.0020752559578777357,19.212335135245915,0.0020028116931116295,18.82702288959024,0.0023690612167243186,18.647332521879697,0.0062819740285359246
6.003464431484392,-72.05603540157338,21.830232204923004,0.06179993123265297,22.939315600476455,0.07867431897737687,22.33008777243036,0.05907375815402466,21.488800130371665,0.04514263650937212,20.839827024267308,0.03893963214472912
6.0633455976693025,-72.05601297584742,22.119494846895254,0.021378148000577673,23.21697076405475,0.04548691955562179,22.748011282887397,0.026914361677966778,21.68884236783748,0.01632727490181386,20.993400073768647,0.017415307712627608
6.011706990819443,-72.05602148986365,18.79346190452635,0.003212905532057947,19.27645100728553,0.0026494500445381325,18.999851757444404,0.0029216074161775305,18.646736952567117,0.0025828969238152174,18.4858536034965,0.005484472117482428
5.998044996395287,-72.05601388328424,19.76247713820843,0.003056955298530541,20.427096517898555,0.00312116349862997,20.076677129116824,0.0026931776605550366,19.47501117792678,0.0022783405846772947,19.320109101470074,0.002752373252220918
5.979113102717548,-72.05600862830781,19.342975100410694,0.0026346545892843697,19.90625644542873,0.002821997587811034,19.611133694447297,0.0026209365917873734,19.180834690372528,0.002639596777111802,19.000843622333406,0.0035803721225399114
5.971089260000003,-72.05601434534566,18.12846462442842,0.0008215863477400711,18.562536948807804,0.0008021525881149973,18.306265708262075,0.000696330101086364,17.98921818169022,0.0010829178606131967,17.882103164392845,0.0021808023608414578
6.004048209617595,-72.05600505842455,19.715249415526966,0.005191727607411754,20.348104271437286,0.004251002530312296,20.011599429069967,0.004228334514080418,19.516288530140102,0.004779607219418114,19.261917514202004,0.008736746983858566
6.078927451429833,-72.05597445919595,18.545095525242093,0.0011020692959178334,19.01187019980221,0.0018177570849558981,18.77390212138367,0.0012512720070136053,18.41929067748554,0.0019068730003387214,18.283236989124084,0.0026917607458632575
6.002555637751388,-72.0559722355821,19.80733878895585,0.003397059651529081,20.46091657268407,0.004345747485997389,20.083808336021143,0.003372459492791298,19.614707811602578,0.0033534807974807948,19.345393368516945,0.0039093170342645155
6.085273346807883,-72.05595680901698,17.796387972313045,0.0014202395384310129,18.217453381487005,0.0012527597302257486,18.0003799703369,0.0010069697492721518,17.690175179109957,0.0016856285738105973,17.575806086121986,0.002147500733734791
6.066003689343684,-72.05595686622931,21.84284490270922,0.051827971352566296,23.039361991137433,0.06461581316757747,22.380392755349405,0.05060565870878341,21.441700160451234,0.04048614488422781,20.704886721624234,0.045623996617943925
6.052552729515727,-72.05596599081203,18.17332219083575,0.0022805317140038714,18.62898171481666,0.0015954191174721093,18.423426964923216,0.0019775811837729343,18.0713910912108,0.0028722773812558393,17.92293527753467,0.003512441307728921
6.058482444930238,-72.05595009873063,19.861164911580307,0.00348951113080949,20.49719140379929,0.003190360590181462,20.15512880320604,0.0033438556448770447,19.68200529155547,0.003085164761482488,19.387708204420548,0.003973869580170336
6.001452858645467,-72.05594099963739,18.152938310864425,0.0019691793752393467,18.571140407728677,0.0016288281849478777,18.37137063763422,0.0015926358617989738,18.0249129838545,0.0019353656125289242,17.92009368180146,0.0024818447493282
6.075002777695593,-72.05593473175603,19.372751830707738,0.0012221549036833543,19.936081621416697,0.0015588321435720555,19.639565255212254,0.0008588222661570596,19.216794375372636,0.001231872650497797,18.973765408234748,0.001963168072805545
6.05891076858639,-72.05591816956289,19.583538611438915,0.003362025812817868,20.16592272797869,0.002429616107982775,19.857212051753123,0.0018949505804887613,19.422624049120856,0.0025066430395045314,19.181958137834535,0.0031627467344834416
6.0288360895941,-72.05592199831895,19.154983181981027,0.002773630490641502,19.6891557377769,0.002464534412108992,19.39908386632184,0.002187613742447089,19.0104216071545,0.002395236614455192,18.813116691891217,0.00351170129364647
6.024540314633468,-72.0559253532631,18.969193954760204,0.001718448105791625,19.51275759859623,0.0014796236398561227,19.25384131669545,0.0015595500916273178,18.838309592607445,0.0016871017944061848,18.62356985109553,0.0023166240877775133
5.997609793748646,-72.0559210618026,19.782304662236694,0.0032282134034641915,20.550071997401133,0.0033478066328821807,20.2489762359545,0.003497341257349106,19.688500676237055,0.0028600290057990896,19.420493325982775,0.0037423515880866585
5.95725455563888,-72.05590239909768,21.454332163474827,0.008765720387844445,22.291232671113264,0.015326383483500012,21.944182505728243,0.008851333969525865,21.03962273212528,0.010020288495633488,20.49067725974121,0.014041002935468347
6.053272313642266,-72.0559074583877,19.441309519747453,0.007126768432981536,20.0391765631594,0.005427856159954697,19.74603515586317,0.005953972356308006,19.272387996976207,0.007181603950745187,19.051658175356955,0.008108030260077713
6.034550346917803,-72.05591218064454,21.03018332699818,0.011551474541018006,21.931286373528927,0.016207551754736302,21.463222008345944,0.013082882453737227,20.711349318609138,0.010865453227898416,20.261805681206482,0.009172962426443384
5.992601257846371,-72.0558995704916,22.132371199491406,0.05451410184916367,23.36036496731809,0.09026424595138088,22.868553542921624,0.0679322593917504,21.778616935349945,0.042793863000264463,21.087855414356625,0.03349786076947018
5.987709210349753,-72.05589980139413,21.671253295811066,0.0163318134416938,22.732979306049444,0.036315200112293576,22.17903215087818,0.018060475698853197,21.294802912414276,0.014260863810355762,20.700390150998615,0.009468857166172358
6.078437277049498,-72.0558860283803,22.140912443547382,0.037855173465996234,23.51914705484881,0.09021570335812074,22.91307202600595,0.06529850086779272,21.734980501172913,0.031378235102120636,20.971231718401988,0.03469071198056844
6.063372336409901,-72.05588262923513,20.726425100224834,0.005208549591151014,21.571958725373683,0.008860052598222298,21.15201856608602,0.005290319946876225,20.49710043839699,0.004330252412762474,20.05324498615923,0.006870766447618252
6.0272646132531955,-72.0558628932878,18.33242494570766,0.0027236756943169334,18.796025831221513,0.0016405728617063641,18.545528554204182,0.0021337550340731455,18.21395850697528,0.0026053766698782574,18.095824850159353,0.0032240994108485863
6.01878182049695,-72.05587289840777,21.287684801494752,0.030370990767123067,22.211690006392985,0.04586752826551556,21.730959361630774,0.03512440296461925,20.90434719569162,0.023805017975136317,20.48595074884691,0.020536125355756163
6.043766000035755,-72.05584870763454,18.582296708260518,0.004230067175313311,19.04312477532448,0.002958931925409083,18.791304688016545,0.0028991500077953504,18.47225212925055,0.0037036333697974284,18.338850688675407,0.004430737866099766
6.013755207799029,-72.05586026390806,18.941865468877157,0.0008623505581652896,19.42684057167743,0.0010241766407914786,19.158528666931907,0.0009213256132203558,18.800396817211805,0.0010855771344662607,18.63697791983045,0.0014536737423658567
6.0612836619516255,-72.05584154341211,17.796696218155137,0.0019075589378786306,18.23486645372907,0.0010735696123483286,18.002623207735006,0.001253671989564009,17.690370259421826,0.00169522458289949,17.565461173929343,0.0022056874819625445
6.052563787392288,-72.0558308073759,17.760582238563618,0.003317494894621999,18.19650719548919,0.0028046322994747267,17.97766521754952,0.0030679184940971592,17.668066295946886,0.003320038355774374,17.518866283845448,0.004546146232738545
5.992999620880639,-72.05583168557595,19.10167159277196,0.0034194187167696324,19.615053671277238,0.004116341512435177,19.326815156014064,0.003920559466926613,18.93544388311753,0.005196219962794425,18.758481420480457,0.00617794488694181
6.018114509884622,-72.05582279639688,19.01472526271699,0.0035885401826279686,19.52792769062477,0.0036643921689212895,19.26389076902131,0.003327061207584282,18.868287274818734,0.0034198251643976652,18.714299982194127,0.0037343023650776635
6.049829624349134,-72.05580639543726,17.93906805219434,0.001440635510684209,18.369260186440215,0.001164591383053405,18.133765142660366,0.001312215413353272,17.844025872355445,0.0016654429735859146,17.688566659448767,0.002300746226032486
6.03138103702111,-72.05580803679729,19.183589825525527,0.0030894273588214696,19.732517981874096,0.0019675940719473387,19.49855101040638,0.0029696341430766366,19.039003697795728,0.0024294823503690803,18.8715707060545,0.002958182493540147
6.020091131832235,-72.05580768093537,19.911284630331192,0.002944823297012609,20.60908301228629,0.003920557523045764,20.228755656686516,0.0026769004505143054,19.705099790476083,0.002901636613412515,19.40736676204463,0.004503374479302795
6.069847712334137,-72.05579614525408,19.35574074503157,0.001656384653038188,19.957275247515696,0.001999837650360564,19.64896061914243,0.0013054668166877282,19.23852202771382,0.0016390902732334423,19.0068985504465,0.0022114383191118208
6.067205860338691,-72.05578566646862,21.131727488685993,0.005361559845468316,22.02559320865572,0.009360936217468944,21.592767463915365,0.005587587255696413,20.803270916779077,0.004854361085936012,20.295322549824746,0.004430445161083259
6.043316766221005,-72.05579801712172,18.329344094123666,0.002865880905813218,18.767899800887832,0.002066472468061204,18.541297957012496,0.0020249055176408013,18.217347330810526,0.0028471581602899864,18.07892295514788,0.003318370401031579
6.036567092080941,-72.0557938052256,18.903358571983656,0.004926325044762777,19.413879798813262,0.0043958941184998376,19.138084723773694,0.004350792214976158,18.779153366418306,0.004999590693759927,18.604738624928913,0.007020319955679642
5.993275876989961,-72.05579332586225,17.930703668927155,0.002108346530164054,18.361190763415863,0.0019138519558164681,18.125529961052358,0.0023645283437300777,17.809611004180226,0.0021350459576854877,17.698335406545546,0.0029480947572499065
5.992496757869864,-72.05578629440085,22.001626940583424,0.0321384993736293,22.962199510983147,0.0450093531229384,22.552265805595603,0.03259690800272321,21.570613203928097,0.023203372133586468,20.90122411233959,0.0410183561523449
5.988507762923686,-72.05579702354026,17.939776975528577,0.0012110420501007244,18.38387259995529,0.0008638582736750182,18.13589119363509,0.0011220062957167595,17.826784908552213,0.0015957271998373321,17.697181397413544,0.0022695431771388255
6.058077811452703,-72.05577522535604,21.21844714088731,0.008654724420697304,22.209992122655187,0.014472181328178972,21.708042403937647,0.008841104965537793,20.9433000814267,0.007397933456588633,20.37289901474246,0.011293364841788786
6.001369300915701,-72.05578524435863,20.530197538322053,0.007758204317207173,21.28447850690904,0.010506362903624512,20.894799734787917,0.007749265572173288,20.26560590105818,0.009178309600054465,19.9004131342705,0.009998335543352907
6.051878085584244,-72.05576069172089,22.021637972476785,0.023351653356638313,23.092760510614312,0.05175987596934353,22.610539336686273,0.03507820606043782,21.636249222092786,0.02070498294691572,20.848119147697062,0.020599809405360346
5.990200367815299,-72.05576362196635,19.21463203522684,0.0024501687719413723,19.77575424426084,0.0025934514048138665,19.452994586957573,0.0025595548710640784,19.064139627163065,0.002146574835809336,18.878552999851166,0.002339351041875749
5.983537758429089,-72.05574914245528,19.49031178754112,0.0018400921881499342,20.05230081274837,0.0023075685279858324,19.74636310208927,0.0018109195004116126,19.31892967262752,0.0020433377015494094,19.11806429009966,0.0027267356941228778
6.027675524589734,-72.05574369655153,20.45315441063762,0.006910454269038128,21.227698169331134,0.008041246583216461,20.839553248675877,0.006121770968797842,20.20010743077907,0.006098630113770785,19.857362378772983,0.00861055274562588
6.032188606160855,-72.0557208688211,18.6568052343943,0.0009015858873672324,19.142934655054773,0.0008792897716983944,18.887754629667207,0.0006023050829162956,18.532188362750205,0.0012474230918872898,18.383910207688103,0.0016584437413417195
5.987768516717629,-72.05571571722645,19.93781821664305,0.0040466541230171245,20.586144644537754,0.004504723594826961,20.26169530365604,0.0036850072189560865,19.733555532284747,0.0033177856585857703,19.462850429623863,0.0037179089155324873
5.986152797690553,-72.05571113307438,22.042837932610585,0.015698850348660188,23.26059124522459,0.034706907854184614,22.658626852264334,0.01763990842304696,21.61284000707083,0.012523225535448672,20.953474173633886,0.011362092210640365
5.966714754690728,-72.05568814069912,19.614610395448484,0.001251593806602578,20.223796381506354,0.0019302805311074505,19.887573105835045,0.001003911136730586,19.418152361368364,0.0014146081782494672,19.196385907089415,0.0022861900710161405
6.064956773841924,-72.05567677550806,19.9189750374854,0.0022311489177050245,20.580000243484513,0.0028366592146738534,20.251426949615784,0.001700512767228237,19.725895302537552,0.002272766426195489,19.45254499945603,0.0024767969718763757
6.064264176052204,-72.05567811160817,19.4429157638252,0.0030273150754021854,20.03120688388107,0.003545968660092942,19.726050418849034,0.0028845935040219227,19.291324199646084,0.002321595241659633,19.07450838348037,0.003516092126375827
6.056769179628189,-72.0556854773397,19.301651781641898,0.0023675782710860576,19.858973446672252,0.0025054137951264445,19.558493882217746,0.001709978158183579,19.15332881945099,0.002406927888629538,18.9160013145774,0.003239570723073823
6.065563294797255,-72.05566435781634,21.519532002122293,0.023016658703602054,22.55489731278427,0.02730275811504024,22.06748451455819,0.02549618741638303,21.16713867432925,0.020467613781744838,20.6197732778133,0.01808310207199479
6.041673194446272,-72.05566894832046,17.80768945144025,0.0006466552799211876,18.23995670180166,0.0005082316738736929,18.040347752404003,0.0004986794022743998,17.684356932835158,0.0008288430499107731,17.559034352166066,0.0017102459257591085
6.034581247868146,-72.05567881157705,17.89061525307952,0.0015992833152900265,18.34737949456032,0.001320033119053053,18.109805300046332,0.0018743528625277377,17.768664461054442,0.0019690073686021922,17.65515630868005,0.002728181138605289
6.008554122693561,-72.05567797662663,18.92524869174672,0.0036702349082796764,19.42348598755313,0.006008472275457685,19.14280430871888,0.005219171146810873,18.782892526320353,0.0035185655072632735,18.623367287700816,0.005969626784992707
6.002158476798392,-72.05567372501655,21.902790085518777,0.012363671094196423,22.93911451972562,0.023941853645373493,22.42679634006955,0.0140497546436839,21.496949225329047,0.009058635985496334,20.83096949057755,0.010605358357942078
5.982583096441043,-72.0556685721498,18.51243282175157,0.0006875628987229792,18.982759616633494,0.0006869578883362589,18.73535539049861,0.0004631583392019529,18.373770463317477,0.0006994093172222502,18.24074510524956,0.0016438525452022595
6.062924589782689,-72.05566011471082,20.72523081099983,0.013517684478400625,21.565647085336117,0.01888729039892187,21.139349625134237,0.016935598317499096,20.48204233105912,0.011749703306832957,20.084212118859178,0.007570120230461359
5.9587443985745745,-72.05565141581815,19.224770275263214,0.0011849585253247757,19.753944925694114,0.0014165128553456174,19.46496783174493,0.001053057519605672,19.058253821888158,0.0013074053119936505,18.88723149089372,0.0023777262705459365
6.070428445380591,-72.05563870778583,18.52294002166966,0.0019072041621774494,18.989979327676636,0.001751230633457344,18.759614125221,0.0018312278955927126,18.377959389288378,0.0018833011859096728,18.228050657979217,0.0022842544672062883
6.009799846782379,-72.0556363481101,19.118131680439962,0.0020596118791182745,19.6354462075152,0.0014141375824315945,19.342131828847087,0.0014715413772422815,18.959780422741837,0.0024633660839290814,18.793268672875023,0.004300312389766909
5.984075264292759,-72.05562856725001,18.813414519653595,0.0012076195961122128,19.32798500245763,0.0012935314684201465,19.036859040066382,0.0009758112162714195,18.659007848212802,0.0012765351049313144,18.496039499933964,0.0020301431951877448
6.071275198858855,-72.05561374030437,18.014658332402927,0.0007606978674354088,18.441078382200374,0.0007670489978386867,18.251209079587213,0.0007425633373603157,17.908513666413477,0.0012354668990360593,17.776597693601623,0.001786466931989366
5.972030920519493,-72.05560370233513,18.965965129969486,0.001391256828098246,19.469247404596956,0.0013369081966056978,19.21961191594142,0.0012590897964602139,18.798842284123268,0.0016587293347235267,18.646616065944876,0.0022793267312475212
6.0257392083278,-72.05560556591126,18.033244333445534,0.0026398264983705415,18.463402103276266,0.0025104884448098603,18.27202279740729,0.003016076043877684,17.924505373669177,0.003161472743231411,17.79288045710006,0.005669479360341825
6.014999458978851,-72.05556952467605,20.1060249429967,0.0052027209520438015,20.8112177636027,0.005506628701620774,20.437504810698385,0.004761510655067084,19.885609243201543,0.004181145896547102,19.54985323070315,0.005758486051265554
5.996037480816959,-72.05557151923668,19.6128105780051,0.007454551635771257,20.214859974228567,0.005426711155083182,19.907657704968123,0.006012710041487608,19.4335665847222,0.007196072207134984,19.214854391191594,0.007400740967583143
5.9761985746334,-72.05556876977593,21.47885723202049,0.007885358913412879,22.503277322971783,0.015760785753071483,22.056377007157984,0.00909923694860659,21.118860234537166,0.005574815281492615,20.517484712257392,0.005401283241954086
6.043687448094811,-72.05552685538774,20.368874926059153,0.0059943539089918965,21.176441719366004,0.007703564562933518,20.75540878969153,0.0066893578734659705,20.144971299907525,0.005347761343658623,19.761605485265534,0.0056324866511918825
5.998834174243884,-72.0555343374357,20.827656364184026,0.004382641567487047,21.695851535275025,0.007892356430258051,21.32105348682665,0.005468287958482664,20.55966960136245,0.0038872419746514226,20.108880861448924,0.007284703228651103
6.004849789500779,-72.05552003782824,19.06076366730782,0.004512635490034844,19.57677619414647,0.005073556593915456,19.30471010062167,0.004516698023828957,18.917148116422496,0.003986502165598571,18.74422736983606,0.005038008372990939
5.981820903990445,-72.05551380946285,19.851245241690567,0.0023357750554092436,20.50383814027984,0.0025424513592535495,20.14313505798424,0.0020036836771680413,19.672023213136328,0.0019172108142204614,19.418255754079688,0.0024040466418662255
6.069474037433542,-72.05550193225916,18.28222734310508,0.00171268811949904,18.72234852710382,0.0011125438494027876,18.481725833024562,0.0011083622437905488,18.1681405872124,0.0017830657061905868,18.047837657562475,0.0026602219016567718
6.008277964695276,-72.05549410203889,20.909326445110896,0.01854468106782059,21.781190143225686,0.033723052051471025,21.400733994628162,0.02207759976299964,20.6736508155616,0.01366239260247254,20.14022367630576,0.017506680801396453
6.033619613715636,-72.05547893970967,19.080266029325944,0.0037848457274304885,19.585888569756534,0.0029742261439654944,19.34889724137083,0.0028957331871602783,18.93551522134564,0.005838090525184146,18.73348566256756,0.011720398475730745
6.003012799717062,-72.0554710135771,18.48223795512145,0.001501958182434855,18.927183183347893,0.00099423809769919,18.669804766796197,0.0010989059368158752,18.356702713264255,0.001436238079557742,18.22364706808313,0.0019651891606230574
6.063953346676217,-72.05546528914324,19.572626450539946,0.006311507884628085,20.19452530353189,0.007397540218072749,19.859401623337504,0.005626023861086913,19.419697190286044,0.005531388294491457,19.16340785807253,0.013309272469588447
5.965874419697001,-72.05545995500258,21.095253772448334,0.013073212006484971,21.997950988337905,0.016635239094047422,21.593548186535678,0.010990705649071102,20.77375593965872,0.009783697762105243,20.262790674120872,0.01140169387946051
6.031859606274017,-72.05544451898673,18.7430507951651,0.006256147345553611,19.234354328193618,0.0038181005540829076,18.965772520522954,0.0034974753989843728,18.621958591461237,0.0053160071901937785,18.473256869915893,0.005326915758870033
5.985963245148987,-72.05542328910411,20.105153890771472,0.006183220553089962,20.798737593451577,0.00720101414886824,20.41919987007136,0.005869108652283831,19.87842173999485,0.0053999215252413385,19.592029599377405,0.007228045292118524
6.023711010922325,-72.0554019429365,20.131755193124267,0.014622527296657672,20.83678454137786,0.010488019180934591,20.45463884226202,0.010119750460554489,19.91087711738801,0.013459578652381208,19.619018536783763,0.012864428370162256
5.990405404190186,-72.05540398811695,17.791976639405195,0.0017420291525612505,18.238582992631976,0.0016132383207155597,18.00177374089963,0.0015819314026811041,17.67326682306677,0.002126372368332045,17.550599521377542,0.0027251352752747917
6.032636452690741,-72.05539462886519,19.57258080297414,0.004708781743826306,20.169438539303755,0.004947007502129139,19.82538334197978,0.0050374196699759744,19.40433336455547,0.004820272322764159,19.17486027986771,0.005502208632795834
6.061969982699351,-72.05538114401205,20.206066564527948,0.005466359391614593,20.87877814937979,0.011299276965484505,20.558030644331737,0.007827086192803109,20.0178236952733,0.005078048803322616,19.689245521663587,0.006156826904153479
6.032944374500294,-72.0553810063551,19.245616209637884,0.00311669071421314,19.788422272120762,0.004058322281938886,19.487294863030186,0.0031384996834223433,19.097932533437238,0.0026940143435316287,18.89258922576601,0.003653385837726133
5.972180338422898,-72.05536952014553,17.9243252807365,0.0004756290195655748,18.355206767725555,0.0004340458453170413,18.137352981482685,0.00038376284651035975,17.79246737206679,0.000585492764661497,17.675726579078464,0.0016021672054804318
6.040447468855951,-72.05535669711679,18.09809473865293,0.0009128199601651296,18.540539408506916,0.0007304604118702165,18.291293664650986,0.0008485077954258239,17.982491286490138,0.0009374160751058005,17.848590919975464,0.0019322596266123304
6.064203408921108,-72.05532958086931,19.384917773835756,0.007820958594896071,19.967084711521608,0.009688896333527847,19.635356443040173,0.009362558111411332,19.230622610204612,0.008457282902889727,19.003145011544973,0.011369093595276596
5.98899648623521,-72.05533771008243,19.923817752939346,0.002612317989043982,20.598287797635983,0.003212871017779712,20.229945133637223,0.001955051146076667,19.723922733497375,0.002996579275345079,19.418407772238233,0.0040606467890625065
6.023032083300389,-72.0553078932664,18.946558354526413,0.002087045778439887,19.475092953803923,0.0018985658962363994,19.187032212576895,0.0017759413766312527,18.80940624479897,0.0028840453700164892,18.625557651566602,0.0030684670791744466
6.021014902219892,-72.05530727251761,19.510884643498773,0.004659796905842775,20.094479450189212,0.00402208351392215,19.78212055554652,0.004081437674727485,19.3289772289897,0.004134885685943028,19.115585853572618,0.008699017703037546
5.970423466088742,-72.05528403564452,21.397885898833454,0.01199637776275131,22.43785316975682,0.017844386598459654,21.948123430830016,0.011491415089947558,21.053186159705007,0.008326745198916347,20.437717500692337,0.010014845752973275
5.9615394039150145,-72.05528726179149,20.02858782623674,0.0024076759969385163,20.689222244770463,0.003267897940233631,20.34723923912106,0.002343865122825435,19.795428544646597,0.002128767615334701,19.537791411907833,0.003301720438684614
6.007013093885348,-72.05526520773469,20.203715020268678,0.012930787855967667,20.91646826325554,0.01034939545868435,20.54106971939553,0.011173324512384713,19.979907275000556,0.012677999123317695,19.66156902168464,0.011864094976833927
6.033038832279553,-72.05525806823972,19.796980450224975,0.006147201999578365,20.453235394414584,0.00755019605592812,20.113955562951134,0.0076429696438667675,19.616620704397363,0.005847388372237447,19.355984706279337,0.008212690537720878
6.006531670211454,-72.05525186184556,20.912491153213967,0.032295204033560475,21.700841801696058,0.03940833973917815,21.258326533281625,0.03365218602661664,20.65800840836345,0.024924063995124087,20.16942064464928,0.03346707587799945
6.058452352072097,-72.05520741325462,17.98941554404527,0.0006708694476533038,18.423915001552842,0.0008501757672174751,18.201802500202675,0.0007229161852034934,17.87334848161597,0.0015788312187325262,17.73891369735535,0.002341016216129845
6.04205871263126,-72.05521764106153,20.178555808060654,0.0040627868781121885,20.88014609063859,0.005287815479081045,20.522737449485085,0.003939140156646648,19.98139623138851,0.003317798169051154,19.63338095965284,0.006360076397562861
5.990740476367979,-72.05518724687737,21.71471314929195,0.018054319050202695,22.894966565627584,0.039617178111638646,22.375104527565412,0.025180301543459536,21.335699982893004,0.014199633069482895,20.690929659542867,0.013556059948586104
5.987866713053667,-72.05518945791033,20.966459467967294,0.00805307792197986,21.75352376039661,0.012544304664652844,21.37177602735661,0.007962459141601671,20.648158724047384,0.006948109879354399,20.17225151910595,0.011965708849757341
6.041147822515703,-72.0551800505868,18.548695774466875,0.0020070617109531294,18.996819509994147,0.001563840150851126,18.757830714987172,0.0014418632792869974,18.42312180891826,0.0020298993880613833,18.28589426081104,0.002810812057926654
6.008644813208034,-72.05517959943262,18.240238460444136,0.0019006921649063768,18.67215446668755,0.001672159343635665,18.444321594834733,0.0018774062162884844,18.119313378368467,0.0021218259204200305,17.994510290949314,0.0031703087807698903
5.98819055248545,-72.0551757786067,18.26911787326269,0.0012607183120582858,18.71021128577849,0.00103660341106219,18.45168160993007,0.0009688168121398998,18.132396448079348,0.0013918844979146211,18.01514823240238,0.002475323549025402
5.982367742312999,-72.05517493097568,20.105894751559536,0.0023921253140826455,20.87840686566321,0.00326169407907219,20.48313218811768,0.002053889799634055,19.959159969214504,0.0014857912942043423,19.631284230728596,0.0020329024389623275
6.000964443888258,-72.05514532329317,19.366530474320502,0.00204860619392272,19.934711749267123,0.0024323882401047713,19.638081726455844,0.0018217903079749255,19.19240396611452,0.0020422467510587137,18.990660445567542,0.002737626247924852
5.976782364580004,-72.05514062649678,21.39726806384152,0.0057776574393869,22.395205626032364,0.010929492010188509,21.901807155045013,0.005468815965398476,21.030200608609086,0.0038354560072533083,20.434601799646572,0.004005575989945404
5.993649369511949,-72.0551066975892,22.696685168485306,0.03577109391667414,24.123695416313417,0.08431995442069677,23.3750779568742,0.04186191190159116,22.216003758988258,0.024907560797756245,21.28722071828684,0.012296231539545233
6.056830133604018,-72.05509491624773,18.65053721806554,0.003351088678766799,19.13928577838915,0.002565316734677468,18.874411350909767,0.0026847168115390853,18.53333058587686,0.003686771832750535,18.3457443714124,0.0051793775019028454
6.032179989613194,-72.05508127687824,20.662675628242777,0.010984704907993009,21.486931541831176,0.016386919361214457,21.08195745624203,0.012913439199505803,20.370431854744844,0.010775759208976768,19.905130823472305,0.020087145396191986
5.971876396775848,-72.05507440655995,19.481456295693537,0.0018532276186819976,20.08728607899502,0.0020406928177581518,19.789020821396342,0.0016195441136728926,19.305909864220382,0.0018552115016709828,19.11259281018456,0.002268460185120629
5.969289240935619,-72.05506096710178,20.289779365936983,0.0031253086343451864,21.009752103065118,0.004050804916142562,20.629998236133595,0.00296570199766065,20.048582073825777,0.0023848301106169727,19.748455825729998,0.0031416187262928025
6.051487816522333,-72.05504100524176,19.831754617458973,0.003125534876650422,20.452149583091092,0.0028213710678951227,20.122563559179085,0.0024011938495638587,19.653131627793385,0.002954848966509297,19.39017046449048,0.004708060265102948
6.037862021925447,-72.05504678527949,19.21558584042847,0.002196738440859545,19.79693160383028,0.0019865619845298686,19.47990160109015,0.0017130113764338554,19.06243526398532,0.0021996656775683313,18.83663974850331,0.003931340180611832
5.989302851961587,-72.05504012212646,20.375656730177152,0.0029161163032564684,21.1487145332433,0.00387815996588607,20.732977495330523,0.002375249884449421,20.12552938809354,0.002679444589413523,19.78575086199998,0.0032165225374454487
6.030809102051916,-72.05503567491864,21.11053672649067,0.00587458155925733,22.044823925125215,0.009319981763058163,21.57420848281874,0.0050828700527302045,20.82187925684002,0.004449831094814514,20.339834942768206,0.005893659859830638
6.038216066058775,-72.05502516386676,20.328568871353585,0.006758638000906644,21.1066892672998,0.004979923186695566,20.7143716583165,0.005003326994364945,20.111112583504003,0.0071074000881783455,19.758967823776388,0.008366353159135387
6.025255965242411,-72.05500941673056,20.811182159383673,0.00801235316361922,21.680051844043227,0.01171727255266162,21.217441732802037,0.009394748860533717,20.532999834616888,0.007072807386861158,20.07782804853087,0.008681113751157115
6.020020362802824,-72.05498465420351,21.015364905459034,0.00926701233360771,21.96173512255959,0.013549661515657542,21.47798608776069,0.010619558056972992,20.730949688647122,0.007134752254065298,20.23797896658131,0.004988133873483319
6.040068408983667,-72.05495904428477,19.80475653395317,0.004660766184913792,20.458592715865784,0.003988369274500227,20.104052498611296,0.0033512862237918078,19.613310816666655,0.003036310128000099,19.34160719232633,0.004861745097842131
6.031967549871762,-72.05496627020071,17.581237085673504,0.0011535720512852391,18.049773096563882,0.0008661387347931982,17.790001278428967,0.00101322297482,17.46115216374536,0.001418209214258293,17.306360382739832,0.002324289768934359
6.021882274234176,-72.05492894766228,19.64480531148448,0.0022070384134273142,20.282955897106604,0.0024144906204077604,19.9557446485261,0.0017193529653270624,19.462073991436057,0.00221469769472119,19.228805931500695,0.0030328547295552922
6.050192434955529,-72.05491504617508,19.236094921049894,0.0014890860995696858,19.805064084830562,0.002043927305372282,19.496041362311843,0.0014368139492883117,19.097222557511444,0.001777326764880018,18.874448487324543,0.002128466451673409
6.000556260703714,-72.05490011709375,17.819558855032074,0.0015154200034956434,18.249724373725883,0.001055417656478784,18.014695197100316,0.0013521437192273353,17.690630664955385,0.0016882327354603537,17.579036344116524,0.002206977258202433
6.035616003514583,-72.05490092753233,21.599019528688952,0.015063675864365791,22.64154086841549,0.02737302371641722,22.08767848538303,0.015399533636908744,21.189145554765467,0.009397040070308449,20.5829894561816,0.00973850152169939
6.001326142136727,-72.05487633578268,20.951677258993723,0.008319270180536536,20.56936518328922,0.0037640896565392184,20.713180461047045,0.004704162609475278,21.07870473885867,0.011537660251733093,21.78147679054637,0.041741633228679874
6.0305723043245045,-72.05487348937193,20.85321715067207,0.004898656709530946,21.68143386322336,0.006533552279092559,21.266741273624724,0.004203609054283276,20.56850069535311,0.0032914749087705132,20.115914176256666,0.004334823851832738
5.987057293055261,-72.05484901516344,18.281545042026654,0.0013593071790612612,18.734377586877166,0.0012903665440738086,18.47757456719536,0.001056879390139353,18.14727324560412,0.0016162190969449737,18.043492762943153,0.002900855561910592
5.980642102319298,-72.05483680962456,20.674906490274832,0.007649659581290503,21.486561386718385,0.009023279754661658,21.078232872565764,0.006492162156099344,20.40989563881294,0.007429119996518663,19.997098543100165,0.010168087770375818
5.977900338354029,-72.05481898666027,20.26741674667038,0.00338217414768736,20.997537346713607,0.004147178363271102,20.646455347063032,0.0030194838255692765,20.052637320050707,0.0028901873428544777,19.73582819911426,0.0037644214524209874
6.044639060068309,-72.05478756145926,20.47992284461772,0.005380750588482488,21.236760828692816,0.006054881099370206,20.8351049028793,0.0038519273204562473,20.223633217309917,0.004453097493995353,19.823009074377637,0.008536152106045618
6.039211382516514,-72.05477474850758,18.544753997421797,0.002619686857262666,18.990446314822805,0.002060667118480809,18.7357033297383,0.002310645226608271,18.417080069066557,0.002600259501577857,18.275366099278436,0.004021428210247657
5.984331511530433,-72.05475704027322,19.45545714752635,0.0018825848702266172,20.05088829952824,0.001616194342642435,19.72389601449357,0.0017435465277144849,19.291855268815112,0.0020676931993034984,19.094574389960137,0.0028780713410083403
5.979167078193062,-72.05476552753449,18.63066722629704,0.002468763190338097,19.08954970527865,0.0017359715905756682,18.82251072268926,0.00252721929995211,18.484446897192782,0.0024612508393312476,18.36236011294924,0.004232706599301299
6.0336661719349545,-72.05475232892971,18.68872937775905,0.0014910230333155098,19.192162030835085,0.0014364314872704613,18.90679624450057,0.0013159076434614426,18.548426475834212,0.0016278247205266897,18.401113849933417,0.0024388473832159968
5.990534478290652,-72.05472558266581,18.151210786328324,0.001997277690061481,18.59742653384167,0.0009361107805881448,18.38924249420205,0.0012683340659578885,18.032801973663908,0.001777699202117403,17.916533723756793,0.0024796445061549977
6.022988897041967,-72.05468424753272,19.807741464470748,0.008012699568031035,20.46275363791323,0.007189405274388608,20.087525807807538,0.006634196818850281,19.59485949955429,0.008637606195402376,19.293727264301488,0.012457400298580956
5.985432995926905,-72.05467785006581,20.741631226980846,0.004488003987318658,21.589478111788154,0.006920200205297544,21.1445933421102,0.003907911735884129,20.458511104756496,0.004199207328432555,20.04908513562453,0.005214027213918731
6.029341849650116,-72.05467227789437,19.959606741250358,0.001759940106589665,20.64022056070194,0.0029641120820092784,20.267639388137802,0.0018250646080520071,19.773714038688,0.0017249087936451004,19.426507182810788,0.0027249338884353515
6.045224726530291,-72.05465596738918,20.015990205471244,0.0023227459713837098,20.716146115045817,0.0028500474811144856,20.335334321016482,0.0020442522284654418,19.803169048817082,0.0023972052695815094,19.47810037813705,0.003394988894626777
5.9970181485022485,-72.05466423911453,18.984791869858103,0.001693087308494187,19.48099167912558,0.001559399219588558,19.206153759034187,0.0011586589745260938,18.83800182002993,0.0018007078895275396,18.67447409102561,0.002216845584972405
6.029929071822656,-72.05464943754819,21.17108306602446,0.004631946951199607,22.06745228251055,0.009491406099956813,21.607477390926697,0.004553170964739643,20.843784267019686,0.003654347684873414,20.37219098995984,0.004306019691165645
6.024965631942982,-72.05456376928177,17.98852274293886,0.0046167181264891504,18.418350323238045,0.004898107666948635,18.179623805077966,0.003716472554015284,17.88679980724008,0.003342088345823695,17.740843627724004,0.005389380686656853
5.999954628661154,-72.05453930236389,21.266736377932244,0.009085603626614975,22.287296344001092,0.013029895908862181,21.767225617204133,0.007970249329462333,20.92739674524661,0.007129007924428601,20.375405805294868,0.012305773443173377
5.99449950324315,-72.05451140515501,18.46695957039397,0.0024728913890677156,18.912294715305705,0.0013647044310495869,18.67160725100903,0.0016362230146724638,18.3392794937062,0.0024024239888900327,18.220793010853242,0.0032234071673744417
6.0171015238317205,-72.05451211465378,18.160449476523187,0.0010735614493437194,18.61803753890848,0.0008746755506581802,18.368614642464394,0.0007770184514998478,18.034325206371847,0.001308890196458508,17.88149479272453,0.001838310975559395
6.019609578518342,-72.05449605090124,19.051128661889923,0.0010123011699348253,19.603556424804438,0.001306830612688024,19.32824414796108,0.0009273887003861931,18.90781582596061,0.0012365183443496617,18.725679113085228,0.0019553395497384565
6.039909852181966,-72.05447143416603,20.205145314449414,0.0044769200970832595,20.917874735535463,0.005852094300266978,20.558420763057967,0.004436113764191786,19.97316558865736,0.0035691551362353768,19.617134789325284,0.005699465385999155
5.988807857664939,-72.05447776447843,17.74462474579357,0.0010020907738323708,18.172687169332022,0.0008749551826596701,17.931349572254398,0.0009016147398117299,17.61766293917207,0.0010584328136938098,17.50224529830114,0.0021337522293090865
6.018174547062008,-72.05446068721301,21.179678237539004,0.006020038890765267,22.101497232726352,0.008996902653755003,21.67782378427443,0.005549241917095554,20.863368300771782,0.004764228704689942,20.344069978622052,0.005483870855509997
5.99268957998149,-72.05446660097925,22.307781751683965,0.0168427267626904,23.541178116393965,0.04056988803567529,22.960221424567564,0.01872727452500471,21.87749889728277,0.012154525781634028,21.112465776110177,0.0105411199574701
6.011337145647161,-72.054454281353,20.318205746116153,0.01994197150625956,21.127623304581633,0.009729770147161428,20.696330130495014,0.015402769149304735,20.12036271770028,0.021166983295351036,19.732620601546024,0.02133261441330304
5.986017524530463,-72.0544304194728,20.97365719702476,0.0065356577972201105,21.824350827903743,0.008108856583128515,21.416397250627604,0.006041665792346415,20.676442185301823,0.004988733460981628,20.21482237975765,0.007217793144912422
5.978043180828727,-72.05442863462413,19.883564555049904,0.0019538728232542037,20.527603607927574,0.0022094672925147725,20.23364705551967,0.0015417977955641175,19.694816829338734,0.0018868176354434358,19.456733916926645,0.002553691608553188
6.000282297826062,-72.05441362657973,19.240586065462995,0.0016926164288781137,19.788034523484285,0.001639959708569574,19.521656159268268,0.0012939464639187596,19.098413801676912,0.0017685455118164528,18.882851662378734,0.002762119930861164
5.996747147083451,-72.05442612118776,19.54690073807853,0.0048137448712215185,20.157153347489654,0.004760068965471026,19.85370256552209,0.0041189757301516436,19.36695818903877,0.004110356024820713,19.14096506244706,0.005146149781201412
5.977143561792558,-72.05442131053132,20.825987872097304,0.004067331965063719,21.653310591719794,0.006152145530889346,21.23359960743663,0.003352663083625151,20.54298175931457,0.0030212542084904898,20.08931282913241,0.0031040150266047296
5.97054919354902,-72.05440435666524,21.581761067298604,0.009982888951024522,22.65860616217715,0.019487458411079163,22.09188721092417,0.012195818728713406,21.20025190476227,0.007542888387392075,20.553550280146993,0.008052096642253405
6.038351317186894,-72.05440079340254,18.78722060374228,0.005262432924141484,19.283969114247796,0.0030965257635624,19.032040084486013,0.003099057244530386,18.669307246367133,0.003753515818422286,18.523909999256674,0.004406975090180928
5.978585956356294,-72.0543847659889,21.409205370195185,0.006013725214337187,22.44488261212858,0.011441014946251795,21.940784363649094,0.0055541145093815514,21.033171618916057,0.004739974068213387,20.398449248248006,0.005763304757203281
5.9992636256601335,-72.05438137912589,20.128920710554684,0.003330988427012144,20.83855968096831,0.003932777046337464,20.46555375152773,0.0027554735745425806,19.91420266536626,0.0030024605210126616,19.597113168705533,0.004347067046801891
5.9719165468425235,-72.05435512124495,21.292429927758743,0.005173168687919471,22.171405377404568,0.008356322196738283,21.79331687332678,0.004170118757930238,20.92882072038818,0.0038151565334409348,20.40964645645837,0.004713349356117931
5.976623739759149,-72.05435030706072,21.325446884987752,0.005293420412555677,22.25589772971844,0.010304535393963199,21.80625951935992,0.004982704257611375,20.957448382516105,0.003877018743550407,20.406452111954536,0.0035594251025363476
5.984209928454006,-72.0542613415917,19.814675476326872,0.0022567063860215097,20.467603112660527,0.0030811443785382898,20.101686698693847,0.002057680298870476,19.600070802713383,0.0024089931618227834,19.340714691319015,0.004124289853430519
6.008856907435817,-72.05420734837021,22.26462784130003,0.043764896793750244,23.318720338260846,0.08871900535820314,22.913803010014107,0.07367174976924196,21.785033560106996,0.03054097856716329,20.98293189097106,0.03824858298435065
5.986309406519628,-72.05419967964829,21.261049097732393,0.01441439179199399,22.1578575424938,0.020214871784372222,21.713399163506843,0.017292678789473204,20.907548500722505,0.013866900683484477,20.37745577970135,0.012343810751764656
6.008309642527921,-72.0541651936158,18.067529347804903,0.0012479701547988794,18.50359412839235,0.0014233959601074114,18.32452366412663,0.0013145178447993542,17.944281813251017,0.0018745113501961327,17.81717069380006,0.0026990919831658853
6.017737687177913,-72.05410907079464,19.80539779446436,0.006139705784399186,20.46038390046361,0.004965993431838084,20.11621907086966,0.004618303885788393,19.626256765816308,0.004889907164252177,19.336304936421563,0.006376643291495894
5.999152805533481,-72.05409485972383,20.28019485820371,0.003914225802326708,21.02725653850424,0.003967545340026103,20.63222847516765,0.0031099829468965914,20.059880006702272,0.00371469068019683,19.712152485725007,0.005799522236793026
6.008779836079291,-72.05409440903108,22.377953172829454,0.08507799362431501,23.802855736401995,0.18349408127647843,23.206493492152404,0.11853192812682654,21.987896624379843,0.057782767707364555,21.228294607957885,0.04495983617345798
5.979730171709185,-72.05409067830288,19.406996297690828,0.0032518800717367285,19.99623933547997,0.0029618486478416458,19.665215539757718,0.002773135874683625,19.224048479857977,0.003131383121796748,19.029169190618155,0.004205204863277295
6.005723935437427,-72.05405791533569,19.915605894392097,0.002883294146364553,20.5837660957281,0.0032595684718506545,20.194153231375417,0.002248427680578384,19.717878296797075,0.0024259627812233675,19.44557049144941,0.003224362878671699
5.9955258757371395,-72.05406337800743,19.091234052527494,0.00217001930254633,19.605541262805517,0.0022889732336964955,19.31187642354923,0.0020863252442246617,18.93814335653464,0.0022124770622927266,18.777352164904713,0.0025575475473438914
5.982329532033363,-72.05405018145318,21.669904665737743,0.009119803305525752,22.75358060742802,0.018006544235804868,22.19911866392193,0.009066272130297495,21.282876126028512,0.006600438054283064,20.68598917080817,0.006015198426861438
6.016204772243677,-72.05403931616873,18.76528654785383,0.0012293497293906308,19.24644540791372,0.0011475705737082349,18.97874155226952,0.0008511592034487771,18.630670248014752,0.0015344951872853342,18.481746955673067,0.0019261980110037464
6.012342086660015,-72.05402492119744,19.413228104308363,0.005017963184217477,19.979279608343944,0.0029483320502394837,19.671143887518006,0.0034877427870612177,19.25669911226563,0.005974359684345899,19.056402132626552,0.011935847423650522
6.024867087352309,-72.05401104532633,20.380089665937863,0.006156248415335631,21.071264904385096,0.00784435613037496,20.695142202932608,0.00668271778086572,20.147241386393326,0.007312733599399568,19.828867939846113,0.009659333047935093
6.007478053051935,-72.05398403569293,18.004295527184066,0.001646209576911715,18.43898348858309,0.0008925180512857755,18.193205415032637,0.0011131448660609083,17.881475019145398,0.0020317127206380585,17.764438825554834,0.002373144537552197
5.998494558909657,-72.05392983480958,19.649224601797282,0.0023899330811560132,20.273260428362292,0.0031203441108644332,19.931519369634685,0.0019668993757650513,19.47973093198749,0.002172513208110955,19.234909142668073,0.002699610446427113
5.972031191232271,-72.05393336959683,21.614918462236833,0.011258238012929725,22.604621021175994,0.019681527994355644,22.114017546290825,0.014802375605520106,21.175816571294405,0.010768837130875598,20.616316132746746,0.0067251887853235605
6.017347967336389,-72.05389889434227,19.69518550942009,0.006676759395049038,20.28179712619115,0.00550390886652191,19.96022692848556,0.004861467100054478,19.502563141919815,0.004795160500153624,19.243025741979025,0.006733020260192547
6.0163818033055465,-72.05386070481717,20.536063226733443,0.004345679543864676,21.306632951769906,0.004537826801628871,20.893561830466183,0.00372696959556443,20.29610083207117,0.0032243333797169725,19.901583425177705,0.003789283648509448
6.013791518932882,-72.0538422090978,19.528862627218896,0.0024189159617967995,20.158415597271926,0.0024086878860452225,19.86172882575142,0.0018187670713450887,19.35541086814223,0.0022787328442090277,19.106397440608397,0.002835862858448309
5.984059777379568,-72.05376974823214,19.51093205927781,0.0026660253133744204,20.12117463061778,0.0030237397053557474,19.787067371225433,0.0022835454641534146,19.328973685367345,0.0022191055484344375,19.10497037954019,0.004193890476714101
6.013502659179282,-72.05374592250352,20.11560645123443,0.0039713359431897645,20.835795012675973,0.004240435467042886,20.466794402164005,0.002721810519072473,19.908708776837635,0.002647158360447405,19.620265945054413,0.0039417841494382745
5.998052973283002,-72.05371224839261,18.61334943487623,0.0012245759953426602,19.079041599133205,0.000969243079004844,18.81902585131992,0.0008371685640938635,18.478690379464354,0.00102893668012692,18.33803038730192,0.0019071833973653496
5.997533729614429,-72.05371149384553,21.86402085282572,0.01099446792041766,22.902492584769618,0.02494056097169364,22.470770228889556,0.012271597489788018,21.50304519732596,0.007494024536256503,20.861870472459223,0.007019069046555277
6.00531620977576,-72.05360945429766,19.165875099060205,0.0032964581981473127,19.749631152062904,0.0024223209843617253,19.438244659536572,0.0025437180168688743,19.04083190540885,0.0031444338016723664,18.81564508582452,0.004644931280060002
5.998234011729353,-72.05356905044097,20.934180901973097,0.0054312860641426465,21.826245005187268,0.009262351188833451,21.38916910556422,0.004381145506283285,20.638374802570873,0.003995948777485867,20.168907159433687,0.003909848137323795
6.004851119631184,-72.0535238708589,21.387330893966993,0.009834523808758091,22.42408473848394,0.015908744775467918,21.887095613962984,0.009401938567016519,20.988605487526954,0.005876766734469953,20.356679230656916,0.007311309589497155
6.005950600168172,-72.05347667331317,19.22956759288928,0.0019287321512621715,19.76393142179822,0.0017827156046758864,19.481156728492557,0.0013093452451617429,19.062666270001095,0.0017483940044384079,18.885929082466646,0.0024007110230443397
5.960811533700192,-72.05342545213102,20.638437401955972,0.003877104130827153,21.37406706198462,0.005677526550640692,20.972173667157655,0.0033390988500518345,20.332992966105742,0.00303377601127183,19.98356166408974,0.0049938270924250305
5.981189681030767,-72.05342241497891,18.354293779947785,0.0024198482613558524,18.80783242843509,0.0014636398881821726,18.584258664120384,0.00189586031859373,18.217514719236775,0.0021170377584035513,18.110839970569977,0.0024644568554811792
5.994400703839772,-72.0534065613404,18.222323233388092,0.0009859716390676443,18.646781881975755,0.0008863924828731911,18.44856904083717,0.0008149287125077992,18.091192889027546,0.0009157291408597898,17.96675451870877,0.001632229572972073
5.9857040016182115,-72.05337826109773,19.77906215915404,0.001987296767493213,20.39769357386688,0.002646131737327447,20.052576487784293,0.0016181214051915903,19.586325187105942,0.0018400541747111056,19.343884157769857,0.0042249195460108795
5.984730218199335,-72.05336934843896,18.922054637473305,0.0025442528651029787,19.44625352875341,0.0016728813088573904,19.148487805523224,0.0019485385616864733,18.773739568280178,0.002316774473268502,18.622145238122307,0.00360518980539894
5.999999540206521,-72.05336646620769,18.46063219277612,0.0007651477397984172,18.90041115975557,0.0010739838813095105,18.646397836342544,0.0008364497469481308,18.324727374220586,0.0010199646287913256,18.19304159851469,0.0017752608944677601
5.983496653259813,-72.05335514518893,19.68013146200077,0.001449107466111523,20.32379536302416,0.0024017939255774967,19.983969338500366,0.001428204698526052,19.498464286045646,0.001882977568634025,19.251161035161125,0.002239082281387524
5.9898831784557185,-72.05321849705115,18.757961545303534,0.005449192908779964,19.239151058441422,0.0042405487270574535,18.964543234670693,0.0046637998264646265,18.61293807070855,0.0048929879428026984,18.484420606593538,0.005427490849229182
5.995654900065214,-72.05315711807884,21.54745197443356,0.00909666281571416,22.546907834537578,0.0189219623539813,22.05898289965681,0.012554324908040336,21.17039446896886,0.006625094621569402,20.58015556705155,0.008319145377397237
5.992335717827542,-72.05313524272259,19.60390835060392,0.0034576411486424785,20.249300704852985,0.0032751051831441166,19.920382890182893,0.0029495383846042545,19.43983498391065,0.003980754400216333,19.190423333704523,0.009793156239711408
5.972121240167679,-72.05314036811022,17.846760792404,0.001487535677214541,18.267519327118535,0.0010379303667778532,18.016604426390906,0.0016044497438197577,17.70222329714042,0.0018999881729038698,17.602680090318295,0.003102172413446503
5.99688509378614,-72.05311535107853,18.263517613420657,0.0013856820420857245,18.692601562463068,0.0013445319176889525,18.43986328147283,0.0008796341845958001,18.13273371634628,0.0018706021312034004,18.018648252190815,0.0021745756077273435
5.975168731043674,-72.0527916833178,21.447695045622392,0.00724265677998324,22.402735722716322,0.013408722378484204,21.9197308561305,0.007986192245375412,21.080207953895062,0.005745815535438291,20.531921466765482,0.004858174813174737
5.962819495923527,-72.0527754576376,20.134774907417803,0.0021106878732439567,20.815843192884074,0.0032250045687387736,20.487123245246394,0.0019185236375565532,19.89453770866757,0.0019263700321426897,19.618327240929332,0.003200416562955202
5.978754576702048,-72.05268603715332,18.98449624118633,0.0017470094788368507,19.502496239828737,0.0018275330581486737,19.214910981082575,0.0016573728000684226,18.811410564456416,0.0018713474797016879,18.655125946011985,0.0019744717372642906
5.979944030189282,-72.05262795982192,18.375842018790376,0.001292247499048301,18.814588138049977,0.0010464517510113283,18.563081766993697,0.0009498435313375146,18.24847549207974,0.0016666966977366524,18.135222669023925,0.0019680995173677225
