time,flux,error,quality
260.2446439835476,525931.0,20.12567710876465,0
260.26507710740407,525958.125,20.12627601623535,0
260.28551013103424,525968.0,20.124189376831055,0
260.30594335466594,525979.5,20.126523971557617,0
260.3263764780568,525968.0,20.125383377075195,0
260.3468095012213,525998.5625,20.126880645751953,0
260.36724262438656,525986.25,20.127038955688477,0
260.3876758473125,525992.5,20.12779998779297,0
260.40810887001135,526062.125,20.1302433013916,0
260.42854199271096,525932.4375,20.12515640258789,0
260.44897521517123,525954.0,20.128398895263672,8192
260.4694082374044,525966.25,20.128253936767578,0
260.4898413596384,525924.5625,20.128339767456055,0
260.510274581633,525901.375,20.128583908081055,0
260.53070760363335,525899.375,20.12711524963379,0
260.55114072540164,525910.625,20.130714416503906,0
260.5715738469298,525857.0625,20.126150131225586,0
260.5920070682332,525903.25,20.128965377807617,0
260.6124400895351,525867.4375,20.129758834838867,0
260.63287321083044,525919.625,20.131004333496094,0
260.65330643166817,525883.0625,20.13245391845703,0
260.6737394525044,525953.25,20.13187026977539,128
260.69417257310124,525875.9375,20.128259658813477,8192
260.7146055937046,525928.375,20.129667282104492,0
260.7350388140767,525911.5,20.128843307495117,0
260.7554719344407,525925.375,20.131540298461914,0
260.77590505434637,525962.375,20.132789611816406,0
260.796338174252,525955.25,20.131267547607422,0
260.8167712941504,525976.625,20.132471084594727,0
260.83720431382244,525940.625,20.132278442382812,0
260.8576374332624,525890.4375,20.132036209106445,0
260.87807065246307,525951.9375,20.12917137145996,0
260.8985037716702,525945.1875,20.13165283203125,0
260.9189367908766,525925.25,20.131040573120117,262144
260.9393700096116,525939.0625,20.127878189086914,8192
260.9598030283523,525956.625,20.131441116333008,0
260.980236146861,525929.125,20.132036209106445,0
261.00066936536314,525921.8125,20.130565643310547,0
261.0211023836382,525933.9375,20.132530212402344,0
261.04153550191404,525930.3125,20.133989334106445,0
261.06196861971694,525941.4375,20.129180908203125,0
261.0824017375271,525931.625,20.128562927246094,0
261.1028348553373,525967.1875,20.12920379638672,0
261.1232679729146,525947.75,20.132272720336914,0
261.1437011902526,525953.9375,20.132144927978516,0
261.16413420736353,525989.75,20.130542755126953,0
261.18456732446793,525947.875,20.12775230407715,0
261.20500034157885,525919.25,20.132081985473633,0
261.22543355822563,525920.375,20.132448196411133,0
261.24586667487165,525999.4375,20.129138946533203,0
261.26629969150963,525969.4375,20.128860473632812,0
261.28673290769075,525961.1875,20.13242530822754,0
261.30716602409666,525984.875,20.133394241333008,0
261.3275991400442,525915.0,20.128889083862305,0
261.34803215599095,525909.5,20.13283920288086,0
261.3684653717064,525873.1875,20.131715774536133,0
261.3888984874138,525854.25,20.131607055664062,0
261.40933150289493,525916.125,20.131731033325195,0
261.42976471813745,525947.625,20.133066177368164,0
261.45019783315365,525969.125,20.129423141479492,0
261.49106406318606,525876.0625,20.130783081054688,0
261.5114971777293,525888.125,20.132225036621094,0
261.53193019251194,525953.3125,20.130748748779297,8192
261.55236330682965,525932.8125,20.132221221923828,0
261.57279652114084,525971.25,20.130197525024414,0
261.5932296352257,525962.625,20.133155822753906,0
261.61366264930984,526001.5,20.132902145385742,0
261.6340958631554,525996.6875,20.13396453857422,0
261.6545289767746,525970.875,20.13371467590332,0
261.67496199039306,525984.125,20.1343936920166,0
261.69539510377217,525999.875,20.132259368896484,0
261.7158283169265,525988.5625,20.135011672973633,0
261.7362613300793,525980.25,20.13397216796875,0
261.75669444299274,525960.0625,20.130401611328125,0
261.7771276556814,525948.875,20.13380241394043,0
261.79756066836853,525945.3125,20.131900787353516,0
261.8179937808163,525934.8125,20.131805419921875,0
261.8384268932714,525953.4375,20.134851455688477,0
261.8588600054936,525941.3125,20.13399314880371,0
261.87929311747575,525970.625,20.131649017333984,0
261.89972622946516,525924.8125,20.133363723754883,0
261.9201594412152,525967.0625,20.134998321533203,0
261.94059245297103,526019.3125,20.13263702392578,0
261.96102556426194,525981.125,20.133634567260742,0
261.9814587757792,525962.0625,20.131656646728516,0
262.0018917868365,525965.0625,20.131290435791016,0
262.0223248978946,525963.375,20.133451461791992,0
262.04275790871907,525921.0625,20.132911682128906,0
262.0631911195378,525911.625,20.13580894470215,0
262.0836242301302,525940.1875,20.134971618652344,0
262.1040573404898,526022.8125,20.13255500793457,0
262.12449045084213,526000.8125,20.134403228759766,0
262.1449235609689,526027.4375,20.134916305541992,0
262.1653566710884,526030.125,20.136180877685547,8192
262.18578968098154,525945.5625,20.134796142578125,0
262.2062228906434,525889.5,20.13162612915039,0
262.2266560003045,525876.1875,20.133743286132812,0
262.24708900972473,525871.8125,20.133338928222656,0
262.26752221892093,525989.75,20.1340389251709,0
262.2879552281156,525905.25,20.136396408081055,0
262.30838833707094,525944.4375,20.13804054260254,8320
262.32882144591713,525934.1875,20.136817932128906,0
262.3492545546469,525953.25,20.135549545288086,0
262.3696876631366,525976.625,20.132617950439453,0
262.3901207715171,525952.1875,20.136791229248047,0
262.4105538797812,526003.25,20.136545181274414,0
262.43098698792164,525974.375,20.137508392333984,0
262.4514200959529,525996.4375,20.134693145751953,8192
262.47185330375214,526020.0625,20.13735580444336,0
262.49228631142614,525993.3125,20.137624740600586,0
262.51271941899176,525969.75,20.13815689086914,0
262.5331524263238,525952.375,20.136165618896484,8192
262.55358563353366,525962.6875,20.132083892822266,0
262.5740187406336,525979.6875,20.138269424438477,0
262.5944517476164,525973.25,20.137527465820312,0
262.614884954477,525925.1875,20.136629104614258,0
262.6353180611113,525962.25,20.136465072631836,0
262.6557511676292,525970.375,20.137828826904297,0
262.67618417402264,525950.0625,20.13741111755371,0
262.69661738019204,525968.1875,20.134735107421875,0
262.7170504863607,526042.4375,20.13728141784668,0
262.73748349228845,525946.75,20.13730239868164,128
262.7579166979922,525962.1875,20.135953903198242,128
262.77834980369516,526006.125,20.13960838317871,0
262.7987828091573,525975.9375,20.138545989990234,0
262.81921601451177,525962.1875,20.139440536499023,0
262.8396491197491,525925.0625,20.135364532470703,0
262.86008212486195,525926.125,20.133344650268555,0
262.88051522975,525928.5,20.13840103149414,0
262.90094843452243,525964.3125,20.139101028442383,0
262.92138143916964,525971.5625,20.140607833862305,0
262.94181454370846,525959.0625,20.13802146911621,0
262.9622477480152,525970.8125,20.13941192626953,0
262.9826808521975,525956.3125,20.140106201171875,0
263.0031138562699,525987.0625,20.13886833190918,0
263.02354696022667,525926.0,20.14031410217285,0
263.0439801640605,525863.375,20.136798858642578,0
263.0644131676672,525836.1875,20.137176513671875,0
263.0848462711583,525880.8125,20.137630462646484,0
263.10527947452647,525963.8125,20.134763717651367,0
263.12571247766755,525953.25,20.139265060424805,0
263.146145580693,525909.125,20.139883041381836,0
263.16657878359547,525966.0,20.13993263244629,0
263.1870117863873,525901.25,20.136825561523438,0
263.2074448890635,525926.125,20.136783599853516,0
263.22787799149955,525992.0,20.138601303100586,0
263.2483110938265,525954.625,20.139564514160156,0
263.268744196037,525966.75,20.136384963989258,0
263.28917729812383,525944.25,20.139511108398438,0
263.30961049998587,525927.5625,20.137033462524414,0
263.33004350172996,525900.5625,20.13905143737793,0
263.3504766033511,525884.375,20.13913917541504,0
263.3709096048624,525897.0625,20.138809204101562,0
263.39134280625876,525902.875,20.139060974121094,0
263.41177590741427,525958.25,20.137989044189453,0
263.43220900846063,525967.6875,20.141752243041992,0
263.4526421093906,525917.0625,20.136621475219727,0
263.4730752100804,525884.25,20.139394760131836,0
263.49350831077754,525928.625,20.140193939208984,0
263.51394141124183,525944.0625,20.139963150024414,0
263.5343745115824,525918.0,20.140241622924805,0
263.5548076118139,525984.5,20.14111328125,0
263.57524061181175,525957.5625,20.141633987426758,0
263.59567381168745,525944.875,20.13849639892578,0
263.61610691145324,525984.6875,20.142990112304688,0
263.63653991110186,525948.4375,20.138668060302734,0
263.6569731106283,525870.5,20.141332626342773,0
263.67740620992845,525915.5,20.140487670898438,8192
263.6978392091114,525891.1875,20.139896392822266,0
263.71827230817144,525907.25,20.139516830444336,0
263.7387054071223,525937.5625,20.139223098754883,128
263.7591385058404,525872.625,20.139379501342773,0
263.77957160455117,525933.75,20.140850067138672,0
263.80000480303715,525935.5625,20.140974044799805,0
263.8204378012888,525941.3125,20.14076042175293,0
263.8408708995339,525938.0,20.140838623046875,0
263.8613038975527,525904.75,20.13872528076172,0
263.88173709557304,525848.5625,20.139217376708984,0
263.9021701933525,525793.4375,20.13802146911621,0
263.92260319090565,525855.1875,20.14101219177246,0
263.9430363884603,525932.9375,20.141788482666016,0
263.9634694857741,525959.9375,20.141820907592773,0
263.983902482978,525926.0,20.141525268554688,0
264.004335680067,525982.0625,20.14113998413086,0
264.02476877703157,525954.625,20.14047622680664,0
264.04520187377057,525970.875,20.141931533813477,0
264.0656348705088,525970.0625,20.140968322753906,0
264.08606806689204,525911.0625,20.138296127319336,0
264.1065011632818,525957.25,20.141508102416992,0
264.12693415955437,525965.4375,20.140714645385742,0
264.16780045151245,525930.5625,20.141817092895508,0
264.1882334474358,525964.8125,20.141096115112305,0
264.2086665430106,525946.625,20.142929077148438,0
264.22909973857895,525992.75,20.14209747314453,0
264.24953233391716,525987.3125,20.142606735229492,0
264.26996522914123,526037.4375,20.139724731445312,0
264.2903984242512,526010.25,20.141477584838867,0
264.3108315192367,526013.8125,20.142610549926758,0
264.33126451411226,526022.5625,20.14166831970215,0
264.35169770875655,525950.9375,20.14400291442871,0
264.3721308032764,525931.0,20.141414642333984,0
264.3925637976863,525912.5,20.140974044799805,0
264.4129968919806,525974.8125,20.142047882080078,0
264.4334300860355,526008.875,20.143375396728516,0
264.4742961738084,525977.625,20.141826629638672,0
264.4947293675141,525978.375,20.143285751342773,0
264.5151623611091,525955.1875,20.142751693725586,0
264.5355954545885,525983.125,20.141279220581055,0
264.55602854782774,525967.375,20.144184112548828,0
264.57646164095786,525954.9375,20.14409828186035,0
264.59689473397157,525943.4375,20.139129638671875,0
264.61732782674517,525983.1875,20.144306182861328,0
264.6377610195268,526005.9375,20.140710830688477,0
264.6581940120741,526038.125,20.14604377746582,0
264.67862710449845,526052.1875,20.14659309387207,8192
264.6990602968144,525991.3125,20.142364501953125,0
264.71949328901246,525855.1875,20.139726638793945,0
264.73992638097116,525901.0,20.140487670898438,0
264.7603594729371,525853.125,20.143198013305664,0
264.78079256467026,526012.3125,20.143239974975586,0
264.8012256561633,525988.0625,20.146913528442383,0
264.8216587476636,525955.375,20.141122817993164,8192
264.8420918390475,526005.5,20.147912979125977,0
264.8625249301913,526070.75,20.143234252929688,0
264.88295802122593,526018.375,20.1449031829834,0
264.9033910121434,526006.125,20.147062301635742,8192
264.9238242029387,525969.1875,20.144256591796875,0
264.9442572935077,525988.6875,20.145618438720703,0
264.9646902840759,526013.3125,20.144237518310547,0
264.98512347440555,526018.75,20.14781379699707,0
265.0055565646253,526015.6875,20.145835876464844,128
265.02598955472786,525993.875,20.144548416137695,0
265.0464226445911,525956.4375,20.143447875976562,0
265.06685583446233,525965.6875,20.144710540771484,0
265.08728882409923,525964.0,20.14215087890625,0
265.1077219136205,526040.75,20.148344039916992,128
265.1281551030188,525965.5,20.14603042602539,0
265.1485881921908,525993.375,20.146953582763672,0
265.16902118135476,525955.8125,20.14621925354004,0
265.1894543702947,525979.5625,20.144433975219727,128
265.2098873591167,525966.625,20.14688491821289,0
265.23032044782303,525953.125,20.144535064697266,0
265.2507535364057,526022.6875,20.146921157836914,0
265.2711866247628,526020.4375,20.147567749023438,0
265.2916197131126,526011.375,20.147327423095703,0
265.31205280123686,525975.4375,20.146665573120117,0
265.3324858892447,525911.6875,20.1453914642334,0
265.3529189770197,525965.8125,20.147857666015625,0
265.37335206478747,525940.25,20.146278381347656,0
265.3937850524453,525968.1875,20.147111892700195,0
265.41421823986457,525939.5,20.144804000854492,8192
265.4346513271739,525959.75,20.14760971069336,0
265.4550843143661,525944.9375,20.14217185974121,0
265.475517501327,525968.0,20.147001266479492,0
265.4959505882798,525948.375,20.145381927490234,0
265.51638357500633,525899.0625,20.146949768066406,0
265.5368167616107,525934.375,20.146360397338867,0
265.55724984810513,525814.25,20.142751693725586,0
265.5776828344824,525847.0625,20.145341873168945,0
265.598115920744,525941.1875,20.14454460144043,0
265.6185491067663,525959.75,20.145790100097656,0
265.6389821927951,526067.9375,20.150617599487305,128
265.6594151785903,525964.4375,20.14643096923828,0
265.6798483642633,525991.3125,20.145469665527344,0
265.70028144982643,525985.0625,20.148252487182617,0
265.72071443515597,525974.4375,20.146028518676758,8192
265.741147520479,525990.6875,20.148147583007812,0
265.7615807055772,525999.125,20.149368286132812,0
265.7820136905575,526064.1875,20.14849853515625,0
265.80244677541486,526022.8125,20.148874282836914,0
265.82287996004743,526015.1875,20.146209716796875,0
265.8433129446785,526028.5625,20.149728775024414,0
265.86374602907017,526016.3125,20.146371841430664,0
265.88417911346914,526006.125,20.14944839477539,0
265.9046121976353,526008.875,20.148710250854492,0
265.92504528167774,526000.25,20.148902893066406,0
265.94547836549464,526028.0625,20.14901351928711,128
265.9659115493123,525953.25,20.149776458740234,0
265.9863445328883,525969.4375,20.146268844604492,0
266.006777616356,525940.4375,20.148775100708008,0
266.0272107997007,525906.75,20.147388458251953,0
266.04764378293476,525955.375,20.147628784179688,0
266.06807686605316,525904.1875,20.14801025390625,0
266.0885098490544,525966.75,20.14892578125,0
266.10894303181703,525978.5625,20.14842414855957,0
266.1293761144698,525998.125,20.14897346496582,0
266.1498091970061,525995.25,20.15081024169922,0
266.17024227941874,525997.0625,20.149009704589844,0
266.19067536172224,526051.25,20.148170471191406,0
266.2111084437929,526000.25,20.15011978149414,0
266.23154142585554,525984.8125,20.149208068847656,0
266.25197460769414,526049.75,20.151409149169922,0
266.2724075894148,526000.9375,20.149269104003906,0
266.2928406710125,526028.9375,20.149648666381836,0
266.3132738525019,525984.75,20.149763107299805,0
266.3337068337569,526000.875,20.148849487304688,0
266.35413991500536,526028.5,20.148784637451172,0
266.3745729960283,525990.5,20.150653839111328,0
266.3950060769348,525916.375,20.14832878112793,8192
266.4154391577176,525893.75,20.148378372192383,0
266.4358722383913,525949.625,20.14963150024414,8192
266.4563053189486,526005.25,20.15058708190918,0
266.47673839926574,525995.875,20.1492862701416,0
266.4971714795902,526049.375,20.15098762512207,0
266.51760465967527,526013.6875,20.152734756469727,8192
266.5380376396497,526033.375,20.149417877197266,0
266.5584707195085,525986.3125,20.150903701782227,0
266.57890369913366,525964.125,20.150190353393555,0
266.5993368787531,526012.625,20.15125274658203,0
266.6197699581462,525955.5,20.150230407714844,0
266.64020293753856,525980.4375,20.150171279907227,0
266.66063611669233,525995.3125,20.151344299316406,0
266.6810691957362,526022.4375,20.151355743408203,0
266.70150227466365,526046.625,20.151887893676758,0
266.72193525335024,526050.125,20.151554107666016,0
266.7423684320456,526037.75,20.14944076538086,0
266.7628015105074,525959.5,20.151966094970703,0
266.78323448884476,525962.125,20.14681053161621,8192
266.8036676671909,525966.9375,20.150354385375977,0
266.82410074530344,525971.75,20.152498245239258,0
266.8445337231751,525956.5,20.150480270385742,0
266.86496680105483,526007.9375,20.153732299804688,128
266.8853999787025,525966.5,20.14949607849121,0
266.9058329563413,525971.6875,20.152406692504883,0
266.9262660337554,525950.125,20.152633666992188,0
266.9466992110538,525998.0625,20.151308059692383,0
266.96713228822773,525987.875,20.1535587310791,0
266.9875652652918,525996.125,20.151805877685547,0
267.0079984421245,526008.5,20.15317726135254,0
267.0284315189492,526016.875,20.152969360351562,0
267.0488644955476,525999.0,20.153676986694336,393216
267.06929757203034,525989.5,20.15279769897461,0
267.08973074850655,525992.8125,20.15387535095215,0
267.1101637246393,525951.625,20.153026580810547,0
267.13059680077276,526040.8125,20.151899337768555,0
267.1510299767833,526003.5625,20.154088973999023,0
267.1714629525668,525965.6875,20.152334213256836,0
267.19189602835104,526006.4375,20.152873992919922,0
267.2123291038952,525974.0,20.152931213378906,0
267.23276217933017,525924.8125,20.151897430419922,0
267.25319525464874,525901.25,20.150096893310547,0
267.27362832984363,525890.625,20.150297164916992,0
267.2940614049294,525975.6875,20.15242576599121,0
267.3144944797823,526039.75,20.154062271118164,0
267.33492755462794,526004.9375,20.152645111083984,0
267.355360629248,526016.125,20.15061378479004,0
267.3757937037517,526008.875,20.154388427734375,8192
267.3962267781317,525997.3125,20.15184211730957,0
267.5596912684414,526027.875,20.154338836669922,8192
267.580124441658,526008.9375,20.15384292602539,0
267.6005574147639,525947.375,20.153791427612305,0
267.62099048763775,525952.25,20.1523494720459,0
267.6414236605051,525928.0,20.154216766357422,0
267.66185663314536,525932.9375,20.152477264404297,0
267.6822897057864,525975.9375,20.153554916381836,0
267.7027227781873,526007.0,20.154605865478516,0
267.7231558504791,525935.6875,20.151992797851562,0
267.74358892253804,525952.375,20.152891159057617,0
267.7640219945897,526018.5625,20.15423011779785,0
267.78445506653225,525987.8125,20.153812408447266,0
267.80488813824195,526007.1875,20.153718948364258,0
267.82532120982796,526037.4375,20.15377426147461,8192
267.845754381422,526043.0,20.154869079589844,0
267.8661873527817,526000.6875,20.15403938293457,0
267.8866204240185,525990.375,20.153181076049805,0
267.90705339514534,526018.8125,20.155317306518555,0
267.9274865660409,526040.9375,20.15584945678711,0
267.9479196369284,525940.875,20.1525821685791,0
267.9683526075896,525920.4375,20.1530818939209,0
267.98878577825235,525984.625,20.154428482055664,0
268.0092188486742,526008.875,20.154478073120117,0
268.02965191898693,525979.75,20.15254783630371,0
268.0500848891825,525944.6875,20.153228759765625,0
268.07051805925585,525882.875,20.151090621948242,0
268.0909511292193,525842.8125,20.15000343322754,0
268.1113840990656,525852.375,20.149900436401367,0
268.13181726867333,525965.3125,20.153175354003906,0
268.15225033828756,526015.4375,20.15418815612793,0
268.1726833076682,526048.8125,20.152807235717773,0
268.1931163769332,526002.1875,20.152286529541016,0
268.2135495460752,526036.625,20.154691696166992,0
268.2339825151066,525922.8125,20.153289794921875,128
268.2544155840151,526002.4375,20.1542911529541,0
268.27484875281516,525962.3125,20.152854919433594,8192
268.2952817214973,525954.875,20.152267456054688,0
268.3157147899474,525964.5625,20.153076171875,0
268.33614795839094,525952.625,20.152450561523438,0
268.3565810266082,525991.0625,20.153188705444336,0
268.377013994701,525993.0,20.154157638549805,0
268.3974470626854,525981.0,20.15182876586914,0
268.4178801305534,525970.8125,20.15475082397461,0
268.43831319830497,525976.625,20.153139114379883,0
268.45874626593286,526010.0,20.154830932617188,0
268.4791793334516,526000.1875,20.15308380126953,0
268.49961240073026,525976.75,20.154706954956055,0
268.5200453680154,525967.3125,20.152708053588867,0
268.5404784350685,525998.3125,20.154714584350586,0
268.56091160200594,525976.875,20.15389633178711,0
268.58134466893534,525981.0,20.154254913330078,0
268.6017776356384,525948.3125,20.15264892578125,0
268.62221080221934,525984.875,20.1522159576416,8192
268.64264386857394,525981.75,20.1539306640625,0
268.6630768349278,525991.8125,20.15303611755371,0
268.68350990116596,525960.9375,20.152978897094727,0
268.7039430671648,526033.9375,20.15176010131836,0
268.7243760331694,526001.875,20.15444564819336,0
268.7448090989419,525988.9375,20.152910232543945,0
268.7652422645915,525976.375,20.15438461303711,0
268.78567523024685,525998.375,20.15418243408203,0
268.80610829567013,525976.375,20.15351676940918,0
268.8265414609705,525937.375,20.153352737426758,0
268.84697442616016,525955.125,20.152063369750977,0
268.8674074911178,525990.25,20.1535701751709,0
268.8878405560681,525959.5,20.152328491210938,0
268.90827372079366,525857.0,20.15289306640625,0
268.9287066855177,525850.125,20.152679443359375,0
268.94913975000236,525866.75,20.152175903320312,0
268.9695729144951,525993.5,20.154157638549805,0
268.99000587875344,525983.875,20.152681350708008,0
269.01043894288887,525975.6875,20.15249252319336,0
269.0308719069144,525995.1875,20.15332794189453,0
269.05130507082504,526038.6875,20.15505027770996,0
269.0717381346112,525985.6875,20.1540470123291,0
269.09217119817185,525965.375,20.153940200805664,0
269.1126042617325,526014.875,20.15409278869629,0
269.1330373251694,525984.5625,20.154237747192383,0
269.1534703883808,525994.4375,20.152490615844727,0
269.17390335159143,525987.5,20.15434455871582,0
269.1943365145635,525977.75,20.15317726135254,0
269.2147695774256,526030.25,20.154563903808594,0
269.2352025401706,525998.4375,20.153478622436523,0
269.25563570279337,525991.6875,20.152814865112305,0
269.27606876530626,525998.75,20.154247283935547,8192
269.296501727702,526025.1875,20.154260635375977,0
269.3169348899755,525913.25,20.15217399597168,0
269.33736795202276,525972.625,20.15302848815918,0
269.35780101407,525970.5625,20.154420852661133,0
269.37823397599277,525952.0625,20.152416229248047,0
269.3986671376915,525960.5,20.15277671813965,0
269.4191001992731,525960.875,20.15327262878418,0
269.4395331608466,525984.1875,20.153945922851562,8192
269.4599663221961,525986.5,20.154375076293945,0
269.4803992834277,525988.875,20.15473175048828,0
269.5008323445363,526004.875,20.15435791015625,0
269.5212654055358,525927.6875,20.15321922302246,0
269.54169856641965,525986.0625,20.155254364013672,0
269.5621315271783,525959.3125,20.152149200439453,0
269.5825645877121,525947.375,20.15410804748535,0
269.60299764824595,525972.625,20.15237808227539,0
269.6234307086561,526014.3125,20.155620574951172,0
269.6438637688407,525978.0625,20.15351104736328,0
269.6642967289081,525999.4375,20.155052185058594,0
269.68472988896974,525936.875,20.152507781982422,8192
269.7051629488051,525945.9375,20.15233612060547,0
269.72559590852325,525938.0,20.15393829345703,0
269.74602906811924,525918.4375,20.153566360473633,0
269.76646212760534,525878.4375,20.152050018310547,0
269.78689508697425,525913.25,20.153032302856445,0
269.807328246221,525976.4375,20.154598236083984,8192
269.82776130535785,526031.25,20.15561866760254,8320
269.8481942643775,525995.25,20.154216766357422,0
269.86862732327427,525965.5625,20.152637481689453,0
269.8890604819462,525970.25,20.152978897094727,0
269.9094935406174,525940.6875,20.15297508239746,0
269.9299264990477,526091.25,20.157350540161133,128
269.95035965748684,525945.75,20.154033660888672,0
269.97079271569237,525948.375,20.152780532836914,0
269.99122567377344,525934.625,20.15219497680664,0
270.01165873174614,525958.625,20.154190063476562,393216
270.0320918896032,525954.0625,20.154441833496094,0
270.052524847335,525993.6875,20.154712677001953,0
270.07295790495846,525992.5,20.15534019470215,0
270.09339106246625,525974.3125,20.152523040771484,0
270.11382401984883,525953.9375,20.154796600341797,0
270.13425707712304,525939.6875,20.15333366394043,0
270.1546901342808,525898.625,20.154008865356445,0
270.1751231911985,525929.5,20.153348922729492,0
270.19555624812347,525955.6875,20.154781341552734,0
270.215989304932,525919.375,20.1524715423584,0
270.2364224615012,525922.5,20.152950286865234,0
270.25685541795974,525932.9375,20.15236473083496,0
270.27728847441904,525924.5,20.151792526245117,0
270.297721630639,525918.875,20.1532039642334,0
270.3181545867483,525959.1875,20.153764724731445,0
270.33858764285833,525963.875,20.15433120727539,0
270.3590205987275,525943.125,20.153636932373047,0
270.3794537544891,525926.875,20.153297424316406,0
270.42031986565416,525906.75,20.15411376953125,0
270.4407529210657,525972.9375,20.153871536254883,8192
270.46118597636087,525955.4375,20.153379440307617,0
270.4816190314159,525995.125,20.15375328063965,0
270.50205198647745,525979.875,20.15287208557129,0
270.5224851414241,525952.1875,20.15237045288086,0
270.5429181961299,525935.5625,20.1513729095459,0
270.5633511508422,525901.4375,20.15125274658203,0
270.5837843054396,525881.6875,20.15093231201172,0
270.60421735979617,525891.3125,20.150737762451172,0
270.6246503140428,525857.5625,20.153596878051758,0
270.645083468291,525931.875,20.15099334716797,0
270.6655164223048,525950.875,20.15281867980957,128
270.6859494761957,525950.6875,20.15383529663086,0
270.70638253009383,525974.75,20.154207229614258,0
270.7268155837519,525996.6875,20.15414047241211,0
270.7472486373008,525938.3125,20.153745651245117,0
270.7676816907333,525958.375,20.155372619628906,0
270.78811484404287,525933.6875,20.154056549072266,0
270.8085477972418,525944.4375,20.1538028717041,0
270.828980850325,525938.0,20.1534423828125,0
270.8494138032838,525922.75,20.152578353881836,0
270.869846956135,525975.25,20.153940200805664,0
270.890280008869,525979.1875,20.15386199951172,0
270.9107129613694,526013.375,20.155506134033203,0
270.9311461138641,525930.1875,20.154586791992188,0
270.95157916624885,525977.0625,20.15369987487793,0
270.9720122183935,525932.5,20.15359878540039,0
270.99244517054467,525922.8125,20.151596069335938,8192
271.01287832246453,525905.3125,20.154056549072266,0
271.03331137437635,525926.25,20.154747009277344,8192
271.05374432606186,525878.625,20.153385162353516,0
271.0741774777489,525962.6875,20.153432846069336,0
271.09461052919505,525947.25,20.154258728027344,0
271.1150434806477,525964.75,20.152341842651367,0
271.1354766318691,525944.75,20.153533935546875,0
271.155909682966,525941.5625,20.154787063598633,0
271.176342633953,525979.0,20.15481948852539,0
271.1967756849408,525952.4375,20.152103424072266,0
271.21720883568923,525954.9375,20.151203155517578,0
271.237641786327,525915.8125,20.152395248413086,0
271.2580748368491,525950.5,20.15213394165039,0
271.2785079872483,525935.75,20.15382194519043,0
271.2989410375376,525989.3125,20.154016494750977,128
271.3193739877097,525910.75,20.153072357177734,0
271.3398070377589,525945.9375,20.15373992919922,0
271.3602401876997,525986.875,20.155227661132812,0
271.38067313752254,525904.5,20.15420150756836,0
271.40110618722974,525896.75,20.153779983520508,0
271.4215393366976,525896.0,20.15399742126465,0
271.4419722861712,525852.75,20.151477813720703,0
271.4624053355219,525870.625,20.151084899902344,0
271.48283838476345,525983.1875,20.15066909790039,16
271.50327143377217,525958.5625,20.153215408325195,16
271.5645705803254,525978.875,20.154634475708008,16
271.5850036289776,525926.125,20.151111602783203,16
271.60543667752063,525922.4375,20.153308868408203,16
271.62586972583085,525951.8125,20.1550350189209,16
271.6463027741411,525946.4375,20.153894424438477,16
271.6667358222112,525964.5,20.15336799621582,16
271.6871687702878,525920.4375,20.148496627807617,16
271.7076019181259,525976.9375,20.15338134765625,16
271.7280348659697,525849.4375,20.153539657592773,144
271.7484679135814,525989.875,20.151880264282227,16
271.7689010610775,525979.125,20.152578353881836,0
271.7893341085655,525987.0625,20.15327262878418,0
271.80976705582725,525985.375,20.155170440673828,0
271.8302001029733,525995.375,20.153308868408203,0
271.8506332501129,526014.4375,20.155750274658203,0
271.87106619702536,525969.375,20.1520938873291,0
271.8914992438222,525980.6875,20.15298843383789,0
271.9119323906125,525953.6875,20.151439666748047,0
271.9323653371757,525997.0,20.153118133544922,0
271.9527983836233,525971.4375,20.15513801574707,0
271.97323152994795,526006.9375,20.156509399414062,0
271.99366447616194,525948.25,20.15334129333496,0
272.0140975223767,525965.0625,20.15303611755371,0
272.03453056835133,525947.875,20.153987884521484,0
272.05496361421683,525987.125,20.153034210205078,0
272.0753966599659,526014.125,20.154647827148438,0
272.0958297055913,525982.5,20.153846740722656,0
272.11626285110833,525996.125,20.15239715576172,0
272.1366957965074,526008.5625,20.156278610229492,0
272.1571288419,525989.4375,20.15304946899414,0
272.1775617870662,525953.0,20.15302276611328,0
272.1979949321176,525965.25,20.152149200439453,0
272.2184279770445,525975.3125,20.155641555786133,0
272.2388609218615,525865.25,20.152164459228516,0
272.2592940665636,525852.4375,20.15033531188965,0
272.27972711114126,525881.375,20.150928497314453,0
272.3001601556098,525894.0625,20.152620315551758,0
272.3205930999611,526009.875,20.154739379882812,0
272.3410262441903,525990.125,20.15361785888672,0
272.36145928830956,525948.0,20.151782989501953,0
272.38189223231166,525988.5,20.153030395507812,0
272.4023253761916,525983.3125,20.153282165527344,0
272.4227584199616,525952.0,20.155956268310547,8192
272.44319136361446,525934.0625,20.154592514038086,0
272.46362450714514,526010.3125,20.157012939453125,0
272.4840575505659,525970.0625,20.155895233154297,0
272.5044904938695,525994.3125,20.155689239501953,0
272.5249235370502,525964.75,20.153968811035156,0
272.5453566801225,526010.0,20.156246185302734,0
272.56578962307685,525976.8125,20.155120849609375,0
272.5862226659083,525990.0,20.149309158325195,0
272.60665580863133,525974.5,20.15494728088379,0
272.6270888511208,525969.1875,20.15727424621582,0
272.6475217937186,525949.9375,20.15468978881836,0
272.66795483609167,525947.375,20.153085708618164,0
272.68838797822536,525954.9375,20.152448654174805,0
272.7088209203648,525947.4375,20.15464973449707,0
272.729253962505,525982.4375,20.15439796447754,0
272.7496870044124,526112.125,20.163951873779297,128
272.7701200460797,525998.5,20.154661178588867,0
272.7905529878699,525949.6875,20.15437126159668,0
272.8109861294288,525965.875,20.15314483642578,0
272.8314191708632,525992.6875,20.153797149658203,0
272.85185221218853,525976.25,20.15399742126465,0
272.87228515339666,525967.9375,20.154708862304688,0
272.8927182944826,525987.4375,20.15653419494629,0
272.9131513354587,526013.8125,20.156879425048828,128
272.93358427631756,525968.5,20.15670394897461,0
272.9540174170543,526008.875,20.155603408813477,0
272.9744504576811,525927.875,20.155141830444336,0
272.9948833981907,526029.125,20.153839111328125,0
273.01531643857743,525984.0,20.15626335144043,0
273.03574957885576,525959.5,20.15502166748047,0
273.05618251901615,525922.0625,20.15226173400879,0
273.07661555917,525950.4375,20.153688430786133,0
273.0970486990991,525898.375,20.14974021911621,0
273.11748163891025,525900.8125,20.153474807739258,0
273.13791467859846,525910.3125,20.15177345275879,0
273.15834771817754,525993.0625,20.15498161315918,0
273.17878085764096,525961.0625,20.155065536499023,0
273.1992137970956,525951.3125,20.1554012298584,0
273.2196468363254,525915.3125,20.155487060546875,0
273.2400799754396,525988.25,20.154905319213867,0
273.26051291454496,525965.0625,20.154714584350586,0
273.28094595342554,525959.1875,20.15322494506836,0
273.3013790921905,525974.25,20.1550350189209,0
273.3218120309466,525935.1875,20.15570831298828,0
273.34224506947794,525978.9375,20.15519905090332,0
273.36267810789286,525969.0,20.154293060302734,0
273.4035441844826,526013.125,20.155105590820312,0
273.4239772226647,525998.6875,20.151161193847656,8192
273.4444102606067,526001.0625,20.153730392456055,0
273.46484329855593,526017.8125,20.153196334838867,8192
273.48527633627236,526049.25,20.154888153076172,0
273.50570927398803,525986.25,20.15302276611328,0
273.5261424114651,526009.25,20.155609130859375,0
273.5465754489487,525969.3125,20.152070999145508,0
273.56700838630786,525982.875,20.15453338623047,0
273.587441523443,525952.0,20.14837646484375,0
273.60787456057733,525957.9375,20.146339416503906,0
273.628307597588,525957.0,20.150821685791016,0
273.64874053437234,525953.1875,20.150686264038086,0
273.6691736711582,525974.125,20.14985466003418,0
273.6896067078196,525989.875,20.149621963500977,0
273.71003964437114,526004.625,20.149866104125977,0
273.73047278080776,526005.8125,20.155302047729492,0
273.75090581711993,525979.625,20.149768829345703,0
273.7713387532058,525951.0,20.147947311401367,0
273.79177188929316,526024.25,20.147645950317383,0
273.81220482537174,525968.0,20.15094757080078,0
273.8326378612255,526003.0625,20.152143478393555,0
273.8530708969629,525945.5625,20.150548934936523,0
273.87350393258384,525963.0,20.143909454345703,0
273.8939369680811,525958.5625,20.150903701782227,0
273.91437000346923,525925.25,20.148523330688477,8192
273.93480303873366,525862.0,20.148202896118164,0
273.95523607400537,525877.0625,20.14690399169922,0
273.97566910904425,525925.4375,20.144672393798828,0
273.99610204396595,525958.4375,20.147357940673828,0
274.0165351787655,526009.8125,20.149873733520508,0
274.0369682135715,525978.25,20.145357131958008,0
274.0574011481367,525989.6875,20.147340774536133,0
274.0778342827107,526007.5625,20.149635314941406,0
274.09826731705107,525940.3125,20.1503963470459,0
274.1187002513907,526088.8125,20.151426315307617,0
274.13913328549097,526027.875,20.146907806396484,0
274.1595664195993,526000.5,20.149938583374023,0
274.1799993535824,525964.1875,20.15119743347168,0
274.2004323874571,525985.9375,20.151777267456055,8192
274.22086552109977,525944.1875,20.147003173828125,0
274.2412985547344,525983.4375,20.149642944335938,0
274.2617314882591,525963.4375,20.14810562133789,0
274.2821646216689,525937.625,20.14822769165039,0
274.3025976549543,525935.8125,20.15022850036621,0
274.32303058812977,525985.6875,20.144737243652344,0
274.3434636211896,525927.25,20.149656295776367,0
274.3638967541265,525951.9375,20.14795684814453,0
274.3843296869527,525997.625,20.150711059570312,0
274.40476271966327,525949.875,20.14938735961914,0
274.4251958523673,525828.8125,20.14692497253418,0
274.4456287848443,525705.875,20.149057388305664,0
274.4660618172056,525701.1875,20.145864486694336,0
274.48649484956695,525717.5625,20.144372940063477,0
274.50692798168893,525716.875,20.1472110748291,0
274.52736091381666,525709.4375,20.145307540893555,0
274.54779394570505,525742.0625,20.143997192382812,0
274.5682270776015,525730.0,20.14430046081543,0
274.58866000937996,525732.9375,20.14615249633789,0
274.6090930409264,525721.25,20.142822265625,0
274.6295261724663,525717.4375,20.145187377929688,0
274.6499591038955,525690.375,20.14156150817871,0
274.67039213520184,525690.5,20.146692276000977,0
274.690825166399,525758.0,20.142946243286133,0
274.71125819747976,525940.375,20.14515495300293,0
274.7316912284441,525960.125,20.147592544555664,0
274.75212425928476,525892.75,20.148893356323242,0
274.77255729001627,525847.3125,20.14962387084961,0
274.7929903207405,525851.9375,20.147092819213867,0
274.8134233512392,525866.8125,20.14508628845215,0
274.8338562816207,525914.25,20.147388458251953,0
274.8542894120037,525939.0,20.145185470581055,0
274.8747223421451,525943.3125,20.14652442932129,0
274.89515537229454,525926.375,20.146570205688477,0
274.9155885022046,525888.9375,20.15153694152832,0
274.93602143212047,525939.875,20.147241592407227,0
274.95645446192066,525940.0625,20.147729873657227,8192
274.97688749160443,525944.375,20.151775360107422,0
274.9973205211645,525967.5625,20.149124145507812,0
275.01775355061545,525974.8125,20.150142669677734,0
275.03818657995,525965.25,20.150218963623047,0
275.0586197091616,525955.6875,20.1455020904541,0
275.0790526382625,525968.25,20.1503963470459,0
275.0994856672478,525982.1875,20.146474838256836,0
275.11991879611014,525977.8125,20.1499080657959,0
275.14035172497825,525996.4375,20.15275764465332,0
275.1607847536143,525978.0625,20.151832580566406,0
275.1812176822423,525941.625,20.151445388793945,0
275.20165081064624,525962.375,20.148950576782227,0
275.22208383904945,525971.5625,20.14394187927246,0
275.24251686732896,525959.9375,20.144350051879883,0
275.2629498953829,525972.5,20.14865493774414,0
275.2833829234369,525950.5625,20.149703979492188,0
275.30381595136714,525934.3125,20.146442413330078,0
275.3242488791875,525995.375,20.14044761657715,0
275.344682006893,525970.6875,20.14729881286621,0
275.3651150345904,525984.0,20.149791717529297,0
275.38554796206154,525977.75,20.148317337036133,0
275.40598108941776,525997.3125,20.148391723632812,0
275.42641411664954,525953.5625,20.148662567138672,0
275.44684704388783,526003.1875,20.149620056152344,0
275.46728007101046,525963.25,20.145437240600586,0
275.48771319789375,525978.25,20.149812698364258,128
275.5081461247828,525961.625,20.147380828857422,0
275.5285791515562,525976.875,20.148162841796875,0
275.54901227820665,526025.5625,20.146528244018555,0
275.5694453046308,526005.0,20.146202087402344,0
275.5898782311706,525992.5625,20.146869659423828,0
275.6103113574718,525880.625,20.145729064941406,0
275.6307443836631,525936.5,20.148386001586914,0
275.65117730973725,525907.0,20.14023208618164,0
275.67161033580487,525985.5,20.149837493896484,0
275.6920434616477,525985.8125,20.147579193115234,0
275.712476387489,525973.75,20.144678115844727,0
275.73290941309097,525951.6875,20.147382736206055,0
275.75334253870096,526021.4375,20.150447845458984,0
275.773775464193,525930.9375,20.14735984802246,0
275.79420848956215,525998.875,20.14893341064453,8320
275.81464151482214,525973.0,20.14931869506836,0
275.8350746399665,525957.3125,20.14837646484375,0
275.8555075649856,525966.3125,20.14763641357422,0
275.87594058989635,525992.5,20.148208618164062,0
275.8963736148071,525904.625,20.146942138671875,0
275.9168066394777,525970.6875,20.151119232177734,0
275.9372395641549,525998.8125,20.145978927612305,0
275.9576726886007,525984.5,20.150836944580078,0
275.97810571303853,526000.9375,20.147716522216797,0
275.99853863736644,526014.4375,20.14473533630371,262144
276.0189716615787,526038.0,20.15015411376953,0
276.039404785668,525972.4375,20.147676467895508,0
276.05983780964743,525974.125,20.1474609375,0
276.0802707335097,526022.6875,20.145416259765625,0
276.10070385724975,525964.0,20.146499633789062,0
276.12113688099635,525995.6875,20.148508071899414,0
276.14156980450934,526011.6875,20.148113250732422,0
276.16200282801583,525946.625,20.1456241607666,0
276.1824359512975,526015.4375,20.15164566040039,0
276.2028688745777,526016.4375,20.148942947387695,0
276.2233018977349,526021.1875,20.1487979888916,0
276.2437350207838,526001.75,20.14766502380371,0
276.2641679437147,525981.0625,20.148998260498047,0
276.2846009665227,526002.75,20.15013885498047,0
276.30503398922156,526013.9375,20.14244270324707,0
276.3254670119204,525974.4375,20.14570426940918,0
276.34590003437916,525991.875,20.147945404052734,0
276.3867660791948,525994.125,20.1452579498291,0
276.4071991014207,526025.6875,20.148469924926758,0
276.42763212342106,525942.5625,20.145967483520508,0
276.4480652454222,525940.4375,20.146648406982422,0
276.4684981674145,525884.375,20.146528244018555,0
276.48893118918204,525945.5625,20.14525032043457,0
276.5093641108324,526025.1875,20.146116256713867,0
276.529797232477,526039.5,20.14716148376465,0
276.5502302538953,526027.625,20.146963119506836,0
276.57066327531356,525972.9375,20.144351959228516,0
276.59109629660816,526014.5,20.147947311401367,0
276.6115293177936,525986.375,20.14594268798828,0
276.63196233886265,525973.5625,20.147085189819336,0
276.65239525980724,526047.8125,20.150789260864258,0
276.6728283806442,526000.5,20.149621963500977,0
276.693261401364,526032.1875,20.14463996887207,0
276.71369432208303,526045.625,20.147781372070312,0
276.7341274425635,525999.4375,20.148178100585938,0
276.75456046305044,526055.75,20.152944564819336,0
276.77499338341295,526056.0,20.149539947509766,0
276.7954264036671,526039.0,20.145252227783203,0
276.81585952380556,526011.5,20.146699905395508,0
276.8362924438261,525995.625,20.148841857910156,0
276.8567254637237,525980.9375,20.145309448242188,0
276.87715858351294,526033.8125,20.14829444885254,0
276.89759160329413,526011.5625,20.143938064575195,0
276.9180245229654,526062.0,20.152355194091797,0
276.9384576424054,526033.25,20.143924713134766,0
276.95889066183736,526010.75,20.148269653320312,0
276.9793235811594,526022.125,20.14504051208496,0
276.9997566003658,526007.0625,20.14888572692871,0
277.0201896195649,525980.9375,20.149131774902344,0
277.0406226385385,526025.0625,20.148963928222656,0
277.0610556573956,525989.125,20.147005081176758,0
277.0814886762528,526008.8125,20.14887237548828,0
277.12235471361055,525987.1875,20.143417358398438,0
277.1427876321177,525993.875,20.146915435791016,0
277.16322075050266,526014.0,20.146602630615234,393216
277.18365376877773,526024.6875,20.148107528686523,0
277.2040866869356,525992.8125,20.146265029907227,0
277.22451980508777,526061.125,20.142913818359375,0
277.24495282313,526003.625,20.148658752441406,0
277.2653857409314,525923.0625,20.145174026489258,0
277.2858187587408,525897.125,20.14742660522461,0
277.30625187643454,525878.5,20.147626876831055,0
277.32668479401036,525885.8125,20.14458656311035,8192
277.34711781157966,525985.6875,20.14792251586914,0
277.3675509289242,526009.0,20.148704528808594,0
277.3879838462599,526085.0,20.15187644958496,0
277.4084168633708,526031.875,20.147377014160156,0
277.4288499804825,526009.6875,20.145788192749023,0
277.4492829974697,526022.875,20.15062141418457,0
277.46971591434703,526005.25,20.149118423461914,0
277.4901489311087,526008.25,20.14409065246582,0
277.51058204786386,526030.875,20.150964736938477,0
277.53101496439194,526041.0625,20.14884376525879,0
277.5514479809208,526017.8125,20.147628784179688,0
277.5718810972103,525994.5625,20.1466064453125,0
277.59231401350553,525990.4375,20.1466121673584,0
277.6127470296851,526015.125,20.14871597290039,0
277.63318004585744,525976.5625,20.145736694335938,0
277.6536130618042,525999.5,20.14569664001465,0
277.67404607763456,525988.25,20.14854621887207,0
277.6944790934649,525979.125,20.14414405822754,0
277.71491210917156,526005.5,20.14862632751465,0
277.7353451247691,525981.625,20.143997192382812,0
277.7557781402429,525971.75,20.147260665893555,0
277.77621125560836,525992.625,20.147144317626953,0
277.79664417085587,526019.375,20.145904541015625,0
277.81707718610414,525990.625,20.148353576660156,0
277.83751010111155,525983.6875,20.14276123046875,0
277.85794321612775,526024.3125,20.145023345947266,0
277.8783762310195,525961.9375,20.14823341369629,0
277.8988092458021,526048.8125,20.14649200439453,393216
277.9192422604683,525997.125,20.148038864135742,401408
277.9396752751345,526020.9375,20.145334243774414,0
277.9601082895606,525981.3125,20.14427375793457,0
277.9805412039932,525979.25,20.149410247802734,0
278.00097431830363,526027.3125,20.144094467163086,0
278.02140733238775,525957.6875,20.147863388061523,0
278.0418402465875,525955.375,20.1436767578125,0
278.062273360556,525972.0,20.147659301757812,0
278.08270627439924,525971.375,20.14763832092285,0
278.10313928825053,525895.4375,20.14272117614746,0
278.1235723019854,525878.6875,20.14825439453125,0
278.1440053154802,525889.3125,20.148515701293945,0
278.1644383289822,525926.25,20.145002365112305,0
278.18487134248426,526051.875,20.14781379699707,0
278.2053043557462,525987.25,20.146060943603516,0
278.2257373690154,526003.5625,20.1467227935791,128
278.2461703820518,526002.75,20.15052604675293,0
278.26660349508165,525995.0625,20.145862579345703,0
278.28703640800086,525979.375,20.15245246887207,0
278.3074694208044,525976.875,20.13957977294922,0
278.3279023334835,525987.375,20.14468002319336,0
278.3483354461714,525997.3125,20.15005111694336,128
278.3687684587421,525991.6875,20.14725112915039,0
278.389201371072,525983.0625,20.13962173461914,0
278.4096344834106,525946.875,20.147249221801758,0
278.4300674956321,525999.9375,20.14628028869629,0
278.4505005078463,526056.4375,20.150087356567383,0
278.4709334198342,525985.0625,20.14535140991211,128
278.4913665318236,526008.4375,20.151376724243164,0
278.5117995435721,526007.375,20.15020179748535,0
278.5322324553272,525994.6875,20.15268898010254,0
278.55266556696733,526008.0625,20.146482467651367,0
278.57309857859946,526035.5,20.149383544921875,0
278.59353149000526,526056.8125,20.147951126098633,0
278.61396450141183,526062.0625,20.146791458129883,0
278.63439761257905,525969.3125,20.147253036499023,0
278.654830523752,526026.375,20.14763832092285,8192
278.67526353492576,526041.25,20.14828872680664,0
278.69569664586015,525980.8125,20.1505184173584,0
278.7161295566839,525986.125,20.14403533935547,0
278.7365625675084,526013.75,20.143896102905273,0
278.75699567820993,525967.3125,20.14179039001465,0
278.7774286888016,525983.5,20.148780822753906,0
278.7978615992761,525954.4375,20.149059295654297,0
278.8182946096276,525976.0,20.149192810058594,0
278.8387277199872,525960.3125,20.147720336914062,0
278.85916063011246,525951.0,20.148544311523438,0
278.8795936402312,525989.5,20.146228790283203,0
278.9000267502415,525904.25,20.143896102905273,0
278.92045966013393,525964.5,20.148269653320312,0
278.9408926700198,525916.0625,20.14095687866211,0
278.96132567968016,525908.75,20.146530151367188,0
278.9817586893405,525893.8125,20.147184371948242,128
279.00219169887714,525978.9375,20.149850845336914,0
279.02262470830465,526003.9375,20.15004539489746,0
279.04305771761574,526051.5625,20.152360916137695,0
279.06349072691955,526011.8125,20.1497802734375,0
279.0839237359978,525991.5,20.149375915527344,0
279.1043566450753,525981.5625,20.144472122192383,0
279.12478975403064,526005.0625,20.1514949798584,0
279.1452227628761,526026.0625,20.14739227294922,128
279.16565567172074,525970.75,20.147642135620117,0
279.1860887803268,525939.125,20.15138053894043,128
279.20652168893866,525984.6875,20.146316528320312,0
279.22695469743485,525931.0,20.146589279174805,0
279.2473878058081,525969.1875,20.150039672851562,0
279.2678207140707,525990.0625,20.14641571044922,0
279.28825372233405,525983.4375,20.148632049560547,0
279.3086867304737,525978.0,20.146560668945312,0
279.3291198383886,525996.5625,20.150556564331055,8192
279.36998575420876,526038.8125,20.14739990234375,0
279.3904188618908,526003.875,20.146591186523438,0
279.4108517695713,525982.875,20.14887809753418,0
279.4312847771289,525991.4375,20.14706802368164,0
279.4517176845766,525983.8125,20.147207260131836,0
279.47215079190937,526017.8125,20.15023422241211,0
279.4925837991177,526028.625,20.147069931030273,0
279.5130168063333,526020.4375,20.149282455444336,0
279.5334498134325,525977.625,20.142763137817383,0
279.55388282040803,525940.125,20.142154693603516,0
279.5743158272744,526006.375,20.147233963012695,0
279.59474883402436,525968.875,20.141876220703125,0
279.61518184076704,526016.875,20.146373748779297,0
279.6356148474006,525974.9375,20.148780822753906,0
279.65604775391694,525941.5625,20.14740562438965,0
279.67648086031113,525993.9375,20.147693634033203,8192
279.6969138665954,526005.375,20.144678115844727,0
279.71734677287895,525946.3125,20.146926879882812,0
279.7377798789239,525972.9375,20.13776397705078,0
279.75821288497536,525992.5,20.143945693969727,0
279.7786458910268,525914.5,20.143451690673828,128
279.7990787968447,525895.625,20.14854621887207,0
279.8195119026568,525866.5,20.142980575561523,128
279.8399449082426,525954.5,20.143016815185547,0
279.8603778138204,526008.25,20.14580726623535,8192
279.88081091940694,526023.0625,20.142440795898438,0
279.9012439247599,525972.5625,20.145137786865234,0
279.9216768301121,525974.625,20.14305305480957,0
279.942109835225,526012.5625,20.145315170288086,0
279.9625429403459,525969.3125,20.14728355407715,8192
279.982975845458,525991.875,20.145700454711914,0
280.0034088503453,525990.25,20.14633560180664,0
280.02384195523337,525976.0625,20.142444610595703,0
280.0442748600035,525937.5625,20.149124145507812,0
280.0647078646507,525975.9375,20.14115333557129,8192
280.0851409691895,525963.6875,20.14896583557129,0
280.1055739737203,526020.6875,20.1484317779541,8320
280.1260068780248,525933.9375,20.149232864379883,0
280.14643988233,525976.3125,20.14710807800293,0
280.16687288651883,525924.25,20.149532318115234,0
280.1873058907004,525982.4375,20.1463565826416,0
280.20773889465636,525991.9375,20.144540786743164,0
280.22817189860507,525942.0,20.14603042602539,0
280.24860490244464,525953.125,20.14878273010254,0
280.2690379061678,525940.25,20.146108627319336,0
280.2894708098902,525977.4375,20.148021697998047,0
280.309903913374,525965.75,20.149032592773438,0
280.33033681686356,525970.4375,20.145729064941406,0
280.3507698202375,525960.5,20.15094566345215,0
280.37120292360487,525992.125,20.151897430419922,0
280.39163592674595,526042.4375,20.152549743652344,0
280.43250183290365,526014.0,20.148826599121094,8192
280.45293493581266,526003.5,20.14623260498047,0
280.4733678387129,525986.5625,20.152042388916016,0
280.4938008413883,525941.375,20.14986228942871,0
280.5142339440645,525942.1875,20.144794464111328,0
280.5346668466227,525934.1875,20.150217056274414,0
281.3519867761206,525919.0625,20.15166664123535,0
281.37241977507074,525964.6875,20.151342391967773,0
281.39285277390445,525939.5625,20.154232025146484,0
281.4132857726145,525961.9375,20.14960289001465,0
281.43371877133177,525950.25,20.152578353881836,0
281.45415176993265,525903.4375,20.150209426879883,0
281.4745846684091,525896.3125,20.150949478149414,0
281.4950177667779,525851.6875,20.15473747253418,0
281.51545076514594,525866.0,20.14903450012207,0
281.53588366338954,525925.375,20.151185989379883,0
281.5563167615255,525941.9375,20.14723777770996,0
281.5767497595443,525948.1875,20.150299072265625,0
281.5971826575551,525989.1875,20.149099349975586,0
281.6176156554575,525976.875,20.155630111694336,0
281.6380487532442,525985.8125,20.1480655670166,0
281.65848165090574,525971.875,20.155738830566406,0
281.6789146485753,525936.5,20.153209686279297,8192
281.6993477461292,526027.8125,20.15648651123047,0
281.71978074355866,525941.75,20.154869079589844,0
281.7402136408782,525985.9375,20.153444290161133,0
281.7606467381993,525970.6875,20.15290069580078,0
281.7810797353959,525993.25,20.151811599731445,0
281.8015126324826,525950.0,20.153650283813477,0
281.8219456295701,525984.125,20.15275764465332,0
281.84237872641825,525990.5,20.14572525024414,0
281.86281162327214,526002.625,20.154483795166016,0
281.8832446201268,526007.5,20.153295516967773,0
281.9036777167421,525976.625,20.154773712158203,0
281.92411061336315,526033.5,20.15052032470703,128
281.94454360986856,525956.0,20.150461196899414,8192
281.9649766062503,525991.5625,20.15355110168457,0
281.98540970264,525992.0,20.155635833740234,0
282.00584259891184,525951.5625,20.15107536315918,0
282.0262755950607,525974.0,20.153881072998047,0
282.04670869110123,525992.0625,20.15097999572754,0
282.0671415871402,525952.6875,20.152753829956055,0
282.08757458305627,525953.25,20.154218673706055,0
282.1080074788624,525930.6875,20.147905349731445,8192
282.1284405746701,525875.8125,20.151126861572266,0
282.1488735703533,525954.75,20.15496826171875,0
282.16930646592664,525930.4375,20.154651641845703,0
282.18973956138507,525926.3125,20.156003952026367,0
282.21017255683546,525959.0,20.15413475036621,0
282.2306055520603,525923.8125,20.1552734375,0
282.25103854740155,525952.25,20.150331497192383,0
282.2714715425027,525970.875,20.152578353881836,0
282.2919045376111,525922.625,20.15009117126465,8192
282.31233743260236,525905.5625,20.155086517333984,0
282.35320352234703,525898.5625,20.151315689086914,0
282.37363641698903,526036.1875,20.153364181518555,0
282.3940695116253,526023.125,20.155406951904297,0
282.4145024062673,525989.3125,20.15476417541504,0
282.4349354006772,525977.1875,20.154706954956055,0
282.45536839507986,525973.375,20.152244567871094,0
282.4758013894898,526040.5,20.155515670776367,0
282.4962343836669,525987.75,20.152833938598633,0
282.5166673778367,526000.0625,20.155305862426758,0
282.5371003718974,525990.5,20.152448654174805,8192
282.55753336584166,525961.8125,20.155908584594727,0
282.57796635977866,525992.125,20.15009880065918,0
282.59839925360575,525969.5,20.15318489074707,0
282.61883234731795,526057.0,20.15696907043457,0
282.6392653410221,526033.6875,20.153470993041992,0
282.65969823449996,526024.4375,20.15209197998047,0
282.68013132809574,526043.25,20.152740478515625,0
282.70056432145066,525993.0,20.151269912719727,0
282.72099731481285,525957.8125,20.15584373474121,0
282.7414303080586,525942.0625,20.156278610229492,0
282.7618633011807,525993.25,20.153352737426758,0
282.78229629419366,525989.0,20.150169372558594,0
282.80272918720584,525962.6875,20.152597427368164,0
282.82316228009586,525902.5,20.150531768798828,128
282.8435952729924,526021.3125,20.156892776489258,0
282.86402816577174,525985.6875,20.14912223815918,0
282.8844612583125,526022.625,20.15399169921875,0
282.9048942509762,525945.8125,20.15674591064453,0
282.9253271434063,525994.75,20.155683517456055,0
282.9457601358299,526014.9375,20.155258178710938,0
282.96619322826155,526006.4375,20.153564453125,128
282.9866261204588,525996.0,20.15338897705078,8192
283.00705911265686,526031.3125,20.15378761291504,0
283.02749220473197,525989.6875,20.155834197998047,0
283.0479251966972,526018.3125,20.15471839904785,0
283.06835808865435,525979.5,20.155916213989258,0
283.0887911805039,525987.375,20.157772064208984,0
283.1092241722363,525955.8125,20.156782150268555,0
283.1296570639679,525916.4375,20.15682029724121,0
283.1500900555766,525901.375,20.15336799621582,128
283.1705231470769,525857.6875,20.15116310119629,0
283.1909560385684,525941.25,20.15300178527832,0
283.2113890298351,525973.375,20.15312385559082,0
283.231822121219,525920.5,20.157045364379883,0
283.25225501236855,525941.125,20.153247833251953,0
283.2726880035116,525978.0625,20.157922744750977,0
283.29312099454546,525978.9375,20.157602310180664,0
283.31355398545566,525977.1875,20.15819549560547,0
283.3339869763731,525989.9375,20.15707015991211,0
283.3544199671742,526015.125,20.1561222076416,0
283.3748529578588,525968.375,20.154644012451172,0
283.3952859485362,525986.0,20.155197143554688,0
283.4157189391044,526009.0625,20.15326499938965,0
283.43615192954894,526039.75,20.14968490600586,0
283.45658491988434,525997.5,20.15326690673828,0
283.47701781021897,525967.0625,20.152374267578125,0
283.49745080043795,526008.25,20.156030654907227,0
283.5178838906504,525999.0,20.15801429748535,8192
283.5383167807522,525960.8125,20.156211853027344,0
283.55874977073836,526028.1875,20.155439376831055,0
283.5791828606016,525951.1875,20.155231475830078,8192
283.5996158504713,525974.8125,20.155441284179688,0
283.62004874022387,525982.8125,20.15462875366211,0
283.6404817298535,526007.6875,20.15591812133789,0
283.66091481949115,525982.0625,20.151472091674805,0
283.6813477090036,525992.3125,20.155879974365234,0
283.7017806984077,525982.8125,20.151737213134766,0
283.7222137878125,526040.6875,20.156890869140625,0
283.7426466770994,526011.5,20.156192779541016,0
283.76307966626337,525963.5,20.155542373657227,8192
283.78351275543537,525992.375,20.15761947631836,0
283.80394564448216,525940.25,20.15582847595215,0
283.82437863342057,525967.9375,20.15471839904785,0
283.844811622359,525975.0625,20.156362533569336,0
283.86524461118097,525976.3125,20.15488052368164,0
283.8856775998793,525987.0,20.157344818115234,0
283.90611058858485,526003.4375,20.155519485473633,0
283.9265436770511,525980.6875,20.15615463256836,0
283.9469765656395,525981.875,20.15291976928711,0
283.9674095539958,525929.625,20.156421661376953,0
283.9878424423514,525909.375,20.15554428100586,0
284.0082755305848,525872.875,20.153528213500977,0
284.0287085188247,525909.625,20.15152931213379,8192
284.04914150694094,525958.75,20.156463623046875,0
284.06957449494803,525954.125,20.15831756591797,0
284.0900074829551,525932.5,20.156747817993164,393216
284.1104404708458,525986.5,20.155914306640625,393216
284.130873358612,525946.125,20.160524368286133,0
284.1513064462706,525993.6875,20.154943466186523,0
284.1717394339212,525972.5,20.1575927734375,0
284.19217232146184,526022.0625,20.159645080566406,0
284.212605409004,525980.125,20.151893615722656,8192
284.23303839642904,526023.875,20.156129837036133,0
284.2534712837296,526003.4375,20.158876419067383,0
284.27390437103895,526036.375,20.159420013427734,0
284.29433735810744,526019.0,20.157615661621094,0
284.31477024529886,526018.375,20.15642738342285,0
284.3556363192183,525974.75,20.156211853027344,0
284.37606920616963,526004.0625,20.16023826599121,0
284.39650219289615,525963.0,20.15692710876465,0
284.41693527961615,525991.375,20.159456253051758,0
284.4373681662255,526004.3125,20.159038543701172,0
284.4578011528356,525970.125,20.155609130859375,0
284.4782341393293,525921.9375,20.155929565429688,0
284.4986671256993,525970.3125,20.158348083496094,0
284.51910011207656,525994.625,20.158021926879883,0
284.53953299833665,525966.4375,20.151647567749023,0
284.5599660844746,526044.1875,20.153640747070312,0
284.580399070619,526002.875,20.15496253967285,0
284.6008319566463,525996.9375,20.160533905029297,0
284.6212650426678,526020.625,20.155311584472656,0
284.641698028463,525998.8125,20.15222930908203,0
284.6621310142582,526037.6875,20.158233642578125,0
284.68256390004535,525991.875,20.153884887695312,0
284.7029969857249,525952.125,20.155168533325195,0
284.72342997128726,525959.4375,20.159000396728516,0
284.7438628567252,525944.3125,20.153457641601562,0
284.7642959421719,526021.875,20.159297943115234,0
284.7847289275014,525994.625,20.152124404907227,0
284.8051618128229,525932.9375,20.155458450317383,0
284.82559479803604,525937.25,20.151411056518555,0
284.8460278831335,525916.0625,20.156558990478516,0
284.86646076822217,525970.875,20.155071258544922,8192
284.88689375320246,526006.875,20.156635284423828,0
284.9073268380671,525999.4375,20.157981872558594,0
284.9277598229237,526002.75,20.154069900512695,0
284.9481927076704,526056.6875,20.154598236083984,0
284.9686257923022,525995.9375,20.155529022216797,0
284.98905877692596,526052.875,20.1575927734375,0
285.0094916614398,526057.1875,20.150510787963867,0
285.02992464595445,526052.8125,20.155166625976562,0
285.05035773034615,525999.0625,20.15056800842285,0
285.0707906146272,526045.0625,20.15719985961914,0
285.091223598909,526019.9375,20.155628204345703,0
285.11165668306785,526055.625,20.156946182250977,0
285.13208956711605,526041.875,20.15827178955078,0
285.152522551165,526047.3125,20.160995483398438,128
285.1729555350903,526021.9375,20.15340232849121,0
285.19338851890643,526029.3125,20.154767990112305,0
285.21382150272257,526045.9375,20.159334182739258,0
285.234254486415,526021.5625,20.159069061279297,0
285.2546875701155,525990.0625,20.152883529663086,0
285.2751204535816,526022.75,20.156652450561523,8192
285.29555343715765,526025.75,20.156734466552734,0
285.3364194038586,526030.3125,20.15513038635254,0
285.3568523872018,526033.6875,20.158126831054688,0
285.3772852704351,526056.9375,20.151968002319336,0
285.3977183535535,526032.125,20.15833854675293,0
285.41815133654745,526065.8125,20.159908294677734,0
285.4385843195487,526019.625,20.15786361694336,8192
285.4590173024335,525999.3125,20.15252113342285,0
285.47945028531103,526059.25,20.15774154663086,0
285.49988326807943,526043.625,20.156665802001953,0
285.52031615073065,526056.5625,20.15607452392578,0
285.5407492333761,526040.1875,20.1541690826416,0
285.5611821159109,526042.0625,20.155160903930664,0
285.5816150984465,526070.8125,20.15355110168457,0
285.60204818085913,526089.125,20.15628433227539,0
285.6224810631611,526047.625,20.157791137695312,0
285.6429140453474,526025.125,20.14667320251465,128
285.66334702752647,525975.8125,20.151514053344727,0
285.6837800097128,526003.25,20.150304794311523,0
285.7042129917827,525985.0625,20.150915145874023,0
285.7246459737289,526067.25,20.152502059936523,0
285.745078955566,526070.5,20.15316390991211,0
285.76551193740306,526016.5625,20.148616790771484,0
285.78594491923286,526082.125,20.159221649169922,0
285.80637800083787,526025.5,20.15031623840332,0
285.82681088255777,526019.0625,20.153764724731445,0
285.8472438640383,526067.5,20.151391983032227,128
285.8676767455254,526061.0625,20.15930938720703,0
285.88810982689756,526068.6875,20.15073013305664,0
285.9085428082617,526048.0625,20.15069580078125,0
285.92897568951594,526094.25,20.15676498413086,0
285.9494087706553,526090.125,20.155649185180664,0
285.9698417517866,526070.4375,20.154056549072266,128
285.99027473280876,526059.125,20.160682678222656,0
286.01070761383016,526046.0625,20.15399932861328,0
286.0311406947294,526077.25,20.155576705932617,0
286.05157367551874,526058.375,20.154998779296875,0
286.0720065563073,526034.8125,20.15845489501953,0
286.11287261764664,526048.0,20.154024124145508,0
286.1333054982024,526041.0,20.159828186035156,0
286.15373857863597,526093.75,20.158954620361328,0
286.17417155907606,526066.1875,20.160682678222656,0
286.194604439399,526094.4375,20.15435791015625,8192
286.21503741972265,526076.1875,20.157638549804688,128
286.2354704999234,526077.25,20.159517288208008,0
286.25590348001424,526048.5625,20.158790588378906,0
286.27633636009705,526045.6875,20.159406661987305,0
286.29676944007224,526061.9375,20.161911010742188,0
286.31720242004667,526048.6875,20.153200149536133,0
286.3376352999039,526053.0625,20.160287857055664,0
286.35806827963825,526018.8125,20.157896041870117,0
286.3785013593806,526019.125,20.157808303833008,0
286.39893423899775,526035.4375,20.157066345214844,0
286.4193672185065,526073.8125,20.15818214416504,0
286.43980029801605,526097.8125,20.15860939025879,0
286.46023317752406,526075.75,20.158140182495117,0
286.48066615690914,526012.8125,20.15450096130371,0
286.50109923618584,526015.6875,20.156131744384766,0
286.52153211545374,526010.6875,20.148475646972656,0
286.54196509449685,526037.5,20.1544132232666,0
286.56239807365637,526058.8125,20.16010856628418,0
286.5828310526995,526072.4375,20.15665626525879,0
286.6032640316189,526069.75,20.158573150634766,0
286.6236970105456,526062.625,20.155027389526367,0
286.6441299893486,526066.125,20.159286499023438,8192
286.66456296804245,526035.8125,20.15751075744629,0
286.68499584673555,526059.1875,20.15876007080078,8192
286.7054288254294,526059.5,20.154850006103516,0
286.7258619038839,526080.125,20.15415382385254,0
286.7462947823442,526046.875,20.15880012512207,8192
286.7667277608052,526060.5,20.157920837402344,0
286.7871608391433,526027.75,20.154184341430664,0
286.80759371737076,526085.625,20.15814971923828,0
286.82802669559896,526083.6875,20.156105041503906,393216
286.84845977370423,526072.1875,20.151891708374023,0
286.868892751816,526066.625,20.158527374267578,0
286.8893256298106,526055.75,20.15472412109375,0
286.9097586077987,526083.375,20.159130096435547,0
286.93019168567844,526099.8125,20.15680694580078,0
286.9506245634402,526062.25,20.155786514282227,0
286.9710575411955,526089.125,20.15629768371582,8192
286.99149061884236,526029.125,20.16121482849121,0
287.01192349636403,526093.6875,20.155567169189453,0
287.03235647401016,526057.4375,20.160587310791016,0
287.05278945142345,526049.25,20.161033630371094,0
287.07322242883674,526089.375,20.164220809936523,0
287.09365540612635,526052.875,20.15496826171875,0
287.1140883834232,526062.75,20.155406951904297,0
287.13452146059717,526089.8125,20.152204513549805,0
287.15495433777687,526093.0,20.160554885864258,0
287.1753873148409,526068.75,20.15964126586914,0
287.19582039178204,526073.3125,20.157258987426758,0
287.2162532687289,526043.6875,20.154041290283203,8192
287.2366862455601,526111.375,20.163501739501953,0
287.2571191223906,526048.375,20.157047271728516,0
287.27755219909886,526090.1875,20.16423988342285,0
287.29798517581366,526065.9375,20.1566162109375,0
287.31841815241205,526012.625,20.160137176513672,0
287.33885112888674,526019.0,20.161945343017578,0
287.3592841053687,525992.0625,20.15351676940918,0
287.3797170818434,525973.6875,20.159223556518555,0
287.4001499580918,526120.6875,20.154956817626953,0
287.4205830344581,526091.375,20.1640625,0
287.44101601059083,526064.625,20.160724639892578,0
287.4614488867155,526051.4375,20.159799575805664,0
287.481881962849,526065.25,20.159351348876953,0
287.50231493885804,526052.9375,20.162446975708008,0
287.52274781475717,526089.125,20.16118049621582,0
287.5431808906578,526108.25,20.162750244140625,0
287.5636138664413,526146.75,20.159263610839844,0
287.58404674221674,526099.5625,20.15712547302246,0
287.6044797178838,526090.5625,20.160663604736328,0
287.62491269355087,526088.375,20.163379669189453,0
287.645345769095,526092.625,20.15798568725586,0
287.6657786446449,526081.375,20.162981033325195,0
287.6862116199627,526035.1875,20.160982131958008,0
287.70664459538966,526066.0625,20.160518646240234,0
287.7270775707075,526065.5,20.160751342773438,0
287.7475104459081,526071.375,20.156612396240234,128
287.767943521103,526122.6875,20.155189514160156,0
287.788376496188,526068.5,20.160062789916992,0
287.8088093712722,526093.875,20.162641525268555,0
287.8292424462343,526099.75,20.16014862060547,0
287.84967542108643,526046.5625,20.159143447875977,0
287.8701083959386,526037.1875,20.15559196472168,0
287.8905412707827,526075.625,20.15882110595703,0
287.93140732013853,526025.9375,20.162132263183594,8192
287.9518401947498,526044.1875,20.15806770324707,0
287.9722732692535,526061.125,20.159976959228516,0
287.9927062437564,526160.0,20.159744262695312,0
288.01313911813486,526106.9375,20.15448570251465,0
288.0335721924057,526101.9375,20.160432815551758,0
288.0540051667922,526072.3125,20.158645629882812,0
288.0744380409378,526077.125,20.15807342529297,0
288.0948710150915,526098.625,20.161523818969727,8192
288.1153040892459,526065.625,20.162715911865234,0
288.1357369631587,526087.4375,20.157814025878906,0
288.15616993719595,526004.4375,20.15989112854004,0
288.17660301111755,525982.375,20.1590518951416,0
288.1970359849147,525998.625,20.15711212158203,0
288.21746885871835,526019.5625,20.158889770507812,0
288.23790183240635,526111.0625,20.15874671936035,0
288.25833490608784,526126.4375,20.160207748413086,0
288.27876777965866,526125.0625,20.157604217529297,0
288.3196338265625,526055.1875,20.15247344970703,0
288.3400667000169,526083.1875,20.159753799438477,0
288.36049967335566,526100.75,20.157236099243164,0
288.3809327465715,526091.9375,20.16058921813965,0
288.40136561979307,526080.875,20.16048812866211,0
288.4217985930154,526092.6875,20.153745651245117,0
288.44223156611406,526139.25,20.153120040893555,8192
288.46266463910433,526095.375,20.16261100769043,0
288.4830975120931,526065.6875,20.157285690307617,0
288.5035304849589,526087.125,20.161724090576172,0
288.52396355783276,526125.5625,20.158849716186523,16
288.5443964305887,526074.6875,20.148681640625,144
288.5648294033381,526153.4375,20.157917022705078,16
288.5852622759776,526144.6875,20.16020393371582,16
288.6056953486186,526113.875,20.15309715270996,16
288.6261283211352,526100.1875,20.15383529663086,8208
288.6465612935426,526053.0625,20.153413772583008,16
288.66699426595005,526073.625,20.15936851501465,16
288.68742713834945,526125.125,20.157215118408203,0
288.70786021064123,526044.5,20.14992904663086,0
288.72829318293225,526066.4375,20.154836654663086,0
288.7487261550996,526106.0625,20.158117294311523,0
288.769159027157,526142.6875,20.160062789916992,0
288.7895919992152,526120.9375,20.154531478881836,0
288.81002507126686,526114.5625,20.157106399536133,8192
288.83045794309146,526139.0625,20.157861709594727,0
288.85089091503323,526083.3125,20.159189224243164,8192
288.8713239868521,526113.6875,20.15877914428711,0
288.89175685856026,526104.8125,20.158416748046875,128
288.9121898302692,526094.0625,20.16200828552246,0
288.93262280185445,526117.625,20.15876579284668,0
288.953055773447,526103.75,20.15656089782715,0
288.9734887449231,526096.1875,20.158447265625,0
288.9939217163919,526026.6875,20.154024124145508,0
289.01435468786804,526027.1875,20.15323257446289,0
289.0347876591113,526050.5,20.156085968017578,0
289.05522063046374,526040.1875,20.152938842773438,0
289.07565370159136,526066.8125,20.161094665527344,0
289.0960865728339,526075.625,20.161088943481445,0
289.11651954383706,526105.375,20.15851593017578,0
289.13695241496316,526105.3125,20.157970428466797,0
289.15738548585796,526110.9375,20.15921974182129,0
289.17781845686113,526095.75,20.156721115112305,0
289.19825142763875,526098.25,20.152254104614258,0
289.21868439841637,526137.5625,20.160554885864258,0
289.2391173691867,526173.3125,20.15594482421875,8192
289.2595503398479,526079.5,20.16105842590332,0
289.27998321050836,526075.75,20.156795501708984,0
289.30041628104664,526096.125,20.157466888427734,0
289.3208492515914,526148.1875,20.151880264282227,0
289.34128212201904,526124.6875,20.157669067382812,0
289.3617151924409,526090.3125,20.16234588623047,0
289.38214816275286,526110.3125,20.158416748046875,8192
289.40258103306405,526116.0,20.156967163085938,0
289.4230141032531,526081.375,20.156904220581055,0
289.4434470733322,526133.5625,20.15699005126953,0
289.463879943527,526133.5625,20.160215377807617,0
289.4843129134824,526063.875,20.15996742248535,0
289.5047459834459,526048.125,20.154855728149414,0
289.5251789534086,526113.0,20.156352996826172,0
289.54561182325415,526130.125,20.156902313232422,0
289.56604489309393,526105.0,20.157331466674805,0
289.5864778628238,526059.1875,20.15383529663086,0
289.60691073254566,526135.3125,20.161447525024414,0
289.6273437021591,526055.625,20.157772064208984,0
289.64777677177335,526100.5625,20.155216217041016,0
289.66820964126964,526133.125,20.156814575195312,8192
289.6886426107594,526125.0,20.157102584838867,8192
289.70907558014005,526190.4375,20.155080795288086,0
289.7295085495134,526135.4375,20.149642944335938,0
289.74994151877763,526126.375,20.157073974609375,0
289.77037448804185,526118.5,20.159568786621094,0
289.79080745718966,526118.4375,20.155662536621094,0
289.8112404263302,526110.0,20.155784606933594,0
289.83167329547723,526078.3125,20.153757095336914,0
289.8521063643857,526019.0,20.150331497192383,0
289.8725393334171,526000.375,20.158275604248047,8192
289.8929722023313,526050.375,20.157882690429688,0
289.9134052711306,526054.25,20.150291442871094,0
289.9338382399219,526081.9375,20.157495498657227,0
289.9542711086033,526110.0625,20.15553855895996,0
289.9747040772854,526059.875,20.1600284576416,0
289.99513714596105,526072.5625,20.15947151184082,0
290.015570014526,526080.0625,20.160625457763672,0
290.03600298297533,526066.125,20.156227111816406,0
290.05643605141813,526070.125,20.156991958618164,0
290.07686901986744,526115.3125,20.158662796020508,0
290.0973018881996,526115.9375,20.158037185668945,8192
290.11773495652596,526112.875,20.153881072998047,0
290.13816792474245,526074.0,20.152925491333008,0
290.15860079284175,526140.5,20.1649169921875,0
290.17903376105096,526177.1875,20.16292381286621,0
290.1994668290354,526103.6875,20.15906524658203,0
290.2198996971274,526186.9375,20.155384063720703,0
290.24033266499464,526113.25,20.158140182495117,0
290.26076573297905,526113.5,20.15654182434082,0
290.2811986007291,526104.25,20.154409408569336,0
290.3016315685891,526091.8125,20.153043746948242,0
290.3220645363399,526101.0,20.15851593017578,0
290.342497503967,526088.8125,20.156362533569336,0
290.36293047160143,526088.375,20.157405853271484,0
290.3833634391194,526111.5,20.155118942260742,0
290.4037965066309,526110.4375,20.15424156188965,0
290.4242293741481,526118.8125,20.15641975402832,0
290.4446623415497,526097.3125,20.15721893310547,0
290.46509540894476,526147.3125,20.160634994506836,0
290.5059612435143,526133.3125,20.158126831054688,0
290.5263941106823,526125.125,20.153663635253906,0
290.54682717784453,526184.5,20.151338577270508,0
291.42544451489084,526080.875,20.16193199157715,0
291.44587757973204,526042.6875,20.167705535888672,0
291.4663105444488,526028.125,20.166444778442383,0
291.48674340928847,526037.4375,20.166057586669922,0
291.50717647389683,525931.0625,20.167346954345703,393216
291.5276094386136,525901.4375,20.167627334594727,0
291.5480423032204,525934.6875,20.1685733795166,0
291.5684752677116,525989.625,20.166584014892578,0
291.5889083321963,525993.25,20.16785430908203,0
291.6093411966867,525988.8125,20.1626033782959,0
291.6297741610615,526014.75,20.166200637817383,128
291.65020722542977,526049.0,20.16878318786621,0
291.67064008968737,526014.25,20.167510986328125,0
291.69107305394573,526041.375,20.167390823364258,0
291.7115061181976,526040.4375,20.162029266357422,0
291.7319390823395,526039.6875,20.165822982788086,0
291.7523719463643,526023.5625,20.16926383972168,0
291.77280491049896,526075.25,20.165559768676758,0
291.79323797440884,526043.4375,20.16413116455078,0
291.8136708384336,526063.375,20.166385650634766,0
291.83410380233545,526076.8125,20.162860870361328,0
291.85453676612815,526059.125,20.164905548095703,0
291.87496972992085,526062.4375,20.165157318115234,0
291.8954025937055,526069.0625,20.162673950195312,0
291.9158355573818,526089.8125,20.160966873168945,0
291.93626862105884,526078.5,20.168764114379883,8192
291.95670158472785,526065.5,20.16730499267578,0
291.97713444828696,526004.8125,20.16752052307129,0
291.9975675117312,526054.125,20.16790199279785,0
292.01800047528377,526028.0625,20.166080474853516,0
292.03843333861005,526057.3125,20.166475296020508,0
292.05886640205426,526079.125,20.16594886779785,0
292.079299365374,525981.0,20.163362503051758,8320
292.0997322285839,526053.6875,20.16327667236328,8192
292.1201651917945,526068.6875,20.163105010986328,0
292.1405982549986,526051.0625,20.166532516479492,8192
292.1610311182085,526086.3125,20.16463851928711,0
292.1814640811863,526079.875,20.163089752197266,0
292.20189714427397,526094.875,20.162492752075195,0
292.222330007251,526085.125,20.166189193725586,0
292.2427629702288,526056.875,20.16382598876953,0
292.2631959330829,526110.875,20.168018341064453,0
292.28362899594504,526057.5625,20.16471290588379,0
292.30406185868924,526035.0625,20.16472053527832,0
292.32449482154334,526022.1875,20.165307998657227,128
292.34492788417265,525965.9375,20.16673469543457,0
292.36536074680043,525858.625,20.164794921875,0
292.3857937094217,525917.125,20.15994644165039,0
292.406226772051,526047.125,20.167882919311523,0
292.4266596345624,526084.8125,20.16013526916504,0
292.44709259706724,526061.9375,20.16758155822754,0
292.46752555946296,526095.25,20.166013717651367,262144
292.4879585218587,526048.75,20.16463279724121,0
292.5083914841307,526089.625,20.167688369750977,0
292.52882444641,526052.75,20.162656784057617,0
292.5492574086893,526078.625,20.16244888305664,0
292.5696903708449,526082.8125,20.166383743286133,0
292.5901233330078,526067.125,20.16596794128418,0
292.6105561951699,526039.3125,20.166866302490234,0
292.6309892572099,526083.5,20.167112350463867,0
292.65142221913993,526056.9375,20.16217613220215,0
292.67185508118564,526046.875,20.16266441345215,0
292.6922881431092,526025.6875,20.1666202545166,0
292.7127211049228,526073.375,20.163867950439453,0
292.7331539667357,526052.3125,20.163745880126953,0
292.7535870285428,526067.75,20.165225982666016,0
292.77401999024005,526078.0625,20.16943359375,0
292.7944529519373,526092.1875,20.164506912231445,0
292.81488581362646,526063.375,20.161447525024414,0
292.83531887520803,526046.3125,20.165119171142578,0
292.85575183678884,526072.4375,20.163463592529297,0
292.8761846982525,526046.8125,20.163049697875977,0
292.89661775971035,526061.875,20.164443969726562,0
292.917050621174,526083.625,20.1685848236084,0
292.9374835825147,526051.5625,20.158273696899414,0
292.95791654386267,526058.625,20.16510772705078,128
292.97834950521064,526045.125,20.16646957397461,0
292.9987824664422,526115.75,20.16166114807129,0
293.0192154276665,526055.1875,20.164186477661133,0
293.03964838878164,526051.6875,20.163410186767578,0
293.0600813498895,526037.5,20.16417121887207,8192
293.08051431088825,526077.75,20.1652774810791,0
293.1009472720034,526045.0625,20.16877555847168,0
293.1213802330021,526062.1875,20.16805648803711,0
293.14181319387717,526067.5,20.168649673461914,0
293.1622460547587,526033.1875,20.16644859313965,8192
293.1826791156345,526080.4375,20.171363830566406,128
293.20311207640043,525959.25,20.163599014282227,0
293.22354493716557,525947.5,20.162614822387695,0
293.24397799793223,525946.625,20.163976669311523,0
293.26441095857444,526041.375,20.167232513427734,0
293.28484391922393,526050.8125,20.16592788696289,0
293.30527677975624,526049.25,20.170347213745117,0
293.3257098402828,526060.0625,20.16611671447754,0
293.34614280081587,526077.5625,20.16732406616211,0
293.3665756613482,526060.3125,20.16767120361328,8192
293.3870087217583,526007.5,20.16617774963379,0
293.40744168205856,526031.875,20.1632022857666,0
293.4278745424672,526036.5625,20.167200088500977,0
293.468740562952,526048.0,20.158905029296875,0
293.48917342313507,526082.75,20.166522979736328,0
293.5096063833116,526086.0,20.16584587097168,0
293.5300394433798,526069.125,20.166515350341797,0
293.55047230343916,526054.0625,20.169063568115234,0
293.5709052635066,525991.9375,20.170209884643555,0
293.59133832357475,526015.8125,20.170984268188477,0
293.61177128340205,526098.5,20.16379737854004,0
293.6322041433523,526053.375,20.16501235961914,0
293.65263710318686,526069.25,20.168840408325195,0
293.6730701630149,526026.625,20.163341522216797,0
293.69350302284874,526032.75,20.170475006103516,0
293.7139359825669,526057.4375,20.164852142333984,0
293.73436904227856,526014.625,20.162870407104492,0
293.75480190187955,526055.8125,20.1679630279541,0
293.7752348614813,526074.4375,20.166059494018555,0
293.79566792107653,526039.0,20.16317367553711,0
293.8161007806775,526066.1875,20.16072654724121,0
293.83653374016285,526038.6875,20.165924072265625,0
293.85696669953177,526010.0625,20.165748596191406,8192
293.8773996590098,526016.875,20.167970657348633,0
293.89783261837874,526013.9375,20.167951583862305,0
293.91826557762397,526046.0625,20.16225242614746,0
293.9386985369929,526055.9375,20.164730072021484,0
293.9591314962454,526034.625,20.16597557067871,0
293.9795643553807,526048.5625,20.167234420776367,0
293.99999731462594,526052.3125,20.163105010986328,0
294.0204303737628,525953.6875,20.16452407836914,0
294.0408632327817,525892.875,20.168222427368164,0
294.0612961917941,525911.8125,20.16763687133789,0
294.08172925081453,525969.1875,20.165874481201172,0
294.10216210983344,526006.25,20.16787338256836,0
294.1225950687294,525994.875,20.166770935058594,0
294.14302812763344,526044.5,20.165752410888672,0
294.163461086413,526033.5,20.166061401367188,0
294.1838939451991,526019.0,20.16571617126465,0
294.20432690398593,526039.3125,20.16522216796875,8192
294.22475996277353,526034.1875,20.16306495666504,0
294.2451928214359,526034.125,20.16327476501465,0
294.26562578010635,526073.6875,20.162031173706055,8192
294.28605883865384,526034.6875,20.165422439575195,0
294.3064916972071,526059.0625,20.1626033782959,0
294.3269246557611,526051.5625,20.164939880371094,0
294.3473576141987,526040.75,20.16413116455078,0
294.36779057274543,526042.5,20.167434692382812,0
294.3882235310666,526045.3125,20.16525650024414,0
294.4086564895042,526020.4375,20.16925811767578,0
294.4290894478181,525970.1875,20.164213180541992,0
294.4495224061393,525993.25,20.163976669311523,0
294.46995536434406,525987.0,20.166677474975586,0
294.4903884225423,526064.875,20.166259765625,0
294.5108212807463,526039.25,20.166183471679688,0
294.53125423883466,525974.5,20.16508674621582,0
294.551687096915,526018.0625,20.166690826416016,8192
294.5721201550041,526000.6875,20.16414451599121,0
294.59255311309244,525977.3125,20.164196014404297,0
294.61298597105633,526008.25,20.16388511657715,0
294.633419029029,526013.375,20.16703224182129,0
294.65385198688455,525991.4375,20.169065475463867,0
294.6742849447328,525996.1875,20.166780471801758,0
294.69471780258755,525998.125,20.16561508178711,0
294.7151508604438,525979.3125,20.166528701782227,0
294.73558381817566,526004.125,20.16992950439453,0
294.756016675914,525959.75,20.166719436645508,0
294.77644973353745,525976.375,20.165266036987305,0
294.79688269115286,525980.25,20.16505241394043,0
294.8173155487748,525997.9375,20.167156219482422,0
294.83774860639824,526012.3125,20.16630744934082,0
294.85818156389723,525938.1875,20.161861419677734,0
294.87861442140274,525852.75,20.16176986694336,0
294.899047378909,525880.8125,20.162864685058594,0
294.9194803362916,525958.625,20.164268493652344,0
294.93991329368146,525984.5625,20.164745330810547,0
294.9603462510713,525963.75,20.167415618896484,0
294.98077930833824,525963.5625,20.17060089111328,8192
295.0012121656109,525951.5,20.16460609436035,0
295.02164512288437,525941.125,20.164949417114258,0
295.04207798003335,525961.75,20.16678810119629,0
295.06251103719114,525893.375,20.1667537689209,0
295.08294399434817,525955.125,20.16653823852539,0
295.1033769514979,525958.6875,20.164297103881836,0
295.12380990853853,525994.9375,20.16659927368164,0
295.14424286557914,526040.125,20.16646385192871,0
295.1646757224953,525957.8125,20.165788650512695,0
295.18510877942026,526016.0,20.16606330871582,0
295.20554173634446,526023.25,20.1695556640625,128
295.2259746932614,526025.0,20.163434982299805,0
295.2464075500684,526011.8125,20.164121627807617,0
295.26684060687694,525933.6875,20.165719985961914,0
295.28727356367745,525969.9375,20.168277740478516,0
295.30770642036805,526002.4375,20.167236328125,0
295.3281394770602,525983.0,20.1651611328125,0
295.34857243374427,525978.0625,20.167739868164062,0
295.36900529043487,525979.875,20.16654396057129,0
295.3894383470106,526029.3125,20.16663360595703,0
295.40987130357826,525950.4375,20.166790008544922,128
295.43030416003603,526026.375,20.165714263916016,0
295.450737116611,525975.5625,20.166486740112305,0
295.471170173063,526014.25,20.168277740478516,0
295.4916031294051,525935.5,20.166353225708008,0
295.5120359858629,525990.0625,20.165477752685547,0
295.5324690421985,525949.5625,20.163724899291992,0
295.5529019985406,525972.6875,20.168075561523438,0
295.57333485476556,525928.4375,20.166893005371094,8192
295.593767810984,525910.0,20.16564178466797,0
295.61420086721046,525953.4375,20.16958236694336,0
295.6346337234354,525926.9375,20.1688289642334,0
295.6550666795374,525935.8125,20.16362190246582,0
295.67549973564746,525979.875,20.168899536132812,0
295.695932591756,525886.3125,20.169784545898438,0
295.7163655477416,525876.5,20.1690616607666,0
295.73679860385164,525945.625,20.168397903442383,128
295.75723145972734,525904.5625,20.165597915649414,0
295.77766441571293,525973.5,20.166170120239258,0
295.7980973715894,525949.8125,20.168224334716797,0
295.8185304274666,525999.5,20.164016723632812,0
295.83896328333503,525954.1875,20.167667388916016,0
295.8593962392115,525933.5,20.16847038269043,0
295.8798292949723,525962.9375,20.163259506225586,128
295.9002621507243,525954.5,20.164735794067383,0
295.92069510636793,526006.625,20.16650390625,0
295.9411279621272,525960.25,20.165313720703125,0
295.9615610177643,525989.1875,20.165189743041992,128
295.98199397329154,525963.6875,20.164051055908203,0
296.00242692893517,526010.1875,20.16815757751465,128
296.0228598844551,525980.8125,20.164487838745117,8192
296.0432928399823,525986.4375,20.167743682861328,0
296.06372569539235,525989.9375,20.163618087768555,0
296.08415875091305,526005.25,20.164583206176758,0
296.10459170632384,526016.125,20.167036056518555,0
296.1250245617339,526042.5,20.166921615600586,0
296.145457517021,526009.9375,20.16545867919922,0
296.16589057231613,525969.1875,20.163816452026367,128
296.18632342760975,525935.5,20.165605545043945,0
296.20675638290413,525957.625,20.16747283935547,0
296.227189438192,525972.0,20.16350555419922,0
296.2476222933692,525961.4375,20.168167114257812,0
296.2680552485399,525942.6875,20.16767692565918,0
296.28848820360145,525948.875,20.164398193359375,8192
296.308921158663,526006.875,20.168357849121094,0
296.32935411384096,525983.6875,20.165708541870117,0
296.3497870687788,525958.4375,20.166282653808594,0
296.37022012384114,525955.3125,20.166019439697266,0
296.39065297877823,526016.75,20.167591094970703,0
296.41108593372337,525968.125,20.1672420501709,0
296.45195184355543,525988.875,20.16607093811035,0
296.4723847983769,525978.0625,20.166763305664062,0
296.49281765320484,525978.75,20.16366958618164,0
296.51325070796884,525964.75,20.165468215942383,0
296.53368366273935,525926.1875,20.163618087768555,0
296.55411661745165,525921.1875,20.159900665283203,0
296.5949825268108,525954.5,20.163999557495117,128
296.6154154814649,525965.5625,20.166866302490234,0
296.63584833605273,525982.6875,20.167577743530273,0
296.6562813906494,526056.3125,20.171125411987305,0
296.67671434518707,525952.4375,20.16323471069336,0
296.697147199724,525933.25,20.165918350219727,8192
296.71758025419695,525972.9375,20.16588592529297,0
296.7380132086764,525927.75,20.16671371459961,0
296.75844606308965,525955.6875,20.16992950439453,0
296.77887911745347,525974.875,20.16448974609375,0
296.79931207187474,525941.75,20.165987014770508,0
296.8197449261788,525968.875,20.163639068603516,0
296.8401778804764,525961.75,20.166048049926758,0
296.860610934782,525957.8125,20.162227630615234,0
296.8810438890214,525959.5625,20.1672306060791,0
296.90147674326727,525922.25,20.165637969970703,0
296.92190979745646,525966.1875,20.167675018310547,0
296.9423427515794,525948.75,20.16602897644043,0
296.9627756057089,525909.4375,20.165298461914062,0
296.9832086598399,525961.875,20.16559410095215,128
297.0036416139046,525924.3125,20.16691780090332,0
297.0240744679759,525932.1875,20.16574478149414,0
297.0445074219897,525935.8125,20.162439346313477,0
297.0649403760035,525935.8125,20.16556167602539,0
297.08537332995184,525943.4375,20.16629409790039,0
297.10580628384923,525995.0625,20.169620513916016,0
297.12623923779756,525976.6875,20.1651611328125,0
297.14667219163675,525939.75,20.164398193359375,0
297.16710514553415,525980.5,20.169048309326172,0
297.1875379993144,525955.75,20.16547393798828,0
297.20797105308884,525984.0,20.168317794799805,0
297.2284040068698,526014.125,20.166112899780273,0
297.24883686065004,525968.5625,20.16305923461914,0
297.2692699143081,526017.0,20.169944763183594,0
297.2897028680309,525940.125,20.165599822998047,0
297.3101357216947,525983.375,20.166593551635742,0
297.3305687752945,525994.9375,20.16719627380371,0
297.3510017289009,525931.3125,20.167198181152344,128
297.3714345825065,525865.0,20.16646957397461,0
297.39186753604736,525853.75,20.16634750366211,0
297.41230058953806,525883.125,20.165475845336914,0
297.432733543028,525920.6875,20.16908836364746,0
297.4531663965099,525986.4375,20.16855239868164,0
297.4735994499424,526004.375,20.167835235595703,0
297.4940324033669,525997.375,20.169103622436523,8192
297.51446525673964,525936.8125,20.168766021728516,0
297.53489821011317,525953.125,20.167402267456055,0
297.55533126342925,525901.0625,20.167795181274414,0
297.57576411673654,525939.75,20.1686954498291,0
297.59619706999365,525943.125,20.170747756958008,0
297.61663012324425,525933.0,20.171833038330078,0
297.6370629765006,525961.625,20.16861343383789,0
297.6574959296995,525979.75,20.17011070251465,0
297.6779289828992,525942.875,20.16912841796875,0
297.6983619360326,526017.0,20.16747283935547,0
297.7187947891143,525949.5,20.167558670043945,0
297.739227742255,525997.8125,20.1678409576416,0
297.7596607952728,525951.125,20.16918182373047,8192
297.7800936483545,525924.9375,20.170589447021484,0
297.8005266013788,525942.5625,20.16886329650879,0
297.82095965433837,525942.3125,20.167898178100586,0
297.8413925073037,525935.875,20.168292999267578,0
297.86182546026976,525991.375,20.17198371887207,0
297.8822583131696,525973.6875,20.16592025756836,0
297.9026913660782,525964.9375,20.171953201293945,0
297.9231243189279,525919.0625,20.16956329345703,0
297.94355727177026,525942.5,20.172012329101562,0
297.9639902246199,525919.0625,20.169240951538086,0
297.9844231774114,525931.875,20.169496536254883,0
298.00485613019555,525944.5,20.169809341430664,0
298.02528918292955,525917.5625,20.16732406616211,0
298.04572203566204,525873.3125,20.163110733032227,0
298.0661549883298,525888.5,20.169395446777344,0
298.0865878410041,525980.4375,20.17218589782715,8192
298.1070208936799,525956.625,20.169143676757812,0
298.1274538462894,525943.125,20.16878890991211,0
298.1478866988473,525947.8125,20.170303344726562,0
298.1683197514649,525955.9375,20.172809600830078,0
298.1887527040162,525971.75,20.166587829589844,0
298.2091855565159,525895.8125,20.168258666992188,0
298.22961860901705,525892.125,20.168251037597656,0
298.25005146150943,525873.5625,20.166847229003906,0
298.27048441395164,525921.8125,20.1656494140625,0
298.29091736639384,525944.1875,20.169130325317383,0
298.3113504187713,525906.9375,20.1655330657959,0
298.33178327121277,525948.5625,20.17020606994629,0
298.35221622353856,525946.0,20.165674209594727,0
298.37264927585784,525970.625,20.169353485107422,0
298.39308212818287,525942.5625,20.170303344726562,0
298.41351508050866,525911.9375,20.16729164123535,0
298.43394803276897,525934.5625,20.167037963867188,8192
298.45438098497834,525911.875,20.16575813293457,0
298.4748139372459,525904.0625,20.164756774902344,0
298.495246889448,525943.9375,20.16973876953125,8192
298.5156798415992,525966.9375,20.167171478271484,0
298.53611279375036,525965.1875,20.16908073425293,0
298.55654574589425,525920.5625,20.165891647338867,0
298.576978797988,525957.8125,20.167781829833984,8192
298.5974116500802,525934.125,20.167842864990234,0
298.61784460216586,525914.125,20.17146873474121,0
298.63827745419985,525953.5,20.16747283935547,0
298.65871050623537,525992.6875,20.171003341674805,0
298.67914345820463,525927.375,20.165613174438477,0
298.6995763101804,525964.4375,20.167766571044922,0
298.7200093621577,525929.6875,20.166851043701172,0
298.7404423140688,525956.5625,20.168630599975586,0
298.7608752659871,525963.4375,20.168617248535156,8192
298.7813081179047,526002.4375,20.170320510864258,0
298.8017411697583,525974.6875,20.169275283813477,0
298.82217412156024,525978.3125,20.1671142578125,0
298.8426069734196,525954.9375,20.168739318847656,0
298.863040025215,525969.5625,20.161283493041992,0
298.88347297701694,525995.25,20.168352127075195,0
298.9039058287599,526025.875,20.167770385742188,0
298.9243388804971,525998.0625,20.16974449157715,0
298.9447718322408,526006.875,20.170272827148438,8192
298.96520468392555,525992.875,20.173168182373047,0
298.9856376356038,525905.75,20.16724395751953,0
299.00607068723184,525923.125,20.1699161529541,0
299.0265035389166,525971.4375,20.166465759277344,0
299.0469364904784,525863.4375,20.16681480407715,0
299.06736954210646,525841.6875,20.166650772094727,0
299.08780249367555,525808.3125,20.16468620300293,0
299.1082353452366,525873.4375,20.162017822265625,0
299.12866839674825,525929.1875,20.170446395874023,0
299.1491012482584,525948.6875,20.169885635375977,0
299.169534199762,525950.5,20.163114547729492,0
299.18996715127287,525940.875,20.168386459350586,0
299.21040010272554,525877.0625,20.166650772094727,0
299.23083305411274,525928.25,20.168315887451172,0
299.2512660055654,525913.9375,20.164304733276367,128
299.2716989569599,525913.0,20.16375160217285,0
299.29213190828887,525947.8125,20.167619705200195,0
299.31256485968333,525944.125,20.171728134155273,0
299.33299771101883,525972.1875,20.165908813476562,0
299.3534307623486,525946.625,20.166860580444336,0
299.37386371362663,525959.5,20.164535522460938,0
299.3942965649039,525946.8125,20.16543960571289,0
299.4351625673953,525946.9375,20.16039276123047,16
299.4555954186144,525982.8125,20.166263580322266,16
299.4760284698277,525972.5,20.166879653930664,16
299.49646142098936,525953.1875,20.16498565673828,8192
299.51689427220845,525951.625,20.167720794677734,0
299.5373272233119,525965.6875,20.171157836914062,0
299.557760274467,525978.0,20.16610336303711,0
299.57819312556967,526017.3125,20.170137405395508,0
299.5986260766658,525976.4375,20.170181274414062,0
299.6190591277118,525966.375,20.171533584594727,0
299.63949207881524,525937.5625,20.166959762573242,0
299.6599249298015,525956.5,20.16912078857422,0
299.68035788083944,525950.9375,20.1661434173584,0
299.7007909318272,525982.1875,20.16803550720215,128
299.7212237828062,525944.4375,20.16638946533203,128
299.7416567337932,525944.875,20.167335510253906,8192
299.7620897847228,525959.9375,20.169288635253906,0
299.7825226356508,525971.8125,20.165040969848633,0
299.80295558657235,525940.75,20.163164138793945,0
299.8233886375019,525925.0625,20.167428970336914,0
299.8438214883645,525974.125,20.171051025390625,0
299.8642544392351,525982.1875,20.165681838989258,0
299.8846873900475,525873.1875,20.16396141052246,0
299.90512044085335,525870.75,20.166004180908203,0
299.925553291665,525940.625,20.167522430419922,0
299.9459862424774,525976.25,20.16802978515625,8192
299.96641929328325,525990.875,20.17076301574707,0
299.9868521440367,525964.4375,20.168506622314453,0
300.00728509479086,525941.4375,20.1693115234375,8192
300.0277179454861,525997.5,20.16478729248047,0
300.04815099617554,525969.125,20.16845703125,0
300.0685839468715,526012.9375,20.168922424316406,0
300.08901679755945,525992.8125,20.167987823486328,0
300.109449848198,525997.5,20.16986656188965,0
300.12988279883575,525996.125,20.16942024230957,0
300.15031574946624,525980.9375,20.167604446411133,0
300.170748700104,525951.3125,20.16994285583496,0
300.1911816506836,525973.9375,20.168418884277344,0
300.2116145012551,525981.875,20.16804313659668,0
300.23204745183466,525976.5625,20.169944763183594,0
300.252480502415,525998.6875,20.165830612182617,0
300.2729133529356,526001.0,20.170839309692383,0
300.29334630344965,525962.0,20.169069290161133,0
300.31377935397177,525981.3125,20.169422149658203,0
300.3342122044269,525997.8125,20.16745376586914,0
300.37507810535317,525952.75,20.166976928710938,0
300.3955110558163,526010.3125,20.172040939331055,0
300.415944006214,525924.9375,20.17023468017578,0
300.4363769566189,525949.375,20.170143127441406,0
300.4568099070166,525980.875,20.170183181762695,0
300.4772428574215,526036.4375,20.17190933227539,0
300.49767580776825,526014.875,20.17119026184082,0
300.51810885810846,526045.0625,20.170425415039062,0
300.53854170845443,526059.4375,20.16895294189453,0
300.55897465880116,525970.1875,20.17098617553711,0
300.5794075090889,525961.6875,20.17089080810547,0
300.59984055937093,525995.0,20.168193817138672,0
300.62027350965946,525932.8125,20.17167854309082,0
300.640706459948,525954.875,20.16991424560547,0
300.661139410171,525978.5625,20.17257308959961,8192
300.68157236040133,525974.625,20.16952896118164,0
300.7020053106244,525960.25,20.17104148864746,0
300.7224382608547,525887.4375,20.167200088500977,0
300.7428712110268,525857.25,20.1627140045166,0
300.7633041611989,525858.3125,20.168542861938477,0
300.783737011363,525898.375,20.162511825561523,0
300.80417006153584,525980.0625,20.172758102416992,0
300.8246030117007,525962.0,20.168848037719727,0
300.8450358618138,525966.0,20.172882080078125,8320
300.8654689119285,526013.4375,20.174306869506836,0
300.8859018620424,525960.25,20.16822052001953,0
300.90633471214824,525928.4375,20.170392990112305,0
300.92676766220393,525973.4375,20.171167373657227,0
300.9472007122531,525991.375,20.170183181762695,0
300.9676336623088,526012.75,20.169370651245117,0
300.98806651236373,526016.3125,20.16925048828125,0
301.008499562362,525987.125,20.16790008544922,0
301.0289325124104,525980.5625,20.172128677368164,0
301.0493653624071,526011.0625,20.172630310058594,0
301.0697984123399,525964.125,20.170244216918945,0
301.09023136233736,525981.1875,20.166955947875977,0
301.1106642123341,525944.8125,20.168336868286133,0
301.13109716227336,525997.4375,20.1739444732666,0
301.1515302122061,525962.625,20.16825294494629,128
301.17196306214464,525937.4375,20.1702823638916,0
301.1923960120257,525991.4375,20.17290496826172,0
301.2128290619585,525978.5,20.166282653808594,0
301.2332619118388,525943.5625,20.168895721435547,0
301.25369486171985,525931.3125,20.170692443847656,0
301.27412781159364,525945.375,20.168912887573242,0
301.2945607614165,526021.4375,20.169923782348633,128
301.3149937112976,525981.5,20.170394897460938,0
301.33542666111316,525964.4375,20.1744441986084,0
301.355859610936,525972.1875,20.171091079711914,0
301.3762925607589,525999.0625,20.17485237121582,0
301.3967254105737,525968.4375,20.174161911010742,0
301.4171584603391,525938.625,20.1724910736084,0
301.4375914101038,525975.6875,20.167356491088867,0
301.4580242598604,526011.4375,20.175853729248047,0
301.47845720962505,525982.0,20.16878890991211,0
301.49889025939046,525989.3125,20.173120498657227,0
301.51932320908963,525970.375,20.170034408569336,0
301.5397560588535,525972.8125,20.16731834411621,8192
301.56018910855346,525913.75,20.17035484313965,0
301.5806220582599,525908.4375,20.168546676635742,0
301.6010549079656,525886.25,20.170488357543945,0
301.6214879576146,525960.375,20.169471740722656,0
301.64192090731376,525995.875,20.172122955322266,0
301.66235375696124,525987.75,20.16969871520996,0
301.6827867066095,525943.4375,20.173250198364258,0
301.7032197562512,525975.1875,20.167747497558594,0
301.7236526058987,525951.125,20.16984748840332,0
301.7440855555469,525989.3125,20.170120239257812,0
301.76451860513043,525949.125,20.17028045654297,0
301.7849514547779,525968.875,20.1746768951416,0
301.80538440436794,526036.125,20.16584587097168,0
301.82581745395146,525981.3125,20.167936325073242,0
301.8462504034833,526007.8125,20.1717472076416,0
301.86668325307255,525997.0625,20.17059898376465,0
301.8871162026553,526006.4375,20.16804313659668,0
301.9075492521879,526015.9375,20.17318344116211,0
301.92798210171895,526019.75,20.172149658203125,0
301.9484150512435,525985.1875,20.17060089111328,0
301.9688481007761,526038.375,20.175649642944336,0
301.98928095030715,526002.4375,20.172042846679688,0
302.0097138997735,525988.125,20.173721313476562,0
302.0301468493053,526026.5,20.173242568969727,0
302.0505797987789,525939.5625,20.172351837158203,0
302.07101274824527,526025.5,20.1695556640625,0
302.0914456977771,526008.6875,20.166431427001953,0
302.11187874719326,525987.8125,20.173460006713867,0
302.13231159665884,526009.125,20.17015266418457,0
302.15274454613245,525958.125,20.168048858642578,0
302.17317759554135,525917.25,20.168909072875977,0
302.1936104450142,526002.75,20.17422103881836,0
302.2140433944296,525947.875,20.170917510986328,0
302.23447624384426,525966.25,20.165102005004883,0
302.25490929325315,525996.3125,20.16836929321289,0
302.27534224261035,526001.1875,20.166616439819336,0
302.295775092025,525961.5,20.16902732849121,0
302.3162081414339,525925.125,20.167400360107422,0
302.3366410907911,525961.6875,20.17039680480957,0
302.35707394020574,525957.8125,20.167190551757812,0
302.3775069895564,525995.75,20.17240333557129,0
302.41837278827006,525836.875,20.16716194152832,16
302.43880573762,525910.375,20.167510986328125,0
302.45923878691974,525950.8125,20.170318603515625,0
302.4796716362762,526020.9375,20.17332649230957,0
302.5001045855679,525971.0625,20.174711227416992,8192
302.52053763492586,525961.8125,20.166715621948242,0
302.5409704842241,525952.4375,20.167112350463867,0
302.5614034335158,525940.4375,20.170700073242188,0
302.5818363828148,525972.1875,20.172420501708984,0
302.6022693321138,526004.0625,20.16895294189453,0
302.6227022814055,526005.4375,20.169139862060547,0
302.6431352307045,526015.0625,20.16714096069336,0
302.6635681799453,526004.75,20.172048568725586,0
302.684001129237,526031.0,20.171466827392578,128
302.7044340784778,526021.5625,20.169208526611328,0
302.72486712771934,525976.3125,20.165828704833984,0
302.7452999770103,526025.3125,20.171661376953125,0
302.7657329262511,526050.4375,20.174747467041016,0
302.7861657754911,526034.0,20.171451568603516,0
302.80659882472537,526024.625,20.167688369750977,0
302.82703177396616,526011.875,20.169580459594727,0
302.84746472320694,526018.375,20.16744613647461,0
302.86789767238224,526064.25,20.172142028808594,8320
302.888330621623,526064.375,20.169219970703125,0
302.9087635708056,526010.375,20.16463851928711,8192
302.9291965200391,525978.6875,20.171361923217773,0
302.9496294692217,526012.3125,20.173524856567383,0
302.97006241840427,526038.125,20.171430587768555,0
302.9904952676443,525984.25,20.16989517211914,0
303.01092831682035,525997.5,20.166418075561523,8192
303.03136126600293,526037.8125,20.16707992553711,0
303.0517941151775,525997.8125,20.172300338745117,128
303.0722271643608,525990.4375,20.171144485473633,0
303.0926601134852,525993.375,20.171672821044922,0
303.1130929626597,525939.125,20.16970443725586,0
303.1335259118423,525964.6875,20.17106056213379,0
303.15395896096743,525981.375,20.169666290283203,0
303.17439191014273,526010.5625,20.16866683959961,0
303.19482475932455,525977.8125,20.1712703704834,0
303.2152578084497,525991.375,20.167306900024414,0
303.2356907575668,525963.4375,20.164270401000977,0
303.2561236067486,525951.875,20.1663818359375,0
303.2765566558737,525888.0625,20.16997528076172,0
303.29698950499005,525987.625,20.16518783569336,0
303.3174224541144,526031.0625,20.171371459960938,0
303.3378554032388,526036.8125,20.171751022338867,0
303.3582883523559,525973.6875,20.171159744262695,0
303.37872130148025,526002.8125,20.166311264038086,0
303.3991542506046,526034.3125,20.167041778564453,0
303.4195871997217,525983.9375,20.168230056762695,0
303.4400201488461,525945.25,20.172258377075195,0
303.46045309791225,525987.1875,20.167917251586914,0
303.48088594703586,526007.0625,20.167295455932617,0
303.5013189961537,525989.125,20.170452117919922,8192
303.5217519453363,526022.4375,20.166444778442383,0
303.5421847944526,526021.5625,20.173681259155273,0
303.56261784351955,526028.8125,20.170455932617188,0
303.5830507926439,525975.75,20.16899871826172,0
303.6034836417675,526009.0,20.173290252685547,0
303.6239166908272,525962.375,20.169166564941406,0
303.64434963989333,526004.4375,20.169218063354492,0
303.66478248900967,525988.0625,20.164302825927734,0
303.68521543807583,525993.75,20.17033576965332,0
303.70564848714275,525989.6875,20.173940658569336,0
303.72608143625985,525995.25,20.175037384033203,0
303.74651428532525,526058.8125,20.172786712646484,0
303.76694733439217,526002.3125,20.169769287109375,0
303.78738028345106,526042.125,20.167011260986328,0
303.80781313257467,526013.8125,20.165973663330078,8192
303.8282461816416,526028.8125,20.17169952392578,0
303.8486791307005,525950.5,20.16939353942871,0
303.8691119797659,525999.0625,20.172134399414062,0
303.88954492883204,526009.1875,20.173551559448242,0
303.9099779778917,526044.6875,20.171417236328125,0
303.9304108270153,525998.4375,20.173036575317383,0
303.95084377602325,526040.8125,20.17315101623535,0
303.9712768251411,526030.25,20.170940399169922,0
303.9917096742065,526011.75,20.170957565307617,0
304.01214262327267,526043.25,20.16865348815918,0
304.03257557233155,526042.25,20.17274284362793,0
304.0530086213985,526009.125,20.171186447143555,128
304.0734414704639,525925.9375,20.167287826538086,0
304.09387441953004,525893.0625,20.166826248168945,0
304.1143074685897,525897.9375,20.17085075378418,0
304.1347403176551,525936.4375,20.172277450561523,0
304.155173266714,526007.3125,20.172138214111328,0
304.1756063157809,525991.625,20.1737003326416,0
304.1960391648463,525982.9375,20.170534133911133,128
304.21647211391246,525985.25,20.16912841796875,0
304.23690506297135,525948.9375,20.16492462158203,0
304.2573380120375,525961.125,20.172780990600586,0
304.2777709611546,525937.6875,20.17210578918457,0
304.29820391022076,525936.3125,20.168737411499023,0
304.3186368592869,526066.375,20.170719146728516,128
304.3390698083531,526044.125,20.174617767333984,0
304.359502757412,525974.625,20.17487335205078,0
304.37993570647814,526013.625,20.169103622436523,8192
304.400368655537,525990.625,20.169885635375977,0
304.4208016046614,526026.75,20.171920776367188,0
304.4412344537268,525981.125,20.170225143432617,0
304.4616675027937,526012.3125,20.173490524291992,0
304.48210035185184,525987.5,20.172306060791016,8192
304.5025333009762,526032.4375,20.173925399780273,0
304.52296635003586,525973.75,20.170040130615234,8192
304.54339919910126,525963.4375,20.17441749572754,0
304.56383214822563,526003.5,20.172224044799805,8192
304.58426519729255,526009.125,20.168733596801758,0
304.60469814640965,525959.875,20.175678253173828,0
304.62513099547505,525998.0625,20.1711368560791,0
304.6455639445994,526019.5625,20.172157287597656,0
304.66599699365906,525994.75,20.169527053833008,393216
304.6864298427827,526030.6875,20.170055389404297,0
304.70686279190704,526028.4375,20.169279098510742,0
304.7272958409667,526035.4375,20.17691993713379,0
304.7477286900903,526046.4375,20.1699161529541,0
304.7681616392074,526007.625,20.174236297607422,0
304.78859458833176,525992.1875,20.17030906677246,128
304.80902753745613,525976.625,20.166210174560547,0
304.8294604865805,525986.5,20.171199798583984,0
304.8498934356976,525957.5625,20.167814254760742,128
304.87032638482196,525972.8125,20.17646026611328,0
304.89075933393906,525913.4375,20.167640686035156,0
304.91119228306343,525926.5625,20.165422439575195,8192
304.93162533218856,525893.5625,20.171558380126953,0
304.9520581813704,525906.75,20.171140670776367,0
304.97249113048747,526004.5,20.172475814819336,8192
304.9929239796111,525967.4375,20.168949127197266,8192
305.01335702878714,525985.6875,20.17194938659668,0
305.0337899779115,525983.0625,20.174535751342773,0
305.0542229270941,526014.25,20.16838836669922,0
305.07465587621846,525993.75,20.171310424804688,0
305.09508882539376,525983.8125,20.175107955932617,0
305.11552177457634,525950.8125,20.168136596679688,0
305.13595472375164,525965.875,20.166501998901367,0
305.1563876729342,526023.1875,20.176485061645508,0
305.1768206221168,525993.875,20.17407989501953,0
305.1972534712986,525974.125,20.17741584777832,0
305.2176865204747,526015.375,20.171140670776367,128
305.23811946965725,526008.1875,20.177167892456055,0
305.2585523188973,525998.25,20.17443084716797,0
305.27898536807334,526055.0625,20.176551818847656,0
305.2994183173141,526027.125,20.173913955688477,0
305.31985116649594,526007.75,20.172868728637695,0
305.34028411572945,525974.75,20.17117691040039,0
305.360717164971,526004.875,20.17435646057129,0
305.4015829633863,526029.0625,20.172161102294922,16
305.42201601262786,526024.375,20.171823501586914,0
305.4424488619261,526028.1875,20.177562713623047,0
305.4628818111596,525956.9375,20.17293930053711,0
305.48331486040115,526005.125,20.17498207092285,0
305.5037477096412,526005.1875,20.17621421813965,0
305.5241806589329,525994.875,20.173259735107422,128
305.5446135082311,526018.5,20.17422103881836,0
305.56504655747267,526023.75,20.173057556152344,0
305.5854795067644,526052.3125,20.17202377319336,0
305.6059123560626,525988.5625,20.176225662231445,0
305.6263454053624,526034.6875,20.173410415649414,0
305.6467783546541,526007.75,20.174272537231445,0
305.6672113040113,526027.1875,20.171920776367188,0
305.6876442533103,526005.625,20.175899505615234,0
305.708077202602,526012.75,20.176305770874023,0
305.7285101519592,525985.875,20.1779842376709,0
305.74894300131564,525890.6875,20.17462921142578,0
305.7693760506081,525887.4375,20.17389678955078,8192
305.7898089999653,525907.125,20.170198440551758,0
305.81024184932176,525980.1875,20.172489166259766,0
305.83067489867244,525993.75,20.171703338623047,0
305.85110784808785,526005.125,20.17449188232422,0
305.8715406974443,526020.875,20.172462463378906,0
305.8919736468524,526029.6875,20.177833557128906,0
305.9124066962104,526051.375,20.17687225341797,0
305.9328396456258,526044.9375,20.17684555053711,0
305.95327249503316,526040.5625,20.175914764404297,0
305.97370554444933,526026.4375,20.178083419799805,0
305.99413849386474,525968.875,20.17999839782715,0
306.0145713433303,526052.5625,20.173845291137695,0
306.0350043927465,526031.875,20.17694664001465,0
306.0554373422201,526009.875,20.174877166748047,0
306.0758701916857,525983.0625,20.17137336730957,0
306.0963031411011,526004.0,20.179136276245117,0
306.11673619057547,526020.0,20.17724609375,0
306.13716904009925,526034.0625,20.177824020385742,0
306.15760198957287,526024.0,20.175588607788086,0
306.17803503904724,526001.75,20.16926383972168,0
306.19846788857103,526050.625,20.173063278198242,0
306.21890083810285,526028.5625,20.171010971069336,0
306.23933388757723,526031.75,20.175762176513672,0
306.2597668371018,526007.75,20.179494857788086,0
306.28019968669105,526045.125,20.179773330688477,0
306.3006326362229,526022.3125,20.17569923400879,0
306.3210656857482,526033.875,20.17646598815918,0
306.34149853533745,526039.0,20.175735473632812,0
306.3619314849275,525975.5625,20.177642822265625,0
306.38236443451024,525971.5625,20.178157806396484,0
306.40279738410027,526041.875,20.172897338867188,0
306.4232303336903,526039.0625,20.182106018066406,0
306.443663383332,526029.1875,20.17447853088379,0
306.4640962329213,526030.1875,20.175174713134766,8192
306.48452918256953,526001.1875,20.180030822753906,0
306.50496203220973,526038.1875,20.18107032775879,0
306.52539508185873,526012.9375,20.17853546142578,0
306.5458280315652,526022.5,20.17694091796875,0
306.5662608812054,526051.375,20.176334381103516,0
306.5866939309126,525957.8125,20.177566528320312,0
306.60712688061903,525968.25,20.176759719848633,0
306.62755973031744,525906.125,20.173419952392578,8192
306.6479926800239,525991.625,20.17872428894043,0
306.6684257297311,526040.75,20.177753448486328,0
306.6888585794877,526057.3125,20.178997039794922,0
306.70929152925237,526075.75,20.176477432250977,0
306.7297245789596,526040.25,20.177448272705078,0
306.7501574287744,526038.4375,20.181386947631836,0
306.77059037853905,526045.6875,20.17894172668457,0
306.79102342830447,526046.8125,20.176040649414062,0
306.81145637812006,526049.6875,20.17905616760254,0
306.83188922794216,526035.4375,20.176807403564453,0
306.852322177765,526023.4375,20.181901931762695,0
306.87275522758137,526003.0625,20.1739501953125,0
306.89318807740347,525997.9375,20.177391052246094,8192
306.91362102728453,526036.8125,20.176015853881836,0
306.9340540771591,526050.75,20.179073333740234,0
306.9544869270394,526026.9375,20.178640365600586,0
306.97491987692047,526059.125,20.18022918701172,0
306.99535292685323,526038.75,20.174541473388672,8192
307.01578577673354,526009.0,20.17922019958496,0
307.0362187266728,526029.4375,20.175687789916992,0
307.0566516766048,526195.875,20.19152069091797,128
307.0770846265441,526037.4375,20.179555892944336,0
307.0975175765416,526055.125,20.181596755981445,0
307.1179505264736,526049.1875,20.178831100463867,393216
307.13838357653003,526029.0625,20.179046630859375,0
307.15881642652676,526016.875,20.18234634399414,0
307.17924937651696,526044.8125,20.18224334716797,8192
307.1996824265152,526061.3125,20.18085289001465,0
307.22011527657014,526077.625,20.181560516357422,0
307.24054822661856,526035.8125,20.181358337402344,0
307.26098117667425,526023.9375,20.18366813659668,0
307.28141412678815,526044.125,20.182106018066406,0
307.30184707683657,526023.9375,20.186677932739258,128
307.32228002695047,526034.3125,20.183956146240234,0
307.34271297706437,526007.25,20.1779727935791,128
307.3631459272292,525972.5625,20.1809024810791,0
307.3835788773431,526009.3125,20.183378219604492,0
307.4040118275152,526008.8125,20.1820125579834,0
307.42444477768004,525900.0,20.181846618652344,0
307.44487772791035,525921.5,20.180770874023438,0
307.4653105780817,525950.125,20.181320190429688,128
307.4857436283055,525999.875,20.182132720947266,0
307.5061765785358,526013.1875,20.184720993041992,0
307.52660942876537,525995.8125,20.185644149780273,0
307.54704247898917,526038.75,20.18404769897461,0
307.56747532927693,526026.125,20.18611717224121,128
307.58790827956545,525987.25,20.185028076171875,0
307.6083412298467,526036.5,20.185216903686523,0
307.6287742801942,525999.0625,20.18378448486328,128
307.64920713054016,525997.9375,20.184593200683594,0
307.6696400808287,525995.375,20.184062957763672,0
307.6900731312271,526044.25,20.185138702392578,0
307.7105059815731,526052.25,20.184894561767578,0
307.73093893197074,526003.6875,20.18634605407715,0
307.75137198237644,526012.5,20.18587303161621,0
307.7718048327806,525982.625,20.185749053955078,0
307.79223778324376,526040.0625,20.187131881713867,0
307.81267063364066,525952.5,20.184560775756836,262144
307.8331036841046,525974.1875,20.18742561340332,262144
307.85353663461865,526026.125,20.185619354248047,8192
307.8739695850818,526006.875,20.18165397644043,0
307.89440253560315,526007.6875,20.186559677124023,0
307.9148354861245,525974.0,20.185073852539062,0
307.9352684366386,526000.3125,20.179880142211914,0
307.9557014872189,525986.0,20.18060874938965,0
307.9761343377904,525973.375,20.180217742919922,0
307.99656728837,526020.25,20.1846923828125,0
308.017000139007,525978.5625,20.18160629272461,0
308.03743318958004,526014.125,20.185808181762695,0
308.0578661402178,526026.0625,20.187225341796875,0
308.0782989908548,526049.75,20.183704376220703,0
308.0987320415443,526015.1875,20.18051528930664,0
308.11916499224026,525990.1875,20.186050415039062,0
308.13959794293623,526054.5625,20.187345504760742,0
308.16003089362493,525994.5625,20.183446884155273,0
308.1804638443791,525993.4375,20.181467056274414,0
308.2008967951333,526063.5,20.186290740966797,0
308.22132964587945,526012.75,20.182785034179688,8192
308.2417626966926,526082.8125,20.185789108276367,128
308.262195647505,525964.375,20.18617820739746,0
308.2826284983166,525912.1875,20.184823989868164,0
308.3030615491225,525906.0,20.18101692199707,0
308.3234944999931,526003.75,20.183265686035156,128
308.34392735085567,525983.375,20.184404373168945,0
308.38479335265583,525991.4375,20.184804916381836,16
308.4052262035839,525972.8125,20.179574966430664,0
308.4256591545636,526019.375,20.184534072875977,0
308.4460922054932,526037.875,20.184249877929688,0
308.46652505647216,526017.0625,20.1848201751709,0
308.4869580074592,526031.8125,20.18507957458496,128
308.50739105850516,526057.4375,20.18584442138672,0
308.5278239094914,526067.875,20.183481216430664,0
308.54825686058757,526027.4375,20.1866512298584,0
308.56868991163356,526057.5625,20.18613624572754,0
308.58912276267074,526042.75,20.18465232849121,0
308.6095557138324,526054.125,20.18619155883789,0
308.62998856493505,526015.75,20.18556785583496,0
308.65042161609745,525999.6875,20.184764862060547,128
308.6708545672518,526060.375,20.188142776489258,0
308.69128751841345,526123.0625,20.186080932617188,0
308.711720469626,526057.0,20.186880111694336,8192
308.73215342084586,526056.1875,20.18462562561035,0
308.7525863720657,526077.125,20.18462562561035,0
308.77301932334376,526088.625,20.186967849731445,0
308.79345227461454,526066.875,20.18593406677246,0
308.8138852258926,526021.875,20.183990478515625,0
308.8343180772281,526036.25,20.18894386291504,0
308.85475112855784,526063.1875,20.18572425842285,0
308.8751840798941,526070.5625,20.18414306640625,0
308.8956169312878,526024.6875,20.18584632873535,0
308.91604998267576,526027.625,20.180557250976562,128
308.9364829340702,526038.8125,20.182767868041992,0
308.95691578552214,526062.125,20.186065673828125,0
308.9773488369683,526010.3125,20.18299102783203,0
308.997781788421,526075.8125,20.187427520751953,0
309.01821473993186,526048.0625,20.184106826782227,0
309.0386475914347,525999.9375,20.186843872070312,0
309.05908064294636,526008.5625,20.181917190551758,0
309.07951359450817,526036.625,20.1870059967041,8192
309.0999464460765,525956.0,20.187347412109375,0
309.12037949770456,525940.875,20.18088150024414,0
309.14081244927365,525909.0,20.185949325561523,0
309.1612453009511,526000.4375,20.18579864501953,0
309.1816783525792,525989.125,20.186695098876953,0
309.2021113042574,526037.125,20.1850643157959,0
309.22254415594216,525991.25,20.185863494873047,0
309.2429771076859,526046.125,20.185209274291992,8192
309.26341015943035,526012.1875,20.188167572021484,0
309.283843011166,526063.8125,20.18771743774414,0
309.30427596296795,526008.5625,20.1846981048584,0
309.32470901476336,526043.5,20.185733795166016,0
309.3451419666235,525979.0625,20.186613082885742,0
309.36557481842465,526048.0625,20.18684196472168,0
309.38600787034375,526026.8125,20.186355590820312,0
309.4064408221966,526046.0625,20.185726165771484,0
309.4268736741142,526031.5625,20.185428619384766,0
309.4473066260325,525980.9375,20.186458587646484,0
309.4677395780018,525961.75,20.18415641784668,8192
309.4881725299783,526031.8125,20.1874942779541,0
309.5086054820131,525983.125,20.185470581054688,0
309.52903843404056,526005.1875,20.18829917907715,8192
309.5494713860753,525994.1875,20.187747955322266,0
309.56990433811006,526012.375,20.189006805419922,0
309.59033729025396,526036.875,20.18695068359375,0
309.6107702423469,525959.25,20.18492889404297,0
309.6312031944981,526052.5,20.189332962036133,0
309.6516360466412,526083.6875,20.186260223388672,0
309.67206909885135,526003.5,20.186931610107422,0
309.6925020510025,526030.375,20.186254501342773,0
309.71293490326207,526037.625,20.18634033203125,0
309.7333679555304,526036.875,20.189943313598633,0
309.753800907798,525998.375,20.18785285949707,0
309.77423376005754,526023.6875,20.184139251708984,0
309.7946668123841,526044.5625,20.186708450317383,0
309.8150997647026,526012.0625,20.18682861328125,0
309.8355327170866,525996.125,20.187257766723633,0
309.85596556946984,526051.25,20.1862850189209,0
309.8763986219128,526038.5625,20.189998626708984,0
309.89683157434774,525984.5625,20.186464309692383,0
309.9172644268474,526043.375,20.1879940032959,8192
309.9376974792831,525936.75,20.188222885131836,8320
309.9581304318417,525927.5,20.189029693603516,0
309.97856328434136,525899.75,20.185171127319336,0
309.99899633690075,525972.3125,20.188426971435547,0
310.0194292895103,526083.75,20.18986701965332,0
310.03986214212637,526014.25,20.191593170166016,0
310.0602950947432,526032.625,20.189477920532227,0
310.0807281474117,526030.8125,20.188730239868164,0
310.101161000086,525970.8125,20.189464569091797,0
310.12159395276103,526013.0625,20.187389373779297,8192
310.14202700548776,525983.625,20.189130783081055,0
310.1624599582792,526009.9375,20.189250946044922,0
310.1828928110699,526006.75,20.189435958862305,0
310.20332586385484,526018.1875,20.190732955932617,0
310.2237588167045,525998.875,20.191377639770508,0
310.2441916695534,526026.4375,20.189102172851562,262144
310.264624622454,526080.4375,20.192649841308594,0
310.2850576753626,526029.6875,20.186542510986328,0
310.30549052826973,525977.875,20.18731689453125,0
310.32592348122853,526026.0,20.191431045532227,0
310.34635653419537,526039.25,20.189855575561523,0
310.3667893872189,525999.1875,20.185588836669922,0
310.3872223402359,525973.125,20.186006546020508,0
310.40765539331915,526007.75,20.187973022460938,0
310.4280882464009,525987.3125,20.186206817626953,0
310.4485211995343,525988.5625,20.188627243041992,0
310.468954152675,525999.875,20.18780517578125,0
310.4893871058157,525999.875,20.188861846923828,0
310.5098200590073,526014.0,20.186450958251953,0
310.53025301226444,526014.125,20.189916610717773,0
310.55068596552155,526001.875,20.189498901367188,0
310.5711189187714,526041.1875,20.18840980529785,0
310.5915518720867,525982.375,20.189523696899414,8192
310.61198482540203,526004.75,20.187639236450195,0
310.6324177787101,526023.1875,20.19034194946289,0
310.65285063214105,526014.875,20.187833786010742,0
310.6732835855146,526034.0625,20.18902015686035,0
310.6937166389398,525998.375,20.189571380615234,0
310.71414959242975,525990.4375,20.184228897094727,8320
310.73458244591893,525947.625,20.189472198486328,0
310.75501549940236,525996.4375,20.18805694580078,0
310.7754484529505,525929.8125,20.185461044311523,8192
310.7958813065561,525897.25,20.187511444091797,0
310.81631436015596,525917.0,20.18572998046875,0
310.8367473137623,526016.75,20.18861198425293,0
310.8571801674261,525988.0625,20.18305778503418,128
310.8776131210834,525991.375,20.18855857849121,128
310.89804617480695,526003.3125,20.18733787536621,0
310.91847902852896,525989.875,20.1865291595459,0
310.93891198230267,525988.5625,20.184154510498047,0
310.9593450360844,525982.3125,20.181894302368164,0
310.97977788992284,526006.375,20.189443588256836,0
311.00021084381297,526047.9375,20.18927001953125,0
311.0206438976529,526036.75,20.186492919921875,0
311.0410768515503,526033.1875,20.184606552124023,0
311.0615097054979,526066.625,20.187149047851562,0
311.0819426594535,526067.6875,20.189062118530273,0
311.10237571346806,526020.125,20.185577392578125,0
311.12280856747384,526045.1875,20.188215255737305,0
311.14324152154586,526048.9375,20.18596076965332,0
311.16367457561864,526011.375,20.1837215423584,0
311.18410742974083,526014.875,20.187288284301758,0
311.20454038387106,525999.75,20.18393325805664,0
311.22497343806026,525964.375,20.18027687072754,0
311.24540629224066,526028.25,20.18533706665039,8192
311.2658392464873,526011.8125,20.189186096191406,8192
311.28627220073395,526046.0625,20.18927001953125,0
311.3067051550315,526082.25,20.188859939575195,0
311.3271381093364,526054.5625,20.187808990478516,0
311.368004118056,526036.4375,20.18218421936035,0
311.3884369724765,526011.0,20.190160751342773,128
311.40886992689775,525992.1875,20.179607391357422,0
311.4293029813125,526042.875,20.186195373535156,0
311.4497358358494,525998.4375,20.185218811035156,0
311.4701687903871,526011.0,20.187938690185547,0
311.49060164491675,525989.9375,20.182170867919922,0
311.5110346995134,525915.25,20.184906005859375,0
311.5314676541675,525983.5625,20.183130264282227,0
311.55190050875535,526021.625,20.183391571044922,0
311.5723335634684,526057.5625,20.189117431640625,8192
311.5927665181807,525989.625,20.180604934692383,0
311.613199372885,525890.3125,20.18143653869629,0
311.6336324277145,525936.4375,20.18304443359375,0
311.654065382485,525925.125,20.18146514892578,0
311.67449823730567,525987.5,20.18440818786621,128
311.6949311921926,525989.0625,20.185373306274414,0
311.7153642470803,526016.5,20.183414459228516,8192
311.7357971020174,525986.75,20.182851791381836,0
311.7562300569625,526011.5,20.188308715820312,0
311.7766631119666,526031.9375,20.18683433532715,0
311.79709596699104,526012.4375,20.18721580505371,0
311.8175289220526,525970.875,20.185138702392578,0
311.837961977144,525956.0,20.18324089050293,0
311.8583948322557,525966.75,20.187082290649414,0
311.8788277874046,525953.0,20.179611206054688,0
311.89926074258256,525957.5625,20.187253952026367,0
311.9196937977831,525959.5,20.183998107910156,0
311.9401266530476,525986.625,20.18451499938965,0
311.9605596083129,526015.5,20.180553436279297,0
311.9809926636299,525984.1875,20.188119888305664,0
312.0014255189817,525966.625,20.185914993286133,0
312.0218584743634,525916.75,20.181568145751953,0
312.0422915297677,525994.3125,20.1830997467041,0
312.0627243852068,525941.5625,20.185684204101562,0
312.08315734070493,525974.5,20.183616638183594,0
312.10359029619576,525972.9375,20.186439514160156,0
312.1240232517521,525928.0625,20.18535614013672,0
312.1444562073084,526000.6875,20.180532455444336,8192
312.16488916291564,525927.9375,20.180383682250977,0
312.18532211855927,525945.6875,20.18479347229004,0
312.205755074232,525964.1875,20.189115524291992,0
312.22618802995567,525963.25,20.18914794921875,0
312.24662108568737,525970.0625,20.18328094482422,8192
312.26705394147575,525970.6875,20.184099197387695,0
312.2874868972867,526021.625,20.183517456054688,0
312.30791995310574,526021.125,20.189680099487305,0
312.32835280898144,525990.6875,20.18383026123047,0
312.3487857649088,525962.1875,20.18494415283203,0
312.3692187208435,525951.625,20.1873779296875,0
312.38965167683637,525990.5,20.180200576782227,0
312.41008463282196,525916.1875,20.184833526611328,0
312.43051758887304,525949.0,20.182384490966797,0
312.45095054498233,525911.75,20.18526268005371,0
312.47138350108435,525902.0625,20.18655014038086,0
312.49181645722274,525889.25,20.18198585510254,0
312.51224941341934,525888.1875,20.18400001525879,0
312.53268236963777,525978.6875,20.18151092529297,0
312.5531152258918,525964.75,20.18181037902832,0
312.5735481821757,525944.0,20.18290901184082,0
312.59398123851133,525933.375,20.180831909179688,0
312.6144140948818,525972.9375,20.182680130004883,0
312.6348470512821,525943.25,20.182531356811523,0
312.65528010767594,525929.6875,20.18494415283203,0
312.6757129641628,525994.625,20.18462562561035,0
312.69614592065045,525932.875,20.18341636657715,0
312.7165789771898,525942.0625,20.183565139770508,0
312.73701193376473,525931.125,20.18281364440918,0
312.757444790368,525948.125,20.18538475036621,0
312.777877747023,525957.5625,20.184236526489258,0
312.79831080368604,525949.9375,20.182573318481445,0
312.81874366040574,525927.0625,20.18239974975586,0
312.8391766171553,525982.75,20.18107032775879,0
312.8596096739566,525953.875,20.186569213867188,0
312.8800425307636,525977.625,20.184356689453125,0
312.9004754876223,525957.625,20.17927360534668,0
312.92090854451817,525928.5625,20.184572219848633,0
312.9413414014416,525964.6875,20.185169219970703,0
312.961774358424,525975.3125,20.18739128112793,8192
312.98220731542824,525987.1875,20.182188034057617,0
313.00264027246885,525952.375,20.181381225585938,0
313.0230732295313,525941.3125,20.186038970947266,0
313.0435061866592,525932.125,20.181121826171875,0
313.06393914381624,525990.0625,20.1853084564209,0
313.0843721009951,525926.5,20.181922912597656,0
313.10480505823944,525949.5,20.182491302490234,0
313.12523811548454,525979.125,20.176937103271484,0
313.14567097280815,525966.0625,20.186033248901367,0
313.1661039301398,525984.4375,20.178251266479492,0
313.1865367875289,525959.8125,20.18194580078125,0
313.20696984491224,525969.25,20.183452606201172,0
313.2274028023603,525924.75,20.182966232299805,0
313.2478357598666,525875.625,20.17972183227539,0
313.2682687173947,525909.9375,20.18132209777832,0
313.28870167495916,525822.4375,20.18319320678711,0
313.30913463255274,525835.875,20.18189811706543,0
313.32956759019726,525846.1875,20.181400299072266,0
313.35000054787815,525943.8125,20.185157775878906,0
313.37043350558815,525956.0,20.184457778930664,0
313.3908663633483,525977.0,20.181087493896484,0
313.4112994211464,526019.0,20.185138702392578,8192
313.4317323789728,525946.3125,20.179357528686523,0
313.4521652368567,525960.5,20.185508728027344,0
313.4725982947348,525911.3125,20.18146324157715,0
313.4930312527067,525869.5,20.182279586791992,0
313.5134641106706,525877.375,20.179319381713867,0
313.5338971687015,525956.0,20.186079025268555,0
313.55433012676076,525899.625,20.18128204345703,0
313.57476298487745,525980.25,20.182083129882812,0
313.5951960430175,525949.1875,20.180599212646484,0
313.61562900119316,525934.0625,20.184988021850586,0
313.636061859419,525956.125,20.180484771728516,0
313.65649481768196,525948.8125,20.186031341552734,0
313.6769278759748,525952.5,20.178451538085938,0
313.6973607343243,525922.8125,20.183349609375,0
313.71779369269643,525939.6875,20.182397842407227,0
313.7382267511057,525936.875,20.18648338317871,0
313.75865960956435,525940.25,20.18421173095703,0
313.77909256806015,525939.875,20.182573318481445,0
313.7995256266149,525964.75,20.187868118286133,0
313.8199584851973,525970.25,20.182872772216797,0
313.8403914438022,525901.375,20.18470001220703,0
313.86082440244354,525947.9375,20.17726707458496,0
313.8812573611649,525939.5625,20.183311462402344,0
313.90169031989353,525930.75,20.183156967163086,0
313.9221232786804,525902.125,20.179445266723633,0
313.9425563374898,525902.875,20.187650680541992,0
313.9629891963632,525905.125,20.185190200805664,0
313.98342215526645,525944.25,20.18278694152832,0
314.0038552141923,525911.125,20.177623748779297,0
314.0242880731821,525951.0,20.18966293334961,0
314.0447210322018,525902.875,20.182764053344727,0
314.0651538912789,525947.625,20.18288230895996,8192
314.08558695037937,525935.375,20.175920486450195,0
314.10601990954456,525900.75,20.185884475708008,0
314.1264528687025,525833.625,20.182621002197266,0
314.14688582792587,525840.75,20.18709373474121,0
314.1673187872075,525852.0,20.17926025390625,0
314.1877517465473,525883.125,20.17759132385254,0
314.20818470587983,525942.25,20.181612014770508,0
314.22861766527785,525931.5,20.181991577148438,0
314.2490506247268,525964.5625,20.18297576904297,0
314.2694834841823,525870.5,20.183752059936523,0
314.2899165437266,525892.5625,20.182781219482422,0
314.3103495032701,525948.6875,20.183822631835938,0
314.35121542252455,525901.1875,20.182676315307617,0
314.37164838223543,525912.6875,20.184194564819336,0
314.39208124195284,525966.3125,20.18507957458496,0
314.41251430172997,525935.625,20.184768676757812,0
314.43294726156455,525965.6875,20.186824798583984,0
314.45338022142096,525964.9375,20.17964744567871,0
314.4738130813421,525919.3125,20.18528175354004,0
314.49424614125746,525955.6875,20.184612274169922,0
314.5146790012659,525948.4375,20.178489685058594,0
314.5351119613042,525918.625,20.189083099365234,0
314.5555450213724,525896.3125,20.177705764770508,8192
314.57597788148996,525952.8125,20.186649322509766,128
314.5964108416447,525930.125,20.18149757385254,0
314.6168439018511,525917.1875,20.17921257019043,0
314.63727676209237,525899.625,20.180498123168945,0
314.6577097223926,525923.25,20.184097290039062,0
314.67814268275106,525887.375,20.18226432800293,0
314.69857564310223,525974.9375,20.188888549804688,0
314.719008603548,525951.75,20.181947708129883,0
314.7394415639865,525959.6875,20.183441162109375,0
314.75987452451955,525951.625,20.182537078857422,0
314.7803074850817,525926.0,20.188674926757812,0
314.800740445673,525976.3125,20.185409545898438,8192
314.821173506316,525895.375,20.180984497070312,0
314.8416063669938,525934.5,20.18146514892578,0
314.8620393277524,525923.5625,20.18505859375,0
314.8824723885191,525889.6875,20.182329177856445,0
314.90290524934244,525969.4375,20.18512535095215,0
314.92333821019565,525904.5,20.18536376953125,0
314.9437711710998,525882.4375,20.177331924438477,0
314.9642041320694,525814.0,20.18088722229004,0
314.9846370930609,525812.75,20.183317184448242,0
315.0050700541178,525843.0,20.184120178222656,0
315.02550301520387,525880.625,20.182899475097656,0
315.0459359763481,525926.4375,20.18133544921875,8192
315.0663689375142,525951.125,20.184389114379883,0
315.0868019987465,525948.25,20.185884475708008,128
315.10723486002826,525917.8125,20.184024810791016,0
315.12766782134713,525922.75,20.18271255493164,0
315.14810068269435,525900.5625,20.181377410888672,0
315.1685337441013,525902.125,20.184343338012695,0
315.1889667055584,525890.3125,20.185138702392578,0
315.20939956705115,525905.5,20.177318572998047,0
315.22983262859634,525951.4375,20.18797492980957,0
315.25026559020625,525937.9375,20.185701370239258,262144
315.2706984518445,525893.0625,20.181758880615234,0
315.2911315135134,525943.6875,20.183908462524414,0
315.31156447526155,525969.5,20.186525344848633,128
315.331997437017,525884.4375,20.184293746948242,0
315.35243029885896,525934.0625,20.184555053710938,0
315.3728633607243,525888.0,20.18790054321289,0
315.39329632262525,525907.6875,20.1907901763916,0
315.41372918461275,525881.625,20.18582534790039,0
315.4341622465945,525918.9375,20.18356704711914,0
315.45459520864097,525900.25,20.184755325317383,0
315.475028070774,525943.625,20.180559158325195,0
315.49546113290126,525896.0,20.184356689453125,0
315.51589409512235,525878.3125,20.18375587463379,0
315.5363269573427,525908.75,20.186054229736328,0
315.5567599196438,525894.5,20.189794540405273,0
315.5771929819821,525962.1875,20.186735153198242,0
315.59762584437703,525899.875,20.1871395111084,0
315.6180588067946,525960.8125,20.188228607177734,0
315.6384917692776,525976.3125,20.187942504882812,128
315.65892473181884,525981.75,20.18692970275879,0
315.6793576943819,525991.4375,20.18659019470215,0
315.6997907570112,525957.625,20.18901824951172,0
315.7202236196972,525931.625,20.18991470336914,0
315.7406565824058,525945.6875,20.188701629638672,0
315.7610894451791,525923.3125,20.191482543945312,0
315.781522507983,525883.625,20.18629264831543,0
315.80195547083713,525813.1875,20.188453674316406,0
315.8223884337567,525811.125,20.18909454345703,0
315.8428213967345,525866.9375,20.182981491088867,8192
315.8632543597341,525937.9375,20.186925888061523,0
315.88368732279923,525893.25,20.18876075744629,0
315.90412028589344,525947.1875,20.18924903869629,0
315.9245532490386,525901.625,20.18922233581543,0
315.9449862122492,525919.8125,20.186782836914062,0
315.9654190755173,525951.9375,20.19082260131836,0
315.9858521388087,525937.125,20.189476013183594,0
316.00628510216484,525893.125,20.192596435546875,0
316.0267179655784,525933.4375,20.18683624267578,128
316.04715102901537,525902.125,20.189455032348633,0
316.06758399251703,525946.75,20.193668365478516,0
316.08801685607614,525958.125,20.189231872558594,0
316.1084499196586,525877.125,20.190494537353516,0
316.1288828833058,525866.6875,20.185129165649414,8192
316.14931584701117,525851.6875,20.188140869140625,0
316.1697487107667,525940.0,20.192583084106445,393216
316.1901817745602,525936.3125,20.188678741455078,8320
316.2106147384111,525909.0,20.188579559326172,0
316.23104760228307,525934.0625,20.18838119506836,0
316.25148066625115,525928.0,20.18675422668457,0
316.2719136302476,525902.25,20.187114715576172,0
316.2923464942942,525893.75,20.18871307373047,0
316.3127795583787,525913.4375,20.186704635620117,0
316.33321252254973,525910.0625,20.18938636779785,0
316.35364538674185,525939.8125,20.18978500366211,0
316.37407845097187,525936.5,20.190263748168945,0
316.39451141528843,525895.25,20.1883602142334,0
316.41494427962607,525885.125,20.185523986816406,0
316.43537724402995,525878.3125,20.1889591217041,0
316.4558103084928,525893.625,20.191104888916016,0
316.4762432730058,525845.1875,20.18915557861328,0
316.49667613755446,525866.375,20.188838958740234,0
316.5171092021628,525905.3125,20.1918888092041,0
316.5375420668206,525908.125,20.192089080810547,0
316.5579750315155,525878.6875,20.184499740600586,0
316.57840809626214,525933.4375,20.188974380493164,0
316.5988409611018,525938.4375,20.189287185668945,0
316.61927392594225,525957.25,20.190853118896484,0
316.63970689087,525814.875,20.18398666381836,0
316.6601398558487,525806.4375,20.189054489135742,8192
316.68057282086374,525770.9375,20.189149856567383,0
316.701005785937,525868.0,20.18974494934082,0
316.7214387510612,525908.9375,20.192584991455078,0
316.7418717162218,525856.5,20.19464874267578,0
316.7623046814406,525865.75,20.18819808959961,0
316.7827376467394,525870.6875,20.18998146057129,0
316.8031706120455,525909.5,20.18802261352539,0
316.823603577468,525961.25,20.188344955444336,0
316.8440364428825,525917.1875,20.19129753112793,0
316.864469508364,525956.1875,20.194149017333984,0
316.8849024739029,525941.1875,20.18970489501953,0
316.905335339492,525939.8125,20.19009017944336,0
316.9257684051481,525921.0,20.19111442565918,0
316.9462013708617,525912.375,20.189510345458984,0
316.9666342366254,525873.1875,20.187883377075195,128
316.987067302427,525859.3125,20.18662452697754,0
317.0075002682861,525871.0625,20.187828063964844,8192
317.0279332341961,525908.1875,20.190227508544922,0
317.0483661001708,525898.125,20.193077087402344,128
317.0687991661762,525896.0625,20.1903133392334,0
317.0892321322608,525960.625,20.195228576660156,0
317.10966499838105,525926.8125,20.19195556640625,8192
317.130098064561,525862.875,20.192584991455078,8192
317.15053103079117,525870.125,20.19001579284668,0
317.17096389708604,525886.0625,20.19070816040039,0
317.19139696344064,525866.4375,20.18812370300293,0
317.2118299298163,525913.375,20.192520141601562,0
317.2322627962858,525888.375,20.194303512573242,0
317.25269576278515,525859.0625,20.19127082824707,8192
317.2731288293362,525923.5625,20.191247940063477,0
317.293561795952,525885.9375,20.192861557006836,0
317.33442772935086,525910.25,20.19160270690918,0
317.35486069614126,525893.5,20.190317153930664,0
317.37529356296,525867.375,20.192567825317383,0
317.3957266298312,525890.9375,20.18902587890625,0
317.4161595967671,525872.5,20.1926326751709,0
317.43659246378957,525894.6875,20.187843322753906,0
317.4570254308346,525914.1875,20.192991256713867,0
317.4774584979459,525788.125,20.18999671936035,0
317.4978913651139,525803.75,20.185800552368164,0
317.5183243323045,525803.8125,20.18455696105957,0
317.53875729958963,525907.5625,20.18718910217285,0
317.559190266933,525940.75,20.191587448120117,8192
317.5796232342982,525920.6875,20.191238403320312,0
317.600056201758,525946.875,20.191638946533203,0
317.62048916924687,525891.0625,20.193973541259766,0
317.6409221367867,525904.625,20.18317413330078,0
317.66135500442033,525923.5625,20.19459342956543,0
317.6817880720846,525936.75,20.19420051574707,0
317.70222103976994,525938.1875,20.19557762145996,0
317.7226539075782,525907.3125,20.190929412841797,0
317.743086975388,525917.8125,20.19112777709961,8192
317.76351994327706,525901.5,20.19232749938965,0
317.78395281123085,525879.0625,20.188472747802734,8192
317.80438587921526,525905.25,20.189857482910156,0
317.82481884727895,525906.625,20.193927764892578,0
317.84525171540736,525863.875,20.189470291137695,0
317.86568468356563,525849.125,20.19289207458496,0
317.8861177518047,525862.1875,20.191030502319336,0
317.9065507200794,525838.0625,20.192758560180664,0
317.92698358844063,525831.1875,20.195144653320312,0
317.9474166568252,525908.875,20.193262100219727,0
317.96784962527454,525896.375,20.190345764160156,0
317.9882824937813,525843.8125,20.19013786315918,0
318.0087155623696,525902.6875,20.192604064941406,128
318.02914853099355,525878.3125,20.185894012451172,0
318.04958139967493,525834.75,20.19486427307129,0
318.0700144684379,525869.25,20.193992614746094,0
318.09044743723643,525904.875,20.19183349609375,0
318.11088030609244,525864.6875,20.191144943237305,0
318.13131327500014,525827.5,20.19047737121582,0
318.1517463439741,525812.125,20.18838119506836,0
318.1721793130055,525842.9375,20.189693450927734,0
318.19261218208703,525908.875,20.192798614501953,0
318.2130452512356,525850.875,20.19379425048828,0
318.2334782204416,525880.5,20.195079803466797,0
318.2539110897269,525835.0,20.19514274597168,0
318.2743441590501,525841.8125,20.192363739013672,0
318.2947771284307,525814.375,20.19267463684082,0
318.31520999786153,525788.6875,20.191362380981445,0
318.3356429673586,525764.5,20.192373275756836,0
318.3560760369146,525760.125,20.187671661376953,0
318.37650890654913,525855.4375,20.194608688354492,8192
318.3969418762208,525849.375,20.19501495361328,0
318.41737494595145,525875.3125,20.193065643310547,0
318.4378078157315,525842.5,20.195096969604492,0
318.4582407856069,525850.25,20.193166732788086,0
318.4786737555114,525889.1875,20.194583892822266,0
318.4991068254967,525873.9375,20.18779754638672,0
318.51953969551687,525933.4375,20.19662094116211,0
318.539972665596,525914.375,20.19666862487793,0
318.56040563575516,525879.0625,20.196090698242188,0
318.5808386059798,525889.375,20.191631317138672,0
318.6012714762328,525841.75,20.189573287963867,0
318.62170454656734,525878.625,20.19327735900879,0
318.6421375169666,525875.125,20.190513610839844,0
318.66257038742333,525866.625,20.192646026611328,0
318.6830034579325,525863.0,20.194272994995117,0
318.7034364284773,525868.3125,20.19459342956543,0
318.7238693991385,525868.75,20.192604064941406,0
318.74430226982804,525829.0,20.190200805664062,0
318.76473534057004,525865.3125,20.194625854492188,0
318.78516831137676,525890.4375,20.190011978149414,0
318.80560118223366,525885.3125,20.194334030151367,0
318.82603425318666,525907.4375,20.19688606262207,0
318.846467224168,525861.875,20.1915283203125,0
318.8669000952359,525885.0,20.196678161621094,0
318.88733316635626,525854.3125,20.193082809448242,8192
318.9077661375122,525841.9375,20.195947647094727,0
318.92819900874747,525884.1875,20.1949405670166,0
318.94863198004896,525809.25,20.19468116760254,0
318.9690650514094,525879.0625,20.19574546813965,8192
318.98949792285566,525864.5,20.19514274597168,8192
319.0099308943245,525866.625,20.196611404418945,0
319.0303639658887,525869.8125,20.193355560302734,0
319.05079693747393,525913.25,20.19686508178711,0
319.071229809153,525826.375,20.195077896118164,128
319.0916628808918,525858.3125,20.194181442260742,0
319.1120958526517,525827.25,20.195812225341797,0
319.1325287245345,525849.6875,20.19499397277832,0
319.15296169644716,525768.5625,20.18750762939453,0
319.1733947684115,525763.25,20.19243621826172,0
319.19382764046895,525825.5,20.19576644897461,0
319.21426061255625,525878.5625,20.194324493408203,0
319.23469368472433,525882.4375,20.19801902770996,0
319.2551265569564,525867.5625,20.195415496826172,128
319.2755595292474,525885.25,20.194721221923828,0
319.2959926015901,525850.9375,20.1955623626709,0
319.3164254740259,525834.125,20.19669532775879,0
319.33685844649153,525869.875,20.19663429260254,0
319.3572914190154,525874.375,20.194063186645508,0
319.37772449162003,525845.0,20.19747543334961,0
319.39815736428864,525902.875,20.195178985595703,0
319.41859033703804,525873.5,20.196229934692383,0
319.4390234098246,525861.9375,20.19556999206543,0
319.4594562826678,525908.9375,20.194353103637695,0
319.4798892555991,525885.0,20.19736671447754,0
319.50032222858135,525866.6875,20.193344116210938,0
319.5207552016291,525886.0625,20.198007583618164,0
319.5411881747277,525838.0,20.194597244262695,0
319.56162114789186,525834.0,20.196598052978516,0
319.5820541211433,525834.125,20.19386100769043,0
319.60248709445295,525831.1875,20.19501495361328,0
319.6229199678128,525882.0625,20.19485855102539,0
319.6433530412396,525813.6875,20.192800521850586,0
319.6637860147457,525861.5625,20.196733474731445,0
319.68421888828743,525908.9375,20.19514274597168,8192
319.704651961918,525866.5625,20.191818237304688,0
319.725084935606,525711.3125,20.192447662353516,0
319.7455178093587,525639.5,20.193729400634766,0
319.76595088317845,525626.1875,20.189638137817383,0
319.78638385704835,525592.375,20.19022560119629,0
319.8068167309975,525642.5625,20.194063186645508,0
319.8272497050202,525643.5,20.191814422607422,0
319.84768277908006,525596.4375,20.193923950195312,0
319.86811565323296,525602.25,20.191192626953125,0
319.8885486274303,525566.375,20.188987731933594,0
319.90898170169385,525577.75,20.18646812438965,8192
319.9294146760367,525611.625,20.189023971557617,0
319.9498475504224,525577.0,20.189218521118164,0
319.9702806248897,525610.3125,20.1901798248291,0
319.9907135994217,525658.875,20.19304084777832,0
320.01114647402574,525767.125,20.192794799804688,0
320.03157944868144,525792.125,20.197969436645508,128
320.05201252341794,525830.125,20.19159507751465,0
320.07244539821113,525941.9375,20.194259643554688,0
320.09287837307784,525928.25,20.197021484375,0
320.11331144799624,525898.875,20.194080352783203,0
320.13374432299315,525875.5625,20.19244956970215,0
320.15417729804176,525878.8125,20.19072151184082,0
320.1746103731566,525863.4375,20.191884994506836,0
320.195043348358,525843.0625,20.194839477539062,0
320.21547622361686,525855.75,20.19353485107422,0
320.23590919894195,525846.75,20.195171356201172,0
320.2563422743333,525820.875,20.19266128540039,0
320.2767751497886,525873.625,20.197511672973633,0
320.3176412009052,525867.75,20.192514419555664,16
320.33807407655695,525891.0625,20.194583892822266,16
320.35850705227494,525869.375,20.190088272094727,16
320.37894012807374,525810.125,20.19393539428711,144
320.39937300392194,525869.5,20.19630241394043,16
320.41980597985093,525856.4375,20.189781188964844,0
320.44023905585345,525857.5,20.196640014648438,0
320.46067193191266,525821.5625,20.189638137817383,0
320.4811049080381,525806.9375,20.19414710998535,0
320.50153788422904,525847.9375,20.192230224609375,0
320.5219708605,525866.875,20.186670303344727,0
320.54240383683646,525866.625,20.193981170654297,8192
320.5628368132311,525817.8125,20.18951416015625,0
320.583269789684,525869.25,20.195608139038086,0
320.6037027662169,525843.625,20.18975067138672,0
320.6241356428436,525801.375,20.187408447265625,0
320.6445687194937,525819.375,20.18606948852539,0
320.6650016962376,525811.375,20.1796932220459,0
320.6854345730535,525900.3125,20.19089126586914,0
320.70586754992837,525892.8125,20.18358039855957,8320
320.7263006268695,525877.6875,20.187223434448242,128
320.74673350387457,525840.6875,20.184370040893555,0
320.7671664809677,525833.75,20.187084197998047,0
320.78759955811256,525806.8125,20.1887149810791,0
320.8080325353221,525770.0,20.18408966064453,0
320.82846541261824,525668.5625,20.188039779663086,8192
320.8488984899668,525665.875,20.188722610473633,0
320.8693314673801,525725.25,20.19015121459961,0
320.8897643448945,525828.25,20.188629150390625,0
320.9101973224606,525806.8125,20.185012817382812,8192
320.93063040007837,525824.5625,20.191699981689453,0
320.95106327778194,525849.6875,20.182161331176758,393216
320.9714962555663,525847.875,20.185749053955078,0
320.9919293333878,525836.5,20.189861297607422,0
321.0123622113242,525842.6875,20.190488815307617,0
321.03279518929776,525879.25,20.17772102355957,0
321.05322826733754,525966.25,20.177047729492188,0
321.0736612454639,525842.4375,20.188129425048828,0
321.0940941236404,525886.0,20.187129974365234,0
321.11452710191224,525888.875,20.191070556640625,0
321.1349601802358,525858.0,20.18191146850586,0
321.15539305863786,525904.6875,20.18924903869629,0
321.17582603711344,525894.0625,20.190732955932617,0
321.19625911566254,525841.75,20.18994903564453,0
321.2166919942756,525878.875,20.186389923095703,0
321.2371249729549,525835.9375,20.184709548950195,0
321.25755805170047,525865.8125,20.185619354248047,0
321.27799093052454,525836.25,20.180557250976562,0
321.2984239094221,525848.75,20.18892478942871,0
321.31885698839324,525844.875,20.18879508972168,0
321.33928986741375,525889.375,20.17728614807129,0
321.3597228465442,525871.625,20.18785285949707,0
321.38015582571825,525825.125,20.1834659576416,0
321.40058890495857,525883.125,20.19109535217285,8192
321.4210217842774,525838.5625,20.184921264648438,0
321.4414547636843,525959.75,20.150482177734375,0
323.54605463890766,525909.4375,20.07182502746582,0
323.56648762618715,525944.3125,20.167701721191406,0
323.5869205135241,525876.3125,20.153932571411133,8192
323.6073536009426,525874.25,20.155664443969727,128
323.6277865884549,525862.375,20.155649185180664,0
323.6482194760538,525845.375,20.16350555419922,8192
323.66865256371966,525881.875,20.167417526245117,0
323.6890855514721,525944.375,20.1522216796875,0
323.70951843931107,525927.0,20.159957885742188,0
323.72995152721705,526036.3125,20.15618133544922,0
323.7503845152096,526018.1875,20.160493850708008,0
323.7708174032887,525983.875,20.15906524658203,0
323.791250391434,526026.375,20.160783767700195,0
323.8116834796747,525996.75,20.16033363342285,8192
323.83211646799464,526010.9375,20.152469635009766,0
323.85254935640114,526014.1875,20.160633087158203,0
323.8729824448674,526055.0,20.16220474243164,0
323.91384832207405,525999.0,20.160659790039062,128
323.93428141078766,526027.3125,20.14552116394043,8192
323.9547143995951,526041.875,20.151355743408203,0
323.9751472884891,526064.875,20.14765167236328,0
323.9955803774501,526030.5625,20.151548385620117,0
324.0160133665049,526040.6875,20.151777267456055,0
324.03644625563174,526025.6875,20.15450668334961,0
324.05687924484664,526051.5625,20.143150329589844,0
324.07731233414233,526063.625,20.14981460571289,0
324.0977452235238,526005.9375,20.138731002807617,0
324.1181782129788,526057.25,20.139379501342773,0
324.1386113025219,526036.1875,20.137277603149414,0
324.15904429214424,526002.125,20.136573791503906,0
324.17947718184587,525986.4375,20.12836265563965,0
324.1999102716436,525911.8125,20.136621475219727,0
324.22034326151334,525933.3125,20.117475509643555,0
324.2407761514696,526090.1875,20.121292114257812,0
324.26120924150746,526046.8125,20.115583419799805,0
324.2816422316246,526122.0,20.105831146240234,8192
324.3020751218355,526057.4375,20.127365112304688,0
324.32250811212,526039.625,20.118825912475586,8192
324.34294120248524,526070.1875,20.109981536865234,0
324.36337409294356,526046.8125,20.109577178955078,0
324.3838070834754,526048.875,20.11631202697754,0
324.40424017408805,526075.625,20.12051773071289,0
324.424673064801,526081.1875,20.111427307128906,0
324.4655390464468,526084.75,20.12218475341797,0
324.4859720374079,526123.3125,20.127431869506836,0
324.5064050284418,526098.625,20.1218318939209,0
324.526838019563,526105.8125,20.128196716308594,0
324.5472710107715,526046.3125,20.12631607055664,0
324.56770400206733,526077.5625,20.133455276489258,128
324.5881368934424,526090.5625,20.12873077392578,0
324.6085699848918,526060.9375,20.132816314697266,0
324.629002976435,525983.375,20.135210037231445,0
324.6494358680575,526055.0625,20.138498306274414,0
324.6698689597688,526055.75,20.142141342163086,0
324.69030195156665,526026.6875,20.135364532470703,0
324.7107349434373,526016.6875,20.142154693603516,0
324.73116793540976,526004.875,20.14227294921875,0
324.7516009274623,526069.4375,20.146638870239258,0
324.77203391958756,526023.5625,20.139249801635742,0
324.79246681181394,526050.6875,20.150798797607422,0
324.8128999041146,526040.5625,20.145572662353516,0
324.8333328965018,526053.5,20.151288986206055,0
324.8537657889756,526088.8125,20.147605895996094,0
324.8741988815382,526038.375,20.156038284301758,0
324.89463187418005,525984.8125,20.146587371826172,0
324.9150647669085,526058.5625,20.152442932128906,0
324.93549785972573,526085.5,20.15669822692871,0
324.95593085262954,526070.625,20.15662956237793,8192
324.9763637456126,526036.9375,20.152748107910156,0
324.99679683868453,526036.6875,20.155982971191406,0
325.017229831843,525984.0,20.15573501586914,0
325.0376628250888,525916.5625,20.1578426361084,128
325.0580957184211,525963.125,20.159204483032227,8192
325.078528811835,526070.0,20.162261962890625,0
325.0989618053427,525996.125,20.156009674072266,0
325.1193946989297,526091.625,20.166698455810547,128
325.1398277925982,526027.1875,20.162961959838867,0
325.16026078636787,526035.4375,20.164112091064453,0
325.1806936802095,526110.9375,20.171955108642578,0
325.20112677414,525990.3125,20.1675968170166,0
325.2215597681643,526034.5625,20.1704044342041,0
325.24199266227515,526037.75,20.169208526611328,0
325.2624256564668,526057.75,20.170034408569336,0
325.2828587507465,526035.8125,20.172306060791016,0
325.3032917451201,526106.1875,20.17302131652832,0
325.3237246395802,526050.625,20.172611236572266,0
325.34415773411456,526041.25,20.17060661315918,8192
325.36459072875004,526082.3125,20.173629760742188,0
325.3850236234575,526082.3125,20.17746353149414,0
325.4054567182684,526037.0,20.174352645874023,0
325.42588971315854,526092.125,20.174522399902344,0
325.4463226081425,526065.4375,20.176250457763672,0
325.46675570320076,526033.0,20.175649642944336,0
325.48718859836663,526058.125,20.169445037841797,0
325.507621593606,526104.875,20.17409324645996,128
325.52805448893196,526050.6875,20.17721176147461,0
325.548487584354,526088.8125,20.178354263305664,0
325.5689205798626,526063.5625,20.181352615356445,0
325.58935357545124,526042.8125,20.179309844970703,0
325.60978657113446,526064.375,20.176950454711914,0
325.630219566905,525997.6875,20.1794490814209,0
325.65065256276284,526002.75,20.183645248413086,0
325.6710855587153,526016.875,20.180940628051758,0
325.691518554755,526077.0,20.17620849609375,0
325.7119515508748,526017.3125,20.180591583251953,0
325.7323844470884,526091.875,20.180883407592773,0
325.75281754338357,526098.1875,20.186054229736328,0
325.77325053977984,526101.9375,20.18477439880371,0
325.79368343626265,526102.6875,20.180700302124023,0
325.8141165328343,526083.0625,20.18494415283203,0
325.83454952948523,526025.0,20.187604904174805,0
325.85498242624453,525998.875,20.184127807617188,0
325.87541552306357,525943.4375,20.18374252319336,0
325.89584851999825,526021.4375,20.17639923095703,0
325.916281517013,526097.9375,20.185091018676758,0
325.9367144141215,526064.625,20.187341690063477,0
325.95714751131163,526037.125,20.182994842529297,0
325.97758050859557,526053.375,20.184720993041992,0
325.99801340596605,526136.25,20.184913635253906,0
326.01844650342537,526075.4375,20.188289642333984,128
326.0388795009858,526061.125,20.18671417236328,0
326.05931239863276,526044.0,20.184276580810547,8192
326.079745496354,526020.9375,20.184738159179688,0
326.10017849418364,526051.0625,20.19309425354004,0
326.1206113920998,526038.1875,20.186731338500977,0
326.14104449009756,526078.875,20.187576293945312,0
326.1614774881964,526090.4375,20.19150161743164,8192
326.1819104863753,526122.875,20.186643600463867,0
326.2023433846625,526066.5,20.187393188476562,128
326.22277648302406,526069.875,20.186241149902344,0
326.24320948147215,526077.8125,20.188552856445312,0
326.2636423800286,526056.3125,20.18974494934082,0
326.28407547865936,526034.3125,20.192373275756836,0
326.3045084773912,526069.625,20.193113327026367,0
326.3249413762169,526072.4375,20.19306755065918,0
326.3453744751314,526073.25,20.191911697387695,0
326.3658074741252,526062.75,20.19255828857422,0
326.38624037322006,526058.375,20.188085556030273,128
326.4066733724103,526005.0,20.192983627319336,128
326.42710647167405,526060.0,20.192760467529297,0
326.4475393710527,526042.25,20.196584701538086,0
326.4679723705194,526012.75,20.194580078125,0
326.4884053700589,526021.125,20.19256591796875,128
326.5088383697075,526056.5625,20.19700050354004,0
326.52927136944345,526041.25,20.195600509643555,0
326.54970446926745,526015.625,20.18552017211914,0
326.5701373691845,526020.625,20.188989639282227,0
326.59057036919694,526044.75,20.193126678466797,128
326.61100326931046,526040.375,20.19135284423828,0
326.631436369491,526001.25,20.192218780517578,0
326.65186936978716,526018.25,20.195302963256836,0
326.6723022701699,525943.25,20.192174911499023,128
326.69273537064146,525925.5625,20.195659637451172,0
326.7131683711996,525918.9375,20.189393997192383,0
326.73360127186606,525927.25,20.190807342529297,0
326.7540343726141,526048.875,20.19576644897461,0
326.774467373456,526024.4375,20.195484161376953,8320
326.79490037439245,526018.25,20.19089698791504,0
326.81533327542274,526045.6875,20.192096710205078,0
326.83576637654915,526036.375,20.194931030273438,0
326.8561993777548,526043.0,20.19552993774414,0
326.8766322790689,525993.6875,20.19571876525879,0
326.89706538047176,526027.375,20.197845458984375,0
326.91749838196847,526007.5625,20.1983699798584,0
326.93793128355173,526027.9375,20.197113037109375,0
326.9583643852384,526013.875,20.19459342956543,0
326.9787973870116,526040.0625,20.1886043548584,0
326.9992302888786,526044.1875,20.198822021484375,0
327.019663390849,526026.375,20.193925857543945,8192
327.040096392906,526035.0625,20.195707321166992,0
327.06052939505025,526015.625,20.194568634033203,0
327.0809622973029,526057.5,20.19711685180664,0
327.1013953996371,525988.25,20.193944931030273,0
327.1218284020724,526025.9375,20.192060470581055,128
327.14226130460156,526016.75,20.197874069213867,0
327.1626944072268,526030.0,20.196945190429688,0
327.1831274099386,525986.625,20.199636459350586,0
327.2035603127588,525972.625,20.196012496948242,0
327.22399341565324,526004.5625,20.19413185119629,0
327.2444264186561,525991.125,20.19597053527832,0
327.26485932176,525982.8125,20.194406509399414,0
327.28529232494475,525948.6875,20.196760177612305,0
327.30572542822483,525986.125,20.197696685791016,0
327.32615833161253,525988.3125,20.19666862487793,0
327.3465913350956,525974.4375,20.195919036865234,0
327.36702443865215,525992.6875,20.197187423706055,0
327.3874573423236,526018.8125,20.194599151611328,0
327.4078903460904,525951.375,20.194589614868164,0
327.448756353886,526026.0,20.199615478515625,0
327.46918935794383,525980.375,20.200544357299805,0
327.4896223620817,526042.6875,20.19981575012207,128
327.5100553663142,526018.1875,20.19930648803711,0
327.5304883706558,525954.75,20.19162368774414,0
327.55092127508397,525922.125,20.197011947631836,0
327.5713543796155,525917.4375,20.196819305419922,0
327.5917873842336,525923.5625,20.197175979614258,0
327.6122203889463,525981.875,20.20441246032715,0
327.6326533937681,525993.25,20.198020935058594,0
327.65308639867726,525951.3125,20.19643783569336,0
327.673519403681,525975.5,20.200929641723633,8192
327.6939524087866,525949.9375,20.20008659362793,8192
327.71438541398675,526007.8125,20.198213577270508,0
327.7348184192815,525994.0625,20.196495056152344,0
327.7552513246774,525942.0625,20.201030731201172,0
327.77568443016935,525978.1875,20.204111099243164,0
327.7961174357479,525998.1875,20.205530166625977,128
327.81655034144205,526003.0625,20.198280334472656,128
327.8369834472178,525991.3125,20.197372436523438,0
327.8574164531019,525936.125,20.201148986816406,0
327.87784935907257,526020.6875,20.196367263793945,0
327.8982824651466,525983.125,20.19580078125,0
327.9187154713145,525999.0,20.201927185058594,0
327.93914847758424,525936.3125,20.198711395263672,8192
327.9595813839478,525955.5,20.198026657104492,0
327.9800144904075,526000.9375,20.200963973999023,0
328.00044749697554,525992.3125,20.194904327392578,0
328.02088040363014,525985.4375,20.200563430786133,0
328.04131351038086,525969.4375,20.194093704223633,0
328.06174651723995,525954.75,20.20090103149414,0
328.0821794241929,525958.9375,20.201030731201172,0
328.1026125312346,525971.3125,20.19877815246582,0
328.12304553838476,525993.8125,20.19735336303711,0
328.143478445636,526034.5625,20.20059585571289,0
328.1639114529753,526012.9375,20.195009231567383,0
328.18434456041723,525999.9375,20.198909759521484,0
328.2047774679595,525979.875,20.196550369262695,0
328.2252104755971,526001.75,20.194318771362305,0
328.24564358333737,526003.4375,20.196945190429688,0
328.26607659117144,526002.75,20.196165084838867,0
328.2865094991066,526058.8125,20.200332641601562,128
328.3069426071452,525997.5625,20.199907302856445,0
328.3273756152703,525971.3125,20.197956085205078,0
328.3478085235038,525984.9375,20.19890785217285,0
328.3682415318399,525890.3125,20.20102882385254,8192
328.3886746402786,525902.375,20.198387145996094,0
328.4091075487959,525894.5,20.198896408081055,0
328.4295405574303,525997.5625,20.19968605041504,0
328.4499735661666,526021.625,20.195749282836914,0
328.4704065749902,526041.75,20.20260238647461,0
328.49083958391566,526066.5,20.200950622558594,0
328.511272592943,526036.0,20.194162368774414,0
328.5317056020722,526074.1875,20.20195960998535,128
328.55213861129596,526044.8125,20.198511123657227,393216
328.5725716206216,526067.75,20.19408416748047,0
328.5930046300491,526080.3125,20.19908905029297,0
328.6134376395785,525971.9375,20.196598052978516,0
328.63387054920895,526018.5625,20.19230842590332,8192
328.65430365892826,525966.875,20.199079513549805,8192
328.6747366687632,525985.625,20.201658248901367,0
328.695169578692,526018.875,20.201927185058594,0
328.7156026887096,526016.3125,20.197324752807617,8192
328.7360356988429,525984.0625,20.198314666748047,0
328.75646870907804,526025.4375,20.19883155822754,0
328.77690171940776,526023.4375,20.199081420898438,0
328.7973347298321,525992.5,20.197486877441406,0
328.8177677403655,526039.8125,20.202131271362305,0
328.8382006510001,525985.0625,20.195688247680664,0
328.858633761738,526015.125,20.197978973388672,0
328.8790667725698,526046.375,20.196815490722656,0
328.89949968350265,526011.4375,20.195331573486328,0
328.9199327945389,526038.375,20.195541381835938,0
328.94036580567627,525982.5,20.19236183166504,0
328.9607987169147,526027.8125,20.195219039916992,0
328.98123182826384,526030.3125,20.195093154907227,0
329.0016648397068,526038.8125,20.18996238708496,0
329.02209775124356,525990.625,20.195348739624023,0
329.0425307628975,526014.5625,20.193531036376953,0
329.0629638746468,526028.9375,20.19585609436035,0
329.08339688648994,525981.875,20.19756507873535,0
329.10382979844144,526058.8125,20.199039459228516,0
329.1242629105036,525955.875,20.195711135864258,0
329.1446959226523,526006.5625,20.199459075927734,0
329.1651288349167,525996.5625,20.193693161010742,0
329.18556194727717,526006.25,20.189929962158203,0
329.20599495973147,525935.0625,20.19789695739746,128
329.2264278723087,525905.625,20.193613052368164,0
329.2468608849813,525954.0,20.194360733032227,0
329.26729399773467,525981.3125,20.19525909423828,0
329.2877269106175,526057.125,20.194746017456055,0
329.30815992359567,525994.5625,20.193090438842773,0
329.3285930366692,526023.5,20.201696395874023,0
329.34902594985033,525992.0625,20.198955535888672,0
329.36945896314137,526031.5625,20.19755744934082,0
329.38989207652776,526053.25,20.193830490112305,0
329.4103249900145,526006.25,20.195310592651367,0
329.4307580036111,526027.4375,20.192535400390625,8192
329.4511911173031,526017.9375,20.201547622680664,0
329.47162403110997,526040.8125,20.192970275878906,0
329.4920570450122,526017.8125,20.193193435668945,0
329.51249005902355,526016.1875,20.18998908996582,0
329.53292307313677,525946.875,20.193954467773438,0
329.55335608735913,526001.125,20.197975158691406,0
329.57378900166805,526014.0625,20.19459342956543,0
329.5942221160949,526030.9375,20.194887161254883,0
329.61465513062285,526072.375,20.19986915588379,0
329.63508814525267,526020.125,20.194360733032227,0
329.65552115998435,526031.375,20.196395874023438,0
329.67595417482516,526046.8125,20.1915340423584,0
329.69638718976785,526043.5,20.191253662109375,0
329.7168201048262,526055.0625,20.200849533081055,0
329.73725321997335,526029.4375,20.194869995117188,0
329.7576862352216,526044.625,20.197532653808594,0
329.77811915059283,526032.4375,20.1895809173584,0
329.79855226606014,526048.3125,20.194801330566406,0
329.8189852816213,526074.5625,20.193946838378906,0
329.83941819730535,526078.8125,20.19451332092285,0
329.8598513130855,526022.5625,20.19529914855957,0
329.8802843289668,526052.0,20.18631935119629,8192
329.90071724496374,526034.9375,20.18968963623047,0
329.9211502610633,526108.8125,20.197153091430664,0
329.9415833772582,526011.6875,20.191347122192383,0
329.9620163935688,526021.4375,20.198108673095703,0
329.98244930998044,526042.75,20.19047737121582,0
330.0028824264882,526021.125,20.192508697509766,0
330.0233154431189,525961.0625,20.198043823242188,0
330.0437483598507,525887.5625,20.19467544555664,0
330.06418147667137,525916.25,20.19345474243164,0
330.0846144936222,525931.3125,20.193506240844727,0
330.10504741067416,526019.3125,20.195682525634766,0
330.12548052781494,526017.8125,20.195192337036133,0
330.1459135450714,526049.0625,20.196765899658203,0
330.16634646244347,526040.6875,20.197553634643555,0
330.1867794799109,526029.5,20.18766212463379,0
330.20721259748825,526016.25,20.19637107849121,0
330.2276455151732,526023.125,20.194000244140625,8192
330.2480785329535,526005.875,20.194541931152344,0
330.268511650851,526001.4375,20.20052719116211,0
330.28894466885686,525984.125,20.197662353515625,0
330.3093775869638,526032.25,20.19240951538086,0
330.32981070518144,526046.0625,20.19230842590332,0
330.35024372350745,526063.9375,20.193729400634766,0
330.37067664193455,526044.25,20.1915340423584,0
330.3911096604643,526027.5,20.198244094848633,0
330.4115426791177,526059.375,20.198562622070312,0
330.45240871672286,525974.8125,20.19328498840332,0
330.47284173568187,526047.8125,20.199214935302734,0
330.4932747547573,526031.4375,20.199979782104492,0
330.5137077739346,526009.5625,20.196134567260742,0
330.5341407932283,526038.5625,20.19501495361328,0
330.5545738126166,526033.875,20.19226837158203,0
330.5750068321213,526052.4375,20.190221786499023,0
330.5954397517344,526071.625,20.19686508178711,0
330.61587287145085,526078.4375,20.200063705444336,0
330.6363058912757,526037.75,20.194995880126953,128
330.6567388112162,526047.0,20.198274612426758,0
330.6771719312528,526042.6875,20.195724487304688,0
330.6976049514051,526087.375,20.193239212036133,0
330.71803787165845,526004.875,20.19623565673828,0
330.7384709920225,526000.3125,20.19814109802246,0
330.75890401250217,526008.1875,20.197162628173828,0
330.77933693309024,526062.4375,20.20117950439453,393216
330.7997700537744,526015.6875,20.19019889831543,8192
330.82020307457424,526027.9375,20.193849563598633,0
330.8406360954905,526045.9375,20.190959930419922,393216
330.8610690165151,525981.875,20.195905685424805,393216
330.88150213762856,525930.375,20.192424774169922,0
330.90193515886494,525886.6875,20.19147300720215,0
330.9223680802097,525875.75,20.194860458374023,128
330.94280120166513,525998.375,20.19570541381836,8192
330.9632342232362,526051.6875,20.19093894958496,0
330.9836671449011,526048.1875,20.19072151184082,0
331.00410026668396,525970.875,20.193025588989258,0
331.02453328858246,526007.1875,20.187013626098633,0
331.04496621058206,526013.6875,20.193565368652344,0
331.0653992326843,525986.4375,20.197004318237305,0
331.08583235491096,525976.75,20.194782257080078,0
331.1266982996822,525961.4375,20.199975967407227,0
331.1471314222217,526007.1875,20.1961612701416,0
331.1675644448769,525990.9375,20.18897247314453,0
331.18799736765504,525990.125,20.205350875854492,0
331.20843049053656,526045.625,20.19827651977539,0
331.2288635135119,525992.1875,20.200345993041992,0
331.2492964366247,526021.125,20.198774337768555,0
331.2697294598329,526040.375,20.19707679748535,0
331.29016258315096,526034.5,20.199926376342773,0
331.3105955065839,526027.125,20.19599723815918,0
331.3310285301268,525972.8125,20.193571090698242,0
331.3514616537723,525987.3125,20.19873809814453,0
331.37189457753993,525955.375,20.19799041748047,0
331.3923276014102,525954.9375,20.191038131713867,0
331.4127607253904,525969.75,20.196090698242188,8192
331.43319364949275,526004.75,20.20102882385254,0
331.453626673705,525962.25,20.200239181518555,0
331.4740596980191,525987.75,20.198816299438477,0
331.49449272244965,525991.6875,20.202251434326172,0
331.5149257469893,525974.8125,20.198518753051758,0
331.53535867164464,525978.8125,20.197216033935547,0
331.55579179640335,525985.875,20.19662094116211,0
331.5762248212777,525958.375,20.203720092773438,0
331.59665774626774,525953.125,20.200008392333984,0
331.61709087136114,525942.5,20.197675704956055,0
331.6375238965775,525939.1875,20.196531295776367,0
331.6579569218884,525924.375,20.195219039916992,0
331.678389947323,525959.0625,20.20051383972168,0
331.69882297287404,525955.5625,20.197446823120117,8192
331.71925599852693,525895.5625,20.193599700927734,0
331.7396889242955,525865.25,20.196592330932617,0
331.76012205018196,525897.125,20.195642471313477,0
331.78055507616955,525929.125,20.197772979736328,0
331.80098800228734,525970.5625,20.194786071777344,0
331.8214211285085,525898.75,20.19793701171875,0
331.8418541548235,525897.5,20.19512939453125,0
331.862287081276,525963.5625,20.20033836364746,0
331.88272020783916,525932.375,20.194250106811523,0
331.9031532345034,525925.25,20.19637107849121,0
331.9235861612833,525936.5,20.20245361328125,8192
331.9440191881804,526015.125,20.19544792175293,0
331.9644523151874,525964.8125,20.191022872924805,0
331.9848852423165,525955.9375,20.196971893310547,0
332.0053182695483,525974.625,20.194395065307617,0
332.02575139689,525960.4375,20.1979923248291,0
332.0461844243546,525919.9375,20.196575164794922,0
332.06661735192756,525924.1875,20.193593978881836,0
332.08705047962576,526008.6875,20.199451446533203,0
332.1074835074178,525961.0625,20.19865608215332,0
332.12791643532546,525947.0625,20.194171905517578,0
332.1483494633576,525976.75,20.194852828979492,0
332.1687825915142,525940.5625,20.195682525634766,0
332.1892155197711,525946.75,20.195571899414062,0
332.2096485481452,525926.75,20.1907901763916,0
332.23008167661465,525934.625,20.195817947387695,393216
332.2505146052208,525952.3125,20.19867515563965,0
332.27094763392233,525941.5,20.19898796081543,0
332.2913807627483,525948.3125,20.19106674194336,0
332.31181379168993,525926.1875,20.19429588317871,0
332.33224672076176,525922.25,20.199275970458984,0
332.35267984991515,525891.3125,20.197160720825195,8192
332.37311277920526,525906.5,20.198219299316406,0
332.39354580860527,525942.1875,20.196256637573242,0
332.4139788381144,525956.125,20.196176528930664,0
332.43441186775453,525929.25,20.19972801208496,8192
332.45484489748196,525959.9375,20.196195602416992,0
332.47527792734763,525939.3125,20.193269729614258,0
332.49571095732244,525947.5,20.197097778320312,8192
332.51614398742095,525915.5625,20.200014114379883,0
332.53657701761404,525929.9375,20.19415283203125,0
332.55701004792354,525836.0625,20.195558547973633,8192
332.577443078364,525815.8125,20.196903228759766,0
332.5978761089136,525861.125,20.196523666381836,0
332.61830903958617,525966.3125,20.198556900024414,0
332.63874217036937,525956.9375,20.196552276611328,0
332.65917520126095,525984.75,20.194372177124023,0
332.6796081322682,526005.0625,20.19826316833496,0
332.70004126340064,525952.5,20.197465896606445,0
332.72047429464146,525929.625,20.197546005249023,0
332.74090722599794,525959.5,20.19846534729004,0
332.76134035747964,525952.0625,20.198047637939453,0
332.7817733890697,525942.0625,20.195728302001953,0
332.80220632079,525929.1875,20.202659606933594,0
332.8226393526129,525993.5625,20.199796676635742,0
332.8430724845457,525970.8125,20.1967716217041,8192
332.86350551660144,525967.0,20.197397232055664,0
332.8839384487801,525951.25,20.198713302612305,0
332.9043715810549,525970.9375,20.200292587280273,0
332.9248046134744,526012.1875,20.1928653717041,0
332.9452375460096,525983.0625,20.19711685180664,0
332.9656706786409,525955.8125,20.201290130615234,0
332.9861037113951,525920.375,20.197477340698242,0
333.0065366442723,525920.6875,20.200647354125977,0
333.0269697772601,525915.0,20.197851181030273,0
333.04740281036356,525936.875,20.198137283325195,0
333.06783574359724,525932.1875,20.201011657714844,0
333.0882687769408,525960.375,20.197948455810547,0
333.1087019103943,525942.6875,20.19664192199707,0
333.12913484396995,525984.125,20.199119567871094,0
333.14956787767005,525920.5625,20.199586868286133,0
333.17000101148733,525950.875,20.199365615844727,0
333.19043404539843,525963.0,20.20158576965332,0
333.21086697946157,525907.375,20.197629928588867,0
333.2313001136281,525970.8125,20.199424743652344,0
333.251733147903,525911.3125,20.197946548461914,0
333.2721660823154,525954.625,20.199970245361328,0
333.2925991168304,525898.4375,20.199111938476562,0
333.3130322514553,525921.0625,20.20096778869629,0
333.3334651862315,525922.6875,20.19902801513672,0
333.35389822109573,526001.0,20.200021743774414,0
333.3743312560837,525908.5625,20.20119285583496,0
333.4151973264379,525845.6875,20.19727325439453,16
333.4356303617824,525904.0625,20.197097778320312,16
333.456063397236,525974.625,20.199840545654297,8208
333.47649643282784,525981.875,20.20020866394043,8192
333.49692936853535,525933.875,20.200674057006836,0
333.5173625041498,525973.875,20.198593139648438,0
333.5377955400909,525987.125,20.20315170288086,0
333.5582284761622,525964.9375,20.20098876953125,0
333.57866161234415,525940.0625,20.19125747680664,0
333.5990946486345,525898.75,20.202096939086914,0
333.6195275850696,525912.5,20.199241638183594,0
333.63996072158625,525954.5,20.203752517700195,0
333.66039375825494,525968.1875,20.19667625427246,0
333.6808266950393,525956.4375,20.198734283447266,0
333.70125973193353,525962.0625,20.20206069946289,0
333.72169286895223,526050.75,20.19566535949707,128
333.7421259060793,525990.8125,20.200969696044922,0
333.7625588433293,525982.75,20.196306228637695,0
333.78299198069726,525948.375,20.200054168701172,0
333.80342501820996,525951.625,20.199462890625,128
333.82385795583104,525979.0625,20.200881958007812,0
333.84429109354824,525961.9375,20.199092864990234,0
333.8647241314029,526020.4375,20.197893142700195,0
333.8851570693805,526021.25,20.202295303344727,0
333.90559020747605,525960.6875,20.196197509765625,0
333.92602324568725,526000.375,20.195804595947266,0
333.9464561840359,525960.9375,20.20416831970215,0
333.9668892224945,525979.8125,20.201223373413086,0
333.987322361063,526021.75,20.20250129699707,0
334.00775539976894,526039.1875,20.19375228881836,0
334.02818833859055,525990.125,20.19304656982422,0
334.0486214775301,525977.625,20.193592071533203,0
334.0690545165926,526004.1875,20.19580078125,0
334.089487455778,525975.8125,20.199283599853516,0
334.1099205950886,526026.0625,20.20362663269043,8320
334.1303536344931,526013.0625,20.198657989501953,0
334.1507865740423,525970.125,20.19870948791504,0
334.1712196137232,525990.0625,20.196613311767578,270336
334.19165275351406,525951.4375,20.19792938232422,0
334.21208569342707,525976.625,20.191251754760742,0
334.23251873345725,525881.875,20.19523048400879,0
334.25295187359734,525929.9375,20.19891929626465,0
334.2733848138887,525974.75,20.199941635131836,8192
334.2938178542827,525974.1875,20.198102951049805,0
334.3142508947858,526027.5,20.19789695739746,0
334.3346840354425,525998.0625,20.200830459594727,0
334.3551169761995,525976.75,20.199859619140625,0
334.37555001708097,525993.0625,20.196496963500977,0
334.3959830581007,525991.5625,20.199932098388672,0
334.41641609922226,525979.5,20.19694709777832,0
334.43684914046753,525984.3125,20.19704818725586,8192
334.45728218185104,526001.25,20.199291229248047,0
334.4777152233437,525974.625,20.197399139404297,0
334.4981482649746,525963.125,20.193157196044922,0
334.51858130670735,525999.75,20.192888259887695,0
334.5390143485711,525973.75,20.18967056274414,0
334.5594472905577,525938.0625,20.200496673583984,0
334.57988033266884,525983.375,20.201595306396484,0
334.6003134749044,525948.6875,20.198566436767578,0
334.62074651724834,525969.125,20.19865608215332,0
334.64117945973703,525917.6875,20.196941375732422,0
334.66161260234367,525989.875,20.1955623626709,0
334.6820456450587,526006.5,20.200164794921875,0
334.7024785879112,525952.9375,20.193063735961914,8192
334.72291173087433,525997.75,20.202356338500977,0
334.74334477397497,525978.5625,20.20244026184082,0
334.76377771719126,525942.3125,20.19552993774414,0
334.78421086054004,525973.4375,20.197526931762695,0
334.8046439039972,525931.875,20.196109771728516,0
334.82507684759184,525929.0625,20.193931579589844,0
334.84550989130366,525947.0625,20.19308090209961,0
334.8659430351545,525932.875,20.192079544067383,0
334.8863760791137,526021.75,20.20392417907715,0
334.90680902318854,525963.0625,20.20130729675293,0
334.92724216740316,525988.0625,20.19869613647461,0
334.9476752117407,526005.5,20.193933486938477,0
334.9681081562085,525944.25,20.199148178100586,0
334.9885413007869,526004.3125,20.193063735961914,0
335.00897434548824,525962.4375,20.19782829284668,0
335.0294072903198,526032.1875,20.190868377685547,0
335.0498403352758,525924.625,20.20090103149414,0
335.07027348035626,525819.5625,20.199880599975586,0
335.09070642556617,525897.3125,20.193281173706055,0
335.111139470886,525922.9375,20.196861267089844,0
335.1315726163448,526035.1875,20.19818878173828,0
335.15200556193304,525990.125,20.19849395751953,0
335.1724386076312,526042.4375,20.191492080688477,0
335.19287175346835,526015.5,20.195110321044922,0
335.2133047994139,526027.75,20.198999404907227,0
335.2337377454969,526021.875,20.201948165893555,0
335.25417079171166,526020.3125,20.203205108642578,0
335.2746039380436,525975.5625,20.1998233795166,0
335.2950368844977,525972.125,20.199655532836914,0
335.3154699310762,525991.0,20.194379806518555,0
335.3359030777792,525998.75,20.200180053710938,0
335.35633602461894,526007.0,20.19969940185547,0
335.37676907157584,525962.5,20.198078155517578,0
335.3972021186637,526021.4375,20.193470001220703,0
335.41763516587525,526033.25,20.20589256286621,128
335.4380682132105,526013.4375,20.20166015625,0
335.45850116067595,525987.1875,20.197240829467773,0
335.4789343082666,525976.0,20.19969367980957,0
335.4993673559802,526021.875,20.19979476928711,0
335.519800303824,526030.9375,20.20120620727539,8320
335.54023345179303,526012.4375,20.199560165405273,0
335.560666499885,526019.0,20.20116424560547,0
335.5810994481217,526022.75,20.192249298095703,0
335.60153259646904,526002.3125,20.197307586669922,0
335.62196564493934,525944.5,20.200830459594727,8192
335.6423985935544,525989.6875,20.20427703857422,0
335.66283174226555,526017.5,20.202539443969727,128
335.68326479112875,526024.375,20.205341339111328,0
335.7036977401076,526029.625,20.20037841796875,8192
335.72413078922546,526015.3125,20.201522827148438,0
335.7445639384532,526039.3125,20.200559616088867,0
335.7649969878257,526067.875,20.2017822265625,0
335.78542993732117,526029.625,20.201398849487305,0
335.8058630869418,526044.9375,20.20090103149414,0
335.82629613667814,526037.5,20.20067024230957,0
335.84672908655193,526034.875,20.203609466552734,0
335.86716223655094,526038.375,20.20135498046875,0
335.8875952866947,525947.875,20.204307556152344,0
335.90802823694685,525954.1875,20.20198631286621,8192
335.92846128732344,525928.1875,20.19405174255371,0
335.9488944378463,525970.8125,20.197315216064453,0
335.9693273884768,526033.375,20.199726104736328,0
335.9897604392463,526047.625,20.19783592224121,0
336.01019359014754,526058.9375,20.192344665527344,0
336.03062654117093,526064.9375,20.202232360839844,0
336.0510595923188,526032.5,20.197702407836914,0
336.0714927436129,526059.6875,20.199695587158203,0
336.09192579500086,526012.625,20.20320701599121,0
336.1123587465554,526010.9375,20.207538604736328,0
336.1327917982271,526036.0,20.20415687561035,0
336.15322495000873,526049.4375,20.196866989135742,0
336.1736579019416,526033.5625,20.20069694519043,0
336.19409095400624,526066.6875,20.200817108154297,0
336.21452410618076,526091.1875,20.200239181518555,0
336.23495705847745,526082.875,20.198511123657227,0
336.2553901109204,526039.9375,20.202054977416992,0
336.27582326348784,526025.5625,20.20102882385254,0
336.296256216192,526009.4375,20.204273223876953,128
336.31668926902785,526050.5,20.198209762573242,0
336.33712232197286,526089.9375,20.20539665222168,0
336.35755537507066,526100.5625,20.203580856323242,0
336.3984214816228,526110.0,20.1997127532959,16
336.41885453509894,526096.375,20.20351219177246,16
336.43928758870607,526128.5,20.2067813873291,16
336.4597205424361,526075.625,20.200767517089844,0
336.4801536962914,526109.875,20.203472137451172,0
336.50058675030596,526096.25,20.20183753967285,0
336.5210197044289,526097.875,20.203859329223633,0
336.5414528586771,526092.5625,20.205507278442383,0
336.56188591307,526104.625,20.20413589477539,0
336.5823188675713,526098.3125,20.201936721801758,0
336.60275192222616,526155.6875,20.2018985748291,0
336.6231850769982,526097.3125,20.20219612121582,0
336.6436181319077,526159.875,20.206581115722656,0
336.66405108694016,526146.25,20.2043514251709,0
336.7049172973784,526094.6875,20.202096939086914,0
336.7253502528183,526050.8125,20.2010440826416,0
336.74578340837616,525925.4375,20.203258514404297,0
336.7662164640715,525987.375,20.197031021118164,0
336.7866494198897,526002.0,20.202871322631836,0
336.80708247585426,526062.4375,20.204757690429688,0
336.8275156319287,526120.3125,20.20513916015625,0
336.8479485881544,526106.1875,20.206010818481445,0
336.8683816444973,526112.5,20.204431533813477,0
336.88881480095006,526083.625,20.20429801940918,0
336.909247857584,526095.3125,20.196733474731445,8192
336.92968081433355,526099.625,20.20523452758789,0
336.9501139711938,526111.0625,20.206302642822266,0
336.97054702817695,526066.25,20.201557159423828,0
336.990979985334,526135.25,20.202407836914062,0
337.0114130425718,526121.875,20.202945709228516,0
337.0318461999923,526105.8125,20.20604133605957,0
337.05227915752766,526092.4375,20.206302642822266,0
337.07271221517294,526136.0,20.204452514648438,0
337.0931453729718,526106.6875,20.20516014099121,0
337.1135783308855,526109.25,20.204774856567383,0
337.13401138896734,526145.1875,20.20401954650879,0
337.1544445471445,526112.5,20.20311164855957,0
337.1748775054657,526078.5,20.199121475219727,0
337.1953105639259,526176.0,20.20298957824707,0
337.21574362250976,526141.6875,20.20161247253418,0
337.23617668123916,526145.5,20.205867767333984,0
337.2566097400777,526123.1875,20.203418731689453,0
337.277042799069,526135.5625,20.205581665039062,0
337.29747595820663,526124.75,20.20865821838379,262144
337.31790891742276,526111.6875,20.20502281188965,0
337.33834197682154,526158.9375,20.203706741333008,0
337.35877503633674,526106.375,20.203418731689453,262144
337.3792080959902,526148.3125,20.2086181640625,0
337.3996411557673,526140.9375,20.198415756225586,0
337.42007421568997,526152.875,20.200727462768555,0
337.44050727575086,526150.375,20.20586395263672,0
337.46094033593545,526133.1875,20.20445442199707,0
337.4813732962357,526186.5,20.20231819152832,0
337.5018064567048,526147.125,20.204648971557617,0
337.52223951726774,526168.625,20.20442771911621,0
337.54267247800453,526155.6875,20.20500373840332,0
337.5631056388229,526117.125,20.20409393310547,0
337.5835386998224,526018.375,20.196327209472656,0
337.60397166093753,526036.25,20.203861236572266,0
337.62440482219245,526070.125,20.199338912963867,0
337.6448378835994,526148.75,20.204113006591797,0
337.6652708450929,526215.0,20.20502281188965,0
337.6857039067545,526215.5625,20.20371437072754,0
337.70613706854056,526182.5,20.202045440673828,8192
337.7265700304706,526204.625,20.2042293548584,0
337.74700309253967,526187.6875,20.20687484741211,0
337.7674362547332,526164.0625,20.200761795043945,0
337.78786931707145,526141.5,20.202342987060547,0
337.8083022795181,526206.0,20.20333480834961,0
337.82873544211907,526189.8125,20.207380294799805,0
337.8491685048357,526185.25,20.208091735839844,0
337.8696014677189,526203.875,20.208696365356445,0
337.89003453072655,526219.1875,20.208219528198242,0
337.9104676938514,526200.0,20.207454681396484,0
337.93090065714205,526212.75,20.205265045166016,0
337.95133372052805,526212.9375,20.201740264892578,0
337.97176688408945,526153.1875,20.206214904785156,8192
337.99219984775846,526171.8125,20.206228256225586,0
338.0126329115519,526147.875,20.202234268188477,0
338.03306607552076,526179.5,20.204740524291992,0
338.0534990395972,526169.3125,20.2036075592041,0
338.07393210382725,526227.4375,20.210308074951172,0
338.09436526817444,526209.9375,20.19975471496582,0
338.1147983326591,526225.3125,20.205068588256836,0
338.13523129729583,526209.9375,20.204578399658203,0
338.1556643620497,526259.3125,20.208778381347656,0
338.1760975269426,526256.75,20.203149795532227,0
338.1965304919868,526228.125,20.204864501953125,0
338.2169635571481,526233.5625,20.201860427856445,0
338.23739672244847,526174.0625,20.206892013549805,0
338.2578296879001,526201.3125,20.20403480529785,0
338.2782627534689,526242.5625,20.2051944732666,8192
338.2986959191767,526210.0625,20.205049514770508,0
338.31912888506486,526228.25,20.206947326660156,0
338.33956135106564,526273.3125,20.209856033325195,0
338.3599944171874,526252.0,20.20389747619629,0
338.38042758342635,526261.0625,20.20552635192871,0
338.4008606498319,526224.125,20.205829620361328,0
338.42129361636034,526245.4375,20.21186065673828,128
338.44172678306495,526129.875,20.197546005249023,0
338.46215984984883,526142.5625,20.203022003173828,0
338.48259281681385,526208.75,20.209754943847656,0
338.5030259838968,526213.8125,20.20594596862793,0
338.52345905108814,526223.0625,20.205053329467773,0
338.5438920184606,526229.3125,20.208635330200195,0
338.56432508595026,526236.875,20.201353073120117,0
338.5847582535789,526220.1875,20.2088623046875,0
338.60519122135884,526231.125,20.20505142211914,8192
338.62562428925594,526262.0,20.20709228515625,0
338.64605745732115,526255.5,20.20345687866211,0
338.6664904255085,526231.25,20.20517349243164,0
338.6869234938131,526207.5,20.2058162689209,0
338.707356562285,526202.25,20.203702926635742,0
338.7277896308806,526183.625,20.206483840942383,0
338.7482226996217,526226.25,20.204195022583008,0
338.7686556684712,526250.375,20.205883026123047,0
338.7890888375041,526241.125,20.20469856262207,0
338.80952190662356,526260.25,20.204893112182617,0
338.8299548759387,526289.125,20.20708656311035,8192
338.85038804535,526243.875,20.206012725830078,0
338.8708211149351,526281.625,20.20762062072754,0
338.89125418462936,526254.125,20.205730438232422,0
338.9116872544473,526266.625,20.20744514465332,0
338.9321203244399,526264.5,20.208534240722656,0
338.9525533945416,526263.0625,20.208465576171875,0
338.9729864648252,526236.5625,20.20532989501953,0
338.99341953522526,526279.5625,20.203899383544922,8192
339.01385260576353,526262.75,20.205957412719727,0
339.03428557642474,526274.375,20.207134246826172,0
339.054718747233,526264.5625,20.205137252807617,0
339.0751518181787,526229.6875,20.20699691772461,0
339.0955847892765,526295.8125,20.201919555664062,0
339.1160179605213,526322.8125,20.207557678222656,0
339.13645103187446,526277.125,20.2041072845459,0
339.1568840033797,526304.25,20.209226608276367,0
339.17731717503193,526261.375,20.209320068359375,0
339.19775024682167,526260.4375,20.204313278198242,0
339.2181833187642,526289.625,20.21095848083496,0
339.2386162908224,526225.375,20.207178115844727,0
339.25904946302035,526170.75,20.205678939819336,0
339.27948253537033,526215.3125,20.20003318786621,0
339.2999155078651,526183.0625,20.203142166137695,0
339.3203486804996,526311.6875,20.20730209350586,0
339.36121472618834,526257.1875,20.208927154541016,0
339.3816478992303,526302.5625,20.20705795288086,262144
339.4020809723952,526280.0625,20.204788208007812,128
339.42251394573395,526313.3125,20.210201263427734,0
339.4429470191826,526294.625,20.207897186279297,0
339.46338019281393,526292.0,20.205642700195312,0
339.48381316656014,526358.6875,20.207582473754883,0
339.50424624044535,526308.3125,20.209348678588867,0
339.52467931448336,526315.9375,20.210451126098633,0
339.5451123886669,526328.1875,20.21183967590332,0
339.56554546295956,526314.125,20.201148986816406,0
339.5859786374349,526313.75,20.210004806518555,0
339.6064116120251,526296.5625,20.211441040039062,0
339.62684468675434,526308.375,20.202560424804688,0
339.6472778616371,526308.9375,20.209203720092773,0
339.6677108366639,526305.625,20.20537757873535,0
339.6881439118006,526315.625,20.206926345825195,0
339.7085768871184,526343.625,20.205373764038086,0
339.72901006255415,526295.25,20.199790954589844,0
339.7494431381565,526292.8125,20.20820426940918,0
339.7698762138534,526324.0625,20.20284080505371,8192
339.790309289725,526339.9375,20.20682144165039,0
339.81074236573477,526293.6875,20.207393646240234,0
339.83117544189736,526336.375,20.204843521118164,0
339.85160851817636,526351.625,20.207595825195312,0
339.8720415946227,526318.3125,20.20603370666504,0
339.89247467119276,526303.25,20.206972122192383,0
339.91290764790756,526281.375,20.209434509277344,0
339.93334082479123,526303.5,20.207609176635742,0
339.95377390179783,526274.9375,20.206558227539062,0
339.9742068789201,526356.6875,20.209321975708008,0
339.9946400562112,526334.75,20.205034255981445,0
340.01507313365437,526349.6875,20.206993103027344,0
340.0355061112132,526299.75,20.208515167236328,0
340.05593928891176,526341.0,20.20741844177246,0
340.0763723667915,526299.125,20.210025787353516,0
340.0968054447876,526250.625,20.200145721435547,0
340.1172384229576,526195.375,20.202817916870117,0
340.13767160123825,526258.0625,20.209314346313477,0
340.15810467964184,526322.9375,20.20680809020996,0
340.178537658212,526308.3125,20.207712173461914,0
340.1989708369365,526295.0625,20.206111907958984,0
340.21940391580574,526297.875,20.206348419189453,0
340.23983689481975,526312.375,20.20767593383789,0
340.2602700739444,526322.0,20.206266403198242,0
340.2807031532502,526293.9375,20.210708618164062,8192
340.3011361326644,526274.25,20.207717895507812,0
340.3215693122329,526547.875,20.217002868652344,128
340.34200239197526,526289.4375,20.207252502441406,0
340.36243537183327,526321.375,20.20563316345215,0
340.3828684518303,526303.75,20.204919815063477,0
340.4033015319801,526356.375,20.20734214782715,0
340.42373461226816,526299.4375,20.20302963256836,0
340.444167692709,526317.8125,20.20701026916504,0
340.46460087329615,526259.5625,20.206436157226562,0
340.4850338540273,526332.125,20.205184936523438,0
340.5054669348974,526282.6875,20.208894729614258,0
340.525900115892,526274.5625,20.207666397094727,0
340.5463330970815,526239.9375,20.20199966430664,0
340.5667661783664,526283.5625,20.201187133789062,0
340.5871991598251,526246.9375,20.207550048828125,0
340.6076323414236,526285.0625,20.2056884765625,0
340.628065423145,526308.875,20.206605911254883,0
340.64849850504106,526327.5,20.205392837524414,0
340.66893158704625,526321.0625,20.20851707458496,0
340.6893646692333,526243.125,20.208419799804688,0
340.7097977515368,526241.5,20.20448875427246,128
340.73023083400767,526250.5,20.207809448242188,0
340.7506639166022,526237.8125,20.203405380249023,0
340.77109699937137,526245.6875,20.199838638305664,0
340.7915299822489,526236.5625,20.20390510559082,0
340.81196316530986,526268.6875,20.206205368041992,0
340.8323962484865,526280.375,20.20802116394043,0
340.85282923183695,526267.625,20.20631980895996,0
340.8732624152981,526282.1875,20.205896377563477,8192
340.89369549894036,526215.5625,20.200904846191406,0
340.914128482691,526214.625,20.204694747924805,0
340.934561666596,526120.4375,20.204357147216797,0
340.9549947506748,526113.1875,20.20211410522461,0
340.9754278348628,526141.0,20.203567504882812,0
340.9958608192319,526254.4375,20.2054500579834,0
341.01629400371894,526232.125,20.205949783325195,0
341.0367270883726,526212.9375,20.205123901367188,0
341.05716007314913,526221.5,20.206663131713867,0
341.07759325807274,526211.0,20.207107543945312,0
341.0980263431629,526220.8125,20.207563400268555,8192
341.11845932840515,526217.3125,20.206459045410156,0
341.1388925137653,526207.3125,20.205175399780273,0
341.15932559929206,526211.0625,20.204320907592773,0
341.17975858494174,526250.25,20.206066131591797,0
341.20019177076756,526286.0,20.20547866821289,0
341.22062485673086,526274.6875,20.20822525024414,0
341.2410578428171,526248.0,20.20966339111328,0
341.2614909290787,526236.25,20.2059383392334,0
341.2819240154786,526203.3125,20.205171585083008,8192
341.30235710203124,526233.125,20.20766258239746,0
341.3227901887294,526222.625,20.207860946655273,0
341.3432233755666,526231.875,20.203563690185547,0
341.36365636255505,526222.9375,20.202354431152344,0
341.3840894496898,526281.5,20.20821189880371,0
341.4045226369635,526224.0,20.206539154052734,0
341.42495562441763,526260.8125,20.20607566833496,0
341.4453887119889,526271.6875,20.206472396850586,128
341.46582179970574,526265.6875,20.20509910583496,0
341.4862548875899,526286.875,20.209150314331055,0
341.50668797559774,526221.4375,20.204875946044922,0
341.52712106377294,526210.125,20.20502471923828,0
341.5475541520718,526229.9375,20.20711326599121,0
341.56798724054534,526186.875,20.20699691772461,0
341.58842032916436,526183.0,20.207202911376953,8192
341.60885341792164,526144.9375,20.207019805908203,0
341.6292865068317,526196.9375,20.20420265197754,0
341.64971959588,526166.75,20.20687484741211,0
341.6701527850819,526236.875,20.206472396850586,0
341.69058577445685,526225.9375,20.206310272216797,393216
341.7110188639199,526256.875,20.206796646118164,0
341.7314518535786,526194.1875,20.207290649414062,0
341.75188504339167,526158.0,20.202852249145508,0
341.7723181333131,526143.5625,20.20485496520996,0
341.7927512234164,526079.375,20.202425003051758,0
341.81318431366526,526118.1875,20.20669174194336,0
341.8336174040596,526194.25,20.204504013061523,0
341.85405049459223,526200.25,20.207849502563477,0
341.87448358527763,526167.8125,20.207237243652344,0
341.8949166761013,526193.5625,20.206741333007812,0
341.9153497671068,526215.8125,20.206220626831055,8192
341.9357827582571,526183.875,20.20522689819336,0
341.95621594952536,526182.125,20.200162887573242,0
341.9766490409602,526184.4375,20.202402114868164,0
341.99708203254704,526134.6875,20.20186996459961,128
342.01751522427367,526167.6875,20.203887939453125,0
342.0379483161523,526162.4375,20.203046798706055,0
342.05838130820484,526131.5625,20.20490837097168,0
342.0788145003753,526133.125,20.200654983520508,0
342.09924759271235,526133.375,20.20229148864746,0
342.1196805852014,526156.625,20.206270217895508,0
342.1401136778077,526172.875,20.203041076660156,0
342.16054687058204,526163.3125,20.2032470703125,0
342.1809798635368,526128.625,20.201181411743164,0
342.2014129566087,526115.25,20.200756072998047,0
342.2218461498487,526111.375,20.201326370239258,0
342.2422791432109,526126.4375,20.20166015625,0
342.2627122367412,526159.625,20.2011775970459,0
342.28314543042507,526179.0625,20.204999923706055,0
342.3035784242529,526161.4375,20.2025089263916,0
342.32401151822705,526125.375,20.19938850402832,0
342.3648777066337,526160.75,20.203908920288086,0
342.38531080109533,526113.0625,20.20104217529297,0
342.40574389565154,526101.375,20.201440811157227,0
342.4261769903824,526137.3125,20.204303741455078,0
342.44661008528783,526113.0625,20.20186424255371,0
342.4670431803024,526112.625,20.200790405273438,0
342.4874762754989,526129.5,20.204103469848633,0
342.50790937083366,526090.8125,20.203350067138672,16
342.5283424663212,526110.875,20.201154708862305,144
342.548775661955,526150.125,20.20145606994629,16
342.5692086577619,526132.6875,20.201265335083008,16
342.58964175370784,526109.1875,20.198333740234375,16
342.6100747498058,526032.6875,20.198740005493164,16
342.6305079460435,525944.75,20.199508666992188,144
342.65094104243326,526055.1875,20.20370101928711,16
342.67137413899763,526079.3125,20.200931549072266,8208
342.6918072356784,526097.0,20.199220657348633,16
342.71224033252656,526205.125,20.20314598083496,16
342.7326734295275,526134.25,20.201223373413086,16
342.7531065266958,526169.625,20.20087242126465,16
342.77353962398774,526131.3125,20.201520919799805,16
342.79397272145434,526109.375,20.20002555847168,16
342.8144057190657,526102.875,20.19865608215332,16
342.8348389168168,526148.625,20.203229904174805,16
342.85527201474906,526125.5625,20.201644897460938,16
342.8757050128261,526183.5,20.199115753173828,0
342.89613821101375,526126.0625,20.20223045349121,0
342.91657130941167,526113.4375,20.20094871520996,0
342.93700430792524,526088.375,20.199718475341797,0
342.9574375066077,526125.875,20.200439453125,0
342.97787060541305,526114.1875,20.19905662536621,0
342.9983036044214,526135.0625,20.19904327392578,128
343.0187368035404,526186.875,20.206113815307617,128
343.0391699028405,526062.4375,20.200441360473633,0
343.0596029022854,526039.6875,20.201473236083984,0
343.0800360018693,526102.625,20.20172691345215,0
343.10046920160676,526047.4375,20.199020385742188,0
343.1209022015173,526082.3125,20.19975471496582,0
343.14133530156687,526045.75,20.196990966796875,0
343.16176850177,526122.4375,20.198991775512695,0
343.1822015021171,526092.75,20.199981689453125,0
343.2026346026323,526126.6875,20.19933319091797,0
343.2230678033011,526050.5,20.199684143066406,8192
343.24350080414297,526105.8125,20.20159912109375,8192
343.26393390509475,526066.8125,20.198909759521484,0
343.2843670062284,526041.5,20.20101547241211,0
343.3048001075076,526073.3125,20.195817947387695,0
343.32523320892506,525970.875,20.197235107421875,0
343.36609951226274,526084.25,20.19723129272461,8192
343.38653251415235,526085.4375,20.197040557861328,128
343.40696561621735,526080.1875,20.199159622192383,0
343.4273988183995,526036.0,20.19803810119629,0
343.4478318207475,525948.375,20.19620132446289,0
343.4682649232782,525936.5,20.193065643310547,0
343.48869812591875,526105.75,20.201814651489258,128
343.5091311287688,526021.0,20.198904037475586,0
343.529564231736,526035.9375,20.19873046875,0
343.54999733487784,526083.6875,20.198049545288086,0
343.5704304381288,526080.0,20.196134567260742,0
343.5908635415908,526091.125,20.196611404418945,0
343.6112966451692,526104.875,20.19873809814453,0
343.63172974891495,526067.0,20.196571350097656,393216
343.6521628528426,526061.5,20.197362899780273,8192
343.67259595688665,526074.875,20.199066162109375,0
343.6930291610988,526057.0,20.196882247924805,0
343.71346216546226,526102.75,20.198266983032227,0
343.733895269972,526049.5625,20.197978973388672,0
343.7543282746483,526005.375,20.1953182220459,8192
343.7747614794789,526088.3125,20.198583602905273,0
343.7951945844834,526021.25,20.19655990600586,0
343.81562758962536,526047.3125,20.193344116210938,0
343.83606079492165,526049.75,20.19472312927246,0
343.8564939003627,526047.9375,20.196529388427734,0
343.8769269059703,526232.5,20.201671600341797,8320
343.8973601117614,526042.8125,20.19719696044922,0
343.9177932176681,526020.25,20.19366455078125,8192
343.93822622374137,526087.0,20.19538688659668,128
343.9586593299682,525993.9375,20.195825576782227,0
343.97909253637044,525993.625,20.195695877075195,0
343.9995255429094,526048.0,20.19586753845215,0
344.0199586496019,526019.4375,20.19754981994629,8192
344.0403918564698,526054.4375,20.198705673217773,0
344.0608248634744,526026.125,20.198400497436523,0
344.0812579706326,525972.1875,20.194408416748047,0
344.10169117795886,525988.75,20.195377349853516,0
344.1221241854655,526002.1875,20.193317413330078,8192
344.14255729308934,525973.5625,20.196109771728516,0
344.16299050088855,525957.0625,20.192729949951172,0
344.1834235088245,525970.5,20.19335174560547,0
344.2038566169431,525946.8125,20.19139289855957,0
344.2242897252072,525994.9375,20.194091796875,0
344.2447229336394,526007.0625,20.194438934326172,0
344.2651559421938,525981.3125,20.192739486694336,0
344.2855890509527,525912.9375,20.192489624023438,0
344.3060222598215,525883.3125,20.19219398498535,0
344.32645526887063,525883.0,20.1905574798584,0
344.3468883780952,526003.125,20.19422149658203,0
344.3673215874587,525976.5625,20.193471908569336,8192
344.38775459697354,525975.3125,20.19300079345703,128
344.40818770666374,525985.25,20.19451904296875,0
344.4286208164922,525983.8125,20.19384765625,128
344.4490539264734,525978.0625,20.190753936767578,0
344.4694870366293,525970.75,20.193275451660156,0
344.4899201469234,525990.5,20.19363021850586,0
344.51035335740016,526007.375,20.19396209716797,0
344.5307863680209,526013.3125,20.194002151489258,0
344.5512194788098,526031.6875,20.191173553466797,0
344.5716526897231,525993.25,20.19402503967285,128
344.59208570083865,525966.25,20.192813873291016,0
344.6125188120932,525986.9375,20.19093132019043,128
344.6329519235005,525985.5625,20.193880081176758,0
344.65338503508247,525979.0,20.192935943603516,0
344.67381814677356,525966.4375,20.189809799194336,0
344.6942511586749,525978.0,20.192096710205078,0
344.71468437072326,525967.4375,20.1903018951416,8192
344.7351174829091,526000.25,20.19196891784668,0
344.7555504953052,526000.4375,20.188350677490234,0
344.77598370781925,525992.75,20.191173553466797,8192
344.79641682047077,525981.6875,20.19174575805664,0
344.8168498333325,526099.8125,20.19327163696289,128
344.8372830463122,525982.5625,20.19292449951172,0
344.8577161594876,525958.875,20.19015121459961,0
344.8781491727859,525958.1875,20.190505981445312,0
344.8985822862596,525998.375,20.191680908203125,0
344.91901549990143,525916.25,20.191818237304688,0
344.9394485136654,525938.6875,20.190170288085938,0
344.9598816276339,525940.25,20.1888427734375,0
344.98031484174135,525959.3125,20.19061279296875,0
345.0007478560001,525946.3125,20.18687629699707,0
345.0211809704342,526022.4375,20.188825607299805,0
345.04161418500735,525926.6875,20.186735153198242,0
345.06204719976085,525946.0,20.18721580505371,0
345.08248031468975,525957.9375,20.1884822845459,0
345.1029134297278,525862.875,20.185808181762695,8192
345.12334664494847,525859.6875,20.182697296142578,0
345.14377966034226,525847.0,20.187850952148438,0
345.16421277590416,525881.875,20.1866512298584,0
345.1846459915905,525972.6875,20.185157775878906,8320
345.20507900744997,526013.875,20.188968658447266,0
345.22551212347753,525956.9375,20.183361053466797,0
345.24594533965865,525973.75,20.188623428344727,0
345.26637835601286,525967.4375,20.185497283935547,0
345.2868114725061,525998.1875,20.187002182006836,0
345.30724468918197,525922.8125,20.1850643157959,0
345.34811082298984,526015.3125,20.18644905090332,16
345.3685439401306,525933.1875,20.183103561401367,144
345.3889771574468,525947.875,20.185293197631836,16
345.4094101748997,526008.8125,20.18609046936035,128
345.4298432925352,525981.3125,20.18358612060547,0
345.45027651031705,525969.25,20.185321807861328,0
345.4707095282647,525906.8125,20.185319900512695,0
345.4911426463659,525968.75,20.185468673706055,0
345.51157576464175,525943.0625,20.18376922607422,0
345.5320088830849,525942.625,20.183305740356445,0
345.5524420016809,525915.75,20.18412971496582,0
345.5728751204224,525915.0,20.1845703125,128
345.59330823933124,525933.1875,20.18448257446289,128
345.613741358422,525905.75,20.18225860595703,0
345.6341743776575,525905.125,20.18285369873047,0
345.65460759703274,525951.3125,20.183731079101562,0
345.67504071661824,525916.9375,20.18341064453125,0
345.6954737363194,525898.875,20.183847427368164,0
345.71590695618943,525979.0625,20.18443489074707,0
345.7363400762697,525916.75,20.1818790435791,0
345.7567730964656,525950.75,20.18054962158203,0
345.7772063168304,525893.9375,20.18206024169922,0
345.79763943734724,525946.5625,20.184743881225586,0
345.81807245803793,525897.875,20.181209564208984,0
345.83850557889673,525914.0,20.18189811706543,0
345.8589387999091,525889.25,20.18279457092285,0
345.87937182109454,525951.875,20.180553436279297,0
345.899804942419,525961.625,20.18048095703125,0
345.9202381639261,525971.6875,20.18362808227539,0
345.9406712856071,525876.8125,20.182655334472656,128
345.96110430742556,525852.0625,20.17954444885254,0
345.98153752939834,525841.9375,20.182950973510742,0
346.001970651545,525802.1875,20.177446365356445,0
346.0224036738582,525912.3125,20.180301666259766,0
346.0428367963541,525930.75,20.17717742919922,0
346.06327001899626,525945.375,20.177946090698242,0
346.08370304177515,525894.0625,20.18284034729004,0
346.1041361647367,525902.5625,20.181325912475586,128
346.12456938787363,525883.3125,20.17862892150879,0
346.1450024111764,525911.375,20.179750442504883,0
346.1654355346327,525886.9375,20.181753158569336,0
346.1858687582353,525883.0,20.181791305541992,0
346.2063017820037,525907.6875,20.1802921295166,0
346.2267349059548,525891.75,20.180511474609375,8192
346.24716813005216,525861.4375,20.174219131469727,0
346.2676012543452,525882.6875,20.17778778076172,0
346.2880342787321,525913.1875,20.181640625,0
346.30846740335255,525877.875,20.176851272583008,0
346.3289006280829,525930.625,20.17840576171875,0
346.3493336530519,525884.75,20.179962158203125,0
346.369766778138,525876.375,20.178653717041016,0
346.39019990333327,525900.75,20.1778621673584,0
346.41063302876864,525870.0,20.176233291625977,0
346.43106615432043,525911.9375,20.176679611206055,0
346.4514992800978,525880.0625,20.17608642578125,8192
346.4719324059988,525950.5625,20.172529220581055,0
346.4923655320745,525944.4375,20.176380157470703,0
346.512798558324,525922.3125,20.176362991333008,0
346.5332317846842,525945.125,20.172658920288086,0
346.5536649112837,525929.0,20.17549705505371,0
346.5740979379916,525961.5625,20.17433738708496,0
346.59453116488294,525883.4375,20.178592681884766,0
346.6149642919481,525913.9375,20.17952537536621,128
346.63539731912897,525886.75,20.1772403717041,8192
346.6558305465369,525872.6875,20.177419662475586,128
346.67626367406774,525858.9375,20.177162170410156,0
346.6966967017652,525839.9375,20.17360496520996,0
346.7171298296453,525843.875,20.17352867126465,0
346.73756305770075,525853.375,20.175098419189453,0
346.75799608592934,525835.5625,20.17249298095703,0
346.7784292142678,525794.0,20.1700496673584,128
346.79886244284717,525754.625,20.165651321411133,0
346.8192955715349,525818.3125,20.172225952148438,128
346.83972860040376,525830.9375,20.171722412109375,0
346.88059495860216,525848.0625,20.17125129699707,0
346.9010279879949,525863.75,20.16887664794922,0
346.92146121750557,525907.6875,20.177263259887695,0
346.9418943471828,525847.1875,20.17255401611328,0
346.9623273770412,525872.875,20.17218017578125,0
346.982760507075,525906.5,20.176610946655273,0
347.0031937372769,525838.8125,20.171266555786133,0
347.02362676760094,525856.375,20.17140007019043,0
347.0440598981586,525790.625,20.16997528076172,0
347.06449312882614,525779.9375,20.170154571533203,0
347.08492615967407,525818.125,20.167190551757812,0
347.1053592906974,525827.625,20.166057586669922,128
347.1257925218888,525756.375,20.17246437072754,0
347.14622565320315,525803.3125,20.170494079589844,0
347.16665868474956,525873.25,20.17068099975586,0
347.1870918164059,525866.0625,20.166484832763672,0
347.20752504824486,525861.25,20.16944122314453,0
347.22795808031515,525854.0625,20.173599243164062,128
347.2483912125026,525857.5625,20.167251586914062,0
347.2688243447992,525816.1875,20.16987419128418,0
347.2892574773359,525834.25,20.169527053833008,0
347.30969061004,525844.75,20.17047882080078,0
347.3301237428677,525856.4375,20.164663314819336,0
347.3505568758701,525891.8125,20.16761016845703,0
347.3709900090398,525882.25,20.16905403137207,0
347.39142314239143,525846.625,20.169036865234375,0
347.41185627591767,525866.3125,20.166242599487305,0
347.43228940961126,525855.0625,20.168493270874023,0
347.4527224434278,525858.875,20.16890525817871,128
347.47315567747864,525887.375,20.170949935913086,0
347.4935888116379,525906.0625,20.168811798095703,0
347.5140218459783,525852.375,20.16600227355957,0
347.5344550804948,525883.3125,20.166427612304688,0
347.5548882151779,525848.1875,20.168684005737305,0
347.5753212500422,525896.5625,20.16724395751953,0
347.5957544850826,525866.1875,20.16721534729004,0
347.61618762023136,525826.0625,20.168087005615234,0
347.6366206556195,525791.5625,20.16377067565918,0
347.6570537911248,525819.75,20.16262435913086,0
347.6774870267982,525794.1875,20.16392707824707,0
347.69792016265274,525850.75,20.167526245117188,8192
347.71835319868114,525853.6875,20.163976669311523,0
347.7387864348784,525891.375,20.17070960998535,0
347.75921957125684,525907.5,20.162565231323242,0
347.7796526078091,525935.4375,20.171167373657227,128
347.80008584447205,525915.6875,20.163230895996094,0
347.8205189813161,525862.25,20.164073944091797,0
347.8409520183923,525882.0,20.163375854492188,0
347.8613852555791,525834.875,20.16373062133789,0
347.881818392947,525864.5625,20.166099548339844,8192
347.90225143048883,525901.75,20.173295974731445,128
347.92268456819875,525845.75,20.17046546936035,0
347.9431178060913,525883.8125,20.167905807495117,128
347.9635508440988,525868.375,20.168210983276367,8192
347.98398398233985,525926.5,20.167560577392578,0
348.0044172206908,525921.5,20.167776107788086,0
348.0248503592811,525828.375,20.165964126586914,0
348.0452833979798,525882.0625,20.16367530822754,0
348.0657166368619,525911.0,20.16362953186035,0
348.0861496759171,525907.0,20.170116424560547,0
348.1065828151477,525929.1875,20.162790298461914,8192
348.12701595454564,525902.3125,20.164995193481445,8192
348.1474490941255,525973.6875,20.16462516784668,0
348.16788223387266,525895.6875,20.161331176757812,0
348.18831537374354,525903.1875,20.163400650024414,0
348.20874851384724,525893.875,20.164663314819336,0
348.22918165406736,525931.4375,20.164480209350586,0
348.2496147944548,525846.25,20.165956497192383,0
348.2700479350242,525871.1875,20.16377830505371,0
348.31091421673773,525876.8125,20.1623477935791,0
348.33134735783096,525940.875,20.166805267333984,0
348.3517804990406,525964.0,20.165626525878906,0
348.3722136404758,525967.3125,20.164976119995117,0
348.39264668209216,525913.4375,20.16474151611328,0
348.4130799238774,525946.0,20.165733337402344,0
348.4335130657855,525936.0,20.16087532043457,0
348.45394610792573,525875.0625,20.160654067993164,0
348.4743793501839,525858.375,20.164426803588867,0
348.4948124926086,525735.375,20.15863037109375,0
348.51524563527346,525815.4375,20.161495208740234,0
348.53567877804744,525936.125,20.16373634338379,0
348.5561119210033,525890.625,20.16268539428711,0
348.5765450641338,525887.875,20.1586971282959,8320
348.5969781074382,525918.75,20.16237449645996,0
348.6174113509114,525876.3125,20.16253662109375,0
348.6378444945658,525918.25,20.16276741027832,0
348.6582775383358,525838.3125,20.161327362060547,0
348.6787107823329,525871.4375,20.16183853149414,128
348.69914392651117,525836.0625,20.161293029785156,0
348.71957697080506,525869.25,20.160991668701172,0
348.74001021532604,525861.8125,20.163599014282227,0
348.76044335996994,525875.25,20.16205596923828,0
348.7808764048459,525882.375,20.166561126708984,0
348.80130964983255,525877.25,20.15741729736328,8192
348.8217427950003,525898.1875,20.157934188842773,0
348.84217584034195,525904.9375,20.162092208862305,0
348.8626089859099,525864.875,20.160137176513672,0
348.8830422316023,525882.6875,20.162670135498047,0
348.9034753774613,525883.9375,20.15853500366211,0
348.9239084235014,525848.1875,20.16090202331543,0
348.9443416697177,525850.9375,20.16029930114746,0
348.9647748160496,525875.6875,20.15754508972168,0
348.98520786260633,525864.0625,20.160594940185547,0
349.00564110934647,525885.8125,20.160490036010742,0
349.0260742562532,525890.625,20.161413192749023,128
349.04650730334106,525866.75,20.156524658203125,0
349.0669404505461,525810.3125,20.152761459350586,128
349.08737359798397,525834.875,20.159549713134766,0
349.107806745531,525906.0625,20.15888786315918,0
349.1282398933181,525888.625,20.161666870117188,0
349.14867304121435,525920.625,20.155839920043945,8320
349.1691061893507,525912.875,20.160581588745117,0
349.1895393376035,525913.0,20.164260864257812,8192
349.2099724860309,525917.0,20.159029006958008,128
349.23040563468385,525925.0625,20.157329559326172,0
349.2508387834605,525928.125,20.15842056274414,0
349.27127203240525,525908.4375,20.151592254638672,0
349.2917050815304,525859.8125,20.15944480895996,0
349.3121382308891,525815.375,20.15359878540039,128
349.3325712803635,525817.0625,20.154359817504883,0
349.35300453000673,525907.75,20.161163330078125,0
349.3734376798311,525946.375,20.155033111572266,0
349.39387082982284,525939.5625,20.157798767089844,0
349.4143039799965,525971.625,20.15570068359375,0
349.4551702808676,525986.25,20.158504486083984,0
349.47560343155783,526033.9375,20.154943466186523,8192
349.49603658242995,526031.9375,20.161251068115234,0
