pl_name,hostname,disc_year,discoverymethod,pl_orbper,pl_rade,pl_radeerr1,pl_radeerr2,st_teff,st_rad
Kepler-1808 b,Kepler-1808,2021,Transit,23.3404007,3.02511302,,,5530.0,0.892
Kepler-418 b,Kepler-418,2014,Transit,86.67856,13.45,1.79,-1.79,5820.0,1.09
Kepler-249 d,Kepler-249,2014,Transit,15.368459,1.57,0.14,-0.14,3568.0,0.482
Kepler-1408 b,Kepler-1408,2016,Transit,2.99793191,0.89,68.91,-0.15,6170.0,1.35
Kepler-500 b,Kepler-500,2016,Transit,8.508324398,2.58,0.25,-0.17,5813.0,1.03
CoRoT-17 b,CoRoT-17,2011,Transit,3.7681,11.43,0.78,-0.78,5740.0,1.59
Kepler-1685 b,Kepler-1685,2020,Transit,20.4905,2.57673985,,,5484.0,0.835451
Kepler-296 b,Kepler-296,2014,Transit,10.864384,1.61,0.29,-0.27,3740.0,0.48
TOI-1744.01,TOI-1744,2024,Transit,22.341702927,2.68,0.263,-0.172,6179.0,1.14
TOI-4377 b,TOI-4377,2023,Transit,4.378081,15.10970598,0.90792744,-0.90792744,4974.0,3.52
TOI-858 B b,TOI-858 B,2023,Transit,3.2797178,14.06727078,0.43715025,-0.43715025,5842.0,1.308
Kepler-1947 b,Kepler-1947,2021,Transit,6.963630199,1.0101666,,,6040.0,1.686
Kepler-81 d,Kepler-81,2014,Transit,20.837846,1.21,0.27,-0.27,4500.0,0.595
Kepler-900 b,Kepler-900,2016,Transit,6.9913086,2.08,0.12,-0.34,4836.0,0.73
TOI-1296 b,TOI-1296,2021,Transit,3.9443736,14.11645916,0.28454324,-0.26287755,5567.0,1.7031
Kepler-638 b,Kepler-638,2016,Transit,6.07972888,1.83,0.56,-0.31,5382.0,0.93
Kepler-375 b,Kepler-375,2014,Transit,12.125934,1.45,0.51,-0.51,5826.0,0.837
Kepler-1590 b,Kepler-1590,2016,Transit,7.61760804,1.14,0.34,-0.15,6053.0,1.16
Kepler-666 b,Kepler-666,2016,Transit,4.49876092,2.4,0.58,-0.28,5887.0,1.05
Kepler-586 b,Kepler-586,2016,Transit,2.104722184,2.79,0.36,-0.2,5575.0,0.92
Kepler-1827 b,Kepler-1827,2021,Transit,3.700619936,1.85644292,,,5423.0,1.404
Kepler-83 b,Kepler-83,2012,Transit,9.77,2.83,0.41,-0.41,4082.0,0.61
Kepler-578 b,Kepler-578,2016,Transit,1.616883696,2.0,0.18,-0.22,5334.0,0.83
TOI-3807 b,TOI-3807,2023,Transit,2.8989727,18.49481816,,,5772.0,1.468
K2-392 b,K2-392,2022,Transit,15.398723,1.85,0.161,-0.154,5726.0,1.058
Kepler-239 b,Kepler-239,2014,Transit,11.763051,2.33,0.15,-0.15,4914.0,0.763
Kepler-1812 b,Kepler-1812,2021,Transit,7.165219784,2.3249424,,,6174.0,1.103
HD 191939 c,HD 191939,2020,Transit,28.579743,3.195,0.075,-0.075,5348.0,0.94
Kepler-931 b,Kepler-931,2016,Transit,8.03755877,1.33,0.14,-0.09,5241.0,0.81
Kepler-501 c,Kepler-501,2021,Transit,3.622760057,1.68119739,,,5794.0,1.216
TIC 38825265 b,TIC 38825265,2026,Transit,3.31336980985,2.18869476,0.35685651,-0.24522877,4375.52,0.664503
Kepler-1664 b,Kepler-1664,2020,Transit,14.3868,3.03320653,,,5735.81,1.072
WASP-105 b,WASP-105,2017,Transit,7.87288,10.76064,0.33627,-0.33627,5070.0,0.9
Kepler-58 b,Kepler-58,2012,Transit,10.2184954,2.78,,,5843.0,1.03
TOI-1759 b,TOI-1759,2022,Transit,18.85019,3.14,0.1,-0.1,4065.0,0.597
KOI-142 b,KOI-142,2013,Transit,10.91647,3.438,0.075,-0.075,5466.0,0.897
HATS-62 b,HATS-62,2018,Transit,3.2768837,11.825495,0.280225,-0.280225,5416.0,0.933
Kepler-1350 c,Kepler-1350,2016,Transit,1.766789062,1.73,0.12,-0.18,3827.0,0.53
TOI-1410.01,TOI-1410,2024,Transit,1.21687,3.10083009,0.22026793,-0.1612362,4635.0,0.7558
TOI-5110 b,TOI-5110,2024,Transit,30.158577,11.98240037,0.60528496,-0.582867,6160.0,2.333
Kepler-341 c,Kepler-341,2014,Transit,8.01041,1.7,0.86,-0.86,6012.0,1.024
TOI-791 c,TOI-791,2026,Transit,232.0157,12.94637271,0.44835923,-0.44835923,6294.0,1.474
Kepler-590 b,Kepler-590,2016,Transit,5.85296257,4.02,1.09,-0.5,6000.0,1.15
Qatar-7 b,Qatar-7,2019,Transit,2.032046,19.0553,0.33627,-0.33627,6387.0,1.564
TOI-5624 e,TOI-5624,2026,Transit,21.489936,3.247,0.042,-0.043,5327.0,0.82
Kepler-764 b,Kepler-764,2016,Transit,7.33683936,1.64,0.2,-0.13,5557.0,0.89
TOI-7166 b,TOI-7166,2025,Transit,12.92063621,2.01,0.06,-0.05,3099.0,0.222
TOI-6695 b,TOI-6695,2025,Transit,80.389,9.52763359,0.22417961,-0.22417961,6400.0,1.517
Kepler-656 b,Kepler-656,2016,Transit,1.260259094,3.12,0.21,-0.34,5281.0,0.82
KIC 8540376 c,KOI-7892,2015,Transit,75.2,2.4,1.9,-1.4,6474.0,1.26
Kepler-751 b,Kepler-751,2016,Transit,17.44490636,2.46,0.23,-0.18,5387.0,0.84
HD 207496 b,HD 207496,2023,Transit,6.441008,2.25,0.12,-0.1,4819.0,0.769
Kepler-276 d,Kepler-276,2013,Transit,48.648,2.8,1.23,-0.27,5693.0,1.03
WASP-37 b,WASP-37,2010,Transit,3.577469,13.002,0.785,-0.673,5800.0,1.003
Kepler-122 f,Kepler-122,2014,Transit Timing Variations,56.268,1.75,0.6,-0.16,5917.0,0.949
Kepler-397 c,Kepler-397,2014,Transit,135.498527,6.18,0.56,-0.56,5307.0,0.767
Kepler-1503 b,Kepler-1503,2016,Transit,96.16987,2.27,0.19,-0.23,5069.0,0.74
TOI-1776 b,TOI-1776,2024,Transit,2.799868,1.21612741,0.0898466,-0.07715788,5785.0,0.9356
Kepler-1781 b,Kepler-1781,2021,Transit,4.88752985,2.38091029,,,5568.0,0.957
HAT-P-40 b,HAT-P-40,2012,Transit,4.45724,17.03768,1.90553,-1.90553,6080.0,1.94
K2-19 d,K2-19,2016,Transit,2.50827,1.044,0.064,-0.064,5350.0,0.824
Kepler-1309 b,Kepler-1309,2016,Transit,28.8432647,2.37,0.2,-0.2,5235.0,0.8
ZTF J1230-2655 b,ZTF J1230-2655,2025,Transit,0.23597766,13.78704626,0.00560449,-0.00560449,10000.0,0.0123
TOI-2525 b,TOI-2525,2023,Transit,23.2856,8.67575106,0.11208981,-0.11208981,5096.0,0.785
Kepler-57 c,Kepler-57,2012,Transit,11.6,2.196,0.067,-0.065,5187.9,0.826
Kepler-1300 b,Kepler-1300,2016,Transit,22.2419092,1.37,0.3,-0.31,6130.0,1.79
K2-104 b,K2-104,2016,Transit,1.9741954,1.79,0.1,-0.06,3712.0,0.48
KOI-134 b,KOI-134,2025,Transit,67.1277,12.03844527,0.19055267,-0.19055267,6160.0,1.667
TOI-1768.01,TOI-1768,2024,Transit,7.337703649,3.453,0.423,-0.287,5994.0,1.1
Kepler-770 b,Kepler-770,2016,Transit,18.92540274,2.3,0.32,-0.17,5598.0,0.92
Kepler-1600 c,Kepler-1600,2021,Transit,7.298049927,1.94206512,,,5119.0,0.834
TOI-1782.01,TOI-1782,2024,Transit,4.987641028,2.368,0.307,-0.244,4336.0,0.669
Kepler-855 b,Kepler-855,2016,Transit,7.886631104,8.35,1.7,-0.81,5835.0,1.03
Kepler-24 e,Kepler-24,2014,Transit,18.998355,2.78,0.64,-0.64,5897.0,1.289
Kepler-1435 b,Kepler-1435,2016,Transit,4.45343281,0.86,0.12,-0.09,6356.0,1.32
Kepler-1771 b,Kepler-1771,2021,Transit,88.64399719,4.05537256,,,5661.0,0.934
Kepler-338 b,Kepler-338,2014,Transit,13.726976,2.44,0.13,-0.13,5923.0,1.735
K2-39 b,K2-39,2016,Transit,4.60543,6.27704,1.68135,-1.68135,4881.0,2.97
Kepler-1872 b,Kepler-1872,2021,Transit,3.825910091,2.38421141,,,5223.0,0.885
K2-130 b,K2-130,2017,Transit,2.49412,1.25,0.2,-0.14,4356.47,0.744261
Kepler-106 e,Kepler-106,2014,Transit,43.8445,2.56,0.33,-0.33,5858.0,1.04
Kepler-430 c,Kepler-430,2015,Transit,110.979,1.75,,,5884.0,1.485
Kepler-869 b,Kepler-869,2016,Transit,40.4287755,3.61,0.83,-0.62,5664.0,0.95
HATS-72 b,HATS-72,2020,Transit,7.3279474,8.0973816,0.0358688,-0.0358688,4656.1,0.7214
WASP-46 b,WASP-46,2011,Transit,1.43036763,13.159366,0.414733,-0.414733,5600.0,0.858
Kepler-932 b,Kepler-932,2016,Transit,1.921437396,1.37,0.13,-0.1,5331.0,0.84
Kepler-1206 b,Kepler-1206,2016,Transit,1.216997663,1.64,0.09,-0.08,4877.0,0.75
Kepler-520 b,Kepler-520,2016,Transit,19.67416124,1.66,0.28,-0.1,6112.0,1.09
Kepler-27 c,Kepler-27,2011,Transit,31.3309,4.9,,,5400.0,0.59
Kepler-1250 b,Kepler-1250,2016,Transit,2.607543834,1.92,0.45,-0.17,5717.0,0.98
TOI-2141 b,TOI-2141,2023,Transit,18.261608,3.147,0.043,-0.042,5635.0,0.95
Kepler-1851 b,Kepler-1851,2021,Transit,12.02289963,3.90012032,,,5982.0,0.879
K2-308 b,K2-308,2019,Transit,3.38628,9.916,0.985,-0.985,6100.0,1.24
Kepler-350 b,Kepler-350,2014,Transit,11.189562,1.85,0.38,-0.38,6186.0,1.534
K2-414 c,K2-414,2022,Transit,6.669,1.9287,0.063,-0.0728,4343.0,0.732
K2-148 b,K2-148,2018,Transit,4.38395,1.33,0.19,-0.18,4079.0,0.632
Kepler-633 b,Kepler-633,2016,Transit,8.50340718,1.63,0.31,-0.21,5899.0,1.15
Kepler-61 b,Kepler-61,2013,Transit,59.87756,2.15,0.13,-0.13,4017.0,0.62
TOI-4562 b,TOI-4562,2023,Transit,225.1064,12.53,0.15,-0.15,6096.0,1.152
Kepler-1154 c,Kepler-1154,2016,Transit,8.45808312,2.36,0.95,-0.49,6327.0,1.43
Kepler-241 c,Kepler-241,2014,Transit,36.065978,2.57,1.11,-1.11,4699.0,0.668
Kepler-863 b,Kepler-863,2016,Transit,15.59461874,2.9,0.68,-0.32,5678.0,0.95
CoRoT-35 b,CoRoT-35,2022,Transit,3.22748,18.83108758,1.23298788,-1.23298788,6390.0,1.65
Kepler-1127 b,Kepler-1127,2016,Transit,5.12330347,1.96,0.31,-0.42,5664.0,0.95
Kepler-51 d,Kepler-51,2014,Transit,130.194,9.7,0.5,-0.5,6018.0,0.94
Kepler-1234 b,Kepler-1234,2016,Transit,11.94014029,2.81,0.16,-0.81,4967.0,0.76
HAT-P-27 b,HAT-P-27,2011,Transit,3.039577,11.43,0.78,-0.67,5316.0,0.864673
Kepler-1934 b,Kepler-1934,2021,Transit,1.419759989,0.91307734,,,5925.0,1.035
GJ 3090 b,GJ 3090,2022,Transit,2.85310198,2.18,0.06,-0.06,3707.0,0.516
Kepler-1344 b,Kepler-1344,2016,Transit,4.7683049,1.84,0.5,-0.2,5981.0,1.13
Kepler-1124 b,Kepler-1124,2016,Transit,2.852348975,1.28,0.12,-0.07,3658.0,0.34
Kepler-117 c,Kepler-117,2014,Transit,50.790391,12.341,0.392,-0.392,6150.0,1.606
K2-97 b,K2-97,2016,Transit,8.407115,13.45077684,1.23298788,-1.23298788,4673.0,4.14
Kepler-1581 b,Kepler-1581,2016,Transit,6.28385491,0.8,0.14,-0.09,6022.0,1.23
TOI-206 b,TOI-206,2022,Transit,0.7363104,1.3,0.05,-0.05,3383.0,0.35
EPIC 212587672 b,EPIC 212587672,2019,Transit,15.28078,1.26,0.11,-0.09,6004.0,0.98
Kepler-1403 b,Kepler-1403,2016,Transit,5.19492202,2.14,0.54,-0.26,6060.0,1.15
TOI-707 b,TOI-707,2026,Transit,52.79918,2.416,0.098,-0.098,5424.0,0.978
Kepler-546 b,Kepler-546,2016,Transit,4.147020258,7.0,1.93,-0.77,5967.0,1.15
Kepler-299 d,Kepler-299,2014,Transit,15.054786,1.86,0.38,-0.38,5617.0,1.032
GJ 3929 b,GJ 3929,2022,Transit,2.616235,1.09,0.04,-0.04,3384.0,0.32
TOI-283 b,TOI-283,2025,Transit,17.61745,2.34,0.09,-0.09,5213.0,0.85
TOI-205 b,TOI-205,2026,Transit,4.25300773815,2.50121142,0.23968778,-0.21681012,6302.74,1.45382
Kepler-236 b,Kepler-236,2014,Transit,8.295611,1.57,0.12,-0.12,3750.0,0.51
Kepler-310 b,Kepler-310,2014,Transit,13.930698,1.19,0.56,-0.56,5797.0,0.876
Kepler-1886 b,Kepler-1886,2021,Transit,24.2758007,2.58158428,,,5745.0,0.837
HD 3167 c,HD 3167,2016,Transit,29.846511,2.983,0.083,-0.068,5338.0,0.871
HAT-P-49 b,HAT-P-49,2014,Transit,2.69155,17.82231,2.01762,-2.01762,6820.0,2.06
TOI-6019 b,TOI-6019,2026,Transit,14.547952,12.3,0.3,-0.3,5561.0,2.02
Kepler-522 b,Kepler-522,2016,Transit,38.58422849,6.91,1.5,-1.21,6392.0,1.98
Kepler-1467 b,Kepler-1467,2016,Transit,47.0569043,3.3,0.31,-0.25,5332.0,0.82
Kepler-758 c,Kepler-758,2016,Transit,4.75793986,1.69,0.37,-0.29,6228.0,1.42
Kepler-19 b,Kepler-19,2011,Transit,9.28699,2.209,0.048,-0.048,5541.0,0.859
Kepler-1102 b,Kepler-1102,2016,Transit,51.3285623,2.66,0.53,-0.23,5724.0,0.94
HD 110067 c,HD 110067,2023,Transit,13.673694,2.388,0.036,-0.036,5266.0,0.788
Kepler-617 b,Kepler-617,2016,Transit,1.682696148,1.32,0.07,-0.07,3712.0,0.48
Kepler-371 c,Kepler-371,2014,Transit,67.968015,1.78,0.45,-0.45,5666.0,0.992
Kepler-265 e,Kepler-265,2014,Transit,67.831024,2.59,0.55,-0.55,5835.0,1.103
Kepler-1610 c,Kepler-1610,2023,Transit,44.9851885,2.09,0.35,-0.21,5295.0,0.8
Qatar-2 b,Qatar-2,2011,Transit,1.33711647,14.056,0.146,-0.146,4645.0,0.776
K2-338 b,K2-338,2021,Transit,3.850614,1.03,0.11,-0.05,4558.0,0.63
TOI-286 b,TOI-286,2024,Transit,4.5117244,1.42,0.1,-0.1,5152.0,0.78
Kepler-750 c,Kepler-750,2016,Transit,4.08899022,1.62,0.65,-0.22,6160.0,1.23
Kepler-282 b,Kepler-282,2014,Transit,9.220524,1.01,0.25,-0.25,5602.0,0.904
Kepler-278 c,Kepler-278,2014,Transit,51.111,3.268,0.067,-0.067,4965.0,2.861
Kepler-1248 b,Kepler-1248,2016,Transit,7.46725407,1.18,0.2,-0.11,6149.0,1.21
K2-275 b,K2-275,2018,Transit,3.2809626,2.34,0.25,-0.27,4841.0,0.69
Kepler-267 c,Kepler-267,2014,Transit,6.87745,2.13,0.11,-0.11,4258.0,0.555
K2-86 b,K2-86,2016,Transit,8.77683,1.96,0.27,-0.27,5482.0,0.76
Kepler-377 c,Kepler-377,2014,Transit,27.014976,2.06,0.39,-0.39,5949.0,1.224
K2-195 c,K2-195,2018,Transit,28.482786,2.57581891,0.27157754,-0.14909276,5712.0,0.906367
HD 15906 b,HD 15906,2023,Transit,10.924709,2.24,0.08,-0.08,4757.0,0.762
K2-201 c,K2-201,2018,Transit,22.779878,3.28568401,0.39804812,-0.18385433,5507.0,0.878161
TOI-1279 b,TOI-1279,2024,Transit,9.61419,2.66146528,0.13795921,-0.10646515,5457.0,0.8426
K2-326 b,K2-326,2020,Transit,1.256,2.28,0.18,-0.18,3924.0,0.688
Kepler-606 b,Kepler-606,2016,Transit,24.31575992,3.31,1.27,-0.51,6161.0,1.22
Kepler-1575 b,Kepler-1575,2016,Transit,2.55314213,1.31,0.2,-0.13,5667.0,0.92
Kepler-729 b,Kepler-729,2016,Transit,3.166353714,3.58,0.42,-0.25,5633.0,0.91
Kepler-1995 b,Kepler-1995,2023,Transit,73.7578875,4.28,2.21,-0.66,5029.0,0.93
Kepler-1434 b,Kepler-1434,2016,Transit,8.05333618,1.11,0.21,-0.2,6291.0,2.04
Kepler-82 c,Kepler-82,2012,Transit,51.54,5.34,0.32,-0.13,5401.0,0.898
Kepler-1538 b,Kepler-1538,2016,Transit,175.138819,2.82,0.7,-0.31,5837.0,1.03
K2-187 b,K2-187,2018,Transit,0.77401,1.2,0.2,-0.2,5438.0,0.83
Kepler-464 b,Kepler-464,2016,Transit,7.256965224,3.3,0.16,-0.13,5933.0,1.59
Kepler-1782 b,Kepler-1782,2021,Transit,5.756229877,2.22927435,,,4931.0,0.734
Kepler-1580 b,Kepler-1580,2016,Transit,56.6449279,2.11,0.3,-0.31,6228.0,2.15
Kepler-198 d,Kepler-198,2016,Transit,1.31184443,1.53,0.09,-0.07,5636.0,0.93
Kepler-1737 b,Kepler-1737,2021,Transit,64.61750031,5.395,,,5043.0,0.881
TOI-1807 b,TOI-1807,2021,Transit,0.54937097,1.49681583,0.08089145,-0.06779467,4914.0,0.746
Kepler-134 c,Kepler-134,2014,Transit,10.105785,1.26,0.25,-0.25,5983.0,1.176
TOI-1860 b,TOI-1860,2022,Transit,1.0662107,1.31,0.04,-0.04,5752.0,0.94
Kepler-132 c,Kepler-132,2014,Transit,6.414914,1.28,0.25,-0.25,6003.0,1.178
Kepler-26 b,Kepler-26,2011,Transit,12.28,2.78,0.11,-0.11,3914.0,0.512
Kepler-1589 b,Kepler-1589,2016,Transit,0.991665274,1.09,0.44,-0.17,6166.0,1.25
K2-343 c,K2-343,2021,Transit,7.676972,2.02,0.1,-0.07,3804.0,0.46
TOI-5592 b,TOI-5592,2025,Transit,2.6085846,17.14974047,3.58687382,-1.79343691,6237.0,1.393
Kepler-188 c,Kepler-188,2014,Transit,5.996553,3.19,1.45,-1.45,6021.0,1.141
KOI-1831 d,Kepler-324,2018,Transit,34.169,1.13,0.05,-0.05,5233.0,0.835
Kepler-279 c,Kepler-279,2013,Transit,35.736,4.3,1.72,-0.41,6689.45,1.07
TOI-1444 b,TOI-1444,2021,Transit,0.4702743,1.41792246,0.0467336,-0.04107268,5460.0,0.9105
Kepler-329 c,Kepler-329,2014,Transit,18.684737,1.93,0.29,-0.29,4257.0,0.523
Kepler-487 d,Kepler-487,2021,Transit,2.418390036,2.77513568,,,5422.0,0.887
Kepler-797 b,Kepler-797,2016,Transit,27.07237711,2.17,0.43,-0.22,5680.0,0.95
K2-401 b,K2-401,2022,Transit,6.293099,2.262,0.209,-0.192,4213.0,0.675
Kepler-199 c,Kepler-199,2014,Transit,67.093408,3.25,0.58,-0.58,5644.0,0.967
HATS-8 b,HATS-8,2015,Transit,3.583893,9.785457,1.378707,-0.840675,5679.0,1.086
KOI-1783.01,KOI-1783,2020,Transit,134.4628,8.86,0.25,-0.24,5922.0,1.143
KELT-16 b,KELT-16,2017,Transit,0.9689951,15.860735,0.941556,-0.751003,6236.0,1.36
Kepler-1681 b,Kepler-1681,2020,Transit,69.8956,2.55321772,,,5756.4,0.759
Kepler-780 b,Kepler-780,2016,Transit,0.677375164,0.89,0.09,-0.06,5769.0,1.02
Kepler-1572 b,Kepler-1572,2016,Transit,5.49548621,0.94,0.19,-0.08,5618.0,0.95
Kepler-1389 b,Kepler-1389,2016,Transit,99.2530951,1.77,0.05,-0.14,5078.0,0.74
Kepler-251 d,Kepler-251,2014,Transit,30.133001,2.77,0.49,-0.49,5526.0,0.89
Kepler-127 d,Kepler-127,2014,Transit,48.630408,2.64,0.14,-0.14,6106.0,1.359
CoRoT-12 b,CoRoT-12,2010,Transit,2.828042,16.14,1.46,-1.46,5675.0,1.116
SWEEPS-4 b,SWEEPS-4,2006,Transit,4.2,9.079,1.121,-1.121,,1.18
Kepler-1256 b,Kepler-1256,2016,Transit,12.4127754,1.49,0.44,-0.22,6129.0,1.36
GJ 143 b,GJ 143,2019,Transit,35.61253,2.61,0.17,-0.16,4640.0,0.695
K2-10 b,K2-10,2015,Transit,19.30553,3.773,0.088,-0.048,5533.0,0.956
Kepler-182 b,Kepler-182,2014,Transit,9.825792,2.58,1.18,-1.18,6250.0,1.146
TOI-1659.01,TOI-1659,2024,Transit,5.877556328,2.255,0.254,-0.157,5977.0,1.006
TOI-237 c,TOI-237,2026,Transit,1.74486147,1.206,0.035,-0.035,3226.0,0.2056
Kepler-564 b,Kepler-564,2016,Transit,3.750832285,4.63,0.66,-0.36,5626.0,0.92
Kepler-878 b,Kepler-878,2016,Transit,25.9422033,1.93,0.12,-0.1,5044.0,0.77
Kepler-228 b,Kepler-228,2014,Transit,2.566546,1.53,0.71,-0.71,6043.0,1.014
CoRoT-7 b,CoRoT-7,2009,Transit,0.85359163,1.68135,0.11209,-0.11209,5275.0,0.83
TOI-2969 b,TOI-2969,2025,Transit,1.8237146,12.32987877,0.89671846,-0.89671846,4738.0,0.7
Kepler-610 c,Kepler-610,2016,Transit,151.86392,3.3,0.84,-0.37,5943.0,1.13
Kepler-1473 b,Kepler-1473,2016,Transit,14.4273551,1.19,0.09,-0.08,6046.0,1.09
Kepler-447 b,Kepler-447,2015,Transit,7.79430132,18.49,6.61,-6.28,5493.0,1.05
Kepler-290 d,Kepler-290,2023,Transit,0.764017553,0.86,0.12,-0.07,5142.0,0.755
Kepler-384 c,Kepler-384,2014,Transit,45.348269,1.13,0.33,-0.33,5577.0,0.882
Kepler-468 b,Kepler-468,2016,Transit,38.478757067,13.34,0.32,-0.29,5498.0,0.87
Kepler-191 b,Kepler-191,2014,Transit,9.939632,1.34,0.66,-0.66,5282.0,0.789
Kepler-917 b,Kepler-917,2016,Transit,2.970414375,1.91,0.24,-0.17,5418.0,0.76
TOI-1224 c,TOI-1224,2024,Transit,17.945466,2.884,0.098,-0.098,3326.0,0.404
TOI-1422 b,TOI-1422,2022,Transit,12.99894,3.83,0.11,-0.11,5840.0,1.019
Kepler-980 b,Kepler-980,2016,Transit,11.55102504,2.67,0.23,-0.45,5935.0,1.06
HATS-59 b,HATS-59,2018,Transit,5.416081,12.621334,0.863093,-0.863093,5670.0,1.036
Kepler-580 b,Kepler-580,2016,Transit,8.222419656,2.57,0.29,-0.13,4298.0,0.64
HD 152843 c,HD 152843,2021,Transit,19.502104,5.94,0.18,-0.16,6310.0,1.43
TOI-4342 b,TOI-4342,2023,Transit,5.5382592,2.329,0.086,-0.085,3866.0,0.598
Kepler-193 c,Kepler-193,2014,Transit,50.697494,2.75,1.24,-1.24,6335.0,1.147
K2-269 b,K2-269,2018,Transit,4.144965,1.57,0.12,-0.12,6209.0,1.45
KOI-12 b,KOI-12,2015,Transit,17.855182,13.78707,0.67254,-0.56045,6635.0,1.4
Kepler-1773 b,Kepler-1773,2021,Transit,40.80970001,3.50469499,,,6183.0,1.3
NGTS-16 b,NGTS-16,2021,Transit,4.84532,14.57167491,1.45716749,-1.34507768,5550.0,1.213
Kepler-637 b,Kepler-637,2016,Transit,23.20584623,4.75,0.51,-0.56,6096.0,2.56
K2-30 b,K2-30,2016,Transit,4.098503,11.646151,0.56045,-0.571659,5425.0,0.844
Kepler-1675 b,Kepler-1675,2020,Transit,63.0382,3.12483349,,,5853.19,1.12865
Kepler-1788 b,Kepler-1788,2021,Transit,2.800120115,2.37850461,,,4786.0,0.704
Kepler-497 b,Kepler-497,2016,Transit,3.573203671,6.04,1.58,-0.66,5834.0,1.11
Kepler-179 c,Kepler-179,2014,Transit,6.40013,2.0,0.81,-0.81,5302.0,0.759
Kepler-668 b,Kepler-668,2016,Transit,8.35390639,2.7,0.23,-0.18,5352.0,0.82
Kepler-205 b,Kepler-205,2014,Transit,2.75564,1.51,0.14,-0.14,4321.0,0.546
Kepler-1156 b,Kepler-1156,2016,Transit,11.89520511,1.32,0.14,-0.09,5778.0,1.0
HR 858 c,HR 858,2019,Transit,5.973865,1.979,0.054,-0.051,6354.0,1.258
Kepler-989 b,Kepler-989,2016,Transit,7.964315352,2.21,0.14,-0.13,5074.0,0.78
K2-351 b,K2-351,2021,Transit,7.806164,2.54,0.25,-0.19,5769.0,1.05
HD 22946 d,HD 22946,2023,Transit,47.42489,2.607,0.06,-0.06,6169.0,1.117
Kepler-1446 b,Kepler-1446,2016,Transit,0.689967832,0.82,0.04,-0.02,4865.0,0.75
Kepler-1697 b,Kepler-1697,2020,Transit,33.4969,1.25954761,,,4681.53,0.772344
Kepler-674 b,Kepler-674,2016,Transit,2.243381847,1.69,0.1,-0.07,4192.0,0.57
Kepler-1269 b,Kepler-1269,2016,Transit,37.3331536,1.63,0.46,-0.18,5998.0,1.15
Kepler-1576 b,Kepler-1576,2016,Transit,6.98471973,1.04,0.29,-0.13,5876.0,1.06
Kepler-1796 b,Kepler-1796,2021,Transit,29.4557991,2.75047868,,,6036.0,0.949
Kepler-972 b,Kepler-972,2016,Transit,7.03932553,4.65,1.52,-1.1,6146.0,1.22
Kepler-1508 b,Kepler-1508,2016,Transit,20.7056504,1.33,0.53,-0.26,6158.0,1.22
Kepler-293 c,Kepler-293,2014,Transit,54.155743,3.83,1.63,-1.63,5804.0,0.957
Kepler-873 b,Kepler-873,2016,Transit,20.5533844,3.75,1.64,-0.55,6163.0,1.27
TOI-125 d,TOI-125,2020,Transit,19.98,2.93,0.17,-0.17,5320.0,0.848
Kepler-669 b,Kepler-669,2016,Transit,4.125546869,4.83,1.28,-0.55,6038.0,1.2
Kepler-783 b,Kepler-783,2016,Transit,4.29264638,0.78,0.04,-0.08,5521.0,0.89
Kepler-142 d,Kepler-142,2014,Transit,41.809118,2.16,0.47,-0.47,5790.0,1.269
Kepler-1297 b,Kepler-1297,2016,Transit,1.68189002,0.97,0.16,-0.09,5818.0,0.99
HATS-6 b,HATS-6,2015,Transit,3.3252725,11.186582,0.212971,-0.212971,3724.0,0.57
Kepler-319 d,Kepler-319,2014,Transit,31.781925,2.29,0.35,-0.35,5526.0,0.903
Kepler-1427 b,Kepler-1427,2016,Transit,0.968972376,1.1,0.24,-0.12,5793.0,1.01
Kepler-1959 b,Kepler-1959,2021,Transit,6.38669014,1.14315727,,,5071.0,0.811
Kepler-1264 b,Kepler-1264,2016,Transit,0.968526023,1.18,0.22,-0.12,5791.0,0.98
Kepler-553 b,Kepler-553,2016,Transit,4.030467,4.74139884,0.17934369,-0.12329879,5191.0,0.902
K2-44 b,K2-44,2016,Transit,5.657,2.433,0.089,-0.072,5912.0,1.58
Kepler-1955 b,Kepler-1955,2021,Transit,14.26519966,1.16654878,,,5825.0,1.291
Kepler-537 b,Kepler-537,2016,Transit,3.247555219,1.41,0.06,-0.04,5763.0,0.99
Kepler-1968 b,Kepler-1968,2021,Transit,7.281099796,1.50004034,,,5008.0,0.788
Kepler-322 c,Kepler-322,2014,Transit,4.337234,1.67,0.18,-0.18,5388.0,0.89
OGLE-TR-132 b,OGLE-TR-132,2004,Transit,1.689868,13.45,1.68,-1.23,6210.0,1.32
Kepler-1684 b,Kepler-1684,2020,Transit,47.7055,2.87084792,,,4706.54,0.666755
HATS-66 b,HATS-66,2018,Transit,3.1414391,15.815899,0.941556,-0.941556,6626.0,1.841
Kepler-171 b,Kepler-171,2014,Transit,4.166972,2.34,1.05,-1.05,5642.0,0.839
Kepler-1021 b,Kepler-1021,2016,Transit,13.47469571,2.33,0.25,-0.18,5431.0,0.86
Kepler-1399 b,Kepler-1399,2016,Transit,1.638653058,1.25,0.22,-0.11,5735.0,0.96
TOI-7041 b,TOI-7041,2025,Transit,9.691,11.43316031,0.33626942,-0.33626942,4700.0,4.1
K2-319 b,K2-319,2020,Transit,26.68,2.79,0.11,-0.1,5440.0,0.898
Kepler-414 c,Kepler-414,2014,Transit Timing Variations,7.171,3.01,0.54,-0.25,5536.0,0.946
Kepler-1952 b,Kepler-1952,2021,Transit,27.21080017,1.23923346,,,5973.0,1.305
Kepler-1633 b,Kepler-1633,2016,Transit,186.404271,1.58,0.65,-0.25,6256.0,1.32
Kepler-242 c,Kepler-242,2014,Transit,14.496481,2.0,1.23,-1.23,5020.0,0.85
Qatar-5 b,Qatar-5,2017,Transit,2.8792319,12.408363,0.717376,-0.717376,5747.0,1.076
K2-348 c,K2-348,2021,Transit,12.550171,2.67,0.23,-0.11,5077.0,0.85
K2-132 b,K2-132,2017,Transit,9.1751,14.5717,0.78463,-0.78463,4840.0,3.85
Kepler-399 c,Kepler-399,2014,Transit,26.67569,1.43,0.77,-0.77,5502.0,0.68
WASP-76 b,WASP-76,2016,Transit,1.80988198,20.78145022,0.86309151,-0.85188253,6329.0,1.756
KELT-15 b,KELT-15,2016,Transit,3.32944,19.50366,2.2418,-2.2418,6003.0,1.78
Kepler-1130 b,Kepler-1130,2016,Transit,5.45298175,0.8,0.16,-0.03,5403.0,0.81
K2-290 c,K2-290,2019,Transit,48.36685,11.276254,0.56045,-0.56045,6302.0,1.511
TOI-7008 b,TOI-7008,2026,Transit,0.84069041367,4.94735276,0.36048908,-0.34445624,5116.06,0.95255
Kepler-1367 b,Kepler-1367,2016,Transit,1.574090272,0.92,0.07,-0.08,4106.0,0.6
Kepler-1716 b,Kepler-1716,2021,Transit,35.58100128,2.4247685,,,4894.0,0.684
TOI-1716.01,TOI-1716,2024,Transit,8.082376554,3.143,0.409,-0.298,5879.0,1.24
Kepler-1038 c,Kepler-1038,2021,Transit,7.127659798,1.4162338,,,5159.0,0.821
TOI-5159 b,TOI-5159,2026,Transit,5.83639428843,1.54732112,0.14990024,-0.13545721,5156.16,0.854084
K2-202 b,K2-202,2018,Transit,3.405164,2.30165603,0.18443149,-0.12920215,5491.0,0.910685
HATS-41 b,HATS-41,2018,Transit,4.193649,14.90797,3.25061,-2.2418,6424.0,1.71
Kepler-682 b,Kepler-682,2016,Transit,12.611906672,7.37,0.77,-0.5,5559.0,0.89
HATS-77 b,HATS-77,2021,Transit,3.0876262,13.05846252,0.23538859,-0.23538859,4071.0,0.6428
WASP-142 b,WASP-142,2016,Transit,2.052868,17.14977,0.89672,-0.89672,6010.0,1.64
Kepler-597 b,Kepler-597,2016,Transit,13.02365861,2.37,0.33,-0.13,5683.0,0.95
WASP-53 b,WASP-53,2017,Transit,3.3098443,12.038466,0.414733,-0.414733,4953.0,0.798
Kepler-1857 b,Kepler-1857,2021,Transit,8.94340992,1.96065412,,,6074.0,1.005
Kepler-342 c,Kepler-342,2014,Transit,26.234138,1.96,0.35,-0.35,6175.0,1.472
Kepler-1251 b,Kepler-1251,2016,Transit,45.0904643,1.84,0.26,-0.14,5545.0,0.89
KOI-94 b,KOI-94,2013,Transit,3.743208,1.71,0.16,-0.16,6182.0,1.52
Kepler-242 b,Kepler-242,2014,Transit,8.20395,2.61,1.6,-1.6,5020.0,0.85
TOI-220 b,TOI-220,2021,Transit,10.695264,3.03,0.15,-0.15,5298.0,0.858
Kepler-374 d,Kepler-374,2014,Transit,5.028219,1.31,0.7,-0.7,5977.0,0.911
Kepler-1870 b,Kepler-1870,2021,Transit,3.606940031,2.10143764,,,5508.0,0.84
Kepler-258 b,Kepler-258,2014,Transit,13.19722,4.06,2.71,-2.71,4942.0,0.915
WASP-8 b,WASP-8,2010,Transit,8.15872,12.66617,0.56045,-0.56045,5600.0,1.03
Kepler-1339 b,Kepler-1339,2016,Transit,1.341555127,0.71,0.06,-0.04,5586.0,0.93
K2-128 b,K2-128,2017,Transit,5.675819,1.42,0.16,-0.13,4469.51,0.777569
TOI-139 b,TOI-139,2023,Transit,11.07085,2.4566,0.2122,-0.1245,4570.0,0.7007
Kepler-244 b,Kepler-244,2014,Transit,4.311792,2.76,1.16,-1.16,5554.0,0.803
TOI-4087 b,TOI-4087,2023,Transit,3.1774835,13.04725353,0.28022452,-0.26901554,6060.0,1.112
HAT-P-66 b,HAT-P-66,2016,Transit,2.972086,17.82231,1.79344,-1.1209,6002.0,1.881
TOI-4898 b,TOI-4898,2026,Transit,2.76520470167,3.7197954,0.31107066,-0.28689141,4201.57,0.639344
HD 101581 c,HIP 56998,2025,Transit,6.20401,0.99,0.07,-0.07,4675.0,0.63
HD 20329 b,HD 20329,2022,Transit,0.926118,1.72,0.07,-0.07,5596.0,1.13
Kepler-1292 b,Kepler-1292,2016,Transit,3.27646405,1.82,0.29,-0.14,5556.0,0.93
Kepler-1906 b,Kepler-1906,2021,Transit,7.362689972,2.77615754,,,5868.0,0.894
HAT-P-29 b,HAT-P-29,2011,Transit,5.72319,13.11453,1.45717,-1.45717,6087.0,1.3
Kepler-434 b,Kepler-434,2015,Transit,12.8747099,12.67,2.91,-2.02,5977.0,1.38
Kepler-1471 b,Kepler-1471,2016,Transit,3.63899398,1.41,0.2,-0.14,5660.0,0.93
HAT-P-46 b,HAT-P-46,2014,Transit,4.463129,14.392,3.038,-1.491,6120.0,1.396
TOI-1244 b,TOI-1244,2024,Transit,6.400316483,2.467,0.24,-0.211,4599.0,0.721
Kepler-1442 b,Kepler-1442,2016,Transit,81.4162941,3.93,0.41,-0.29,6394.0,1.44
Kepler-292 d,Kepler-292,2014,Transit,7.055679,2.23,0.21,-0.21,5299.0,0.826
V1298 Tau e,V1298 Tau,2019,Transit,48.677714,10.17,0.75,-0.75,4970.0,1.32
Kepler-692 b,Kepler-692,2016,Transit,21.81293494,3.11,0.37,-0.23,5440.0,0.86
EPIC 206042996 b,EPIC 206042996,2019,Transit,5.2986,1.7,0.2,-0.2,4114.0,0.5
Kepler-1193 b,Kepler-1193,2016,Transit,2.832652134,1.32,0.21,-0.17,5908.0,1.21
Kepler-838 b,Kepler-838,2016,Transit,15.74957994,2.73,0.51,-0.25,5770.0,0.96
Kepler-1058 b,Kepler-1058,2016,Transit,110.96546,2.72,0.11,-0.32,4644.0,0.69
TOI-4214 b,TOI-4214,2025,Transit,3.4913885,10.68215861,0.35868738,-0.33626942,6370.0,1.434
Kepler-391 b,Kepler-391,2014,Transit,7.4175,2.5,0.29,-0.29,5038.0,2.879
Kepler-698 b,Kepler-698,2016,Transit,16.32976218,3.68,0.45,-0.45,5612.0,0.91
TOI-3877 b,TOI-3877,2025,Transit,4.123596,11.67975789,0.49319515,-0.48198617,5731.0,1.445
Kepler-409 b,Kepler-409,2014,Transit,68.9583216,1.199,0.043,-0.043,5421.0,0.897
Kepler-273 b,Kepler-273,2014,Transit,2.936532,1.5,0.86,-0.86,5626.0,0.815
HIP 41378 b,HIP 41378,2016,Transit,15.57209,2.64,0.022,-0.024,6290.0,1.3
Kepler-636 b,Kepler-636,2016,Transit,16.080661147,4.45,0.14,-0.13,5203.0,0.8
Kepler-1914 b,Kepler-1914,2021,Transit,30.82789993,2.9429803,,,5982.0,0.96
pi Men c,HD 39091,2018,Transit,6.2678399,2.0189,0.0465,-0.0448,5998.0,1.17
Kepler-150 c,Kepler-150,2014,Transit,7.381998,3.69,0.59,-0.59,5560.0,0.939
HATS-43 b,HATS-43,2018,Transit,4.3888497,13.22662,0.56045,-0.56045,5099.0,0.812
TOI-1437 b,TOI-1437,2024,Transit,18.840942,2.24,0.23,-0.22,6008.0,1.17
Kepler-685 b,Kepler-685,2016,Transit,1.6255222,10.58,3.06,-1.19,5963.0,1.16
K2-89 b,K2-89,2016,Transit,1.096026,0.615,0.08,-0.08,3691.0,0.318
WASP-49 b,WASP-49,2012,Transit,2.78174,12.44199,1.23299,-1.23299,5600.0,0.97
Kepler-1699 b,Kepler-1699,2020,Transit,3.49082,1.56671124,,,5575.53,0.725
HAT-P-13 b,HAT-P-13,2009,Transit,2.91625,14.258,0.729,-0.729,5653.0,1.756
Kepler-1152 b,Kepler-1152,2016,Transit,1.646801908,0.87,0.05,-0.06,3964.0,0.53
Kepler-1391 b,Kepler-1391,2016,Transit,54.4092333,1.68,0.26,-0.18,5840.0,1.1
TOI-2406 b,TOI-2406,2021,Transit,3.0766891,2.86,0.063,-0.069,3100.0,0.204
Kepler-25 c,Kepler-25,2011,Transit,12.7207,5.217,0.07,-0.065,6354.0,1.316
Kepler-1813 b,Kepler-1813,2021,Transit,2.818160057,1.413,,,5167.0,0.787
Kepler-156 b,Kepler-156,2014,Transit,4.973456,2.3,0.17,-0.17,5094.0,0.807
Kepler-477 b,Kepler-477,2016,Transit,11.11990653,2.07,0.18,-0.12,5240.0,0.79
WASP-66 b,WASP-66,2012,Transit,4.08605,15.6926,3.13852,-3.13852,6600.0,1.76
Kepler-275 b,Kepler-275,2014,Transit,10.300682,2.34,0.45,-0.45,6165.0,1.383
EPIC 206032309 b,EPIC 206032309,2019,Transit,2.87814,1.01,0.24,-0.13,3489.0,0.37344
HATS-64 b,HATS-64,2018,Transit,4.908897,18.819911,0.907929,-0.907929,6554.0,2.113
TOI-2876 b,TOI-2876,2025,Transit,6.2996431,9.6397234,0.33626942,-0.31385146,5271.0,0.873
Kepler-80 f,Kepler-80,2016,Transit,0.9867873,1.21,0.06,-0.05,4540.0,0.678
Kepler-397 b,Kepler-397,2014,Transit,22.250949,2.46,21.32,-21.32,5307.0,0.767
Kepler-967 b,Kepler-967,2016,Transit,13.22713379,2.35,0.08,-0.1,5178.0,0.8
HIP 94235 b,HIP 94235,2022,Transit,7.713057,3.0,0.32,-0.28,5991.0,1.08
KOI-351 c,KOI-351,2013,Transit,8.719375,1.19,0.14,-0.14,6080.0,1.2
Kepler-610 b,Kepler-610,2016,Transit,6.996926554,4.19,1.16,-0.45,5943.0,1.13
K2-278 b,K2-278,2018,Transit,3.334966,2.98,0.23,-0.23,6747.0,1.61
Kepler-33 e,Kepler-33,2011,Transit,31.7844,4.02,0.38,-0.38,5904.0,1.82
Kepler-1932 b,Kepler-1932,2021,Transit,0.524177015,1.51482218,,,5278.0,0.815
K2-384 b,K2-384,2022,Transit,2.231527,1.076,0.232,-0.06,3623.0,0.348
TOI-2068 b,TOI-2068,2024,Transit,7.768915,1.821,0.162,-0.149,3710.0,0.535
Kepler-1382 b,Kepler-1382,2016,Transit,16.3583055,1.88,0.39,-0.34,6161.0,1.72
Kepler-123 b,Kepler-123,2014,Transit,17.232366,2.94,0.57,-0.57,6089.0,1.264
Kepler-1890 b,Kepler-1890,2021,Transit,4.820590019,0.86867375,,,6046.0,1.396
Kepler-1030 b,Kepler-1030,2016,Transit,19.32952416,2.48,0.12,-0.18,4983.0,0.76
Kepler-112 b,Kepler-112,2014,Transit,8.408878,2.36,0.57,-0.57,5544.0,0.841
Kepler-1077 b,Kepler-1077,2016,Transit,34.3511874,2.77,0.7,-0.33,5816.0,1.02
Kepler-1451 b,Kepler-1451,2016,Transit,35.622233,3.35,0.62,-0.66,5782.0,0.99
Kepler-190 c,Kepler-190,2014,Transit,3.763024,1.46,0.1,-0.1,5106.0,0.795
Kepler-1431 b,Kepler-1431,2016,Transit,5.86601526,1.47,0.42,-0.16,5806.0,1.03
Kepler-1132 b,Kepler-1132,2016,Transit,62.8916228,2.35,0.19,-0.17,5298.0,0.83
HD 260655 b,HD 260655,2022,Transit,2.76953,1.24,0.023,-0.023,3803.0,0.439
Kepler-216 c,Kepler-216,2014,Transit,17.406669,3.04,0.59,-0.59,6091.0,1.26
CoRoT-13 b,CoRoT-13,2010,Transit,4.03519,9.92,0.157,-0.157,5945.0,1.01
Kepler-413 b,Kepler-413,2014,Transit,66.262,4.347,0.099,-0.099,4700.0,0.7761
Kepler-1804 b,Kepler-1804,2021,Transit,12.28849983,1.59615726,,,5109.0,1.671
Kepler-267 d,Kepler-267,2014,Transit,28.464515,2.27,0.12,-0.12,4258.0,0.555
Kepler-1704 b,Kepler-1704,2021,Transit,988.88112,11.94877343,0.49319515,-0.47077719,5746.0,1.697
K2-95 b,K2-95,2016,Transit,10.1346454,3.31,0.2,-0.14,3566.0,0.4
Kepler-204 b,Kepler-204,2014,Transit,14.400974,2.53,0.54,-0.54,5812.0,1.238
TOI-5630 b,TOI-5630,2026,Transit,3.22118452536,2.37117553,0.20543259,-0.18790461,5385.64,0.933361
Kepler-1188 b,Kepler-1188,2016,Transit,17.1369543,2.08,0.49,-0.22,5913.0,1.06
Kepler-239 c,Kepler-239,2014,Transit,56.228098,2.51,0.42,-0.42,4914.0,0.763
TOI-201 c,TOI-201,2025,Transit Timing Variations,2890.0,10.4,0.3,-0.3,6423.0,1.31
Kepler-821 b,Kepler-821,2016,Transit,1.92279873,1.31,0.1,-0.08,5191.0,0.8
XO-5 b,XO-5,2008,Transit,4.1877558,12.78,0.34,-0.34,5430.0,1.13
GJ 9827 b,GJ 9827,2017,Transit,1.208974,1.44,0.09,-0.07,4236.0,0.58
GJ 367 b,GJ 367,2021,Transit,0.3219226,0.736,0.035,-0.035,3535.0,0.457
Kepler-122 d,Kepler-122,2014,Transit,21.587475,2.2,0.44,-0.44,6050.0,1.216
NGTS-4 b,NGTS-4,2019,Transit,1.3373508,3.18,0.26,-0.26,5143.0,0.84
Kepler-1825 b,Kepler-1825,2021,Transit,1.025869966,1.42200732,,,5123.0,0.847
K2-186 b,K2-186,2018,Transit,41.474219,3.17207779,0.26358217,-0.1628819,5784.0,0.98083
Kepler-579 b,Kepler-579,2016,Transit,9.66857723,2.0,0.35,-0.18,5636.0,0.96
Kepler-55 e,Kepler-55,2014,Transit,4.617534,1.55,0.23,-0.23,4503.0,0.619
Kepler-1717 b,Kepler-1717,2021,Transit,30.65279961,2.98929758,,,6200.0,1.64
Kepler-1074 b,Kepler-1074,2016,Transit,5.94566534,1.25,0.24,-0.09,4002.0,0.57
TOI-6016 b,TOI-6016,2024,Transit,4.023687,13.67495645,0.33626942,-0.33626942,6110.0,1.51
Kepler-1278 b,Kepler-1278,2016,Transit,3.23941344,1.01,0.31,-0.12,6074.0,1.16
Kepler-1558 b,Kepler-1558,2016,Transit,3.50470358,0.68,0.06,-0.04,5101.0,0.79
TOI-5720 b,TOI-5720,2024,Transit,1.4344555,1.09,0.07,-0.07,3325.0,0.383
Kepler-204 c,Kepler-204,2014,Transit,25.660593,1.79,0.39,-0.39,5812.0,1.238
HAT-P-39 b,HAT-P-39,2012,Transit,3.54387,17.609,1.211,-0.908,6430.0,1.625
TOI-4578 b,TOI-4578,2026,Transit,8.62392630369,2.26974262,0.28541935,-0.22502724,5951.32,0.878735
Kepler-347 c,Kepler-347,2014,Transit,27.320871,1.75,0.84,-0.84,6088.0,1.005
Kepler-203 d,Kepler-203,2014,Transit,11.32972,1.44,0.28,-0.28,5821.0,1.114
Kepler-786 b,Kepler-786,2016,Transit,53.5293487,2.43,0.12,-0.07,4838.0,0.74
WASP-43 b,WASP-43,2011,Transit,0.813475,10.424,0.785,-1.009,4400.0,0.6
TOI-181 b,TOI-181,2023,Transit,4.532,6.9559,0.087,-0.101,4994.0,0.745
Kepler-1905 b,Kepler-1905,2021,Transit,3.42392993,1.4460734,,,5788.0,1.015
Kepler-1513 b,Kepler-1513,2016,Transit,160.8842,8.594,0.036,-0.022,5491.0,0.95
Kepler-230 c,Kepler-230,2014,Transit,91.773242,2.04,1.04,-1.04,5588.0,0.817
HATS-16 b,HATS-16,2016,Transit,2.686502,14.5717,1.68135,-1.68135,5738.0,1.238
Kepler-1091 b,Kepler-1091,2016,Transit,1.434741564,1.46,0.36,-0.19,5851.0,1.03
TOI-251 b,TOI-251,2021,Transit,4.93777,2.74,0.18,-0.18,5875.0,0.881
Kepler-1713 b,Kepler-1713,2021,Transit,18.01160049,1.71673535,,,6477.0,1.459
K2-3 c,K2-3,2015,Transit,24.646729,1.582,0.057,-0.051,3844.0,0.546
Kepler-295 b,Kepler-295,2014,Transit,12.645164,1.22,0.64,-0.64,5603.0,0.898
HATS-3 b,HATS-3,2013,Transit,3.547851,15.48,0.392,-0.392,6351.0,1.404
Kepler-1121 b,Kepler-1121,2016,Transit,13.15141081,1.91,0.48,-0.46,6231.0,1.59
Kepler-466 c,Kepler-466,2016,Transit,3.709213846,1.25,0.1,-0.07,5927.0,1.05
Kepler-197 c,Kepler-197,2014,Transit,10.349695,1.23,0.04,-0.04,6004.0,1.12
TOI-1839 b,TOI-1839,2026,Transit,1.42378440907,2.21895097,0.25768041,-0.2140725,5315.91,0.848099
CoRoT-36 b,CoRoT-36,2022,Transit,5.616531,15.80466279,1.5692573,-1.5692573,6730.0,1.52
Kepler-402 d,Kepler-402,2014,Transit,8.921099,1.38,0.27,-0.27,6090.0,1.264
TOI-1478 b,TOI-1478,2021,Transit,10.1802117,11.99360935,1.79343691,-1.12089807,5597.0,1.048
TOI-1294 b,TOI-1294,2024,Transit,3.915292,10.12369881,0.23643767,-0.22090361,5718.0,1.5566
KOI-351 b,KOI-351,2013,Transit,7.008151,1.31,0.17,-0.17,6080.0,1.2
WASP-151 b,WASP-151,2017,Transit,4.5334775,13.30506009,0.23538859,-0.23538859,5871.0,1.181
Kepler-1629 b,Kepler-1629,2016,Transit,3.87595807,0.77,0.15,-0.08,5776.0,1.01
Kepler-414 b,Kepler-414,2014,Transit Timing Variations,4.7,1.71,0.31,-0.14,5536.0,0.946
K2-289 b,K2-289,2019,Transit,13.156969,9.1,0.3,-0.3,5529.0,1.025
K2-38 b,K2-38,2016,Transit,4.01593,1.54,0.14,-0.14,5731.0,1.06
WASP-96 b,WASP-96,2014,Transit,3.4252602,13.45,0.67,-0.67,5540.0,1.05
Kepler-1680 b,Kepler-1680,2020,Transit,8.77424,1.35954736,,,5021.0,0.723259
K2-378 b,K2-378,2022,Transit,2.060438,2.88,0.27,-0.23,4823.0,0.732
Kepler-379 c,Kepler-379,2014,Transit,62.784697,2.29,0.43,-0.43,6054.0,1.306
Kepler-1321 b,Kepler-1321,2016,Transit,11.12830484,4.92,0.6,-0.61,4094.0,0.53
Kepler-29 b,Kepler-29,2011,Transit,10.33974,2.55,0.12,-0.12,5378.0,0.732
TOI-178 e,TOI-178,2021,Transit,9.96318,2.301,0.038,-0.039,4316.0,0.662
Kepler-1486 b,Kepler-1486,2016,Transit,54.6495759,2.32,0.58,-0.29,5965.0,1.12
Kepler-1718 b,Kepler-1718,2021,Transit,135.1880035,2.5685207,,,5731.0,0.906
Kepler-1599 b,Kepler-1599,2016,Transit,122.363553,1.62,0.33,-0.23,5767.0,0.99
TOI-5108 b,TOI-5108,2025,Transit,6.753581,6.6,0.1,-0.1,5808.0,1.29
TOI-4914 b,TOI-4914,2024,Transit,10.60057,12.87,0.36,-0.36,5805.0,1.0
TOI-4495 b,TOI-4495,2026,Transit,2.56699,2.483,0.138,-0.095,6210.0,1.309
K2-37 c,K2-37,2016,Transit,6.42966,2.41,0.15,-0.06,5352.0,0.809
Kepler-911 b,Kepler-911,2016,Transit,20.310501,2.6,0.1,-0.1,6112.0,1.99
Kepler-1679 b,Kepler-1679,2020,Transit,9.75376,2.0692036,,,5501.0,0.873196
Kepler-238 b,Kepler-238,2014,Transit,2.090876,1.73,0.4,-0.4,5751.0,1.43
Kepler-67 b,Kepler-67,2013,Transit,15.7259,2.94,0.16,-0.16,5331.0,0.778
Kepler-350 c,Kepler-350,2013,Transit,17.849,3.1,1.42,-0.6,6492.3,1.25
Kepler-1327 b,Kepler-1327,2016,Transit,14.88801098,1.8,0.58,-0.2,5885.0,1.03
Kepler-677 b,Kepler-677,2016,Transit,6.57531678,5.38,1.17,-0.42,5723.0,0.99
Kepler-773 b,Kepler-773,2016,Transit,3.749100061,1.43,0.09,-0.07,5850.0,1.01
Kepler-816 b,Kepler-816,2016,Transit,10.506825646,10.24,0.68,-0.54,5286.0,0.85
HD 219134 c,HD 219134,2015,Radial Velocity,6.76458,1.511,0.047,-0.047,4699.0,0.778
K2-239 d,K2-239,2018,Transit,10.115,1.1,0.1,-0.1,3420.0,0.36
Kepler-182 c,Kepler-182,2014,Transit,20.684342,3.43,1.53,-1.53,6250.0,1.146
Kepler-880 c,Kepler-880,2023,Transit,11.8061737,2.87,0.58,-0.94,6900.0,2.599
Kepler-1303 b,Kepler-1303,2016,Transit,7.56127224,1.42,0.35,-0.14,5771.0,1.0
Kepler-110 c,Kepler-110,2014,Transit,31.719775,2.21,0.44,-0.44,5960.0,1.149
Kepler-273 c,Kepler-273,2014,Transit,8.014927,1.98,1.15,-1.15,5626.0,0.815
Kepler-1016 b,Kepler-1016,2016,Transit,1.954524342,2.18,0.37,-0.28,5821.0,1.0
Kepler-34 b,Kepler-34,2011,Transit,288.822,8.564,0.135,-0.157,5913.0,1.1618
HD 108236 e,HD 108236,2020,Transit,19.590025,3.083,0.052,-0.052,5660.0,0.877
Kepler-1232 b,Kepler-1232,2016,Transit,26.7839183,1.93,0.24,-0.16,5471.0,0.89
TOI-375 b,TOI-375,2026,Transit,9.45469,10.77183045,0.49319515,-0.48198617,5259.9,2.9
WASP-64 b,WASP-64,2012,Transit,1.5732918,14.247,0.437,-0.437,5400.0,1.058
Kepler-417 c,Kepler-417,2014,Transit Timing Variations,15.943,2.69,0.19,-0.14,5177.0,0.806
TIC 24750448 c,TIC 24750448,2026,Transit,10.14385270726,3.09028272,0.42332739,-0.31924118,4545.43,0.713599
K2-408 b,K2-408,2022,Transit,20.978959,1.677,0.118,-0.109,5335.0,0.784
WASP-190 b,WASP-190,2019,Transit,5.367753,12.89035,1.00881,-1.00881,6400.0,1.6
Kepler-940 b,Kepler-940,2016,Transit,59.6225257,3.34,0.71,-0.31,5769.0,0.96
Kepler-398 c,Kepler-398,2014,Transit,11.419412,1.01,0.11,-0.11,4493.0,0.613
WASP-74 b,WASP-74,2015,Transit,2.13775,15.24424,1.1209,-1.1209,5990.0,1.42
TRAPPIST-1 d,TRAPPIST-1,2016,Transit,4.049219,0.788,0.011,-0.01,2566.0,0.1192
Kepler-524 c,Kepler-524,2016,Transit,1.88897906,0.96,0.08,-0.07,6014.0,1.1
Kepler-1916 b,Kepler-1916,2021,Transit,31.25429916,2.61757235,,,6246.0,1.092
TOI-1648 b,TOI-1648,2025,Transit,7.331602,2.54,0.14,-0.12,4850.0,0.81
Kepler-399 d,Kepler-399,2014,Transit,58.034616,1.89,1.01,-1.01,5502.0,0.68
Kepler-534 c,Kepler-534,2021,Transit,7.378689766,1.227,,,5936.0,0.965
TOI-5817 b,TOI-5817,2025,Transit,15.61031,3.08,0.14,-0.14,5770.0,1.427
TIC 320419023 b,TIC 320419023,2026,Transit,5.26375651589,2.77280763,0.32201188,-0.2760399,5703.36,0.952319
Kepler-1063 b,Kepler-1063,2016,Transit,14.07971466,1.49,0.4,-0.19,5945.0,1.14
TIC 65612701 b,TIC 65612701,2026,Transit,10.22467974953,5.07802804,0.33441948,-0.32636933,5692.29,1.73709
Kepler-391 c,Kepler-391,2014,Transit,20.501,2.88,0.33,-0.33,5038.0,2.879
TOI-1105 b,TOI-1105,2026,Transit,10.86818410933,3.05823658,0.96295513,-0.43072819,4678.46,0.755833
Kepler-136 c,Kepler-136,2014,Transit,16.399235,1.99,0.37,-0.37,6165.0,1.355
EPIC 249893012 d,EPIC 249893012,2020,Transit,35.747,3.94,0.13,-0.12,5430.0,1.71
Kepler-283 b,Kepler-283,2014,Transit,11.008151,2.13,0.26,-0.26,4351.0,0.566
TOI-5595 b,TOI-5595,2026,Transit,5.99002553853,4.73740402,0.36062543,-0.34675941,4417.3,0.743344
Kepler-1705 b,Kepler-1705,2021,Transit,9.03502,2.03,0.12,-0.14,6312.0,1.259
HAT-P-52 b,HAT-P-52,2015,Transit,2.7535953,11.309881,0.807048,-0.807048,5131.0,0.893
TOI-4438 b,TOI-4438,2024,Transit,7.44628,2.52,0.13,-0.13,3422.0,0.372
K2-38 c,K2-38,2016,Transit,10.56103,2.29,0.26,-0.26,5731.0,1.06
Kepler-1982 b,Kepler-1982,2023,Transit,3.82315697,0.77,0.14,-0.04,6202.0,1.122
TOI-697 b,TOI-697,2026,Transit,8.60788713593,2.35859364,0.20903984,-0.18176315,5681.95,0.968149
TOI-4747 b,TOI-4747,2026,Transit,5.21924158592,3.95803201,0.35272904,-0.32280843,5595.08,0.988751
Kepler-292 f,Kepler-292,2014,Transit,20.834237,2.35,0.22,-0.22,5299.0,0.826
Kepler-184 c,Kepler-184,2014,Transit,20.303005,1.97,1.11,-1.11,5788.0,0.873
XO-6 b,XO-6,2016,Transit,3.7650007,23.20263,2.46598,-2.46598,6720.0,1.93
Kepler-1859 b,Kepler-1859,2021,Transit,2.729599953,1.58313575,,,5887.0,1.235
TOI-3912 b,TOI-3912,2023,Transit,3.4936264,14.28024141,0.45956821,-0.44835923,5725.0,1.392
Kepler-650 b,Kepler-650,2016,Transit,3.032145588,2.96,0.51,-0.45,5849.0,1.35
K2-261 b,K2-261,2018,Transit,11.6334681,9.26982704,0.36989636,-0.33626942,5490.0,1.663
Kepler-128 b,Kepler-128,2013,Transit,15.0,1.421,0.04,-0.04,6072.0,1.659
Lupus-TR-3 b,Lupus-TR-3,2007,Transit,3.91405,9.976,0.785,-0.785,5000.0,0.82
Kepler-1281 b,Kepler-1281,2016,Transit,3.11602791,1.64,0.13,-0.14,5353.0,0.83
HATS-34 b,HATS-34,2016,Transit,2.1061607,16.02887,2.12971,-2.12971,5380.0,0.98
TOI-771 b,TOI-771,2024,Transit,2.3260155,1.36,0.1,-0.1,3370.0,0.232
Kepler-1693 b,Kepler-1693,2020,Transit,12.0999,1.28938413,,,5432.34,0.878295
Kepler-1087 b,Kepler-1087,2016,Transit,0.693842855,0.61,0.17,-0.05,5589.0,0.94
Kepler-104 b,Kepler-104,2014,Transit,11.427548,3.1,0.53,-0.53,5711.0,1.349
HAT-P-51 b,HAT-P-51,2015,Transit,4.21802091,13.50682174,0.19055267,-0.17934369,5453.0,0.995
TOI-1226 b,TOI-1226,2026,Transit,3.92880881576,2.4101112,0.24811318,-0.20160482,5434.91,0.986943
Kepler-491 b,Kepler-491,2016,Transit,4.225384512,8.92,0.8,-0.51,5582.0,1.03
Kepler-1849 b,Kepler-1849,2021,Transit,57.29290009,2.38685349,,,4806.0,0.729
Kepler-316 c,Kepler-316,2014,Transit,6.827766,1.16,0.12,-0.12,4204.0,0.52
Kepler-533 b,Kepler-533,2016,Transit,28.51120525,3.38,0.08,-0.32,4758.0,0.72
TOI-3894 b,TOI-3894,2024,Transit,4.33454,15.27784069,0.61649394,-0.57165802,6000.0,1.502
Kepler-392 c,Kepler-392,2014,Transit,10.423118,1.1,0.23,-0.23,5938.0,1.129
K2-123 b,K2-123,2017,Transit,30.951524,2.76,0.16,-0.16,4035.0,0.59
TIC 183374187 b,TIC 183374187,2026,Transit,5.05907,14.03364384,0.78462865,-0.78462865,5768.0,1.344
TIC 290487717 b,TIC 290487717,2026,Transit,3.400818229,6.63777941,0.74098205,-0.60714227,5328.97,0.943767
Kepler-1543 b,Kepler-1543,2016,Transit,6.96710269,2.71,1.21,-0.51,6561.0,1.65
CoRoT-10 b,CoRoT-10,2010,Transit,13.2406,10.87,0.78,-0.78,5075.0,0.79
TOI-1136 c,TOI-1136,2022,Transit,6.2574,2.879,0.06,-0.062,5770.0,0.968
Kepler-1470 b,Kepler-1470,2016,Transit,16.2950903,1.07,0.09,-0.08,4961.0,0.76
TOI-1249 b,TOI-1249,2024,Transit,13.079151,3.2710301,0.30687428,-0.18737301,5497.0,0.9785
HD 15337 b,HD 15337,2019,Transit,4.7559804,1.77,0.032,-0.03,5131.0,0.855
Kepler-715 b,Kepler-715,2016,Transit,10.00652995,3.75,0.83,-0.5,5871.0,1.04
TOI-969 b,TOI-969,2022,Transit,1.8237305,2.765,0.088,-0.097,4435.0,0.671
K2-224 c,K2-224,2018,Transit,10.09489,2.41,0.16,-0.12,5620.0,0.84
Kepler-700 b,Kepler-700,2016,Transit,80.8720639,5.99,0.91,-0.5,5692.0,0.96
Kepler-472 b,Kepler-472,2016,Transit,4.176255514,3.22,0.13,-0.28,4996.0,0.78
Kepler-1444 b,Kepler-1444,2016,Transit,33.42035034,2.18,0.41,-0.19,5810.0,1.05
Kepler-1129 b,Kepler-1129,2016,Transit,24.3397804,2.96,0.51,-0.33,5831.0,1.0
Kepler-824 b,Kepler-824,2016,Transit,4.51436633,1.87,0.71,-0.23,6035.0,1.22
K2-168 b,K2-168,2018,Transit,15.8523,1.86,0.24,-0.11,5502.7,0.83
Kepler-1236 b,Kepler-1236,2016,Transit,31.0571618,2.14,0.18,-0.22,5337.0,0.82
Kepler-1275 b,Kepler-1275,2016,Transit,3.65691115,1.48,0.65,-0.27,6296.0,1.36
Kepler-62 d,Kepler-62,2013,Transit,18.16406,1.95,0.07,-0.07,4925.0,0.64
Kepler-720 b,Kepler-720,2016,Transit,4.708326542,8.41,1.61,-0.8,5618.0,0.92
Kepler-1690 b,Kepler-1690,2020,Transit,234.636,2.81109223,,,5404.0,0.862346
Kepler-150 b,Kepler-150,2014,Transit,3.428054,1.25,0.19,-0.19,5560.0,0.939
Kepler-1428 b,Kepler-1428,2016,Transit,10.67607169,1.64,0.14,-0.1,6184.0,1.36
Kepler-1133 b,Kepler-1133,2016,Transit,11.55562343,1.97,0.24,-0.15,5569.0,0.9
Kepler-1307 b,Kepler-1307,2016,Transit,18.01621096,2.47,0.66,-0.27,5884.0,1.08
Kepler-1195 b,Kepler-1195,2016,Transit,8.49642241,2.08,0.19,-0.17,4965.0,0.71
TIC 142589416 b,TIC 142589416,2026,Transit,2.09518466313,2.67899519,0.37365834,-0.26903649,4396.27,0.713832
Kepler-325 c,Kepler-325,2014,Transit,12.762172,2.54,1.26,-1.26,5752.0,1.003
K2-244 b,K2-244,2018,Transit,21.06884,1.75,0.13,-0.1,5677.0,0.92
EPIC 212737443 c,EPIC 212737443,2019,Transit,65.55,2.69,0.146,-0.146,4684.0,0.673
Kepler-1816 b,Kepler-1816,2021,Transit,91.50099945,1.9679397,,,5051.0,0.706
WASP-36 b,WASP-36,2011,Transit,1.53736596,14.874343,0.235389,-0.235389,5959.0,0.985
Kepler-1176 b,Kepler-1176,2016,Transit,24.1738579,2.45,0.63,-0.32,5844.0,1.02
Kepler-1783 b,Kepler-1783,2021,Transit,8.277440071,1.31946731,,,5129.0,1.781
Kepler-106 d,Kepler-106,2014,Transit,23.9802,0.95,0.13,-0.13,5858.0,1.04
TOI-2194 b,TOI-2194,2023,Transit,15.337597,1.9892,0.1313,-0.0668,4756.0,0.6909
Kepler-189 b,Kepler-189,2014,Transit,10.399931,1.21,0.61,-0.61,5235.0,0.75
Kepler-1143 c,Kepler-1143,2016,Transit,210.630591,3.6,0.51,-0.35,5053.0,0.77
TOI-261.02,TOI-261,2021,Transit,13.03935862135,3.34822227,1.2696187,-1.2696187,5890.3,1.31383
HATS-30 b,HATS-30,2016,Transit,3.1743516,13.170575,0.582868,-0.582868,5943.0,1.061
K2-136 d,K2-136,2017,Transit,25.575,1.565,0.077,-0.076,4500.0,0.677
TOI-1693 b,TOI-1693,2022,Transit,1.7666957,1.41,0.1,-0.1,3499.0,0.46
TOI-2587 A b,TOI-2587 A,2023,Transit,5.45664,12.07207221,0.47077719,-0.44835923,5760.0,1.726
Kepler-837 b,Kepler-837,2016,Transit,16.56059504,2.56,0.22,-0.43,5403.0,0.81
Kepler-1031 b,Kepler-1031,2016,Transit,1.22621732,0.87,0.21,-0.11,6011.0,1.12
Kepler-1154 b,Kepler-1154,2016,Transit,5.1856142,2.34,1.06,-0.49,6327.0,1.43
Kepler-919 b,Kepler-919,2016,Transit,11.04603384,2.25,0.87,-0.29,6113.0,1.21
Kepler-60 b,Kepler-60,2012,Transit,7.1334,1.71,0.13,-0.13,5905.0,1.257
Kepler-1490 b,Kepler-1490,2016,Transit,92.4362973,3.04,0.37,-0.63,5515.0,0.87
Kepler-556 b,Kepler-556,2016,Transit,11.72292176,2.24,0.2,-0.12,5740.0,0.98
Kepler-109 c,Kepler-109,2014,Transit,21.22265,2.65,0.12,-0.12,5950.0,1.387
Kepler-101 c,Kepler-101,2014,Transit,6.02976,1.25,0.19,-0.17,5667.0,1.56
K2-59 b,K2-59,2016,Transit,20.6921,2.41,0.31,-0.31,5055.0,0.731
TOI-3884 b,TOI-3884,2022,Transit,4.5445828,6.43,0.2,-0.2,3180.0,0.302
KELT-24 b,KELT-24,2019,Transit,5.55149296,12.71098411,0.30264248,-0.2914335,6426.0,1.338
Kepler-1200 b,Kepler-1200,2016,Transit,1.118549717,1.06,0.06,-0.08,4612.0,0.7
Kepler-26 d,Kepler-26,2014,Transit,3.543919,1.07,0.06,-0.06,4486.0,0.571
Kepler-363 c,Kepler-363,2014,Transit,7.542427,1.69,0.27,-0.27,5593.0,1.485
WASP-94 A b,WASP-94 A,2014,Transit,3.95019,17.71022,1.45717,-1.45717,6170.0,1.48
LHS 1678 c,LHS 1678,2021,Transit,3.694284,0.941,0.051,-0.05,3490.0,0.329
HATS-12 b,HATS-12,2016,Transit,3.142702,7.76,0.47,-0.47,6357.0,1.17
Kepler-858 b,Kepler-858,2016,Transit,76.13602028,4.87,0.23,-0.2,5653.0,0.91
Kepler-450 d,Kepler-450,2015,Transit,7.51464,0.837,0.068,-0.068,6197.21,1.64162
K2-316 c,K2-316,2020,Transit,5.26,1.83,0.13,-0.12,3436.0,0.379
Kepler-1892 b,Kepler-1892,2021,Transit,6.331230164,1.83707938,,,5383.0,0.759
HD 80606 b,HD 80606,2001,Radial Velocity,111.436765,11.56766808,0.16813471,-0.16813471,5565.0,1.05
Kepler-432 b,Kepler-432,2015,Transit,52.501129,12.834305,0.403524,-0.437151,4995.0,4.06
K2-396 c,K2-396,2022,Transit,25.76051,3.124,0.178,-0.112,5236.0,0.92
Kepler-1108 b,Kepler-1108,2016,Transit,4.51005748,1.46,0.14,-0.11,5406.0,0.84
Kepler-203 b,Kepler-203,2014,Transit,3.162697,2.57,0.52,-0.52,5821.0,1.114
Kepler-1992 b,Kepler-1992,2023,Transit,15.6112238,0.91,0.09,-0.05,5383.0,0.842
Kepler-140 b,Kepler-140,2014,Transit,3.25427,1.61,0.31,-0.31,6077.0,1.288
HATS-69 b,HATS-69,2018,Transit,2.2252577,10.592505,0.246598,-0.246598,5137.0,0.8785
Kepler-139 b,Kepler-139,2014,Transit,15.771044,2.94,0.57,-0.57,5594.0,1.3
Kepler-134 b,Kepler-134,2014,Transit,5.317429,2.0,0.39,-0.39,5983.0,1.176
Kepler-1665 b,Kepler-1665,2020,Transit,11.9548,2.83910787,,,5049.84,0.777785
HD 108236 f,HD 108236,2021,Transit,29.54115,2.017,0.052,-0.057,5660.0,0.877
HD 73344 b,HD 73344,2024,Transit,15.611,2.884,0.082,-0.072,6252.6,1.22
Kepler-1617 b,Kepler-1617,2016,Transit,27.4785572,1.2,0.37,-0.16,6167.0,1.22
Kepler-2001 c,Kepler-2001,2023,Transit,14.092583189,1.82,0.23,-0.13,5081.0,0.77
Kepler-1443 b,Kepler-1443,2016,Transit,2.41811321,0.97,0.22,-0.09,6289.0,1.27
XO-1 b,XO-1,2006,Transit,3.94153,12.77826,0.78463,-0.78463,5750.0,0.88
TOI-2364 b,TOI-2364,2023,Transit,4.0197517,8.60849718,0.25780656,-0.20176165,5306.0,0.886
Kepler-30 d,Kepler-30,2012,Transit,143.34394,8.8,0.5,-0.5,5498.0,0.95
Kepler-1125 b,Kepler-1125,2016,Transit,17.6700642,1.84,0.3,-0.18,5683.0,0.94
TOI-4527.01,TOI-4527,2024,Transit,0.3994445,0.9086617,0.953413,-0.953413,3702.0,0.485948
Kepler-1321 c,Kepler-1321,2016,Transit,2.226491086,2.4,0.3,-0.18,4094.0,0.53
TOI-6692 b,TOI-6692,2026,Transit,131.125,11.67975789,0.56044903,-0.54924005,5890.0,1.385
Kepler-792 b,Kepler-792,2016,Transit,11.30119217,1.96,0.49,-0.23,5971.0,1.12
K2-80 c,K2-80,2016,Transit,5.605,1.47,0.23,-0.23,5441.0,0.87
TOI-6000 b,TOI-6000,2025,Transit,0.448959,0.94,0.05,-0.05,3419.0,0.38
HD 28109 b,HD 28109,2022,Transit,22.891054,2.69,0.23,-0.23,6189.0,1.425
Kepler-891 b,Kepler-891,2016,Transit,53.44945593,6.41,1.46,-0.6,5887.0,1.07
TOI-5624 d,TOI-5624,2026,Transit,13.731468,3.584,0.051,-0.05,5327.0,0.82
Kepler-765 b,Kepler-765,2016,Transit,27.6655226,2.43,0.53,-0.22,5901.0,1.06
K2-18 b,K2-18,2015,Transit,32.939623,2.37,0.22,-0.22,3457.0,0.411
Kepler-1516 b,Kepler-1516,2016,Transit,7.25931979,1.75,0.49,-0.19,5904.0,1.07
Kepler-1159 b,Kepler-1159,2016,Transit,22.70816791,2.37,1.03,-0.37,6217.0,1.28
HATS-18 b,HATS-18,2016,Transit,0.83784,14.896761,0.840675,-0.840675,5600.0,1.02
TOI-1873 b,TOI-1873,2026,Transit,7.00572708834,2.86356397,0.30160474,-0.23997153,5597.99,0.971675
Kepler-113 b,Kepler-113,2014,Transit,4.754,1.82,0.05,-0.05,4725.0,0.69
TIC 160113658 b,TIC 160113658,2026,Transit,6.72952262077,3.49015778,0.9594699,-0.40018841,4817.31,0.789834
CoRoT-25 b,CoRoT-25,2013,Transit,4.86069,12.11,3.4,-1.12,6040.0,1.19
TOI-2407 b,TOI-2407,2025,Transit,2.702969,4.26,0.26,-0.26,3530.0,0.567
Kepler-1060 b,Kepler-1060,2016,Transit,46.8779367,2.38,0.45,-0.29,5797.0,0.99
Kepler-154 e,Kepler-154,2016,Transit,3.93276465,1.5,0.14,-0.12,5769.0,0.98
Kepler-1844 b,Kepler-1844,2021,Transit,3.924510002,3.03648191,,,5776.0,0.849
Kepler-1036 b,Kepler-1036,2016,Transit,122.8808058,3.01,0.14,-0.53,5533.0,0.89
Kepler-561 c,Kepler-561,2016,Transit,5.350161983,2.68,0.43,-0.25,5646.0,0.94
Kepler-37 b,Kepler-37,2013,Transit,13.36702,0.3098,0.0059,-0.0076,5357.0,0.789
TOI-2431 b,TOI-2431,2026,Transit,0.22419578,1.534,0.034,-0.033,4109.0,0.651
Kepler-585 b,Kepler-585,2016,Transit,2.752359753,2.83,0.55,-0.27,5593.0,0.93
K2-203 b,K2-203,2018,Transit,9.6952,1.26549392,0.10200172,-0.07958376,5026.0,0.765
Kepler-233 b,Kepler-233,2014,Transit,8.472382,2.43,0.66,-0.66,5360.0,0.758
Kepler-1863 b,Kepler-1863,2021,Transit,44.99760056,2.26309256,,,5871.0,0.983
Kepler-356 c,Kepler-356,2014,Transit,13.121632,1.81,0.33,-0.33,6133.0,1.335
Kepler-1865 b,Kepler-1865,2021,Transit,2.524009943,1.57686072,,,5420.0,0.871
TOI-5126 b,TOI-5126,2023,Transit,5.4588385,4.74,0.16,-0.14,6150.0,1.241
Kepler-505 b,Kepler-505,2016,Transit,27.52197994,2.6,0.11,-0.09,3931.0,0.53
WASP-147 b,WASP-147,2018,Transit,4.60273,12.498035,1.56926,-1.042437,5702.0,1.429
Kepler-166 d,Kepler-166,2016,Transit,1.554003928,1.73,0.15,-0.1,5350.0,0.83
Kepler-1480 b,Kepler-1480,2016,Transit,22.12679948,1.67,0.11,-0.08,5156.0,0.81
Kepler-1987 d,Kepler-1987,2023,Transit,5.644914154,2.66,0.25,-0.18,4769.0,0.714
Qatar-4 b,Qatar-4,2017,Transit,1.8053564,12.722215,1.23299,-1.23299,5215.0,0.849
Kepler-245 b,Kepler-245,2014,Transit,7.49019,2.57,0.18,-0.18,5100.0,0.795
WASP-4 b,WASP-4,2007,Transit,1.338230994,15.12091496,0.12329879,-0.13450777,5436.0,0.912
Kepler-1556 b,Kepler-1556,2016,Transit,8.82713457,1.96,0.4,-0.15,5608.0,0.95
Kepler-209 b,Kepler-209,2014,Transit,16.087845,2.26,0.34,-0.34,5513.0,0.935
Kepler-131 c,Kepler-131,2014,Transit,25.5169,0.84,0.07,-0.07,5685.0,1.03
Kepler-24 d,Kepler-24,2014,Transit,4.244384,1.67,0.39,-0.39,5897.0,1.289
HATS-40 b,HATS-40,2018,Transit,3.2642736,17.71022,1.79344,-1.34508,6460.0,2.26
K2-266 e,K2-266,2018,Transit,19.482,2.73,0.14,-0.11,4285.0,0.703
WASP-17 b,WASP-17,2009,Transit,3.73543,20.96083,2.69016,-2.69016,6550.0,1.49
Kepler-237 b,Kepler-237,2014,Transit,4.715106,1.41,0.75,-0.75,4861.0,0.725
K2-126 b,K2-126,2017,Transit,7.385655,1.97,0.12,-0.12,4339.0,0.65
HD 224018 d,HD 224018,2025,Transit,138.0731,2.4,0.1,-0.1,5784.0,1.147
K2-183 b,K2-183,2018,Transit,0.469285,1.1,0.1,-0.08,5482.0,0.87
Kepler-219 c,Kepler-219,2014,Transit,22.714613,3.58,0.6,-0.6,5786.0,1.491
K2-141 c,K2-141,2018,Transit,7.7485,7.0,4.6,-2.8,4570.0,0.681
Kepler-1790 b,Kepler-1790,2021,Transit,31.58889961,3.1446145,,,5866.0,1.367
Kepler-1641 c,Kepler-1641,2016,Transit,32.657212,2.95,0.98,-0.49,6152.0,1.19
WASP-155 b,WASP-155,2025,Transit,3.110413,13.45077684,0.67253884,-0.67253884,5660.0,1.24
K2-386 b,K2-386,2022,Transit,7.473223,2.32,0.071,-0.067,5749.0,0.97
HATS-35 b,HATS-35,2016,Transit,1.8209993,16.409976,0.773421,-0.493196,6300.0,1.433
Kepler-918 b,Kepler-918,2016,Transit,4.85386933,1.74,0.4,-0.21,6028.0,1.14
K2-206 b,K2-206,2018,Transit,18.294549,2.79522879,0.22325706,-0.15450847,5043.0,0.758046
Kepler-141 b,Kepler-141,2014,Transit,3.107675,0.69,0.05,-0.05,4910.0,0.787
Kepler-582 b,Kepler-582,2016,Transit,18.49235668,3.68,0.55,-0.34,5564.0,0.91
TOI-912 b,TOI-912,2025,Transit,4.6780691,1.93,0.13,-0.13,3572.0,0.419
Kepler-335 c,Kepler-335,2014,Transit,67.844469,3.07,0.66,-0.66,5877.0,1.854
Kepler-31 d,Kepler-31,2014,Transit,87.6451,3.9,0.8,-0.8,6340.0,1.22
TOI-4427 b,TOI-4427,2026,Transit,4.6182621,13.09208946,0.31385146,-0.31385146,5347.0,0.89
TOI-2583 A b,TOI-2583 A,2023,Transit,4.5207265,14.4595851,0.44835923,-0.36989636,5936.0,1.477
Kepler-966 b,Kepler-966,2016,Transit,99.747622,4.13,1.17,-0.58,5840.0,1.02
WASP-140 b,WASP-140,2016,Transit,2.23598448,14.23540549,0.67253884,-0.67253884,5300.0,0.87
Kepler-630 b,Kepler-630,2016,Transit,161.4743937,3.18,0.34,-0.34,5829.0,1.04
HAT-P-26 b,HAT-P-26,2010,Transit,4.23452,7.06167,0.44836,-0.44836,5079.0,0.87
Kepler-874 b,Kepler-874,2016,Transit,40.0686727,3.94,1.07,-0.59,6020.0,1.13
L 98-59 b,L 98-59,2019,Transit,2.253114,0.837,0.019,-0.019,3415.0,0.3155
Kepler-235 b,Kepler-235,2014,Transit,3.340222,2.23,0.1,-0.1,4255.0,0.554
EPIC 220492298 b,EPIC 220492298,2021,Transit,0.762406,0.99,0.1,-0.1,5620.0,0.89
Kepler-85 c,Kepler-85,2012,Transit,12.51,1.978,0.056,-0.057,5505.2,0.875
Kepler-1345 b,Kepler-1345,2016,Transit,44.6169557,2.36,1.06,-0.46,6449.0,1.55
TOI-1130 c,TOI-1130,2020,Transit,8.3501898,13.0,0.4,-0.4,4360.0,0.697
WASP-19 b,WASP-19,2009,Transit,0.78883852,15.86070769,0.49319515,-0.53803107,5616.0,1.006
K2-395 c,K2-395,2022,Transit,8.491282,3.395,0.28,-0.257,5007.0,0.783
Kepler-866 b,Kepler-866,2016,Transit,2.617032536,1.63,0.08,-0.12,4751.0,0.71
Kepler-223 b,Kepler-223,2014,Transit,7.38449,2.99,0.18,-0.27,5803.0,1.72
Kepler-922 b,Kepler-922,2016,Transit,0.938466832,1.42,0.18,-0.11,5671.0,0.93
Gaia-2 b,Gaia-2,2022,Transit,3.6915224,14.81827249,0.14571675,-0.14571675,5720.0,1.064
HATS-67 b,HATS-67,2018,Transit,1.6091788,18.887165,0.526823,-0.526823,6594.0,1.441
Kepler-549 b,Kepler-549,2016,Transit,42.9495649,2.57,0.23,-0.17,5360.0,0.84
Kepler-1780 b,Kepler-1780,2021,Transit,109.4449997,3.60600667,,,5403.0,0.868
TOI-2447 b,TOI-2447,2024,Transit,69.33684,9.60609646,0.13450777,-0.12329879,5730.0,1.006
K2-58 d,K2-58,2016,Transit,22.8827,1.71,0.25,-0.25,5413.0,0.86
TOI-4137 b,TOI-4137,2022,Transit,3.8016122,13.57407563,0.44835923,-0.43715025,6202.0,1.438
Kepler-267 b,Kepler-267,2014,Transit,3.353728,1.98,0.09,-0.09,4258.0,0.555
Kepler-775 b,Kepler-775,2016,Transit,0.974868926,1.19,0.04,-0.04,5468.0,0.84
WASP-177 b,WASP-177,2019,Transit,3.071722,17.71022,7.39794,-4.03524,5017.0,0.885
TOI-6034 b,TOI-6034,2024,Transit,2.576184,11.92,0.48,-0.48,3635.0,0.489
Kepler-791 b,Kepler-791,2016,Transit,14.5539759,3.05,1.32,-0.7,6383.0,1.47
TOI-1260 b,TOI-1260,2021,Transit,3.127463,2.41,0.05,-0.05,4227.0,0.672
TOI-1062 b,TOI-1062,2021,Transit,4.11296,2.265,0.096,-0.091,5328.0,0.84
WASP-79 b,WASP-79,2012,Transit,3.662392,17.14974047,0.44835923,-0.44835923,6600.0,1.51
Kepler-1630 b,Kepler-1630,2016,Transit,509.997402,2.19,0.2,-0.1,4736.0,0.63
Kepler-1365 b,Kepler-1365,2016,Transit,7.69993485,0.92,0.14,-0.1,5770.0,1.05
Kepler-133 c,Kepler-133,2014,Transit,31.517586,2.84,0.48,-0.48,5736.0,1.425
Kepler-346 c,Kepler-346,2014,Transit,23.851549,3.07,1.46,-1.46,6033.0,1.021
Kepler-160 b,Kepler-160,2014,Transit,4.309397,1.715,0.061,-0.047,5471.0,1.118
Kepler-341 d,Kepler-341,2014,Transit,27.666313,1.85,0.94,-0.94,6012.0,1.024
K2-125 b,K2-125,2017,Transit,21.750264,2.18,0.19,-0.18,3654.47,0.402049
Kepler-1489 b,Kepler-1489,2016,Transit,82.294751,1.77,0.23,-0.18,5655.0,0.9
Kepler-1623 b,Kepler-1623,2016,Transit,4.36128348,1.31,0.31,-0.18,5772.0,1.0
KELT-11 b,KELT-11,2017,Transit,4.73620865,15.13212395,1.12089807,-1.12089807,5375.0,2.69
Kepler-496 b,Kepler-496,2016,Transit,8.30864937,2.32,0.19,-0.14,5293.0,0.82
TOI-4463 A b,TOI-4463 A,2023,Transit,2.8807198,13.26022417,0.71737476,-0.50440413,5640.0,1.062
Kepler-1246 b,Kepler-1246,2016,Transit,11.32271513,1.36,0.2,-0.22,4611.0,0.69
Kepler-1126 b,Kepler-1126,2016,Transit,108.593329,1.73,0.21,-0.14,5798.0,0.93
Kepler-926 b,Kepler-926,2016,Transit,52.0688601,2.31,0.57,-0.23,5806.0,1.01
Kepler-287 b,Kepler-287,2014,Transit,20.342199,2.33,1.06,-1.06,5806.0,1.032
HAT-P-21 b,HAT-P-21,2010,Transit,4.12448,12.44199,1.79344,-1.79344,5588.0,1.21
TOI-2145 b,TOI-2145,2023,Transit,10.261128,12.24020692,0.33626942,-0.31385146,6206.0,2.75
Kepler-48 c,Kepler-48,2012,Transit,9.67395,2.71,0.14,-0.14,5194.0,0.89
HD 110067 g,HD 110067,2023,Transit,54.76992,2.607,0.052,-0.052,5266.0,0.788
TOI-2096 b,TOI-2096,2023,Transit,3.1190633,1.243,0.077,-0.072,3300.0,0.235
Kepler-1356 b,Kepler-1356,2016,Transit,0.634002937,1.53,0.11,-0.1,5106.0,0.78
Kepler-605 c,Kepler-605,2016,Transit,2.358951515,0.86,0.11,-0.06,5462.0,0.88
Kepler-292 c,Kepler-292,2014,Transit,3.715335,1.47,0.15,-0.15,5299.0,0.826
Kepler-889 b,Kepler-889,2016,Transit,3.744439,1.09,0.19,-0.13,5961.0,1.25
Kepler-1254 c,Kepler-1254,2016,Transit,3.60084276,1.3,0.07,-0.12,4985.0,0.75
Kepler-244 c,Kepler-244,2014,Transit,9.767292,2.05,0.87,-0.87,5554.0,0.803
Kepler-1332 b,Kepler-1332,2016,Transit,11.87456832,1.37,0.09,-0.05,5581.0,0.9
Kepler-1950 b,Kepler-1950,2021,Transit,10.77690029,1.52696349,,,5455.0,0.852
Kepler-1984 b,Kepler-1984,2023,Transit,1.992812339,6.81,0.75,-0.9,3638.0,0.42
TOI-7510 c,TOI-7510,2025,Transit,22.5687423,10.81,0.32,-0.32,5720.0,1.035
K2-60 b,K2-60,2016,Transit,3.00265,7.655747,0.414733,-0.414733,5500.0,1.12
Kepler-1397 b,Kepler-1397,2016,Transit,47.449955,1.72,0.19,-0.14,6026.0,1.12
Kepler-358 b,Kepler-358,2014,Transit,34.060467,2.72,1.36,-1.36,5908.0,0.954
Kepler-354 d,Kepler-354,2014,Transit,24.209842,1.24,0.4,-0.4,4648.0,0.674
TOI-3135 b,TOI-3135,2025,Transit,3.7065585,13.65253849,0.33626942,-0.33626942,5890.0,0.985
Kepler-718 b,Kepler-718,2016,Transit,2.052349905,16.56,6.97,-3.12,6191.0,1.3
Kepler-1179 b,Kepler-1179,2016,Transit,2.685057492,1.32,0.09,-0.08,5212.0,0.81
Kepler-381 c,Kepler-381,2014,Transit,13.391635,1.12,0.25,-0.25,6152.0,1.568
Kepler-1342 b,Kepler-1342,2016,Transit,2.215710358,1.66,0.22,-0.13,5527.0,0.9
Kepler-1544 b,Kepler-1544,2016,Transit,168.811174,1.78,0.09,-0.07,4886.0,0.74
WASP-174 b,WASP-174,2018,Transit,4.2337005,16.10730527,0.56044903,-0.56044903,6399.0,1.347
AU Mic c,AU Mic,2021,Transit,18.859023,2.79,0.18,-0.17,3540.0,0.862
Kepler-475 b,Kepler-475,2016,Transit,3.105508189,2.49,0.05,-0.18,5009.0,0.79
Kepler-1978 b,Kepler-1978,2023,Transit,10.84969477,2.67,0.38,-0.21,5251.0,0.778
Kepler-1836 b,Kepler-1836,2021,Transit,5.254169941,2.55303229,,,6123.0,0.987
Kepler-141 c,Kepler-141,2014,Transit,7.010606,1.41,0.09,-0.09,4910.0,0.787
Kepler-948 b,Kepler-948,2016,Transit,7.76846622,1.85,0.32,-0.41,5679.0,0.94
K2-201 b,K2-201,2018,Transit,1.05979,1.40006712,0.13501309,-0.0774973,5507.0,0.878161
HD 213885 b,HD 213885,2019,Transit,1.008035,1.745,0.051,-0.052,5978.0,1.1011
Kepler-887 c,Kepler-887,2016,Transit,7.63846023,1.13,0.17,-0.11,6194.0,1.29
Kepler-306 d,Kepler-306,2014,Transit,17.326644,2.47,0.24,-0.24,4954.0,0.719
Kepler-177 c,Kepler-177,2013,Transit,49.40926,8.73,0.36,-0.34,5732.0,1.324
Kepler-52 c,Kepler-52,2012,Transit,16.3850021,1.84,,,4075.0,0.52
Kepler-572 b,Kepler-572,2016,Transit,17.20523483,2.58,0.18,-0.17,5212.0,0.79
Kepler-1450 b,Kepler-1450,2016,Transit,54.5094166,1.71,0.13,-0.11,4524.0,0.68
Kepler-882 b,Kepler-882,2016,Transit,3.989539666,1.23,0.15,-0.09,5476.0,0.87
Kepler-559 b,Kepler-559,2016,Transit,17.58752333,3.61,0.64,-0.36,5630.0,0.95
TOI-1232 b,TOI-1232,2026,Transit,14.256,10.92875618,0.59407598,-0.582867,5823.0,1.072
TOI-4773 b,TOI-4773,2025,Transit,1.7452851,15.22179579,0.54924005,-0.53803107,6740.0,1.55
Kepler-1312 b,Kepler-1312,2016,Transit,5.448325286,2.1,0.08,-0.07,5719.0,0.92
WASP-22 b,WASP-22,2010,Transit,3.53269,13.78707,1.56926,-1.56926,6000.0,1.24
Kepler-272 b,Kepler-272,2014,Transit,2.971353,1.43,0.77,-0.77,5297.0,0.929
Kepler-35 b,Kepler-35,2011,Transit,131.458,8.16,0.157,-0.157,5606.0,1.0284
Kepler-1511 b,Kepler-1511,2016,Transit,23.2382792,1.68,0.69,-0.24,6064.0,1.29
WASP-34 b,WASP-34,2010,Transit,4.31768,11.209,0.89672,-0.89672,5700.0,0.91
HD 260655 c,HD 260655,2022,Transit,5.70588,1.533,0.051,-0.046,3803.0,0.439
Kepler-1426 b,Kepler-1426,2016,Transit,14.2563227,1.56,0.33,-0.17,5831.0,1.02
Kepler-1988 b,Kepler-1988,2023,Transit,11.49500229,1.53,0.3,-0.49,6033.0,1.788
Kepler-968 c,Kepler-968,2016,Transit,5.709404918,1.69,0.08,-0.07,4598.0,0.7
TOI-1685 b,TOI-1685,2021,Transit,0.66913923,1.421,0.06,-0.06,3470.0,0.462
Kepler-678 b,Kepler-678,2016,Transit,7.27503724,5.14,0.66,-0.35,5520.0,0.91
Kepler-144 c,Kepler-144,2014,Transit,10.104665,1.35,0.26,-0.26,6075.0,1.235
Kepler-427 b,Kepler-427,2014,Transit,10.290994,13.79,2.35,-2.35,5800.0,1.35
TOI-1298 b,TOI-1298,2021,Transit,4.537143,9.65807033,0.19896656,-0.17319735,5752.0,1.4536
Kepler-1874 b,Kepler-1874,2021,Transit,56.57320023,2.21110724,,,4701.0,0.775
K2-88 b,K2-88,2016,Transit,4.6122,1.23,0.25,-0.25,3537.0,0.256
TOI-5634 A b,TOI-5634 A,2024,Transit,2.2035373,10.42,0.62,-0.55,3896.0,0.54
TOI-883 b,TOI-883,2026,Transit,10.05771848538,7.17166228,0.47668767,-0.46443949,5713.15,1.01477
Kepler-164 d,Kepler-164,2014,Transit,28.986769,2.45,0.47,-0.47,5888.0,1.148
Kepler-431 c,Kepler-431,2015,Transit,8.703,0.668,,,6004.0,1.092
Kepler-140 c,Kepler-140,2014,Transit,91.353282,1.8,0.35,-0.35,6077.0,1.288
Kepler-247 c,Kepler-247,2014,Transit,9.439452,4.09,1.14,-1.14,5100.0,0.768
Kepler-32 b,Kepler-32,2011,Transit,5.90124,2.2,0.2,-0.2,3900.0,0.53
TIC 279401253 b,TIC 279401253,2023,Transit,76.8,11.2089807,0.44835923,-0.44835923,5951.0,1.06
Kepler-1818 b,Kepler-1818,2021,Transit,4.644909859,1.71360684,,,6047.0,1.129
K2-193 b,K2-193,2018,Transit,14.786889,3.95,0.12,-0.12,5817.0,0.98
HD 15906 c,HD 15906,2023,Transit,21.583298,2.93,0.07,-0.06,4757.0,0.762
TOI-6109 b,TOI-6109,2025,Transit,5.690476,4.8704,0.1622,-0.1231,5660.0,1.021
TOI-1839 c,TOI-1839,2026,Transit,4.02393854207,2.40867246,0.42638903,-0.26892818,5315.91,0.848099
HD 17156 b,HD 17156,2007,Radial Velocity,21.2164294,12.26262489,0.3474784,-0.33626942,6046.0,1.517
TOI-871 b,TOI-871,2024,Transit,14.362565,1.664,0.114,-0.113,4929.0,0.719
WASP-124 b,WASP-124,2016,Transit,3.37265,13.89916,0.33627,-0.33627,6050.0,1.02
Kepler-1649 b,Kepler-1649,2017,Transit,8.689099,1.017,0.051,-0.051,3240.0,0.2317
Kepler-1518 c,Kepler-1518,2023,Transit,9.6310258,2.9,0.82,-0.68,6432.0,1.345
TOI-4311 b,TOI-4311,2026,Transit,0.9902738,1.376,0.077,-0.08,5063.0,0.8441
Kepler-767 b,Kepler-767,2016,Transit,161.5280101,6.64,0.86,-0.55,5694.0,0.94
TOI-2986 b,TOI-2986,2025,Transit,3.2783662,9.292245,0.25780656,-0.23538859,5906.0,1.458
K2-83 b,K2-83,2016,Transit,2.74697,1.244,0.098,-0.098,3910.0,0.424
HAT-P-63 b,HAT-P-63,2021,Transit,3.377728,12.5428494,0.36989636,-0.36989636,5400.0,0.9661
Kepler-1182 b,Kepler-1182,2016,Transit,11.17394617,2.41,0.6,-0.5,5924.0,1.05
Kepler-1990 c,Kepler-1990,2023,Transit,4.06844957,0.98,0.17,-0.1,5751.0,1.071
Kepler-1688 b,Kepler-1688,2020,Transit,5.62012,1.26174569,,,4632.11,0.746
Kepler-1191 b,Kepler-1191,2016,Transit,5.60014851,1.51,0.13,-0.11,5308.0,0.81
Kepler-328 b,Kepler-328,2013,Transit,34.921,2.3,0.96,-0.23,6064.0,1.06
TOI-4638.01,TOI-4638,2024,Transit,10.283918787,2.933,0.376,-0.245,5700.0,0.895
Kepler-511 c,Kepler-511,2021,Transit,26.62949944,4.20964327,,,5866.0,1.417
Kepler-1337 b,Kepler-1337,2016,Transit,24.4002549,2.41,0.1,-0.44,4523.0,0.67
K2-198 b,K2-198,2018,Transit,17.0428683,4.189,0.228,-0.098,5212.9,0.757
TOI-1054.01,TOI-1054,2021,Transit,15.5077855,2.43432,0.142957,-0.142957,6122.0,1.17
WASP-107 b,WASP-107,2017,Transit,5.7214876,10.53646,0.22418,-0.22418,4425.0,0.657
Kepler-1997 b,Kepler-1997,2023,Transit,26.7575866,2.28,0.72,-0.28,6215.0,1.052
Kepler-296 c,Kepler-296,2014,Transit,5.8416366,2.0,0.33,-0.32,3740.0,0.48
TOI-5678 b,TOI-5678,2023,Transit,47.73022,4.91,0.08,-0.08,5485.0,0.938
Kepler-1593 b,Kepler-1593,2016,Transit,174.509835,3.17,0.3,-0.28,4995.0,0.77
Kepler-625 b,Kepler-625,2016,Transit,7.75192492,1.99,0.06,-0.05,5789.0,0.96
Kepler-1302 b,Kepler-1302,2016,Transit,8.83922659,1.43,0.15,-0.09,5236.0,0.82
K2-129 b,K2-129,2017,Transit,8.239493,1.04,0.1,-0.09,3459.09,0.36001
Kepler-977 b,Kepler-977,2016,Transit,26.85328322,2.62,0.17,-0.17,5315.0,0.83
Kepler-1178 b,Kepler-1178,2016,Transit,31.80634,1.07,0.06,-0.08,4990.0,0.75
EPIC 201170410.02,EPIC 201170410,2020,Transit,6.7987,1.047,0.276,-0.257,3648.0,0.282
K2-407 b,K2-407,2022,Transit,4.941907,1.283,0.097,-0.089,5563.0,0.927
K2-155 d,K2-155,2018,Transit,40.718,1.9,0.7,-0.2,4258.0,0.58
K2-340 b,K2-340,2021,Transit,29.740451,3.36,0.44,-0.32,5532.0,1.13
K2-255 b,K2-255,2018,Transit,1.96417,2.9,0.28,-0.11,4676.0,0.69
Kepler-1678 b,Kepler-1678,2020,Transit,147.974,3.30422249,,,5754.0,0.834976
TIC 434398831 b,TIC 434398831,2025,Transit,3.685504,3.51,0.22,-0.21,5638.0,0.909
HD 224018 b,HD 224018,2025,Radial Velocity,10.6413,0.91,0.64,-0.57,5784.0,1.147
Kepler-1334 b,Kepler-1334,2016,Transit,15.64591713,2.29,0.31,-0.18,5614.0,0.91
Kepler-480 b,Kepler-480,2016,Transit,4.919583795,2.78,0.29,-0.21,6322.0,1.34
Kepler-1644 b,Kepler-1644,2016,Transit,21.0907758,1.88,0.52,-0.16,5499.0,0.86
Kepler-1209 b,Kepler-1209,2016,Transit,25.369116,1.51,0.32,-0.18,6210.0,1.38
Kepler-1953 b,Kepler-1953,2021,Transit,6.245659828,1.28574667,,,4858.0,0.707
Kepler-384 b,Kepler-384,2014,Transit,22.597053,1.12,0.32,-0.32,5577.0,0.882
Kepler-1249 b,Kepler-1249,2016,Transit,24.3347127,2.38,0.97,-0.38,6202.0,1.28
TOI-2641 b,TOI-2641,2023,Transit,4.880974,18.10250383,5.17854908,-7.17374765,6100.0,1.336
Kepler-303 b,Kepler-303,2014,Transit,1.937055,0.89,0.05,-0.05,3944.0,0.485
HATS-65 b,HATS-65,2018,Transit,3.105161,16.824709,0.56045,-0.56045,6277.0,1.31
Kepler-255 c,Kepler-255,2014,Transit,9.946047,2.99,1.18,-1.18,5573.0,0.933
Kepler-357 d,Kepler-357,2014,Transit,49.499875,3.43,2.04,-2.04,5036.0,0.834
Kepler-1674 b,Kepler-1674,2020,Transit,62.5611,3.2057749,,,5473.91,0.877273
Kepler-1238 b,Kepler-1238,2016,Transit,4.14787559,1.93,0.85,-0.42,6386.0,1.48
K2-35 c,K2-35,2016,Transit,5.608352,1.93,0.13,-0.11,4402.71,0.619575
Kepler-1940 b,Kepler-1940,2021,Transit,4.950610161,1.54732469,,,5431.0,0.717
Kepler-1786 b,Kepler-1786,2021,Transit,78.5460968,3.16305828,,,5808.0,1.397
TOI-2267 d,TOI-2267 B,2025,Transit,2.0344671,1.77,0.43,-0.43,3022.0,0.13
K2-121 b,K2-121,2017,Transit,5.185738,7.16,0.12,-0.06,4526.0,0.675
K2-252 b,K2-252,2018,Transit,13.81513,1.74,0.17,-0.12,5152.0,0.82
Kepler-850 b,Kepler-850,2016,Transit,7.19303878,1.78,0.47,-0.21,5932.0,1.09
K2-119 b,K2-119,2017,Transit,7.727283,2.53,0.2,-0.2,4740.0,0.71
Kepler-265 d,Kepler-265,2014,Transit,43.130617,2.49,0.54,-0.54,5835.0,1.103
Kepler-1962 b,Kepler-1962,2021,Transit,7.991459846,1.21463929,,,5700.0,1.006
MASCARA-1 b,MASCARA-1,2017,Transit,2.14877381,17.90074218,0.20176165,-0.21297063,7490.0,2.082
Kepler-266 b,Kepler-266,2014,Transit,6.61833,2.48,1.2,-1.2,5885.0,1.028
Kepler-856 b,Kepler-856,2016,Transit,8.027680595,9.3,1.25,-0.6,5535.0,0.93
Kepler-691 b,Kepler-691,2016,Transit,8.114379,2.09,0.09,-0.09,3715.0,0.5
HAT-P-2 b,HAT-P-2,2007,Transit,5.6335158,10.659759,0.437151,-0.594077,6380.0,1.39
TOI-4127 b,TOI-4127,2023,Transit,56.3987,12.07,0.5,-0.49,6096.0,1.293
HD 136352 c,HD 136352,2019,Radial Velocity,27.59221,2.916,0.075,-0.073,5664.0,1.058
K2-213 b,K2-213,2018,Transit,8.13087,1.51398464,0.29814572,-0.20976135,5794.0,1.20424
Kepler-1279 b,Kepler-1279,2016,Transit,23.4774101,1.75,0.88,-0.27,6221.0,1.33
Kepler-1083 b,Kepler-1083,2016,Transit,33.4177993,3.36,0.16,-0.63,5049.0,0.77
Kepler-79 d,Kepler-79,2014,Transit,52.0897,7.15,0.2,-0.2,6389.0,1.316
Kepler-724 b,Kepler-724,2016,Transit,3.314946338,3.29,0.4,-0.23,5437.0,0.86
Kepler-190 b,Kepler-190,2014,Transit,2.019999,1.56,0.11,-0.11,5106.0,0.795
WASP-10 b,WASP-10,2008,Transit,3.0927616,12.106,0.224,-0.224,4675.0,0.698
Kepler-1661 b,Kepler-1661,2020,Transit,175.06,3.87,0.06,-0.06,5100.0,0.762
TOI-1438 b,TOI-1438,2025,Transit,5.13967,3.04,0.19,-0.19,5230.0,0.82
Kepler-112 c,Kepler-112,2014,Transit,28.574263,2.4,0.58,-0.58,5544.0,0.841
NGTS-17 b,NGTS-17,2021,Transit,3.24253,13.89913607,1.23298788,-1.23298788,5650.0,1.337
K2-15 b,K2-15,2015,Transit,11.8104,2.48,0.3,-0.3,5131.0,0.68
Kepler-377 b,Kepler-377,2014,Transit,12.509529,1.39,0.27,-0.27,5949.0,1.224
Kepler-54 d,Kepler-54,2014,Transit,20.995694,1.53,0.08,-0.08,4252.0,0.554
NGTS-5 b,NGTS-5,2019,Transit,3.3569866,12.733424,0.257807,-0.257807,4987.0,0.739
K2-87 b,K2-87,2016,Transit,9.726618,7.6,0.4,-0.4,5747.0,1.401
Qatar-1 b,Qatar-1,2010,Transit,1.4200242,12.811887,0.291434,-0.280225,5013.0,0.803
K2-136 c,K2-136,2017,Transit,17.30723,3.0,0.13,-0.13,4500.0,0.677
Kepler-983 b,Kepler-983,2016,Transit,60.0855082,2.36,0.07,-0.18,6052.0,1.08
Kepler-887 b,Kepler-887,2016,Transit,20.42228798,1.84,0.27,-0.17,6194.0,1.29
Kepler-1948 b,Kepler-1948,2021,Transit,15.57129955,1.03283226,,,3872.0,0.557
Kepler-39 b,Kepler-39,2011,Transit,21.08721,13.9,1.01,-1.12,6350.0,1.4
K2-50 b,K2-50,2016,Transit,8.7529,1.59,0.24,-0.24,4326.0,0.546
Kepler-196 c,Kepler-196,2014,Transit,47.427737,2.24,0.17,-0.17,5128.0,0.782
Kepler-444 c,Kepler-444,2015,Transit,4.5458841,0.497,0.021,-0.017,5046.0,0.752
Kepler-321 c,Kepler-321,2014,Transit,13.093921,2.32,0.45,-0.45,5740.0,1.194
Kepler-1828 b,Kepler-1828,2021,Transit,10.2737999,2.11598626,,,5806.0,0.899
Kepler-76 b,Kepler-76,2013,Orbital Brightness Modulation,1.5449298,15.24424,1.34508,-1.34508,6409.0,1.32
GJ 1214 b,GJ 1214,2009,Transit,1.580404531,2.733,0.033,-0.031,3101.0,0.2162
TOI-1468 b,TOI-1468,2022,Transit,1.8805201,1.401,0.059,-0.06,3376.0,0.3714
TIC 434398831 c,TIC 434398831,2025,Transit,6.210291,5.63,0.29,-0.28,5638.0,0.909
Kepler-535 b,Kepler-535,2016,Transit,4.903321551,2.36,0.33,-0.21,6123.0,1.27
TOI-3082 b,TOI-3082,2023,Transit,1.926907,3.6621,0.1464,-0.1448,4263.0,0.6847
WD 1856+534 b,WD 1856+534,2020,Transit,1.4079405,10.4,1.0,-1.0,4710.0,0.0131
Kepler-1037 b,Kepler-1037,2016,Transit,1.063788673,1.28,0.09,-0.07,5105.0,0.78
Kepler-107 b,Kepler-107,2014,Transit,3.1800218,1.536,0.025,-0.025,5854.0,1.447
Kepler-378 c,Kepler-378,2014,Transit,28.906009,0.7,0.05,-0.05,4661.0,0.671
Kepler-347 d,Kepler-347,2023,Transit,85.517344,3.04,0.45,-0.71,5592.0,1.451
Kepler-1645 b,Kepler-1645,2016,Transit,16.1779561,1.78,0.43,-0.2,5812.0,1.02
Kepler-965 b,Kepler-965,2016,Transit,134.2527298,3.38,0.55,-0.39,5886.0,1.15
Kepler-404 b,Kepler-404,2014,Transit,11.829851,1.27,0.55,-0.55,5654.0,0.884
TOI-6303 b,TOI-6303,2025,Transit,9.485236,11.59,0.61,-0.64,3977.0,0.609
Kepler-1530 b,Kepler-1530,2016,Transit,2.5904434,1.64,0.21,-0.11,5477.0,0.88
WASP-167 b,WASP-167,2017,Transit,2.0219596,17.71022,0.56045,-0.56045,7000.0,1.79
HIP 41378 f,HIP 41378,2016,Transit,542.0797,9.47,0.07,-0.07,6290.0,1.3
Kepler-360 c,Kepler-360,2014,Transit,7.186434,2.1,1.0,-1.0,6053.0,1.058
K2-412 b,K2-412,2022,Transit,5.9382,2.116,0.105,-0.1052,5590.0,0.977
Kepler-1996 c,Kepler-1996,2023,Transit,92.7297248,2.81,0.2,-0.08,4580.0,0.675
Kepler-1441 b,Kepler-1441,2016,Transit,39.4419839,1.31,0.22,-0.13,5802.0,1.0
LTT 3780 b,LTT 3780,2020,Transit,0.76837931,1.325,0.057,-0.058,3358.0,0.38
Kepler-498 b,Kepler-498,2016,Transit,9.61375356,3.03,0.5,-0.34,5744.0,0.96
EPIC 201615463 c,K2-166,2019,Transit,3.80464,1.22,0.21,-0.17,5960.0,1.61
CoRoT-28 b,CoRoT-28,2015,Transit,5.20851,10.704595,0.739794,-0.739794,5150.0,1.78
OGLE-TR-211 b,OGLE-TR-211,2007,Transit,3.67724,15.244,2.018,-1.009,6325.0,1.64
K2-247 b,K2-247,2018,Transit,2.25021,2.12,0.19,-0.16,4667.0,0.69
Kepler-1324 b,Kepler-1324,2016,Transit,4.115844679,1.51,0.08,-0.09,4776.0,0.73
TOI-3919 b,TOI-3919,2024,Transit,7.433234,12.31866979,0.582867,-0.56044903,6100.0,1.319
Kepler-354 c,Kepler-354,2014,Transit,16.934402,1.31,0.42,-0.42,4648.0,0.674
CoRoT-22 b,CoRoT-22,2014,Transit,9.75598,4.88,0.17,-0.39,5939.0,1.136
TIC 198190129 b,TIC 198190129,2026,Transit,7.94804910667,2.92284949,0.21251203,-0.20166389,4377.53,0.640675
K2-325 b,K2-325,2020,Transit,6.93,2.2,0.14,-0.15,3287.0,0.298
Kepler-320 c,Kepler-320,2014,Transit,17.934937,1.37,0.64,-0.64,6435.0,1.108
Kepler-879 b,Kepler-879,2016,Transit,33.3855938,2.57,0.66,-0.28,5792.0,1.02
K2-368 d,K2-368,2022,Transit,20.201085,1.948,0.152,-0.143,4663.0,0.663
Kepler-1933 b,Kepler-1933,2021,Transit,4.943290234,1.17984089,,,5661.0,1.008
TOI-2537 b,TOI-2537,2024,Transit,94.1022,11.25381662,0.66132986,-0.68374782,4870.0,0.771
Kepler-1641 b,Kepler-1641,2016,Transit,19.672266,3.11,1.13,-0.58,6152.0,1.19
Kepler-23 b,Kepler-23,2011,Transit,7.1,1.638,0.047,-0.047,5828.0,1.548
Kepler-1173 b,Kepler-1173,2016,Transit,0.7698536,0.89,0.23,-0.07,5252.0,0.82
L 98-59 c,L 98-59,2019,Transit,3.6906764,1.329,0.029,-0.029,3415.0,0.3155
Kepler-367 b,Kepler-367,2014,Transit,37.815724,1.3,0.16,-0.16,4710.0,0.695
Kepler-1166 b,Kepler-1166,2016,Transit,33.2406882,1.69,0.62,-0.14,5446.0,0.86
LHS 1815 b,LHS 1815,2020,Transit,3.814334,1.088,0.064,-0.064,3643.0,0.501
Kepler-603 d,Kepler-603,2016,Transit,6.2171292,1.32,0.25,-0.13,5808.0,1.01
Kepler-458 c,KIC 9663113,2016,Transit,20.74028413,4.2,0.63,-0.4,6117.21,2.21562
Kepler-1922 b,Kepler-1922,2021,Transit,13.22259998,2.29064904,,,5931.0,0.863
Kepler-969 c,Kepler-969,2016,Transit,1.682934604,0.99,0.02,-0.05,5214.0,0.82
HIP 41378 e,HIP 41378,2016,Transit,393.0,5.19,0.04,-0.04,6290.0,1.3
WASP-63 b,WASP-63,2012,Transit,4.37808,15.80469,1.56926,-1.56926,5550.0,1.86
GJ 1132 b,GJ 1132,2015,Transit,1.62892911,1.19151465,0.03811053,-0.04483592,3229.0,0.2211
TOI-6223 b,TOI-6223,2025,Transit,3.855219,5.07,0.22,-0.22,3895.0,0.576
Kepler-178 d,Kepler-178,2014,Transit,96.678988,3.95,1.7,-1.7,5676.0,1.066
TOI-7384 b,TOI-7384,2026,Transit,6.2340258,3.56,0.21,-0.21,3185.0,0.319
K2-281 b,K2-281,2018,Transit,8.687721,8.18,0.21,-0.21,4812.0,0.76
TOI-1448 b,TOI-1448,2024,Transit,8.112245,2.749,0.067,-0.063,3412.0,0.38
Kepler-862 b,Kepler-862,2016,Transit,3.148664534,2.21,0.44,-0.17,5333.0,0.84
TOI-5350 b,TOI-5350,2025,Transit,7.581367,12.41955062,0.42594127,-0.32506044,6220.0,1.263
Kepler-138 c,Kepler-138,2014,Transit,13.7815,1.51,0.04,-0.04,3841.0,0.535
Kepler-1001 b,Kepler-1001,2016,Transit,14.30511983,3.15,0.34,-0.48,5491.0,0.88
TIC 294329732 b,TIC 294329732,2026,Transit,9.7565876181,2.07692266,0.22293792,-0.18647061,5201.93,0.920172
TOI-1814 b,TOI-1814,2026,Transit,6.36861010462,5.18536642,0.39910545,-0.39030277,4872.84,2.3895
Kepler-1059 b,Kepler-1059,2016,Transit,3.764191048,1.73,0.12,-0.15,4906.0,0.72
Kepler-518 b,Kepler-518,2016,Transit,8.512035877,2.11,0.05,-0.05,5842.0,0.88
Kepler-28 b,Kepler-28,2011,Transit,5.91,1.959,0.043,-0.042,4499.3,0.664
HD 63433 c,HD 63433,2020,Transit,20.5438281,2.692,0.108,-0.088,5553.0,0.934
TOI-128.01,TOI-128,2024,Transit,4.9404681,2.21898,0.10878,-0.10878,6086.0,1.13
Kepler-49 d,Kepler-49,2014,Transit,2.576549,1.6,0.07,-0.07,4252.0,0.559
Kepler-107 c,Kepler-107,2014,Transit,4.901452,1.597,0.026,-0.026,5854.0,1.447
TOI-2095 b,TOI-2095,2023,Transit,17.66484,1.25,0.07,-0.07,3759.0,0.44
WASP-67 b,WASP-67,2012,Transit,4.61442,12.89035,1.23299,-1.23299,5200.0,0.88
Kepler-1755 b,Kepler-1755,2021,Transit,24.81209946,5.91688317,,,6086.0,0.921
TOI-2000 b,TOI-2000,2023,Transit,3.09833,2.7,0.15,-0.15,5611.0,1.134
WASP-131 b,WASP-131,2016,Transit,5.3220125,13.74221034,0.41473229,-0.41473229,5990.0,1.561
TOI-5736 b,TOI-5736,2025,Transit,0.64899,1.56,0.07,-0.07,3949.0,0.58
Kepler-9 c,Kepler-9,2010,Transit,38.9853,8.08,0.54,-0.41,5774.0,0.958
OGLE-TR-113 b,OGLE-TR-113,2004,Transit,1.4324752,12.251,0.314,-0.213,4790.0,0.774
Kepler-1041 b,Kepler-1041,2016,Transit,24.7576421,2.94,0.62,-0.53,5957.0,1.08
Kepler-877 b,Kepler-877,2016,Transit,18.45847097,2.12,0.14,-0.27,5261.0,0.81
KIC 10525077 b,KIC 10525077,2015,Transit,854.083,5.5,0.9,-0.8,6091.0,1.01
HD 135694 b,HD 135694,2023,Transit,15.923475568,2.857,0.227,-0.206,5712.0,1.08
K2-70 b,K2-70,2016,Transit,13.97896,2.89,0.47,-0.47,5622.0,0.93
TIC 237913194 b,TIC 237913194,2020,Transit,15.168865,12.520453,0.605286,-0.526823,5788.0,1.088
Kepler-1578 b,Kepler-1578,2016,Transit,1.450886907,1.04,0.11,-0.11,5545.0,0.86
WASP-84 c,WASP-84,2023,Transit,1.4468849,1.95,0.12,-0.12,5280.0,0.768
TOI-776 c,TOI-776,2020,Transit,15.665323,2.047,0.081,-0.078,3725.0,0.547
Kepler-212 b,Kepler-212,2014,Transit,16.257582,1.09,0.21,-0.21,5852.0,1.455
Kepler-1577 b,Kepler-1577,2016,Transit,6.30560247,1.13,0.05,-0.11,4862.0,0.74
Kepler-257 b,Kepler-257,2014,Transit,2.382667,2.61,1.31,-1.31,5180.0,1.037
WASP-61 b,WASP-61,2012,Transit,3.8559,15.80469,2.46598,-2.46598,6250.0,1.55
Kepler-165 b,Kepler-165,2014,Transit,8.180848,2.32,1.41,-1.41,5211.0,0.77
Kepler-55 d,Kepler-55,2014,Transit,2.211099,1.59,0.09,-0.09,4503.0,0.619
Kepler-1700 b,Kepler-1700,2020,Transit,234.239,2.90129941,,,6031.0,1.0937
EPIC 212499991 b,EPIC 212499991,2019,Transit,34.885,1.6,0.13,-0.16,4982.79,0.757541
Kepler-1608 b,Kepler-1608,2016,Transit,16.4735686,1.73,0.16,-0.19,4992.0,0.72
HATS-11 b,HATS-11,2016,Transit,3.619188,18.03,0.72,-0.72,6563.0,1.54
TOI-1789 b,TOI-1789,2021,Transit,3.208664,16.14093221,2.69015537,-1.5692573,5991.0,2.168
EPIC 201757695.02,EPIC 201757695,2020,Transit,2.0478,0.90819,0.05861,-0.06401,4520.0,0.655
Kepler-152 b,Kepler-152,2014,Transit,18.207973,2.79,0.17,-0.17,5088.0,0.724
Kepler-253 c,Kepler-253,2014,Transit,10.281951,2.65,1.11,-1.11,5208.0,0.786
Kepler-759 b,Kepler-759,2016,Transit,41.805985,2.27,0.49,-0.24,5860.0,1.04
V1298 Tau c,V1298 Tau,2019,Transit,8.249164,5.08,0.37,-0.37,4970.0,1.32
HIP 8152 c,HIP 8152,2023,Transit,19.60562,2.52442508,0.14962921,-0.14078921,5618.0,0.9603
HATS-29 b,HATS-29,2016,Transit,4.6058749,14.022459,0.683749,-0.683749,5670.0,1.073
Kepler-365 c,Kepler-365,2014,Transit,17.784129,1.64,0.77,-0.77,6012.0,1.048
TOI-942 c,TOI-942,2020,Transit,10.156272,4.67,0.34,-0.3,4969.0,0.894
Kepler-899 b,Kepler-899,2016,Transit,19.17891293,2.68,0.46,-0.26,5595.0,0.91
HD 110067 b,HD 110067,2023,Transit,9.113678,2.2,0.03,-0.03,5266.0,0.788
K2-272 b,K2-272,2018,Transit,14.4536756,3.13,0.38,-0.21,5397.0,0.83
TOI-3474 b,TOI-3474,2025,Transit,3.8795105,14.67255574,0.36989636,-0.35868738,6020.0,1.256
Kepler-1328 b,Kepler-1328,2016,Transit,4.52158888,0.98,0.2,-0.09,5780.0,0.99
K2-61 b,K2-61,2016,Transit,2.57336,1.92,0.11,-0.05,5748.0,0.995
Kepler-1329 b,Kepler-1329,2016,Transit,9.33646594,2.17,0.06,-0.16,4500.0,0.69
Kepler-825 c,Kepler-825,2016,Transit,8.1818246,1.84,0.4,-0.24,5976.0,1.08
Kepler-281 c,Kepler-281,2014,Transit,36.337373,5.31,2.06,-2.06,5723.0,0.899
Kepler-382 b,Kepler-382,2014,Transit,5.262155,1.32,0.63,-0.63,5600.0,0.945
TOI-4329 b,TOI-4329,2022,Transit,2.9223,16.81347105,2.12970633,-2.12970633,6000.0,2.31
Kepler-1106 b,Kepler-1106,2016,Transit,1.252752174,1.65,0.49,-0.23,6104.0,1.17
WASP-129 b,WASP-129,2016,Transit,5.748145,10.42437,0.33627,-0.33627,5900.0,0.9
Kepler-171 c,Kepler-171,2014,Transit,11.463462,2.56,1.15,-1.15,5642.0,0.839
WASP-33 b,WASP-33,2010,Transit,1.21987,17.855937,0.829466,-0.829466,7430.0,1.444
Kepler-835 b,Kepler-835,2016,Transit,11.41909375,2.79,0.54,-0.29,5954.0,1.11
Kepler-1666 c,Kepler-1666,2020,Transit,40.7157,3.23564749,,,6293.0,1.14586
Kepler-1341 b,Kepler-1341,2016,Transit,132.9968322,2.99,0.42,-0.37,4662.0,0.72
HAT-P-23 b,HAT-P-23,2010,Transit,1.212884,15.334,1.009,-1.009,5905.0,1.203
Kepler-396 b,Kepler-396,2013,Transit,42.994,3.5,1.28,-0.65,5656.0,1.06
Kepler-1143 b,Kepler-1143,2016,Transit,2.888904849,1.67,0.13,-0.11,5053.0,0.77
Kepler-1801 b,Kepler-1801,2021,Transit,10.44089985,2.70926154,,,5738.0,0.981
Kepler-136 b,Kepler-136,2014,Transit,11.5789,2.05,0.38,-0.38,6165.0,1.355
WASP-120 b,WASP-120,2016,Transit,3.61126721,15.58048317,0.89671846,-0.89671846,6450.0,1.68443
WASP-72 b,WASP-72,2012,Transit,2.21673,14.45961,2.01762,-2.01762,6250.0,2.18
Kepler-244 d,Kepler-244,2014,Transit,20.050401,2.31,0.97,-0.97,5554.0,0.803
TOI-1680 b,TOI-1680,2023,Transit,4.8026345,1.466,0.063,-0.049,3225.0,0.2106
HD 118203 b,HD 118203,2005,Radial Velocity,6.1349779,12.778238,0.32506044,-0.32506044,5742.0,2.04
Kepler-146 c,Kepler-146,2014,Transit,76.732171,3.13,0.59,-0.59,5948.0,1.208
KOI-4777.01,KOI-4777,2022,Transit,0.412,0.51,0.03,-0.03,3515.0,0.4
Kepler-166 b,Kepler-166,2014,Transit,7.650254,2.27,1.17,-1.17,5413.0,0.742
HATS-4 b,HATS-4,2014,Transit,2.516729,11.433,0.415,-0.415,5403.0,0.925
Kepler-507 b,Kepler-507,2016,Transit,3.568096926,1.3,0.24,-0.17,6113.0,1.32
TOI-5704 b,TOI-5704,2023,Transit,3.771116,3.2274,0.1873,-0.1398,4590.0,0.7575
Kepler-121 b,Kepler-121,2014,Transit,3.177422,2.34,1.27,-1.27,5311.0,0.701
TOI-2076 e,TOI-2076,2025,Transit,3.0223753,1.301,0.059,-0.059,5187.0,0.758
HD 63433 d,HD 63433,2023,Transit,4.209075,1.073,0.046,-0.044,5688.0,0.912
Kepler-172 d,Kepler-172,2014,Transit,14.627119,2.25,0.4,-0.4,5526.0,1.085
Kepler-1204 b,Kepler-1204,2016,Transit,85.7350285,3.05,0.87,-0.3,5825.0,1.03
Kepler-705 b,Kepler-705,2016,Transit,56.0560538,2.11,0.1,-0.08,3722.0,0.51
TOI-238 c,TOI-238,2024,Radial Velocity,8.465651,2.18,0.18,-0.18,5059.0,0.733
Kepler-716 c,Kepler-716,2020,Transit,3.96999,1.39281536,,,5012.0,0.742183
Kepler-1858 b,Kepler-1858,2021,Transit,88.07160187,2.42168247,,,4939.0,0.819
KOI-13 b,KOI-13,2011,Transit,1.763588,16.948008,0.392315,-0.392315,7650.0,1.74
K2-365 b,K2-365,2022,Transit,23.448172,2.906,0.195,-0.176,5561.0,1.051
K2-376 b,K2-376,2022,Transit,5.776475,1.736,0.125,-0.119,5937.0,1.149
Kepler-728 b,Kepler-728,2016,Transit,5.743477265,3.34,0.45,-0.26,5660.0,0.93
Kepler-563 b,Kepler-563,2016,Transit,22.18432708,3.09,0.17,-0.2,5066.0,0.77
Kepler-221 d,Kepler-221,2014,Transit,10.04156,2.73,0.25,-0.25,5243.0,0.821
Kepler-595 b,Kepler-595,2016,Transit,25.3029092,3.708,0.01,-0.01,5138.5,0.821
Kepler-296 f,Kepler-296,2014,Transit,63.33627,1.8,0.31,-0.3,3740.0,0.48
TOI-682.01,TOI-682,2021,Transit,6.8392388,3.74186,0.251835,-0.251835,5085.0,1.08
Kepler-534 b,Kepler-534,2016,Transit,15.95994513,2.24,0.08,-0.07,5884.0,0.98
TOI-512 b,TOI-512,2025,Transit,7.18886,1.54,0.1,-0.1,5277.0,0.89
Kepler-1270 b,Kepler-1270,2016,Transit,6.03356196,3.32,0.3,-0.65,5047.0,3.38
Kepler-1370 b,Kepler-1370,2016,Transit,20.2641684,1.84,0.66,-0.26,6202.0,1.29
Kepler-172 c,Kepler-172,2014,Transit,6.388996,2.86,0.53,-0.53,5526.0,1.085
Kepler-1429 b,Kepler-1429,2016,Transit,4.48487493,1.29,0.35,-0.14,5902.0,1.07
K2-266 d,K2-266,2018,Transit,14.697,2.93,0.14,-0.12,4285.0,0.703
Kepler-1022 b,Kepler-1022,2016,Transit,10.99469878,2.36,0.08,-0.28,4445.0,0.68
Kepler-1321 d,Kepler-1321,2021,Transit,5.720920086,2.62843782,,,3640.0,0.503
Kepler-433 b,Kepler-433,2015,Transit,5.33408384,16.25,1.79,-1.79,6360.0,2.26
Kepler-886 b,Kepler-886,2016,Transit,6.24146367,1.52,0.42,-0.19,6098.0,1.16
Kepler-1340 b,Kepler-1340,2016,Transit,0.665026916,1.55,0.7,-0.27,6331.0,1.42
HD 110113 c,HD 110113,2021,Radial Velocity,6.744,2.11384817,4.644325,-4.644325,5732.0,0.968
Kepler-220 b,Kepler-220,2014,Transit,4.159807,0.81,0.05,-0.05,4632.0,0.666
Kepler-1472 b,Kepler-1472,2016,Transit,38.1312831,1.9,0.76,-0.36,6159.0,1.25
Kepler-133 b,Kepler-133,2014,Transit,8.129976,1.76,0.3,-0.3,5736.0,1.425
Kepler-283 c,Kepler-283,2014,Transit,92.743711,1.82,0.12,-0.12,4351.0,0.566
Kepler-444 b,Kepler-444,2015,Transit,3.6001053,0.403,0.016,-0.014,5046.0,0.752
Kepler-631 b,Kepler-631,2016,Transit,17.97979059,2.9,0.32,-0.23,6185.0,1.33
Kepler-1086 b,Kepler-1086,2016,Transit,18.78425728,2.44,0.35,-0.28,4350.0,0.66
Kepler-998 b,Kepler-998,2016,Transit,5.65377733,2.32,0.61,-0.3,6058.0,1.18
Kepler-1023 b,Kepler-1023,2016,Transit,62.1387714,2.63,0.3,-0.18,5494.0,0.89
Kepler-104 c,Kepler-104,2014,Transit,23.668205,3.13,0.55,-0.55,5711.0,1.349
Kepler-576 b,Kepler-576,2016,Transit,29.91136794,3.27,0.84,-0.39,5672.0,0.97
Kepler-1115 b,Kepler-1115,2016,Transit,23.5540725,1.7,0.29,-0.2,8480.0,1.73
K2-344 b,K2-344,2021,Transit,3.35585,1.59,0.1,-0.05,4374.0,0.49
KIC 5437945 b,KIC 5437945,2015,Transit,440.7813,6.4,1.6,-1.6,6340.0,1.24
Kepler-1859 c,Kepler-1859,2023,Transit,3.59645081,1.66,0.29,-0.23,5887.0,1.235
K2-323 b,K2-323,2020,Transit,24.93,2.1,0.09,-0.11,3710.0,0.549
TOI-5688 A b,TOI-5688 A,2024,Transit,2.94815527,10.3,0.6,-0.7,3713.0,0.57
Kepler-1201 b,Kepler-1201,2016,Transit,15.18725932,2.29,0.91,-0.43,6177.0,1.24
Kepler-370 c,Kepler-370,2014,Transit,19.02293,1.91,0.89,-0.89,5852.0,0.9
Kepler-1570 b,Kepler-1570,2016,Transit,26.548955,1.07,0.19,-0.1,5550.0,0.89
Kepler-33 d,Kepler-33,2011,Transit,21.77596,5.35,0.49,-0.49,5904.0,1.82
Kepler-232 c,Kepler-232,2014,Transit,11.379349,3.83,1.86,-1.86,5847.0,0.968
Kepler-1505 b,Kepler-1505,2016,Transit,30.8609366,0.93,0.05,-0.05,5686.0,0.86
WASP-92 b,WASP-92,2016,Transit,2.1746742,16.376349,0.863093,-0.863093,6280.0,1.341
Kepler-949 c,Kepler-949,2023,Transit,20.99757968,2.97,0.61,-0.43,5211.0,0.895
Kepler-151 b,Kepler-151,2014,Transit,15.228958,3.06,1.53,-1.53,5460.0,0.83
Kepler-1290 b,Kepler-1290,2016,Transit,4.69500134,1.42,0.21,-0.13,5660.0,0.93
K2-371 b,K2-371,2022,Transit,3.114905,13.024,0.921,-0.868,4925.0,0.736
TOI-201 b,TOI-201,2021,Transit,52.9786,11.4,0.1,-0.1,6423.0,1.31
Kepler-1025 b,Kepler-1025,2016,Transit,37.3229493,1.98,0.41,-0.22,6089.0,1.13
WASP-16 b,WASP-16,2009,Transit,3.1186,13.67498,1.1209,-1.1209,5700.0,1.14
Kepler-366 b,Kepler-366,2014,Transit,3.281959,1.46,0.66,-0.66,6209.0,1.048
Kepler-207 d,Kepler-207,2014,Transit,5.868075,3.31,0.63,-0.63,5920.0,1.588
Kepler-1924 b,Kepler-1924,2021,Transit,15.33170033,2.65446572,,,5726.0,1.285
Kepler-1767 b,Kepler-1767,2021,Transit,59.65829849,3.01299077,,,5243.0,0.831
TOI-929 b,TOI-929,2026,Transit,5.83015366944,2.68983343,0.22609669,-0.20537812,4457.16,0.717414
Kepler-1654 b,Kepler-1654,2018,Transit,1047.8356,9.180171,0.212971,-0.190553,5597.0,1.179
Kepler-1524 b,Kepler-1524,2016,Transit,70.9674603,3.54,1.47,-0.54,6179.0,1.25
Kepler-359 c,Kepler-359,2014,Transit,57.68802,4.3,2.0,-2.0,6248.0,1.086
TOI-1181 b,TOI-1181,2022,Transit,2.103189,17.02644168,0.66132986,-0.66132986,6054.0,1.961
Kepler-324 e,Kepler-324,2021,Transit,13.97939968,2.03862444,,,5191.0,0.826
Kepler-279 b,Kepler-279,2014,Transit,12.309681,3.62,0.71,-0.71,6363.0,1.746
Kepler-147 b,Kepler-147,2014,Transit,12.610584,1.53,0.31,-0.31,6012.0,1.468
WASP-108 b,WASP-108,2020,Transit,2.67555212374,15.13212395,0.44835923,-0.44835923,6783.0,1.34415
TOI-1853 b,TOI-1853,2023,Transit,1.2436258,3.46,0.08,-0.08,4985.0,0.808
K2-356 b,K2-356,2021,Transit,21.0267366,2.29,0.15,-0.12,5568.0,0.86
Kepler-1521 b,Kepler-1521,2016,Transit,47.14840805,2.5,0.09,-0.1,5042.0,0.76
K2-288 B b,K2-288 B,2018,Transit,31.393463,1.9,0.3,-0.3,3341.0,0.32
HD 209458 b,HD 209458,1999,Radial Velocity,3.52474859,15.58051,0.22418,-0.22418,6091.0,1.19
Kepler-238 c,Kepler-238,2014,Transit,6.155557,2.39,0.45,-0.45,5751.0,1.43
Kepler-1901 b,Kepler-1901,2021,Transit,3.484129906,1.47418907,,,5696.0,0.921
Kepler-55 c,Kepler-55,2012,Transit,42.1516418,2.21,,,4362.0,0.58
Kepler-673 b,Kepler-673,2016,Transit,3.728731093,6.54,0.53,-0.48,5355.0,0.84
Kepler-218 b,Kepler-218,2014,Transit,3.619337,1.48,0.12,-0.12,5502.0,1.063
WASP-78 b,WASP-78,2012,Transit,2.17518,21.63337,5.04405,-5.04405,6100.0,2.46
Kepler-620 b,Kepler-620,2016,Transit,12.91375431,3.32,1.22,-0.7,6155.0,1.22
Kepler-1330 b,Kepler-1330,2016,Transit,10.10769068,1.65,0.4,-0.13,5608.0,0.94
TOI-2989 b,TOI-2989,2025,Transit,3.122832,12.55405838,0.56044903,-0.56044903,4672.0,0.76
Kepler-424 b,Kepler-424,2014,Transit,3.3118644,9.98,0.9,-0.67,5460.0,0.94
Kepler-349 c,Kepler-349,2014,Transit,12.247629,1.96,0.74,-0.74,5956.0,0.927
Kepler-1231 b,Kepler-1231,2016,Transit,10.41725184,1.42,0.3,-0.12,5778.0,1.0
Kepler-274 b,Kepler-274,2014,Transit,11.634788,1.54,0.84,-0.84,6023.0,1.007
Kepler-280 c,Kepler-280,2014,Transit,4.807091,2.01,0.97,-0.97,5744.0,0.886
TOI-163 b,TOI-163,2019,Transit,4.231306,16.690201,0.381106,-0.381106,6495.0,1.648
Kepler-969 b,Kepler-969,2016,Transit,34.1731714,2.07,0.05,-0.05,5214.0,0.82
Kepler-359 b,Kepler-359,2014,Transit,25.563222,3.53,1.64,-1.64,6248.0,1.086
Kepler-1385 b,Kepler-1385,2016,Transit,2.88879862,0.85,0.2,-0.13,5732.0,1.29
Kepler-369 c,Kepler-369,2014,Transit,14.871572,1.41,0.06,-0.06,3591.0,0.471
TOI-431 b,TOI-431,2021,Transit,0.490047,1.28,0.04,-0.04,4850.0,0.731
WASP-102 b,WASP-102,2025,Transit,2.709813,14.90794433,0.56044903,-0.56044903,5990.0,1.375
Kepler-645 b,Kepler-645,2016,Transit,3.275822621,2.1,0.63,-0.28,6170.0,1.21
Kepler-1253 b,Kepler-1253,2016,Transit,68.8861915,1.33,0.18,-0.18,5850.0,1.1
Kepler-65 b,Kepler-65,2012,Transit,2.15491,1.42,0.03,-0.03,6211.0,1.41
TOI-1467 b,TOI-1467,2024,Transit,5.97114713,1.92,0.171,-0.113,3834.0,0.491
WASP-186 b,WASP-186,2020,Transit,5.026799,12.44199,0.33627,-0.33627,6361.0,1.47
Kepler-832 b,Kepler-832,2016,Transit,7.1396941,2.06,0.32,-0.17,5596.0,0.9
Kepler-281 d,Kepler-281,2021,Transit,148.2720032,5.93747806,,,5717.0,0.884
Kepler-1889 b,Kepler-1889,2021,Transit,37.30369949,2.94360686,,,5646.0,0.817
TOI-5340 b,TOI-5340,2025,Transit,4.9394392,15.07607904,0.57165802,-0.54924005,5990.0,1.842
Kepler-988 b,Kepler-988,2016,Transit,17.76080053,2.07,0.47,-0.16,4005.0,0.53
K2-117 c,K2-117,2017,Transit,5.444017,2.06,0.12,-0.12,3778.0,0.51
Kepler-400 c,Kepler-400,2014,Transit,17.340824,1.49,0.28,-0.28,5886.0,1.145
WASP-118 b,WASP-118,2016,Transit,4.0460435,16.14096,0.403524,-0.403524,6410.0,1.696
TOI-880 c,TOI-880,2025,Transit,6.3872703,4.95,0.2,-0.2,5050.0,0.83
TOI-1278 b,TOI-1278,2021,Transit,14.47567,12.21778896,2.69015537,-2.24179614,3799.0,0.573
Kepler-364 b,Kepler-364,2014,Transit,25.745718,1.55,0.37,-0.37,6108.0,1.284
Kepler-732 c,Kepler-732,2016,Transit,0.893041236,1.27,0.07,-0.1,3631.0,0.46
Kepler-444 f,Kepler-444,2015,Transit,9.740486,0.741,0.041,-0.04,5046.0,0.752
Kepler-222 c,Kepler-222,2014,Transit,10.08881,4.64,2.07,-2.07,5433.0,0.869
K2-107 b,K2-107,2017,Transit,3.313959,15.98,0.55,-0.55,6061.0,1.81
Kepler-999 b,Kepler-999,2016,Transit,5.991857017,2.34,0.65,-0.49,6237.0,1.65
TOI-1450 A b,TOI-1450 A,2024,Transit,2.0439274,1.13,0.043,-0.043,3437.0,0.483
Kepler-524 b,Kepler-524,2016,Transit,7.97419807,1.91,0.14,-0.12,6014.0,1.1
Kepler-291 c,Kepler-291,2014,Transit,5.700786,1.88,0.82,-0.82,6002.0,1.016
WASP-132 c,WASP-132,2022,Transit,1.01153624,1.841,0.094,-0.093,4686.0,0.758
K2-273 b,K2-273,2018,Transit,11.7195663,3.05,0.23,-0.12,5161.0,0.85
V1298 Tau d,V1298 Tau,2019,Transit,12.401394,6.53,0.42,-0.42,4970.0,1.32
LHS 1140 b,LHS 1140,2017,Transit,24.73723,1.73,0.025,-0.025,3096.0,0.2159
Kepler-1491 b,Kepler-1491,2016,Transit,16.5861762,1.51,0.35,-0.14,5728.0,0.99
Kepler-177 b,Kepler-177,2013,Transit,36.8601,3.5,0.19,-0.15,5732.0,1.324
Kepler-1528 b,Kepler-1528,2016,Transit,1.791110205,1.46,0.25,-0.13,5857.0,1.03
Kepler-376 c,Kepler-376,2014,Transit,14.172327,1.79,0.36,-0.36,5900.0,1.175
Kepler-1075 b,Kepler-1075,2016,Transit,1.52372816,1.42,0.16,-0.33,3959.0,0.54
Kepler-160 c,Kepler-160,2014,Transit,13.699429,3.76,0.23,-0.09,5471.0,1.118
HAT-P-36 b,HAT-P-36,2011,Transit,1.32734683,14.313893,0.22418,-0.22418,5620.0,1.041
Kepler-368 b,Kepler-368,2014,Transit,26.84768,3.26,0.91,-0.91,5502.0,2.019
Kepler-192 b,Kepler-192,2014,Transit,9.926746,2.74,0.45,-0.45,5479.0,1.007
HAT-P-12 b,HAT-P-12,2009,Transit,3.2130598,10.749,0.325,-0.235,4650.0,0.701
Kepler-115 b,Kepler-115,2014,Transit,2.403679,1.09,0.21,-0.21,5979.0,1.205
Kepler-527 b,Kepler-527,2016,Transit,13.28535633,2.84,1.35,-0.46,6388.0,1.45
GJ 3473 b,GJ 3473,2020,Transit,1.1980035,1.264,0.05,-0.049,3347.0,0.364
Kepler-183 b,Kepler-183,2014,Transit,5.687945,2.06,0.89,-0.89,5888.0,0.958
TOI-216.01,TOI-216,2019,Transit,34.525528,10.1,0.2,-0.2,5026.0,0.748
Kepler-1735 b,Kepler-1735,2021,Transit,7.71792984,1.19429134,,,3975.0,0.509
Kepler-1618 b,Kepler-1618,2016,Transit,6.10826019,1.26,0.52,-0.24,6620.0,1.65
Kepler-1455 b,Kepler-1455,2016,Transit,49.276764,2.16,0.15,-0.16,4075.0,0.6
Kepler-296 e,Kepler-296,2014,Transit,34.14211,1.53,0.27,-0.25,3740.0,0.48
TOI-4311 c,TOI-4311,2026,Transit,15.070425,2.47,0.12,-0.11,5063.0,0.8441
Kepler-325 b,Kepler-325,2014,Transit,4.544439,2.91,1.44,-1.44,5752.0,1.003
Kepler-1376 b,Kepler-1376,2016,Transit,5.30880656,1.05,0.21,-0.09,5659.0,0.97
EPIC 220674823 c,EPIC 220674823,2016,Transit,13.340603,2.712,0.071,-0.071,5578.0,0.99
TOI-1823 b,TOI-1823,2024,Transit,38.8,7.5406241,0.33185186,-0.25202617,4927.0,0.8049
Kepler-1190 b,Kepler-1190,2016,Transit,10.45843441,1.33,0.05,-0.11,4730.0,0.72
WASP-81 b,WASP-81,2017,Transit,2.7164762,16.017661,0.571659,-0.515614,5870.0,1.283
Kepler-154 c,Kepler-154,2014,Transit,62.303276,2.95,0.62,-0.62,5690.0,1.001
TOI-1774.01,TOI-1774,2021,Transit,16.70988,2.78,0.05,-0.04,5746.0,1.1303
TOI-2134 b,TOI-2134,2023,Transit,9.229198,2.735,0.068,-0.068,4580.0,0.709
Kepler-1194 b,Kepler-1194,2016,Transit,16.22371307,1.51,0.12,-0.09,5590.0,0.92
Kepler-352 d,Kepler-352,2021,Transit,6.887279987,0.80628032,,,5208.0,0.772
TOI-2076 c,TOI-2076,2021,Transit,21.01447,3.54,0.14,-0.14,5187.0,0.758
HIP 97166 b,HIP 97166,2021,Transit,10.288914,2.4801338,0.07271432,-0.05203142,5216.0,0.8418
TOI-558 b,TOI-558,2021,Transit,14.574071,12.17295304,0.45956821,-0.42594127,6466.0,1.496
Kepler-176 c,Kepler-176,2014,Transit,12.759712,2.6,1.33,-1.33,5232.0,0.891
KOI-94 d,KOI-94,2013,Transit,22.342989,11.27,1.06,-1.06,6182.0,1.52
Kepler-833 b,Kepler-833,2016,Transit,18.7546998,2.02,0.12,-0.09,4339.0,0.62
HD 23472 b,HD 23472,2019,Transit,17.667087,2.0,0.11,-0.1,4684.0,0.71
K2-108 b,K2-108,2017,Transit,4.733999,5.33,0.21,-0.21,5599.0,1.76
TOI-1859 b,TOI-1859,2023,Transit,63.48347,9.75181321,0.78462865,-0.78462865,6341.0,1.36
Kepler-914 b,Kepler-914,2016,Transit,4.40966548,1.38,0.17,-0.12,5877.0,1.15
Kepler-973 b,Kepler-973,2016,Transit,49.6077331,1.96,0.08,-0.07,5213.0,0.78
CoRoT-27 b,CoRoT-27,2014,Transit,3.57532,11.287,0.493,-0.493,5900.0,1.08
Kepler-440 b,Kepler-440,2015,Transit,101.11141,1.86,0.24,-0.19,4134.0,0.559
K2-343 b,K2-343,2021,Transit,2.787174,1.65,0.16,-0.08,3804.0,0.46
Kepler-51 c,Kepler-51,2012,Transit,85.312,9.0,2.8,-1.7,6018.0,0.94
Kepler-903 b,Kepler-903,2016,Transit,10.3507721,2.01,0.35,-0.36,5682.0,0.97
WASP-164 b,WASP-164,2018,Transit,1.7771255,12.643752,0.459569,-0.481987,5806.0,0.932
HD 5278 b,HD 5278,2021,Transit,14.339156,2.45,0.05,-0.05,6203.0,1.194
K2-237 b,K2-237,2018,Transit,2.18053332,16.06246934,0.62770292,-0.54924005,6180.0,1.236
Kepler-331 d,Kepler-331,2014,Transit,32.134328,1.64,0.17,-0.17,4347.0,0.492
WASP-156 b,WASP-156,2017,Transit,3.8361629,6.15,0.12,-0.12,5036.0,0.8268
TOI-5322 b,TOI-5322,2025,Transit,5.4233207,16.6117094,0.3474784,-0.30264248,5692.0,1.462
Kepler-1810 b,Kepler-1810,2021,Transit,101.1330032,3.91815325,,,5492.0,1.016
K2-84 b,K2-84,2016,Transit,6.4215,2.41,0.35,-0.35,5652.0,0.93
Kepler-299 c,Kepler-299,2014,Transit,6.885875,2.65,0.63,-0.63,5617.0,1.032
K2-409 b,K2-409,2022,Transit,1.908084,2.482,0.174,-0.158,5742.0,1.228
Kepler-997 b,Kepler-997,2016,Transit,2.707306716,1.36,0.33,-0.26,6150.0,1.56
Kepler-1160 b,Kepler-1160,2016,Transit,7.97034958,2.14,0.28,-0.14,5519.0,0.89
Kepler-162 b,Kepler-162,2014,Transit,6.919798,1.26,0.67,-0.67,5816.0,0.958
Kepler-975 c,Kepler-975,2023,Transit,5.05821338,10.69,6.94,-6.3,4883.0,1.667
Kepler-247 b,Kepler-247,2014,Transit,3.33616,1.64,0.46,-0.46,5100.0,0.768
Kepler-1336 c,Kepler-1336,2016,Transit,5.77721211,1.71,0.27,-0.35,5512.0,1.3
TOI-216.02,TOI-216,2019,Transit,17.16073,8.0,3.0,-2.0,5026.0,0.748
Kepler-978 b,Kepler-978,2016,Transit,49.6221509,2.99,0.67,-0.57,6002.0,1.09
Kepler-763 c,Kepler-763,2023,Transit,4.09667624,1.42,0.07,-0.1,4999.0,0.843
Kepler-236 c,Kepler-236,2014,Transit,23.968127,2.0,0.17,-0.17,3750.0,0.51
Kepler-851 b,Kepler-851,2016,Transit,8.50699658,1.68,0.27,-0.21,5455.0,0.85
TOI-2328 b,TOI-2328,2025,Transit,17.10197,9.97599282,0.33626942,-0.44835923,5525.0,0.9
Kepler-206 d,Kepler-206,2014,Transit,23.44281,1.19,0.24,-0.24,5764.0,1.185
Kepler-605 b,Kepler-605,2016,Transit,3.383538066,1.44,0.17,-0.09,5462.0,0.88
Kepler-453 b,Kepler-453,2015,Transit,240.503,6.204,0.039,-0.039,5527.0,0.833
TOI-2152 A b,TOI-2152,2023,Transit,3.3773512,14.35870428,0.56044903,-0.51561311,6630.0,1.612
Kepler-1569 b,Kepler-1569,2016,Transit,5.79180156,1.68,0.73,-0.31,6319.0,1.4
Kepler-234 b,Kepler-234,2014,Transit,2.711506,3.7,1.66,-1.66,6224.0,1.113
Kepler-1100 b,Kepler-1100,2016,Transit,6.42200058,1.75,0.82,-0.29,6247.0,1.34
Kepler-929 b,Kepler-929,2016,Transit,0.921032135,1.11,0.27,-0.15,5869.0,1.02
Kepler-860 b,Kepler-860,2016,Transit,5.101379454,3.24,0.81,-0.33,5836.0,1.06
TOI-2524 b,TOI-2524,2023,Transit,7.18585,11.2089807,0.22417961,-0.33626942,5831.0,1.119
HATS-2 b,HATS-2,2013,Transit,1.35413379,12.57647635,0.26901554,-0.26901554,5227.0,0.876
K2-17 b,K2-17,2015,Transit,17.96753,2.23,0.2,-0.2,4320.0,0.66
TOI-1451 b,TOI-1451,2024,Transit,16.537944,2.61143902,0.13407193,-0.10283772,5801.0,1.0162
WASP-106 b,WASP-106,2014,Transit,9.28969,12.10569916,0.17934369,-0.19055267,6002.0,1.47
TOI-1259 A b,TOI-1259 A,2021,Transit,3.4779792,11.6,0.2,-0.2,4775.0,0.715
K2-181 b,K2-181,2018,Transit,6.8941,2.69,0.21,-0.09,5528.0,1.06
Kepler-1039 b,Kepler-1039,2016,Transit,0.934884242,1.46,0.09,-0.22,4870.0,0.74
Kepler-206 c,Kepler-206,2014,Transit,13.137471,1.77,0.34,-0.34,5764.0,1.185
Kepler-1090 c,Kepler-1090,2021,Transit,42.42720032,3.29265785,,,5330.0,1.013
HAT-P-60 b,HAT-P-60,2021,Transit,4.7947813,18.28184752,0.26901554,-0.26901554,6212.0,2.197
K2-239 c,K2-239,2018,Transit,7.775,1.0,0.1,-0.1,3420.0,0.36
HD 88986 b,HD 88986,2023,Radial Velocity,146.05,2.49,0.18,-0.18,5861.0,1.543
Kepler-976 b,Kepler-976,2016,Transit,105.9564148,3.96,0.29,-0.2,5232.0,0.83
Kepler-1694 b,Kepler-1694,2020,Transit,3.89526,1.17986031,,,4954.0,0.756284
Kepler-1776 b,Kepler-1776,2021,Transit,35.01190186,2.61157023,,,5872.0,1.153
KIC 8540376 b,KOI-7892,2015,Transit,31.8099,4.1,2.2,-1.9,6474.0,1.26
WASP-123 b,WASP-123,2016,Transit,2.97764359,15.13212395,0.56044903,-0.56044903,5740.0,1.285
TOI-824 b,TOI-824,2020,Transit,1.392978,2.926,0.202,-0.191,4600.0,0.695
Kepler-221 e,Kepler-221,2014,Transit,18.369917,2.63,0.25,-0.25,5243.0,0.821
Kepler-280 b,Kepler-280,2014,Transit,2.139542,1.45,0.7,-0.7,5744.0,0.886
Kepler-411 b,Kepler-411,2013,Transit,3.005156,2.401,0.053,-0.053,4974.0,0.82
Kepler-1358 b,Kepler-1358,2016,Transit,7.06317341,1.12,0.07,-0.1,5181.0,0.79
TOI-791 b,TOI-791,2026,Transit,139.29931,11.13051784,0.36989636,-0.36989636,6294.0,1.474
K2-316 b,K2-316,2020,Transit,1.133,1.33,0.1,-0.09,3436.0,0.379
TOI-4030 b,TOI-4030,2026,Transit,2.50900199461,5.8462559,0.41681993,-0.40038434,5640.37,0.991737
EPIC 206215704 b,EPIC 206215704,2019,Transit,2.255436,1.0,0.1,-0.09,3297.0,0.25
TIC 161045582 b,TIC 161045582,2026,Transit,8.85577189959,2.24566738,0.25949107,-0.22531238,5683.87,1.07976
Kepler-1436 b,Kepler-1436,2016,Transit,9.705716,1.31,0.35,-0.18,5972.0,1.09
TOI-813 b,TOI-813,2020,Transit,83.8911,6.71,0.38,-0.38,5907.0,1.94
Kepler-1571 b,Kepler-1571,2016,Transit,3.38555488,1.52,0.68,-0.34,6297.0,1.39
HAT-P-41 b,HAT-P-41,2012,Transit,2.69405,22.97845,5.6045,-5.6045,6390.0,2.05
TOI-1227 b,TOI-1227,2022,Transit,27.36397,9.57246952,0.75100171,-0.582867,3072.0,0.56
Kepler-598 b,Kepler-598,2016,Transit,3.70175428,1.5,0.12,-0.09,5307.0,0.86
Kepler-1028 b,Kepler-1028,2016,Transit,2.51462432,1.33,0.15,-0.11,5522.0,0.87
CoRoT-14 b,CoRoT-14,2010,Transit,1.51214,12.22,0.78,-0.78,6035.0,1.21
Kepler-1627 b,Kepler-1627,2016,Transit,7.20283653,3.69,0.49,-0.41,5445.0,0.84
Kepler-1920 b,Kepler-1920,2021,Transit,30.2541008,2.95415848,,,6277.0,1.161
Kepler-1155 b,Kepler-1155,2016,Transit,33.469743,2.03,0.45,-0.2,5842.0,1.03
Kepler-1171 b,Kepler-1171,2016,Transit,1.44259224,2.56,0.68,-0.5,7044.0,1.95
Kepler-436 c,Kepler-436,2016,Transit,16.79713874,2.33,0.19,-0.14,4685.0,0.71
Kepler-1743 b,Kepler-1743,2021,Transit,7.649710178,1.59887007,,,5855.0,1.613
Kepler-721 b,Kepler-721,2016,Transit,5.392025388,2.64,0.14,-0.14,5075.0,0.78
Kepler-314 c,Kepler-314,2014,Transit,5.960392,2.9,0.43,-0.43,5378.0,0.95
HAT-P-31 b,HAT-P-31,2011,Transit,5.00542,12.21781,1.68135,-1.68135,6065.0,1.39
K2-173 b,K2-173,2018,Transit,5.868699,1.60826194,0.15968465,-0.10547102,5580.0,0.843154
K2-211 b,K2-211,2018,Transit,0.669561,1.33162691,0.08743005,-0.07173748,5117.0,0.818
TOI-4029 b,TOI-4029,2026,Transit,5.88498234631,6.73756618,0.48174093,-0.46193929,5662.53,1.17834
Kepler-2001 b,Kepler-2001,2023,Transit,1.090011003,1.04,0.13,-0.08,5081.0,0.77
TOI-238 b,TOI-238,2024,Transit,1.273099,1.559,0.047,-0.047,5059.0,0.756
Kepler-1817 b,Kepler-1817,2021,Transit,44.29919815,2.27349126,,,5316.0,0.915
Kepler-1247 b,Kepler-1247,2016,Transit,13.71220213,2.33,0.21,-0.16,5303.0,0.82
Kepler-243 b,Kepler-243,2014,Transit,5.715442,2.45,1.16,-1.16,5228.0,0.842
Kepler-308 b,Kepler-308,2014,Transit,9.694928,2.12,1.02,-1.02,5895.0,0.941
Kepler-254 d,Kepler-254,2014,Transit,18.746477,2.5,1.19,-1.19,5957.0,0.91
K2-19 b,K2-19,2015,Transit,7.9193,7.0,0.2,-0.2,5322.0,0.82
Kepler-1475 b,Kepler-1475,2016,Transit,82.177374,2.92,0.99,-0.46,6214.0,1.28
HAT-P-67 b,HAT-P-67,2017,Transit,4.8101069,23.9872187,0.28022452,-0.28022452,6640.0,2.62
TOI-2459 b,TOI-2459,2023,Transit,19.104718,2.9531,0.0916,-0.0658,4195.0,0.6751
TOI-2373 b,TOI-2373,2023,Transit,13.33668,10.42435205,0.22417961,-0.22417961,5651.0,1.102
Kepler-1530 d,Kepler-1530,2021,Transit,9.20761013,3.27870115,,,5678.0,1.303
TOI-1288 b,TOI-1288,2022,Transit,2.6998279,4.96846551,0.10805813,-0.1000743,5388.0,0.9583
Kepler-660 b,Kepler-660,2016,Transit,9.27358194,2.57,0.11,-0.17,4779.0,0.71
Kepler-760 b,Kepler-760,2016,Transit,8.70419416,3.06,0.26,-0.24,5322.0,0.85
TRAPPIST-1 c,TRAPPIST-1,2016,Transit,2.421937,1.097,0.014,-0.012,2566.0,0.1192
Kepler-1712 b,Kepler-1712,2021,Transit,13.81499958,2.28372556,,,3732.0,0.509
Kepler-784 b,Kepler-784,2016,Transit,31.5922646,1.58,0.34,-0.32,5674.0,1.32
Kepler-1612 b,Kepler-1612,2016,Transit,3.91795101,1.03,0.18,-0.11,5643.0,0.94
TOI-1246 e,TOI-1246,2022,Transit,37.92548,3.5141875,0.26911442,-0.18217943,5213.0,0.8649
K2-157 b,K2-157,2018,Transit,0.3652575,0.935,0.09,-0.09,5334.0,0.86
Kepler-1335 b,Kepler-1335,2016,Transit,6.26406846,1.45,0.1,-0.09,4903.0,0.74
Kepler-612 b,Kepler-612,2016,Transit,3.722156413,2.84,0.66,-0.27,5693.0,0.96
Kepler-20 f,Kepler-20,2011,Transit,19.578328,0.952,0.047,-0.087,5495.0,0.9164
CoRoT-32 b,CoRoT-32,2018,Transit,6.71837,6.38913,0.67254,-0.56045,5970.0,0.79
Kepler-289 d,Kepler-289,2014,Transit,66.0282,3.03,0.08,-0.08,5990.0,1.0
Kepler-383 c,Kepler-383,2014,Transit,31.200751,1.24,0.49,-0.49,4710.0,0.672
Kepler-228 c,Kepler-228,2014,Transit,4.134444,2.7,1.24,-1.24,6043.0,1.014
K2-32 b,K2-32,2016,Transit,8.992,5.299,0.191,-0.191,5271.0,0.86
Kepler-1882 b,Kepler-1882,2021,Transit,13.78730011,1.48674404,,,5691.0,1.458
Kepler-664 b,Kepler-664,2016,Transit,2.525593315,2.66,0.68,-0.25,5754.0,1.02
K2-25 b,K2-25,2015,Transit,3.48456408,3.44,0.12,-0.12,3207.0,0.2932
Kepler-450 b,Kepler-450,2015,Transit,28.454851,6.14,0.33,-0.33,6197.21,1.64162
Kepler-1054 b,Kepler-1054,2016,Transit,4.30655689,2.63,1.15,-0.53,6209.0,1.34
TOI-5386 A b,TOI-5386 A,2025,Transit,3.62156552,14.70618268,0.32506044,-0.31385146,6094.0,1.245
Kepler-387 c,Kepler-387,2014,Transit,11.837549,0.89,0.22,-0.22,5774.0,1.046
Kepler-157 c,Kepler-157,2014,Transit,13.5405,2.24,0.43,-0.43,5774.0,1.044
Kepler-680 b,Kepler-680,2016,Transit,3.689926291,2.42,0.82,-0.25,5890.0,1.11
Kepler-697 b,Kepler-697,2016,Transit,3.709870645,4.13,0.55,-0.31,5513.0,0.88
Kepler-616 b,Kepler-616,2016,Transit,9.99761851,2.43,0.33,-0.2,5753.0,0.97
Kepler-202 c,Kepler-202,2014,Transit,16.282493,1.85,0.1,-0.1,4668.0,0.667
K2-339 b,K2-339,2021,Transit,19.507428,1.92,0.19,-0.12,4857.0,0.72
TOI-2449 b,TOI-2449,2025,Transit,106.14468,11.24,0.1,-0.1,6021.0,1.065
Kepler-338 e,Kepler-338,2014,Transit Timing Variations,9.341,1.56,0.07,-0.07,5999.0,1.735
K2-229 c,K2-229,2018,Transit,8.32727,2.03,0.12,-0.06,5315.0,0.79
Kepler-1749 b,Kepler-1749,2021,Transit,14.53409958,1.61301783,,,3957.0,0.553
Kepler-1793 b,Kepler-1793,2021,Transit,8.779999733,3.79037518,,,5191.0,0.764
TOI-1203 b,TOI-1203,2025,Radial Velocity,4.1572888,1.52,0.045,-0.046,5737.0,1.179
Kepler-1107 b,Kepler-1107,2016,Transit,0.571038518,1.34,0.1,-0.08,5268.0,0.82
Kepler-80 g,Kepler-80,2017,Transit,14.64558,1.13,0.14,-0.14,4540.0,0.678
Kepler-166 c,Kepler-166,2014,Transit,34.260281,2.38,1.23,-1.23,5413.0,0.742
Kepler-1647 b,Kepler-1647,2016,Transit,1107.5923,11.8739,0.1377,-0.1377,6210.0,1.7903
Kepler-349 b,Kepler-349,2014,Transit,5.929778,1.9,0.72,-0.72,5956.0,0.927
Kepler-1815 b,Kepler-1815,2021,Transit,12.19139957,2.7489262,,,5516.0,0.967
TOI-907.01,TOI-907,2024,Transit,4.5849129,9.6158851,0.6116279,-0.6116279,6272.0,2.059789
Kepler-1417 b,Kepler-1417,2016,Transit,20.3505213,1.0,0.2,-0.11,5839.0,1.02
Kepler-56 b,Kepler-56,2012,Transit,10.5016,6.51,0.29,-0.28,4840.0,4.23
TOI-4363 b,TOI-4363,2026,Transit,2.11867592279,1.76689273,0.24906585,-0.23329954,4278.45,0.69132
Kepler-1197 b,Kepler-1197,2016,Transit,2.03231845,1.25,0.03,-0.09,4708.0,0.72
Kepler-1921 b,Kepler-1921,2021,Transit,20.03479958,2.89459458,,,6120.0,2.0
Kepler-1484 b,Kepler-1484,2016,Transit,30.4549136,2.11,0.3,-0.22,5730.0,0.92
Kepler-1210 b,Kepler-1210,2016,Transit,8.07124073,1.7,0.3,-0.13,5568.0,0.92
K2-245 b,K2-245,2018,Transit,11.89307,4.34,0.19,-0.14,5793.0,1.25
Kepler-159 b,Kepler-159,2014,Transit,10.139623,2.38,0.18,-0.18,4625.0,0.663
Kepler-91 b,Kepler-91,2013,Transit,6.24658,15.322703,0.773421,-0.67254,4550.0,6.3
Kepler-354 b,Kepler-354,2014,Transit,5.47666,1.84,0.58,-0.58,4648.0,0.674
K2-290 b,K2-290,2019,Transit,9.21165,3.06,0.16,-0.16,6302.0,1.511
Kepler-1766 b,Kepler-1766,2021,Transit,105.0149994,2.27904508,,,5868.0,1.042
Kepler-774 b,Kepler-774,2016,Transit,11.0895723,3.17,0.46,-0.54,6403.0,2.42
Kepler-859 b,Kepler-859,2016,Transit,20.38177573,3.09,0.18,-0.15,5020.0,0.77
TIC 231949697 b,TIC 231949697,2026,Transit,0.90720448719,1.52831855,0.34944237,-0.18252922,3451.32,0.492584
Kepler-1972 c,Kepler-1972,2022,Transit,11.3295,0.868,0.051,-0.05,5818.0,1.384
Kepler-1833 b,Kepler-1833,2021,Transit,6.892129898,1.30027362,,,6164.0,1.446
Kepler-401 d,Kepler-401,2016,Transit,184.256405,2.27,0.4,-0.26,6184.0,1.29
TRAPPIST-1 f,TRAPPIST-1,2017,Transit,9.20754,1.045,0.013,-0.012,2566.0,0.1192
TOI-4458 b,TOI-4458,2026,Transit,3.9393792,12.40834163,0.25780656,-0.25780656,6151.0,1.96
K2-219 b,K2-219,2018,Transit,3.901287,1.34762583,0.20196772,-0.1810607,5753.0,1.189232
Kepler-1621 b,Kepler-1621,2016,Transit,92.263714,2.16,0.8,-0.37,6158.0,1.24
Kepler-1840 b,Kepler-1840,2021,Transit,131.1900024,2.77771129,,,4898.0,0.803
Kepler-1362 b,Kepler-1362,2016,Transit,136.205626,2.6,0.12,-0.19,4857.0,0.74
KOI-984 b,KOI-984,2022,Transit,4.2881785,4.3,0.05,-0.05,5295.0,0.818
TOI-1420 b,TOI-1420,2023,Transit,6.9561063,11.89,0.33,-0.33,5510.0,0.923
Kepler-37 c,Kepler-37,2013,Transit,21.301848,0.755,0.033,-0.055,5357.0,0.789
Kepler-717 b,Kepler-717,2016,Transit,4.40840023,2.42,0.25,-0.35,5485.0,0.85
K2-188 c,K2-188,2018,Transit,7.810253,2.83,0.15,-0.15,5977.0,1.19
K2-148 d,K2-148,2018,Transit,9.7579,1.64,0.24,-0.21,4079.0,0.632
TOI-4791 b,TOI-4791,2023,Transit,4.28088,12.44196858,0.56044903,-0.56044903,6058.0,1.409
Kepler-1566 b,Kepler-1566,2016,Transit,0.539915238,0.79,0.08,-0.05,5254.0,0.81
Kepler-1751 b,Kepler-1751,2021,Transit,7.017310143,1.82417378,,,6052.0,0.967
Kepler-704 b,Kepler-704,2016,Transit,3.76182115,2.61,0.6,-0.43,5616.0,0.96
TIC 147027702 b,TIC 147027702,2026,Transit,44.40523,10.92875618,0.72858375,-0.71737476,6410.0,2.136
K2-156 b,K2-156,2018,Transit,0.813143,1.1,0.09,-0.06,4460.0,0.62
HATS-56 b,HATS-56,2019,Transit,4.324799,18.920792,0.437151,-0.616495,6536.0,2.201
K2-385 b,K2-385,2022,Transit,2.380867,1.539,0.145,-0.126,4844.0,0.761
K2-334 b,K2-334,2021,Transit,5.113981,5.65,0.36,-0.28,6502.0,1.49
WASP-154 b,WASP-154,2025,Transit,3.811678,10.76062147,0.67253884,-0.67253884,4774.0,0.823
Kepler-150 f,Kepler-150,2017,Transit,637.2093,3.64,0.52,-0.39,5528.0,0.905339
Kepler-304 c,Kepler-304,2014,Transit,5.315946,2.17,0.15,-0.15,4731.0,0.687
HAT-P-43 b,HAT-P-43,2012,Transit,3.3326414,13.63,0.64,-0.63,5693.0,1.08
Kepler-279 d,Kepler-279,2013,Transit,54.414,3.1,1.24,-0.3,6689.45,1.07
NGTS-38 b,NGTS-38,2026,Transit,180.52797,12.11690814,0.52682209,-0.52682209,6310.0,1.88
Kepler-49 e,Kepler-49,2014,Transit,18.596108,1.56,0.08,-0.08,4252.0,0.559
Kepler-1432 b,Kepler-1432,2016,Transit,23.9109011,2.22,0.69,-0.3,6031.0,1.13
HAT-P-42 b,HAT-P-42,2012,Transit,4.641878,14.348,1.715,-1.715,5743.0,1.53
Kepler-355 c,Kepler-355,2014,Transit,25.762294,2.71,1.22,-1.22,6184.0,1.066
TOI-6324 b,TOI-6324,2025,Transit,0.279221,1.059,0.041,-0.041,3247.0,0.293
Kepler-326 c,Kepler-326,2014,Transit,4.580358,1.4,0.1,-0.1,5105.0,0.801
Kepler-1299 b,Kepler-1299,2016,Transit,19.9400874,2.98,0.66,-0.42,5609.0,0.91
K2-346 b,K2-346,2021,Transit,26.201446,2.26,0.19,-0.1,4801.0,0.7
TOI-172 b,TOI-172,2019,Transit,9.47725,10.816685,0.358688,-0.325061,5645.0,1.777
Kepler-741 b,Kepler-741,2016,Transit,7.03902374,2.97,1.01,-0.35,6129.0,1.24
Kepler-1806 b,Kepler-1806,2021,Transit,9.033320427,2.35560189,,,5311.0,0.788
Kepler-353 c,Kepler-353,2014,Transit,8.410894,1.38,0.07,-0.07,3903.0,0.504
Kepler-1226 b,Kepler-1226,2016,Transit,17.2923453,1.45,0.26,-0.15,5923.0,1.02
Kepler-560 b,Kepler-560,2016,Transit,18.47764449,1.72,0.09,-0.09,3556.0,0.33
Kepler-1048 b,Kepler-1048,2016,Transit,6.92101021,1.61,0.09,-0.08,4651.0,0.7
Kepler-1422 b,Kepler-1422,2016,Transit,18.6051942,2.02,0.41,-0.27,6194.0,1.23
Kepler-1094 b,Kepler-1094,2016,Transit,78.1000231,3.18,1.2,-0.46,6112.0,1.21
TOI-1749 d,TOI-1749,2021,Transit,9.0497,2.52,0.15,-0.15,3985.0,0.55
EPIC 206042996 c,EPIC 206042996,2021,Transit,0.354884,1.2,0.2,-0.1,4114.0,0.5
Kepler-954 b,Kepler-954,2016,Transit,16.78176602,2.32,0.05,-0.11,4990.0,0.76
HATS-38 b,HATS-38,2020,Transit,4.375021,6.882326,0.190553,-0.190553,5732.0,1.105
K2-36 c,K2-36,2016,Transit,5.340888,3.2,0.3,-0.3,4916.0,0.718
Kepler-1388 c,Kepler-1388,2016,Transit,5.53608151,2.26,0.14,-0.11,4098.0,0.61
TIC 178172313 b,TIC 178172313,2026,Transit,4.3731816136,2.80405322,0.87657907,-0.42159846,5405.59,0.84345
Kepler-416 b,Kepler-416,2014,Transit Timing Variations,6.319,2.48,0.99,-0.33,5718.0,1.075
Kepler-1567 b,Kepler-1567,2016,Transit,153.979578,2.73,0.4,-0.23,5655.0,0.93
Kepler-290 b,Kepler-290,2014,Transit,14.589347,2.25,1.22,-1.22,5147.0,0.743
Kepler-1212 b,Kepler-1212,2016,Transit,12.94130146,2.14,0.58,-0.27,6051.0,1.15
Kepler-857 b,Kepler-857,2016,Transit,85.35129427,6.8,1.7,-0.68,5773.0,0.99
Kepler-1626 b,Kepler-1626,2016,Transit,4.13962966,2.02,0.66,-0.43,6826.0,1.85
TOI-1836 c,TOI-1836,2024,Transit,1.7727471,2.59987579,0.22132646,-0.14409651,6237.0,1.6454
K2-64 b,K2-64,2016,Transit,6.53044,2.07,0.26,-0.26,5312.0,0.726
Kepler-1336 b,Kepler-1336,2016,Transit,23.198681,1.98,0.3,-0.4,5512.0,1.3
Kepler-872 b,Kepler-872,2016,Transit,2.578855068,1.99,0.5,-0.23,5902.0,1.08
Kepler-1656 b,Kepler-1656,2018,Transit,31.562,4.574,0.106,-0.106,5569.0,1.1
POTS-1 b,POTS-1,2013,Transit,3.1606296,10.548,0.404,-0.527,4400.0,0.588
Kepler-1406 b,Kepler-1406,2016,Transit,11.62905828,1.1,0.18,-0.13,5892.0,1.12
Kepler-758 e,Kepler-758,2016,Transit,8.1934719,1.53,0.32,-0.25,6228.0,1.42
Kepler-675 b,Kepler-675,2016,Transit,2.33743801,2.44,0.24,-0.16,4945.0,0.75
Kepler-77 b,Kepler-77,2013,Transit,3.57878087,10.761,0.179,-0.179,5520.0,0.99
Kepler-679 b,Kepler-679,2016,Transit,12.39358604,3.01,0.32,-0.39,5403.0,0.84
K2-265 b,K2-265,2018,Transit,2.36902,1.70824866,0.11208981,-0.08070466,5420.0,0.92
Kepler-1682 b,Kepler-1682,2020,Transit,14.8334,2.88940836,,,5619.12,0.842301
Kepler-1907 c,Kepler-1907,2021,Transit,14.86390018,1.15547044,,,5159.0,0.8
Kepler-996 b,Kepler-996,2016,Transit,3.770590584,1.98,0.63,-0.25,6014.0,1.14
Kepler-174 d,Kepler-174,2014,Transit,247.35373,2.19,0.13,-0.13,4880.0,0.622
Kepler-282 d,Kepler-282,2013,Transit,24.806,2.46,1.0,-0.2,5656.0,0.89
Kepler-758 d,Kepler-758,2016,Transit,20.4966197,2.12,0.47,-0.33,6228.0,1.42
K2-85 b,K2-85,2016,Transit,0.68453862616,1.4,0.2,-0.2,4232.0,0.71
TOI-2076 b,TOI-2076,2021,Transit,10.35504,2.59,0.1,-0.1,5187.0,0.758
K2-3 d,K2-3,2015,Transit,44.55603,1.458,0.056,-0.051,3844.0,0.546
HAT-P-47 b,HAT-P-47,2026,Transit,4.73217441,14.71739166,0.50440413,-0.50440413,6703.0,1.515
Kepler-360 b,Kepler-360,2014,Transit,3.289672,1.65,0.78,-0.78,6053.0,1.058
TOI-3664 b,TOI-3664,2026,Transit,3.2974839,13.69737442,0.33626942,-0.33626942,5593.0,1.11
Kepler-293 b,Kepler-293,2014,Transit,19.254196,3.07,1.3,-1.3,5804.0,0.957
K2-419 A b,K2-419 A,2024,Transit,20.35847252,10.55,0.39,-0.39,3711.0,0.541
TOI-756 b,TOI-756,2025,Transit,1.2392495,2.81,0.1,-0.1,3657.0,0.505
TOI-4794 b,TOI-4794,2025,Transit,3.5658116,14.35870428,0.49319515,-0.43715025,6390.0,1.451
TOI-451 d,TOI-451,2020,Transit,16.364962,3.93,0.2,-0.2,5490.0,0.85
Kepler-974 b,Kepler-974,2016,Transit,4.194496514,1.57,0.06,-0.29,3687.0,0.5
TOI-5205 b,TOI-5205,2023,Transit,1.630757,11.6,0.3,-0.3,3430.0,0.394
Kepler-1008 b,Kepler-1008,2016,Transit,12.43931193,1.28,0.07,-0.05,5066.0,0.78
Kepler-1373 b,Kepler-1373,2016,Transit,1.29123275,1.16,0.54,-0.19,6299.0,1.33
Kepler-172 e,Kepler-172,2014,Transit,35.118736,2.76,0.56,-0.56,5526.0,1.085
TOI-1670 b,TOI-1670,2022,Transit,10.98462,2.06,0.19,-0.15,6170.0,1.316
TOI-2338 b,TOI-2338,2023,Transit,22.65398,11.2089807,0.22417961,-0.22417961,5581.0,1.05
Kepler-275 d,Kepler-275,2014,Transit,35.676062,3.33,0.74,-0.74,6165.0,1.383
Kepler-305 e,Kepler-305,2020,Transit,3.20538,1.7938153,,,4974.0,0.827279
TOI-2133 b,TOI-2133,2026,Transit,3.8266472,2.37,0.09,-0.09,4250.0,0.62
K2-188 b,K2-188,2018,Transit,1.742169,1.35,0.11,-0.11,5977.0,1.19
Kepler-32 d,Kepler-32,2012,Transit,22.7802,2.7,0.2,-0.2,3900.0,0.53
Qatar-3 b,Qatar-3,2017,Transit,2.5079204,12.285064,1.56926,-1.56926,6007.0,1.272
Kepler-1787 b,Kepler-1787,2021,Transit,39.31370163,2.31898181,,,6060.0,0.925
Kepler-1979 b,Kepler-1979,2023,Transit,18.5084526,29.33,8.82,-2.94,5942.0,0.938
Kepler-231 c,Kepler-231,2014,Transit,19.271566,1.93,0.19,-0.19,3767.0,0.49
Kepler-1939 b,Kepler-1939,2021,Transit,2.790659904,1.16480773,,,4353.0,0.603
Kepler-1170 b,Kepler-1170,2016,Transit,9.98969327,2.41,0.19,-0.17,5069.0,0.76
Kepler-245 e,Kepler-245,2016,Transit,3.219821056,1.75,0.08,-0.06,5174.0,0.8
K2-384 d,K2-384,2022,Transit,6.679582,1.392,0.118,-0.075,3623.0,0.348
Kepler-487 c,Kepler-487,2016,Transit,38.6519976,2.68,0.18,-0.49,5444.0,0.88
Kepler-157 b,Kepler-157,2014,Transit,1.732342,1.32,0.26,-0.26,5774.0,1.044
TIC 117642575 b,TIC 117642575,2026,Transit,4.94459060181,2.82716337,0.28514319,-0.25773518,5719.98,1.08102
Kepler-40 b,Kepler-40,2010,Transit,6.87349,13.11,0.45,-0.45,6510.0,2.13
Kepler-621 b,Kepler-621,2016,Transit,2.628113746,2.3,0.07,-0.19,4521.0,0.68
Kepler-323 b,Kepler-323,2014,Transit,1.678328,1.381,0.035,-0.035,6004.0,1.12
TOI-6651 b,TOI-6651,2024,Transit,5.056973,5.09,0.27,-0.26,5940.0,1.721
TOI-908 b,TOI-908,2023,Transit,3.183792,3.186,0.155,-0.155,5626.0,1.028
Kepler-1582 b,Kepler-1582,2016,Transit,4.83817712,1.49,0.17,-0.14,3208.0,0.3
WASP-90 b,WASP-90,2016,Transit,3.916243,18.27067,1.00881,-1.00881,6430.0,1.98
K2-133 d,K2-133,2017,Transit,11.02454,2.003,0.107,-0.107,3655.0,0.455
K2-165 b,K2-165,2018,Transit,2.354992,1.27443657,0.14459836,-0.09720175,5185.0,0.803827
Kepler-512 b,Kepler-512,2016,Transit,34.43587975,2.69,0.49,-0.31,5997.0,1.3
K2-138 b,K2-138,2017,Transit,2.35309,1.51,0.11,-0.084,5356.3,0.863
K2-170 c,K2-170,2018,Transit,12.400047,1.8017647,0.24523316,-0.15822636,5748.0,0.981614
Kepler-298 c,Kepler-298,2014,Transit,22.92881,1.93,0.22,-0.22,4465.0,0.582
K2-63 b,K2-63,2016,Transit,20.257,3.22,0.99,-0.99,6771.0,1.63
KOI-351 g,KOI-351,2013,Transit,210.73514,7.718,0.206,-0.206,6031.13,1.185
Kepler-1931 b,Kepler-1931,2021,Transit,38.5760994,2.65323514,,,6167.0,1.221
TOI-519 b,TOI-519,2021,Transit,1.2652328,11.54525012,0.33626942,-0.33626942,3322.0,0.35
Kepler-287 c,Kepler-287,2014,Transit,44.851896,3.26,1.49,-1.49,5806.0,1.032
TOI-2578 b,TOI-2578,2026,Transit,3.4579667,19.66055215,0.65012088,-0.6389119,6333.0,1.64
HD 80653 b,HD 80653,2020,Transit,0.719573,1.613,0.071,-0.071,5959.0,1.22
Kepler-1067 b,Kepler-1067,2016,Transit,0.762129261,0.8,0.12,-0.06,5592.0,0.93
Kepler-1753 b,Kepler-1753,2021,Transit,16.00460052,2.22678077,,,5180.0,0.769
K2-219 d,K2-219,2018,Transit,11.137278,2.57634456,0.35702762,-0.3230924,5753.0,1.189232
Kepler-570 b,Kepler-570,2016,Transit,4.301662003,2.45,0.34,-0.15,5496.0,0.9
Kepler-1049 b,Kepler-1049,2016,Transit,3.273460736,0.95,0.1,-0.16,3864.0,0.49
Kepler-663 b,Kepler-663,2016,Transit,4.99678284,2.6,0.2,-0.16,5264.0,0.82
TOI-2498 b,TOI-2498,2023,Transit,3.738252,6.06,0.29,-0.27,5905.0,1.26
Kepler-762 b,Kepler-762,2016,Transit,3.770552098,12.68,2.64,-1.26,5944.0,1.08
CoRoT-30 b,CoRoT-30,2020,Transit,9.06005,11.309881,0.851884,-0.851884,5650.0,0.91
WASP-98 b,WASP-98,2014,Transit,2.96264036,12.823096,0.381106,-0.381106,5473.0,0.741
Kepler-10 c,Kepler-10,2011,Transit,45.294301,2.355,0.022,-0.022,5708.0,1.065
Kepler-337 b,Kepler-337,2014,Transit,3.292781,1.54,0.43,-0.43,5684.0,1.761
Kepler-108 b,Kepler-108,2014,Transit,49.183921,8.65,0.48,-0.48,5854.0,2.192
Kepler-707 b,Kepler-707,2016,Transit,2.237492751,1.33,0.09,-0.1,5099.0,0.76
Kepler-284 b,Kepler-284,2014,Transit,12.699149,2.24,0.98,-0.98,5615.0,0.814
Kepler-135 c,Kepler-135,2014,Transit,11.448708,1.16,0.23,-0.23,6090.0,1.275
Kepler-950 b,Kepler-950,2016,Transit,98.7180406,8.98,1.56,-0.83,5857.0,1.02
Kepler-102 d,Kepler-102,2014,Transit,10.311767,1.154,0.058,-0.058,4909.0,0.724
WASP-47 d,WASP-47,2015,Transit,9.030501,3.65,0.03,-0.03,5565.0,1.156
Kepler-959 b,Kepler-959,2016,Transit,14.80074836,4.38,1.21,-0.87,7005.0,2.01
K2-243 b,K2-243,2018,Transit,11.54182,2.17,0.14,-0.12,6570.0,1.39
K2-133 c,K2-133,2017,Transit,4.86784,1.603,0.09,-0.088,3655.0,0.455
Kepler-1310 b,Kepler-1310,2016,Transit,0.679336272,1.44,0.16,-0.12,5549.0,0.88
Kepler-1509 b,Kepler-1509,2016,Transit,25.4338197,1.85,0.37,-0.16,5780.0,0.99
Kepler-749 b,Kepler-749,2016,Transit,17.31716585,3.1,0.23,-0.26,5009.0,0.75
TOI-1194 b,TOI-1194,2023,Transit,2.3106446,8.71664516,0.15541841,-0.14858263,5394.0,0.9608
K2-398 b,K2-398,2022,Transit,6.393025,2.274,0.113,-0.111,5946.0,1.239
Kepler-1951 b,Kepler-1951,2021,Transit,20.65780067,2.32107188,,,5468.0,1.306
Kepler-389 b,Kepler-389,2014,Transit,3.244107,1.51,0.77,-0.77,5376.0,0.792
TOI-837 b,TOI-837,2020,Transit,8.3249113,9.16894621,0.38110534,-0.26901554,5995.0,1.052
Kepler-1877 b,Kepler-1877,2021,Transit,2.377569914,0.624086,,,5615.0,0.936
Kepler-543 b,Kepler-543,2016,Transit,13.89961966,2.5,0.12,-0.26,4671.0,0.67
Kepler-152 c,Kepler-152,2014,Transit,88.255055,2.39,0.16,-0.16,5088.0,0.724
Gliese 12 b,Gliese 12,2024,Transit,12.761418,0.93,0.06,-0.06,3328.0,0.265
Kepler-266 c,Kepler-266,2014,Transit,107.723601,3.89,1.89,-1.89,5885.0,1.028
TOI-6130 b,TOI-6130,2024,Transit,2.392679,14.3474953,0.33626942,-0.33626942,6110.0,1.51
Kepler-1531 b,Kepler-1531,2016,Transit,1.138543376,1.11,0.48,-0.18,6260.0,1.27
K2-12 b,K2-12,2015,Transit,8.28246,2.44,0.3,-0.14,5672.0,1.117
Kepler-84 c,Kepler-84,2012,Transit,12.883,2.36,0.11,-0.11,6039.0,1.43
TOI-5210 b,TOI-5210,2025,Transit,4.5661061,10.72699453,0.35868738,-0.26901554,5723.0,1.209
NGTS-30 b,NGTS-30,2024,Transit,98.29838,10.40193409,0.35868738,-0.35868738,5455.0,0.913
K2-413 c,K2-413,2022,Transit,5.3301,1.2327,0.0565,-0.0593,4116.0,0.7
K2-353 b,K2-353,2021,Transit,15.466805,5.55,0.22,-0.2,5698.0,0.99
CoRoT-16 b,CoRoT-16,2011,Transit,5.35227,13.11,1.79,-1.57,5650.0,1.19
TOI-1533 b,TOI-1533,2026,Transit,3.6457974,2.89,0.06,-0.06,5146.0,0.849
Kepler-326 b,Kepler-326,2014,Transit,2.248329,1.52,0.16,-0.16,5105.0,0.801
Kepler-1573 b,Kepler-1573,2016,Transit,2.6157554,1.2,0.23,-0.11,5808.0,1.0
Kepler-175 b,Kepler-175,2014,Transit,11.903515,2.56,1.28,-1.28,6064.0,1.01
Kepler-375 c,Kepler-375,2014,Transit,19.986326,2.65,0.96,-0.96,5826.0,0.837
LP 890-9 c,LP 890-9,2022,Transit,8.457463,1.367,0.055,-0.039,2850.0,0.1556
Kepler-1044 b,Kepler-1044,2016,Transit,6.77408868,2.67,0.62,-0.29,5985.0,1.11
K2-189 c,K2-189,2018,Transit,6.67932,2.31,0.14,-0.05,5442.0,0.879
Kepler-1489 c,Kepler-1489,2024,Transit,0.680741,0.51,0.08,-0.08,5565.53,0.957
Kepler-1714 b,Kepler-1714,2021,Transit,10.27530003,3.26437302,,,6150.0,2.086
TOI-470 b,TOI-470,2023,Transit,12.19148,4.34,0.29,-0.29,5190.0,0.831
Kepler-1241 b,Kepler-1241,2016,Transit,18.5525701,2.63,0.21,-0.23,5261.0,0.8
Kepler-164 b,Kepler-164,2014,Transit,5.03503,1.41,0.28,-0.28,5888.0,1.148
WASP-116 b,WASP-116,2025,Transit,6.6132,13.67495645,0.67253884,-0.67253884,6250.0,1.426
WASP-193 b,WASP-193,2023,Transit,6.2463475,14.78464554,0.62770292,-0.53803107,6080.0,1.213
TOI-1898 b,TOI-1898,2024,Transit,45.52234,9.39553231,0.2342915,-0.30913881,6241.0,1.6131
Kepler-1820 b,Kepler-1820,2021,Transit,31.03249931,3.11883067,,,5841.0,0.931
K2-209 b,K2-209,2018,Transit,2.080615,0.86850263,0.10481089,-0.06222638,4720.0,0.712365
HIP 8152 b,HIP 8152,2023,Transit,10.751014,2.53625843,0.15691518,-0.13542085,5618.0,0.9603
Kepler-1722 b,Kepler-1722,2021,Transit,9.178569794,2.86719266,,,5506.0,0.788
TOI-1937 A b,TOI-1937 A,2023,Transit,0.94667944,13.97759893,0.66132986,-0.6949568,5814.0,1.08
Kepler-1388 d,Kepler-1388,2016,Transit,20.9568158,2.86,0.12,-0.19,4098.0,0.61
Kepler-1130 c,Kepler-1130,2021,Transit,3.266639948,0.79239584,,,5450.0,0.842
Kepler-114 b,Kepler-114,2014,Transit,5.188549,1.26,0.13,-0.13,4605.0,0.667
Kepler-410 A b,Kepler-410 A,2013,Transit,17.833648,2.838,0.054,-0.054,6273.0,1.352
Kepler-254 b,Kepler-254,2014,Transit,5.826662,3.87,1.85,-1.85,5957.0,0.91
Kepler-1113 b,Kepler-1113,2016,Transit,42.3004954,2.81,1.13,-0.36,5931.0,1.17
Kepler-841 b,Kepler-841,2016,Transit,124.4198398,5.23,0.41,-0.36,5324.0,0.81
Kepler-331 b,Kepler-331,2014,Transit,8.457496,1.82,0.19,-0.19,4347.0,0.492
Kepler-1792 b,Kepler-1792,2021,Transit,4.1957798,2.51990972,,,5229.0,1.005
Kepler-1485 b,Kepler-1485,2016,Transit,19.9157725,1.47,0.24,-0.14,6087.0,1.12
Kepler-142 b,Kepler-142,2014,Transit,2.024152,1.99,0.39,-0.39,5790.0,1.269
EPIC 201754305 d,K2-16,2019,Transit,2.71578,1.03,0.085,-0.086,4761.0,0.544
Kepler-103 b,Kepler-103,2014,Transit,15.9653287,3.4857,0.0567,-0.0536,6047.0,1.492
Kepler-1415 b,Kepler-1415,2016,Transit,0.63642408,1.29,0.12,-0.08,5267.0,0.84
TOI-1338 b,TOI-1338 A,2020,Transit,95.4001,7.661,0.053,-0.053,5723.2,1.313
Kepler-662 b,Kepler-662,2016,Transit,21.67697486,2.18,0.11,-0.12,4897.0,0.74
TOI-1235 b,TOI-1235,2020,Transit,3.444714,1.69,0.08,-0.08,3997.0,0.619
TOI-663 d,TOI-663,2024,Transit,7.1027268,1.92,0.13,-0.13,3681.0,0.512
Kepler-754 b,Kepler-754,2016,Transit,14.5596237,2.01,0.48,-0.26,5935.0,1.08
HD 207897 b,HD 207897,2021,Transit,16.20166,2.34302132,0.123646,-0.09173373,5106.0,0.7827
Kepler-1667 b,Kepler-1667,2020,Transit,83.5781,2.98385261,,,5941.54,1.08751
TOI-905 b,TOI-905,2020,Transit,3.739494,13.125739,0.594077,-0.571659,5570.0,0.918
Kepler-1468 d,Kepler-1468,2021,Transit,19.59059906,3.33187146,,,5794.0,1.496
TOI-2267 c,TOI-2267 A,2025,Transit,3.4950412,1.14,0.13,-0.13,3030.0,0.2075
TOI-2000 c,TOI-2000,2023,Transit,9.127055,8.14,0.31,-0.3,5611.0,1.134
TOI-1333 b,TOI-1333,2021,Transit,4.720219,15.647764,0.627704,-0.605286,6274.0,1.925
Kepler-275 c,Kepler-275,2014,Transit,16.088134,3.38,0.64,-0.64,6165.0,1.383
Kepler-1459 b,Kepler-1459,2016,Transit,62.8691611,1.36,0.1,-0.08,4828.0,0.74
Kepler-671 b,Kepler-671,2016,Transit,4.280958588,2.69,0.49,-0.2,5624.0,0.95
Kepler-519 b,Kepler-519,2016,Transit,24.3078946,2.1,0.06,-0.04,5260.0,0.8
K2-24 b,K2-24,2016,Transit,20.88977,5.4,0.2,-0.2,5625.0,1.16
HD 1397 b,HD 1397,2018,Transit,11.53533,11.500434,0.280225,-0.302643,5521.0,2.336
Kepler-320 b,Kepler-320,2014,Transit,8.371554,1.14,0.54,-0.54,6435.0,1.108
Kepler-1769 b,Kepler-1769,2021,Transit,89.1934967,4.465,,,6071.0,1.295
Kepler-1726 b,Kepler-1726,2021,Transit,18.39629936,2.50861954,,,5316.0,0.804
K2-183 c,K2-183,2018,Transit,10.787992,2.3,0.2,-0.1,5482.0,0.87
Kepler-1772 b,Kepler-1772,2021,Transit,3.215090036,2.68609988,,,5541.0,0.934
Kepler-1396 b,Kepler-1396,2016,Transit,18.2206421,2.07,0.79,-0.37,6195.0,1.27
Kepler-1165 c,Kepler-1165,2021,Transit,29.96870041,3.36093385,,,6249.0,1.076
TOI-4582 b,TOI-4582,2023,Transit,31.034,10.53644186,1.00880826,-1.34507768,5190.0,2.5
NGTS-21 b,NGTS-21,2022,Transit,1.5433897,14.90794433,0.33626942,-0.33626942,4660.0,0.86
K2-330 b,K2-330,2021,Transit,13.774798,2.77,0.14,-0.09,6232.0,1.5
Kepler-1519 b,Kepler-1519,2016,Transit,240.7989397,7.06,0.81,-0.54,5644.0,0.91
TOI-2545 b,TOI-2545,2022,Transit,7.994037,2.75,,,5846.29,1.25324
Kepler-338 d,Kepler-338,2014,Transit,44.431014,3.0,0.28,-0.28,5923.0,1.735
Kepler-121 c,Kepler-121,2014,Transit,41.008011,2.27,1.25,-1.25,5311.0,0.701
K2-154 c,K2-154,2018,Transit,7.95486,2.07,0.18,-0.13,4097.0,0.63
KELT-9 b,KELT-9,2017,Transit,1.4811235,21.70058664,0.52682209,-0.52682209,9270.0,2.418
Kepler-262 b,Kepler-262,2014,Transit,13.060855,1.36,0.59,-0.59,5841.0,0.881
WASP-11 b,WASP-11,2008,Transit,3.72247,12.44199,1.1209,-1.1209,4800.0,0.89
TOI-2211.01,TOI-2211,2024,Transit,3.092686757,1.561,0.198,-0.144,5253.0,0.834
Kepler-1821 b,Kepler-1821,2021,Transit,16.45809937,2.59248115,,,5475.0,0.884
PH2 b,PH2,2013,Transit,282.52542,9.33708092,0.2914335,-0.26901554,5734.0,0.949
Kepler-124 b,Kepler-124,2014,Transit,3.410493,0.73,0.05,-0.05,4984.0,0.636
Kepler-380 b,Kepler-380,2014,Transit,3.930821,1.19,0.24,-0.24,6045.0,1.224
TOI-5777 b,TOI-5777,2026,Transit,6.91716177373,3.09551273,3.33613185,-0.62792622,4408.03,0.671912
Kepler-1259 b,Kepler-1259,2016,Transit,0.663085258,1.43,0.07,-0.1,5053.0,0.77
TOI-2518 b,TOI-2518,2026,Transit,6.89797425216,2.26838675,0.26231558,-0.20960264,5751.2,0.993374
TIC 206466666 b,TIC 206466666,2026,Transit,9.10486865159,2.14817673,0.29725335,-0.22779036,4620.3,0.667193
Kepler-156 c,Kepler-156,2014,Transit,15.906801,2.55,0.19,-0.19,5094.0,0.807
Kepler-406 b,Kepler-406,2014,Transit,2.42629,1.43,0.03,-0.03,5538.0,1.07
Kepler-286 e,Kepler-286,2014,Transit,29.221289,1.77,0.43,-0.43,5580.0,0.863
CoRoT-11 b,CoRoT-11,2010,Transit,2.99433,16.03,0.34,-0.34,6440.0,1.37
Kepler-624 b,Kepler-624,2016,Transit,14.58649607,2.31,0.33,-0.24,6117.0,1.18
Kepler-1530 c,Kepler-1530,2016,Transit,5.3227406,1.65,0.24,-0.11,5477.0,0.88
TOI-5349 b,TOI-5349,2026,Transit,3.317921,10.2,0.3,-0.3,3751.0,0.58
K2-321 b,K2-321,2020,Transit,2.2979749,2.05124347,0.16813471,-0.13450777,3750.0,0.595
Kepler-14 b,Kepler-14,2011,Transit,6.790123,12.733,0.818,-0.605,6395.0,2.048
Kepler-1047 c,Kepler-1047,2016,Transit,3.18897601,0.99,0.13,-0.09,5754.0,1.13
TOI-1117 b,TOI-1117,2025,Transit,2.22816,2.46,0.13,-0.12,5635.0,1.05
Kepler-106 b,Kepler-106,2014,Transit,6.16486,0.82,0.11,-0.11,5858.0,1.04
TOI-4406 b,TOI-4406,2023,Transit,30.08364,11.2089807,0.22417961,-0.22417961,6219.0,1.29
Kepler-1430 b,Kepler-1430,2016,Transit,2.46050993,1.18,0.09,-0.08,4796.0,0.72
Kepler-1388 e,Kepler-1388,2016,Transit,37.6327084,2.46,0.14,-0.15,4098.0,0.61
TOI-2322 b,TOI-2322,2025,Transit,11.30717,0.994,0.057,-0.059,4664.0,0.662
Kepler-1311 b,Kepler-1311,2016,Transit,11.1726994,1.24,0.25,-0.26,5748.0,1.4
CoRoT-6 b,CoRoT-6,2009,Transit,8.886593,13.068,0.392,-0.392,6090.0,1.025
K2-58 c,K2-58,2016,Transit,2.53726,1.62,0.23,-0.23,5413.0,0.86
K2-182 b,K2-182,2018,Transit,4.7369696,2.71257333,0.11096891,-0.09079274,5128.0,0.789
Kepler-1991 c,Kepler-1991,2023,Transit,22.79020351,2.57,0.36,-0.36,5478.0,1.053
TOI-2345 c,TOI-2345,2025,Transit,21.064302,2.451,0.045,-0.046,4687.0,0.729
Kepler-126 d,Kepler-126,2014,Transit,100.283134,2.5,0.05,-0.05,6239.0,1.358
Kepler-445 c,Kepler-445,2015,Transit,4.871229,2.51,0.36,-0.36,3157.0,0.21
Kepler-1635 b,Kepler-1635,2016,Transit,469.63111,3.64,0.33,-0.67,5347.0,0.85
Kepler-1709 b,Kepler-1709,2021,Transit,65.70459747,3.12424875,,,5918.0,1.043
Kepler-611 b,Kepler-611,2016,Transit,2.437033302,1.65,0.51,-0.15,5761.0,1.01
Kepler-1904 b,Kepler-1904,2021,Transit,4.577020168,1.3904994,,,3805.0,0.497
Kepler-473 b,Kepler-473,2016,Transit,14.55731705,4.08,0.79,-0.67,5816.0,1.34
Kepler-1061 b,Kepler-1061,2016,Transit,2.757982666,1.98,0.11,-0.37,6067.0,1.07
Kepler-9 d,Kepler-9,2010,Transit,1.592851,1.64,0.19,-0.14,5777.0,1.02
TOI-7510 d,TOI-7510,2025,Transit,48.864468,10.52,0.32,-0.32,5720.0,1.035
Kepler-802 b,Kepler-802,2016,Transit,40.0587473,3.54,0.47,-0.4,5507.0,0.9
Kepler-865 c,Kepler-865,2023,Transit,6.20920207,0.89,0.19,-0.13,5440.0,0.885
Kepler-316 b,Kepler-316,2014,Transit,2.240508,1.06,0.11,-0.11,4204.0,0.52
Kepler-329 b,Kepler-329,2014,Transit,7.416397,1.4,0.25,-0.25,4257.0,0.523
Kepler-1085 c,Kepler-1085,2020,Transit,56.7771,3.26817741,,,5816.0,1.0783
Kepler-1068 b,Kepler-1068,2016,Transit,16.92344113,3.63,0.89,-0.37,5806.0,1.01
Kepler-1856 b,Kepler-1856,2021,Transit,1.302000046,1.73447868,,,4948.0,0.816
Kepler-7 b,Kepler-7,2009,Transit,4.8854892,18.180998,0.145717,-0.145717,5933.0,1.966
Kepler-1799 b,Kepler-1799,2021,Transit,11.9296999,4.12801189,,,5831.0,0.921
K2-146 c,K2-146,2019,Transit,4.00498,2.19,0.07,-0.07,3385.0,0.33
Kepler-1305 b,Kepler-1305,2016,Transit,13.5630972,1.88,0.35,-0.19,5701.0,0.96
Kepler-1144 b,Kepler-1144,2016,Transit,17.14647302,1.99,0.3,-0.16,5753.0,0.96
Kepler-1162 c,Kepler-1162,2023,Transit,59.284064,1.81,0.13,-0.11,5225.0,0.859
Kepler-1088 b,Kepler-1088,2016,Transit,23.12748644,1.42,0.11,-0.1,5975.0,1.08
Kepler-393 c,Kepler-393,2014,Transit,14.613612,1.33,0.31,-0.31,6189.0,1.382
HD 202772 A b,HD 202772 A,2019,Transit,3.3088775,18.2370116,0.78462865,-0.72858375,6442.0,2.554
Kepler-1597 b,Kepler-1597,2016,Transit,2.94654179,1.06,0.47,-0.17,6377.0,1.39
TOI-480 b,TOI-480,2024,Transit,6.866196,2.85372018,0.13233983,-0.10240654,6174.0,1.4877
Kepler-1560 b,Kepler-1560,2016,Transit,3.03195744,0.89,0.18,-0.09,5815.0,1.02
Kepler-1440 b,Kepler-1440,2016,Transit,39.859484,1.26,0.23,-0.14,5698.0,0.96
WASP-130 b,WASP-130,2016,Transit,11.55098,9.97601,0.33627,-0.33627,5625.0,0.96
WASP-157 b,WASP-157,2016,Transit,3.951623,11.19,0.28,-0.28,5772.0,1.1
Kepler-188 b,Kepler-188,2014,Transit,2.061897,1.68,0.76,-0.76,6021.0,1.141
HD 136352 b,HD 136352,2019,Radial Velocity,11.57797,1.664,0.043,-0.043,5664.0,1.058
Kepler-588 b,Kepler-588,2016,Transit,4.221625357,2.63,0.5,-0.22,5835.0,1.0
Kepler-693 b,Kepler-693,2016,Transit,15.37563332,10.18,0.5,-0.77,4881.0,0.72
Kepler-1380 b,Kepler-1380,2016,Transit,10.3108245,1.43,0.26,-0.11,5570.0,0.94
Kepler-387 b,Kepler-387,2014,Transit,6.791636,1.03,0.24,-0.24,5774.0,1.046
K2-54 b,K2-54,2016,Transit,9.7833,2.6116925,0.21297063,-0.19055267,3990.0,0.643
Kepler-1126 c,Kepler-1126,2023,Transit,199.66876,1.45,0.18,-0.18,5678.0,0.921
K2-263 b,K2-263,2018,Transit,50.819172,2.513,0.11,-0.095,5368.0,0.85
Kepler-1469 b,Kepler-1469,2016,Transit,21.8635301,2.8,0.37,-0.26,5507.0,0.89
Kepler-462 b,Kepler-462,2016,Transit,84.6866,3.0,0.2,-0.1,7500.0,1.57
Kepler-1183 b,Kepler-1183,2016,Transit,28.5057189,2.82,0.52,-0.3,5765.0,0.99
TOI-1443 b,TOI-1443,2024,Transit,23.540678,2.30381001,0.12697832,-0.10061016,5224.0,0.7511
Kepler-1900 b,Kepler-1900,2021,Transit,2.986229897,1.62314676,,,6173.0,1.041
TOI-5624 b,TOI-5624,2026,Transit,3.3903473,2.314,0.035,-0.035,5327.0,0.82
Kepler-739 b,Kepler-739,2016,Transit,12.53248465,3.32,0.49,-0.29,5601.0,0.9
K2-384 e,K2-384,2022,Transit,9.715043,1.345,0.139,-0.082,3623.0,0.348
Kepler-261 b,Kepler-261,2014,Transit,10.381227,2.18,0.14,-0.14,5098.0,0.794
TrES-5 b,TrES-5,2011,Transit,1.48224686,13.383546,0.168135,-0.168135,5171.0,0.868
Kepler-18 b,Kepler-18,2011,Transit,3.504725,2.0,0.1,-0.1,5345.0,1.108
K2-205 b,K2-205,2018,Transit,26.672263,1.99552771,0.26954694,-0.23149515,5890.0,1.077574
Kepler-1400 b,Kepler-1400,2016,Transit,9.06689421,1.62,0.11,-0.11,5044.0,0.78
Kepler-84 d,Kepler-84,2014,Transit,4.224537,1.38,0.27,-0.27,6031.0,1.169
TOI-561 c,TOI-561,2020,Transit,10.778838,2.865,0.041,-0.041,5342.0,0.843
K2-258 b,K2-258,2018,Transit,19.0921,3.0,0.21,-0.2,6351.0,1.31
Kepler-1855 b,Kepler-1855,2021,Transit,0.727330983,1.216205,,,3460.0,0.356
Kepler-1987 e,Kepler-1987,2023,Transit,8.74292005,1.92,0.18,-0.13,4769.0,0.714
K2-276 b,K2-276,2018,Transit,18.718269,3.77,0.21,-0.21,5139.0,0.85
LTT 1445 A c,LTT 1445 A,2022,Transit,3.1239035,1.147,0.055,-0.054,3340.0,0.265
Kepler-415 c,Kepler-415,2014,Transit Timing Variations,8.708,2.01,0.15,-0.06,4362.0,0.643
K2-127 b,K2-127,2017,Transit,3.588163,8.37,0.33,-0.33,4575.0,0.66
WASP-119 b,WASP-119,2016,Transit,2.49979,15.6926,2.2418,-2.2418,5650.0,1.2
TOI-1782.02,TOI-1782,2024,Transit,1.829024227,1.839,0.234,-0.185,4336.0,0.669
WTS-1 b,WTS-1,2012,Transit,3.352057,16.7,1.79,-2.02,6250.0,1.15
Kepler-893 b,Kepler-893,2016,Transit,6.33855761,3.03,0.52,-0.37,5820.0,0.99
Kepler-1487 c,Kepler-1487,2023,Transit,35.8007112,7.97,1.39,-2.77,5745.0,3.955
K2-155 b,K2-155,2018,Transit,6.342,1.8,0.2,-0.1,4258.0,0.58
Kepler-1579 b,Kepler-1579,2016,Transit,0.849907889,0.84,0.06,-0.05,4584.0,0.7
K2-264 b,K2-264,2018,Transit,5.840002,2.231,0.151,-0.145,3660.0,0.473
Kepler-1351 b,Kepler-1351,2016,Transit,0.916140768,0.65,0.05,-0.04,4439.0,0.67
Kepler-8 b,Kepler-8,2010,Transit,3.5224991,15.871944,0.594077,-0.694958,6213.0,1.486
K2-406 b,K2-406,2022,Transit,22.549406,4.602,0.311,-0.292,5784.0,0.961
Kepler-1363 b,Kepler-1363,2016,Transit,2.94194094,1.25,0.09,-0.08,4839.0,0.72
HD 109833 b,HD 109833,2022,Transit,9.188526,2.888,0.152,-0.127,5881.0,1.0
TOI-700 d,TOI-700,2020,Transit,37.42396,1.073,0.059,-0.054,3459.0,0.421
HATS-51 b,HATS-51,2017,Transit,3.3488702,15.80469,2.12971,-2.12971,5758.0,1.44
Kepler-168 b,Kepler-168,2014,Transit,4.425391,1.46,0.66,-0.66,6282.0,1.107
Kepler-382 c,Kepler-382,2014,Transit,12.162701,1.59,0.77,-0.77,5600.0,0.945
K2-246 b,K2-246,2018,Transit,5.76918,3.49,0.25,-0.21,5610.0,0.94
HAT-P-15 b,HAT-P-15,2010,Transit,10.8635,11.88154,0.78463,-0.78463,5568.0,1.07
K2-238 b,K2-238,2018,Transit,3.20466,14.5717,1.68135,-1.56926,5630.0,1.59
Kepler-42 c,Kepler-42,2011,Transit,0.45328509,0.73,0.2,-0.2,3068.0,0.17
K2-147 b,K2-147,2018,Transit,0.961939,1.47286006,0.11096891,-0.09863903,3690.0,0.578
Kepler-725 b,Kepler-725,2016,Transit,39.64372,10.8,0.6,-0.6,5395.0,0.88
CoRoT-5 b,CoRoT-5,2009,Transit,4.0378962,15.558,0.516,-0.527,6100.0,1.186
Kepler-1819 b,Kepler-1819,2021,Transit,16.48690033,3.90351256,,,6090.0,1.071
CoRoT-29 b,CoRoT-29,2015,Transit,2.85057,10.0881,1.79344,-1.79344,5260.0,0.9
TOI-757 b,TOI-757,2024,Transit,17.46819,2.5,0.1,-0.1,5278.0,0.78
Kepler-1014 b,Kepler-1014,2016,Transit,16.57110363,2.39,0.21,-0.25,5388.0,0.84
TOI-1453 b,TOI-1453,2025,Transit,4.3135225,1.173,0.059,-0.056,4975.0,0.72
Kepler-437 b,Kepler-437,2015,Transit,66.65062,2.14,0.22,-0.17,4551.0,0.68
Kepler-395 c,Kepler-395,2014,Transit,34.989262,1.32,0.09,-0.09,4262.0,0.556
Kepler-1609 b,Kepler-1609,2016,Transit,114.34219,2.22,0.9,-0.32,6132.0,1.27
WASP-197 b,WASP-197,2025,Transit,5.167228,14.44837612,0.54924005,-0.54924005,6050.0,2.112
Kepler-281 b,Kepler-281,2014,Transit,14.646008,2.82,1.12,-1.12,5723.0,0.899
Kepler-908 b,Kepler-908,2016,Transit,1.340597468,1.22,0.1,-0.08,5973.0,1.12
K2-318 b,K2-318,2020,Transit,7.01,1.66,0.13,-0.13,3851.0,0.552
Kepler-1449 b,Kepler-1449,2016,Transit,13.2274528,1.68,0.37,-0.18,5979.0,1.1
TOI-451 c,TOI-451,2020,Transit,9.192463,2.93,0.16,-0.16,5490.0,0.85
WASP-181 b,WASP-181,2019,Transit,4.5195064,13.271456,0.795839,-0.661331,5839.0,0.965
Kepler-1965 b,Kepler-1965,2021,Transit,41.86869812,1.35415138,,,5852.0,0.837
55 Cnc e,55 Cnc,2004,Radial Velocity,0.7365474,1.875,0.029,-0.029,5172.0,0.943
Kepler-241 b,Kepler-241,2014,Transit,12.718092,2.33,1.03,-1.03,4699.0,0.668
HAT-P-69 b,HAT-P-69,2019,Transit,4.7869491,18.786284,0.571659,-0.369897,7394.0,1.926
Kepler-389 c,Kepler-389,2014,Transit,14.51143,1.46,0.75,-0.75,5376.0,0.792
Kepler-286 c,Kepler-286,2014,Transit,3.468095,1.37,0.27,-0.27,5580.0,0.863
K2-158 c,K2-158,2018,Transit,5.90279,1.28,0.13,-0.1,5503.0,0.95
Kepler-864 c,Kepler-864,2023,Transit,2.42150341,1.62,0.47,-0.19,6213.0,1.195
Kepler-460 c,KIC 5437945,2016,Transit,220.1303357,5.52,2.07,-0.73,6146.0,1.26
EPIC 220674823 b,EPIC 220674823,2016,Transit,0.57130782,1.606,0.034,-0.033,5578.0,0.99
OGLE-TR-111 b,OGLE-TR-111,2004,Transit,4.0144463,11.421971,0.291434,-0.291434,5040.0,0.83
TOI-1630.01,TOI-1630,2024,Transit,12.055734733,2.417,0.228,-0.162,5504.0,0.83
Kepler-1763 b,Kepler-1763,2021,Transit,1.480280042,1.14651332,,,5897.0,1.259
Kepler-961 b,Kepler-961,2016,Transit,16.87727414,2.55,0.11,-0.08,5582.0,0.9
TOI-1472 c,TOI-1472,2025,Radial Velocity,15.5381747,3.334,0.08,-0.08,5100.0,0.84
TOI-5153 b,TOI-5153,2022,Transit,20.33003,11.88151954,0.44835923,-0.44835923,6300.0,1.4
Kepler-1239 b,Kepler-1239,2016,Transit,5.19104016,2.9,0.37,-0.31,6564.0,1.57
KOI-7913 b,KOI-7913 A,2022,Transit,24.278553,2.34,0.18,-0.18,4324.0,0.788
Kepler-1312 c,Kepler-1312,2021,Transit,1.116119981,1.02732734,,,5721.0,0.905
Kepler-1902 b,Kepler-1902,2021,Transit,3.822220087,1.17563613,,,3729.0,0.514
TOI-5926 b,TOI-5926,2026,Transit,3.81122794237,7.56807148,0.99612024,-0.7289799,5388.92,0.890046
Kepler-747 b,Kepler-747,2016,Transit,35.61760587,5.27,0.29,-0.28,5096.0,0.78
K2-264 c,K2-264,2018,Transit,19.660302,2.668,0.201,-0.194,3660.0,0.473
Kepler-297 b,Kepler-297,2014,Transit,38.871826,2.87,0.52,-0.52,5619.0,0.915
Kepler-949 b,Kepler-949,2016,Transit,8.689307296,2.91,0.36,-0.23,5403.0,0.86
TOI-5238 b,TOI-5238,2022,Transit,4.872171,5.22,,,5631.0,1.02283
Kepler-53 b,Kepler-53,2012,Transit,18.6489525,2.89,,,5858.0,0.89
Kepler-105 b,Kepler-105,2013,Transit,5.4122034,2.53,0.07,-0.07,5933.0,1.026
Kepler-1177 b,Kepler-1177,2016,Transit,106.247547,1.9,0.16,-0.12,5712.0,0.97
TOI-1710 b,TOI-1710,2022,Transit,24.28336,5.06,0.06,-0.06,5775.0,0.93
TOI-1899 b,TOI-1899,2020,Transit,29.090312,11.09689089,0.33626942,-0.33626942,3926.0,0.607
Kepler-1588 b,Kepler-1588,2016,Transit,7.84931739,0.76,0.11,-0.07,5817.0,0.99
Kepler-226 b,Kepler-226,2014,Transit,3.940997,1.55,0.62,-0.62,5571.0,0.802
Kepler-11 d,Kepler-11,2010,Transit,22.6845,3.12,0.06,-0.07,5663.0,1.065
NGTS-14 A b,NGTS-14 A,2021,Transit,3.5357173,4.976796,0.33627,-0.33627,5187.0,0.842
K2-131 b,K2-131,2017,Transit,0.3693038,1.69,0.085,-0.058,5120.0,0.7595
Kepler-937 c,Kepler-937,2016,Transit,153.343364,2.67,0.91,-0.39,6095.0,1.22
Kepler-218 d,Kepler-218,2016,Transit,124.5244647,2.66,0.28,-0.18,5542.0,1.02
Kepler-487 b,Kepler-487,2016,Transit,15.358768403,11.42,0.69,-0.53,5444.0,0.88
TOI-6054.01,TOI-6054,2024,Transit,7.501428,2.64,0.15,-0.15,6047.0,1.662
HD 97658 b,HD 97658,2010,Radial Velocity,9.4897116,2.12,0.06,-0.06,5212.0,0.728
Kepler-135 b,Kepler-135,2014,Transit,6.00253,1.81,0.35,-0.35,6090.0,1.275
Kepler-501 b,Kepler-501,2016,Transit,5.640677572,4.3,0.69,-0.46,5904.0,1.04
K2-137 b,K2-137,2017,Transit,0.179719,0.64,0.1,-0.1,3697.0,0.29
HAT-P-25 b,HAT-P-25,2012,Transit,3.65281514,12.722215,0.538032,-0.538032,5519.0,0.919
Kepler-1416 b,Kepler-1416,2016,Transit,1.49514952,0.88,0.33,-0.14,6019.0,1.15
Kepler-100 d,Kepler-100,2014,Transit,35.3331,1.61,0.05,-0.05,5825.0,1.49
TOI-892 b,TOI-892,2020,Transit,10.62656,11.99363,0.22418,-0.22418,6261.0,1.39
Kepler-1466 b,Kepler-1466,2016,Transit,31.1750448,1.55,0.27,-0.17,5884.0,1.02
K2-124 b,K2-124,2017,Transit,6.413651,2.9,0.1,-0.1,3570.0,0.388
WASP-12 b,WASP-12,2008,Transit,1.091418901,22.02564708,0.9863903,-0.97518132,6265.0,1.69
Kepler-566 b,Kepler-566,2016,Transit,18.42794624,2.15,0.13,-0.13,5132.0,0.79
Kepler-648 b,Kepler-648,2016,Transit,17.4211749,3.22,0.12,-0.24,5741.0,0.98
TOI-5800 b,TOI-5800,2025,Transit,2.6278838,2.46,0.18,-0.16,4850.0,0.773
Kepler-1224 b,Kepler-1224,2016,Transit,13.32351601,1.33,0.12,-0.08,6155.0,1.22
TOI-1739 b,TOI-1739,2024,Transit,8.303341406,1.946,0.226,-0.169,4814.0,0.781
TIC 88785435 b,TIC 88785435,2025,Transit,10.508843,5.03,0.21,-0.2,3998.0,0.911
Kepler-770 c,Kepler-770,2016,Transit,1.475322314,1.2,0.19,-0.1,5598.0,0.92
TOI-6707 b,TOI-6707,2026,Transit,3.83479363758,5.72673066,0.41846318,-0.39880235,6289.49,1.58202
Kepler-1946 b,Kepler-1946,2021,Transit,3.035190105,2.48812698,,,5505.0,0.873
TOI-4507 b,TOI-4507,2025,Transit,104.61611,8.2,0.1,-0.1,6260.0,1.04
TOI-3540 A b,TOI-3540 A,2022,Transit,3.119999,23.53885947,,,5810.0,1.228
TOI-2803 A b,TOI-2803 A,2023,Transit,1.96229325,18.11371281,0.38110534,-0.35868738,6280.0,1.245
Kepler-274 c,Kepler-274,2014,Transit,33.197861,1.84,1.0,-1.0,6023.0,1.007
TOI-262 b,TOI-262,2023,Transit,11.14529,2.07,0.15,-0.15,5310.0,0.853
Kepler-1884 b,Kepler-1884,2021,Transit,8.988320351,1.81406781,,,5984.0,0.906
TOI-2420 b,TOI-2420,2024,Transit,5.842641,15.02003414,0.82946457,-0.80704661,5707.0,2.369
Kepler-1964 b,Kepler-1964,2021,Transit,2.440829992,1.7810587,,,4803.0,0.698
Kepler-1072 b,Kepler-1072,2016,Transit,1.569066502,1.58,0.72,-0.24,6199.0,1.32
Kepler-1462 b,Kepler-1462,2016,Transit,65.6488341,3.82,0.82,-0.39,5756.0,1.0
HATS-25 b,HATS-25,2016,Transit,4.2986432,14.12334,1.1209,-1.1209,5715.0,1.107
HAT-P-50 b,HAT-P-50,2015,Transit,3.1220109,14.437192,0.717376,-0.717376,6280.0,1.698
K2-233 c,K2-233,2018,Transit,7.06024,1.272,0.038,-0.038,4796.0,0.71
Kepler-351 d,Kepler-351,2016,Transit,142.544247,2.72,0.19,-0.3,5225.0,0.78
TOI-4465 b,TOI-4465,2025,Transit,101.94054,14.01122587,0.89671846,-0.78462865,5545.0,1.014
TOI-6255 b,TOI-6255,2024,Transit,0.23818244,1.079,0.065,-0.065,3421.0,0.37
Kepler-1542 e,Kepler-1542,2016,Transit,5.10115756,0.76,0.1,-0.08,5564.0,0.99
Kepler-789 b,Kepler-789,2016,Transit,8.63847725,2.12,0.42,-0.23,5870.0,1.02
Kepler-328 c,Kepler-328,2013,Transit,71.312,5.4,2.24,-0.54,6064.0,1.06
Kepler-311 d,Kepler-311,2023,Transit,232.040326,2.05,0.33,-0.29,5903.0,1.156
Kepler-285 b,Kepler-285,2014,Transit,2.633867,1.34,0.58,-0.58,5411.0,0.808
Kepler-1073 d,Kepler-1073,2021,Transit,2.504760027,1.48770949,,,5509.0,1.116
Kepler-804 c,Kepler-804,2016,Transit,9.65185017,1.14,0.2,-0.14,5817.0,1.05
Kepler-55 f,Kepler-55,2014,Transit,10.198545,1.59,0.1,-0.1,4503.0,0.619
WASP-80 b,WASP-80,2012,Transit,3.06785234,11.197791,0.33627,-0.347479,4143.0,0.586
WASP-149 b,WASP-149,2025,Transit,1.332813,15.24421375,0.67253884,-0.67253884,5750.0,1.08
K2-279 b,K2-279,2018,Transit,7.122605,1.21,0.14,-0.14,5558.0,0.86
TOI-2274 b,TOI-2274,2024,Transit,2.67963,2.45,0.23,-0.13,3943.0,0.631
Kepler-173 b,Kepler-173,2014,Transit,4.263742,1.29,0.64,-0.64,6031.0,0.949
Kepler-1937 b,Kepler-1937,2021,Transit,9.688599586,3.0229133,,,6457.0,1.196
TOI-942 b,TOI-942,2020,Transit,4.32421,3.89,0.25,-0.23,4969.0,0.894
Kepler-335 b,Kepler-335,2014,Transit,6.562331,3.39,0.67,-0.67,5877.0,1.854
TOI-880.02,TOI-880,2024,Transit,2.57571,2.19,0.11,-0.11,5050.0,0.83
TOI-4940 b,TOI-4940,2025,Transit,25.867811,6.61,0.37,-0.37,5504.0,1.163
Kepler-1393 b,Kepler-1393,2016,Transit,2.44357812,0.8,0.04,-0.08,5697.0,0.92
Kepler-1035 b,Kepler-1035,2016,Transit,2.714077555,1.17,0.28,-0.11,5763.0,0.97
K2-315 b,K2-315,2020,Transit,3.1443189,0.95,0.058,-0.058,3300.0,0.196
Kepler-1895 b,Kepler-1895,2021,Transit,6.070290089,2.11934728,,,5076.0,0.763
TOI-2049 b,TOI-2049,2026,Transit,5.303468,16.64533634,0.79583763,-0.75100171,6164.0,3.2
TOI-5605 b,TOI-5605,2026,Transit,5.91340454843,2.52611303,0.34360463,-0.27750529,4583.79,0.736044
Kepler-761 b,Kepler-761,2016,Transit,10.12804789,2.03,0.25,-0.17,5706.0,0.93
Kepler-1985 b,Kepler-1985,2023,Transit,3.42064689,2.27,0.25,-0.22,5370.0,0.966
Kepler-1607 b,Kepler-1607,2016,Transit,13.6473676,0.92,0.33,-0.14,6116.0,1.21
Kepler-1464 c,Kepler-1464,2016,Transit,5.32786292,1.0,0.22,-0.11,5828.0,1.01
Kepler-1898 b,Kepler-1898,2021,Transit,4.765620232,0.93353523,,,5702.0,1.125
Kepler-1801 c,Kepler-1801,2023,Transit,116.583183,2.91,0.83,-0.42,5738.0,0.981
Kepler-1274 b,Kepler-1274,2016,Transit,6.98152703,1.42,0.1,-0.1,6179.0,2.17
K2-73 b,K2-73,2016,Transit,7.49556,2.58,0.13,-0.06,5867.0,1.058
Kepler-428 b,Kepler-428,2014,Transit,3.52563254,12.11,0.34,-0.34,5150.0,0.8
Kepler-1729 b,Kepler-1729,2021,Transit,4.220970154,3.89404186,,,3837.0,0.517
K2-31 b,K2-31,2016,Transit,1.25785,11.88154,3.92315,-3.92315,5280.0,0.78
Kepler-147 c,Kepler-147,2014,Transit,33.416423,2.43,0.49,-0.49,6012.0,1.468
Kepler-1619 b,Kepler-1619,2016,Transit,23.6225913,0.76,0.15,-0.08,5852.0,1.0
K2-133 e,K2-133,2019,Transit,26.5841,1.73,0.14,-0.13,3655.0,0.455
HATS-47 b,HATS-47,2020,Transit,3.9228038,12.520453,0.156926,-0.156926,4512.0,0.6564
G 9-40 b,G 9-40,2019,Transit,5.7459982,1.9,0.065,-0.065,3395.0,0.3026
Kepler-604 b,Kepler-604,2016,Transit,25.85501786,2.59,0.49,-0.27,5890.0,1.03
Kepler-220 d,Kepler-220,2014,Transit,28.122397,0.98,0.06,-0.06,4632.0,0.666
HD 191939 b,HD 191939,2020,Transit,8.8803256,3.41,0.075,-0.075,5348.0,0.94
Kepler-54 b,Kepler-54,2012,Transit,8.0109434,2.1,,,3705.0,0.5
TOI-1107 b,TOI-1107,2022,Transit,4.0782387,14.57167491,0.56044903,-0.56044903,6311.0,1.81
TOI-6330 b,TOI-6330,2025,Transit,6.8500246,10.89,0.37,-0.35,3539.0,0.49
Kepler-111 c,Kepler-111,2014,Transit,224.77833,7.0840758,0.25780656,-0.23538859,5914.0,1.145
Kepler-890 b,Kepler-890,2016,Transit,52.75875577,8.89,2.86,-1.06,5954.0,1.13
Kepler-591 b,Kepler-591,2016,Transit,81.1694299,3.39,0.55,-0.25,5677.0,0.94
K2-372 b,K2-372,2022,Transit,9.844077,2.945,0.077,-0.075,5479.0,0.922
Kepler-1471 c,Kepler-1471,2023,Transit,11.6044881,1.88,0.28,-0.34,5533.0,1.166
Kepler-1695 b,Kepler-1695,2020,Transit,4.7329,1.11948901,,,5473.19,0.987155
Kepler-1728 b,Kepler-1728,2021,Transit,4.782999992,2.95501875,,,5170.0,0.807
Kepler-32 c,Kepler-32,2011,Transit,8.7522,2.0,0.2,-0.2,3900.0,0.53
KELT-2 A b,KELT-2 A,2012,Transit,4.11379,15.13215,0.89672,-0.89672,6327.0,1.93
TOI-1751 b,TOI-1751,2024,Transit,37.46852,2.9507845,0.11061818,-0.08190008,5970.0,1.3137
TOI-1273 b,TOI-1273,2024,Transit,4.631296,11.09689089,2.46597575,-2.46597575,5690.0,1.06
Kepler-1370 c,Kepler-1370,2016,Transit,7.44142113,1.27,0.56,-0.18,6202.0,1.29
PH1 b,PH1,2012,Transit,138.317,6.18,0.17,-0.17,6407.0,1.734
KOI-1599.02,KOI-1599,2019,Transit,13.6088,1.9,0.2,-0.2,5833.0,0.972
TOI-260 b,TOI-260,2024,Transit,13.475853,1.71,0.08,-0.08,4026.0,0.607
Kepler-510 b,Kepler-510,2016,Transit,19.55659418,2.47,0.23,-0.12,5746.0,1.41
TOI-4487 A b,TOI-4487 A,2025,Transit,3.9540709,14.60530185,0.77341967,-0.71737476,6206.0,1.634
TOI-2981 b,TOI-2981,2024,Transit,3.601501,13.4,0.42,-0.42,5940.0,1.08
Kepler-145 b,Kepler-145,2013,Transit,22.951,2.65,0.08,-0.08,6022.0,1.85
HAT-P-56 b,HAT-P-56,2015,Transit,2.79083,16.92559,1.23299,-1.23299,6566.0,1.47
K2-138 e,K2-138,2017,Transit,8.26146,3.39,0.156,-0.11,5356.3,0.863
Kepler-1317 b,Kepler-1317,2016,Transit,0.568874427,1.56,0.09,-0.08,5144.0,0.79
Kepler-1477 b,Kepler-1477,2016,Transit,11.55530021,1.18,0.09,-0.09,5100.0,0.78
WASP-168 b,WASP-168,2018,Transit,4.153658,16.8135,5.6045,-3.3627,6000.0,1.12
Kepler-1199 b,Kepler-1199,2016,Transit,15.0447198,1.15,0.21,-0.16,5889.0,1.17
HATS-71 b,HATS-71,2020,Transit,3.7955202,11.478016,0.201762,-0.201762,3405.0,0.4783
Kepler-935 b,Kepler-935,2016,Transit,4.88083852,1.35,0.08,-0.07,4830.0,0.73
KELT-6 b,KELT-6,2014,Transit,7.8457,14.5717,1.00881,-1.00881,6102.0,1.73
K2-341 b,K2-341,2021,Transit,36.552551,3.21,0.25,-0.19,5817.0,1.16
K2-72 c,K2-72,2016,Transit,15.189034,1.16,0.13,-0.13,3360.47,0.330989
Kepler-15 b,Kepler-15,2011,Transit,4.942782,10.76,0.67,-0.78,5515.0,0.992
WASP-114 b,WASP-114,2016,Transit,1.5487743,15.008851,0.717376,-0.717376,5940.0,1.43
Kepler-62 e,Kepler-62,2013,Transit,122.3874,1.61,0.05,-0.05,4925.0,0.64
Kepler-1945 b,Kepler-1945,2021,Transit,6.080039978,1.289,,,4991.0,0.804
TOI-6002 b,TOI-6002,2024,Transit,10.904821,1.65,0.22,-0.19,3229.0,0.2432
Kepler-192 c,Kepler-192,2014,Transit,21.2234,2.79,0.52,-0.52,5479.0,1.007
K2-46 b,K2-46,2016,Transit,19.1541,2.05,0.24,-0.24,6256.0,1.29
Kepler-1777 b,Kepler-1777,2021,Transit,12.18420029,2.13189678,,,5771.0,1.068
Kepler-1360 b,Kepler-1360,2016,Transit,40.5286413,3.4,1.17,-0.76,6778.0,1.83
Kepler-746 b,Kepler-746,2016,Transit,3.48159251,1.11,0.13,-0.09,5418.0,0.93
Kepler-270 b,Kepler-270,2014,Transit,11.476094,2.01,0.4,-0.4,6067.0,1.461
Kepler-1668 b,Kepler-1668,2020,Transit,15.434,4.34764405,,,5542.0,1.01738
Kepler-319 b,Kepler-319,2014,Transit,4.362705,1.63,0.23,-0.23,5526.0,0.903
K2-199 c,K2-199,2018,Transit,7.3744897,2.85,0.1,-0.09,4491.0,0.682
TOI-1723 b,TOI-1723,2024,Transit,13.727012643,3.435,0.244,-0.193,5777.0,1.09
TOI-2005 b,TOI-2005,2025,Transit,17.305904,11.99360935,0.67253884,-1.23298788,7130.0,2.02
Kepler-95 b,Kepler-95,2014,Transit,11.5231,3.42,0.09,-0.09,5699.0,1.41
TOI-674 b,TOI-674,2021,Transit,1.977143,5.25,0.17,-0.17,3514.0,0.42
Kepler-482 b,Kepler-482,2016,Transit,56.35418576,2.36,0.37,-0.14,4871.0,0.72
Kepler-356 b,Kepler-356,2014,Transit,4.612696,1.57,0.29,-0.29,6133.0,1.335
Kepler-1065 b,Kepler-1065,2016,Transit,3.609308907,3.73,0.64,-0.36,5635.0,0.93
Kepler-2000 c,Kepler-2000,2023,Transit,20.6180348,1.57,0.06,-0.1,3757.0,0.576
Kepler-511 b,Kepler-511,2016,Transit,296.637865,6.35,1.4,-1.02,5770.0,1.2
Kepler-23 c,Kepler-23,2011,Transit,10.74,3.005,0.074,-0.074,5828.0,1.548
TrES-1 b,TrES-1,2004,Transit,3.03007,12.66617,0.67254,-0.67254,5230.0,0.85
TOI-444 b,TOI-444,2023,Transit,17.9636,2.77,0.2,-0.2,5225.0,0.779
K2-368 b,K2-368,2022,Transit,5.025598,1.332,0.107,-0.1,4663.0,0.663
Kepler-111 b,Kepler-111,2014,Transit,3.341815,1.58,0.2,-0.2,5952.0,1.157
Kepler-119 c,Kepler-119,2014,Transit,4.125103,0.92,0.35,-0.35,5595.0,0.839
TOI-2202 b,TOI-2202,2021,Transit,11.9126075,10.95117414,0.17934369,-0.17934369,5169.0,0.808
Wendelstein-2 b,Wendelstein-2,2020,Transit,1.7522239,12.9934728,0.2286636,-0.235389,4591.0,0.66
Kepler-753 b,Kepler-753,2016,Transit,5.747725012,1.91,0.25,-0.09,4346.0,0.65
TOI-5614 b,TOI-5614,2026,Transit,4.17221328949,3.21759316,0.36584065,-0.29787539,4553.0,0.734919
Kepler-399 b,Kepler-399,2014,Transit,14.425281,0.96,0.51,-0.51,5502.0,0.68
Kepler-466 b,Kepler-466,2016,Transit,51.07926307,2.85,0.22,-0.17,5927.0,1.05
Kepler-593 b,Kepler-593,2016,Transit,21.21708973,2.87,0.69,-0.29,5967.0,1.1
Kepler-793 b,Kepler-793,2016,Transit,4.24153639,1.37,0.28,-0.16,5745.0,0.97
Kepler-1967 b,Kepler-1967,2021,Transit,7.281690121,0.73022577,,,4970.0,1.806
Kepler-1006 b,Kepler-1006,2016,Transit,19.76172042,1.54,0.27,-0.14,5328.0,0.74
Kepler-90 i,KOI-351,2017,Transit,14.44912,1.32,0.21,-0.21,6015.0,1.29
Kepler-625 c,Kepler-625,2016,Transit,4.1653651,1.05,0.05,-0.03,5789.0,0.96
K2-164 b,K2-164,2018,Transit,17.355066,3.24925008,0.51526655,-0.41335659,5791.0,2.196069
LTT 1445 A b,LTT 1445 A,2019,Transit,5.3587635,1.34,0.11,-0.06,3562.0,0.271
Kepler-130 c,Kepler-130,2014,Transit,27.50868,2.9,0.25,-0.25,5879.0,1.17
Kepler-307 c,Kepler-307,2013,Transit,13.0729,2.2,0.07,-0.07,5367.0,0.814
Kepler-393 b,Kepler-393,2014,Transit,9.182417,1.29,0.25,-0.25,6189.0,1.382
Kepler-613 b,Kepler-613,2016,Transit,15.77979614,2.29,0.4,-0.17,5723.0,0.96
HD 23472 f,HD 23472,2022,Transit,12.1621839,1.137,0.084,-0.077,4684.0,0.71
Kepler-1903 b,Kepler-1903,2021,Transit,17.0678997,2.28642395,,,6347.0,0.996
K2-68 b,K2-68,2016,Transit,8.05428,1.58,0.23,-0.23,4746.0,0.675
HIP 41378 d,HIP 41378,2016,Transit,278.3618,3.65,0.029,-0.029,6290.0,1.3
Kepler-250 b,Kepler-250,2014,Transit,4.148141,1.13,0.68,-0.68,5160.0,0.805
Kepler-695 b,Kepler-695,2016,Transit,3.040330424,9.21,0.71,-0.56,5181.0,0.8
K2-84 c,K2-84,2016,Transit,27.86,2.03,0.32,-0.32,5652.0,0.93
Kepler-1052 c,Kepler-1052,2023,Transit,180.921729,2.3,0.54,-0.19,5818.0,0.848
K2-138 g,K2-138,2021,Transit,41.96797,3.013,0.303,-0.251,5356.3,0.863
TOI-1749 b,TOI-1749,2021,Transit,2.38839,1.39,0.21,-0.19,3985.0,0.55
Kepler-20 b,Kepler-20,2011,Transit,3.6961049,1.773,0.053,-0.03,5495.0,0.9164
CoRoT-4 b,CoRoT-4,2008,Transit,9.20205,13.34,0.67,-0.56,6190.0,1.17
Kepler-53 d,Kepler-53,2014,Transit,9.751962,2.12,1.05,-1.05,6085.0,0.958
NGTS-20 b,NGTS-20,2022,Transit,54.18915,11.99360935,0.44835923,-0.44835923,5980.0,1.78
HD 63935 c,HD 63935,2021,Radial Velocity,21.4027,3.06451296,0.0880571,-0.07912569,5513.0,0.9598
Kepler-58 e,Kepler-58,2023,Transit,4.45814897,1.61,0.52,-0.22,6100.0,1.083
Kepler-1622 b,Kepler-1622,2016,Transit,10.8118737,1.47,0.68,-0.27,6436.0,1.5
Kepler-1634 b,Kepler-1634,2016,Transit,374.876239,3.19,0.52,-0.6,5474.0,0.89
Kepler-294 b,Kepler-294,2014,Transit,3.701212,1.77,0.83,-0.83,5913.0,0.976
K2-331 b,K2-331,2021,Transit,9.398977,1.79,0.14,-0.1,5994.0,1.06
TOI-2427 b,TOI-2427,2022,Transit,1.3060011,1.8,0.12,-0.12,4072.0,0.65
Kepler-1853 b,Kepler-1853,2021,Transit,48.88819885,1.51862272,,,4821.0,0.788
Kepler-445 d,Kepler-445,2015,Transit,8.15275,1.25,0.19,-0.19,3157.0,0.21
Kepler-937 b,Kepler-937,2016,Transit,67.668827,3.72,1.29,-0.48,6095.0,1.22
Kepler-1701 b,Kepler-1701,2020,Transit,169.134,2.22186207,,,5146.0,0.840217
Kepler-312 b,Kepler-312,2014,Transit,1.772419,1.29,0.25,-0.25,6115.0,1.467
Kepler-200 b,Kepler-200,2014,Transit,8.594805,2.13,0.41,-0.41,5678.0,0.944
TOI-1777.01,TOI-1777,2024,Transit,14.650111974,2.246,0.279,-0.177,5859.0,0.98
Kepler-1024 b,Kepler-1024,2016,Transit,66.4162133,3.91,0.27,-0.26,5143.0,0.78
Kepler-1835 b,Kepler-1835,2021,Transit,11.96409988,3.53387773,,,5903.0,0.961
WASP-162 b,WASP-162,2018,Transit,9.62468,11.209,0.56045,-0.56045,5300.0,1.11
TIC 172900988 b,TIC 172900988 Aa,2021,Transit,200.452,11.25,0.44,-0.44,6050.0,1.3842
Kepler-1050 b,Kepler-1050,2016,Transit,15.3787546,1.6,0.48,-0.18,6010.0,1.13
K2-294 b,K2-294,2019,Transit,2.50387,1.66,0.21,-0.19,5612.0,1.2
Kepler-1545 b,Kepler-1545,2016,Transit,163.692349,2.7,0.22,-0.18,5201.0,0.8
Kepler-1811 b,Kepler-1811,2021,Transit,76.42230225,3.84829873,,,5561.0,1.19
Kepler-1774 b,Kepler-1774,2021,Transit,59.77080154,3.18179549,,,6214.0,1.122
Kepler-771 b,Kepler-771,2016,Transit,8.73485836,1.82,0.31,-0.21,5906.0,1.05
Kepler-1196 b,Kepler-1196,2016,Transit,66.1849031,2.23,0.37,-0.21,5756.0,0.97
Kepler-1277 b,Kepler-1277,2016,Transit,40.8365012,1.6,0.29,-0.11,5578.0,0.92
CoRoT-3 b,CoRoT-3,2008,Transit,4.2568,11.32,0.78,-0.78,6740.0,1.56
Kepler-333 b,Kepler-333,2014,Transit,12.551158,1.32,0.16,-0.16,4259.0,0.534
Kepler-562 b,Kepler-562,2016,Transit,18.009314436,5.21,0.64,-0.4,5575.0,0.9
Kepler-1671 b,Kepler-1671,2020,Transit,4.16787,1.32557381,,,5135.55,0.929771
TOI-1221 b,TOI-1221,2023,Transit,91.68278,2.91,0.13,-0.12,5592.0,1.031
Kepler-206 b,Kepler-206,2014,Transit,7.781987,1.2,0.24,-0.24,5764.0,1.185
Kepler-1852 b,Kepler-1852,2021,Transit,7.970940113,1.88610592,,,5237.0,0.826
Kepler-881 b,Kepler-881,2016,Transit,4.44448017,1.78,0.43,-0.32,5961.0,1.09
Kepler-185 b,Kepler-185,2014,Transit,1.6329,1.17,0.67,-0.67,5208.0,0.806
Kepler-422 b,Kepler-422,2014,Transit,7.8914483,12.89,1.23,-1.23,5972.0,1.24
Kepler-1294 b,Kepler-1294,2016,Transit,115.6862258,3.19,0.54,-0.31,5776.0,0.97
Kepler-324 c,Kepler-324,2014,Transit,51.805612,3.15,0.33,-0.33,5194.0,0.84
Kepler-490 b,Kepler-490,2016,Transit,3.268695154,11.65,3.29,-1.38,6045.0,1.12
Kepler-1379 b,Kepler-1379,2016,Transit,0.881841146,1.3,0.12,-0.09,5188.0,0.79
Kepler-1122 b,Kepler-1122,2016,Transit,42.1917357,2.04,0.27,-0.14,5544.0,0.89
Kepler-1826 b,Kepler-1826,2021,Transit,1.615360022,1.47519116,,,3821.0,0.486
Kepler-913 c,Kepler-913,2021,Transit,5.939119816,3.8580709,,,6068.0,1.797
Kepler-1847 b,Kepler-1847,2021,Transit,11.12969971,2.74516914,,,6122.0,0.964
Kepler-770 d,Kepler-770,2016,Transit,4.15244722,1.4,0.19,-0.11,5598.0,0.92
K2-190 c,K2-190,2018,Transit,21.574023,1.09308317,0.15187251,-0.09223049,5631.0,0.912206
HATS-5 b,HATS-5,2014,Transit,4.763387,10.223,0.28,-0.28,5304.0,0.871
TIC 150070085 b,TIC 150070085,2026,Transit,10.47423,3.62,0.21,-0.2,5999.0,1.086
TOI-1291 b,TOI-1291,2026,Transit,7.1620097551,5.63826391,0.34804882,-0.34340123,6139.95,1.8109
Kepler-1027 b,Kepler-1027,2016,Transit,1.907805199,0.89,0.04,-0.02,5436.0,0.82
Kepler-276 c,Kepler-276,2013,Transit,31.884,2.9,1.27,-0.28,5693.0,1.03
Kepler-828 b,Kepler-828,2016,Transit,0.567857136,1.51,0.08,-0.11,5039.0,0.77
K2-350 b,K2-350,2021,Transit,4.163873,1.54,0.15,-0.11,5789.0,1.04
Kepler-1145 b,Kepler-1145,2016,Transit,3.97076766,1.4,0.11,-0.11,5064.0,0.75
WASP-50 b,WASP-50,2011,Transit,1.9551,13.069694,0.481987,-0.481987,5400.0,0.843
Kepler-1925 b,Kepler-1925,2021,Transit,46.71640015,3.00177922,,,5856.0,1.092
XO-7 b,XO-7,2019,Transit,2.8641424,15.389957,0.291434,-0.291434,6250.0,1.48
K2-101 b,K2-101,2016,Transit,14.6762429,2.0,0.14,-0.07,4927.0,0.76
WASP-47 b,WASP-47,2012,Transit,4.159151,12.86,0.1,-0.1,5565.0,1.156
Kepler-1620 b,Kepler-1620,2016,Transit,101.951829,1.61,0.64,-0.27,6157.0,1.23
Kepler-1157 b,Kepler-1157,2016,Transit,4.45743164,1.09,0.04,-0.2,4679.0,0.71
Kepler-249 c,Kepler-249,2014,Transit,7.113702,1.51,0.09,-0.09,3568.0,0.482
Kepler-1610 b,Kepler-1610,2016,Transit,8.70181574,1.61,0.19,-0.13,5383.0,0.87
Kepler-1245 c,Kepler-1245,2016,Transit,2.936584681,1.44,0.13,-0.08,5306.0,0.83
Kepler-1746 b,Kepler-1746,2021,Transit,321.2120056,8.93504475,,,6018.0,1.286
Kepler-297 d,Kepler-297,2023,Transit,150.0189511,32.6,3.6,-2.94,5618.0,0.897
K2-379 b,K2-379,2022,Transit,8.777247,2.181,0.363,-0.198,4603.0,0.751
Kepler-305 c,Kepler-305,2013,Transit,8.291,3.3,0.82,-0.33,5080.0,0.8
TOI-4603 b,TOI-4603,2023,Transit,7.24599,11.67975789,0.42594127,-0.39231432,6264.0,2.738
Kepler-209 c,Kepler-209,2014,Transit,41.749882,3.1,0.51,-0.51,5513.0,0.935
Kepler-826 b,Kepler-826,2016,Transit,4.48758907,1.25,0.2,-0.14,6079.0,1.15
EPIC 205950854 c,K2-168,2019,Transit,8.050722,1.31,0.144,-0.063,5502.7,0.83
TOI-1670 c,TOI-1670,2022,Transit,40.74976,11.06326395,0.28022452,-0.28022452,6170.0,1.316
Kepler-17 b,Kepler-17,2011,Transit,1.4857108,14.68,0.22,-0.22,5781.0,1.01034
TOI-132 b,TOI-132,2020,Transit,2.1097019,3.42,0.13,-0.14,5397.0,0.9
TOI-4633 c,TOI-4633,2024,Transit,271.9445,3.2,0.2,-0.19,5800.0,1.05
NGTS-10 b,NGTS-10,2020,Transit,0.7668944,13.506845,1.311453,-0.930347,4600.0,0.697
Kepler-1696 b,Kepler-1696,2020,Transit,65.9409,2.80982017,,,5712.0,1.19811
Kepler-1401 b,Kepler-1401,2016,Transit,11.20066445,1.68,0.37,-0.18,5964.0,1.1
Kepler-1996 b,Kepler-1996,2023,Transit,32.376183,2.26,0.16,-0.07,4580.0,0.675
Kepler-928 b,Kepler-928,2016,Transit,3.932461302,1.59,0.31,-0.12,4700.0,0.7
Kepler-153 c,Kepler-153,2014,Transit,46.90232,2.53,1.52,-1.52,5404.0,0.892
Kepler-48 d,Kepler-48,2014,Transit,42.8961,2.04,0.11,-0.11,5194.0,0.89
WASP-48 b,WASP-48,2011,Transit,2.14363,16.8135,2.2418,-2.2418,5920.0,1.58
Kepler-18 d,Kepler-18,2011,Transit,14.85888,6.98,0.33,-0.33,5345.0,1.108
TOI-4443.01,TOI-4443,2024,Transit,1.8498567,1.7193265,0.1346603,-0.1346603,5834.0,1.01733
TOI-3856 b,TOI-3856,2025,Transit,2.04360352,13.59649359,0.28022452,-0.26901554,5622.0,1.055
Kepler-106 c,Kepler-106,2014,Transit,13.5708,2.5,0.32,-0.32,5858.0,1.04
Kepler-957 b,Kepler-957,2016,Transit,5.907413537,5.5,0.29,-0.32,4963.0,0.75
Kepler-309 b,Kepler-309,2014,Transit,5.923653,1.56,0.14,-0.14,4713.0,0.721
K2-398 c,K2-398,2022,Transit,18.787839,5.098,0.154,-0.146,5946.0,1.239
TOI-5734 b,TOI-5734,2026,Transit,6.1841876,2.1,0.12,-0.12,4750.0,0.639
Kepler-1740 b,Kepler-1740,2021,Transit,8.172400475,3.32321414,,,5705.0,0.905
Kepler-176 d,Kepler-176,2014,Transit,25.751974,2.51,1.32,-1.32,5232.0,0.891
TOI-1695 b,TOI-1695,2022,Transit,3.1342791,1.9,0.16,-0.14,3690.0,0.515
HATS-24 b,HATS-24,2017,Transit,1.3484978,15.636555,0.638913,-0.638913,6125.0,1.12
K2-150 b,K2-150,2018,Transit,10.59357,2.0,0.27,-0.21,3499.0,0.436
Kepler-1829 b,Kepler-1829,2021,Transit,5.186719894,2.47887001,,,5230.0,0.777
Kepler-277 c,Kepler-277,2013,Transit,33.006,3.36,0.83,-0.72,5946.0,1.69
K2-116 b,K2-116,2017,Transit,4.655411,0.69,0.04,-0.04,4348.35,0.6694
Kepler-1350 b,Kepler-1350,2016,Transit,4.4968604,2.52,0.16,-0.25,3827.0,0.53
Kepler-995 b,Kepler-995,2016,Transit,28.26731672,2.7,0.19,-0.17,5206.0,0.8
TIC 188624430 b,TIC 188624430,2026,Transit,6.21860433132,3.64811843,0.288233,-0.2665682,5369.46,0.786574
Kepler-1174 b,Kepler-1174,2016,Transit,6.89225223,1.59,0.31,-0.16,5936.0,1.04
KOI-3503 c,KOI-3503,2021,Transit,31.828,1.21,0.28,-0.09,6001.0,1.255
Kepler-269 c,Kepler-269,2014,Transit,8.127899,1.69,0.8,-0.8,5847.0,0.959
TOI-6054.02,TOI-6054,2024,Transit,12.563636,2.82,0.17,-0.16,6047.0,1.662
TOI-5788 c,TOI-5788,2026,Transit,16.213362,2.272,0.039,-0.039,5615.0,0.87
Kepler-1719 b,Kepler-1719,2021,Transit,6.149559975,3.95000623,,,5687.0,1.775
K2-171 b,K2-171,2018,Transit,5.628466,2.68657205,0.40023833,-0.33153947,5250.0,1.717458
Kepler-122 b,Kepler-122,2014,Transit,5.766193,2.34,0.46,-0.46,6050.0,1.216
Kepler-607 b,Kepler-607,2016,Transit,0.638163204,0.87,0.06,-0.07,5196.0,0.8
Kepler-1981 b,Kepler-1981,2023,Transit,453.54212,9.23,1.76,-4.1,5874.0,3.006
Kepler-430 b,Kepler-430,2015,Transit,35.968,3.25,,,5884.0,1.485
Kepler-1229 b,Kepler-1229,2016,Transit,86.828989,1.4,0.11,-0.13,3784.0,0.51
TOI-1431 b,TOI-1431,2021,Transit,2.650237,16.70138124,0.56044903,-0.56044903,7690.0,1.92
NGTS-2 b,NGTS-2,2018,Transit,4.511164,17.878355,0.526823,-0.504405,6478.0,1.702
Kepler-1266 c,Kepler-1266,2021,Transit,4.86631012,1.68023962,,,4996.0,0.831
TOI-7009 b,TOI-7009,2026,Transit,2.3206612,3.71,0.15,-0.15,4080.0,0.564
TOI-421 c,TOI-421,2020,Transit,16.067541,5.09,0.07,-0.07,5291.0,0.866
K2-163 b,K2-163,2018,Transit,6.673117,2.46610713,0.25681072,-0.12408569,4937.0,0.762201
Kepler-32 e,Kepler-32,2012,Transit,2.896,1.5,0.1,-0.1,3900.0,0.53
Kepler-1555 b,Kepler-1555,2016,Transit,8.10501635,1.61,0.46,-0.17,5866.0,1.06
Kepler-1725 b,Kepler-1725,2021,Transit,16.71990013,2.8125177,,,6020.0,1.085
Kepler-155 c,Kepler-155,2014,Transit,52.661793,2.24,0.15,-0.15,4508.0,0.62
TOI-6716 b,TOI-6716,2026,Transit,4.7185898,0.982,0.067,-0.067,3110.0,0.231
Kepler-163 c,Kepler-163,2014,Transit,21.347262,2.26,0.94,-0.94,5776.0,0.917
Kepler-52 b,Kepler-52,2012,Transit,7.8773565,2.1,,,4075.0,0.52
Kepler-439 b,Kepler-439,2015,Transit,178.1396,2.24,0.16,-0.45,5431.0,0.866
Kepler-1491 c,Kepler-1491,2023,Transit,61.569765,2.44,0.39,-0.53,5626.0,1.389
TOI-5532 b,TOI-5532,2026,Transit,5.6539659431,2.52763693,0.64556628,-0.37858431,4208.45,0.662052
WASP-194 b,WASP-194,2025,Transit,3.183387,15.47960235,0.9863903,-0.9863903,6405.0,1.409
HIP 67522 b,HIP 67522,2020,Transit,6.9594731,9.9872018,0.23538859,-0.22417961,5675.0,1.38
Kepler-1758 b,Kepler-1758,2021,Transit,9.977210045,2.57059831,,,5557.0,1.616
Kepler-1158 b,Kepler-1158,2016,Transit,13.5396293,2.34,0.46,-0.46,6203.0,1.95
Kepler-311 b,Kepler-311,2014,Transit,9.176092,1.7,0.33,-0.33,5905.0,1.188
Kepler-1956 b,Kepler-1956,2021,Transit,5.943719864,1.08940238,,,4391.0,0.682
Kepler-402 e,Kepler-402,2014,Transit,11.242861,1.46,0.29,-0.29,6090.0,1.264
K2-335 b,K2-335,2021,Transit,12.283211,2.21,0.18,-0.14,6222.0,1.33
Kepler-565 b,Kepler-565,2016,Transit,4.243747226,3.64,0.51,-0.27,5735.0,0.95
Kepler-750 b,Kepler-750,2016,Transit,9.42887179,3.07,1.06,-0.4,6160.0,1.23
K2-382 b,K2-382,2022,Transit,21.700156,2.072,0.152,-0.133,5452.0,0.811
TOI-1272 b,TOI-1272,2022,Transit,3.3159765,4.26,0.1,-0.1,4985.0,0.8
Kepler-238 e,Kepler-238,2013,Transit,23.654,5.6,2.37,-0.46,5800.0,0.96
Kepler-1255 b,Kepler-1255,2016,Transit,36.2919336,2.32,0.64,-0.29,6018.0,1.12
Kepler-352 c,Kepler-352,2014,Transit,16.332995,1.24,0.1,-0.1,5212.0,0.781
Kepler-1742 b,Kepler-1742,2021,Transit,49.47819901,2.1782413,,,5776.0,0.849
Kepler-127 b,Kepler-127,2014,Transit,14.435889,1.4,0.05,-0.05,6106.0,1.359
Kepler-568 b,Kepler-568,2016,Transit,11.02347475,2.26,0.08,-0.08,3768.0,0.53
Kepler-1611 b,Kepler-1611,2016,Transit,5.1762429,0.81,0.16,-0.07,5605.0,0.93
Kepler-1923 b,Kepler-1923,2021,Transit,52.60969925,1.95958179,,,5881.0,1.294
Kepler-896 b,Kepler-896,2016,Transit,144.547396,2.53,0.18,-0.19,5262.0,0.81
Kepler-1208 b,Kepler-1208,2016,Transit,11.08507637,2.32,0.19,-0.14,5001.0,0.76
Kepler-499 b,Kepler-499,2016,Transit,5.632528453,2.17,0.25,-0.16,5312.0,0.83
TOI-921 b,TOI-921,2026,Transit,5.12871907628,3.53409617,0.45814199,-0.34294656,6011.66,1.14165
Kepler-155 b,Kepler-155,2014,Transit,5.931194,2.09,0.21,-0.21,4508.0,0.62
Kepler-45 b,Kepler-45,2011,Transit,2.455239,10.76,1.23,-1.23,3820.0,0.55
Kepler-406 c,Kepler-406,2014,Transit,4.62332,0.85,0.03,-0.03,5538.0,1.07
Kepler-93 b,Kepler-93,2014,Transit,4.72673978,1.478,0.019,-0.019,5669.0,0.919
TOI-3464 b,TOI-3464,2025,Transit,3.6515568,13.7646283,0.6389119,-0.59407598,6370.0,1.56
K2-375 b,K2-375,2022,Transit,14.453895,2.243,0.186,-0.174,5822.0,1.543
K2-5 b,K2-5,2015,Transit,5.73594,1.91,0.44,-0.44,3930.0,0.57
TOI-5486 b,TOI-5486,2026,Transit,2.02470073205,3.96824928,0.40461614,-0.3305924,3750.17,0.553216
Kepler-596 b,Kepler-596,2016,Transit,21.30022655,3.46,1.63,-0.47,6267.0,1.32
Kepler-1757 b,Kepler-1757,2021,Transit,19.65640068,2.94660251,,,5288.0,0.74
K2-174 b,K2-174,2018,Transit,19.562307,2.6,0.1,-0.1,4455.0,0.676
TOI-2267 b,TOI-2267 A,2025,Transit,2.28909,1.0,0.11,-0.11,3030.0,0.2075
K2-274 b,K2-274,2018,Transit,14.1330314,2.08,0.12,-0.07,5044.0,0.7
Kepler-415 b,Kepler-415,2014,Transit Timing Variations,4.176,1.21,0.13,-0.1,4362.0,0.643
Kepler-1686 b,Kepler-1686,2020,Transit,9.30987,1.42553017,,,5714.96,1.19951
Kepler-85 b,Kepler-85,2012,Transit,8.3,1.778,0.05,-0.05,5505.2,0.875
TOI-3593 b,TOI-3593,2025,Transit,3.8212867,11.02963701,0.31385146,-0.2914335,5550.0,0.918
Kepler-263 c,Kepler-263,2014,Transit,47.332773,2.47,1.35,-1.35,5265.0,0.785
HAT-P-30 b,HAT-P-30,2011,Transit,2.8106,16.14096,1.68135,-1.68135,6304.0,1.31
K2-324 b,K2-324,2020,Transit,3.262,2.43,0.15,-0.13,3752.0,0.505
K2-218 b,K2-218,2018,Transit,8.679885,2.56948149,0.27525709,-0.15204146,5757.0,1.008231
TOI-178 g,TOI-178,2021,Transit,20.71663,2.939,0.057,-0.055,4316.0,0.662
Kepler-403 d,Kepler-403,2016,Transit,13.61159129,1.42,0.3,-0.19,6209.0,1.45
TOI-954 b,TOI-954,2020,Transit,3.6849729,9.550068,0.594077,-0.694958,5710.0,1.892
Kepler-378 b,Kepler-378,2014,Transit,16.092361,0.75,0.15,-0.15,4661.0,0.671
Kepler-82 d,Kepler-82,2014,Transit,2.382961,1.77,0.27,-0.27,5428.0,0.945
TOI-1752 b,TOI-1752,2026,Transit,0.9351861,1.693,0.068,-0.068,3762.0,0.53
K2-317 b,K2-317,2020,Transit,6.22,2.93,0.19,-0.17,3387.0,0.379
Kepler-1375 b,Kepler-1375,2016,Transit,3.3004192,1.74,0.68,-0.34,6704.0,1.78
TIC 32032563 b,TIC 32032563,2026,Transit,13.83460487791,3.47739942,0.41441263,-0.34948645,5567.93,1.00188
WASP-29 b,WASP-29,2010,Transit,3.92273,8.63093,0.78463,-0.78463,4800.0,0.79
Kepler-1476 b,Kepler-1476,2016,Transit,10.35863224,1.67,0.37,-0.13,5663.0,0.96
Kepler-883 b,Kepler-883,2016,Transit,12.98495573,1.78,0.17,-0.13,6116.0,1.09
TOI-1820 b,TOI-1820,2022,Transit,4.860674,12.778238,0.22417961,-0.22417961,5734.0,1.51
Kepler-1220 b,Kepler-1220,2016,Transit,7.42693741,1.52,0.33,-0.19,5842.0,0.99
Kepler-1284 b,Kepler-1284,2016,Transit,0.664073806,1.21,0.1,-0.07,5123.0,0.79
TOI-938 b,TOI-938,2026,Transit,8.80733882211,4.82401567,0.35034925,-0.32939707,5829.42,0.985134
Kepler-1425 b,Kepler-1425,2016,Transit,14.4541302,0.94,0.19,-0.13,5718.0,0.95
TOI-2497 b,TOI-2497,2023,Transit,10.655669,11.14172682,0.61649394,-0.54924005,7360.0,2.36
TOI-3362 b,TOI-3362,2021,Transit,18.09547,12.80065596,0.48198617,-0.45956821,6532.0,1.83
Kepler-146 b,Kepler-146,2014,Transit,31.158799,3.71,0.7,-0.7,5948.0,1.208
HIP 113103 c,HIP 113103,2023,Transit,14.245648,2.4,0.1,-0.08,4930.0,0.742
TOI-1080 b,TOI-1080,2026,Transit,3.9652482,1.2,0.058,-0.058,3065.0,0.2019
WASP-32 b,WASP-32,2010,Transit,2.71866,10.76064,1.68135,-1.68135,6140.0,0.95
Kepler-192 d,Kepler-192,2016,Transit,6.47027579,1.02,0.1,-0.07,5487.0,0.94
Kepler-1488 b,Kepler-1488,2016,Transit,39.8189932,1.86,0.42,-0.37,5820.0,1.31
TOI-2977 b,TOI-2977,2023,Transit,2.3505614,13.15934334,0.3474784,-0.30264248,5691.0,1.073
Kepler-1873 b,Kepler-1873,2021,Transit,0.558842003,1.62573811,,,5151.0,0.792
Kepler-52 d,Kepler-52,2014,Transit,36.445171,1.95,0.21,-0.21,4263.0,0.556
K2-370 b,K2-370,2022,Transit,2.1408093,2.67,0.05,-0.05,5662.0,0.945
Kepler-829 b,Kepler-829,2016,Transit,6.88337562,2.11,0.44,-0.18,5698.0,0.97
HIP 29442 d,TOI-469,2023,Radial Velocity,6.429575,1.538,0.049,-0.049,5289.0,0.98
TOI-4010 d,TOI-4010,2023,Transit,14.70886,6.18,0.14,-0.15,4960.0,0.83
Kepler-196 b,Kepler-196,2014,Transit,20.739886,1.9,0.15,-0.15,5128.0,0.782
Kepler-131 b,Kepler-131,2014,Transit,16.092,2.41,0.2,-0.2,5685.0,1.03
Kepler-179 b,Kepler-179,2014,Transit,2.735926,1.64,0.68,-0.68,5302.0,0.759
Kepler-1745 b,Kepler-1745,2021,Transit,3.016190052,1.92872921,,,5611.0,1.4
Kepler-251 c,Kepler-251,2014,Transit,16.514043,2.77,0.49,-0.49,5526.0,0.89
Kepler-806 b,Kepler-806,2016,Transit,8.09219642,1.14,0.33,-0.24,5770.0,1.16
Kepler-200 c,Kepler-200,2014,Transit,10.222157,1.59,0.29,-0.29,5678.0,0.944
Kepler-1854 b,Kepler-1854,2021,Transit,39.83110046,2.58746104,,,5026.0,0.759
WASP-158 b,WASP-158,2018,Transit,3.656333,11.99363,1.68135,-1.68135,6350.0,1.39
HAT-P-17 b,HAT-P-17,2012,Transit,10.33852,11.76945,0.44836,-0.44836,5246.0,0.87
Kepler-438 b,Kepler-438,2015,Transit,35.23319,1.12,0.16,-0.17,3748.0,0.52
Kepler-1266 b,Kepler-1266,2016,Transit,28.474748,2.58,0.13,-0.46,5044.0,0.76
Kepler-255 b,Kepler-255,2014,Transit,5.714606,1.55,0.62,-0.62,5573.0,0.933
Kepler-1423 b,Kepler-1423,2016,Transit,23.955378,1.06,0.09,-0.07,4939.0,0.75
Kepler-1869 b,Kepler-1869,2021,Transit,8.167360306,1.11955354,,,5808.0,0.902
Kepler-1831 b,Kepler-1831,2021,Transit,5.78387022,1.97019818,,,6063.0,1.012
HD 219134 b,HD 219134,2015,Radial Velocity,3.092926,1.602,0.055,-0.055,4699.0,0.778
Kepler-1797 b,Kepler-1797,2021,Transit,23.3593998,3.05774442,,,6244.0,1.009
Kepler-1894 b,Kepler-1894,2021,Transit,2.762660027,1.20117759,,,5772.0,0.901
Kepler-1223 b,Kepler-1223,2016,Transit,16.301259,1.22,0.06,-0.08,4870.0,0.75
K2-7 b,K2-7,2015,Transit,28.6781,4.03523305,0.30264248,-0.25780656,5700.0,1.533
Kepler-307 b,Kepler-307,2013,Transit,10.4208,2.43,0.09,-0.09,5367.0,0.814
Kepler-755 c,Kepler-755,2016,Transit,2.853133644,1.26,0.05,-0.05,5043.0,0.77
HAT-P-22 b,HAT-P-22,2010,Transit,3.21222,12.89035,2.12971,-2.12971,5302.0,1.11
Kepler-268 b,Kepler-268,2014,Transit,25.934138,2.55,0.47,-0.47,6081.0,1.274
K2-381 c,K2-381,2022,Transit,16.034656,2.0,0.184,-0.148,4473.0,0.675
Kepler-1775 b,Kepler-1775,2021,Transit,85.65399933,3.64762153,,,5818.0,1.647
HAT-P-20 b,HAT-P-20,2010,Transit,2.875317,9.718,0.37,-0.37,4595.0,0.694
Kepler-607 c,Kepler-607,2021,Transit,39.67679977,2.76001201,,,5244.0,0.888
Kepler-730 b,Kepler-730,2016,Transit,6.491682808,12.3299,0.526823,-0.56045,5620.0,1.411
Kepler-907 b,Kepler-907,2016,Transit,15.86621821,1.2,0.06,-0.05,6106.0,1.38
Kepler-318 c,Kepler-318,2014,Transit,11.815007,3.68,0.65,-0.65,5746.0,1.189
Kepler-823 b,Kepler-823,2016,Transit,4.16809082,1.57,0.31,-0.14,5643.0,0.96
TOI-540 b,TOI-540,2020,Transit,1.2391491,0.903,0.052,-0.052,3216.0,0.1895
Kepler-225 b,Kepler-225,2014,Transit,6.738975,1.2,0.07,-0.07,3682.0,0.48
K2-13 b,K2-13,2015,Transit,39.91488,1.89,0.95,-0.95,5698.0,0.78
Kepler-647 c,Kepler-647,2020,Transit,29.6663,4.00135002,,,5906.74,1.54571
TOI-1136 f,TOI-1136,2022,Transit,26.321,3.73591482,0.08619766,-0.07925738,5770.0,0.968
TOI-1468 c,TOI-1468,2022,Transit,15.532477,2.126,0.092,-0.093,3376.0,0.3714
Kepler-314 b,Kepler-314,2014,Transit,2.461069,0.83,0.12,-0.12,5378.0,0.95
Kepler-1184 b,Kepler-1184,2016,Transit,53.5991044,2.68,0.6,-0.3,5983.0,1.07
TOI-1438 c,TOI-1438,2025,Transit,9.428089,2.75,0.14,-0.14,5230.0,0.82
HD 109833 c,HD 109833,2022,Transit,13.900148,2.59,0.196,-0.175,5881.0,1.0
GJ 9827 d,GJ 9827,2017,Transit,6.20183,1.98,0.11,-0.1,4236.0,0.58
TOI-2104 b,TOI-2104,2026,Transit,5.904370457,1.52898127,0.13889258,-0.12285756,4856.13,0.723757
Kepler-502 b,Kepler-502,2016,Transit,4.28686431,4.77,1.46,-0.66,6125.0,1.22
Kepler-1871 b,Kepler-1871,2021,Transit,1.952700019,2.42172881,,,5741.0,0.946
HIP 67522 c,HIP 67522,2024,Transit,14.334892,7.93595834,0.3474784,-0.35868738,5675.0,1.38
Kepler-1235 b,Kepler-1235,2016,Transit,4.16055856,0.79,0.12,-0.06,5541.0,0.9
Kepler-1625 b,Kepler-1625,2016,Transit,287.378949,6.06,0.87,-0.53,5677.0,0.94
K2-158 b,K2-158,2018,Transit,10.06049,2.64,0.16,-0.1,5503.0,0.95
Kepler-302 c,Kepler-302,2014,Transit,127.282184,12.45,2.54,-2.54,5740.0,1.22
TOI-1669 c,TOI-1669,2024,Transit,2.6800535,2.2963977,0.10169388,-0.09022874,5497.0,1.0561
WASP-39 b,WASP-39,2011,Transit,4.0552941,14.336311,0.44836,-0.44836,5485.0,0.939
Kepler-69 b,Kepler-69,2013,Transit,13.722341,2.24,0.44,-0.29,5638.0,0.93
Kepler-120 b,Kepler-120,2014,Transit,6.312501,2.15,0.17,-0.17,4096.0,0.534
WASP-153 b,WASP-153,2017,Transit,3.332609,17.37395,1.1209,-0.89672,5914.0,1.73
Kepler-341 e,Kepler-341,2014,Transit,42.473269,1.99,1.03,-1.03,6012.0,1.024
Kepler-627 b,Kepler-627,2016,Transit,40.6994443,3.73,1.6,-0.82,6424.0,1.49
TOI-778 b,TOI-778,2023,Transit,4.633611,15.4,0.5,-0.5,6643.0,1.71
TOI-7333 b,TOI-7333,2026,Transit,6.26449803661,2.09469416,0.20576569,-0.17593549,4586.87,0.666066
K2-176 b,K2-176,2018,Transit,5.329439,1.49090097,0.12341971,-0.09253438,5428.0,0.86416
Kepler-737 b,Kepler-737,2016,Transit,28.59915399,1.96,0.11,-0.11,3813.0,0.48
NGTS-13 b,NGTS-13,2021,Transit,4.119027,12.800678,0.515614,-0.515614,5819.0,1.788
Kepler-1175 b,Kepler-1175,2016,Transit,37.94563,2.99,0.27,-0.23,5453.0,0.86
K2-77 b,K2-77,2016,Transit,8.2000844,2.4996027,0.16813471,-0.12329879,5160.0,0.792
TOI-2453 b,TOI-2453,2026,Transit,4.44143463188,3.24380341,0.29909721,-0.25885686,3720.23,0.502498
TOI-2416 b,TOI-2416,2023,Transit,8.275479,9.86390302,0.22417961,-0.22417961,5808.0,1.236
TOI-3523 A b,TOI-3523 A,2025,Transit,2.30458952,15.9727975,0.41473229,-0.39231432,6450.0,1.448
Kepler-843 b,Kepler-843,2016,Transit,2.053879821,2.59,0.61,-0.25,5830.0,1.03
Kepler-249 b,Kepler-249,2014,Transit,3.306539,1.09,0.05,-0.05,3568.0,0.482
TOI-4640 b,TOI-4640,2026,Transit,2.68566015238,2.84326517,0.2691204,-0.25931352,5743.01,1.06715
K2-349 b,K2-349,2021,Transit,9.032178,1.38,0.1,-0.07,4385.0,0.49
Kepler-1910 b,Kepler-1910,2021,Transit,5.688769817,1.184,,,4234.0,0.639
Kepler-1655 b,Kepler-1655,2018,Transit,11.8728787,2.213,0.082,-0.082,6148.0,1.03
HAT-P-11 b,HAT-P-11,2010,Transit,4.888,4.36,0.06,-0.06,4653.0,0.683
TOI-1442 b,TOI-1442,2022,Transit,0.4090677,1.17,0.06,-0.06,3330.0,0.31
TOI-1453 c,TOI-1453,2025,Transit,6.5886982,2.224,0.095,-0.095,4975.0,0.72
K2-358 b,K2-358,2021,Transit,11.2510285,2.68,0.17,-0.14,5650.0,0.91
K2-336 b,K2-336,2021,Transit,21.194733,1.22,0.09,-0.05,5424.0,0.8
Kepler-1237 b,Kepler-1237,2016,Transit,84.5733226,2.86,0.39,-0.21,5472.0,0.9
HAT-P-38 b,HAT-P-38,2012,Transit,4.640382,9.247,1.031,-0.706,5330.0,0.923
K2-55 b,K2-55,2016,Transit,2.849271,4.43,0.29,-0.32,4300.0,0.715
TOI-7149 b,TOI-7149,2025,Transit,2.65206166,13.2,0.51,-0.51,3363.0,0.351
Kepler-852 b,Kepler-852,2016,Transit,44.9309804,2.54,0.45,-0.17,6100.0,1.16
K2-357 b,K2-357,2021,Transit,16.3488637,3.72,0.23,-0.21,5794.0,1.0
TOI-3976 A b,TOI-3976 A,2023,Transit,6.607662,12.27383387,0.40352331,-0.39231432,5975.0,1.501
K2-232 b,K2-232,2018,Transit,11.168454,11.209,0.246598,-0.22418,6154.0,1.161
Kepler-1357 b,Kepler-1357,2016,Transit,3.0091324,1.28,0.2,-0.11,5597.0,0.9
Kepler-132 e,Kepler-132,2016,Transit,110.2869374,1.18,0.16,-0.12,6023.0,1.1
LTT 9779 b,LTT 9779,2020,Transit,0.792052,4.72,0.23,-0.23,5443.0,0.949
TOI-763 b,TOI-763,2020,Transit,5.6057,2.28,0.11,-0.11,5450.0,0.897
HATS-14 b,HATS-14,2015,Transit,2.7667641,11.646151,0.358688,-0.246598,5346.0,0.933
Kepler-1320 b,Kepler-1320,2016,Transit,0.868386528,1.7,0.07,-0.11,4817.0,0.74
Kepler-1807 b,Kepler-1807,2021,Transit,10.86060047,2.70393215,,,6455.0,1.496
Kepler-1613 b,Kepler-1613,2016,Transit,1.5184299,2.08,0.44,-0.51,6005.0,1.12
K2-277 b,K2-277,2018,Transit,6.326768,2.18575124,0.20176165,-0.12329879,5680.0,0.973
Kepler-1032 b,Kepler-1032,2016,Transit,3.290117953,1.87,0.1,-0.08,4647.0,0.71
TOI-5726.01,TOI-5726,2024,Transit,5.491125215,2.554,0.28,-0.177,5874.0,1.106
Wolf 327 b,Wolf 327,2024,Transit,0.5734745,1.24,0.06,-0.06,3542.0,0.406
Kepler-62 f,Kepler-62,2013,Transit,267.291,1.41,0.07,-0.07,4925.0,0.64
Kepler-294 c,Kepler-294,2014,Transit,6.6264,2.71,1.27,-1.27,5913.0,0.976
Kepler-21 b,Kepler-21,2012,Transit,2.7858212,1.639,0.019,-0.015,6305.0,1.902
Kepler-36 b,Kepler-36,2012,Transit,13.86825,1.498,0.061,-0.049,5979.0,1.634
Kepler-42 d,Kepler-42,2011,Transit,1.865169,0.57,0.18,-0.18,3068.0,0.17
TOI-6478 b,TOI-6478,2025,Transit,34.005019,4.6,0.24,-0.24,3230.0,0.234
Kepler-125 b,Kepler-125,2014,Transit,4.164389,2.37,0.1,-0.1,3810.0,0.512
Kepler-1407 b,Kepler-1407,2016,Transit,20.0711504,2.25,0.53,-0.32,6010.0,1.15
TOI-1246 b,TOI-1246,2022,Transit,4.30744,3.01,0.06,-0.06,5151.0,0.86
Kepler-167 e,Kepler-167,2016,Transit,1071.23205,10.16,0.42,-0.42,4884.0,0.749
Kepler-471 b,Kepler-471,2016,Transit,5.014234575,14.96,5.42,-2.96,6733.0,1.8
TOI-3837 b,TOI-3837,2025,Transit,11.88865,10.87271128,0.56044903,-0.67253884,5905.0,1.2
Kepler-1561 b,Kepler-1561,2016,Transit,1.005207007,1.09,0.26,-0.18,5957.0,1.11
Kepler-1338 b,Kepler-1338,2016,Transit,0.935118057,0.92,0.19,-0.1,5909.0,1.05
WASP-59 b,WASP-59,2012,Transit,7.919585,8.687,0.762,-0.762,4650.0,0.613
Kepler-1293 b,Kepler-1293,2016,Transit,5.57654784,0.97,0.42,-0.15,6241.0,1.28
Kepler-59 c,Kepler-59,2012,Transit,17.9801235,1.98,,,6074.0,0.94
TOI-849 b,TOI-849,2020,Transit,0.765548,3.64,0.38,-0.38,5257.0,0.97
Kepler-825 b,Kepler-825,2016,Transit,3.77360059,1.53,0.39,-0.22,5976.0,1.08
KELT-14 b,KELT-14,2016,Transit,1.7100566,19.537287,0.526823,-0.526823,5720.0,1.52
Kepler-339 d,Kepler-339,2014,Transit,10.558345,1.17,0.53,-0.53,5631.0,0.802
Kepler-1280 b,Kepler-1280,2016,Transit,66.5579057,1.87,0.83,-0.29,6227.0,1.32
Kepler-245 c,Kepler-245,2014,Transit,17.460812,2.18,0.17,-0.17,5100.0,0.795
Kepler-1481 b,Kepler-1481,2016,Transit,5.94220998,1.23,0.08,-0.06,4908.0,0.75
TOI-1266 c,TOI-1266,2020,Transit,18.8027,1.98,0.1,-0.1,3563.0,0.4232
Kepler-1838 b,Kepler-1838,2021,Transit,12.14680004,1.66049425,,,5877.0,1.963
K2-75 c,K2-75,2016,Transit,18.311,2.77,0.38,-0.38,5995.0,1.56
CoRoT-18 b,CoRoT-18,2011,Transit,1.9000693,14.68,2.02,-2.02,5440.0,1.0
KOI-351 d,KOI-351,2013,Transit,59.73667,2.87,0.3,-0.3,6080.0,1.2
Kepler-1414 b,Kepler-1414,2016,Transit,3.51576315,1.23,0.09,-0.08,4951.0,0.75
Kepler-178 c,Kepler-178,2014,Transit,20.552802,2.88,1.23,-1.23,5676.0,1.066
Kepler-1731 b,Kepler-1731,2021,Transit,21.76129913,2.93295657,,,4859.0,0.72
Kepler-710 b,Kepler-710,2016,Transit,4.347285527,1.88,0.24,-0.15,5611.0,0.91
K2-5 c,K2-5,2015,Transit,10.93241,2.26,0.62,-0.62,3930.0,0.57
Kepler-708 b,Kepler-708,2016,Transit,3.167891938,2.93,0.64,-0.28,5692.0,0.96
WASP-54 b,WASP-54,2012,Transit,3.69364,17.71022,1.90553,-1.90553,6100.0,1.76
Kepler-398 b,Kepler-398,2014,Transit,4.081423,0.93,0.1,-0.1,4493.0,0.613
Kepler-1018 b,Kepler-1018,2016,Transit,49.1013514,2.58,0.3,-0.19,5518.0,0.88
TOI-4734 b,TOI-4734,2025,Transit,6.235633,10.9175472,0.28022452,-0.25780656,6070.0,1.857
K2-250 b,K2-250,2018,Transit,4.01392,2.71257333,0.17934369,-0.13450777,5003.0,0.797
K2-381 d,K2-381,2022,Transit,26.803023,1.689,0.18,-0.139,4473.0,0.675
TOI-2842 b,TOI-2842,2023,Transit,3.5514058,12.84549188,0.57165802,-0.53803107,5910.0,1.265
Kepler-1181 c,Kepler-1181,2023,Transit,8.93484887,1.83,0.64,-0.23,6688.0,1.347
TOI-836 b,TOI-836,2023,Transit,3.81673,1.704,0.067,-0.067,4552.0,0.665
Kepler-31 b,Kepler-31,2011,Transit,20.8613,5.5,1.1,-1.1,6340.0,1.22
EPIC 206024342 c,EPIC 206024342,2021,Transit,0.911724,1.4,0.5,-0.5,5724.0,1.1
Kepler-633 c,Kepler-633,2021,Transit,23.78319931,2.296,,,5877.0,1.265
K2-320 b,K2-320,2020,Transit,1.995,2.62,0.23,-0.15,3157.0,0.3
Kepler-1523 b,Kepler-1523,2016,Transit,0.93875077,1.58,0.27,-0.15,5708.0,0.96
Kepler-1606 b,Kepler-1606,2016,Transit,196.435224,2.07,0.23,-0.15,5422.0,0.86
TOI-6699 b,TOI-6699,2026,Transit,5.32005926761,2.32645266,0.41117107,-0.37089896,4705.1,0.75309
Kepler-30 c,Kepler-30,2012,Transit,60.323105,12.3,0.4,-0.4,5498.0,0.95
TOI-2886 b,TOI-2886,2025,Transit,1.60200105,18.6405349,0.45956821,-0.39231432,6240.0,1.241
Kepler-62 c,Kepler-62,2013,Transit,12.4417,0.54,0.03,-0.03,4925.0,0.64
Kepler-1016 c,Kepler-1016,2016,Transit,105.6551369,3.68,0.65,-0.37,5821.0,1.0
Kepler-1930 b,Kepler-1930,2021,Transit,13.02680016,1.52955541,,,5083.0,0.844
K2-397 b,K2-397,2022,Transit,3.572326,2.417,0.187,-0.183,5387.0,0.966
Kepler-270 c,Kepler-270,2014,Transit,25.262887,1.77,0.37,-0.37,6067.0,1.461
Kepler-589 b,Kepler-589,2016,Transit,16.54964934,2.27,0.18,-0.12,5296.0,0.83
Kepler-1082 b,Kepler-1082,2016,Transit,1.543206604,1.12,0.18,-0.13,5923.0,1.14
Kepler-431 d,Kepler-431,2015,Transit,11.922,1.11,,,6004.0,1.092
KIC 3558849 b,KIC 3558849,2015,Transit,1322.3,6.9,1.0,-0.9,6175.0,1.01
Kepler-11 e,Kepler-11,2010,Transit,31.9996,4.19,0.07,-0.09,5663.0,1.065
K2-387 b,K2-387,2022,Transit,28.735327,7.322,0.268,-0.264,3572.0,0.585
Kepler-1824 b,Kepler-1824,2021,Transit,95.61100006,2.38127597,,,6002.0,1.081
WASP-170 b,WASP-170,2018,Transit,2.34478022,12.285064,0.952765,-0.952765,5600.0,0.938
K2-74 b,K2-74,2016,Transit,19.5666,2.31,0.19,-0.19,6060.0,0.98
K2-239 b,K2-239,2018,Transit,5.24,1.1,0.1,-0.1,3420.0,0.36
Kepler-544 b,Kepler-544,2016,Transit,21.41616926,2.12,0.19,-0.14,6206.0,1.22
TOI-1246 d,TOI-1246,2022,Transit,18.654874,3.43139739,0.14960553,-0.11612674,5213.0,0.8649
Kepler-1326 b,Kepler-1326,2016,Transit,42.3514267,4.18,1.51,-0.76,6725.0,1.74
HATS-9 b,HATS-9,2015,Transit,1.915291,13.85,0.35,-0.35,5599.0,1.56
Kepler-1563 b,Kepler-1563,2016,Transit,3.43276598,0.75,0.12,-0.08,5765.0,0.99
Kepler-1721 b,Kepler-1721,2021,Transit,4.592380047,3.11856756,,,5351.0,0.796
Kepler-256 e,Kepler-256,2014,Transit,10.681572,2.35,0.58,-0.58,5551.0,1.301
TOI-1184 b,TOI-1184,2024,Transit,5.748433803,2.39,0.25,-0.234,4534.0,0.69
TOI-2031 A b,TOI-2031 A,2025,Transit,5.71548654,14.20177855,0.26901554,-0.26901554,6490.0,1.241
HATS-61 b,HATS-61,2018,Transit,7.817953,13.394755,0.751003,-0.751003,5542.0,1.664
HD 15337 c,HD 15337,2019,Transit,17.180546,2.526,0.086,-0.075,5131.0,0.855
Kepler-848 b,Kepler-848,2016,Transit,6.91134416,1.7,0.31,-0.25,5695.0,1.2
WASP-132 b,WASP-132,2016,Transit,7.1335164,10.09929161,0.42594127,-0.42594127,4686.0,0.758
HD 23472 d,HD 23472,2022,Transit,3.97664,0.75,0.067,-0.057,4684.0,0.71
Kepler-1227 b,Kepler-1227,2016,Transit,94.2887577,2.29,0.52,-0.23,5747.0,0.95
Kepler-388 c,Kepler-388,2014,Transit,13.297004,0.86,0.11,-0.11,4498.0,0.586
WASP-141 b,WASP-141,2016,Transit,3.310651,13.56289,0.89672,-0.89672,5900.0,1.37
TrES-2 b,TrES-2,2006,Transit,2.47063,15.24424,0.89672,-0.89672,5850.0,1.12
Kepler-1586 b,Kepler-1586,2016,Transit,15.6049212,1.52,0.65,-0.34,6681.0,1.75
Kepler-1355 b,Kepler-1355,2016,Transit,1.289588112,1.46,0.12,-0.1,5352.0,0.83
Kepler-1747 b,Kepler-1747,2021,Transit,6.230319977,4.26508,,,5477.0,0.865
Kepler-411 d,Kepler-411,2018,Transit,58.02035,3.319,0.104,-0.104,4974.0,0.82
Kepler-909 b,Kepler-909,2016,Transit,13.93290318,1.47,0.16,-0.11,6154.0,1.23
Kepler-169 b,Kepler-169,2014,Transit,3.250619,1.13,0.08,-0.08,4997.0,0.763
Kepler-1557 b,Kepler-1557,2016,Transit,3.74032496,1.53,0.5,-0.21,6099.0,1.17
Kepler-30 b,Kepler-30,2012,Transit,29.33434,3.9,0.2,-0.2,5498.0,0.95
TOI-4156 c,TOI-4156,2026,Transit,12.82282706375,2.92303762,0.33738824,-0.2707665,5971.64,1.03963
Kepler-1710 b,Kepler-1710,2021,Transit,14.91110039,3.19744103,,,5650.0,0.899
Kepler-842 b,Kepler-842,2016,Transit,1.21956827,1.6,0.08,-0.09,4848.0,0.73
Kepler-185 c,Kepler-185,2014,Transit,20.729042,2.02,1.17,-1.17,5208.0,0.806
Kepler-245 d,Kepler-245,2014,Transit,36.277108,3.03,0.21,-0.21,5100.0,0.795
Kepler-81 c,Kepler-81,2012,Transit,12.04,2.37,0.37,-0.37,4385.0,0.59
Kepler-1001 c,Kepler-1001,2020,Transit,9.18186,1.57799279,,,5376.0,0.836475
Kepler-763 b,Kepler-763,2016,Transit,1.19655156,1.22,0.09,-0.08,5166.0,0.8
Kepler-738 b,Kepler-738,2016,Transit,24.58721573,2.5,0.2,-0.17,5327.0,0.82
EPIC 211945201 b,EPIC 211945201,2018,Transit,19.49221,5.76,0.3,-0.3,6069.0,1.39
TOI-2796 b,TOI-2796,2023,Transit,4.8084983,17.26183028,,,5764.0,1.069
Kepler-317 c,Kepler-317,2014,Transit,8.77501,1.72,0.79,-0.79,5497.0,0.941
K2-37 d,K2-37,2016,Transit,14.09229,2.31,0.21,-0.07,5352.0,0.809
NGTS-31 b,NGTS-31,2025,Transit,4.162734,18.04645893,1.79343691,-1.79343691,5710.0,1.7
Kepler-1498 b,Kepler-1498,2016,Transit,48.051405,1.33,0.11,-0.09,5256.0,0.81
Kepler-256 b,Kepler-256,2014,Transit,1.620493,1.59,0.39,-0.39,5551.0,1.301
TOI-3984 A b,TOI-3984 A,2023,Transit,4.353326,7.9,0.24,-0.24,3476.0,0.47
Kepler-801 b,Kepler-801,2016,Transit,11.41928253,2.0,0.08,-0.1,4435.0,0.63
TOI-2525 c,TOI-2525,2023,Transit,49.2519,10.13291855,0.11208981,-0.11208981,5096.0,0.785
Kepler-167 c,Kepler-167,2014,Transit,7.406106,1.674,0.069,-0.069,4884.0,0.749
TOI-1248 b,TOI-1248,2024,Transit,4.3601561,6.8084859,0.116716,-0.12027714,5205.0,0.8686
K2-381 b,K2-381,2022,Transit,7.9389334,1.075,0.142,-0.104,4473.0,0.675
WASP-110 b,WASP-110,2021,Transit,3.7784022,13.19297028,0.31385146,-0.26901554,5392.0,0.853
Kepler-219 d,Kepler-219,2014,Transit,47.903645,2.81,0.48,-0.48,5786.0,1.491
Kepler-962 b,Kepler-962,2016,Transit,12.05707239,1.97,0.08,-0.08,5478.0,0.86
Kepler-1663 b,Kepler-1663,2020,Transit,17.6046,3.30395896,,,3844.0,0.62859
TIC 52059926 b,TIC 52059926,2026,Transit,175.532,10.71,0.52,-0.57,4505.0,0.72
Kepler-1998 b,Kepler-1998,2023,Transit,3.03267135,0.6,0.08,-0.04,5640.0,0.921
Kepler-921 b,Kepler-921,2016,Transit,51.300634,2.87,0.33,-0.73,5663.0,0.91
Kepler-1137 b,Kepler-1137,2016,Transit,23.9210791,2.2,0.83,-0.4,6807.0,1.84
K2-63 c,K2-63,2016,Transit,25.4556,3.9,1.2,-1.2,6771.0,1.63
KOI-4978 b,KOI-4978,2024,Transit,0.941967,0.7,0.1,-0.1,5050.28,0.966
TOI-3364 b,TOI-3364,2023,Transit,5.8768918,12.22899794,0.42594127,-0.35868738,5706.0,1.419
Kepler-569 b,Kepler-569,2016,Transit,34.18890521,3.16,0.22,-0.17,5616.0,0.93
Kepler-1539 b,Kepler-1539,2016,Transit,133.3036741,2.7,0.19,-0.15,5176.0,0.8
Kepler-1482 b,Kepler-1482,2016,Transit,12.25383217,1.01,0.1,-0.11,5381.0,0.84
HATS-53 b,HATS-53,2017,Transit,3.8537768,15.02006,0.627704,-0.627704,5644.0,1.101
TOI-5422 b,TOI-5422,2026,Transit,5.377219,9.10169233,0.3474784,-0.28022452,5820.0,1.474
Kepler-117 b,Kepler-117,2014,Transit,18.7959228,8.059,0.269,-0.269,6150.0,1.606
Kepler-1976 b,Kepler-1976,2023,Transit Timing Variations,4.959319244,12.21,1.96,-1.46,5712.0,1.082
Kepler-1676 b,Kepler-1676,2020,Transit,29.9221,3.3769596,,,5878.3,1.06066
LHS 1678 d,LHS 1678,2024,Transit,4.9652229,0.981,0.07,-0.072,3490.0,0.329
Kepler-289 c,Kepler-289,2014,Transit,125.8723,11.23,0.21,-0.21,5990.0,1.0
WASP-161 b,WASP-161,2018,Transit,5.4060425,12.811887,0.728585,-0.650122,6400.0,1.712
Kepler-449 c,Kepler-449,2015,Transit,33.6727,2.764,0.086,-0.086,5649.18,1.467
Kepler-169 e,Kepler-169,2014,Transit,13.767102,2.2,0.29,-0.29,4997.0,0.763
TOI-1347 c,TOI-1347,2024,Transit,4.841962,1.6,0.1,-0.1,5464.0,0.83
Kepler-54 c,Kepler-54,2012,Transit,12.0717249,1.23,,,3705.0,0.5
Kepler-1150 b,Kepler-1150,2016,Transit,2.787868386,1.02,0.06,-0.06,4754.0,0.72
Kepler-390 c,Kepler-390,2014,Transit,13.060022,0.79,0.08,-0.08,5166.0,0.776
Kepler-1092 b,Kepler-1092,2016,Transit,58.6017925,2.07,0.37,-0.24,5862.0,1.0
Kepler-259 c,Kepler-259,2014,Transit,36.924931,2.7,1.31,-1.31,5938.0,0.898
Kepler-1765 b,Kepler-1765,2021,Transit,10.41889954,2.49508857,,,5692.0,1.064
Kepler-138 b,Kepler-138,2014,Transit,10.3134,0.64,0.02,-0.02,3841.0,0.535
K2-285 d,K2-285,2018,Transit,10.45582,2.48,0.06,-0.06,4975.0,0.787
Kepler-1536 b,Kepler-1536,2016,Transit,364.758031,3.14,0.36,-0.53,4434.0,0.67
TOI-1824 b,TOI-1824,2024,Transit,22.808533,2.7438269,0.08672208,-0.07211466,5165.0,0.8123
Kepler-509 b,Kepler-509,2016,Transit,41.74600392,2.49,0.06,-0.06,6060.0,1.2
Kepler-431 b,Kepler-431,2015,Transit,6.803,0.764,,,6004.0,1.092
Kepler-184 d,Kepler-184,2014,Transit,29.022358,2.49,1.41,-1.41,5788.0,0.873
Kepler-813 b,Kepler-813,2016,Transit,19.12947337,2.14,0.42,-0.19,5743.0,0.93
Kepler-1140 b,Kepler-1140,2016,Transit,24.0862707,2.77,0.45,-0.37,4850.0,0.73
TOI-1799 b,TOI-1799,2024,Transit,7.094570865,1.642,0.227,-0.168,5690.0,0.957
K2-65 b,K2-65,2016,Transit,12.6475,1.58,0.38,-0.38,5213.0,0.84
Kepler-104 d,Kepler-104,2014,Transit,51.755394,3.58,0.61,-0.61,5711.0,1.349
K2-72 d,K2-72,2016,Transit,7.760178,1.01,0.12,-0.12,3360.47,0.330989
Kepler-11 g,Kepler-11,2010,Transit,118.3807,3.33,0.06,-0.08,5663.0,1.065
TOI-1269 c,TOI-1269,2026,Transit,9.23786144195,2.22999162,0.2429504,-0.19119088,5554.02,0.848906
Kepler-402 b,Kepler-402,2014,Transit,4.028751,1.22,0.24,-0.24,6090.0,1.264
K2-184 b,K2-184,2018,Transit,16.9780102,1.47,0.11,-0.05,5245.0,0.75
Kepler-372 d,Kepler-372,2014,Transit,30.092568,1.69,0.73,-0.73,6509.0,1.137
TOI-7155 b,TOI-7155,2026,Transit,3.89489711981,2.40821473,0.34326283,-0.25569019,4673.03,0.670748
TOI-941 b,TOI-941,2026,Transit,8.51460888787,6.51165317,0.4529866,-0.44352176,5745.88,1.1849
Kepler-1499 b,Kepler-1499,2016,Transit,44.2008,1.19,0.25,-0.14,5097.0,0.78
Kepler-1073 b,Kepler-1073,2016,Transit,8.67888593,2.3,0.49,-0.25,5792.0,1.0
OGLE-TR-10 b,OGLE-TR-10,2004,Transit,3.101278,14.011,1.569,-1.345,5950.0,1.17
Kepler-436 b,Kepler-436,2015,Transit,64.00205,2.73,0.23,-0.24,4651.0,0.697
Kepler-84 b,Kepler-84,2012,Transit,8.726,2.23,0.1,-0.1,6039.0,1.43
Kepler-1093 b,Kepler-1093,2016,Transit,25.0824626,1.95,0.62,-0.25,6166.0,1.2
KOI-351 e,KOI-351,2013,Transit,91.93913,2.66,0.29,-0.29,6080.0,1.2
Kepler-778 b,Kepler-778,2016,Transit,3.75574426,1.68,0.1,-0.13,5102.0,0.77
HD 101581 b,HIP 56998,2025,Transit,4.46569,0.956,0.061,-0.063,4675.0,0.63
TOI-1883 b,TOI-1883,2024,Transit,4.508,5.65,0.24,-0.24,3554.0,0.506
Kepler-1522 b,Kepler-1522,2016,Transit,1.847889171,1.73,0.23,-0.14,5706.0,0.93
Kepler-1245 b,Kepler-1245,2016,Transit,4.35409304,1.44,0.12,-0.1,5306.0,0.83
SWEEPS-11 b,SWEEPS-11,2006,Transit,1.796,12.666,2.354,-2.354,,1.45
K2-220 b,K2-220,2018,Transit,13.68186,2.37,0.14,-0.07,5612.0,1.026
Kepler-154 f,Kepler-154,2016,Transit,9.91935684,1.5,0.34,-0.21,5769.0,0.98
Kepler-1938 b,Kepler-1938,2021,Transit,13.06260014,1.82828927,,,4522.0,0.655
TOI-2322 c,TOI-2322,2025,Transit,20.225528,1.874,0.066,-0.057,4664.0,0.662
WASP-68 b,WASP-68,2014,Transit,5.0843,14.79588,1.56926,-1.56926,5910.0,1.79
Kepler-658 b,Kepler-658,2016,Transit,1.287076762,1.63,0.06,-0.06,4103.0,0.6
Kepler-227 b,Kepler-227,2014,Transit,9.488015,3.11,1.57,-1.57,5854.0,1.091
Kepler-260 b,Kepler-260,2014,Transit,8.187399,2.01,0.55,-0.55,5250.0,0.862
Kepler-1089 b,Kepler-1089,2016,Transit,5.132485618,1.83,0.1,-0.34,3753.0,0.49
HD 235088 b,HD 235088,2023,Transit,7.4341325,1.982,0.072,-0.069,5075.0,0.772
NGTS-34 b,NGTS-34,2025,Transit,43.12655,3.65,0.22,-0.22,6134.0,1.367
K2-138 f,K2-138,2017,Transit,12.75758,2.904,0.164,-0.111,5356.3,0.863
TOI-1683.01,TOI-1683,2024,Transit,3.0575356,2.6382,0.276387,-0.276387,4402.0,0.7
Kepler-18 c,Kepler-18,2011,Transit,7.64159,5.49,0.26,-0.26,5345.0,1.108
Kepler-831 b,Kepler-831,2016,Transit,5.62153941,1.27,0.1,-0.07,5732.0,0.97
Kepler-221 c,Kepler-221,2014,Transit,5.690586,2.93,0.27,-0.27,5243.0,0.821
K2-257 b,K2-257,2018,Transit,1.60588,0.83,0.06,-0.05,3725.0,0.5
Kepler-27 d,Kepler-27,2021,Transit,6.546289921,2.7061946,,,5251.0,0.817
TOI-270 c,TOI-270,2019,Transit,5.66051,2.33,0.01,-0.01,3506.0,0.38
Kepler-412 b,Kepler-412,2014,Transit,1.7208604,15.031269,0.493196,-0.515614,5750.0,1.287
TOI-2158 b,TOI-2158,2022,Transit,8.60077,10.76062147,0.13450777,-0.13450777,5673.0,1.41
Kepler-651 b,Kepler-651,2016,Transit,21.38521506,2.37,0.22,-0.14,5522.0,0.87
CoRoT-8 b,CoRoT-8,2010,Transit,6.21229,6.39,0.22,-0.22,5080.0,0.77
K2-411 b,K2-411,2022,Transit,3.2141,0.9898,0.0498,-0.0486,5711.0,1.375
TOI-6281 b,TOI-6281,2026,Transit,1.05426244177,1.92416074,0.18572931,-0.16416748,4533.23,0.874219
Kepler-1381 b,Kepler-1381,2016,Transit,25.3842686,2.25,0.29,-0.19,5747.0,0.94
Kepler-1325 b,Kepler-1325,2016,Transit,33.8786838,2.86,0.4,-0.47,5550.0,0.91
Kepler-703 b,Kepler-703,2016,Transit,4.583521756,8.2,3.71,-1.39,6185.0,1.27
Kepler-616 c,Kepler-616,2016,Transit,90.4113556,3.41,0.57,-0.3,5753.0,0.97
TOI-1533 c,TOI-1533,2026,Transit,8.0637926,7.5,,,5146.0,0.849
TOI-1408 b,TOI-1408,2023,Transit,4.42587,25.0,4.0,-4.0,6117.0,1.53
HAT-P-32 b,HAT-P-32,2011,Transit,2.1500082,22.19382,0.504405,-0.504405,6001.0,1.367
TOI-5502 b,TOI-5502,2026,Transit,11.62592988285,4.1287378,0.39975161,-0.33665264,6088.71,1.32375
K2-22 b,K2-22,2015,Transit,0.381073,2.3,0.1,-0.1,3879.0,0.58
Kepler-1322 b,Kepler-1322,2016,Transit,0.962867382,1.61,0.2,-0.13,5488.0,0.87
HAT-P-16 b,HAT-P-16,2010,Transit,2.77596727,14.68376472,0.67253884,-0.67253884,6140.0,1.158
Kepler-1999 b,Kepler-1999,2023,Transit,8.7396758,3.29,0.26,-0.3,4406.0,0.628
Kepler-1285 b,Kepler-1285,2016,Transit,14.7967458,0.97,0.1,-0.08,6170.0,1.28
TOI-3688 A b,TOI-3688 A,2023,Transit,3.246075,13.08088048,0.53803107,-0.49319515,5950.0,1.302
Kepler-1592 b,Kepler-1592,2016,Transit,3.05710069,1.54,0.7,-0.28,6213.0,1.28
Kepler-1003 b,Kepler-1003,2016,Transit,3.554856915,1.78,0.48,-0.22,6109.0,1.17
Kepler-213 b,Kepler-213,2014,Transit,2.46236,1.62,0.31,-0.31,5696.0,1.195
Kepler-305 b,Kepler-305,2013,Transit,5.487,3.6,0.9,-0.36,5080.0,0.8
Kepler-361 c,Kepler-361,2014,Transit,55.188023,2.52,0.48,-0.48,6169.0,1.343
Kepler-1778 b,Kepler-1778,2021,Transit,10.08740044,3.01665969,,,6310.0,1.095
Kepler-1005 b,Kepler-1005,2016,Transit,6.49801525,1.5,0.21,-0.15,5782.0,1.06
Kepler-346 b,Kepler-346,2014,Transit,6.511127,2.66,1.24,-1.24,6033.0,1.021
TOI-5728 b,TOI-5728,2025,Transit,11.49761,1.31,0.05,-0.05,3419.0,0.37
Kepler-421 b,Kepler-421,2014,Transit,704.1984,4.16,0.19,-0.16,5308.0,0.757
Kepler-688 b,Kepler-688,2016,Transit,3.895936844,9.76,1.76,-0.97,5715.0,0.96
Kepler-123 c,Kepler-123,2014,Transit,26.695074,1.48,0.3,-0.3,6089.0,1.264
Kepler-614 b,Kepler-614,2016,Transit,14.03491514,2.39,0.2,-0.17,5268.0,0.81
Kepler-1079 b,Kepler-1079,2016,Transit,13.24503188,1.63,0.33,-0.28,5758.0,1.36
Kepler-211 b,Kepler-211,2014,Transit,4.138575,1.26,0.09,-0.09,5123.0,0.816
Kepler-870 b,Kepler-870,2016,Transit,21.3587621,2.78,0.51,-0.29,5857.0,1.02
Kepler-257 c,Kepler-257,2014,Transit,6.581484,5.41,2.72,-2.72,5180.0,1.037
Kepler-1724 b,Kepler-1724,2021,Transit,6.45442009,2.83677238,,,6092.0,0.943
TOI-5398 b,TOI-5398,2022,Transit,10.590547,10.3,0.4,-0.4,6000.0,1.051
TOI-5515 b,TOI-5515,2026,Transit,8.59225810839,2.65362762,0.25797628,-0.22080259,5483.65,0.835682
K2-348 b,K2-348,2021,Transit,4.688418,3.26,0.22,-0.11,5077.0,0.85
TOI-640 b,TOI-640,2021,Transit,5.003777,19.2794468,0.56044903,-0.56044903,6460.0,2.082
Kepler-187 b,Kepler-187,2014,Transit,4.938864,1.41,0.28,-0.28,6105.0,1.287
Kepler-573 b,Kepler-573,2016,Transit,22.18329658,2.79,0.36,-0.23,5746.0,1.02
Kepler-975 b,Kepler-975,2016,Transit,1.970342457,1.48,0.06,-0.09,4897.0,0.75
Kepler-520 c,Kepler-520,2016,Transit,5.21104261,1.07,0.07,-0.05,6112.0,1.09
Kepler-476 b,Kepler-476,2016,Transit,14.00640607,3.08,0.51,-0.3,5837.0,1.09
Kepler-1073 c,Kepler-1073,2016,Transit,4.02582254,1.64,0.34,-0.18,5792.0,1.0
Kepler-684 b,Kepler-684,2016,Transit,6.770302008,3.36,0.3,-0.3,5493.0,0.86
Kepler-351 b,Kepler-351,2014,Transit,37.054919,3.06,1.55,-1.55,5643.0,0.854
Kepler-1295 b,Kepler-1295,2016,Transit,3.81371974,1.55,0.2,-0.12,5486.0,0.89
HATS-54 b,HATS-54,2019,Transit,2.5441765,11.37711541,0.26901554,-0.26901554,5621.0,1.23
WASP-159 b,WASP-159,2018,Transit,3.840401,15.46842,1.00881,-1.00881,6120.0,2.11
K2-26 b,K2-26,2016,Transit,14.5665,2.67,0.46,-0.42,3785.0,0.52
TIC 9344899 b,TIC 9344899,2026,Transit,8.5821566,9.16,0.4,-0.4,5800.0,1.06
Kepler-670 b,Kepler-670,2016,Transit,2.816504852,13.18,2.94,-1.21,5709.0,0.99
Kepler-118 b,Kepler-118,2014,Transit,7.518496,1.96,0.94,-0.94,5274.0,1.094
GJ 357 b,GJ 357,2019,Transit,3.9306,1.2,0.06,-0.06,3505.0,0.337
LHS 1903 d,LHS 1903,2026,Transit,12.566287,2.5,0.078,-0.077,3664.0,0.539
CoRoT-24 b,CoRoT-24,2014,Transit,5.1134,3.7,0.4,-0.4,4950.0,0.86
Kepler-1062 b,Kepler-1062,2016,Transit,9.30412078,1.76,0.09,-0.1,4597.0,0.7
K2-167 b,K2-167,2018,Transit,9.978541,2.36509493,0.21297063,-0.14571675,6310.0,1.499
Kepler-495 b,Kepler-495,2016,Transit,3.413036221,5.23,0.42,-0.34,5346.0,0.83
Kepler-1151 b,Kepler-1151,2016,Transit,65.6478424,2.22,0.24,-0.17,5470.0,0.85
Kepler-574 b,Kepler-574,2016,Transit,7.65880414,2.39,0.33,-0.16,5612.0,0.91
TOI-3819 b,TOI-3819,2023,Transit,3.2443141,13.13692538,0.40352331,-0.39231432,5859.0,1.538
Kepler-1162 b,Kepler-1162,2016,Transit,32.5637069,2.21,0.5,-0.21,5390.0,0.84
Kepler-401 b,Kepler-401,2014,Transit,14.383035,1.71,0.4,-0.4,6117.0,1.333
Kepler-37 e,Kepler-37,2014,Transit Timing Variations,51.196,0.37,0.18,-0.18,5288.0,0.772
HAT-P-19 b,HAT-P-19,2010,Transit,4.00878322,11.29865255,0.15692573,-0.14571675,4962.0,0.773
TOI-1634 b,TOI-1634,2021,Transit,0.98934551,1.759,0.058,-0.057,3550.0,0.45
Kepler-82 b,Kepler-82,2012,Transit,26.44,4.07,0.24,-0.1,5401.0,0.898
Kepler-446 c,Kepler-446,2015,Transit,3.036179,1.11,0.18,-0.18,3359.0,0.24
KOI-1257 b,KOI-1257,2014,Transit,86.647661,10.54,1.35,-1.35,5520.0,1.13
TOI-5789 c,TOI-5789,2026,Transit,12.927748,2.86,0.18,-0.15,5185.0,0.833
Kepler-1650 b,Kepler-1650,2017,Transit,1.53818001,0.96,0.11,-0.1,3410.0,0.334
Kepler-210 c,Kepler-210,2014,Transit,7.972513,3.62,0.19,-0.19,4559.0,0.65
TOI-1269 b,TOI-1269,2024,Transit,4.2529913,2.40144286,0.15036543,-0.0739539,5499.0,0.8521
Kepler-1551 b,Kepler-1551,2016,Transit,24.4973698,2.66,0.91,-0.42,6136.0,1.22
K2-159 b,K2-159,2018,Transit,12.42205,2.26,0.17,-0.11,5425.0,0.83
Kepler-1352 b,Kepler-1352,2016,Transit,1.877882748,0.89,0.25,-0.11,6118.0,1.16
TOI-2236 b,TOI-2236,2022,Transit,3.5315902,14.36991326,0.35868738,-0.3474784,6248.0,1.573
Kepler-1439 b,Kepler-1439,2016,Transit,8.07392849,1.46,0.14,-0.21,3578.0,0.43
Kepler-1202 b,Kepler-1202,2016,Transit,28.6851324,2.94,0.91,-0.31,5834.0,1.04
HIP 113103 b,HIP 113103,2023,Transit,7.610303,1.829,0.096,-0.067,4930.0,0.742
GJ 9827 c,GJ 9827,2017,Transit,3.648103,1.13,0.07,-0.05,4236.0,0.58
K2-149 b,K2-149,2018,Transit,11.332,1.64,0.2,-0.18,3745.0,0.568
Kepler-139 d,Kepler-139,2023,Transit,7.305699922,1.695,0.061,-0.061,5622.0,1.045
Kepler-1474 b,Kepler-1474,2016,Transit,36.4333452,2.16,0.44,-0.23,5870.0,1.04
Kepler-128 c,Kepler-128,2013,Transit,22.8,1.521,0.047,-0.047,6072.0,1.659
Kepler-1639 b,Kepler-1639,2016,Transit,9.878482,2.58,0.79,-0.34,6150.0,1.18
TOI-2580 b,TOI-2580,2024,Transit,3.39775,17.37392009,0.56044903,-0.56044903,6120.0,1.81
Kepler-485 b,Kepler-485,2016,Transit,3.243259796,14.41,3.38,-1.63,5958.0,1.09
Kepler-1000 b,Kepler-1000,2016,Transit,120.0181272,4.76,0.34,-0.31,6453.0,1.51
HAT-P-7 b,HAT-P-7,2008,Transit,2.20474,16.92559,2.35389,-2.35389,6389.0,2.0
Kepler-33 b,Kepler-33,2011,Transit,5.66793,1.74,0.18,-0.18,5904.0,1.82
TOI-2084 b,TOI-2084,2023,Transit,6.0784247,2.47,0.13,-0.13,3551.0,0.475
Kepler-1602 b,Kepler-1602,2016,Transit,11.17931605,1.34,0.58,-0.23,6296.0,1.36
LHS 1140 c,LHS 1140,2018,Transit,3.77794,1.272,0.026,-0.026,3096.0,0.2159
K2-222 b,K2-222,2018,Transit,15.3889274,2.275,0.1,-0.1,5942.0,1.072
K2-72 e,K2-72,2016,Transit,24.158868,1.29,0.14,-0.13,3360.47,0.330989
K2-195 b,K2-195,2018,Transit,15.852975,3.13,0.12,-0.12,5713.0,0.99
TOI-2458 b,TOI-2458,2024,Transit,3.73659,2.83,0.2,-0.18,6005.0,1.31
K2-146 b,K2-146,2018,Transit,2.6446,2.05,0.06,-0.06,3385.0,0.33
Kepler-644 b,Kepler-644,2016,Transit,3.173917103,3.15,1.16,-0.61,6747.0,1.81
Kepler-120 c,Kepler-120,2014,Transit,12.794585,1.53,0.09,-0.09,4096.0,0.534
K2-172 b,K2-172,2018,Transit,14.316941,1.66608079,0.15959489,-0.09523043,5569.0,0.868889
TIC 365102760 b,TIC 365102760,2024,Transit,4.21285367,6.21,0.76,-0.76,4900.0,3.13
Kepler-1153 b,Kepler-1153,2016,Transit,1.755835327,1.73,0.21,-0.11,5470.0,0.88
TOI-5292 A b,TOI-5292 A,2026,Transit,2.02191,12.64373023,0.43715025,-0.41473229,3919.0,0.611
Kepler-1738 b,Kepler-1738,2021,Transit,7.674630165,2.82472883,,,6063.0,1.001
WASP-7 b,WASP-7,2008,Transit,4.9546416,14.90797,1.042437,-1.042437,6400.0,1.432
K2-283 b,K2-283,2018,Transit,1.921036,3.52,0.16,-0.16,5060.0,0.82
Kepler-226 d,Kepler-226,2014,Transit,8.109044,1.22,0.49,-0.49,5571.0,0.802
Kepler-327 b,Kepler-327,2014,Transit,2.549575,1.11,0.05,-0.05,3799.0,0.492
TOI-1347 b,TOI-1347,2024,Transit,0.84742346,1.8,0.1,-0.1,5464.0,0.83
TOI-1173 b,TOI-1173,2024,Transit,7.06466,9.19,0.18,-0.18,5350.0,0.934
HIP 41378 c,HIP 41378,2016,Transit,31.70591,2.74,0.043,-0.049,6290.0,1.3
Kepler-109 b,Kepler-109,2014,Transit,6.4816307,2.49,0.11,-0.11,5950.0,1.387
K2-28 b,K2-28,2016,Transit,2.260455,2.32,0.24,-0.24,3214.0,0.288
K2-6 b,K2-6,2015,Transit,30.94191,2.5,0.88,-0.88,5850.0,0.96
Kepler-952 b,Kepler-952,2016,Transit,130.3546919,7.65,1.65,-0.75,5730.0,0.99
WASP-26 b,WASP-26,2010,Transit,2.7566,13.56289,1.68135,-1.68135,6034.0,1.22
Kepler-334 c,Kepler-334,2014,Transit,12.758005,1.43,0.26,-0.26,5828.0,1.068
Kepler-194 d,Kepler-194,2014,Transit,52.814973,2.4,1.26,-1.26,6089.0,1.025
Kepler-272 c,Kepler-272,2014,Transit,6.057342,1.79,0.96,-0.96,5297.0,0.929
WASP-87 b,WASP-87,2016,Transit,1.682795,15.524465,0.67254,-0.67254,6450.0,1.627
K2-160 b,K2-160,2018,Transit,3.705871,3.17824034,0.21418014,-0.1454733,5649.0,0.913754
Kepler-92 d,Kepler-92,2015,Transit,49.3568,2.067,0.056,-0.056,5904.34,1.81719
Kepler-945 b,Kepler-945,2016,Transit,31.0033814,2.63,0.47,-0.25,5718.0,0.97
Kepler-723 b,Kepler-723,2016,Transit,4.082275068,12.19,1.58,-0.79,5539.0,0.89
K2-90 b,K2-90,2016,Transit,13.733314,2.6,0.1,-0.1,4484.0,0.619
WASP-77 A b,WASP-77 A,2012,Transit,1.360029395,13.56,0.22,-0.22,5617.0,0.91
Kepler-102 b,Kepler-102,2014,Transit,5.286965,0.46,0.026,-0.026,4909.0,0.724
HIP 9618 b,HIP 9618,2023,Transit,20.772858,3.82838127,0.10440228,-0.08816578,5649.0,0.9593
Kepler-1764 b,Kepler-1764,2021,Transit,70.46829987,4.55527871,,,6461.0,1.131
TOI-1722 b,TOI-1722,2026,Transit,9.60523206943,4.38298108,0.5929853,-0.48069428,5999.55,1.09414
TOI-4930 b,TOI-4930,2026,Transit,6.78130241498,6.93277225,0.56664636,-0.53497392,5624.72,1.15926
Kepler-634 b,Kepler-634,2016,Transit,5.16950177,1.89,0.3,-0.25,6075.0,1.24
EPIC 211822797 b,EPIC 211822797,2016,Transit,21.1701963,1.92,0.12,-0.07,4057.0,0.58
Kepler-681 b,Kepler-681,2016,Transit,26.39435646,3.08,0.16,-0.16,5021.0,0.76
Kepler-68 b,Kepler-68,2013,Transit,5.39875259,2.357,0.023,-0.023,5847.0,1.2564
Kepler-53 c,Kepler-53,2012,Transit,38.5583038,3.17,,,5858.0,0.89
Kepler-1652 b,Kepler-1652,2017,Transit,38.09722,1.6,0.18,-0.18,3638.0,0.382
Kepler-352 b,Kepler-352,2014,Transit,10.05537,0.86,0.08,-0.08,5212.0,0.781
Kepler-731 b,Kepler-731,2016,Transit,3.855603551,13.88,3.18,-1.52,5849.0,1.06
KOI-7368 b,KOI-7368,2022,Transit,6.8430344,2.22,0.12,-0.12,5241.0,0.874
EPIC 201833600 c,K2-50,2019,Transit,3.96151,1.0,0.12,-0.11,4326.0,0.634
TOI-2088 b,TOI-2088,2024,Transit,124.72997,3.6831179,0.19277867,-0.14072298,5081.0,0.8481
GJ 238 b,GJ 238,2024,Transit,1.7446999,0.566,0.014,-0.014,3485.0,0.4314
Kepler-1192 b,Kepler-1192,2016,Transit,25.2034787,2.36,0.24,-0.22,5438.0,0.83
Kepler-214 b,Kepler-214,2014,Transit,15.660544,2.61,0.49,-0.49,6169.0,1.352
Kepler-1354 b,Kepler-1354,2016,Transit,76.613377,2.97,1.22,-0.5,6168.0,1.24
Kepler-1897 b,Kepler-1897,2021,Transit,24.22030067,2.81407954,,,5165.0,0.761
TOI-178 f,TOI-178,2021,Transit,15.23335,2.417,0.041,-0.048,4316.0,0.662
Kepler-452 b,Kepler-452,2015,Transit,384.843,1.63,0.23,-0.2,5757.0,1.11
Kepler-259 b,Kepler-259,2014,Transit,8.115317,2.8,1.37,-1.37,5938.0,0.898
WASP-82 b,WASP-82,2015,Transit,2.70579,18.15858,1.45717,-1.45717,6480.0,2.1
WASP-15 b,WASP-15,2009,Transit,3.7521,15.80469,4.03524,-4.03524,6300.0,1.48
K2-154 b,K2-154,2018,Transit,3.67626,1.99,0.21,-0.11,4097.0,0.63
Kepler-1869 c,Kepler-1869,2023,Transit,1.716828304,0.74,0.12,-0.03,5808.0,0.902
Kepler-240 b,Kepler-240,2014,Transit,4.144495,1.37,0.56,-0.56,4985.0,0.739
Kepler-601 b,Kepler-601,2016,Transit,5.378868441,1.9,0.27,-0.18,5160.0,0.79
Kepler-781 b,Kepler-781,2016,Transit,13.2140732,2.89,0.49,-0.24,5162.0,0.78
Kepler-1550 b,Kepler-1550,2016,Transit,225.582809,3.02,0.71,-0.38,5991.0,1.11
K2-72 b,K2-72,2016,Transit,5.577212,1.08,0.11,-0.11,3360.47,0.330989
Kepler-743 b,Kepler-743,2016,Transit,3.179262921,1.21,0.03,-0.05,5486.0,0.85
NGTS-32 b,NGTS-32,2025,Transit,3.31211,15.91675259,0.33626942,-0.33626942,5680.0,1.85
TOI-5126 c,TOI-5126,2023,Transit,17.8999,3.86,0.17,-0.16,6150.0,1.241
TOI-406 c,TOI-406,2024,Transit,3.307441,1.32,0.12,-0.12,3392.0,0.41
Kepler-545 b,Kepler-545,2016,Transit,13.24934059,2.69,0.3,-0.21,5882.0,1.07
KPS-1 b,KPS-1,2018,Transit,1.706291,11.54527,1.45717,-1.34508,5165.0,0.907
Kepler-916 b,Kepler-916,2016,Transit,32.2968798,1.76,0.14,-0.13,5248.0,0.81
NGTS-25 b,NGTS-25,2022,Transit,2.823093,11.46678726,0.39231432,-0.582867,5321.0,0.86
Kepler-20 e,Kepler-20,2011,Transit,6.0984882,0.821,0.022,-0.022,5495.0,0.9164
TOI-277 b,TOI-277,2022,Transit,3.994,2.65,0.18,-0.18,4031.0,0.362
TOI-2025 b,TOI-2025,2022,Transit,8.8720982,11.89272852,0.36989636,-0.3474784,5977.0,1.459
Kepler-845 b,Kepler-845,2016,Transit,0.927859821,2.04,0.09,-0.29,4913.0,0.75
Kepler-1919 b,Kepler-1919,2021,Transit,37.88660049,2.62390658,,,5513.0,0.818
K2-151 b,K2-151,2018,Transit,3.835476,1.49,0.08,-0.08,3695.0,0.45
TOI-799 b,TOI-799,2026,Transit,5.54519139676,2.06631784,0.30545179,-0.22030926,5662.81,0.915519
Kepler-1878 b,Kepler-1878,2021,Transit,4.445879936,2.92019781,,,5918.0,0.865
TOI-2443 b,TOI-2443,2023,Transit,15.66858,2.363,0.066,-0.066,4375.0,0.631
TOI-2384 b,TOI-2384,2024,Transit,2.13570304,11.48920522,0.23538859,-0.23538859,3943.0,0.6113
Kepler-1020 b,Kepler-1020,2016,Transit,96.9151496,2.28,0.08,-0.09,5227.0,0.8
Kepler-1447 b,Kepler-1447,2016,Transit,56.6747285,2.9,0.5,-0.24,5722.0,0.95
TOI-1470 c,TOI-1470,2023,Transit,18.08816,2.47,0.02,-0.02,3709.0,0.469
K2-178 b,K2-178,2018,Transit,8.747818,3.55790985,0.20414388,-0.13806599,5525.0,0.887267
K2-194 b,K2-194,2018,Transit,39.721386,3.64229858,0.61766974,-0.50000005,5979.0,1.281115
Kepler-915 b,Kepler-915,2016,Transit,4.59489604,1.5,0.33,-0.19,6173.0,1.38
TOI-4379 b,TOI-4379,2024,Transit,3.25352,16.69017226,0.88550948,-0.88550948,6020.0,1.976
HATS-58 A b,HATS-58 A,2019,Transit,4.2180896,12.273855,0.694958,-0.694958,7175.0,1.433
TIC 241249530 b,TIC 241249530,2024,Transit,165.7719,13.29385111,0.41473229,-0.44835923,6166.0,1.397
TOI-3261 b,TOI-3261,2024,Transit,0.8831331,3.82,0.42,-0.35,5068.0,0.849
HAT-P-59 b,HAT-P-59,2021,Transit,4.1419771,12.58768533,0.14571675,-0.14571675,5678.0,1.1038
Kepler-910 b,Kepler-910,2016,Transit,2.364369015,0.82,0.04,-0.03,6230.0,1.5
K2-268 d,K2-268,2021,Transit,4.528598,1.49,0.14,-0.07,5106.0,0.78
K2-8 c,K2-8,2016,Transit,5.06416,2.41,0.33,-0.33,4870.0,0.74
Kepler-849 b,Kepler-849,2016,Transit,394.62508,8.08167508,0.30264248,-0.32506044,5950.0,1.822
Kepler-92 b,Kepler-92,2013,Transit,13.749,3.51,0.1,-0.1,5883.0,1.7
Kepler-405 c,Kepler-405,2014,Transit,29.726682,4.66,26.65,-26.65,5818.0,0.893
K2-223 b,K2-223,2018,Transit,0.50557,0.89,0.1,-0.09,5859.0,1.0
Kepler-1065 c,Kepler-1065,2016,Transit,2.37030743,1.6,0.24,-0.17,5635.0,0.93
TOI-6086 b,TOI-6086,2024,Transit,1.3888725,1.18,0.07,-0.07,3200.0,0.259
Kepler-46 b,Kepler-46,2012,Transit,33.60134,9.057,0.471,-0.482,5155.0,0.938
TOI-3071 b,TOI-3071,2024,Transit,1.266938,7.16,0.57,-0.51,6177.0,1.31
Kepler-145 c,Kepler-145,2013,Transit,42.882,4.32,0.12,-0.12,6022.0,1.85
Kepler-144 b,Kepler-144,2014,Transit,5.885273,1.33,0.26,-0.26,6075.0,1.235
Kepler-251 e,Kepler-251,2014,Transit,99.640161,2.77,0.49,-0.49,5526.0,0.89
TOI-406.01,TOI-406,2024,Transit,13.175682,2.08,0.16,-0.15,3392.0,0.41
Kepler-196 d,Kepler-196,2021,Transit,122.0800018,2.66065673,,,5132.0,0.77
HIP 65 A b,HIP 65 A,2020,Transit,0.9809734,22.75427,6.83749,-5.49241,4590.0,0.7242
Kepler-549 d,Kepler-549,2023,Transit,24.61480613,4.2,0.45,-0.5,5312.0,0.986
Kepler-235 e,Kepler-235,2014,Transit,46.183669,2.22,0.29,-0.29,4255.0,0.554
Kepler-1013 b,Kepler-1013,2016,Transit,18.93054959,2.15,0.36,-0.2,4954.0,0.76
Kepler-405 b,Kepler-405,2014,Transit,10.613839,2.08,0.99,-0.99,5818.0,0.893
Kepler-1883 b,Kepler-1883,2021,Transit,103.427002,3.25107395,,,6208.0,1.024
Kepler-313 b,Kepler-313,2014,Transit,14.970418,2.53,0.31,-0.31,5727.0,1.536
Kepler-1421 b,Kepler-1421,2016,Transit,6.9131112,0.93,0.2,-0.11,6335.0,1.42
TIC 139270665 b,TIC 139270665,2024,Transit,23.624,7.22979255,0.26901554,-0.24659758,5844.0,1.016
Kepler-1372 b,Kepler-1372,2016,Transit,1.311555568,1.27,0.44,-0.13,5677.0,0.97
Kepler-84 f,Kepler-84,2014,Transit,44.552169,2.2,0.43,-0.43,6031.0,1.169
Kepler-205 c,Kepler-205,2014,Transit,20.306546,1.64,0.12,-0.12,4321.0,0.546
Kepler-1507 b,Kepler-1507,2016,Transit,16.0506213,0.84,0.09,-0.09,5410.0,0.85
Kepler-702 b,Kepler-702,2016,Transit,10.526294063,9.17,0.84,-0.58,5419.0,0.86
K2-417 b,K2-417,2023,Transit,6.535,3.31,0.14,-0.12,3861.0,0.5776
K2-332 b,K2-332,2021,Transit,17.70632,2.2,0.19,-0.15,3315.0,0.28
Kepler-186 c,Kepler-186,2014,Transit,7.267302,1.25,0.14,-0.14,3788.0,0.472
TOI-1794 b,TOI-1794,2024,Transit,8.765528,3.29701268,0.16656615,-0.13651409,5631.0,1.3162
Kepler-339 b,Kepler-339,2014,Transit,4.977656,1.42,0.66,-0.66,5631.0,0.802
K2-228 b,K2-228,2018,Transit,2.69828,1.21,0.1,-0.06,4715.0,0.65
Kepler-1805 b,Kepler-1805,2021,Transit,8.847940445,1.54502915,,,3867.0,0.552
TOI-261.01,TOI-261,2021,Transit,3.3639254,3.0449863,0.2114907,-0.2114907,5890.3,1.28018
TOI-1201 b,TOI-1201,2021,Transit,2.4919863,2.415,0.091,-0.09,3476.0,0.508
TOI-421 b,TOI-421,2020,Transit,5.197576,2.64,0.08,-0.08,5291.0,0.866
K2-286 b,K2-286,2018,Transit,27.359,2.1,0.2,-0.2,3926.0,0.62
Kepler-370 b,Kepler-370,2014,Transit,4.57953,1.59,0.78,-0.78,5852.0,0.9
TOI-125 b,TOI-125,2019,Transit,4.65382,2.726,0.075,-0.075,5320.0,0.848
TOI-559 b,TOI-559,2021,Transit,6.9839095,12.22899794,0.31385146,-0.28022452,5925.0,1.233
Kepler-224 c,Kepler-224,2014,Transit,5.925003,3.12,0.26,-0.26,5018.0,0.676
K2-389 c,K2-389,2022,Transit,20.851337,2.04,0.151,-0.138,5782.0,1.084
Kepler-956 b,Kepler-956,2016,Transit,5.248672631,3.0,0.78,-0.38,6040.0,1.15
Kepler-1052 b,Kepler-1052,2016,Transit,34.8538276,2.93,0.54,-0.31,5888.0,1.03
Kepler-1405 b,Kepler-1405,2016,Transit,28.2274184,3.96,0.88,-0.45,5925.0,1.07
GJ 806 b,GJ 806,2023,Transit,0.9263237,1.331,0.023,-0.023,3600.0,0.4144
HATS-63 b,HATS-63,2018,Transit,3.0566527,13.529263,0.437151,-0.437151,5627.0,1.07
K2-414 b,K2-414,2022,Transit,4.3696,1.219,0.1004,-0.0731,4343.0,0.732
TOI-5795 b,TOI-5795,2025,Transit,6.1406325,5.62,0.11,-0.11,5715.0,1.082
TOI-1052 b,TOI-1052,2023,Transit,9.139703,2.87,0.29,-0.24,6146.0,1.264
TOI-1174 b,TOI-1174,2024,Transit,8.953487683,2.562,0.252,-0.2,5030.0,0.76
K2-196 b,K2-196,2018,Transit,48.324222,3.59970536,0.60292183,-0.50268801,6045.0,1.538801
Kepler-1315 b,Kepler-1315,2016,Transit,0.84338011,1.38,0.08,-0.06,4861.0,0.75
Kepler-425 b,Kepler-425,2014,Transit,3.79701816,10.962,0.247,-0.247,5170.0,0.86
Kepler-197 b,Kepler-197,2014,Transit,5.599308,1.02,0.04,-0.04,6004.0,1.12
Kepler-1271 b,Kepler-1271,2016,Transit,3.0255955,1.48,0.23,-0.16,6143.0,1.23
Kepler-790 b,Kepler-790,2016,Transit,13.73469807,2.18,0.17,-0.14,5208.0,0.8
Kepler-395 b,Kepler-395,2014,Transit,7.054346,1.03,0.08,-0.08,4262.0,0.556
TOI-1011 b,TOI-1011,2025,Transit,2.470498,1.45,0.05,-0.05,5475.0,0.92
TOI-1846 b,TOI-1846,2025,Transit,3.9306737,1.792,0.065,-0.068,3568.0,0.397
Kepler-1957 b,Kepler-1957,2021,Transit,2.186619997,0.94374867,,,4904.0,0.772
Kepler-515 b,Kepler-515,2016,Transit,19.96371318,1.46,0.06,-0.05,5293.0,0.83
K2-98 b,K2-98,2016,Transit,10.1367349,5.06645928,0.31385146,-0.28022452,6260.0,1.518
Kepler-113 c,Kepler-113,2014,Transit,8.92507,2.18,0.06,-0.06,4725.0,0.69
Kepler-219 b,Kepler-219,2014,Transit,4.585512,2.95,0.49,-0.49,5786.0,1.491
Kepler-297 c,Kepler-297,2014,Transit,74.920137,6.54,1.18,-1.18,5619.0,0.915
Kepler-1314 b,Kepler-1314,2016,Transit,5.424749281,5.11,0.19,-0.19,4188.0,0.59
Kepler-1053 b,Kepler-1053,2016,Transit,2.414351654,0.98,0.05,-0.04,4529.0,0.69
Kepler-1313 b,Kepler-1313,2016,Transit,3.833091178,1.76,0.06,-0.08,5453.0,0.85
Kepler-1791 b,Kepler-1791,2021,Transit,7.720860004,3.12103321,,,5887.0,1.177
Kepler-340 c,Kepler-340,2014,Transit,22.824669,3.37,0.77,-0.77,6620.0,1.85
EPIC 212297394 b,EPIC 212297394,2019,Transit,2.289363,1.48,0.13,-0.11,5171.0,0.8
WASP-165 b,WASP-165,2018,Transit,3.465509,14.12334,2.12971,-1.90553,5599.0,1.75
Kepler-408 b,Kepler-408,2014,Transit,2.46502,0.82,0.03,-0.03,6104.0,1.23
Kepler-1163 b,Kepler-1163,2016,Transit,6.11786898,1.03,0.17,-0.11,6302.0,1.35
Kepler-1546 b,Kepler-1546,2016,Transit,19.5974971,3.13,0.58,-0.34,5623.0,0.93
Kepler-1288 b,Kepler-1288,2016,Transit,2.76122421,1.12,0.47,-0.16,6132.0,1.29
Kepler-581 b,Kepler-581,2016,Transit,40.6069821,2.63,0.56,-0.29,5772.0,1.0
Kepler-1261 b,Kepler-1261,2016,Transit,48.4308991,2.26,0.14,-0.14,5006.0,0.77
TOI-815 c,TOI-815,2024,Transit,34.976145,2.62,0.1,-0.09,4869.0,0.77
TIC 67686059 b,TIC 67686059,2026,Transit,3.52163529551,2.59125922,0.419496,-0.31487958,5090.09,0.820458
WASP-171 b,WASP-171,2019,Transit,3.8186244,10.98482,0.78463,-0.44836,5965.0,1.637
Kepler-80 c,Kepler-80,2012,Transit,9.52355,2.74,0.12,-0.1,4540.0,0.678
HATS-49 b,HATS-49,2020,Transit,4.1480467,8.574885,0.145717,-0.145717,4405.0,0.6977
EPIC 206317286 b,EPIC 206317286,2019,Transit,1.58252,0.96,0.11,-0.15,4752.0,0.669
Kepler-925 b,Kepler-925,2016,Transit,33.8678531,2.34,0.66,-0.21,4673.0,0.72
Kepler-1631 b,Kepler-1631,2016,Transit,4.09513932,1.35,0.2,-0.15,5679.0,0.95
Kepler-1893 b,Kepler-1893,2021,Transit,4.179369926,1.70557445,,,5633.0,1.162
KELT-12 b,KELT-12,2017,Transit,5.031623,19.95202,1.90553,-1.79344,6279.0,2.37
HD 63433 b,HD 63433,2020,Transit,7.1079475,2.14,0.087,-0.069,5553.0,0.934
Kepler-1139 b,Kepler-1139,2016,Transit,0.813166719,1.19,0.17,-0.08,5550.0,0.91
Kepler-231 b,Kepler-231,2014,Transit,10.065275,1.73,0.12,-0.12,3767.0,0.49
HD 110082 b,HD 110082,2021,Transit,10.18271,3.2,0.1,-0.1,6200.0,1.19
Kepler-1142 b,Kepler-1142,2016,Transit,18.3027248,1.47,0.43,-0.18,5685.0,0.96
Kepler-82 e,Kepler-82,2014,Transit,5.902206,2.47,0.37,-0.37,5428.0,0.945
K2-16 c,K2-16,2015,Transit,19.07863,2.54,1.12,-0.47,4742.0,0.66
TRAPPIST-1 h,TRAPPIST-1,2017,Transit,18.772866,0.755,0.014,-0.014,2566.0,0.1192
Kepler-853 b,Kepler-853,2016,Transit,7.16892463,1.69,0.48,-0.28,6350.0,1.55
Kepler-449 b,Kepler-449,2015,Transit,12.58242,2.056,0.069,-0.069,5649.18,1.467
TOI-5599 b,TOI-5599,2026,Transit,5.43691503941,7.1888212,0.57201675,-0.52467258,6137.02,1.91334
Kepler-906 b,Kepler-906,2016,Transit,41.6979976,2.11,0.1,-0.1,6035.0,1.02
Kepler-1912 b,Kepler-1912,2021,Transit,6.059219837,1.35670508,,,5734.0,0.962
TOI-431 d,TOI-431,2021,Transit,12.46103,3.29,0.09,-0.09,4850.0,0.731
HATS-1 b,HATS-1,2012,Transit,3.446459,14.594,1.816,-1.098,5870.0,1.038
Kepler-735 b,Kepler-735,2016,Transit,11.51516988,2.95,0.16,-0.12,5107.0,0.8
GJ 341 b,GJ 341,2025,Transit,7.57686,0.88,0.05,-0.05,3770.0,0.5066
HD 25463 b,HD 25463,2023,Transit,7.0491423,2.54535814,0.1117151,-0.08338345,6353.0,1.4182
TOI-5160 b,TOI-5160,2026,Transit,4.280773256,2.39729851,0.28717359,-0.22048406,5622.14,1.03315
TOI-1260 c,TOI-1260,2021,Transit,7.493134,2.76,0.07,-0.07,4227.0,0.672
TOI-3235 b,TOI-3235,2023,Transit,2.59261842,11.39953337,0.49319515,-0.49319515,3388.8,0.3697
Kepler-1730 b,Kepler-1730,2021,Transit,13.81019974,4.48524519,,,5942.0,1.142
Kepler-1583 b,Kepler-1583,2016,Transit,9.32807355,0.6,0.09,-0.05,5645.0,0.91
Kepler-306 e,Kepler-306,2014,Transit,44.840975,2.27,0.15,-0.15,4954.0,0.719
Kepler-1839 b,Kepler-1839,2021,Transit,5.056759834,1.9493759,,,5926.0,0.939
OGLE2-TR-L9 b,OGLE2-TR-L9,2008,Transit,2.4855335,18.046,0.448,-0.448,6933.0,1.53
Kepler-694 b,Kepler-694,2016,Transit,6.365841612,2.8,0.52,-0.22,5700.0,0.95
Kepler-150 d,Kepler-150,2014,Transit,12.56093,2.79,0.41,-0.41,5560.0,0.939
Kepler-1994 b,Kepler-1994,2023,Transit,4.61225043,0.51,0.06,-0.05,5495.0,0.961
K2-396 b,K2-396,2022,Transit,0.673862,1.579,0.114,-0.103,5236.0,0.92
Kepler-148 c,Kepler-148,2014,Transit,4.180043,3.6,1.76,-1.76,5272.0,0.851
HATS-32 b,HATS-32,2016,Transit,2.8126548,14.000041,1.614096,-1.076064,5700.0,1.097
Kepler-547 b,Kepler-547,2016,Transit,6.010384289,4.0,0.13,-0.31,4828.0,0.73
WASP-38 b,WASP-38,2010,Transit,6.87188,13.78707,0.67254,-0.67254,6180.0,1.52
Kepler-1488 c,Kepler-1488,2021,Transit,6.158269882,1.65156749,,,5710.0,1.524
Kepler-124 c,Kepler-124,2014,Transit,13.821375,1.75,0.09,-0.09,4984.0,0.636
Kepler-198 c,Kepler-198,2014,Transit,49.567416,2.47,0.37,-0.37,5574.0,0.94
Kepler-129 b,Kepler-129,2014,Transit,15.79,2.4,0.04,-0.04,5770.0,1.653
LHS 1903 c,LHS 1903,2026,Transit,6.226185,2.046,0.078,-0.074,3664.0,0.539
HAT-P-57 b,HAT-P-57,2015,Transit,2.4653,19.50366,4.03524,-4.03524,6330.0,1.85
Kepler-446 b,Kepler-446,2015,Transit,1.565409,1.5,0.25,-0.25,3359.0,0.24
K2-216 b,K2-216,2018,Transit,2.1748,1.75,0.17,-0.1,4503.0,0.72
Kepler-167 d,Kepler-167,2016,Transit,21.80379,1.238,0.064,-0.064,4884.0,0.749
Kepler-1549 b,Kepler-1549,2016,Transit,214.886545,2.57,0.22,-0.2,5324.0,0.84
Kepler-1198 b,Kepler-1198,2016,Transit,7.6847716,1.47,0.18,-0.1,5517.0,0.9
WASP-104 b,WASP-104,2014,Transit,1.7554137,12.745,0.415,-0.415,5475.0,0.963
TOI-1801 b,TOI-1801,2023,Transit,10.64387,2.079,0.124,-0.11,3863.0,0.547
TOI-762 A b,TOI-762 A,2024,Transit,3.4716826,8.33948164,0.19055267,-0.19055267,3266.0,0.425
TOI-5335 b,TOI-5335,2026,Transit,3.61365988443,4.02422162,0.84491911,-0.55064827,5528.92,0.916633
K2-187 e,K2-187,2018,Transit,13.606629,1.9,0.3,-0.3,5438.0,0.83
Kepler-1086 c,Kepler-1086,2016,Transit,161.5163345,2.94,0.11,-0.13,4350.0,0.66
K2-32 e,K2-32,2019,Transit,4.34934,1.212,0.052,-0.046,5271.0,0.86
Kepler-1800 b,Kepler-1800,2021,Transit,4.562029839,0.99679734,,,5343.0,2.506
Kepler-78 b,Kepler-78,2013,Transit,0.35500745,1.201,0.028,-0.028,5058.0,0.7475
Kepler-1944 b,Kepler-1944,2021,Transit,9.842579842,2.75971163,,,5585.0,0.972
TOI-1742 b,TOI-1742,2024,Transit,21.269084,2.36507598,0.05691119,-0.051074,5815.0,1.131
K2-105 b,K2-105,2017,Transit,8.26726,3.4,0.12,-0.05,5373.0,0.905
WASP-60 b,WASP-60,2012,Transit,4.305,9.86392,1.34508,-1.34508,5900.0,1.17
Kepler-1762 b,Kepler-1762,2021,Transit,29.53910065,2.76022913,,,6572.0,1.238
K2-270 b,K2-270,2018,Transit,1.543069,1.38,0.11,-0.11,4877.0,0.77
Kepler-1529 b,Kepler-1529,2016,Transit,5.33905686,2.1,0.15,-0.11,5048.0,0.77
Kepler-98 b,Kepler-98,2014,Transit,1.54168,1.99,0.22,-0.22,5539.0,1.11
WASP-6 b,WASP-6,2009,Transit,3.3610026,12.5428494,0.19055267,-0.20176165,5438.0,0.79
WASP-189 b,WASP-189,2020,Transit,2.724033,18.14733975,0.23538859,-0.23538859,8000.0,2.36
Kepler-362 b,Kepler-362,2014,Transit,10.327186,0.88,0.38,-0.38,5788.0,0.722
TOI-2295 b,TOI-2295,2024,Transit,30.033302,16.47720163,9.52763359,-5.94075977,5730.0,1.459
TIC 24750448 b,TIC 24750448,2026,Transit,3.59159193029,2.43722231,0.31643391,-0.2681268,4545.43,0.713599
Kepler-656 c,Kepler-656,2023,Transit,5.25449393,1.41,0.38,-0.11,5550.0,0.954
TOI-1295 b,TOI-1295,2024,Transit,3.1968838,15.69257298,0.89671846,-0.89671846,6280.0,1.7
IRAS 04125+2902 b,IRAS 04125+2902,2024,Transit,8.834978,10.73820351,0.86309151,-0.84067355,4080.0,1.45
NGTS-15 b,NGTS-15,2021,Transit,3.27623,12.32987877,1.12089807,-1.12089807,5600.0,0.954
Kepler-1941 b,Kepler-1941,2021,Transit,31.33510017,2.64976949,,,6404.0,1.142
Kepler-1691 b,Kepler-1691,2020,Transit,3.8482,1.83470985,,,6000.0,1.13152
TOI-2184 b,TOI-2184,2022,Transit,6.90683,11.39953337,0.57165802,-0.57165802,5966.0,2.9
K2-254 b,K2-254,2018,Transit,4.09639,1.63,0.28,-0.24,4629.0,0.67
Kepler-180 c,Kepler-180,2014,Transit,41.885775,3.01,1.34,-1.34,5731.0,1.063
Kepler-1316 b,Kepler-1316,2016,Transit,87.9732136,3.54,0.55,-0.38,5884.0,1.12
Kepler-1542 b,Kepler-1542,2016,Transit,3.95116882,0.76,0.11,-0.08,5564.0,0.99
Kepler-1311 d,Kepler-1311,2021,Transit,197.5110016,9.65837605,,,5616.0,1.674
Kepler-1866 b,Kepler-1866,2021,Transit,11.66009998,2.08215108,,,5791.0,1.083
K2-165 d,K2-165,2018,Transit,14.101361,2.64809498,0.25333143,-0.14795979,5185.0,0.803827
TOI-2018 b,TOI-2018,2023,Transit,7.435583,2.268,0.069,-0.069,4174.0,0.62
Kepler-300 c,Kepler-300,2014,Transit,40.714955,2.25,1.04,-1.04,5986.0,0.9
Kepler-1392 b,Kepler-1392,2016,Transit,15.1410397,1.96,0.22,-0.16,5479.0,0.85
TOI-669 b,TOI-669,2023,Transit,3.945152,2.58606487,0.13042739,-0.11014467,5597.0,0.9882
Kepler-347 b,Kepler-347,2014,Transit,12.79836,1.97,0.94,-0.94,6088.0,1.005
WASP-184 b,WASP-184,2019,Transit,5.1817,14.90797,1.00881,-1.00881,6000.0,1.65
TOI-4559 b,TOI-4559,2024,Transit,3.965991,1.415,0.126,-0.112,3558.0,0.374
WASP-25 b,WASP-25,2010,Transit,3.7648337,13.80946422,0.15692573,-0.19055267,5697.0,0.884
Kepler-105 c,Kepler-105,2014,Transit,7.12592,1.44,0.04,-0.04,5933.0,1.026
TOI-199 b,TOI-199,2023,Transit,104.854,9.07927437,0.0560449,-0.0560449,5255.0,0.82
TOI-700 c,TOI-700,2020,Transit,16.051137,2.6,0.14,-0.13,3459.0,0.421
TOI-6954 b,TOI-6954,2026,Transit,4.02074127419,3.63524486,0.31255602,-0.28011794,5170.87,0.947112
LHS 1903 e,LHS 1903,2026,Transit,29.31773,1.732,0.059,-0.058,3664.0,0.539
Kepler-504 b,Kepler-504,2016,Transit,9.549275422,1.59,0.18,-0.22,3519.0,0.33
Kepler-256 d,Kepler-256,2014,Transit,5.839172,2.48,0.63,-0.63,5551.0,1.301
Kepler-214 c,Kepler-214,2014,Transit,28.7798,2.13,0.4,-0.4,6169.0,1.352
Kepler-197 d,Kepler-197,2014,Transit,15.677563,1.22,0.1,-0.1,6004.0,1.12
TOI-2421 b,TOI-2421,2022,Transit,4.3474032,10.36830715,0.39231432,-0.38110534,5607.0,1.75
Kepler-323 c,Kepler-323,2014,Transit,3.5538229,1.57,0.04,-0.04,6004.0,1.12
TOI-7510 b,TOI-7510,2025,Transit,11.530869,7.31,0.23,-0.23,5720.0,1.035
HATS-17 b,HATS-17,2016,Transit,16.254611,8.709393,0.627704,-0.627704,5846.0,1.091
K2-90 c,K2-90,2016,Transit,2.900706,1.3,0.13,-0.11,4421.98,0.634754
TIC 260969020 b,TIC 260969020,2026,Transit,8.48584501953,2.22686612,0.23860135,-0.19249709,4572.94,0.68988
Kepler-867 b,Kepler-867,2016,Transit,150.242127,4.64,0.41,-0.3,5541.0,0.91
Kepler-315 c,Kepler-315,2014,Transit,265.469335,4.15,0.96,-0.96,5796.0,1.037
HD 77946 b,HD 77946,2024,Transit,6.527363,2.89646124,0.1867559,-0.14235529,6007.0,1.3174
LHS 1478 b,LHS 1478,2021,Transit,1.9495378,1.242,0.051,-0.049,3381.0,0.246
TOI-5143 c,TOI-5143,2025,Transit,5.2097118,16.25302201,2.01761653,-1.34507768,5183.0,0.852
Kepler-768 b,Kepler-768,2016,Transit,11.3910025,1.79,0.2,-0.13,5108.0,0.78
TOI-2147 b,TOI-2147,2026,Transit,26.20518,10.5,0.3,-0.3,5983.0,1.39
K2-251 b,K2-251,2018,Transit,9.30075,2.35,0.26,-0.21,3717.0,0.49
TOI-5803 b,TOI-5803,2023,Transit,5.38305,3.2732,0.1251,-0.1194,5134.0,0.7625
Kepler-626 b,Kepler-626,2016,Transit,14.48585199,2.29,0.28,-0.2,5813.0,1.05
Kepler-94 b,Kepler-94,2014,Transit,2.50806,3.51,0.15,-0.15,4781.0,0.76
Kepler-47 d,Kepler-47,2019,Transit,187.366,7.04,0.66,-0.49,5636.0,0.936
Kepler-325 d,Kepler-325,2014,Transit,38.715185,2.79,1.39,-1.39,5752.0,1.003
Kepler-298 b,Kepler-298,2014,Transit,10.475464,1.96,0.1,-0.1,4465.0,0.582
TOI-2136 b,TOI-2136,2022,Transit,7.851928,2.19,0.17,-0.17,3342.0,0.34
Kepler-282 c,Kepler-282,2014,Transit,13.638723,1.2,0.29,-0.29,5602.0,0.904
Kepler-811 b,Kepler-811,2016,Transit,23.58447697,2.7,0.68,-0.48,5747.0,1.24
Kepler-1493 b,Kepler-1493,2016,Transit,15.0217983,1.41,0.27,-0.23,5863.0,1.29
HAT-P-6 b,HAT-P-6,2007,Transit,3.85298,16.58932,1.68135,-1.68135,6570.0,1.62
Kepler-1118 b,Kepler-1118,2016,Transit,38.6715075,2.74,0.6,-0.43,5688.0,0.97
TRAPPIST-1 g,TRAPPIST-1,2017,Transit,12.352446,1.129,0.015,-0.013,2566.0,0.1192
WASP-185 b,WASP-185,2019,Transit,9.38755,14.01125,0.89672,-0.89672,5900.0,1.5
Kepler-982 b,Kepler-982,2016,Transit,15.7738221,2.25,0.47,-0.27,6139.0,1.29
TOI-4336 A c,TOI-4336 A,2026,Transit,7.587266,1.251,0.066,-0.066,3307.0,0.326
TOI-1752 c,TOI-1752,2026,Transit,32.71443,2.29,0.13,-0.14,3762.0,0.53
K2-247 c,K2-247,2018,Transit,6.49424,2.19,0.25,-0.23,4667.0,0.69
Kepler-1841 b,Kepler-1841,2021,Transit,25.88599968,1.48912557,,,5190.0,0.899
TOI-5261 b,TOI-5261,2025,Transit,4.1509768,11.60129502,0.47077719,-0.45956821,5790.0,1.021
K2-322 b,K2-322,2020,Transit,8.205,1.92,0.29,-0.18,4141.0,0.602
Kepler-1917 b,Kepler-1917,2021,Transit,12.90240002,1.88971288,,,5530.0,0.788
K2-293 b,K2-293,2019,Transit,13.1225,2.45,0.35,-0.25,5532.0,0.947
HATS-44 b,HATS-44,2018,Transit,2.7439004,11.960003,1.401125,-0.795839,5080.0,0.847
Kepler-168 c,Kepler-168,2014,Transit,13.193242,2.69,1.21,-1.21,6282.0,1.107
Kepler-701 b,Kepler-701,2016,Transit,10.35533177,2.84,0.22,-0.45,5343.0,0.84
Kepler-1515 b,Kepler-1515,2016,Transit,214.3114164,9.55,0.77,-0.64,6511.0,1.41
TOI-5616 b,TOI-5616,2024,Transit,2.002849,10.78,0.54,-0.47,3996.0,0.646
Kepler-1723 b,Kepler-1723,2021,Transit,39.75289917,2.88046569,,,6072.0,1.01
Kepler-990 c,Kepler-990,2016,Transit,0.538354308,1.53,0.35,-0.19,5948.0,1.08
TOI-4504 c,TOI-4504,2024,Transit,82.97213,11.09689089,0.56044903,-0.56044903,5315.0,0.92
Kepler-386 c,Kepler-386,2014,Transit,25.193458,1.58,0.89,-0.89,5178.0,0.767
Kepler-1993 b,Kepler-1993,2023,Transit,26.6565737,4.15,1.28,-2.98,5159.0,3.062
Kepler-795 b,Kepler-795,2016,Transit,29.6193421,1.68,0.18,-0.13,5631.0,0.96
Kepler-207 b,Kepler-207,2014,Transit,1.611865,1.57,0.3,-0.3,5920.0,1.588
Kepler-163 b,Kepler-163,2014,Transit,7.810937,1.05,0.44,-0.44,5776.0,0.917
HD 149026 b,HD 149026,2005,Radial Velocity,2.87589,8.29466,0.22418,-0.22418,6179.0,1.41
Kepler-1987 c,Kepler-1987,2023,Transit,3.64830183,1.33,0.12,-0.09,4769.0,0.714
HATS-42 b,HATS-42,2018,Transit,2.292102,15.6926,2.80225,-1.56926,6060.0,1.48
Kepler-169 d,Kepler-169,2014,Transit,8.348125,1.25,0.09,-0.09,4997.0,0.763
EPIC 201497682 b,EPIC 201497682,2019,Transit,2.13174,0.692,0.059,-0.048,4991.0,0.554
Kepler-875 b,Kepler-875,2016,Transit,27.5073799,2.9,1.02,-0.45,5958.0,1.11
Kepler-653 c,Kepler-653,2016,Transit,0.900376476,0.78,0.13,-0.12,5665.0,1.19
Kepler-191 d,Kepler-191,2016,Transit,5.945041017,2.28,0.16,-0.13,5215.0,0.8
Kepler-400 b,Kepler-400,2014,Transit,9.024389,1.65,0.3,-0.3,5886.0,1.145
EPIC 212297394 c,EPIC 212297394,2021,Transit,5.213965,2.27,0.19,-0.14,5171.0,0.8
K2-59 c,K2-59,2016,Transit,11.2954,2.3,0.29,-0.29,5055.0,0.731
Kepler-1881 b,Kepler-1881,2021,Transit,159.3939972,2.98104391,,,5135.0,0.874
TOI-329 b,TOI-329,2024,Transit,5.70439,4.94057819,0.29202617,-0.25614214,5614.0,1.5326
Kepler-308 c,Kepler-308,2014,Transit,15.38231,2.16,1.04,-1.04,5895.0,0.941
TOI-5788 b,TOI-5788,2026,Transit,6.340758,1.528,0.075,-0.075,5615.0,0.87
TrES-4 b,TrES-4,2007,Transit,3.55395,18.04649,2.01762,-2.01762,6200.0,1.66
TOI-1753 b,TOI-1753,2024,Transit,5.3846104,2.47852533,0.09834485,-0.07935468,5621.0,0.9715
BD-14 3065 b,BD-14 3065 A,2024,Transit,4.2889731,21.59,1.05,-1.05,6935.0,2.35
TOI-833 b,TOI-833,2022,Transit,1.0418777,1.27,0.07,-0.07,3920.0,0.6
Kepler-348 c,Kepler-348,2014,Transit,17.265427,1.33,0.25,-0.25,6177.0,1.359
Kepler-592 b,Kepler-592,2016,Transit,2.820192408,2.39,0.58,-0.25,5913.0,1.04
TOI-904 c,TOI-904,2023,Transit,83.9997,2.167,0.13,-0.118,3770.2,0.527
Kepler-1542 d,Kepler-1542,2016,Transit,5.99273738,0.87,0.12,-0.09,5564.0,0.99
Kepler-222 b,Kepler-222,2014,Transit,3.936981,3.16,1.4,-1.4,5433.0,0.869
Qatar-10 b,Qatar-10,2019,Transit,1.645321,17.295487,0.44836,-0.44836,6124.0,1.254
Kepler-1213 b,Kepler-1213,2016,Transit,5.34982412,1.19,0.13,-0.1,6050.0,1.21
Kepler-29 c,Kepler-29,2011,Transit,13.28613,2.34,0.12,-0.11,5378.0,0.732
Kepler-554 b,Kepler-554,2016,Transit,1.902208556,4.29,0.27,-0.21,5447.0,0.92
Kepler-506 b,Kepler-506,2016,Transit,6.8834055,2.73,0.06,-0.06,6236.0,1.19
Kepler-1823 b,Kepler-1823,2021,Transit,21.10339928,2.0861268,,,6000.0,1.126
Kepler-237 c,Kepler-237,2014,Transit,8.103636,2.08,1.1,-1.1,4861.0,0.725
Kepler-208 e,Kepler-208,2014,Transit,16.259458,1.48,0.28,-0.28,6092.0,1.314
HAT-P-5 b,HAT-P-5,2007,Transit,2.78849,13.56289,1.1209,-1.1209,5960.0,1.12
Kepler-254 c,Kepler-254,2014,Transit,12.412183,2.15,1.03,-1.03,5957.0,0.91
Kepler-1287 b,Kepler-1287,2016,Transit,11.47685909,1.54,0.22,-0.13,5715.0,0.94
WASP-183 b,WASP-183,2019,Transit,4.1117771,16.47723,10.53646,-3.69897,5313.0,0.871
Kepler-337 c,Kepler-337,2014,Transit,9.693201,2.05,0.57,-0.57,5684.0,1.761
Kepler-1506 b,Kepler-1506,2016,Transit,14.0329154,1.32,0.19,-0.13,5676.0,0.93
K2-394 b,K2-394,2022,Transit,5.095717,1.692,0.136,-0.126,4938.0,0.631
TOI-3457 b,TOI-3457,2026,Transit,32.600268,10.64,0.25,-0.25,6300.0,1.474
Kepler-1830 b,Kepler-1830,2021,Transit,56.49330139,3.32992941,,,6160.0,2.046
Kepler-1390 b,Kepler-1390,2016,Transit,6.48021673,1.18,0.25,-0.13,5753.0,0.98
Kepler-913 b,Kepler-913,2016,Transit,10.29672521,2.06,0.08,-0.06,4687.0,0.61
Kepler-350 d,Kepler-350,2013,Transit,26.136,2.8,1.28,-0.54,6492.3,1.25
K2-19 c,K2-19,2015,Transit,11.906,4.1,0.2,-0.2,5322.0,0.82
TOI-3160 A b,TOI-3160 A,2025,Transit,3.971281,13.7646283,0.51561311,-0.50440413,6190.0,1.346
HAT-P-45 b,HAT-P-45,2014,Transit,3.128992,15.984,1.962,-0.975,6330.0,1.319
TOI-622 b,TOI-622,2023,Transit,6.402513,9.2362001,0.31385146,-0.32506044,6400.0,1.415
KELT-19 A b,KELT-19 A,2017,Transit,4.6117093,21.40919,1.23299,-1.23299,7500.0,1.83
Kepler-1333 b,Kepler-1333,2016,Transit,109.6471842,2.81,0.4,-0.25,5628.0,0.92
Kepler-1605 b,Kepler-1605,2016,Transit,85.7565495,1.08,0.09,-0.08,5280.0,0.82
Kepler-1913 b,Kepler-1913,2021,Transit,14.1960001,1.51852059,,,6214.0,1.076
Kepler-1465 b,Kepler-1465,2016,Transit,31.8277111,1.77,0.35,-0.19,4726.0,0.71
Kepler-16 b,Kepler-16,2011,Transit,228.776,8.4493,0.0291,-0.0291,4450.0,0.6489
K2-21 b,K2-21,2015,Transit,9.325038,1.84,0.1,-0.1,4222.06,0.646783
Kepler-1918 b,Kepler-1918,2021,Transit,47.0564003,2.29763023,,,5889.0,0.924
Kepler-577 b,Kepler-577,2016,Transit,25.69578251,2.55,0.38,-0.15,4984.0,0.73
Kepler-1120 b,Kepler-1120,2016,Transit,2.949029052,1.38,0.09,-0.07,4904.0,0.74
LP 791-18 c,LP 791-18,2019,Transit,4.98991,2.488,0.096,-0.096,2960.0,0.182
Kepler-953 b,Kepler-953,2016,Transit,88.40655258,4.21,0.37,-0.33,5416.0,0.99
Kepler-149 b,Kepler-149,2014,Transit,29.198943,4.21,0.6,-0.6,5381.0,0.953
KELT-23 A b,KELT-23 A,2019,Transit,2.255251,14.829507,0.280225,-0.280225,5899.0,0.996
Kepler-871 b,Kepler-871,2016,Transit,22.0459018,3.74,1.08,-0.55,5993.0,1.14
WASP-89 b,WASP-89,2015,Transit,3.3564227,11.65736,0.44836,-0.44836,5130.0,0.88
Kepler-385 c,Kepler-385,2014,Transit,15.163161,3.04,1.56,-1.56,6326.0,1.126
Kepler-942 b,Kepler-942,2016,Transit,44.96417488,2.13,0.23,-0.08,4861.0,0.75
WASP-55 b,WASP-55,2012,Transit,4.465631,14.72860064,0.23538859,-0.28022452,6096.0,1.09
Kepler-1966 b,Kepler-1966,2021,Transit,8.617429733,1.10479327,,,5009.0,0.84
Kepler-212 c,Kepler-212,2014,Transit,31.805174,2.74,0.51,-0.51,5852.0,1.455
K2-285 e,K2-285,2018,Transit,14.76289,1.95,0.05,-0.05,4975.0,0.787
K2-91 b,K2-91,2016,Transit,1.419549,1.1,0.18,-0.18,3622.0,0.284
K2-329 b,K2-329,2020,Transit,12.4551225,8.675766,0.291434,-0.269016,5282.0,0.822
Kepler-819 b,Kepler-819,2016,Transit,33.1995648,2.76,0.25,-0.17,5279.0,0.81
TOI-2345 b,TOI-2345,2025,Transit,1.0528573,1.504,0.047,-0.044,4687.0,0.729
WASP-45 b,WASP-45,2011,Transit,3.126089,10.603714,0.650122,-0.571659,5150.0,0.855
Kepler-195 b,Kepler-195,2014,Transit,8.307872,2.03,0.74,-0.74,5329.0,0.775
TOI-1136 g,TOI-1136,2022,Transit,39.545,2.53,0.11,-0.12,5770.0,0.968
K2-83 c,K2-83,2016,Transit,9.99767,1.483,0.099,-0.099,3910.0,0.424
Kepler-994 b,Kepler-994,2016,Transit,1.151166506,1.6,0.07,-0.27,3934.0,0.54
Kepler-548 b,Kepler-548,2016,Transit,4.454194338,11.99,2.19,-1.1,5535.0,0.9
KELT-21 b,KELT-21,2018,Transit,3.6127647,17.777474,0.437151,-0.44836,7598.0,1.638
TOI-270 d,TOI-270,2019,Transit,11.38194,2.0,0.05,-0.05,3506.0,0.38
Kepler-376 b,Kepler-376,2014,Transit,4.920199,1.07,0.22,-0.22,5900.0,1.175
Kepler-1517 b,Kepler-1517,2016,Transit,5.546083665,9.76,2.79,-1.93,7010.0,1.95
Kepler-1876 b,Kepler-1876,2021,Transit,6.99205,0.853,0.039,-0.026,6104.0,1.477
EPIC 246851721 b,EPIC 246851721,2018,Transit,6.180235,11.780659,0.493196,-0.493196,6202.0,1.586
K2-226 b,K2-226,2018,Transit,3.27109,1.53899305,0.10312262,-0.08630915,5288.0,0.889
TOI-4860 b,TOI-4860,2023,Transit,1.5227591,8.7,0.4,-0.4,3260.0,0.358
Kepler-199 b,Kepler-199,2014,Transit,23.637604,3.11,0.56,-0.56,5644.0,0.967
WASP-42 b,WASP-42,2012,Transit,4.9816819,12.576498,0.437151,-0.437151,5315.0,0.892
HD 6061 b,HD 6061,2023,Transit,5.2549,2.42763557,0.09903199,-0.07283589,5934.0,1.0072
Kepler-248 c,Kepler-248,2014,Transit,16.239494,4.07,0.49,-0.49,5190.0,0.831
TOI-5232 b,TOI-5232,2024,Transit,4.0966692,12.778238,0.57165802,-0.50440413,6500.0,1.785
TOI-333 b,TOI-333,2025,Transit,3.7852503,4.26,0.11,-0.11,6241.0,1.1
Kepler-1319 b,Kepler-1319,2016,Transit,2.886762645,1.34,0.72,-0.08,3655.0,0.54
K2-374 c,K2-374,2022,Transit,16.43445,2.213,0.091,-0.086,5789.0,0.907
TOI-4529 b,TOI-4529,2026,Transit,5.879577,1.77,0.09,-0.08,3697.0,0.48
K2-395 b,K2-395,2022,Transit,4.803352,2.597,0.192,-0.178,5007.0,0.783
Kepler-1047 b,Kepler-1047,2016,Transit,56.1886887,2.09,0.26,-0.17,5754.0,1.13
KOI-1833 d,Kepler-968,2021,Transit,7.685,2.58,0.23,-0.22,4413.0,0.667
Kepler-1711 b,Kepler-1711,2021,Transit,21.06080055,1.923,,,5706.0,1.034
Kepler-734 b,Kepler-734,2016,Transit,6.104852856,3.56,0.14,-0.13,5326.0,0.78
Kepler-521 b,Kepler-521,2016,Transit,22.20813214,3.18,0.31,-0.23,6406.0,1.46
TOI-1516 b,TOI-1516,2022,Transit,2.056014,15.24421375,0.33626942,-0.33626942,6520.0,1.14
WASP-163 b,WASP-163,2018,Transit,1.6096884,13.473218,1.087273,-1.087273,5500.0,1.015
TOI-150.01,TOI-150,2019,Transit,5.857487,14.067295,0.235389,-0.212971,6255.0,1.526
Kepler-514 b,Kepler-514,2016,Transit,5.65179605,1.72,0.28,-0.19,6106.0,1.44
Kepler-358 c,Kepler-358,2014,Transit,83.488369,2.85,1.43,-1.43,5908.0,0.954
Kepler-1377 b,Kepler-1377,2016,Transit,0.740928422,1.25,0.09,-0.08,5218.0,0.82
Kepler-1720 b,Kepler-1720,2021,Transit,12.70639992,3.21585295,,,5573.0,0.839
TIC 86380416 b,TIC 86380416,2026,Transit,6.0408643461,2.4123612,0.29307308,-0.24128947,5723.74,0.989724
Kepler-665 b,Kepler-665,2016,Transit,16.01310205,2.6,0.15,-0.15,4913.0,0.74
TOI-332 b,TOI-332,2023,Transit,0.777038,3.2,0.16,-0.11,5251.0,0.87
K2-133 b,K2-133,2017,Transit,3.07133,1.34,0.077,-0.076,3655.0,0.455
K2-43 b,K2-43,2016,Transit,3.471149,4.51,0.44,-0.19,3840.6,0.542
K2-215 b,K2-215,2018,Transit,8.269648,2.12381238,0.25911151,-0.15791736,5704.0,0.974398
Kepler-223 e,Kepler-223,2014,Transit,19.72567,4.6,0.27,-0.41,5803.0,1.72
K2-179 b,K2-179,2018,Transit,5.172191,2.51267885,0.16431084,-0.12074766,5015.0,0.768067
Kepler-1069 b,Kepler-1069,2016,Transit,23.8990296,1.6,0.31,-0.14,5722.0,0.98
WASP-91 b,WASP-91,2017,Transit,2.798581,11.54527,0.44836,-0.44836,4920.0,0.86
Kepler-68 c,Kepler-68,2013,Transit,9.605027,0.979,0.019,-0.019,5847.0,1.2564
TOI-5301 b,TOI-5301,2024,Transit,5.858858,13.09208946,0.85188253,-0.78462865,6240.0,2.19
Kepler-253 d,Kepler-253,2014,Transit,18.119869,3.17,1.3,-1.3,5208.0,0.786
Kepler-1651 b,Kepler-1651,2017,Transit,9.87863917,1.84,0.11,-0.11,3713.0,0.503
K2-62 b,K2-62,2016,Transit,6.67199,2.02,0.17,-0.06,4455.0,0.696
K2-166 b,K2-166,2018,Transit,8.52695,2.19,0.2,-0.19,5960.0,1.61
TOI-2096 c,TOI-2096,2023,Transit,6.38784,1.914,0.095,-0.095,3300.0,0.235
NGTS-11 b,NGTS-11,2020,Transit,35.45533,9.157753,0.313852,-0.358688,5050.0,0.832
Kepler-369 b,Kepler-369,2014,Transit,2.732756,1.13,0.06,-0.06,3591.0,0.471
HD 183579 b,HD 183579,2021,Transit,17.471291,3.49,0.07,-0.064,5784.0,0.96
Kepler-657 b,Kepler-657,2016,Transit,24.54350418,3.52,0.69,-0.32,5808.0,1.01
Kepler-240 c,Kepler-240,2014,Transit,7.953528,2.2,0.89,-0.89,4985.0,0.739
K2-198 c,K2-198,2019,Transit,3.3596055,1.423,0.081,-0.036,5212.9,0.757
Kepler-403 c,Kepler-403,2014,Transit,54.280749,1.75,0.32,-0.32,6090.0,1.329
HD 219666 b,HD 219666,2018,Transit,6.034468,4.898,0.06,-0.06,5540.0,1.059
HAT-P-34 b,HAT-P-34,2011,Transit,5.452654,13.417173,1.45717,-1.031228,6442.0,1.53
TOI-2046 b,TOI-2046,2022,Transit,1.4971842,16.14093221,1.23298788,-1.23298788,6250.0,1.21
K2-170 b,K2-170,2018,Transit,7.576544,1.41817537,0.20164964,-0.13107037,5748.0,0.981614
Kepler-292 b,Kepler-292,2014,Transit,2.580827,1.32,0.14,-0.14,5299.0,0.826
Kepler-769 b,Kepler-769,2016,Transit,7.42608998,2.92,1.3,-0.46,6186.0,1.28
Kepler-1331 b,Kepler-1331,2016,Transit,0.789161653,1.05,0.09,-0.08,4508.0,0.69
K2-49 b,K2-49,2016,Transit,2.77065,1.93,0.53,-0.53,4175.0,0.45
KELT-17 b,KELT-17,2016,Transit,3.0801716,17.093725,0.728585,-0.67254,7454.0,1.645
Kepler-1369 b,Kepler-1369,2016,Transit,25.873148,2.69,0.42,-0.25,5761.0,0.99
Kepler-1136 b,Kepler-1136,2016,Transit,2.361724329,1.64,0.1,-0.09,4512.0,0.68
Kepler-289 e,Kepler-289,2025,Transit,330.0716,2.94,0.46,-0.38,5990.0,0.985
K2-8 b,K2-8,2015,Transit,10.35239,3.58,0.71,-0.71,4870.0,0.74
HATS-33 b,HATS-33,2016,Transit,2.5495551,13.78707,1.255408,-0.907929,5659.0,1.022
Kepler-539 b,Kepler-539,2016,Transit,125.63243,8.373123,0.190553,-0.190553,5820.0,0.952
Kepler-80 d,Kepler-80,2014,Transit,3.07222,1.53,0.09,-0.07,4540.0,0.678
K2-254 c,K2-254,2018,Transit,12.11839,2.19,0.24,-0.18,4629.0,0.67
Kepler-1504 b,Kepler-1504,2016,Transit,82.304003,2.13,0.23,-0.19,5393.0,0.81
Kepler-341 b,Kepler-341,2014,Transit,5.195528,1.18,0.62,-0.62,6012.0,1.024
Kepler-676 b,Kepler-676,2016,Transit,11.59822172,3.04,0.14,-0.34,3701.0,0.49
K2-199 b,K2-199,2018,Transit,3.2253993,1.73,0.05,-0.04,4491.0,0.682
Kepler-598 c,Kepler-598,2020,Transit,86.4945,3.02420941,,,5245.0,0.900316
TIC 153919886 b,TIC 153919886,2026,Transit,2.10510492329,2.70601108,0.28201647,-0.23940357,4137.16,0.591697
Kepler-25 b,Kepler-25,2011,Transit,6.238297,2.748,0.038,-0.035,6354.0,1.316
Kepler-1669 b,Kepler-1669,2020,Transit,9.51216,2.78043818,,,4303.0,0.714145
Kepler-284 c,Kepler-284,2014,Transit,37.514456,2.61,1.18,-1.18,5615.0,0.814
Kepler-895 b,Kepler-895,2016,Transit,2.806242328,1.54,0.09,-0.07,4315.0,0.61
Kepler-288 d,Kepler-288,2014,Transit,56.633742,2.67,1.27,-1.27,5918.0,1.091
Kepler-787 b,Kepler-787,2016,Transit,0.928310498,1.28,0.06,-0.07,4248.0,0.62
K2-352 d,K2-352,2021,Transit,14.871387,2.23,0.13,-0.09,5791.0,0.95
Kepler-295 c,Kepler-295,2014,Transit,21.526258,1.17,0.62,-0.62,5603.0,0.898
TOI-808 b,TOI-808,2026,Transit,9.73944854026,2.20344362,0.22429531,-0.18805529,5078.2,0.833198
Kepler-646 b,Kepler-646,2016,Transit,15.87364565,1.99,0.37,-0.19,5634.0,0.91
WASP-150 b,WASP-150,2020,Transit,5.644207,11.99363,0.269016,-0.280225,6218.0,1.651
TOI-2134 c,TOI-2134,2023,Transit,95.85284,7.35,0.18,-0.18,4580.0,0.709
Kepler-230 b,Kepler-230,2014,Transit,32.625555,4.26,2.17,-2.17,5588.0,0.817
Kepler-1880 b,Kepler-1880,2021,Transit,6.309219837,2.11686218,,,4380.0,0.53
Kepler-149 d,Kepler-149,2014,Transit,160.018032,3.96,0.68,-0.68,5381.0,0.953
Kepler-523 b,Kepler-523,2016,Transit,5.835983111,1.96,0.08,-0.06,5515.0,0.86
TIC 34085383 b,TIC 34085383,2026,Transit,3.47793368523,3.91982296,0.40942416,-0.33426205,4694.84,0.809951
TOI-1994 b,TOI-1994,2024,Transit,4.0337142,13.67495645,0.91913642,-0.79583763,7700.0,2.3
TOI-3682 b,TOI-3682,2025,Transit,3.3462406,12.80065596,0.40352331,-0.39231432,5703.0,1.735
Kepler-896 c,Kepler-896,2023,Transit,29.5422566,3.15,0.73,-0.25,5510.0,0.803
TOI-1842 b,TOI-1842,2021,Transit,9.5739181,12.3485023,0.27917829,-0.2943366,6039.0,2.032
Kepler-385 b,Kepler-385,2014,Transit,10.043686,2.73,1.38,-1.38,6326.0,1.126
TOI-4588 b,TOI-4588,2026,Transit,13.11881173651,2.92922558,0.32112619,-0.28427818,7746.12,1.57458
Kepler-1715 b,Kepler-1715,2021,Transit,35.59730148,4.14042267,,,6212.0,1.209
Kepler-1885 b,Kepler-1885,2021,Transit,2.522559881,1.51110555,,,5591.0,0.86
Kepler-635 b,Kepler-635,2016,Transit,23.44971004,2.64,0.36,-0.27,6174.0,1.51
TOI-1803 c,TOI-1803,2025,Transit,12.885779,4.29,0.08,-0.08,4687.0,0.715
Kepler-83 d,Kepler-83,2014,Transit,5.169796,1.94,0.13,-0.13,4648.0,0.594
Kepler-31 c,Kepler-31,2011,Transit,42.6318,5.3,1.1,-1.1,6340.0,1.22
Kepler-143 c,Kepler-143,2014,Transit,27.082511,3.37,0.84,-0.84,5848.0,1.359
Kepler-1116 b,Kepler-1116,2016,Transit,41.6977827,2.54,0.54,-0.22,5641.0,0.93
Kepler-342 b,Kepler-342,2014,Transit,15.170318,2.25,0.4,-0.4,6175.0,1.472
Kepler-58 c,Kepler-58,2012,Transit,15.5741568,2.86,,,5843.0,1.03
TOI-2260 b,TOI-2260,2022,Transit,0.3524728,1.62,0.13,-0.13,5534.0,0.94
TOI-500 b,TOI-500,2022,Transit,0.548177,1.166,0.061,-0.058,4440.0,0.678
TOI-3693 b,TOI-3693,2022,Transit,9.088516,12.59889431,0.32506044,-0.25780656,5321.0,0.791
K2-352 c,K2-352,2021,Transit,8.234885,1.92,0.13,-0.07,5791.0,0.95
Kepler-622 b,Kepler-622,2016,Transit,14.28226676,2.13,0.28,-0.16,4201.0,0.61
TOI-1408 c,TOI-1408,2024,Transit Timing Variations,2.1664,2.22,0.06,-0.06,6117.0,1.53
Kepler-227 c,Kepler-227,2014,Transit,54.418694,3.04,1.53,-1.53,5854.0,1.091
Kepler-1268 b,Kepler-1268,2016,Transit,40.9903986,2.03,0.67,-0.23,5904.0,1.09
K2-47 b,K2-47,2016,Transit,31.6372,1.89,0.26,-0.26,5054.0,0.76
Kepler-44 b,Kepler-44,2011,Transit,3.2467293,12.22,0.78,-0.78,5800.0,1.35
Kepler-1535 b,Kepler-1535,2016,Transit,138.9442,2.55,0.25,-0.19,6021.0,1.11
K2-266 c,K2-266,2018,Transit,7.814,0.705,0.096,-0.085,4285.0,0.703
Kepler-1460 b,Kepler-1460,2016,Transit,29.9633247,1.96,0.14,-0.13,4422.0,0.67
K2-368 c,K2-368,2022,Transit,9.660186,1.361,0.114,-0.106,4663.0,0.663
TOI-2346 b,TOI-2346,2025,Transit,3.3312029,16.11851425,0.48198617,-0.45956821,6480.0,1.38
Kepler-260 c,Kepler-260,2014,Transit,76.050178,1.74,0.54,-0.54,5250.0,0.862
Kepler-41 b,Kepler-41,2011,Transit,1.8555582,14.46,0.22,-0.22,5750.0,1.29
HAT-P-37 b,HAT-P-37,2011,Transit,2.797436,13.204,0.863,-0.863,5500.0,0.877
WASP-103 b,WASP-103,2014,Transit,0.925542,17.127,0.818,-0.527,6110.0,1.436
Kepler-478 b,Kepler-478,2016,Transit,13.2217576,2.71,0.09,-0.33,5210.0,0.8
Kepler-1015 b,Kepler-1015,2016,Transit,16.00494214,3.55,1.32,-0.66,6769.0,1.81
Kepler-1789 b,Kepler-1789,2021,Transit,80.23190308,2.83137505,,,5436.0,0.888
TIC 154870955 b,TIC 154870955,2026,Transit,7.9698747128,3.09467466,0.51582816,-0.3402219,4739.58,0.724328
TOI-6564 b,TOI-6564,2026,Transit,3.985413,16.39873876,0.21297063,-0.21297063,5943.0,1.7
Kepler-1727 b,Kepler-1727,2021,Transit,9.029299736,3.17321625,,,5349.0,0.82
TOI-1238 c,TOI-1238,2022,Transit,3.294736,2.11,0.14,-0.14,4089.0,0.58
Kepler-1218 b,Kepler-1218,2016,Transit,22.9221266,1.44,0.15,-0.14,5986.0,1.1
TOI-209 b,TOI-209,2026,Transit,4.37943587445,2.3947209,0.22229568,-0.19618434,4806.66,0.742779
Kepler-1541 b,Kepler-1541,2016,Transit,8.40691199,1.16,0.1,-0.08,5282.0,0.81
Kepler-531 b,Kepler-531,2016,Transit,29.88485741,2.78,0.08,-0.19,4893.0,0.75
TOI-700 e,TOI-700,2023,Transit,27.80978,0.953,0.089,-0.075,3459.0,0.421
Kepler-727 b,Kepler-727,2016,Transit,5.154484417,2.53,0.35,-0.31,5441.0,0.86
KELT-3 b,KELT-3,2013,Transit,2.70339,17.48604,1.23299,-1.23299,6304.0,1.7
Kepler-892 b,Kepler-892,2016,Transit,13.7521072,2.81,0.37,-0.27,4747.0,0.72
Kepler-1891 b,Kepler-1891,2021,Transit,4.02229023,1.52139156,,,5516.0,0.827
TOI-201 d,TOI-201,2026,Transit,5.84889,1.39,0.07,-0.07,6423.0,1.31
Kepler-876 b,Kepler-876,2016,Transit,5.14438011,1.43,0.1,-0.09,5060.0,0.77
Kepler-1456 b,Kepler-1456,2016,Transit,18.1373829,1.14,0.09,-0.15,4231.0,0.62
GJ 1252 b,GJ 1252,2020,Transit,0.5182331,1.193,0.074,-0.074,3458.0,0.391
Kepler-357 b,Kepler-357,2014,Transit,6.475434,1.84,1.08,-1.08,5036.0,0.834
Kepler-224 b,Kepler-224,2014,Transit,3.132924,1.39,0.09,-0.09,5018.0,0.676
Kepler-1366 b,Kepler-1366,2016,Transit,2.164570968,1.43,0.1,-0.1,4070.0,0.6
Kepler-23 d,Kepler-23,2014,Transit,15.27,2.206,0.057,-0.057,5828.0,1.548
LHS 475 b,LHS 475,2023,Transit,2.029088,0.991,0.05,-0.05,3300.0,0.2789
Kepler-1510 b,Kepler-1510,2016,Transit,84.703921,3.36,1.23,-0.56,6200.0,1.28
TIC 270471727 b,TIC 270471727,2026,Transit,10.45623256647,2.75029559,0.36285616,-0.24677497,5271.39,0.997091
TOI-2196 b,TOI-2196,2022,Transit,1.1947268,3.51,0.15,-0.15,5634.0,1.043
Kepler-1814 b,Kepler-1814,2021,Transit,2.935359955,2.36961357,,,4922.0,0.823
TOI-1411 b,TOI-1411,2022,Transit,1.4520527,1.19880592,0.04935874,-0.04474058,4115.0,0.614
Kepler-1004 b,Kepler-1004,2016,Transit,5.28789787,6.28,0.78,-0.44,4972.0,3.39
K2-380 b,K2-380,2022,Transit,9.401312,2.729,0.186,-0.176,5911.0,1.32
Kepler-785 b,Kepler-785,2016,Transit,1.973760926,13.02,0.44,-0.53,4739.0,0.71
Kepler-165 c,Kepler-165,2014,Transit,15.31299,2.23,1.35,-1.35,5211.0,0.77
Kepler-1500 b,Kepler-1500,2016,Transit,15.0330105,1.2,0.22,-0.15,5845.0,1.0
Kepler-1911 b,Kepler-1911,2021,Transit,5.990799904,1.011,,,5721.0,0.972
Kepler-371 b,Kepler-371,2014,Transit,34.763278,1.89,0.52,-0.52,5666.0,0.992
TOI-3023 b,TOI-3023,2023,Transit,3.9014971,16.43236571,0.48198617,-0.35868738,5760.0,1.668
Kepler-46 d,Kepler-46,2014,Transit,6.766589,1.64,0.92,-0.92,5309.0,0.79
Kepler-1598 b,Kepler-1598,2016,Transit,4.34195123,0.95,0.28,-0.1,5940.0,1.09
K2-224 b,K2-224,2018,Transit,4.47904,1.56,0.16,-0.14,5620.0,0.84
Kepler-256 c,Kepler-256,2014,Transit,3.38802,2.15,0.53,-0.53,5551.0,1.301
Kepler-1066 b,Kepler-1066,2016,Transit,1.931559839,2.36,0.5,-0.33,5762.0,0.98
Kepler-1464 b,Kepler-1464,2016,Transit,31.7785901,1.66,0.29,-0.16,5828.0,1.01
Kepler-262 c,Kepler-262,2014,Transit,21.853722,1.64,0.68,-0.68,5841.0,0.881
TOI-1811 b,TOI-1811,2023,Transit,3.7130765,11.14172682,0.28022452,-0.25780656,4766.0,0.769
Kepler-1012 b,Kepler-1012,2016,Transit,5.50860439,1.29,0.08,-0.06,5556.0,0.91
Kepler-1221 b,Kepler-1221,2016,Transit,12.00096042,1.88,0.3,-0.16,5194.0,0.82
TIC 393818343 b,TIC 393818343,2024,Transit,16.24921,12.18416202,0.25780656,-0.23538859,5756.0,1.086
Kepler-805 b,Kepler-805,2016,Transit,30.8638931,2.89,0.13,-0.25,6112.0,1.65
Kepler-363 b,Kepler-363,2014,Transit,3.614568,1.16,0.19,-0.19,5593.0,1.485
TOI-733 b,TOI-733,2023,Transit,4.884765,1.992,0.085,-0.09,5585.0,0.949
Kepler-114 d,Kepler-114,2013,Transit,11.776,2.53,0.28,-0.28,4660.0,0.54
Kepler-264 c,Kepler-264,2014,Transit,140.101261,2.83,0.58,-0.58,6158.0,1.55
Kepler-1084 b,Kepler-1084,2016,Transit,2.05333679,1.11,0.23,-0.15,6113.0,1.28
Kepler-1242 b,Kepler-1242,2016,Transit,13.62798432,2.26,0.13,-0.13,4895.0,0.74
Kepler-319 c,Kepler-319,2014,Transit,6.941357,2.63,0.37,-0.37,5526.0,0.903
Kepler-85 d,Kepler-85,2014,Transit,17.91323,1.2,0.19,-0.19,5436.0,0.893
K2-214 b,K2-214,2018,Transit,8.59656,2.51,0.14,-0.07,5875.0,1.236
TOI-1732 b,TOI-1732,2026,Transit,4.11923678339,2.49549787,0.26967151,-0.2253345,4201.93,0.632571
TOI-2257 b,TOI-2257,2021,Transit,35.189346,2.194,0.113,-0.111,3430.0,0.313
Kepler-1802 b,Kepler-1802,2021,Transit,15.45020008,1.671,,,4245.0,0.637
TOI-6008 b,TOI-6008,2024,Transit,0.8574347,1.03,0.05,-0.05,3075.0,0.242
TOI-469.01,TOI-469,2021,Transit,13.6308205,3.41,0.046,-0.046,5289.0,0.98
Kepler-1437 b,Kepler-1437,2016,Transit,10.9295461,1.37,0.17,-0.13,5557.0,0.9
TOI-3757 b,TOI-3757,2022,Transit,3.438753,12.0,0.4,-0.5,3913.0,0.62
Kepler-1099 b,Kepler-1099,2016,Transit,2.168452593,2.83,0.43,-0.51,5837.0,1.0
Kepler-87 b,Kepler-87,2013,Transit,114.73635,13.49,0.55,-0.55,5600.0,1.82
TOI-3980 b,TOI-3980,2025,Transit,3.6089254,14.4595851,2.24179614,-1.12089807,5840.0,1.626
Kepler-330 b,Kepler-330,2014,Transit,8.25978,1.35,0.53,-0.53,5117.0,0.722
Kepler-226 c,Kepler-226,2014,Transit,5.349555,2.27,0.9,-0.9,5571.0,0.802
Kepler-587 b,Kepler-587,2016,Transit,10.94027841,2.23,0.64,-0.17,5549.0,0.89
EPIC 201238110 b,EPIC 201238110,2019,Transit,28.1656,1.87,0.2,-0.45,3587.0,0.374
Kepler-154 d,Kepler-154,2016,Transit,20.54981883,3.84,0.32,-0.24,5769.0,0.98
Kepler-279 e,Kepler-279,2025,Transit,98.3531,4.13,0.69,-0.92,6689.45,1.43
K2-197 b,K2-197,2018,Transit,8.357881,2.56,0.16,-0.16,5667.0,0.93
TIC 88692598 b,TIC 88692598,2026,Transit,2.64909436758,1.81295951,0.20824409,-0.19567673,3483.17,0.532473
Kepler-215 b,Kepler-215,2014,Transit,9.360672,1.62,0.4,-0.4,5739.0,1.027
Kepler-1172 b,Kepler-1172,2016,Transit,26.0204423,3.2,0.4,-0.28,5558.0,0.89
Kepler-195 c,Kepler-195,2014,Transit,34.096863,1.55,0.57,-0.57,5329.0,0.775
K2-240 c,K2-240,2018,Transit,20.523,1.8,0.3,-0.1,3810.0,0.54
Kepler-442 b,Kepler-442,2015,Transit,112.3053,1.34,0.11,-0.18,4402.0,0.598
Kepler-1495 b,Kepler-1495,2016,Transit,85.273256,2.94,0.72,-0.32,5831.0,1.04
TOI-815 b,TOI-815,2024,Transit,11.197259,2.94,0.05,-0.05,4869.0,0.77
Kepler-232 b,Kepler-232,2014,Transit,4.431222,3.08,1.47,-1.47,5847.0,0.968
Kepler-159 c,Kepler-159,2014,Transit,43.595792,3.41,0.28,-0.28,4625.0,0.663
KOI-3680 b,KOI-3680,2018,Transit,141.241671,11.09691,0.67254,-0.78463,5830.0,0.96
Kepler-1463 b,Kepler-1463,2016,Transit,25.15864,1.86,0.33,-0.19,5679.0,0.95
Kepler-712 c,Kepler-712,2016,Transit,226.89047,4.85,0.26,-0.41,5148.0,0.78
Kepler-1983 b,Kepler-1983,2023,Transit,7.32851947,2.33,0.13,-0.18,5135.0,0.874
TOI-1231 b,TOI-1231,2021,Transit,24.245586,3.65,0.16,-0.15,3553.0,0.476
HATS-36 b,HATS-36,2018,Transit,4.175186,12.92,0.38,-0.38,5950.0,1.1
Kepler-55 b,Kepler-55,2012,Transit,27.9481449,2.43,,,4362.0,0.58
Kepler-158 b,Kepler-158,2014,Transit,16.709184,2.12,0.36,-0.36,4623.0,0.624
Kepler-1926 b,Kepler-1926,2021,Transit,42.87770081,2.31495961,,,5256.0,0.832
TOI-2154 b,TOI-2154,2023,Transit,3.8240801,16.28664896,0.59407598,-0.53803107,6280.0,1.396
K2-42 b,K2-42,2016,Transit,6.68796,2.15,0.24,-0.24,4613.0,0.643
TOI-4666 b,TOI-4666,2025,Transit,2.9089165,12.53164042,0.39231432,-0.39231432,3793.0,0.585
K2-32 c,K2-32,2016,Transit,20.66093,3.134,0.123,-0.102,5271.0,0.86
Kepler-1532 b,Kepler-1532,2016,Transit,1.093663559,1.35,0.18,-0.12,5559.0,0.88
K2-81 b,K2-81,2016,Transit,6.102325,1.97,0.13,-0.11,4674.13,0.634663
WASP-160 B b,WASP-160 B,2018,Transit,3.7684952,12.21781,0.526823,-0.459569,5298.0,0.868
TrES-3 b,TrES-3,2007,Transit,1.30618581,14.975,0.347,-0.415,5650.0,0.829
Kepler-1130 d,Kepler-1130,2021,Transit,4.272250175,0.64472273,,,5450.0,0.842
K2-287 b,K2-287,2018,Transit,14.893291,9.494023,0.145717,-0.145717,5695.0,1.07
TOI-5027 b,TOI-5027,2025,Transit,10.24368,10.76062147,0.56044903,-0.67253884,5909.0,0.92
WASP-138 b,WASP-138,2016,Transit,3.634433,12.21781,0.56045,-0.56045,6272.0,1.36
Kepler-1185 b,Kepler-1185,2016,Transit,104.3518976,1.33,0.08,-0.05,5622.0,0.87
WASP-148 b,WASP-148,2020,Transit,8.803809,8.47398941,0.14571675,-0.19055267,5555.0,0.912
TOI-5181 A b,TOI-5181 A,2025,Transit,3.8922295,13.34989601,0.44835923,-0.42594127,6060.0,1.53
Kepler-599 b,Kepler-599,2016,Transit,15.65562652,2.84,0.15,-0.32,5127.0,0.79
Kepler-1033 b,Kepler-1033,2016,Transit,7.56052806,2.51,0.41,-0.18,5547.0,0.92
K2-200 b,K2-200,2018,Transit,2.849883,1.3643987,0.143471,-0.10540256,5233.0,0.791736
K2-219 c,K2-219,2018,Transit,6.66767,1.43839723,0.21399624,-0.19150365,5753.0,1.189232
TOI-1772.01,TOI-1772,2024,Transit,8.054246874,2.905,0.328,-0.214,5583.0,0.995
TOI-2285 b,TOI-2285,2021,Transit,13.635109,1.77,0.12,-0.09,3491.0,0.464
Kepler-730 c,Kepler-730,2018,Transit,2.85188338,1.56926,0.134508,-0.134508,5620.0,1.411
Kepler-158 d,Kepler-158,2024,Transit,0.645088,0.43,0.05,-0.05,4895.97,0.668
Kepler-513 b,Kepler-513,2016,Transit,28.86235584,2.2,0.31,-0.2,5849.0,1.06
Kepler-1520 b,Kepler-1520,2016,Transit,0.653553572,5.77,0.22,-0.3,4677.0,0.71
TOI-1180 b,TOI-1180,2024,Transit,9.686760378,3.072,0.27,-0.243,4738.0,0.73
WASP-178 b,WASP-178,2019,Transit,3.3448285,20.28829,1.00881,-1.00881,9360.0,1.67
TOI-4994 b,TOI-4994,2024,Transit,21.491984,8.54124329,0.33626942,-0.30264248,5640.0,1.055
Kepler-782 b,Kepler-782,2016,Transit,158.6853308,3.21,0.47,-0.3,5867.0,1.01
Kepler-63 b,Kepler-63,2013,Transit,9.4341505,6.11,0.2,-0.2,5576.0,0.901
Kepler-132 b,Kepler-132,2014,Transit,6.178196,1.21,0.24,-0.24,6003.0,1.178
Kepler-529 b,Kepler-529,2016,Transit,1.980357663,1.86,0.25,-0.17,6087.0,1.14
K2-354 b,K2-354,2021,Transit,3.793306,1.56,0.08,-0.08,3669.0,0.41
Kepler-60 c,Kepler-60,2012,Transit,8.9187,1.9,0.15,-0.15,5905.0,1.257
Kepler-330 c,Kepler-330,2014,Transit,15.955387,1.95,0.72,-0.72,5117.0,0.722
Kepler-243 c,Kepler-243,2014,Transit,20.026218,1.99,0.97,-0.97,5228.0,0.842
TOI-1452 b,TOI-1452,2022,Transit,11.06201,1.672,0.071,-0.071,3185.0,0.275
Kepler-264 b,Kepler-264,2014,Transit,40.806231,3.33,0.74,-0.74,6158.0,1.55
Kepler-110 b,Kepler-110,2014,Transit,12.691112,1.83,0.36,-0.36,5960.0,1.149
Kepler-809 b,Kepler-809,2016,Transit,55.63934,3.01,0.67,-0.25,5734.0,0.98
Kepler-301 d,Kepler-301,2014,Transit,13.751243,1.75,0.94,-0.94,5815.0,0.9
TOI-1136 b,TOI-1136,2022,Transit,4.1727,1.9,0.21,-0.15,5770.0,0.968
Kepler-1614 b,Kepler-1614,2016,Transit,3.9466141,1.49,0.12,-0.15,5121.0,0.76
Kepler-1296 b,Kepler-1296,2016,Transit,8.3839865,0.91,0.09,-0.06,5359.0,0.83
Kepler-1114 b,Kepler-1114,2016,Transit,14.97435694,1.35,0.08,-0.07,5374.0,0.83
K2-240 b,K2-240,2018,Transit,6.034,2.0,0.2,-0.1,3810.0,0.54
Kepler-210 b,Kepler-210,2014,Transit,2.453234,2.94,0.21,-0.21,4559.0,0.65
Kepler-306 c,Kepler-306,2014,Transit,7.240193,2.35,0.19,-0.19,4954.0,0.719
CoRoT-20 b,CoRoT-20,2011,Transit,9.24285,9.41556,0.44836,-0.44836,5880.0,1.02
WASP-95 b,WASP-95,2014,Transit,2.18467,13.78707,1.00881,-1.00881,5830.0,1.23
Kepler-162 c,Kepler-162,2014,Transit,19.446355,3.03,1.63,-1.63,5816.0,0.958
Kepler-1848 b,Kepler-1848,2021,Transit,5.604020119,1.4088539,,,4847.0,0.737
K2-187 d,K2-187,2018,Transit,7.149584,2.4,0.3,-0.3,5438.0,0.83
TOI-1243 b,TOI-1243,2026,Transit,4.6594779,2.33,0.12,-0.12,3515.0,0.511
Kepler-197 e,Kepler-197,2014,Transit,25.209715,0.91,0.04,-0.04,6004.0,1.12
HAT-P-68 b,HAT-P-68,2020,Transit,2.29840551,12.016048,0.134508,-0.134508,4508.0,0.6701
KIC 9663113 b,KIC 9663113,2015,Transit,572.3847,4.6,0.6,-0.7,6065.0,1.03
L 98-59 d,L 98-59,2019,Transit,7.450729,1.627,0.041,-0.041,3415.0,0.3155
K2-248 b,K2-248,2018,Transit,7.17256,2.57,0.2,-0.14,5528.0,0.92
HAT-P-58 b,HAT-P-58,2021,Transit,4.0138379,14.93036229,0.48198617,-0.48198617,6078.0,1.53
Kepler-1315 c,Kepler-1315,2021,Transit,6.566060066,1.84398883,,,4818.0,0.856
Kepler-169 c,Kepler-169,2014,Transit,6.195469,1.21,0.08,-0.08,4997.0,0.763
Kepler-1698 b,Kepler-1698,2020,Transit,1.2107,1.07315686,,,4975.03,0.741698
Kepler-383 b,Kepler-383,2014,Transit,12.904532,1.32,0.52,-0.52,4710.0,0.672
L 168-9 b,L 168-9,2020,Transit,1.40152604,1.63,0.14,-0.14,3842.0,0.604
NGTS-12 b,NGTS-12,2020,Transit,7.532806,11.747032,0.358688,-0.358688,5690.0,1.589
Kepler-933 b,Kepler-933,2016,Transit,14.20443009,2.46,0.23,-0.16,5346.0,0.84
Kepler-493 b,Kepler-493,2016,Transit,3.003876581,15.13,5.0,-2.55,6457.0,1.54
Kepler-1240 b,Kepler-1240,2016,Transit,4.8663815,1.15,0.2,-0.1,5682.0,0.96
Kepler-1119 b,Kepler-1119,2016,Transit,8.3265153,1.92,0.63,-0.3,6083.0,1.17
TOI-5005 b,TOI-5005,2024,Transit,6.3085044,6.25,0.24,-0.24,5749.0,0.93
TOI-5319 b,TOI-5319,2024,Transit,4.07853,2.83,0.57,-0.59,3580.0,0.485
WASP-21 b,WASP-21,2010,Transit,4.322482,11.99,0.56,-0.56,5800.0,1.06
Kepler-991 b,Kepler-991,2016,Transit,82.5342519,2.54,0.13,-0.12,4392.0,0.61
Kepler-79 c,Kepler-79,2012,Transit,27.4026,3.76,0.11,-0.11,6389.0,1.316
TOI-4155 b,TOI-4155,2025,Transit,3.320729,3.21,0.17,-0.17,5724.0,0.95
HD 221416 b,HD 221416,2019,Transit,14.2767,9.17,0.34,-0.31,5080.0,2.943
HATS-57 b,HATS-57,2019,Transit,2.350621,12.767051,0.313852,-0.313852,5587.0,0.96
Kepler-390 b,Kepler-390,2014,Transit,6.738088,0.82,0.07,-0.07,5166.0,0.776
Kepler-603 c,Kepler-603,2016,Transit,127.9075774,6.5,1.48,-0.62,5808.0,1.01
TOI-4662 b,TOI-4662,2026,Transit,4.70343764575,2.87998299,0.4769111,-0.35910658,4520.41,0.69375
Kepler-332 b,Kepler-332,2014,Transit,7.626324,1.17,0.08,-0.08,4955.0,0.72
Kepler-508 b,Kepler-508,2016,Transit,25.30889748,1.64,0.26,-0.19,6025.0,1.25
HATS-75 b,HATS-75,2021,Transit,2.7886556,9.90873894,0.14571675,-0.14571675,3790.4,0.5848
K2-389 b,K2-389,2022,Transit,8.58289,2.33,0.12,-0.06,5773.0,1.094
WASP-31 b,WASP-31,2010,Transit,3.4059096,17.363,0.56,-0.56,6302.0,1.252
TOI-2368 b,TOI-2368,2024,Transit,5.1750073,10.83908434,0.40352331,-0.3474784,5360.0,0.846
TOI-4336 A b,TOI-4336 A,2024,Transit,16.336351,2.137,0.08,-0.08,3307.0,0.326
K2-413 b,K2-413,2022,Transit,0.8094,0.7599,0.0758,-0.0496,4116.0,0.7
Kepler-43 b,Kepler-43,2011,Transit,3.0240949,13.663771,0.728585,-0.717376,6041.0,1.42
KOI-351 h,KOI-351,2013,Transit,331.60296,11.252,0.306,-0.306,6031.13,1.185
TOI-3331 A b,TOI-3331 A,2022,Transit,2.0180231,12.97999965,0.48198617,-0.48198617,5609.0,0.952
WASP-85 A b,WASP-85 A,2016,Transit,2.6556777,13.89916,0.33627,-0.33627,6112.0,0.935
Kepler-251 b,Kepler-251,2014,Transit,4.790936,1.33,0.24,-0.24,5526.0,0.89
WASP-195 b,WASP-195,2025,Transit,5.051928,10.31226224,0.56044903,-0.56044903,6300.0,1.578
Kepler-359 d,Kepler-359,2014,Transit,77.095691,4.01,1.91,-1.91,6248.0,1.086
Kepler-830 b,Kepler-830,2016,Transit,11.29695137,1.7,0.61,-0.25,6037.0,1.11
Kepler-672 b,Kepler-672,2016,Transit,38.3774623,2.5,0.32,-0.18,5627.0,0.92
Kepler-198 b,Kepler-198,2014,Transit,17.790037,2.82,0.42,-0.42,5574.0,0.94
Kepler-444 d,Kepler-444,2015,Transit,6.189392,0.53,0.022,-0.019,5046.0,0.752
Kepler-575 b,Kepler-575,2016,Transit,9.37891944,2.39,0.52,-0.21,5710.0,0.95
Kepler-1131 b,Kepler-1131,2016,Transit,3.53232449,1.59,0.36,-0.15,5851.0,1.04
Kepler-808 b,Kepler-808,2016,Transit,0.631332353,1.46,0.06,-0.08,4653.0,0.71
LHS 1903 b,LHS 1903,2026,Transit,2.1555098,1.382,0.046,-0.046,3664.0,0.539
Kepler-885 b,Kepler-885,2016,Transit,18.11472949,2.5,0.4,-0.39,6187.0,1.35
TOI-286 c,TOI-286,2024,Transit,39.361826,1.88,0.12,-0.12,5152.0,0.78
TOI-2081 b,TOI-2081,2022,Transit,10.50534,2.04,0.5,-0.54,3800.0,0.534
KELT-18 b,KELT-18,2017,Transit,2.8717518,17.59813,0.470778,-0.403524,6670.0,1.908
HD 152843 b,HD 152843,2021,Transit,11.62071,3.05,0.11,-0.11,6310.0,1.43
Kepler-1323 b,Kepler-1323,2016,Transit,0.929906678,1.52,0.33,-0.24,6169.0,1.4
Kepler-151 c,Kepler-151,2014,Transit,24.674612,2.09,1.04,-1.04,5460.0,0.83
Kepler-80 b,Kepler-80,2012,Transit,7.05246,2.67,0.1,-0.1,4540.0,0.678
HD 89345 b,HD 89345,2018,Transit,11.8143,7.39794,0.313852,-0.33627,5576.0,1.747
HD 25463 c,HD 25463,2023,Transit,3.04405,1.36354953,0.13045621,-0.09615242,6353.0,1.4182
TOI-2379 b,TOI-2379,2024,Transit,5.4693827,11.72459381,0.25780656,-0.25780656,3707.0,0.622
Kepler-571 b,Kepler-571,2016,Transit,4.798599388,2.64,0.32,-0.17,5527.0,0.9
K2-24 c,K2-24,2016,Transit,42.3391,7.5,0.3,-0.3,5625.0,1.16
HR 858 b,HR 858,2019,Transit,3.585287,2.004,0.045,-0.047,6354.0,1.258
Kepler-342 e,Kepler-342,2016,Transit,1.644224613,0.88,0.08,-0.06,6366.0,1.34
Kepler-941 b,Kepler-941,2016,Transit,17.42395198,3.08,0.35,-0.61,5539.0,0.86
TOI-4145 A b,TOI-4145 A,2023,Transit,4.0664428,13.30506009,0.35868738,-0.3474784,5281.0,0.859
Kepler-709 b,Kepler-709,2016,Transit,16.08524954,2.92,0.18,-0.19,5071.0,0.77
Kepler-1832 b,Kepler-1832,2021,Transit,3.138789892,1.22719556,,,5242.0,0.722
HAT-P-54 b,HAT-P-54,2015,Transit,3.799847,10.581296,0.313852,-0.313852,4390.0,0.617
HD 3167 b,HD 3167,2016,Transit,0.95965451,1.601,0.048,-0.036,5338.0,0.871
Kepler-306 b,Kepler-306,2014,Transit,4.646186,1.52,0.1,-0.1,4954.0,0.719
Kepler-690 b,Kepler-690,2016,Transit,7.748094374,5.95,1.83,-0.75,5913.0,1.16
KOI-1843.03,Kepler-974,2013,Transit,0.1768913,0.61,0.12,-0.08,3584.0,0.45
K2-416 b,K2-416,2023,Transit,13.102,2.66,0.19,-0.14,3746.0,0.554
Kepler-1217 b,Kepler-1217,2016,Transit,2.032325072,1.99,0.48,-0.19,5905.0,1.08
Kepler-1842 b,Kepler-1842,2021,Transit,14.02639961,2.35388681,,,5970.0,1.131
Kepler-711 b,Kepler-711,2016,Transit,23.58914398,3.41,0.34,-0.63,5222.0,0.8
K2-141 b,K2-141,2018,Transit,0.2803244,1.51,0.05,-0.05,4570.0,0.681
TOI-3568 b,TOI-3568,2024,Transit,4.417965,5.3,0.27,-0.27,4969.0,0.719
K2-280 b,K2-280,2018,Transit,19.89526,7.5,0.44,-0.44,5500.0,1.28
Kepler-1080 b,Kepler-1080,2016,Transit,77.2548396,3.28,1.13,-0.5,5956.0,1.16
Kepler-1228 b,Kepler-1228,2016,Transit,0.577369579,1.54,0.11,-0.14,5063.0,0.74
Kepler-1203 b,Kepler-1203,2016,Transit,0.588000765,1.06,0.06,-0.04,4105.0,0.61
TOI-5786 b,TOI-5786,2025,Transit,12.779107,8.54,0.13,-0.13,6235.0,1.36
Kepler-1501 b,Kepler-1501,2016,Transit,14.5564533,1.56,0.68,-0.25,6229.0,1.3
TRAPPIST-1 b,TRAPPIST-1,2016,Transit,1.510826,1.116,0.014,-0.012,2566.0,0.1192
Kepler-1164 b,Kepler-1164,2016,Transit,3.97599768,1.12,0.04,-0.07,5183.0,0.79
ZTF J1828+2308 b,ZTF J1828+2308,2025,Transit,0.1120067,11.13051784,0.21297063,-0.21297063,15900.0,0.0131
Kepler-757 b,Kepler-757,2016,Transit,1.022678821,1.36,0.46,-0.22,6014.0,1.13
Kepler-1850 b,Kepler-1850,2021,Transit,1.385800004,0.72909663,,,4239.0,0.6
KOI-1783.02,KOI-1783,2020,Transit,284.215,5.44,0.52,-0.3,5922.0,1.143
Kepler-229 d,Kepler-229,2014,Transit,41.194912,3.85,1.38,-1.38,5120.0,0.728
Kepler-484 b,Kepler-484,2016,Transit,10.045569313,2.28,0.07,-0.05,5668.0,0.87
Kepler-142 c,Kepler-142,2014,Transit,4.761702,2.86,0.55,-0.55,5790.0,1.269
Kepler-257 d,Kepler-257,2014,Transit,24.664551,4.95,2.48,-2.48,5180.0,1.037
TOI-6029 b,TOI-6029,2024,Transit,5.7987,14.39233122,1.09848011,-1.09848011,6223.0,2.338
K2-138 c,K2-138,2017,Transit,3.56004,2.299,0.12,-0.087,5356.3,0.863
TOI-2570 b,TOI-2570,2022,Transit,2.9887615,13.64132951,0.39231432,-0.38110534,5771.0,1.095
Kepler-629 b,Kepler-629,2016,Transit,7.2385854,1.38,0.06,-0.04,5444.0,0.84
Kepler-11 b,Kepler-11,2010,Transit,10.3039,1.8,0.03,-0.05,5663.0,1.065
Kepler-1353 b,Kepler-1353,2016,Transit,24.7543966,1.8,0.37,-0.13,4776.0,0.72
Kepler-652 b,Kepler-652,2016,Transit,4.182002531,2.49,0.06,-0.05,5490.0,0.88
Kepler-386 b,Kepler-386,2014,Transit,12.31043,1.39,0.82,-0.82,5178.0,0.767
NGTS-26 b,NGTS-26,2024,Transit,4.5199279,14.88552637,0.66132986,-0.53803107,5550.0,1.16
Kepler-1502 b,Kepler-1502,2016,Transit,41.7083629,3.18,1.12,-0.64,6666.0,1.72
HD 106315 c,HD 106315,2017,Transit,21.05704,4.35,0.23,-0.23,6327.0,1.296
Kepler-1548 b,Kepler-1548,2016,Transit,124.828679,2.64,0.54,-0.21,5706.0,0.97
WASP-166 b,WASP-166,2019,Transit,5.44354,7.06167,0.33627,-0.33627,6050.0,1.22
Kepler-175 c,Kepler-175,2014,Transit,34.035257,3.1,1.56,-1.56,6064.0,1.01
WASP-84 b,WASP-84,2014,Transit,8.52349648,10.72,0.27,-0.27,5280.0,0.768
Kepler-1861 b,Kepler-1861,2021,Transit,40.0306015,2.20677414,,,5855.0,1.373
Kepler-398 d,Kepler-398,2016,Transit,6.83437001,0.88,0.03,-0.04,4557.0,0.67
TOI-663 c,TOI-663,2024,Transit,4.6955507,2.26,0.1,-0.1,3681.0,0.512
TOI-6448 b,TOI-6448,2025,Transit,14.844261,8.47398941,0.76221069,-0.76221069,5910.0,0.897
TOI-1064 c,TOI-1064,2022,Transit,12.226574,2.651,0.043,-0.042,4734.0,0.726
WASP-101 b,WASP-101,2014,Transit,3.58572,16.02887,1.00881,-1.00881,6380.0,1.31
HD 158259 b,HD 158259,2020,Radial Velocity,2.178,1.28228,0.0665152,-0.0665152,5801.89,1.21
KELT-20 b,KELT-20,2017,Transit,3.4741085,19.514869,0.773421,-0.829466,8720.0,1.565
Kepler-62 b,Kepler-62,2013,Transit,5.714932,1.31,0.04,-0.04,4925.0,0.64
Kepler-987 b,Kepler-987,2016,Transit,105.3033148,3.26,0.16,-0.12,5637.0,0.91
Kepler-385 d,Kepler-385,2020,Transit,56.4159,2.6186448,,,5829.0,1.157
HD 21520 b,HD 21520,2024,Transit,25.1292,2.697,0.09,-0.09,5871.0,1.044
TOI-4641 b,TOI-4641,2023,Transit,22.09341,8.18255591,0.2914335,-0.31385146,6560.0,1.72
Kepler-49 b,Kepler-49,2012,Transit,7.2,2.579,0.087,-0.086,4095.6,0.618
Kepler-115 c,Kepler-115,2014,Transit,8.990889,2.6,0.5,-0.5,5979.0,1.205
Kepler-79 b,Kepler-79,2012,Transit,13.48451,3.51,0.1,-0.1,6389.0,1.316
Kepler-777 b,Kepler-777,2016,Transit,5.72812599,1.47,0.08,-0.08,4043.0,0.56
CoRoT-2 b,CoRoT-2,2008,Transit,1.7429935,16.432,0.471,-0.493,5625.0,0.906
TOI-2120 b,TOI-2120,2024,Transit,5.7998164,2.122,0.065,-0.065,3131.0,0.245
Kepler-265 b,Kepler-265,2014,Transit,6.846262,1.86,0.45,-0.45,5835.0,1.103
Kepler-1384 b,Kepler-1384,2016,Transit,15.36262753,1.94,0.43,-0.2,4919.0,0.74
Kepler-343 b,Kepler-343,2014,Transit,8.96855,2.41,0.51,-0.51,5807.0,1.433
TOI-913 b,TOI-913,2023,Transit,11.098644,2.4528,0.1269,-0.1009,4969.0,0.7325
Kepler-1257 b,Kepler-1257,2016,Transit,2.668313762,1.52,0.18,-0.12,5502.0,0.87
TOI-4010 c,TOI-4010,2023,Transit,5.414654,5.93,0.11,-0.12,4960.0,0.83
Kepler-967 c,Kepler-967,2016,Transit,198.7112502,3.65,0.15,-0.13,5178.0,0.8
Kepler-100 c,Kepler-100,2014,Transit,12.8159,2.2,0.05,-0.05,5825.0,1.49
K2-62 c,K2-62,2016,Transit,16.19697,1.99,0.19,-0.07,4455.0,0.696
TOI-700 b,TOI-700,2020,Transit,9.977219,0.914,0.053,-0.049,3459.0,0.421
Kepler-1260 b,Kepler-1260,2016,Transit,19.1187753,1.77,0.51,-0.28,5961.0,1.08
K2-377 b,K2-377,2022,Transit,12.832235,1.693,0.146,-0.132,4200.0,0.691
Kepler-11 f,Kepler-11,2010,Transit,46.6888,2.49,0.04,-0.07,5663.0,1.065
Kepler-1960 b,Kepler-1960,2021,Transit,2.297940016,1.30749704,,,6371.0,1.072
Kepler-1252 b,Kepler-1252,2016,Transit,15.0540329,1.67,0.42,-0.23,5949.0,1.09
Kepler-217 d,Kepler-217,2016,Transit,3.88689525,1.32,0.36,-0.27,6341.0,1.76
Kepler-1007 b,Kepler-1007,2016,Transit,5.185002073,1.44,0.07,-0.07,4587.0,0.7
Kepler-659 b,Kepler-659,2016,Transit,17.671796,2.5,0.33,-0.23,4870.0,0.74
Kepler-305 d,Kepler-305,2014,Transit,16.74,2.76,0.12,-0.12,5090.0,0.792
Kepler-609 b,Kepler-609,2016,Transit,6.521210666,3.35,1.07,-0.44,5971.0,1.14
K2-152 b,K2-152,2018,Transit,32.6479,2.29,0.25,-0.24,4044.0,0.61
K2-75 b,K2-75,2016,Transit,7.8142,2.67,0.32,-0.32,5995.0,1.56
Kepler-794 b,Kepler-794,2016,Transit,11.13125132,2.11,0.52,-0.34,5839.0,1.38
Kepler-218 c,Kepler-218,2014,Transit,44.699576,3.14,0.26,-0.26,5502.0,1.063
TOI-4495 c,TOI-4495,2024,Transit,5.18553,4.03,0.23,-0.15,6210.0,1.309
Kepler-1666 b,Kepler-1666,2020,Transit,25.8476,2.88273782,,,6293.0,1.14586
Kepler-798 b,Kepler-798,2016,Transit,13.71933369,2.39,1.04,-0.34,6224.0,1.29
TOI-2094 b,TOI-2094,2026,Transit,18.793193,1.9,0.1,-0.1,3435.0,0.384
GJ 3470 b,GJ 3470,2012,Radial Velocity,3.3366496,4.57,0.18,-0.18,3600.0,0.547
EPIC 206317286 c,EPIC 206317286,2022,Transit,17.515472,2.094,0.176,-0.16,4752.0,0.758
Kepler-392 b,Kepler-392,2014,Transit,5.341853,1.0,0.21,-0.21,5938.0,1.129
TOI-1743 b,TOI-1743,2025,Transit,4.266046,1.83,0.11,-0.1,3277.0,0.338
K2-136 b,K2-136,2017,Transit,7.97525,1.014,0.05,-0.049,4500.0,0.677
Kepler-1514 b,Kepler-1514,2016,Transit,217.83184,12.419572,0.257807,-0.257807,6145.0,1.289
Kepler-1837 b,Kepler-1837,2021,Transit,5.906089783,2.06673842,,,5966.0,0.961
Kepler-1986 b,Kepler-1986,2023,Transit,19.5489666,1.89,0.35,-0.15,5549.0,0.732
Kepler-114 c,Kepler-114,2013,Transit,8.041,1.6,0.18,-0.18,4660.0,0.54
Kepler-20 c,Kepler-20,2011,Transit,10.8540774,2.894,0.036,-0.033,5495.0,0.9164
Kepler-1093 c,Kepler-1093,2016,Transit,89.722292,1.96,0.72,-0.27,6166.0,1.2
Kepler-934 b,Kepler-934,2016,Transit,55.6738309,2.09,0.15,-0.11,5001.0,0.77
Kepler-946 b,Kepler-946,2016,Transit,11.79162572,1.93,0.32,-0.2,5665.0,0.93
Kepler-696 b,Kepler-696,2016,Transit,4.190425575,6.14,1.63,-0.7,5903.0,1.08
Kepler-1448 b,Kepler-1448,2016,Transit,12.27065865,1.61,0.21,-0.16,5774.0,0.93
TOI-4551 b,TOI-4551,2023,Transit,9.95581,11.85910158,1.23298788,-0.6949568,4896.0,3.55
Kepler-189 c,Kepler-189,2014,Transit,20.134866,2.38,1.19,-1.19,5235.0,0.75
K2-43 c,K2-43,2019,Transit,2.198884,2.42,0.26,-0.11,3840.6,0.542
Kepler-1754 b,Kepler-1754,2021,Transit,8.195949554,2.43996509,,,4723.0,0.747
TIC 4672985 b,TIC 4672985,2024,Transit,69.048,11.5004142,0.75100171,-0.72858375,5757.0,1.15
K2-100 b,K2-100,2016,Transit,1.6739035,3.88,0.16,-0.16,5945.0,1.24
Kepler-1387 b,Kepler-1387,2016,Transit,2.279526656,0.93,0.05,-0.09,5046.0,0.77
Kepler-1412 b,Kepler-1412,2016,Transit,3.6146051,0.83,0.15,-0.13,5880.0,1.27
K2-373 b,K2-373,2022,Transit,11.02066,2.061,0.147,-0.14,6138.0,1.486
K2-80 b,K2-80,2016,Transit,19.0918,2.01,0.3,-0.3,5441.0,0.87
Kepler-1222 b,Kepler-1222,2016,Transit,1.916944254,0.79,0.06,-0.06,5239.0,0.8
Kepler-760 c,Kepler-760,2016,Transit,2.46697439,1.48,0.12,-0.09,5322.0,0.85
Kepler-463 b,Kepler-463,2016,Transit,8.981016833,3.05,0.43,-0.3,5661.0,0.9
Kepler-186 d,Kepler-186,2014,Transit,13.342996,1.4,0.16,-0.16,3788.0,0.472
AU Mic b,AU Mic,2020,Transit,8.463446,4.79,0.29,-0.29,3540.0,0.862
K2-4 b,K2-4,2015,Transit,10.003417,2.1,0.2,-0.19,4014.73,0.569359
TOI-2337 b,TOI-2337,2022,Transit,2.99432,10.08808263,1.12089807,-1.12089807,4780.0,3.22
Kepler-446 d,Kepler-446,2015,Transit,5.148921,1.35,0.22,-0.22,3359.0,0.24
TOI-2015 b,TOI-2015,2023,Transit,3.348237,3.309,0.013,-0.011,3297.0,0.3273
HAT-P-53 b,HAT-P-53,2015,Transit,1.9616241,14.773462,1.020019,-1.020019,5956.0,1.209
TOI-411 c,HD 22946,2022,Transit,9.573083,2.328,0.038,-0.039,6169.0,1.117
TOI-2529 b,TOI-2529,2024,Transit,64.5949,11.54525012,0.56044903,-0.56044903,5802.0,1.7
TOI-3862 b,TOI-3862,2026,Transit,1.55745774,5.53,0.18,-0.18,5300.0,0.92
K2-34 b,K2-34,2016,Transit,2.9956348,13.75,0.58,-0.59,6168.0,1.42
KOI-1599.01,KOI-1599,2019,Transit,20.4415,1.9,0.3,-0.3,5833.0,0.972
Kepler-1687 b,Kepler-1687,2020,Transit,5.77954,1.65623882,,,4132.0,0.726119
Kepler-1346 b,Kepler-1346,2016,Transit,3.40165668,1.58,0.56,-0.21,6133.0,1.21
TOI-5799 c,TOI-5799,2025,Transit,14.010449,1.76,0.11,-0.1,3452.0,0.321
TOI-1750 b,TOI-1750,2026,Transit,11.33727129656,2.78943837,0.34420606,-0.24425703,4683.75,0.768675
Kepler-187 c,Kepler-187,2014,Transit,10.640263,2.67,0.52,-0.52,6105.0,1.287
TOI-5082.01,TOI-5082,2024,Transit,4.240122,2.54811,0.129562,-0.129562,5670.0,0.93
Kepler-364 c,Kepler-364,2014,Transit,59.980627,2.15,0.42,-0.42,6108.0,1.284
Kepler-361 b,Kepler-361,2014,Transit,8.486616,1.45,0.28,-0.28,6169.0,1.343
Kepler-286 b,Kepler-286,2014,Transit,1.796302,1.24,0.25,-0.25,5580.0,0.863
Kepler-47 c,Kepler-47,2012,Transit,303.227,4.65,0.09,-0.07,5636.0,0.936
Kepler-1042 b,Kepler-1042,2016,Transit,10.13202575,2.19,0.11,-0.16,4815.0,0.72
Kepler-516 b,Kepler-516,2016,Transit,24.85462415,5.74,1.43,-1.16,7099.0,2.02
TOI-1260 d,TOI-1260,2022,Transit,16.608164,3.12,0.08,-0.08,4227.0,0.672
Kepler-1343 b,Kepler-1343,2016,Transit,3.35183158,1.93,0.25,-0.19,5759.0,0.93
Kepler-119 b,Kepler-119,2014,Transit,2.422082,3.6,1.37,-1.37,5595.0,0.839
Kepler-1591 b,Kepler-1591,2016,Transit,8.18504949,1.27,0.41,-0.19,6082.0,1.16
TOI-564 b,TOI-564,2020,Transit,1.651144,11.43318,7.95839,-3.25061,5640.0,1.088
Kepler-1057 b,Kepler-1057,2016,Transit,14.08827448,3.36,1.1,-0.52,5987.0,1.1
Kepler-1378 b,Kepler-1378,2016,Transit,11.95398936,2.2,0.71,-0.14,4407.0,0.67
TOI-481 b,TOI-481,2020,Transit,10.33111,11.09691,0.11209,-0.11209,5735.0,1.66
Kepler-847 b,Kepler-847,2016,Transit,2.343231895,1.18,0.09,-0.05,4940.0,0.77
Kepler-742 b,Kepler-742,2016,Transit,8.360868238,3.24,0.11,-0.17,4642.0,0.71
HD 23472 e,HD 23472,2022,Transit,7.90754,0.818,0.08,-0.065,4684.0,0.71
Kepler-936 b,Kepler-936,2016,Transit,10.56134221,1.45,0.2,-0.1,5482.0,0.89
TOI-257 b,TOI-257,2021,Transit,18.38818,7.16253867,0.14571675,-0.14571675,6095.0,1.867
TOI-6080 b,TOI-6080,2026,Transit,8.05562348084,3.32424168,0.51660099,-0.35570788,5775.46,1.06221
TOI-1301.01,TOI-1301,2024,Transit,6.096407209,2.477,0.196,-0.177,4820.0,0.732
K2-208 b,K2-208,2018,Transit,4.19097,1.67462172,0.12329879,-0.09191364,5500.0,0.872
Kepler-616 d,Kepler-616,2021,Transit,51.06740189,2.653,,,6004.0,0.977
Kepler-1497 b,Kepler-1497,2016,Transit,8.74199772,1.66,0.29,-0.16,5675.0,0.95
K2-402 b,K2-402,2022,Transit,17.27474,2.678,0.213,-0.195,5716.0,1.28
Kepler-981 b,Kepler-981,2016,Transit,4.469757736,2.31,0.3,-0.18,5718.0,0.96
K2-111 b,K2-111,2017,Transit,5.3518963,1.837,0.076,-0.071,5775.0,1.25
Kepler-176 b,Kepler-176,2014,Transit,5.433074,1.43,0.73,-0.73,5232.0,0.891
Kepler-290 c,Kepler-290,2014,Transit,36.77031,2.7,1.39,-1.39,5147.0,0.743
TOI-544 b,TOI-544,2022,Transit,1.548352,2.018,0.076,-0.076,4169.0,0.623
Kepler-726 b,Kepler-726,2016,Transit,21.80451088,3.26,0.32,-0.35,5452.0,0.85
Kepler-1540 b,Kepler-1540,2016,Transit,125.4131177,2.49,0.19,-0.14,4540.0,0.69
K2-345 b,K2-345,2021,Transit,10.367437,2.11,0.2,-0.09,3779.0,0.52
Kepler-594 b,Kepler-594,2016,Transit,13.64618192,2.18,0.22,-0.15,5485.0,0.87
Kepler-803 b,Kepler-803,2016,Transit,50.28638192,3.79,0.55,-0.38,5919.0,1.12
Kepler-1732 b,Kepler-1732,2021,Transit,32.31240082,4.09903273,,,5821.0,1.494
TIC 445839811 b,TIC 445839811,2026,Transit,11.1086260318,2.47771211,0.3970467,-0.37972982,5408.25,0.850041
WASP-126 b,WASP-126,2016,Transit,3.28883,10.51358773,0.51853716,-0.51853716,5800.0,1.27
Kepler-225 c,Kepler-225,2014,Transit,18.794234,1.84,0.1,-0.1,3682.0,0.48
Kepler-143 b,Kepler-143,2014,Transit,16.007583,2.41,0.6,-0.6,5848.0,1.359
Kepler-269 b,Kepler-269,2014,Transit,5.326718,2.47,1.15,-1.15,5847.0,0.959
Kepler-1759 b,Kepler-1759,2021,Transit,3.720230103,0.9037791,,,5017.0,0.797
Kepler-927 b,Kepler-927,2016,Transit,9.1149903,1.72,0.4,-0.15,5743.0,0.99
Kepler-1215 b,Kepler-1215,2016,Transit,4.76703963,1.22,0.18,-0.12,5616.0,0.93
Kepler-83 c,Kepler-83,2012,Transit,20.09,2.36,0.35,-0.35,4082.0,0.61
Kepler-321 b,Kepler-321,2014,Transit,4.915379,1.77,0.34,-0.34,5740.0,1.194
K2-212 b,K2-212,2018,Transit,9.795647,2.65,0.2,-0.18,4349.0,0.678
Kepler-1733 b,Kepler-1733,2021,Transit,9.229579926,3.63582354,,,6320.0,1.252
Kepler-367 c,Kepler-367,2014,Transit,53.578637,1.2,0.16,-0.16,4710.0,0.695
Kepler-176 e,Kepler-176,2016,Transit,51.16579,1.45,0.12,-0.15,5295.0,0.83
Kepler-357 c,Kepler-357,2014,Transit,16.85837,2.67,1.57,-1.57,5036.0,0.834
Kepler-462 c,Kepler-462,2018,Transit,207.62,4.0,0.2,-0.2,7500.0,1.57
Kepler-865 b,Kepler-865,2016,Transit,14.16399294,2.49,0.49,-0.24,5570.0,0.92
Kepler-194 c,Kepler-194,2014,Transit,17.308032,2.59,1.36,-1.36,6089.0,1.025
TOI-763 c,TOI-763,2020,Transit,12.2737,2.63,0.12,-0.12,5450.0,0.897
Kepler-1244 b,Kepler-1244,2016,Transit,3.70428172,1.35,0.63,-0.25,6680.0,1.77
HD 108236 c,HD 108236,2020,Transit,6.203449,2.071,0.052,-0.052,5660.0,0.877
Kepler-312 c,Kepler-312,2014,Transit,19.747412,3.15,0.61,-0.61,6115.0,1.467
Kepler-374 b,Kepler-374,2014,Transit,1.897806,1.03,0.54,-0.54,5977.0,0.911
Kepler-744 b,Kepler-744,2016,Transit,12.06222443,1.62,0.12,-0.09,5594.0,0.93
Kepler-1761 b,Kepler-1761,2021,Transit,4.043540001,1.39109603,,,3871.0,0.532
K2-48 b,K2-48,2016,Transit,20.5065,2.24,0.24,-0.24,4899.0,0.73
HD 21749 c,GJ 143,2019,Transit,7.78993,0.892,0.064,-0.058,4640.0,0.695
Kepler-1282 b,Kepler-1282,2016,Transit,2.131946513,1.55,0.21,-0.11,5504.0,0.89
Qatar-6 b,Qatar-6,2017,Transit,3.506195,11.903958,0.795839,-0.795839,5052.0,0.722
Kepler-1595 b,Kepler-1595,2016,Transit,4.56380468,1.23,0.09,-0.1,5203.0,0.8
Kepler-1479 b,Kepler-1479,2016,Transit,14.53261362,1.83,0.3,-0.16,5796.0,0.98
Kepler-194 b,Kepler-194,2014,Transit,2.092281,1.51,0.79,-0.79,6089.0,1.025
Kepler-157 d,Kepler-157,2016,Transit,7.02573474,1.46,0.16,-0.1,5866.0,1.03
Kepler-1418 b,Kepler-1418,2016,Transit,22.4764425,1.66,0.08,-0.14,4770.0,0.72
EPIC 212624936 b,EPIC 212624936,2021,Transit,0.578657,1.2,0.3,-0.3,5765.0,0.93
K2-33 b,K2-33,2016,Transit,5.424865,5.04,0.34,-0.37,3540.0,1.05
Kepler-344 b,Kepler-344,2014,Transit,21.963945,2.61,1.22,-1.22,5774.0,0.976
Kepler-661 b,Kepler-661,2016,Transit,6.029301321,3.07,0.12,-0.21,4483.0,0.67
K2-35 b,K2-35,2016,Transit,2.399964,1.32,0.08,-0.08,4402.71,0.619575
Kepler-1468 c,Kepler-1468,2016,Transit,3.54553021,1.15,0.25,-0.13,5893.0,1.05
TOI-5489 b,TOI-5489,2025,Transit,3.15222,1.4,0.05,-0.05,3547.0,0.42
Kepler-96 b,Kepler-96,2014,Transit,16.2385,2.67,0.22,-0.22,5690.0,1.02
Kepler-1371 b,Kepler-1371,2016,Transit,3.4462039,0.73,0.08,-0.05,5361.0,0.83
Kepler-180 b,Kepler-180,2014,Transit,13.817124,1.5,0.67,-0.67,5731.0,1.063
Kepler-1468 b,Kepler-1468,2016,Transit,8.23984869,1.73,0.41,-0.19,5893.0,1.05
Kepler-1104 b,Kepler-1104,2016,Transit,5.03728015,1.23,0.14,-0.1,6417.0,1.41
HATS-22 b,HATS-22,2017,Transit,4.7228124,10.682177,0.538032,-0.325061,4803.0,0.689
NGTS-6 b,NGTS-6,2019,Transit,0.882059,14.863134,1.087273,-1.255408,4730.0,0.754
Kepler-1907 b,Kepler-1907,2021,Transit,5.652450085,0.86973029,,,5159.0,0.8
Kepler-291 b,Kepler-291,2014,Transit,3.546511,2.16,0.94,-0.94,6002.0,1.016
Kepler-525 b,Kepler-525,2016,Transit,18.68404933,2.63,0.38,-0.52,5573.0,1.15
Kepler-1168 b,Kepler-1168,2016,Transit,55.8226539,2.5,0.18,-0.13,5157.0,0.82
TOI-5624 c,TOI-5624,2026,Transit,7.885385,2.474,0.042,-0.042,5327.0,0.82
K2-369 b,K2-369,2022,Transit,5.761612,1.313,0.101,-0.095,5682.0,0.881
Kepler-148 d,Kepler-148,2016,Transit,51.84688575,8.68,0.52,-0.42,5172.0,0.81
TOI-663 b,TOI-663,2024,Transit,2.598902,2.27,0.1,-0.09,3681.0,0.512
Kepler-1056 b,Kepler-1056,2016,Transit,27.495606,3.01,1.33,-0.6,6127.0,1.2
CoRoT-9 b,CoRoT-9,2009,Transit,95.272656,11.948794,0.840675,-0.706167,5625.0,0.96
Kepler-1180 b,Kepler-1180,2016,Transit,16.8601286,1.99,0.55,-0.27,6077.0,1.14
Kepler-1554 b,Kepler-1554,2016,Transit,198.088774,2.9,0.23,-0.27,5297.0,0.81
Kepler-1424 b,Kepler-1424,2016,Transit,29.6091744,1.16,0.16,-0.12,5838.0,1.07
Kepler-1768 b,Kepler-1768,2021,Transit,15.13589954,2.23346338,,,6050.0,1.572
Kepler-1642 c,Kepler-1642,2016,Transit,6.6513802,2.66,0.29,-0.21,5355.0,0.84
Kepler-1534 b,Kepler-1534,2016,Transit,5.71668872,1.89,0.22,-0.15,5442.0,0.86
Kepler-234 c,Kepler-234,2014,Transit,7.21205,3.51,1.56,-1.56,6224.0,1.113
LP 890-9 b,LP 890-9,2022,Transit,2.7299025,1.32,0.053,-0.027,2850.0,0.1556
HAT-P-35 b,HAT-P-35,2011,Transit,3.646706,14.930388,1.098482,-1.098482,6096.0,1.435
Kepler-1935 b,Kepler-1935,2021,Transit,3.951400042,2.50271696,,,5570.0,0.899
Kepler-343 c,Kepler-343,2014,Transit,23.22182,2.02,0.38,-0.38,5807.0,1.433
Kepler-920 c,Kepler-920,2016,Transit,100.8274113,3.8,0.58,-0.28,5403.0,0.85
Kepler-304 e,Kepler-304,2016,Transit,1.499146953,1.2,0.06,-0.03,4817.0,0.73
Kepler-1526 b,Kepler-1526,2016,Transit,3.908632005,2.43,0.09,-0.39,4601.0,0.69
HAT-P-64 b,HAT-P-64,2021,Transit,4.007232,19.08889413,0.78462865,-0.78462865,6457.0,1.735
KOI-3503 b,KOI-3503,2021,Transit,21.185,1.19,0.24,-0.19,6001.0,1.255
Kepler-1879 b,Kepler-1879,2021,Transit,10.61340046,2.06512018,,,5865.0,1.388
Kepler-526 b,Kepler-526,2016,Transit,5.458498316,1.99,0.16,-0.17,5894.0,1.14
Kepler-541 b,Kepler-541,2016,Transit,5.08005848,3.36,0.58,-0.56,6166.0,2.06
CoRoT-23 b,CoRoT-23,2011,Transit,3.6313,11.77,1.46,-1.46,5900.0,1.61
HD 28109 c,HD 28109,2022,Transit,55.99712,4.13,0.16,-0.14,6189.0,1.425
K2-11 b,K2-11,2015,Transit,39.93767,7.55,9.33,-9.33,5433.0,5.15
Kepler-246 b,Kepler-246,2014,Transit,4.60182,2.34,1.2,-1.2,5206.0,0.831
Kepler-22 b,Kepler-22,2011,Transit,289.863876,2.1,0.12,-0.12,5596.0,0.869
Kepler-818 b,Kepler-818,2016,Transit,10.035385814,5.11,0.79,-0.43,5638.0,0.92
TOI-1230.01,TOI-1230,2021,Transit,25.05713123288,3.23968384,0.20000492,-0.20000492,5696.0,1.15281
Kepler-1189 b,Kepler-1189,2016,Transit,3.78858982,1.77,0.52,-0.48,6012.0,1.16
WASP-20 b,WASP-20,2015,Transit,4.89964477,15.46839337,0.44835923,-0.44835923,5940.0,1.242
TIC 62895484 b,TIC 62895484,2026,Transit,2.83985434327,3.49391667,0.34644116,-0.29602076,5520.79,0.874291
WASP-182 b,WASP-182,2019,Transit,3.3769848,9.52765,0.33627,-0.33627,5638.0,1.34
EPIC 249893012 c,EPIC 249893012,2020,Transit,15.624,3.67,0.17,-0.14,5430.0,1.71
WASP-35 b,WASP-35,2011,Transit,3.16158,14.5717,0.78463,-0.78463,5990.0,1.08
Kepler-529 c,Kepler-529,2016,Transit,12.8345022,2.0,0.41,-0.21,6087.0,1.14
Kepler-313 c,Kepler-313,2014,Transit,32.273273,2.57,0.42,-0.42,5727.0,1.536
TOI-3629 b,TOI-3629,2022,Transit,3.936551,8.29464572,0.22417961,-0.22417961,3870.0,0.6
HAT-P-61 b,HAT-P-61,2021,Transit,1.90231289,10.07687365,0.30264248,-0.30264248,5587.0,0.938
TOI-712 c,TOI-712,2022,Transit,51.69906,2.701,0.092,-0.082,4622.0,0.674
TOI-2589 b,TOI-2589,2023,Transit,61.6277,12.10569916,0.33626942,-0.33626942,5579.0,1.07
NGTS-27 b,NGTS-27,2024,Transit,3.3704181,15.64773706,0.42594127,-0.39231432,5700.0,1.77
Kepler-84 e,Kepler-84,2014,Transit,27.434389,2.6,0.49,-0.49,6031.0,1.169
Kepler-1011 b,Kepler-1011,2016,Transit,5.753221974,2.87,0.29,-0.44,5416.0,0.88
HD 137496 b,HD 137496,2021,Transit,1.62116,1.31,0.06,-0.05,5799.0,1.59
Kepler-1600 b,Kepler-1600,2016,Transit,386.370548,3.13,0.28,-0.17,5214.0,0.82
Kepler-49 c,Kepler-49,2012,Transit,10.91,2.444,0.083,-0.082,4095.6,0.618
Kepler-441 b,Kepler-441,2015,Transit,207.2482,1.64,0.22,-0.24,4340.0,0.55
Kepler-126 c,Kepler-126,2014,Transit,21.869741,1.58,0.13,-0.13,6239.0,1.358
K2-14 b,K2-14,2015,Transit,8.36802,4.81,0.42,-0.42,3789.0,0.45
Kepler-748 b,Kepler-748,2016,Transit,7.40742793,2.52,0.65,-0.29,5934.0,1.1
Kepler-1349 b,Kepler-1349,2016,Transit,2.12823928,0.7,0.63,-0.11,6086.0,1.28
Kepler-394 d,Kepler-394,2021,Transit,5.613580227,1.50066814,,,6398.0,1.101
TOI-2048 b,TOI-2048,2022,Transit,13.79019,2.61,0.17,-0.16,5185.0,0.79
Kepler-619 c,Kepler-619,2016,Transit,1.208465026,1.69,0.39,-0.17,5980.0,1.11
Kepler-253 b,Kepler-253,2014,Transit,3.783986,1.63,0.67,-0.67,5208.0,0.786
K2-113 b,K2-113,2017,Transit,5.817685,12.14,0.35,-0.35,5660.0,1.24
Kepler-898 b,Kepler-898,2016,Transit,5.8706191,1.49,0.3,-0.09,4223.0,0.62
TOI-2107 b,TOI-2107,2024,Transit,2.4545467,13.57407563,0.39231432,-0.35868738,5627.0,0.932
WASP-58 b,WASP-58,2012,Transit,5.01718,16.02887,1.56926,-1.56926,5800.0,1.22
Kepler-139 c,Kepler-139,2014,Transit,157.072878,3.38,0.69,-0.69,5594.0,1.3
Kepler-641 b,Kepler-641,2016,Transit,9.48961571,1.85,0.31,-0.25,5713.0,1.13
Kepler-217 c,Kepler-217,2014,Transit,8.586004,1.85,0.27,-0.27,6171.0,1.799
Kepler-235 d,Kepler-235,2014,Transit,20.060548,2.05,0.1,-0.1,4255.0,0.554
Kepler-642 b,Kepler-642,2016,Transit,4.41745855,2.9,1.3,-0.56,6570.0,1.66
Kepler-457 d,KOI-7892,2021,Transit,10.6906004,2.98467257,,,6474.0,1.242
Kepler-868 b,Kepler-868,2016,Transit,5.03251791,2.05,0.2,-0.17,5614.0,0.89
K2-384 c,K2-384,2022,Transit,4.194766,1.191,0.053,-0.075,3623.0,0.348
Kepler-551 b,Kepler-551,2016,Transit,12.3764661,2.73,0.25,-0.15,4286.0,0.63
Kepler-153 b,Kepler-153,2014,Transit,18.870227,2.92,1.76,-1.76,5404.0,0.892
Kepler-181 c,Kepler-181,2014,Transit,4.302149,1.99,0.98,-0.98,5333.0,0.749
KOI-217 b,KOI-217,2010,Transit,3.90512,12.442,0.224,-0.224,5545.0,0.86
Kepler-776 b,Kepler-776,2016,Transit,4.89718784,1.28,0.11,-0.07,5071.0,0.78
TOI-712 b,TOI-712,2022,Transit,9.531361,2.049,0.012,-0.08,4622.0,0.674
V1298 Tau b,V1298 Tau,2019,Transit,24.140006,9.41,0.57,-0.57,4970.0,1.32
K2-352 b,K2-352,2021,Transit,3.665912,1.37,0.1,-0.07,5791.0,0.95
TOI-3288 b,TOI-3288,2025,Transit,1.4338647,12.24020692,0.36989636,-0.36989636,4072.0,0.672
Kepler-1413 b,Kepler-1413,2016,Transit,13.1829642,1.82,0.16,-0.15,5196.0,0.8
HATS-60 b,HATS-60,2018,Transit,3.560829,12.923977,0.594077,-0.594077,5688.0,1.46
Kepler-465 b,Kepler-465,2016,Transit,9.940672466,2.95,0.25,-0.16,6310.0,1.29
Kepler-953 c,Kepler-953,2016,Transit,9.10967112,1.19,0.11,-0.09,5416.0,0.99
Wolf 503 b,Wolf 503,2018,Transit,6.00127,2.043,0.069,-0.069,4716.0,0.689
Kepler-1525 b,Kepler-1525,2016,Transit,2.416601183,0.91,0.06,-0.04,5748.0,1.04
Kepler-1009 b,Kepler-1009,2016,Transit,11.35011917,2.17,0.27,-0.24,4027.0,0.57
TOI-1075 b,TOI-1075,2022,Transit,0.6047328,1.791,0.116,-0.081,3875.0,0.581
Kepler-250 c,Kepler-250,2014,Transit,7.156804,2.28,1.31,-1.31,5160.0,0.805
Kepler-1420 b,Kepler-1420,2016,Transit,6.69960006,1.28,0.14,-0.12,5187.0,0.79
K2-227 b,K2-227,2018,Transit,13.621832,1.66551298,1.22117412,-0.17927703,5673.0,0.890666
TOI-672 b,TOI-672,2023,Transit,3.633581,5.31,0.24,-0.26,3810.0,0.54
K2-333 b,K2-333,2021,Transit,14.759287,6.18,0.28,-0.25,5880.0,1.22
TOI-1696 b,TOI-1696,2022,Transit,2.500311,3.09,0.11,-0.11,3185.0,0.2775
Kepler-1514 c,Kepler-1514,2020,Transit,10.514181,1.1758241,0.0571659,-0.0437151,6145.0,1.289
Kepler-1562 b,Kepler-1562,2016,Transit,64.2737752,3.55,1.0,-0.42,5760.0,1.05
Kepler-79 e,Kepler-79,2014,Transit,81.0665,3.53,0.16,-0.16,6389.0,1.316
Kepler-235 c,Kepler-235,2014,Transit,7.824904,1.28,0.08,-0.08,4255.0,0.554
HATS-31 b,HATS-31,2016,Transit,3.37796,18.38276,2.46598,-2.46598,6050.0,1.87
Kepler-20 d,Kepler-20,2011,Transit,77.611455,2.606,0.053,-0.039,5495.0,0.9164
K2-165 c,K2-165,2018,Transit,4.382745,1.55409035,0.20925649,-0.11010438,5185.0,0.803827
TOI-904 b,TOI-904,2023,Transit,10.8772,2.426,0.163,-0.152,3770.2,0.527
TOI-1130 b,TOI-1130,2020,Transit,4.074554,3.66,0.03,-0.04,4360.0,0.697
TOI-1268 b,TOI-1268,2022,Transit,8.1577094,9.1,0.6,-0.6,5300.0,0.92
Kepler-947 b,Kepler-947,2016,Transit,26.9644317,2.28,0.23,-0.23,5508.0,0.87
TOI-4561 b,TOI-4561,2026,Transit,8.93547936706,1.77789214,0.26732078,-0.19848508,5537.93,0.851957
TOI-1246 c,TOI-1246,2022,Transit,5.904137,2.45109846,0.13824169,-0.08751012,5213.0,0.8649
Kepler-1402 b,Kepler-1402,2016,Transit,2.03387914,0.76,0.08,-0.07,5416.0,0.87
K2-27 b,K2-27,2016,Transit,6.771347,4.74,0.13,-0.06,5246.0,0.876
Kepler-689 b,Kepler-689,2016,Transit,22.36656079,2.89,0.35,-0.23,5518.0,0.88
TOI-677 b,TOI-677,2020,Transit,11.2365985,13.11450742,0.32506044,-0.33626942,6295.0,1.28
Kepler-271 b,Kepler-271,2014,Transit,10.43547805,1.23,0.08,-0.07,5555.0,0.87
CoRoT-24 c,CoRoT-24,2014,Transit,11.759,5.0,0.5,-0.5,4950.0,0.86
K2-175 b,K2-175,2018,Transit,9.525988,2.03803688,0.35536293,-0.27066826,5909.0,1.420038
K2-21 c,K2-21,2015,Transit,15.50192,2.49,0.17,-0.19,4222.06,0.646783
Kepler-1205 b,Kepler-1205,2016,Transit,1.078390352,1.41,0.1,-0.09,5226.0,0.81
TIC 77552382 b,TIC 77552382,2026,Transit,3.51025904942,5.69176189,0.68938597,-0.51868695,4981.07,0.886956
Kepler-1814 c,Kepler-1814,2023,Transit,0.626281766,1.76,0.13,-0.18,4922.0,0.823
Kepler-1067 c,Kepler-1067,2021,Transit,5.425839901,1.74682428,,,5594.0,0.934
Kepler-336 c,Kepler-336,2014,Transit,9.600001,2.1,0.37,-0.37,5867.0,1.304
Kepler-252 b,Kepler-252,2014,Transit,6.668391,1.23,0.12,-0.12,4208.0,0.549
EPIC 201841433 b,EPIC 201841433,2019,Transit,4.1698,1.04,0.037,-0.032,5053.0,0.628461
WASP-75 b,WASP-75,2013,Transit,2.484193,14.235,0.538,-0.538,6100.0,1.26
Kepler-1181 b,Kepler-1181,2016,Transit,4.89337519,1.57,0.65,-0.26,6176.0,1.3
TOI-6884 b,TOI-6884,2026,Transit,4.808264,10.39072511,0.57165802,-0.582867,6330.0,1.84
Kepler-423 b,Kepler-423,2014,Transit,2.6843285,13.361,0.583,-0.583,5560.0,0.95
Kepler-65 d,Kepler-65,2012,Transit,8.13123,1.52,0.04,-0.04,6211.0,1.41
K2-79 b,K2-79,2016,Transit,10.995039,4.15,0.19,-0.18,5897.0,1.269
Kepler-1395 b,Kepler-1395,2016,Transit,3.78470649,0.8,0.09,-0.06,6138.0,1.23
Kepler-201 b,Kepler-201,2014,Transit,25.672083,2.46,0.48,-0.48,6065.0,1.229
Kepler-1518 b,Kepler-1518,2016,Transit,5.11177904,3.05,0.92,-0.63,6846.0,1.88
Kepler-1383 b,Kepler-1383,2016,Transit,13.9093583,1.41,0.63,-0.29,6370.0,1.44
Kepler-229 c,Kepler-229,2014,Transit,16.068638,4.92,1.74,-1.74,5120.0,0.728
Kepler-800 b,Kepler-800,2016,Transit,14.13176026,2.85,0.34,-0.26,5315.0,0.82
Kepler-561 b,Kepler-561,2016,Transit,58.3620495,6.96,1.21,-0.61,5646.0,0.94
Kepler-1272 b,Kepler-1272,2016,Transit,51.1309704,2.37,0.7,-0.32,5926.0,1.09
WASP-47 e,WASP-47,2015,Transit,0.78961,1.83,0.02,-0.02,5565.0,1.156
Kepler-137 c,Kepler-137,2014,Transit,18.735753,1.88,0.14,-0.14,5187.0,0.802
TOI-782 b,TOI-782,2024,Transit,8.0240015,2.734,0.085,-0.085,3370.0,0.413
Kepler-309 c,Kepler-309,2014,Transit,105.356383,2.51,0.18,-0.18,4713.0,0.721
HAT-P-65 b,HAT-P-65,2016,Transit,2.60544751,18.05766791,0.26901554,-0.26901554,5872.0,1.666
Kepler-722 b,Kepler-722,2016,Transit,4.093573252,2.63,0.71,-0.29,5863.0,1.05
Kepler-1478 b,Kepler-1478,2016,Transit,26.0840594,1.73,0.47,-0.19,5904.0,1.06
Kepler-418 c,Kepler-418,2021,Transit,12.21829987,5.22108654,,,5822.0,1.081
HD 110067 d,HD 110067,2023,Transit,20.519617,2.852,0.039,-0.039,5266.0,0.788
Kepler-333 c,Kepler-333,2014,Transit,24.08821,1.11,0.2,-0.2,4259.0,0.534
Kepler-203 c,Kepler-203,2014,Transit,5.370647,2.47,0.47,-0.47,5821.0,1.114
TOI-1203.01,TOI-1203,2021,Transit,25.502672,2.918,0.046,-0.045,5737.0,1.179
Kepler-238 d,Kepler-238,2014,Transit,13.233549,3.07,0.57,-0.57,5751.0,1.43
Kepler-221 b,Kepler-221,2014,Transit,2.795906,1.71,0.17,-0.17,5243.0,0.821
Kepler-745 b,Kepler-745,2016,Transit,9.93143556,2.16,0.58,-0.22,5849.0,1.04
Kepler-810 b,Kepler-810,2016,Transit,4.59725385,1.93,0.41,-0.19,5803.0,1.04
Kepler-1365 c,Kepler-1365,2016,Transit,4.77468005,0.8,0.12,-0.08,5770.0,1.05
Kepler-353 b,Kepler-353,2014,Transit,5.795278,0.89,0.06,-0.06,3903.0,0.504
HD 28109 d,HD 28109,2022,Transit,84.2899,3.11,0.15,-0.15,6189.0,1.425
CoRoT-21 b,CoRoT-21,2012,Transit,2.72474,14.5717,1.56926,-1.56926,6200.0,1.95
Kepler-716 b,Kepler-716,2016,Transit,10.37168453,2.9,0.35,-0.17,5099.0,0.78
TOI-4034 b,TOI-4034,2026,Transit,1.8020932,17.71018951,0.22417961,-0.22417961,5891.0,1.83
Kepler-101 b,Kepler-101,2014,Transit,3.4876812,5.77,0.85,-0.79,5667.0,1.56
HAT-P-4 b,HAT-P-4,2007,Transit,3.056536,14.28,0.549,-0.673,5860.0,1.596
Kepler-619 d,Kepler-619,2023,Transit,11.67894236,4.17,1.31,-0.44,6122.0,0.964
Kepler-411 c,Kepler-411,2016,Transit,7.834435,4.421,0.062,-0.062,4974.0,0.82
Kepler-1601 b,Kepler-1601,2016,Transit,2.20921951,0.82,0.24,-0.11,5869.0,1.07
K2-66 b,K2-66,2016,Transit,5.06963,2.49,0.34,-0.24,5887.0,1.67
TOI-1691 b,TOI-1691,2024,Transit,16.736888935,3.66,0.236,-0.207,5759.0,1.0
K2-230 b,K2-230,2018,Transit,2.86041,1.96,0.18,-0.16,5945.0,1.39
Kepler-1026 b,Kepler-1026,2016,Transit,36.5156053,2.21,0.33,-0.15,4948.0,0.75
Kepler-445 b,Kepler-445,2015,Transit,2.984151,1.58,0.23,-0.23,3157.0,0.21
K2-117 b,K2-117,2017,Transit,1.2916,2.03,0.1,-0.1,3778.0,0.51
Kepler-138 d,Kepler-138,2014,Transit,23.0923,1.51,0.04,-0.04,3841.0,0.535
Kepler-540 b,Kepler-540,2016,Transit,172.7049784,2.71,0.38,-0.26,5946.0,1.08
TIC 437041147 b,TIC 437041147,2026,Transit,3.82301421497,2.21526814,0.32466894,-0.29917369,5224.36,0.961092
Kepler-33 c,Kepler-33,2011,Transit,13.17562,3.2,0.3,-0.3,5904.0,1.82
KELT-10 b,KELT-10,2016,Transit,4.1662739,15.681391,0.773421,-0.549241,5948.0,1.209
Kepler-583 b,Kepler-583,2016,Transit,6.5100253,2.28,0.29,-0.15,5523.0,0.91
Kepler-1649 c,Kepler-1649,2020,Transit,19.53527,1.06,0.15,-0.1,3240.0,0.2317
Kepler-1167 b,Kepler-1167,2016,Transit,1.003933739,1.71,0.12,-0.12,4971.0,0.75
WASP-57 b,WASP-57,2012,Transit,2.83891856,11.76945,0.594077,-0.594077,5600.0,0.927
Kepler-1779 b,Kepler-1779,2021,Transit,16.34359932,3.03295685,,,5730.0,1.056
Kepler-1770 b,Kepler-1770,2021,Transit,16.84189987,2.84141754,,,5602.0,1.009
Kepler-216 b,Kepler-216,2014,Transit,7.693641,2.35,0.46,-0.46,6091.0,1.26
TOI-2768 b,TOI-2768,2024,Transit,1.50801,2.63,0.45,-0.44,4008.0,0.657
Kepler-529 d,Kepler-529,2021,Transit,35.86619949,2.79502603,,,6078.0,1.189
Kepler-381 d,Kepler-381,2021,Transit,8.256299973,1.0667865,,,6197.0,2.188
Kepler-296 d,Kepler-296,2014,Transit,19.850291,2.09,0.33,-0.32,3740.0,0.48
Kepler-1739 b,Kepler-1739,2021,Transit,7.343709946,2.43056832,,,5757.0,0.762
Kepler-278 b,Kepler-278,2014,Transit,30.1556,3.955,0.08,-0.08,4965.0,2.861
Kepler-615 b,Kepler-615,2016,Transit,10.35584657,1.74,0.09,-0.1,4655.0,0.69
TOI-6383 A b,TOI-6383 A,2024,Transit,1.79058695,11.29,0.41,-0.37,3444.0,0.457
K2-268 e,K2-268,2021,Transit,6.131243,1.33,0.11,-0.08,5106.0,0.78
Kepler-1638 b,Kepler-1638,2016,Transit,259.33683,1.87,0.33,-0.22,5710.0,0.95
Kepler-1254 d,Kepler-1254,2016,Transit,5.72717226,1.31,0.09,-0.11,4985.0,0.75
Kepler-752 b,Kepler-752,2016,Transit,18.82747265,2.81,0.26,-0.21,5373.0,0.83
Kepler-1692 b,Kepler-1692,2020,Transit,5.95966,1.11177184,,,5146.0,0.866139
K2-45 b,K2-45,2016,Transit,1.7292684,6.71,0.0,0.0,4103.0,0.445
TOI-4504 b,TOI-4504,2024,Transit,2.42614,2.691,0.191,-0.191,5315.0,0.92
Kepler-148 b,Kepler-148,2014,Transit,1.729366,1.8,0.87,-0.87,5272.0,0.851
Kepler-1760 b,Kepler-1760,2021,Transit,38.3260994,2.28995546,,,5229.0,0.903
Kepler-6 b,Kepler-6,2009,Transit,3.2346996,14.616536,0.201762,-0.369897,5647.0,1.391
Kepler-1756 b,Kepler-1756,2021,Transit,2.355750084,1.47199944,,,4915.0,0.812
Kepler-299 e,Kepler-299,2014,Transit,38.285489,1.87,0.39,-0.39,5617.0,1.032
Kepler-1064 b,Kepler-1064,2016,Transit,16.54080322,1.55,0.07,-0.05,5153.0,0.79
K2-366 b,K2-366,2022,Transit,15.937039,2.359,0.187,-0.167,5601.0,0.94
Kepler-766 b,Kepler-766,2016,Transit,6.10027804,3.39,0.93,-0.4,5992.0,1.15
Kepler-373 b,Kepler-373,2014,Transit,5.535309,1.36,0.67,-0.67,5787.0,0.845
Kepler-208 b,Kepler-208,2014,Transit,4.22864,1.63,0.3,-0.3,6092.0,1.314
HATS-13 b,HATS-13,2015,Transit,3.0440499,13.585308,0.392315,-0.392315,5523.0,0.887
Kepler-1146 b,Kepler-1146,2016,Transit,2.352265797,1.23,0.1,-0.08,4692.0,0.7
TOI-5300 b,TOI-5300,2025,Transit,2.262196,9.86390302,0.89671846,-0.89671846,4610.0,0.65
WASP-100 b,WASP-100,2014,Transit,2.84938,14.90797,1.56926,-1.56926,6900.0,1.57
Kepler-1643 b,Kepler-1643,2016,Transit,5.342657,2.32,0.13,-0.13,4916.0,0.855
XO-4 b,XO-4,2010,Transit,4.12508,14.01125,0.89672,-0.89672,6397.0,1.45
Kepler-1969 b,Kepler-1969,2021,Transit,6.647520065,1.68161001,,,6046.0,1.007
WASP-13 b,WASP-13,2009,Transit,4.35301,13.67498,1.56926,-1.56926,5950.0,1.37
TOI-5799 b,TOI-5799,2024,Transit,4.164507,1.733,0.096,-0.09,3452.0,0.321
Kepler-1963 b,Kepler-1963,2021,Transit,1.962260008,0.74437023,,,5726.0,0.979
Kepler-426 b,Kepler-426,2014,Transit,3.21751883,12.22,0.34,-0.34,5725.0,0.92
NGTS-33 b,NGTS-33,2024,Transit,2.827972,18.38272835,0.78462865,-0.78462865,7437.0,1.47
Kepler-1834 b,Kepler-1834,2021,Transit,4.603010178,1.4593834,,,4821.0,0.788
Kepler-122 e,Kepler-122,2014,Transit,37.993273,2.6,0.54,-0.54,6050.0,1.216
Kepler-1276 b,Kepler-1276,2016,Transit,12.5720095,1.19,0.2,-0.11,6188.0,1.21
Kepler-1653 b,Kepler-1653,2017,Transit,140.2524,2.17,0.16,-0.23,4807.0,0.693
Kepler-1410 b,Kepler-1410,2016,Transit,60.866168,1.78,0.12,-0.14,4092.0,0.6
TIC 423703298 b,TIC 423703298,2026,Transit,4.03712711976,2.77230429,0.34462473,-0.29893732,4540.37,0.729825
Kepler-1864 b,Kepler-1864,2021,Transit,3.881510019,0.75408365,,,5854.0,0.979
Kepler-1750 b,Kepler-1750,2021,Transit,205.9120026,6.00434637,,,5644.0,0.969
WASP-24 b,WASP-24,2010,Transit,2.34121,15.46842,1.79344,-1.79344,6075.0,1.42
KELT-8 b,KELT-8,2015,Transit,3.24406,18.15858,1.1209,-1.1209,5754.0,1.46
Kepler-304 d,Kepler-304,2014,Transit,9.653471,2.75,0.21,-0.21,4731.0,0.687
K2-110 b,K2-110,2017,Transit,13.86375,2.592,0.098,-0.097,5010.0,0.713
K2-32 d,K2-32,2016,Transit,31.71701,3.484,0.112,-0.129,5271.0,0.86
Kepler-1101 b,Kepler-1101,2016,Transit,81.3151059,2.47,0.37,-0.21,5614.0,0.91
Kepler-58 d,Kepler-58,2014,Transit,40.101371,2.94,1.4,-1.4,6099.0,1.127
Kepler-1090 b,Kepler-1090,2016,Transit,198.680179,2.25,0.21,-0.17,5321.0,0.82
Kepler-1110 b,Kepler-1110,2016,Transit,9.69312032,2.66,0.38,-0.26,4781.0,0.7
K2-407 c,K2-407,2022,Transit,9.22453,1.36,0.096,-0.088,5563.0,0.927
Kepler-334 d,Kepler-334,2014,Transit,25.09849,1.41,0.26,-0.26,5828.0,1.068
TOI-1470 b,TOI-1470,2023,Transit,2.527093,2.18,0.04,-0.04,3709.0,0.469
TOI-4342 c,TOI-4342,2023,Transit,10.688662,2.349,0.094,-0.092,3866.0,0.598
TOI-2207 b,TOI-2207,2022,Transit,8.001968,11.1529358,0.31385146,-0.30264248,6101.0,1.564
K2-3 b,K2-3,2015,Transit,10.0546535,2.078,0.076,-0.067,3844.0,0.546
OGLE-TR-182 b,OGLE-TR-182,2007,Transit,3.9791,12.666,2.69,-0.897,5924.0,1.14
Kepler-208 d,Kepler-208,2014,Transit,11.131786,1.2,0.23,-0.23,6092.0,1.314
Kepler-1129 c,Kepler-1129,2016,Transit,76.5369586,2.73,0.46,-0.27,5831.0,1.0
Kepler-1553 b,Kepler-1553,2016,Transit,4.24261881,1.15,0.1,-0.09,5288.0,0.81
Kepler-1374 b,Kepler-1374,2016,Transit,10.65276707,2.29,0.2,-0.18,5323.0,0.81
WASP-139 b,WASP-139,2016,Transit,5.924262,8.9672,0.56045,-0.56045,5310.0,0.8
Kepler-639 b,Kepler-639,2016,Transit,10.21420496,2.38,0.55,-0.34,5896.0,1.29
Kepler-655 b,Kepler-655,2016,Transit,46.4063358,2.71,0.41,-0.27,6170.0,1.24
HAT-P-14 b,HAT-P-14,2010,Transit,4.62767,15.91678,1.34508,-1.34508,6600.0,1.82
Kepler-1461 b,Kepler-1461,2016,Transit,29.3494775,2.03,0.09,-0.16,4919.0,0.74
NGTS-23 b,NGTS-23,2022,Transit,4.0764326,14.20177855,0.33626942,-0.33626942,6057.0,1.24
Kepler-340 b,Kepler-340,2014,Transit,14.844387,2.53,0.6,-0.6,6620.0,1.85
Kepler-252 c,Kepler-252,2014,Transit,10.848463,2.15,0.13,-0.13,4208.0,0.549
TOI-2669 b,TOI-2669,2022,Transit,6.2034,19.72780603,1.79343691,-1.79343691,4800.0,4.1
WASP-93 b,WASP-93,2016,Transit,2.7325321,17.900773,0.863093,-0.863093,6700.0,1.524
Kepler-299 b,Kepler-299,2014,Transit,2.927128,1.32,0.27,-0.27,5617.0,1.032
Kepler-276 b,Kepler-276,2014,Transit,14.12841,2.87,1.35,-1.35,6105.0,1.046
Kepler-958 b,Kepler-958,2016,Transit,9.7678805,2.06,0.1,-0.08,5421.0,0.86
K2-384 f,K2-384,2022,Transit,13.62749,2.222,0.091,-0.082,3623.0,0.348
Kepler-381 b,Kepler-381,2014,Transit,5.629021,0.99,0.22,-0.22,6152.0,1.568
Kepler-202 b,Kepler-202,2014,Transit,4.069427,1.63,0.1,-0.1,4668.0,0.667
TIC 349520724 b,TIC 349520724,2026,Transit,7.94044635021,2.82626313,0.431678,-0.2920587,5098.6,0.818771
TOI-1346 c,TOI-1346,2025,Transit,5.502558,2.23,0.14,-0.14,5099.0,0.78
K2-187 c,K2-187,2018,Transit,2.871512,1.4,0.2,-0.2,5438.0,0.83
Kepler-1624 b,Kepler-1624,2016,Transit,3.290314,6.59,0.17,-0.17,3768.0,0.552
TOI-198 b,TOI-198,2023,Transit,10.215213,1.36,0.13,-0.13,3801.0,0.418
Kepler-963 b,Kepler-963,2016,Transit,9.97683705,2.66,0.3,-0.19,5461.0,0.87
Kepler-846 b,Kepler-846,2016,Transit,19.80792185,2.48,0.32,-0.18,5579.0,0.91
TOI-561 b,TOI-561,2020,Transit,0.4465697,1.397,0.027,-0.027,5342.0,0.843
K2-271 b,K2-271,2018,Transit,8.562421,7.28,0.23,-0.23,5644.0,0.99
WASP-188 b,WASP-188,2025,Transit,5.748916,14.81827249,0.57165802,-0.57165802,6850.0,1.83
K2-36 b,K2-36,2016,Transit,1.422614,1.43,0.08,-0.08,4916.0,0.718
WASP-97 b,WASP-97,2014,Transit,2.07276,12.77826,0.67254,-0.67254,5640.0,1.08
Kepler-1798 b,Kepler-1798,2021,Transit,16.85589981,2.30911251,,,3967.0,0.587
TOI-2992 b,TOI-2992,2025,Transit,3.007812,13.75341932,0.50440413,-0.50440413,6000.0,1.545
TOI-4201 b,TOI-4201,2023,Transit,3.5819194,13.67495645,0.44835923,-0.44835923,3794.0,0.63
Kepler-495 c,Kepler-495,2021,Transit,5.896609783,1.21936414,,,5392.0,1.087
Kepler-268 c,Kepler-268,2014,Transit,83.446393,3.38,0.69,-0.69,6081.0,1.274
K2-331 c,K2-331,2021,Transit,22.996591,2.72,0.14,-0.1,5994.0,1.06
K2-268 b,K2-268,2018,Transit,2.151676,1.5,0.12,-0.07,5106.0,0.78
Kepler-1584 b,Kepler-1584,2016,Transit,13.3997099,1.61,0.4,-0.21,6069.0,1.13
Kepler-1368 b,Kepler-1368,2016,Transit,0.675649486,1.65,0.35,-0.17,5906.0,1.08
Kepler-924 b,Kepler-924,2016,Transit,61.0370117,3.07,1.11,-0.61,6167.0,1.23
Kepler-1542 c,Kepler-1542,2016,Transit,2.89223021,0.65,0.09,-0.06,5564.0,0.99
K2-102 b,K2-102,2016,Transit,9.915615,1.3,0.1,-0.1,4695.0,0.71
Kepler-331 c,Kepler-331,2014,Transit,17.28111,1.84,0.19,-0.19,4347.0,0.492
Kepler-1096 b,Kepler-1096,2016,Transit,2.892217506,1.24,0.37,-0.08,4306.0,0.63
K2-404 b,K2-404,2022,Transit,13.115365,2.53,0.084,-0.083,3748.0,0.552
TOI-615 b,TOI-615,2023,Transit,4.6615983,18.97680433,0.582867,-0.6389119,6850.0,1.732
Kepler-303 c,Kepler-303,2014,Transit,7.061149,1.14,0.09,-0.09,3944.0,0.485
WASP-99 b,WASP-99,2014,Transit,5.75251,11.43318,0.67254,-0.67254,6150.0,1.64
HD 56414 b,HD 56414,2022,Transit,29.04992,3.71,0.2,-0.2,8500.0,1.751
Kepler-1388 b,Kepler-1388,2016,Transit,12.2854603,2.59,0.13,-0.14,4098.0,0.61
TOI-628 b,TOI-628,2021,Transit,3.4095675,11.88154,0.459569,-0.381106,6250.0,1.345
Kepler-92 c,Kepler-92,2013,Transit,26.723,2.6,0.08,-0.08,5883.0,1.7
Kepler-552 b,Kepler-552,2016,Transit,5.263415765,3.95,0.82,-0.57,5863.0,1.04
MASCARA-4 b,MASCARA-4,2020,Transit,2.8240932,16.98160576,0.49319515,-0.49319515,7800.0,1.79
Kepler-1846 b,Kepler-1846,2021,Transit,14.82009983,1.76378826,,,4825.0,0.732
EPIC 248847494 b,EPIC 248847494,2018,Transit,3650.0,12.44199,0.78463,-0.78463,4898.0,2.7
TOI-2719 b,TOI-2719,2025,Transit,3.37594,5.98,0.46,-0.46,5762.0,1.69
HAT-P-24 b,HAT-P-24,2010,Transit,3.35524,14.5717,2.35389,-2.35389,6373.0,1.38
KOI-94 e,KOI-94,2013,Transit,54.32031,6.56,0.62,-0.62,6182.0,1.52
NGTS-24 b,NGTS-24,2022,Transit,3.4678796,13.60770257,0.65012088,-0.6949568,5820.0,1.64
Qatar-8 b,Qatar-8,2019,Transit,3.71495,14.403565,0.246598,-0.246598,5738.0,1.315
Kepler-288 c,Kepler-288,2014,Transit,19.305772,2.85,1.36,-1.36,5918.0,1.091
Kepler-1258 b,Kepler-1258,2016,Transit,0.984940167,0.86,0.13,-0.08,5839.0,0.99
TOI-159 b,TOI-159,2026,Transit,3.7628396,18.18,0.16,-0.16,7287.0,1.62
TOI-6628 b,TOI-6628,2025,Transit,18.18424,10.98480109,0.67253884,-0.67253884,5463.0,1.01
TOI-2093 c,TOI-2093,2025,Transit,53.81149,2.3,0.12,-0.12,4426.0,0.729
Kepler-33 f,Kepler-33,2011,Transit,41.02902,4.46,0.41,-0.41,5904.0,1.82
TOI-715 b,TOI-715,2023,Transit,19.288004,1.55,0.064,-0.064,3075.0,0.24
TOI-1266 b,TOI-1266,2020,Transit,10.8945,2.52,0.08,-0.08,3563.0,0.4232
TOI-1836 b,TOI-1836,2024,Transit,20.380799,8.00321222,0.3474784,-0.3474784,6380.0,1.577
Kepler-1103 b,Kepler-1103,2016,Transit,19.79191978,2.27,0.61,-0.27,6092.0,1.15
TOI-1036 b,TOI-1036,2026,Transit,3.77952125496,6.28499593,0.40458464,-0.39895686,5664.68,1.17554
EPIC 212424622 b,EPIC 212424622,2019,Transit,18.0983,2.17,0.67,-0.42,5782.33,1.2247
WASP-127 b,WASP-127,2016,Transit,4.17806203,14.694999,0.280225,-0.325061,5620.0,1.333
Kepler-32 f,Kepler-32,2012,Transit,0.74296,0.82,0.07,-0.07,3900.0,0.53
Kepler-1915 b,Kepler-1915,2021,Transit,13.83539963,3.21798413,,,6020.0,1.057
WASP-121 b,WASP-121,2016,Transit,1.27492504,19.52604438,0.06725388,-0.06725388,6628.0,1.461
K2-217 b,K2-217,2018,Transit,14.074524,3.57854073,0.69817052,-0.48514712,5967.0,1.333718
K2-275 c,K2-275,2018,Transit,8.4388385,2.21,0.08,-0.06,4841.0,0.69
Kepler-968 b,Kepler-968,2016,Transit,3.692983728,2.0,0.08,-0.08,4598.0,0.7
TOI-1756 b,TOI-1756,2026,Transit,2.78301736297,1.94225664,0.34679104,-0.20376951,3891.86,0.562607
HD 93963 A b,HD 93963 A,2022,Transit,1.0376109,1.46954368,0.07347231,-0.06596084,5908.0,1.0311
Kepler-1734 b,Kepler-1734,2021,Transit,6.796850204,3.08851092,,,6061.0,0.97
Kepler-1669 d,Kepler-1669,2023,Transit,4.72941177,1.22,0.05,-0.06,4224.0,0.603
Kepler-993 b,Kepler-993,2016,Transit,22.08557563,2.97,0.18,-0.12,3843.0,0.54
Kepler-288 b,Kepler-288,2014,Transit,6.097326,1.67,0.8,-0.8,5918.0,1.091
KELT-4 A b,KELT-4 A,2016,Transit,2.9895932,19.044091,0.515614,-0.504405,6206.0,1.603
Kepler-215 d,Kepler-215,2014,Transit,30.864423,2.39,0.55,-0.55,5739.0,1.027
Kepler-1867 b,Kepler-1867,2021,Transit,9.887359619,1.15985997,,,5693.0,0.816
EPIC 212737443 b,EPIC 212737443,2019,Transit,13.603,2.586,0.126,-0.126,4684.0,0.673
K2-270 c,K2-270,2018,Transit,4.400028,2.95,0.16,-0.16,4877.0,0.77
Kepler-48 b,Kepler-48,2012,Transit,4.778,1.88,0.1,-0.1,5194.0,0.89
Kepler-550 b,Kepler-550,2016,Transit,8.600104109,4.42,0.34,-0.27,5322.0,0.83
HD 106315 b,HD 106315,2017,Transit,9.55237,2.44,0.17,-0.17,6327.0,1.296
Kepler-215 c,Kepler-215,2014,Transit,14.667108,1.77,0.42,-0.42,5739.0,1.027
TOI-2169 A b,TOI-2169 A,2025,Transit,8.2148282,12.50922246,0.41473229,-0.40352331,6270.0,1.82
Kepler-763 d,Kepler-763,2023,Transit,6.50327035,1.67,0.08,-0.12,4999.0,0.843
K2-268 c,K2-268,2018,Transit,9.327527,2.69,0.77,-0.21,5106.0,0.78
HATS-50 b,HATS-50,2017,Transit,3.8297015,12.66617,0.840675,-0.840675,5990.0,1.117
Kepler-1134 b,Kepler-1134,2016,Transit,17.13263989,2.64,0.21,-0.26,5281.0,0.81
TOI-4308 b,TOI-4308,2023,Transit,9.151201,2.4189,0.1195,-0.1333,5243.0,0.7934
Kepler-1989 b,Kepler-1989,2023,Transit,10.161023528,4.62,1.37,-0.73,6032.0,1.06
Kepler-211 c,Kepler-211,2014,Transit,6.04045,1.29,0.09,-0.09,5123.0,0.816
TOI-1798.02,TOI-1798,2024,Transit,0.437811822,1.464,0.185,-0.113,5165.0,0.78
TOI-4600 b,TOI-4600,2023,Transit,82.6869,6.8,0.31,-0.3,5170.0,0.81
Kepler-567 b,Kepler-567,2016,Transit,16.54297375,2.25,0.15,-0.12,5148.0,0.79
TOI-2019 b,TOI-2019,2024,Transit,15.3444,5.33275337,0.26371361,-0.20823795,5626.0,1.7457
Kepler-24 b,Kepler-24,2011,Transit,8.14,2.348,0.092,-0.091,6028.0,1.099
Kepler-161 b,Kepler-161,2014,Transit,4.921355,2.12,0.14,-0.14,5078.0,0.806
Kepler-1670 b,Kepler-1670,2020,Transit,20.4998,3.3564801,,,5838.0,1.51889
K2-225 b,K2-225,2018,Transit,15.8723,3.60929179,0.28022452,-0.22417961,5520.0,1.7
Kepler-1308 b,Kepler-1308,2016,Transit,2.104338119,0.52,0.06,-0.05,3468.0,0.34
Kepler-24 c,Kepler-24,2011,Transit,12.33,2.514,0.098,-0.098,6028.0,1.099
Kepler-404 c,Kepler-404,2014,Transit,14.751166,1.72,0.85,-0.85,5654.0,0.884
Kepler-1254 b,Kepler-1254,2016,Transit,9.99113313,1.55,0.09,-0.12,4985.0,0.75
WASP-135 b,WASP-135,2015,Transit,1.4013794,14.5717,1.00881,-1.00881,5675.0,0.96
HATS-15 b,HATS-15,2016,Transit,1.74748753,12.385945,0.44836,-0.44836,5311.0,0.922
K2-198 d,K2-198,2019,Transit,7.4500177,2.438,0.13,-0.056,5212.9,0.757
WASP-3 b,WASP-3,2007,Transit,1.84683,15.91678,1.90553,-1.90553,6400.0,1.44
Kepler-170 c,Kepler-170,2014,Transit,16.665863,2.86,0.17,-0.17,5679.0,1.035
Kepler-1936 b,Kepler-1936,2021,Transit,126.5569992,3.16615594,,,6501.0,1.854
KELT-1 b,KELT-1,2012,Transit,1.217514,12.442,0.358687,-0.246598,6516.0,1.471
Kepler-640 b,Kepler-640,2016,Transit,22.24813967,2.56,0.08,-0.22,5653.0,0.94
Kepler-1045 b,Kepler-1045,2016,Transit,26.41045478,2.69,0.21,-0.16,5301.0,0.82
Kepler-1862 b,Kepler-1862,2021,Transit,16.05730057,2.203,,,5644.0,0.806
TOI-2227 b,TOI-2227,2026,Transit,4.22175815648,3.09885187,0.25572292,-0.23281105,5889.54,1.20847
Kepler-990 b,Kepler-990,2016,Transit,9.91723428,2.6,0.65,-0.42,5948.0,1.08
Kepler-50 b,Kepler-50,2012,Transit,7.81254,1.71,0.05,-0.1,6225.0,1.58
K2-260 b,K2-260,2018,Transit,2.62669762,18.41635529,0.65012088,-0.81825559,6860.0,1.755
WASP-144 b,WASP-144,2018,Transit,2.2783152,9.52765,0.56045,-0.56045,5200.0,0.81
Kepler-1304 b,Kepler-1304,2016,Transit,16.1288853,2.29,0.19,-0.53,5259.0,0.81
Kepler-1128 b,Kepler-1128,2016,Transit,61.6178167,3.65,0.53,-0.34,5543.0,0.91
Kepler-1537 b,Kepler-1537,2016,Transit,1.444453798,1.18,0.06,-0.09,5079.0,0.77
TIC 139702105 b,TIC 139702105,2026,Transit,6.83601903383,2.45316949,0.29500474,-0.24622913,5742.35,1.25423
HATS-70 b,HATS-70,2019,Transit,1.8882378,15.513256,0.885511,-0.829466,7930.0,1.881
Kepler-1043 b,Kepler-1043,2016,Transit,38.5053398,2.55,0.39,-0.24,5629.0,0.9
NGTS-35 b,NGTS-35,2025,Transit,25.241192,10.9,0.65,-0.65,4717.0,0.753
Kepler-368 c,Kepler-368,2014,Transit,72.379334,3.88,1.08,-1.08,5502.0,2.019
Kepler-479 b,Kepler-479,2016,Transit,12.49341307,2.12,0.09,-0.07,5247.0,0.81
Kepler-1404 b,Kepler-1404,2016,Transit,15.9314739,2.01,0.14,-0.21,5261.0,0.8
Kepler-1987 b,Kepler-1987,2023,Transit,2.345863002,1.23,0.11,-0.09,4769.0,0.714
Kepler-1085 b,Kepler-1085,2016,Transit,219.3217528,7.22,1.77,-0.74,6000.0,1.14
TOI-1728 b,TOI-1728,2020,Transit,3.49151,5.05,0.16,-0.17,3980.0,0.6243
Kepler-28 c,Kepler-28,2011,Transit,8.99,1.857,0.042,-0.042,4499.3,0.664
Kepler-1135 b,Kepler-1135,2016,Transit,76.957857,1.85,0.33,-0.16,5656.0,0.94
Kepler-173 c,Kepler-173,2014,Transit,8.005777,2.43,1.21,-1.21,6031.0,0.949
TOI-6038 A b,TOI-6038 A,2025,Transit,5.8267311,6.41,0.2,-0.16,6110.0,1.648
SPECULOOS-3 b,SPECULOOS-3,2024,Transit,0.71912603,0.977,0.022,-0.022,2800.0,0.123
Kepler-1445 b,Kepler-1445,2016,Transit,10.60052251,0.96,0.2,-0.13,6150.0,1.26
Kepler-796 b,Kepler-796,2016,Transit,6.40087618,1.3,0.36,-0.22,5475.0,1.09
WASP-52 b,WASP-52,2012,Transit,1.7497798,14.24,0.34,-0.34,5000.0,0.79
Kepler-1095 b,Kepler-1095,2016,Transit,4.27103091,1.21,0.2,-0.12,5658.0,0.92
Kepler-1105 b,Kepler-1105,2016,Transit,4.421572182,2.01,0.06,-0.25,4299.0,0.68
LP 791-18 d,LP 791-18,2023,Transit,2.75485,1.032,0.044,-0.043,2960.0,0.182
TIC 257060897 b,TIC 257060897,2021,Transit,3.66003639,17.26183028,0.48198617,-0.50440413,5993.0,1.863
Kepler-181 b,Kepler-181,2014,Transit,3.137873,1.27,0.62,-0.62,5333.0,0.749
Kepler-1748 b,Kepler-1748,2021,Transit,5.823520184,2.71275017,,,5774.0,0.864
K2-29 b,K2-29,2016,Transit,3.2588321,13.33871,0.22418,-0.22418,5358.0,0.86
Kepler-1347 b,Kepler-1347,2016,Transit,14.00947528,1.03,0.06,-0.05,5193.0,0.79
Kepler-336 d,Kepler-336,2014,Transit,20.678772,2.37,0.48,-0.48,5867.0,1.304
OGLE-TR-56 b,OGLE-TR-56,2002,Transit,1.2119189,15.278,1.031,-1.009,6050.0,1.363
Kepler-1616 b,Kepler-1616,2016,Transit,6.76284377,1.02,0.47,-0.15,6266.0,1.34
Kepler-37 d,Kepler-37,2013,Transit,39.7922622,2.03,0.03,-0.039,5357.0,0.789
TOI-776 b,TOI-776,2020,Transit,8.24662,1.798,0.078,-0.077,3725.0,0.547
Kepler-719 b,Kepler-719,2016,Transit,5.007317779,8.52,1.83,-0.9,5777.0,0.98
HAT-P-28 b,HAT-P-28,2011,Transit,3.257215,13.585,1.267,-0.919,5680.0,1.103
Kepler-667 b,Kepler-667,2016,Transit,41.43962808,4.73,0.39,-0.28,5327.0,0.87
Kepler-772 b,Kepler-772,2016,Transit,12.99207337,1.82,0.37,-0.24,5714.0,1.11
Kepler-4 b,Kepler-4,2009,Transit,3.21346,4.002,0.213,-0.213,5857.0,1.487
WASP-56 b,WASP-56,2012,Transit,4.6171,10.53646,1.00881,-1.00881,5600.0,0.96
Kepler-557 b,Kepler-557,2016,Transit,3.705989551,2.67,0.8,-0.38,6068.0,1.16
Kepler-374 c,Kepler-374,2014,Transit,3.282807,1.1,0.57,-0.57,5977.0,0.911
Kepler-186 f,Kepler-186,2014,Transit,129.9441,1.17,0.08,-0.08,3755.0,0.523
Kepler-351 c,Kepler-351,2014,Transit,57.24809,3.19,1.55,-1.55,5643.0,0.854
TOI-5007 b,TOI-5007,2026,Transit,2.543371,11.07447293,0.3474784,-0.3474784,3793.0,0.656
EPIC 206024342 d,EPIC 206024342,2021,Transit,14.647531,2.6,0.9,-0.9,5724.0,1.1
GPX-1 b,GPX-1,2021,Transit,1.744579,16.47720163,1.12089807,-1.12089807,7000.0,1.56
EPIC 249893012 b,EPIC 249893012,2020,Transit,3.5951,1.95,0.09,-0.08,5430.0,1.71
K2-221 b,K2-221,2018,Transit,2.399094,1.67890272,0.1668616,-0.09566216,5716.0,0.947599
Kepler-310 d,Kepler-310,2014,Transit,92.876125,2.47,1.15,-1.15,5797.0,0.876
Kepler-1585 b,Kepler-1585,2016,Transit,3.5827463,1.79,0.25,-0.16,5538.0,0.91
TOI-6041 b,TOI-6041,2025,Transit,26.04945,4.55,0.18,-0.17,5445.0,0.879
Kepler-161 c,Kepler-161,2014,Transit,7.06424,2.05,0.15,-0.15,5078.0,0.806
Kepler-553 c,Kepler-553,2016,Transit,328.24017,11.57887706,0.35868738,-0.28022452,5191.0,0.902
HIP 9618 c,HIP 9618,2023,Transit,52.56363,3.42855926,0.0971864,-0.08596176,5649.0,0.9593
Kepler-1169 b,Kepler-1169,2016,Transit,6.11009134,0.94,0.06,-0.06,6191.0,1.23
Kepler-861 b,Kepler-861,2016,Transit,3.949631375,2.28,0.12,-0.13,5047.0,0.78
TOI-269 b,TOI-269,2021,Transit,3.6977104,2.77,0.12,-0.12,3514.0,0.398
K2-115 b,K2-115,2017,Transit,20.2729914,11.80305668,0.33626942,-0.31385146,5870.0,0.855
Kepler-489 b,Kepler-489,2016,Transit,17.276296119,7.72,0.17,-0.2,5014.0,0.76
Kepler-839 b,Kepler-839,2016,Transit,37.8144514,2.57,0.41,-0.25,6058.0,1.31
TOI-6393 b,TOI-6393,2026,Transit,9.53176110329,2.75958542,0.35078393,-0.28229752,5008.2,0.766023
K2-342 b,K2-342,2021,Transit,11.561052,2.03,0.13,-0.09,5920.0,1.09
TOI-5542 b,TOI-5542,2022,Transit,75.12375,11.30986153,0.40352331,-0.39231432,5700.0,1.058
Kepler-960 b,Kepler-960,2016,Transit,3.12686223,2.29,0.07,-0.25,4755.0,0.72
Kepler-261 c,Kepler-261,2014,Transit,24.570858,2.0,0.14,-0.14,5098.0,0.794
Kepler-348 b,Kepler-348,2014,Transit,7.05677,1.52,0.29,-0.29,6177.0,1.359
Kepler-1386 b,Kepler-1386,2016,Transit,6.73972381,1.24,0.38,-0.13,5733.0,1.03
Kepler-528 b,Kepler-528,2016,Transit,19.78297415,2.08,0.29,-0.19,5807.0,1.06
TOI-5573 b,TOI-5573,2025,Transit,8.79758977,9.75,0.47,-0.47,3790.0,0.594
HATS-26 b,HATS-26,2016,Transit,3.3023881,19.61575,2.35389,-2.35389,6071.0,2.04
Kepler-1533 b,Kepler-1533,2016,Transit,308.5471,3.46,1.49,-0.68,6431.0,1.51
Kepler-102 c,Kepler-102,2014,Transit,7.071392,0.567,0.028,-0.028,4909.0,0.724
Kepler-215 e,Kepler-215,2014,Transit,68.16101,1.75,0.41,-0.41,5739.0,1.027
Kepler-394 b,Kepler-394,2014,Transit,8.005013,1.6,0.82,-0.82,6402.0,1.132
Kepler-820 b,Kepler-820,2016,Transit,127.8338098,6.09,2.68,-0.89,6260.0,1.36
K2-259 b,K2-259,2018,Transit,15.48043,2.32,0.2,-0.17,6059.0,1.13
Kepler-1942 b,Kepler-1942,2021,Transit,4.626049995,2.1170287,,,5834.0,0.797
Kepler-416 c,Kepler-416,2014,Transit Timing Variations,12.209,2.352,0.081,-0.081,5718.0,1.075
Kepler-401 c,Kepler-401,2014,Transit,47.318218,2.15,0.4,-0.4,6117.0,1.333
Kepler-769 c,Kepler-769,2016,Transit,15.9870174,1.79,0.76,-0.27,6186.0,1.28
Kepler-417 b,Kepler-417,2014,Transit Timing Variations,12.331,2.31,0.86,-0.17,5177.0,0.806
Kepler-1483 b,Kepler-1483,2016,Transit,9.5085156,1.52,0.66,-0.3,6337.0,1.4
Kepler-608 b,Kepler-608,2016,Transit,6.412515037,3.64,0.72,-0.44,5820.0,1.01
Kepler-59 b,Kepler-59,2012,Transit,11.8681707,1.1,,,6074.0,0.94
Kepler-193 b,Kepler-193,2014,Transit,11.38848,2.39,1.08,-1.08,6335.0,1.147
Kepler-888 b,Kepler-888,2016,Transit,70.6979061,1.76,0.08,-0.06,5875.0,0.9
NGTS-3 A b,NGTS-3 A,2018,Transit,1.6753728,16.58932,4.14733,-4.14733,5600.0,0.93
Kepler-1972 b,Kepler-1972,2022,Transit,7.54425,0.802,0.042,-0.041,5818.0,1.384
EPIC 206024342 b,EPIC 206024342,2019,Transit,4.50756,1.7,0.59,-0.31,5724.0,0.823
Kepler-799 c,Kepler-799,2021,Transit,15.19419956,2.78068551,,,5588.0,1.593
Kepler-228 d,Kepler-228,2014,Transit,11.094286,4.04,1.85,-1.85,6043.0,1.014
Kepler-1875 b,Kepler-1875,2021,Transit,34.45859909,3.22686692,,,6161.0,0.862
Kepler-326 d,Kepler-326,2014,Transit,6.766888,1.21,0.09,-0.09,5105.0,0.801
Kepler-1642 b,Kepler-1642,2016,Transit,12.2057513,3.2,0.34,-0.25,5355.0,0.84
K2-355 b,K2-355,2021,Transit,5.7385647,2.25,0.22,-0.16,5790.0,0.92
K2-231 b,K2-231,2018,Transit,13.841901,2.5,0.2,-0.2,5695.0,0.95
Kepler-125 c,Kepler-125,2014,Transit,5.774464,0.74,0.05,-0.05,3810.0,0.512
Kepler-174 c,Kepler-174,2014,Transit,44.000529,1.49,0.09,-0.09,4880.0,0.622
K2-162 b,K2-162,2018,Transit,9.45889,1.44,0.11,-0.07,4842.0,0.69
WASP-1 b,WASP-1,2007,Transit,2.5199454,16.623,0.269,-0.381,6110.0,1.47
Wendelstein-1 b,Wendelstein-1,2020,Transit,2.663416,11.5609626,0.0683749,-0.0683749,4251.0,0.61
Kepler-1752 b,Kepler-1752,2021,Transit,56.35850143,4.54060463,,,5446.0,0.821
KOI-351 f,KOI-351,2013,Transit,124.9144,2.88,0.52,-0.52,6080.0,1.2
K2-138 d,K2-138,2017,Transit,5.40479,2.39,0.104,-0.084,5356.3,0.863
Kepler-1615 b,Kepler-1615,2016,Transit,47.3126192,2.06,0.48,-0.58,5865.0,1.05
Kepler-1289 b,Kepler-1289,2016,Transit,7.99019627,1.52,0.49,-0.24,6080.0,1.17
WASP-41 b,WASP-41,2011,Transit,3.0524,12.3299,0.56045,-0.56045,5545.0,0.83
TOI-1136 d,TOI-1136,2022,Transit,12.5199,4.627,0.077,-0.072,5770.0,0.968
Kepler-963 c,Kepler-963,2024,Transit,0.919783,0.6,0.2,-0.2,5169.47,0.928
Kepler-327 d,Kepler-327,2014,Transit,13.969457,1.73,0.1,-0.1,3799.0,0.492
Kepler-722 c,Kepler-722,2016,Transit,105.144749,2.82,0.56,-0.33,5863.0,1.05
K2-415 b,K2-415,2023,Transit,4.0179694,1.015,0.051,-0.0051,3173.0,0.1965
TOI-1803 b,TOI-1803,2025,Transit,6.293287,2.99,0.08,-0.08,4687.0,0.715
K2-169 b,K2-169,2018,Transit,6.380803,1.27328671,0.10733117,-0.07695112,5548.0,0.919053
TOI-2485 b,TOI-2485,2024,Transit,11.23479,12.1393261,0.50440413,-0.50440413,6016.4,1.72
HATS-28 b,HATS-28,2016,Transit,3.1810781,13.383546,0.78463,-0.78463,5498.0,0.922
Kepler-1186 b,Kepler-1186,2016,Transit,16.07677615,2.23,0.36,-0.22,5635.0,0.93
Kepler-618 b,Kepler-618,2016,Transit,3.595769645,2.6,0.78,-0.41,5860.0,1.08
K2-405 b,K2-405,2022,Transit,3.435471,4.569,0.085,-0.123,4927.0,0.765
WASP-192 b,WASP-192,2019,Transit,2.8786765,13.78707,0.89672,-0.89672,5910.0,1.32
Kepler-342 d,Kepler-342,2014,Transit,39.459357,2.49,0.48,-0.48,6175.0,1.472
HD 108236 b,HD 108236,2020,Transit,3.795963,1.615,0.051,-0.051,5660.0,0.877
TOI-1758 b,TOI-1758,2024,Transit,20.705074685,3.62,0.337,-0.269,5169.0,0.81
HR 858 d,HR 858,2019,Transit,11.230511,2.001,0.063,-0.064,6354.0,1.258
Kepler-979 b,Kepler-979,2016,Transit,8.0880135,2.72,0.42,-0.23,5310.0,0.83
TOI-1135 b,TOI-1135,2024,Transit,8.0277327,9.91994792,0.31385146,-0.31385146,6320.0,1.202
TOI-270 b,TOI-270,2019,Transit,3.35992,1.28,0.05,-0.04,3506.0,0.38
TOI-2193 A b,TOI-2193 A,2022,Transit,2.1225735,19.83989584,,,5966.0,1.248
Kepler-1492 b,Kepler-1492,2016,Transit,16.75255007,1.49,0.28,-0.16,4712.0,0.72
K2-16 b,K2-16,2015,Transit,7.6188,2.02,0.24,-0.24,4742.0,0.66
DS Tuc A b,DS Tuc A,2019,Transit,8.138268,5.7,0.17,-0.17,5428.0,0.964
HATS-74 A b,HATS-74 A,2021,Transit,1.73185606,11.56766808,0.23538859,-0.23538859,3776.9,0.5758
TOI-4479 b,TOI-4479,2022,Transit,1.1589,2.82,0.65,-0.63,3400.0,0.451
Kepler-222 d,Kepler-222,2014,Transit,28.081912,3.69,1.63,-1.63,5433.0,0.869
Kepler-1568 b,Kepler-1568,2016,Transit,20.925392,1.3,0.21,-0.15,5956.0,1.19
Kepler-1207 b,Kepler-1207,2016,Transit,13.68237119,1.62,0.51,-0.18,5909.0,1.06
HATS-23 b,HATS-23,2017,Transit,2.1605156,20.84874,3.3627,-4.4836,5780.0,1.199
Kepler-1636 b,Kepler-1636,2016,Transit,425.47785,3.23,0.76,-0.35,5797.0,1.02
K2-207 b,K2-207,2018,Transit,12.48749,2.60585269,0.36979751,-0.20931396,5522.0,0.928158
K2-52 b,K2-52,2016,Transit,3.535055,18.0,2.2,-2.2,7147.0,2.192
Kepler-1822 b,Kepler-1822,2021,Transit,22.13339996,2.64755943,,,5165.0,0.702
HD 189733 b,HD 189733,2005,Radial Velocity,2.21857567,12.66617,0.11209,-0.11209,5052.0,0.75
Kepler-164 c,Kepler-164,2014,Transit,10.945723,2.73,0.52,-0.52,5888.0,1.148
Kepler-712 b,Kepler-712,2016,Transit,21.02247699,3.41,0.14,-0.11,5148.0,0.78
Kepler-208 c,Kepler-208,2014,Transit,7.466623,1.39,0.26,-0.26,6092.0,1.314
TIC 38828280 b,TIC 38828280,2026,Transit,4.85558984762,2.62701629,0.83334438,-0.32055784,5046.63,0.741147
K2-192 b,K2-192,2018,Transit,4.162817,1.52,0.13,-0.13,5222.0,0.81
Kepler-1123 b,Kepler-1123,2016,Transit,4.33946454,1.67,0.25,-0.11,5500.0,0.9
HD 114082 b,HD 114082,2022,Radial Velocity,109.75,11.2089807,0.33626942,-0.33626942,6651.0,1.49
TOI-1238 b,TOI-1238,2022,Transit,0.764597,1.21,0.11,-0.1,4089.0,0.58
K2-282 b,K2-282,2018,Transit,4.169783,2.5,0.2,-0.1,5499.0,1.0
Kepler-38 b,Kepler-38,2012,Transit,105.599,4.3,0.11,-0.11,5623.0,1.752
WASP-133 b,WASP-133,2016,Transit,2.176423,13.56289,0.56045,-0.56045,5700.0,1.44
HAT-P-1 b,HAT-P-1,2006,Transit,4.46529976,14.784671,0.212971,-0.212971,5980.0,1.174
TIC 46432937 b,TIC 46432937,2024,Transit,1.44044527,13.31626907,0.33626942,-0.33626942,3572.0,0.5299
Kepler-255 d,Kepler-255,2016,Transit,1.045622658,1.32,0.14,-0.1,5431.0,0.86
Kepler-167 b,Kepler-167,2014,Transit,4.3931539,1.718,0.07,-0.07,4884.0,0.749
Kepler-483 b,Kepler-483,2016,Transit,30.229104,3.21,0.68,-0.43,6346.0,1.47
BD+20 594 b,BD+20 594,2016,Transit,41.6855,2.57807,0.11209,-0.11209,5766.0,1.08
Kepler-1243 b,Kepler-1243,2016,Transit,16.8320729,1.75,0.28,-0.17,5667.0,0.94
Kepler-1494 b,Kepler-1494,2016,Transit,91.080482,3.07,0.46,-0.57,5659.0,0.94
Kepler-186 e,Kepler-186,2014,Transit,22.407704,1.27,0.15,-0.14,3788.0,0.472
TIC 87422071 b,TIC 87422071,2026,Transit,11.364929,10.8615023,0.97518132,-0.94155438,6150.0,1.489
Kepler-116 b,Kepler-116,2014,Transit,5.968734,3.42,0.65,-0.65,6142.0,1.454
K2-284 b,K2-284,2018,Transit,4.795069,2.78,0.14,-0.12,4140.0,0.607
LP 714-47 b,LP 714-47,2020,Transit,4.052037,4.7,0.3,-0.3,3950.0,0.584
Kepler-1958 b,Kepler-1958,2021,Transit,9.328619957,2.05124311,,,5749.0,0.864
Kepler-74 b,Kepler-74,2013,Transit,7.340711,10.76,0.22,-0.22,6000.0,1.12
K2-347 b,K2-347,2021,Transit,7.187257,2.41,0.11,-0.1,4599.0,0.63
Kepler-87 c,Kepler-87,2013,Transit,191.2318,6.14,0.29,-0.29,5600.0,1.82
Kepler-812 b,Kepler-812,2016,Transit,10.11716531,3.55,1.35,-0.68,6761.0,1.71
Kepler-80 e,Kepler-80,2014,Transit,4.64489,1.6,0.08,-0.07,4540.0,0.678
K2-383 b,K2-383,2022,Transit,1.865962,1.564,0.118,-0.106,5129.0,0.804
TOI-2266 b,TOI-2266,2024,Transit,2.326318,1.54,0.09,-0.09,3200.0,0.24
WASP-23 b,WASP-23,2010,Transit,2.9444256,10.783,0.527,-0.628,5150.0,0.765
Kepler-1265 b,Kepler-1265,2016,Transit,6.49441289,1.35,0.07,-0.13,4630.0,0.69
NGTS-1 b,NGTS-1,2017,Transit,2.647298,14.90797,6.83749,-3.69897,3916.0,0.573
Kepler-686 b,Kepler-686,2016,Transit,1.594745463,12.15,1.97,-1.01,5649.0,0.92
Kepler-1187 b,Kepler-1187,2016,Transit,18.87064068,2.61,0.51,-0.28,5975.0,1.09
K2-400 b,K2-400,2022,Transit,3.865053,1.163,0.051,-0.049,3578.0,0.382
Kepler-164 e,Kepler-164,2023,Transit,94.886902,4.24,0.69,-0.56,5888.0,1.097
Kepler-184 b,Kepler-184,2014,Transit,10.687576,2.36,1.33,-1.33,5788.0,0.873
HD 332231 b,HD 332231,2020,Transit,18.712024,9.07303305,0.18720815,-0.17534239,6128.0,1.266
TOI-1199 b,TOI-1199,2024,Transit,3.671463,10.5140239,0.28022452,-0.28022452,5710.0,1.45
TOI-4961 b,TOI-4961,2025,Transit,7.479182,12.34108775,0.45956821,-0.43715025,5380.0,0.912
Kepler-75 b,Kepler-75,2013,Transit,8.8849116,11.77,0.34,-0.34,5200.0,0.89
HAT-P-3 b,HAT-P-3,2007,Transit,2.8997,10.53646,0.78463,-0.78463,5185.0,0.87
Kepler-233 c,Kepler-233,2014,Transit,60.418955,2.71,0.78,-0.78,5360.0,0.758
Kepler-1834 c,Kepler-1834,2023,Transit,0.766691517,1.22,0.05,-0.08,4821.0,0.788
Kepler-207 c,Kepler-207,2014,Transit,3.071571,1.5,0.29,-0.29,5920.0,1.588
Kepler-118 c,Kepler-118,2014,Transit,20.17202,7.68,3.43,-3.43,5274.0,1.094
HATS-55 b,HATS-55,2019,Transit,4.2042001,14.022459,0.291434,-0.291434,6214.0,1.126
Kepler-822 b,Kepler-822,2016,Transit,3.222969273,1.77,0.41,-0.21,5928.0,1.08
Kepler-292 e,Kepler-292,2014,Transit,11.97901,2.67,0.35,-0.35,5299.0,0.826
Kepler-444 e,Kepler-444,2015,Transit,7.743493,0.546,0.017,-0.015,5046.0,0.752
Kepler-654 b,Kepler-654,2016,Transit,13.72465129,2.07,0.37,-0.26,5865.0,1.11
Kepler-864 b,Kepler-864,2016,Transit,5.83376092,2.4,0.63,-0.22,5754.0,1.0
Kepler-1628 b,Kepler-1628,2016,Transit,76.378033,6.43,0.94,-0.51,3724.0,0.52
Kepler-944 b,Kepler-944,2016,Transit,43.3167737,2.63,0.27,-0.21,5409.0,0.83
Kepler-322 b,Kepler-322,2014,Transit,1.653888,1.01,0.11,-0.11,5388.0,0.89
TOI-6677 b,TOI-6677,2026,Transit,5.45060661625,5.83507112,0.48105878,-0.45960389,6572.28,1.57167
Kepler-1394 b,Kepler-1394,2016,Transit,3.93766373,1.39,0.2,-0.22,6481.0,2.55
Kepler-1672 b,Kepler-1672,2020,Transit,150.878,2.97022762,,,6131.95,1.08841
TOI-5489 c,TOI-5489,2025,Transit,4.92126,1.28,0.07,-0.07,3547.0,0.42
Kepler-1744 b,Kepler-1744,2021,Transit,37.10110092,3.76754004,,,5986.0,0.85
TOI-4515 b,TOI-4515,2024,Transit,15.266446,12.17,0.43,-0.43,5433.0,0.86
Ross 176 b,Ross 176,2025,Transit,5.0066338,1.84,0.08,-0.08,4041.0,0.569
CoRoT-31 b,CoRoT-31,2020,Transit,4.62941,16.36514,3.3627,-3.3627,5700.0,2.15
TOI-1775 b,TOI-1775,2024,Transit,10.2405549,8.04728896,0.14337937,-0.12772169,5284.0,0.8288
HAT-P-18 b,HAT-P-18,2010,Transit,5.508023,11.153,0.583,-0.583,4803.0,0.749
K2-350 c,K2-350,2016,Transit,19.991944,2.74,0.25,-0.18,5789.0,1.04
Kepler-129 c,Kepler-129,2014,Transit,82.2,2.52,0.07,-0.07,5770.0,1.653
Kepler-1267 b,Kepler-1267,2016,Transit,13.0313945,3.01,0.95,-0.45,6096.0,1.2
Kepler-1795 b,Kepler-1795,2021,Transit,13.36019993,1.66301611,,,4500.0,0.688
Kepler-903 c,Kepler-903,2016,Transit,62.9228557,2.53,0.4,-0.45,5682.0,0.97
TOI-5713 b,TOI-5713,2024,Transit,10.441989,1.77,0.17,-0.14,3225.0,0.2992
K2-285 b,K2-285,2018,Transit,3.471745,2.59,0.06,-0.06,4975.0,0.787
TOI-4184 b,TOI-4184,2023,Transit,4.9019804,2.43,0.21,-0.21,3238.0,0.2347
Kepler-220 c,Kepler-220,2014,Transit,9.034199,1.57,0.09,-0.09,4632.0,0.666
Kepler-880 b,Kepler-880,2016,Transit,7.71468975,2.66,1.05,-0.44,6761.0,1.74
HD 35843 c,HD 35843,2025,Transit,46.9622,2.54,0.08,-0.07,5666.0,0.897
HATS-68 b,HATS-68,2018,Transit,3.5862202,13.809488,0.437151,-0.325061,6147.0,1.748
Kepler-324 b,Kepler-324,2014,Transit,4.385315,1.14,0.11,-0.11,5194.0,0.84
Kepler-1547 b,Kepler-1547,2016,Transit,0.692979676,0.9,0.28,-0.12,6078.0,1.18
Kepler-116 c,Kepler-116,2014,Transit,13.07163,2.3,0.44,-0.44,6142.0,1.454
Kepler-1076 b,Kepler-1076,2016,Transit,6.14727918,0.8,0.04,-0.03,4868.0,0.74
Kepler-170 b,Kepler-170,2014,Transit,7.930592,3.2,0.22,-0.22,5679.0,1.035
Kepler-530 b,Kepler-530,2016,Transit,39.30941904,3.01,0.17,-0.1,5697.0,0.89
Kepler-1596 b,Kepler-1596,2016,Transit,66.373379,1.9,0.25,-0.17,5706.0,0.92
Kepler-396 c,Kepler-396,2013,Transit,88.505,5.3,1.95,-0.99,5656.0,1.06
WASP-88 b,WASP-88,2014,Transit,4.954,16.36514,2.35389,-2.35389,6430.0,1.8
Kepler-1438 b,Kepler-1438,2016,Transit,2.31942009,0.94,0.19,-0.1,5530.0,0.96
TOI-157 b,TOI-157,2020,Transit,2.0845435,14.414774,0.257807,-0.22418,5404.0,1.167
K2-114 b,K2-114,2017,Transit,11.390931,10.59248676,0.32506044,-0.31385146,4899.0,0.832
Kepler-100 b,Kepler-100,2014,Transit,6.88734,1.34,0.12,-0.12,5837.0,1.51
Kepler-265 c,Kepler-265,2014,Transit,17.028937,2.63,0.55,-0.55,5835.0,1.103
K2-190 b,K2-190,2018,Transit,10.098858,1.35673729,0.17627893,-0.1018145,5631.0,0.912206
Kepler-1921 c,Kepler-1921,2023,Transit,3.15722086,1.41,0.33,-0.57,6120.0,2.0
CoRoT-19 b,CoRoT-19,2011,Transit,3.89713,14.46,0.34,-0.34,6090.0,1.65
Kepler-788 b,Kepler-788,2016,Transit,8.39846269,2.55,0.9,-0.4,6159.0,1.23
K2-390 b,K2-390,2022,Transit,3.312792,4.662,0.313,-0.343,5558.0,0.966
WASP-69 b,WASP-69,2014,Transit,3.86813881,11.21,0.22,-0.22,4792.0,0.801
Kepler-336 b,Kepler-336,2014,Transit,2.024823,1.02,0.19,-0.19,5867.0,1.304
Kepler-154 b,Kepler-154,2014,Transit,33.040532,2.26,0.44,-0.44,5690.0,1.001
Kepler-1225 b,Kepler-1225,2016,Transit,7.01075434,1.82,0.61,-0.24,6140.0,1.19
Kepler-1708 b,Kepler-1708,2021,Transit,737.1131,9.96,0.6,-0.59,6157.0,1.117
Kepler-332 c,Kepler-332,2014,Transit,15.995622,1.09,0.08,-0.08,4955.0,0.72
WASP-173 A b,WASP-173 A,2018,Transit,1.38665318,13.4508,0.67254,-0.67254,5800.0,1.11
TOI-4010 b,TOI-4010,2023,Transit,1.348335,3.02,0.08,-0.08,4960.0,0.83
WASP-71 b,WASP-71,2012,Transit,2.90367,13.22662,1.34508,-1.34508,6050.0,1.82
Kepler-66 b,Kepler-66,2013,Transit,17.815815,2.8,0.16,-0.16,5962.0,0.966
Kepler-755 b,Kepler-755,2016,Transit,1.269090374,1.76,0.06,-0.31,5043.0,0.77
Kepler-1785 b,Kepler-1785,2021,Transit,19.58550072,2.70422447,,,5618.0,0.996
TOI-2654 b,TOI-2654,2026,Transit,2.96760425926,7.94454164,0.56556315,-0.54463645,4594.08,0.756095
Kepler-247 d,Kepler-247,2014,Transit,20.477912,3.94,1.1,-1.1,5100.0,0.768
Kepler-1552 b,Kepler-1552,2016,Transit,184.771853,2.47,0.11,-0.1,5202.0,0.78
Kepler-549 c,Kepler-549,2016,Transit,117.040498,2.93,0.25,-0.59,5360.0,0.84
Kepler-130 d,Kepler-130,2014,Transit,87.517905,1.64,0.16,-0.16,5884.0,1.127
Kepler-304 b,Kepler-304,2014,Transit,3.295709,2.86,0.21,-0.21,4731.0,0.687
TOI-1416 b,TOI-1416,2023,Transit,1.0697568,1.62,0.08,-0.08,4884.0,0.793
Kepler-2000 b,Kepler-2000,2023,Transit,6.383159135,2.73,0.1,-0.17,3757.0,0.576
Kepler-327 c,Kepler-327,2014,Transit,5.212333,1.03,0.05,-0.05,3799.0,0.492
Kepler-1371 c,Kepler-1371,2016,Transit,2.00541269,0.64,0.07,-0.05,5361.0,0.83
Kepler-538 b,Kepler-538,2016,Transit,81.73778,2.215,0.04,-0.034,5534.0,0.8717
HAT-P-62 b,HAT-P-62,2021,Transit,2.6453235,12.02723629,0.32506044,-0.32506044,5629.0,1.17
TOI-3896 b,TOI-3896,2026,Transit,4.37730369667,3.14949237,0.25672878,-0.2360017,5110.91,0.747752
Kepler-443 b,Kepler-443,2015,Transit,177.6693,2.33,0.19,-0.22,4723.0,0.706
TOI-530 b,TOI-530,2021,Transit,6.387597,9.30345398,0.67253884,-0.67253884,3659.0,0.54
WASP-175 b,WASP-175,2019,Transit,3.0652907,13.540472,0.907929,-0.907929,6229.0,1.204
Kepler-127 c,Kepler-127,2014,Transit,29.393195,2.66,0.14,-0.14,6106.0,1.359
LHS 1678 b,LHS 1678,2021,Transit,0.8602325,0.685,0.037,-0.035,3490.0,0.329
Kepler-42 b,Kepler-42,2011,Transit,1.2137672,0.78,0.22,-0.22,3068.0,0.17
TOI-1518 b,TOI-1518,2021,Transit,1.90261131,21.05046575,0.47077719,-0.47077719,7299.0,1.942
Kepler-388 b,Kepler-388,2014,Transit,3.173315,0.81,0.1,-0.1,4498.0,0.586
HD 18599 b,HD 18599,2022,Transit,4.1374354,2.6,0.15,-0.13,5145.0,0.767
Kepler-1301 b,Kepler-1301,2016,Transit,9.08237046,1.4,0.13,-0.08,5188.0,0.81
Kepler-879 c,Kepler-879,2024,Transit,0.646716,0.4,0.1,-0.1,5456.75,1.022
HD 73583 b,HD 73583,2022,Transit,6.398042,2.79,0.1,-0.1,4511.0,0.65
Kepler-784 c,Kepler-784,2023,Transit,17.157236,1.55,0.24,-0.36,5676.0,1.487
Kepler-1216 b,Kepler-1216,2016,Transit,4.37034536,1.39,0.22,-0.11,5743.0,0.98
Kepler-149 c,Kepler-149,2014,Transit,55.328328,1.61,0.24,-0.24,5381.0,0.953
Kepler-1896 b,Kepler-1896,2021,Transit,44.87020111,3.09935997,,,6122.0,0.996
TOI-5218 b,TOI-5218,2024,Transit,4.291452,9.86,0.39,-0.39,4230.0,0.708
Kepler-653 b,Kepler-653,2016,Transit,14.70748976,1.95,0.29,-0.26,5665.0,1.19
Kepler-714 b,Kepler-714,2016,Transit,8.098887986,9.67,2.49,-1.01,5995.0,1.12
TOI-1718 b,TOI-1718,2026,Transit,5.58703768615,4.10824994,0.2740553,-0.2666968,5304.91,0.939285
Kepler-1458 b,Kepler-1458,2016,Transit,47.9872764,2.76,0.42,-0.21,5653.0,0.94
TOI-4364 b,TOI-4364,2025,Transit,5.424019,2.01,0.1,-0.08,3528.0,0.4684
K2-57 b,K2-57,2016,Transit,9.0073,2.30905002,0.16813471,-0.13450777,4413.0,0.671
Kepler-481 b,Kepler-481,2016,Transit,10.06082567,2.5,0.37,-0.29,5802.0,1.09
Kepler-1419 b,Kepler-1419,2016,Transit,42.5215895,2.86,0.66,-0.29,5796.0,1.01
HD 95338 b,HD 95338,2020,Radial Velocity,55.082694,4.27174254,0.03923143,-0.03923143,5097.0,0.868
Kepler-1112 b,Kepler-1112,2016,Transit,14.36267939,3.02,1.28,-0.52,6496.0,1.54
Kepler-345 c,Kepler-345,2014,Transit,9.387427,1.2,0.07,-0.07,4504.0,0.623
Kepler-271 c,Kepler-271,2014,Transit,7.41086267,0.95,0.06,-0.06,5555.0,0.87
EPIC 201427007 b,EPIC 201427007,2021,Transit,0.72091,1.5,0.2,-0.2,5633.0,0.94
Kepler-372 c,Kepler-372,2014,Transit,20.053763,2.09,0.9,-0.9,6509.0,1.137
Kepler-338 c,Kepler-338,2014,Transit,24.310856,2.34,0.12,-0.12,5923.0,1.735
TOI-4156 b,TOI-4156,2026,Transit,4.46189034133,2.53823825,0.27851908,-0.22332531,5971.64,1.03963
Kepler-1673 b,Kepler-1673,2020,Transit,33.7888,2.9355194,,,6014.95,1.13166
Kepler-1868 b,Kepler-1868,2021,Transit,211.0339966,3.14950109,,,4658.0,0.686
Kepler-740 b,Kepler-740,2016,Transit,3.584101216,4.57,0.53,-0.27,5438.0,0.87
Kepler-1322 c,Kepler-1322,2021,Transit,6.459980011,2.15492527,,,5704.0,0.804
HD 63935 b,HD 63935,2021,Transit,9.058807,2.91575244,0.09298372,-0.07706553,5513.0,0.9598
Kepler-379 b,Kepler-379,2014,Transit,20.09838,1.66,0.31,-0.31,6054.0,1.306
HATS-76 b,HATS-76,2021,Transit,1.9416423,12.09449018,0.3474784,-0.3474784,4016.0,0.6259
Kepler-1211 b,Kepler-1211,2016,Transit,11.01816836,2.55,0.42,-0.41,5705.0,0.94
HAT-P-33 b,HAT-P-33,2011,Transit,3.47447,20.73665,5.49241,-5.49241,6446.0,1.79
CoRoT-26 b,CoRoT-26,2013,Transit,4.20474,14.12,1.46,-0.78,5590.0,1.79
Kepler-1161 b,Kepler-1161,2016,Transit,10.71252541,2.13,0.5,-0.13,4253.0,0.57
Kepler-224 e,Kepler-224,2014,Transit,18.643577,1.97,0.15,-0.15,5018.0,0.676
WASP-176 b,WASP-176,2020,Transit,3.899052,16.869545,0.56045,-0.504405,5941.0,1.925
WASP-65 b,WASP-65,2013,Transit,2.3114243,12.464,0.661,-0.661,5600.0,1.01
EPIC 220554210 c,K2-282,2019,Transit,0.70531,1.6,0.1,-0.1,5499.0,1.0
HD 2685 b,HD 2685,2019,Transit,4.12688,16.14096,0.56045,-0.56045,6801.0,1.56
TOI-1346 b,TOI-1346,2025,Transit,1.7622538,2.39,0.16,-0.16,5099.0,0.78
K2-53 b,K2-53,2016,Transit,12.20772,2.6,0.1,-0.1,5263.0,0.807
WASP-117 b,WASP-117,2014,Transit,10.02165,11.88154,0.78463,-0.78463,6040.0,1.22
Kepler-363 d,Kepler-363,2014,Transit,11.932125,2.05,0.4,-0.4,5593.0,1.485
K2-37 b,K2-37,2016,Transit,4.4434,1.39,0.1,-0.05,5352.0,0.809
Kepler-12 b,Kepler-12,2011,Transit,4.4379629,19.660586,0.347479,-0.403524,5947.0,1.483
Kepler-1594 b,Kepler-1594,2016,Transit,2.71603809,1.06,0.26,-0.12,5946.0,1.08
Kepler-1149 b,Kepler-1149,2016,Transit,3.73089898,1.44,0.26,-0.17,5833.0,1.01
Gaia-1 b,Gaia-1,2022,Transit,3.052524,13.77583728,0.23538859,-0.23538859,5470.0,0.952
Kepler-1527 b,Kepler-1527,2016,Transit,160.129918,4.77,1.95,-0.75,6224.0,1.32
Kepler-986 b,Kepler-986,2016,Transit,56.4349938,2.36,0.29,-0.19,5642.0,0.98
Kepler-1070 b,Kepler-1070,2016,Transit,6.2216147,1.73,0.81,-0.25,6261.0,1.32
TOI-2109 b,TOI-2109,2021,Transit,0.67247414,15.098497,0.52682209,-0.52682209,6540.0,1.698
Kepler-286 d,Kepler-286,2014,Transit,5.914323,1.33,0.27,-0.27,5580.0,0.863
Kepler-1141 b,Kepler-1141,2016,Transit,2.344511944,0.82,0.12,-0.08,5791.0,1.07
Kepler-1980 b,Kepler-1980,2023,Transit,33.0257179,2.21,0.36,-0.12,5819.0,0.99
Kepler-733 b,Kepler-733,2016,Transit,20.83424726,2.82,0.46,-0.19,5418.0,0.86
LTT 3780 c,LTT 3780,2020,Transit,12.252284,2.39,0.1,-0.11,3358.0,0.38
TOI-4405 b,TOI-4405,2026,Transit,5.92143995316,2.55505441,0.27294816,-0.21353108,4467.38,0.687025
Kepler-1845 b,Kepler-1845,2021,Transit,11.60649967,2.43836702,,,4703.0,0.701
TOI-5938 b,TOI-5938,2026,Transit,2.260424,3.82,0.11,-0.11,4650.0,0.712
TOI-561 e,TOI-561,2020,Transit,77.144,2.517,0.045,-0.045,5342.0,0.843
Kepler-1034 b,Kepler-1034,2016,Transit,12.12400943,2.26,0.17,-0.14,5198.0,0.8
Kepler-1286 b,Kepler-1286,2016,Transit,11.25402929,2.15,0.45,-0.18,5753.0,0.98
K2-189 b,K2-189,2018,Transit,2.58812,1.403,0.079,-0.043,5442.0,0.879
Kepler-643 b,Kepler-643,2016,Transit,16.33889626,10.16,0.35,-0.27,4908.0,2.52
Kepler-51 b,Kepler-51,2012,Transit,45.154,7.1,0.3,-0.3,6018.0,0.94
Kepler-318 b,Kepler-318,2014,Transit,4.662715,4.71,0.83,-0.83,5746.0,1.189
Kepler-47 b,Kepler-47,2012,Transit,49.4643,3.05,0.04,-0.04,5636.0,0.936
TOI-2095 c,TOI-2095,2023,Transit,28.17232,1.33,0.08,-0.08,3759.0,0.44
Kepler-1603 b,Kepler-1603,2016,Transit,2.27163926,1.29,0.47,-0.19,6241.0,1.31
Kepler-732 b,Kepler-732,2016,Transit,9.467814048,2.18,0.12,-0.16,3631.0,0.46
HATS-27 b,HATS-27,2016,Transit,4.637038,16.8135,2.2418,-1.23299,6438.0,1.74
Kepler-1860 b,Kepler-1860,2021,Transit,12.73719978,1.13863767,,,5420.0,0.868
XO-3 b,XO-3,2007,Transit,3.19152309,14.79585452,0.28022452,-0.28022452,6970.0,1.523
Kepler-1040 b,Kepler-1040,2016,Transit,201.1214,2.08,0.18,-0.1,5694.0,0.96
TOI-5882 b,TOI-5882,2025,Transit,7.148972,11.46678726,0.50440413,-0.42594127,5920.0,2.26
TOI-4511 b,TOI-4511,2026,Transit,10.98090968596,2.75304932,0.30793546,-0.26170202,5418.77,1.00145
HD 110067 e,HD 110067,2023,Transit,30.793091,1.94,0.04,-0.04,5266.0,0.788
Kepler-542 b,Kepler-542,2016,Transit,13.14497566,1.57,0.1,-0.11,5526.0,0.9
Kepler-1683 b,Kepler-1683,2020,Transit,15.0337,1.87477762,,,5429.0,0.900327
HD 23472 c,HD 23472,2019,Transit,29.79749,1.87,0.12,-0.11,4684.0,0.71
Kepler-285 c,Kepler-285,2014,Transit,6.186676,1.12,0.49,-0.49,5411.0,0.808
Kepler-339 c,Kepler-339,2014,Transit,6.988055,1.15,0.52,-0.52,5631.0,0.802
Kepler-310 c,Kepler-310,2014,Transit,56.47542,3.38,1.58,-1.58,5797.0,0.876
Kepler-1398 b,Kepler-1398,2016,Transit,2.78815679,0.9,0.28,-0.12,6126.0,1.18
NGTS-8 b,NGTS-8,2019,Transit,2.4997,12.21781,0.33627,-0.33627,5241.0,0.98
TOI-6420 b,TOI-6420,2025,Transit,6.961508,11.93756445,0.72858375,-0.66132986,6020.0,1.312
Kepler-970 b,Kepler-970,2016,Transit,16.736525,2.609,0.265,-0.203,4290.0,0.71
TOI-5388.01,TOI-5388,2024,Transit,2.5946748,0.99,0.07,-0.06,3440.0,0.3
HAT-P-70 b,HAT-P-70,2019,Transit,2.74432452,20.96083,1.68135,-1.1209,8450.0,1.858
Kepler-69 c,Kepler-69,2013,Transit,242.4613,1.71,0.34,-0.23,5638.0,0.93
Kepler-454 b,Kepler-454,2015,Transit,10.5737534,2.37,0.13,-0.13,5687.0,1.066
Kepler-311 c,Kepler-311,2014,Transit,19.738286,1.43,0.28,-0.28,5905.0,1.188
Kepler-943 b,Kepler-943,2016,Transit,49.7701438,5.93,0.79,-0.53,5612.0,0.91
Kepler-836 b,Kepler-836,2016,Transit,11.36112327,2.73,0.64,-0.32,5895.0,1.04
TOI-122 b,TOI-122,2020,Transit,5.07803,2.72,0.18,-0.18,3403.0,0.334
Kepler-223 c,Kepler-223,2014,Transit,9.84564,3.44,0.2,-0.3,5803.0,1.72
Kepler-137 b,Kepler-137,2014,Transit,8.436387,1.47,0.11,-0.11,5187.0,0.802
TOI-5076 b,TOI-5076,2024,Transit,23.443162,3.48935569,0.09975993,-0.09415544,4780.0,0.844
KOI-94 c,KOI-94,2013,Transit,10.423648,4.32,0.41,-0.41,6182.0,1.52
HATS-52 b,HATS-52,2017,Transit,1.36665436,15.490838,0.963974,-0.963974,6010.0,1.046
K2-241 b,K2-241,2018,Transit,26.8199,2.55,0.18,-0.1,5262.0,0.75
Kepler-250 d,Kepler-250,2014,Transit,17.648312,2.18,1.25,-1.25,5160.0,0.805
LHS 3844 b,LHS 3844,2019,Transit,0.462929709,1.286,0.043,-0.044,3080.0,0.189
TOI-1601 b,TOI-1601,2021,Transit,5.33175,14.19902343,0.64857111,-0.5112186,5982.0,2.195
Kepler-1298 b,Kepler-1298,2016,Transit,7.12811928,1.31,0.23,-0.23,6339.0,2.0
TOI-237 b,TOI-237,2020,Transit,5.436098,1.44,0.12,-0.12,3212.0,0.211
HATS-48 A b,HATS-48 A,2020,Transit,3.1316666,8.9672,0.168135,-0.168135,4546.0,0.7152
TOI-1694 b,TOI-1694,2023,Transit,3.7701389,5.27,0.11,-0.11,5005.0,0.812
K2-155 c,K2-155,2018,Transit,13.85,2.6,0.7,-0.2,4258.0,0.58
Kepler-289 b,Kepler-289,2014,Transit,34.5383,2.49,0.07,-0.07,5990.0,1.0
HAT-P-44 b,HAT-P-44,2014,Transit,4.301219,13.922,1.188,-0.572,5295.0,0.949
Kepler-407 b,Kepler-407,2014,Transit,0.6693124,1.19,0.05,-0.05,5487.0,1.04
Kepler-263 b,Kepler-263,2014,Transit,16.568087,2.67,1.45,-1.45,5265.0,0.785
Kepler-1219 b,Kepler-1219,2016,Transit,16.10467749,2.12,0.56,-0.45,5944.0,1.94
Kepler-9 b,Kepler-9,2010,Transit,19.23891,8.29,0.54,-0.43,5774.0,0.958
TOI-836.01,TOI-836,2021,Transit,8.59545,2.587,0.088,-0.088,4552.0,0.665
Kepler-1574 b,Kepler-1574,2016,Transit,6.9424334,1.29,0.28,-0.15,5892.0,1.08
Kepler-1411 b,Kepler-1411,2016,Transit,86.1150888,2.82,0.43,-0.24,5664.0,0.92
TOI-3353.01,TOI-3353,2024,Transit,4.6657965,2.6667555,0.230776,-0.230776,6365.0,1.0207
TOI-2180 b,TOI-2180,2022,Transit,260.79,11.32107051,0.24659758,-0.21297063,5695.0,1.636
Kepler-1050 c,Kepler-1050,2016,Transit,21.1284569,1.48,0.35,-0.16,6010.0,1.13
Kepler-1306 b,Kepler-1306,2016,Transit,16.29595382,1.91,0.45,-0.18,5727.0,0.97
TOI-2200 b,TOI-2200,2026,Transit,2.93602836512,6.96310517,0.42730881,-0.42498668,5036.17,0.826247
K2-285 c,K2-285,2018,Transit,7.138048,3.53,0.08,-0.08,4975.0,0.787
Kepler-201 c,Kepler-201,2014,Transit,151.884058,2.85,0.6,-0.6,6065.0,1.229
K2-291 b,K2-291,2019,Transit,2.225177,1.589,0.095,-0.072,5520.0,0.899
TOI-169 b,TOI-169,2020,Transit,2.2554477,12.172974,0.907929,-0.538032,5880.0,1.288
Kepler-1564 b,Kepler-1564,2016,Transit,18.0540381,1.47,0.19,-0.13,5528.0,0.9
K2-243 c,K2-243,2018,Transit,24.94598,2.01,0.15,-0.13,6570.0,1.39
Kepler-332 d,Kepler-332,2014,Transit,34.21154,1.18,0.08,-0.08,4955.0,0.72
Kepler-26 c,Kepler-26,2011,Transit,17.2559,2.72,0.12,-0.12,3914.0,0.512
Kepler-102 f,Kepler-102,2014,Transit,27.453592,0.861,0.022,-0.022,4909.0,0.724
Kepler-1147 b,Kepler-1147,2016,Transit,10.62784997,2.61,0.8,-0.51,5941.0,1.14
Kepler-10 b,Kepler-10,2011,Transit,0.8374907,1.47,0.03,-0.02,5708.0,1.065
Kepler-271 d,Kepler-271,2016,Transit,5.24972541,0.66,0.05,-0.05,5555.0,0.87
TOI-1233.01,HD 108236,2021,Transit,14.175685,2.539,0.062,-0.065,5660.0,0.877
K2-292 b,K2-292,2019,Transit,16.9841,2.63,0.11,-0.1,5725.0,1.09
TOI-2071 b,TOI-2071,2026,Transit,5.67395386982,2.56484195,0.22555937,-0.19617115,5755.41,1.00286
Kepler-736 b,Kepler-736,2016,Transit,3.60147201,2.93,0.17,-0.53,5217.0,0.81
XO-2 N b,XO-2 N,2007,Transit,2.61585906,11.130537,0.134508,-0.134508,5290.0,0.998
Kepler-1318 b,Kepler-1318,2016,Transit,213.257663,3.11,0.17,-0.15,4598.0,0.7
K2-69 b,K2-69,2016,Transit,7.06599,2.32,0.36,-0.36,4127.0,0.491
TOI-712 d,TOI-712,2022,Transit,84.8396,2.474,0.09,-0.082,4622.0,0.674
NGTS-18 b,NGTS-18,2021,Transit,3.05125,13.56286665,2.01761653,-2.01761653,5610.0,1.392
Kepler-1046 b,Kepler-1046,2016,Transit,14.37508035,1.71,0.12,-0.11,5913.0,1.04
Kepler-1361 b,Kepler-1361,2016,Transit,3.57554956,0.86,0.12,-0.12,5131.0,0.79
Kepler-1454 b,Kepler-1454,2016,Transit,47.0319479,1.88,0.19,-0.17,5448.0,0.86
K2-58 b,K2-58,2016,Transit,7.05254,2.68,0.37,-0.37,5413.0,0.86
Kepler-301 c,Kepler-301,2014,Transit,5.419026,1.35,0.72,-0.72,5815.0,0.9
K2-229 b,K2-229,2018,Transit,0.584216,1.0,0.02,-0.02,5315.0,0.79
Kepler-536 b,Kepler-536,2016,Transit,1.827082299,3.1,0.38,-0.22,5524.0,0.89
Kepler-971 b,Kepler-971,2016,Transit,9.59070716,2.13,0.22,-0.24,5431.0,0.85
Kepler-1148 b,Kepler-1148,2016,Transit,1.104463509,1.69,0.1,-0.09,5054.0,0.77
Kepler-1927 b,Kepler-1927,2021,Transit,73.75039673,3.40627075,,,6056.0,2.481
TOI-5293 A b,TOI-5293 A,2023,Transit,2.930289,11.9,0.4,-0.4,3586.0,0.52
Kepler-619 b,Kepler-619,2016,Transit,5.404272197,3.16,0.65,-0.31,5980.0,1.11
Kepler-844 b,Kepler-844,2016,Transit,2.613020856,1.68,0.07,-0.24,4128.0,0.57
K2-99 b,K2-99,2016,Transit,18.24783,11.88151954,0.11208981,-0.11208981,6069.0,2.55
Kepler-124 d,Kepler-124,2014,Transit,30.950851,1.11,0.07,-0.07,4984.0,0.636
Kepler-1433 b,Kepler-1433,2016,Transit,4.13592271,1.56,0.45,-0.18,6097.0,1.19
Kepler-419 b,Kepler-419,2014,Transit,69.7546,10.8,1.4,-1.3,6430.0,1.74
Kepler-81 b,Kepler-81,2012,Transit,5.955,2.42,0.38,-0.38,4385.0,0.59
Kepler-713 b,Kepler-713,2016,Transit,7.411141,2.48,0.5,-0.29,5785.0,0.99
Kepler-107 d,Kepler-107,2014,Transit,7.95839,0.86,0.06,-0.06,5854.0,1.447
Kepler-238 f,Kepler-238,2013,Transit,50.447,2.0,0.85,-0.17,5800.0,0.96
K2-403 b,K2-403,2022,Transit,33.589979,5.333,0.357,-0.387,5511.0,0.886
Kepler-758 b,Kepler-758,2016,Transit,12.1097104,2.48,0.55,-0.4,6228.0,1.42
Kepler-1029 b,Kepler-1029,2016,Transit,4.417696479,1.26,0.08,-0.07,5030.0,0.77
Kepler-897 b,Kepler-897,2016,Transit,8.0472642,2.39,0.66,-0.25,5839.0,1.04
TOI-2092 b,TOI-2092,2026,Transit,4.30325528074,2.94892961,0.31576526,-0.26073597,5842.06,1.0519
TOI-2040 b,TOI-2040,2026,Transit,3.8608576,10.32347122,0.25780656,-0.25780656,5132.0,0.87
K2-223 c,K2-223,2018,Transit,4.562546,1.5,0.1,-0.1,5859.0,1.0
Kepler-317 b,Kepler-317,2014,Transit,5.524242,2.09,0.96,-0.96,5497.0,0.941
Kepler-435 b,Kepler-435,2015,Transit,8.6001536,22.31,2.02,-2.02,6161.0,3.21
Kepler-65 c,Kepler-65,2012,Transit,5.859944,2.58,0.06,-0.06,6211.0,1.41
Kepler-901 b,Kepler-901,2016,Transit,3.517494394,1.37,0.07,-0.06,4184.0,0.57
HAT-P-9 b,HAT-P-9,2008,Transit,3.92281072,15.614137,0.751003,-0.728585,6350.0,1.338
Kepler-345 b,Kepler-345,2014,Transit,7.415563,0.74,0.06,-0.06,4504.0,0.623
Kepler-186 b,Kepler-186,2014,Transit,3.8867907,1.07,0.12,-0.12,3788.0,0.472
Kepler-1487 b,Kepler-1487,2016,Transit,7.31946363,2.13,0.85,-0.45,6541.0,1.63
TOI-5916 b,TOI-5916,2026,Transit,2.367128,11.35469745,0.35868738,-0.36989636,3613.0,0.48
Kepler-150 e,Kepler-150,2014,Transit,30.826557,3.12,0.55,-0.55,5560.0,0.939
Kepler-1928 b,Kepler-1928,2021,Transit,19.57783,1.992,0.133,-0.078,5720.0,0.92
Kepler-373 c,Kepler-373,2014,Transit,16.725948,1.24,0.62,-0.62,5787.0,0.845
Kepler-394 c,Kepler-394,2014,Transit,12.130686,1.66,0.86,-0.86,6402.0,1.132
HD 136352 d,HD 136352,2019,Radial Velocity,107.245,2.562,0.088,-0.079,5664.0,1.058
K2-183 d,K2-183,2018,Transit,22.620344,2.3,0.2,-0.2,5482.0,0.87
TIC 18942729 b,TIC 18942729,2026,Transit,0.99817838064,2.00021315,0.28986198,-0.22039639,4360.11,0.825257
Kepler-517 b,Kepler-517,2016,Transit,60.92832271,2.67,0.32,-0.22,5690.0,0.98
TOI-178 b,TOI-178,2021,Transit,1.9145601,1.2,0.041,-0.037,4316.0,0.662
Kepler-1640 b,Kepler-1640,2016,Transit,7.5844126,4.82,2.48,-0.8,6324.0,1.43
Kepler-217 b,Kepler-217,2014,Transit,5.374943,2.23,0.32,-0.32,6171.0,1.799
TOI-4153 b,TOI-4153,2024,Transit,4.6174141,16.11851425,0.50440413,-0.47077719,6860.0,1.605
Kepler-589 c,Kepler-589,2021,Transit,3.52466011,1.11727238,,,5372.0,0.916
WASP-73 b,WASP-73,2014,Transit,4.08722,15.91678,2.46598,-2.46598,6030.0,2.55
Kepler-647 b,Kepler-647,2016,Transit,16.2254649,1.17,0.14,-0.11,6020.0,1.07
Kepler-1784 b,Kepler-1784,2021,Transit,13.59049988,2.79936489,,,5442.0,0.974
Kepler-126 b,Kepler-126,2014,Transit,10.495711,1.52,0.1,-0.1,6239.0,1.358
Kepler-1559 b,Kepler-1559,2016,Transit,0.971915428,0.72,0.07,-0.05,5316.0,0.82
HATS-39 b,HATS-39,2018,Transit,4.5776348,17.59813,1.34508,-1.34508,6572.0,1.621
TOI-2076 d,TOI-2076,2021,Transit,35.12803,3.27,0.13,-0.13,5187.0,0.758
Kepler-815 b,Kepler-815,2016,Transit,8.57503552,4.11,0.19,-0.33,5028.0,3.42
Kepler-783 c,Kepler-783,2020,Transit,7.05395,2.33153725,,,5411.49,0.872088
Kepler-602 b,Kepler-602,2016,Transit,15.28469497,2.09,0.65,-0.32,6062.0,1.13
TOI-532 b,TOI-532,2021,Transit,2.3266508,5.82,0.19,-0.19,3927.0,0.612
Kepler-372 b,Kepler-372,2014,Transit,6.849692,1.36,0.59,-0.59,6509.0,1.137
Kepler-174 b,Kepler-174,2014,Transit,13.98179,1.96,0.11,-0.11,4880.0,0.622
Kepler-178 b,Kepler-178,2014,Transit,9.576694,2.9,1.25,-1.25,5676.0,1.066
TOI-2411 b,TOI-2411,2022,Transit,0.7826942,1.68,0.11,-0.11,4099.0,0.68
Kepler-107 e,Kepler-107,2014,Transit,14.749143,2.903,0.035,-0.035,5854.0,1.447
Kepler-1348 b,Kepler-1348,2016,Transit,27.5722742,1.94,0.43,-0.23,5911.0,1.04
Kepler-1117 b,Kepler-1117,2016,Transit,4.79028459,1.11,0.17,-0.08,5612.0,0.93
Kepler-1604 b,Kepler-1604,2016,Transit,0.683684256,1.41,0.19,-0.11,4976.0,0.76
Kepler-984 b,Kepler-984,2016,Transit,43.0342272,2.12,0.13,-0.11,5610.0,0.93
TOI-411 b,HD 22946,2022,Transit,4.040295,1.362,0.04,-0.04,6169.0,1.117
K2-118 b,K2-118,2017,Transit,50.92092,2.54,0.23,-0.2,4726.29,0.734626
Kepler-11 c,Kepler-11,2010,Transit,13.0241,2.87,0.05,-0.06,5663.0,1.065
Kepler-632 b,Kepler-632,2016,Transit,30.99660733,2.21,0.33,-0.08,5322.0,0.84
Kepler-57 b,Kepler-57,2012,Transit,5.72,3.135,0.09,-0.088,5187.9,0.826
Kepler-277 b,Kepler-277,2013,Transit,17.324,2.92,0.73,-0.63,5946.0,1.69
Kepler-461 b,Kepler-461,2016,Transit,8.313783059,2.58,0.07,-0.06,5634.0,0.91
K2-185 b,K2-185,2018,Transit,10.616384,1.15,0.07,-0.07,5788.0,0.94
TOI-4600 c,TOI-4600,2023,Transit,482.8191,9.42,0.42,-0.41,5170.0,0.81
Kepler-1098 b,Kepler-1098,2016,Transit,2.543072855,1.3,0.24,-0.14,5794.0,0.99
Kepler-450 c,Kepler-450,2015,Transit,15.413135,2.62,0.14,-0.14,6197.21,1.64162
Kepler-1736 b,Kepler-1736,2021,Transit,37.81029892,3.8765856,,,6085.0,0.973
Kepler-1888 b,Kepler-1888,2021,Transit,11.39169979,1.32578716,,,5557.0,1.249
WASP-70 A b,WASP-70 A,2014,Transit,3.7130203,13.047,0.818,-1.143,5763.0,1.215
HD 86226 c,HD 86226,2020,Transit,3.98442,2.16,0.08,-0.08,5863.0,1.053
TOI-1798.01,TOI-1798,2024,Transit,8.021522331,2.448,0.319,-0.194,5165.0,0.78
NGTS-39 b,NGTS-39,2026,Transit,58.20472,12.195371,0.13450777,-0.13450777,6053.0,1.16
Kepler-1409 b,Kepler-1409,2016,Transit,0.764864926,1.04,0.08,-0.07,5160.0,0.79
K2-177 b,K2-177,2018,Transit,14.155185,2.1162048,0.28262597,-0.15917785,6063.0,1.213565
Kepler-1017 b,Kepler-1017,2016,Transit,7.23400469,1.99,0.29,-0.12,5473.0,0.87
Kepler-467 b,Kepler-467,2016,Transit,24.99324193,2.25,0.3,-0.08,5809.0,1.37
Kepler-1364 b,Kepler-1364,2016,Transit,13.32196237,2.15,0.8,-0.39,6805.0,1.79
Kepler-964 b,Kepler-964,2016,Transit,13.5225106,2.12,0.09,-0.07,5427.0,0.84
Kepler-1097 b,Kepler-1097,2016,Transit,187.747029,3.26,0.26,-0.26,5211.0,0.79
HD 110113 b,HD 110113,2021,Transit,2.541,2.05,0.12,-0.12,5732.0,0.968
Kepler-220 e,Kepler-220,2014,Transit,45.902733,1.33,0.12,-0.12,4632.0,0.666
TOI-3486 b,TOI-3486,2025,Transit,2.21778105,10.5700688,0.33626942,-0.32506044,4930.0,0.788
Kepler-315 b,Kepler-315,2014,Transit,96.101141,3.77,0.78,-0.78,5796.0,1.037
Kepler-1078 b,Kepler-1078,2016,Transit,3.00725242,1.9,0.3,-0.33,5612.0,0.92
Kepler-1452 b,Kepler-1452,2016,Transit,42.913751,2.7,0.39,-0.35,6101.0,2.06
TOI-5380 b,TOI-5380,2026,Transit,3.77229247873,3.48093238,0.4044094,-0.32385387,6400.78,1.5621
Kepler-1055 b,Kepler-1055,2016,Transit,2.295036233,1.23,0.07,-0.06,5723.0,0.94
Kepler-60 d,Kepler-60,2012,Transit,11.8981,1.99,0.16,-0.16,5905.0,1.257
WASP-14 b,WASP-14,2008,Transit,2.24375,15.46842,0.89672,-0.89672,6475.0,1.4
Kepler-402 c,Kepler-402,2014,Transit,6.124821,1.56,0.35,-0.35,6090.0,1.264
Kepler-1109 b,Kepler-1109,2016,Transit,37.6467384,2.19,0.44,-0.23,5893.0,1.06
Kepler-1262 b,Kepler-1262,2016,Transit,8.67900242,1.82,0.32,-0.17,5771.0,0.98
Kepler-122 c,Kepler-122,2014,Transit,12.465988,5.87,1.16,-1.16,6050.0,1.216
Kepler-1677 b,Kepler-1677,2020,Transit,22.064,2.70216183,,,6013.72,1.24959
WASP-180 A b,WASP-180 A,2019,Transit,3.409264,13.89916,0.44836,-0.44836,6600.0,1.19
Kepler-1071 b,Kepler-1071,2016,Transit,6.1799844,2.38,0.07,-0.14,5215.0,0.81
TOI-2374 b,TOI-2374,2024,Transit,4.3136193,7.48759911,0.20176165,-0.20176165,5002.0,0.711
TOI-1855 b,TOI-1855,2024,Transit,1.36414864,18.49481816,5.82866996,-4.14732286,5359.0,1.041
WTS-2 b,WTS-2,2014,Transit,1.0187068,15.277867,0.683749,-0.683749,5000.0,0.752
Kepler-779 b,Kepler-779,2016,Transit,7.09714223,0.92,0.07,-0.07,3804.0,0.44
TOI-1806.01,TOI-1806,2024,Transit,15.1454693,3.4095367,0.3512672,-0.3512672,3272.0,0.401575
Kepler-1809 b,Kepler-1809,2021,Transit,3.7572999,1.513,,,4901.0,0.716
TRAPPIST-1 e,TRAPPIST-1,2017,Transit,6.101013,0.92,0.013,-0.012,2566.0,0.1192
K2-242 b,K2-242,2018,Transit,6.51389,2.54,0.21,-0.19,3459.0,0.37
Kepler-1929 b,Kepler-1929,2021,Transit,59.36249924,3.07250761,,,5786.0,1.471
Kepler-1081 b,Kepler-1081,2016,Transit,3.856918547,1.01,0.1,-0.07,5345.0,0.84
TIC 77319217 b,TIC 77319217,2026,Transit,7.54830765124,3.10879526,0.34451974,-0.29615262,5961.52,1.18439
HIP 29442 c,TOI-469,2023,Radial Velocity,3.5379559,1.551,0.045,-0.045,5289.0,0.98
TOI-5398 c,TOI-5398,2023,Transit,4.77271,3.52,0.19,-0.19,6000.0,1.051
Kepler-603 b,Kepler-603,2016,Transit,21.05358596,2.65,0.59,-0.26,5808.0,1.01
TOI-2818 b,TOI-2818,2023,Transit,4.039709,15.27784069,0.51561311,-0.50440413,5721.0,1.229
Kepler-1214 b,Kepler-1214,2016,Transit,18.82634264,2.36,0.19,-0.11,5130.0,0.8
TOI-2128 b,TOI-2128,2024,Transit,16.34136,2.08874836,0.08866263,-0.07642236,5968.0,1.1174
K2-161 b,K2-161,2018,Transit,9.283188,6.11721229,1.63323815,-0.78261667,4972.0,2.568173
TOI-3321 b,TOI-3321,2024,Transit,3.6525145,15.55806521,0.78462865,-0.71737476,5850.0,1.549
Kepler-1051 b,Kepler-1051,2016,Transit,25.96200249,3.4,1.23,-0.67,6675.0,1.73
Kepler-649 b,Kepler-649,2016,Transit,29.90722674,2.26,0.14,-0.12,5871.0,0.94
HAT-P-55 b,HAT-P-55,2015,Transit,3.5852313,14.84069045,0.25780656,-0.24659758,5804.0,1.105
EPIC 212587672 c,EPIC 212587672,2021,Transit,23.228555,2.32,0.19,-0.12,6004.0,0.98
TOI-451 b,TOI-451,2020,Transit,1.8587033,1.84,0.11,-0.11,5490.0,0.85
Kepler-912 b,Kepler-912,2016,Transit,2.534756273,2.8,0.84,-0.51,5998.0,1.11
Kepler-939 b,Kepler-939,2016,Transit,14.878296,1.75,0.31,-0.2,5471.0,0.85
Kepler-1291 b,Kepler-1291,2016,Transit,8.63043276,1.66,0.1,-0.18,5216.0,0.8
Kepler-1002 b,Kepler-1002,2016,Transit,4.336429331,1.71,0.06,-0.05,6144.0,1.57
Kepler-344 c,Kepler-344,2014,Transit,125.596809,2.95,1.38,-1.38,5774.0,0.976
Kepler-992 b,Kepler-992,2016,Transit,20.16034462,1.62,0.04,-0.27,4944.0,0.74
Kepler-246 c,Kepler-246,2014,Transit,11.187161,1.5,0.76,-0.76,5206.0,0.831
WASP-62 b,WASP-62,2012,Transit,4.41195,14.79588,0.89672,-0.89672,6230.0,1.23
Kepler-1111 b,Kepler-1111,2016,Transit,8.79617863,2.0,0.54,-0.26,6077.0,1.15
HATS-45 b,HATS-45,2018,Transit,4.1876244,14.414774,1.042437,-1.042437,6450.0,1.315
Kepler-923 b,Kepler-923,2016,Transit,6.93366476,1.38,0.29,-0.19,5988.0,1.26
Kepler-1273 b,Kepler-1273,2016,Transit,28.625653,2.49,0.33,-0.19,5566.0,0.91
Kepler-36 c,Kepler-36,2012,Transit,16.21865,3.679,0.096,-0.091,5979.0,1.634
Kepler-172 b,Kepler-172,2014,Transit,2.940309,2.35,0.42,-0.42,5526.0,1.085
TOI-784 b,HD 307842,2023,Transit,2.7970365,1.93,0.11,-0.09,5558.0,0.907
HATS-7 b,HATS-7,2015,Transit,3.185315,6.310667,0.515614,-0.381106,4985.0,0.815
EPIC 228836835 b,EPIC 228836835,2021,Transit,0.728113,1.1,0.3,-0.2,3782.0,0.32
HATS-37 A b,HATS-37 A,2020,Transit,4.3315366,6.792654,0.179344,-0.179344,5326.0,0.877
Kepler-183 c,Kepler-183,2014,Transit,11.637071,2.27,0.98,-0.98,5888.0,0.958
K2-139 b,K2-139,2017,Transit,28.380619,9.11,0.17,-0.17,5370.0,0.88
TOI-5716 b,TOI-5716,2025,Transit,6.7663,0.96,0.05,-0.05,3436.0,0.22
Kepler-258 c,Kepler-258,2014,Transit,33.653079,3.61,2.43,-2.43,4942.0,0.915
Kepler-1311 c,Kepler-1311,2016,Transit,2.53573424,1.22,0.28,-0.24,5748.0,1.4
K2-233 b,K2-233,2018,Transit,2.467583,1.315,0.036,-0.036,4796.0,0.71
Kepler-902 b,Kepler-902,2016,Transit,40.1099547,2.54,0.33,-0.18,5647.0,0.93
Kepler-171 d,Kepler-171,2014,Transit,39.595519,1.89,0.9,-0.9,5642.0,0.839
Kepler-894 b,Kepler-894,2016,Transit,9.803224,2.78,0.3,-0.34,5603.0,0.85
Kepler-1794 b,Kepler-1794,2021,Transit,9.762980461,1.79426276,,,5052.0,0.816
TOI-561 d,TOI-561,2020,Transit,25.71268,2.615,0.059,-0.059,5342.0,0.843
Kepler-817 b,Kepler-817,2016,Transit,3.990106229,9.03,2.06,-1.13,5861.0,1.03
K2-391 b,K2-391,2022,Transit,4.622654,1.371,0.284,-0.188,5543.0,0.566
Kepler-298 d,Kepler-298,2014,Transit,77.473633,2.5,0.2,-0.2,4465.0,0.582
K2-268 f,K2-268,2021,Transit,26.27057,2.23,0.15,-0.09,5106.0,0.78
Kepler-1165 b,Kepler-1165,2016,Transit,9.478522,1.55,0.5,-0.19,6080.0,1.18
Kepler-1693 c,Kepler-1693,2021,Transit,5.363709927,0.97698289,,,5553.0,1.098
TOI-6109 c,TOI-6109,2025,Transit,8.538878,4.8326,0.0736,-0.0632,5660.0,1.021
Kepler-1894 c,Kepler-1894,2023,Transit,5.05368985,1.21,0.37,-0.11,5772.0,0.901
Kepler-1669 c,Kepler-1669,2021,Transit,1.609320045,1.90120972,,,4224.0,0.603
TOI-1064 b,TOI-1064,2022,Transit,6.443868,2.587,0.043,-0.042,4734.0,0.726
Kepler-884 b,Kepler-884,2016,Transit,5.69919514,1.23,0.05,-0.05,5715.0,0.94
K2-140 b,K2-140,2017,Transit,6.569188,13.56286665,1.00880826,-1.00880826,5585.0,1.06
K2-71 b,K2-71,2016,Transit,6.98541,2.15,0.33,-0.33,4006.0,0.426
Kepler-191 c,Kepler-191,2014,Transit,17.738506,1.86,0.92,-0.92,5282.0,0.789
HD 224018 c,HD 224018,2025,Transit,36.57669,2.42,0.07,-0.08,5784.0,1.147
Kepler-1019 b,Kepler-1019,2016,Transit,1.411229847,1.46,0.05,-0.16,4433.0,0.67
Kepler-904 b,Kepler-904,2016,Transit,3.021668632,1.77,0.59,-0.24,6160.0,1.25
TOI-178 c,TOI-178,2021,Transit,3.238486,1.754,0.032,-0.04,4316.0,0.662
TOI-1136 e,TOI-1136,2022,Transit,18.801,2.639,0.072,-0.088,5770.0,0.968
Kepler-97 b,Kepler-97,2014,Transit,2.58664,1.48,0.13,-0.13,5779.0,0.98
Kepler-1909 b,Kepler-1909,2021,Transit,2.391609907,1.09217411,,,4935.0,0.685
Kepler-169 f,Kepler-169,2014,Transit,87.090195,2.58,0.24,-0.24,4997.0,0.763
KELT-7 b,KELT-7,2015,Transit,2.73477,17.9344,0.67254,-0.67254,6768.0,1.81
Kepler-905 b,Kepler-905,2016,Transit,5.082746517,1.41,0.05,-0.05,5461.0,0.86
WASP-28 b,WASP-28,2014,Transit,3.40883495,13.66374747,0.31385146,-0.31385146,6084.0,1.083
WASP-113 b,WASP-113,2016,Transit,4.54216874538,15.793481,1.076064,-1.56926,5890.0,1.608
Kepler-558 b,Kepler-558,2016,Transit,29.00790538,2.37,0.17,-0.14,5242.0,0.81
K2-374 b,K2-374,2022,Transit,4.521953,1.593,0.061,-0.058,5789.0,0.907
TOI-1736 b,TOI-1736,2023,Transit,7.073076,3.18175535,0.12195694,-0.09508409,5636.0,1.4286
TOI-5174 b,TOI-5174,2022,Transit,12.214286,5.351,,,5643.77,1.09457
Kepler-5 b,Kepler-5,2009,Transit,3.5484657,15.984034,0.403524,-0.571659,6297.0,1.793
K2-210 b,K2-210,2018,Transit,0.57023,0.86,0.2,-0.2,5500.0,0.89
Kepler-1263 b,Kepler-1263,2016,Transit,4.55139967,1.14,0.28,-0.12,5213.0,0.8
Kepler-130 b,Kepler-130,2014,Transit,8.457458,1.02,0.04,-0.04,5884.0,1.127
WASP-172 b,WASP-172,2018,Transit,5.477433,17.59813,1.1209,-1.1209,6900.0,1.91
WASP-18 b,WASP-18,2009,Transit,0.94145223,13.89913607,0.88550948,-0.88550948,6432.0,1.319
TOI-4552 b,TOI-4552,2026,Transit,0.30110032,1.11,0.04,-0.04,3258.0,0.2869
Kepler-1843 b,Kepler-1843,2021,Transit,25.54339981,2.70909809,,,5422.0,1.782
Kepler-1741 b,Kepler-1741,2021,Transit,2.757590055,1.273,,,3683.0,0.424
Kepler-955 b,Kepler-955,2016,Transit,14.53244172,3.13,0.27,-0.17,5350.0,0.84
TIC 356227008 b,TIC 356227008,2026,Transit,2.96147448702,2.39024009,0.34361461,-0.27903346,5731.86,0.959792
Kepler-223 d,Kepler-223,2014,Transit,14.78869,5.24,0.26,-0.45,5803.0,1.72
Kepler-224 d,Kepler-224,2014,Transit,11.349393,2.3,0.14,-0.14,5018.0,0.676
TIC 249022743 b,TIC 249022743,2026,Transit,2.25719681538,4.79568155,0.39118649,-0.36349889,5567.58,1.2084
Kepler-365 b,Kepler-365,2014,Transit,10.664903,2.04,0.97,-0.97,6012.0,1.048
Kepler-532 b,Kepler-532,2016,Transit,12.92491623,2.57,0.21,-0.14,5192.0,0.79
TOI-2714 b,TOI-2714,2024,Transit,2.499387,13.72,0.7,-0.67,5665.0,1.25
Kepler-403 b,Kepler-403,2014,Transit,7.031462,1.25,0.22,-0.22,6090.0,1.329
Kepler-474 b,Kepler-474,2016,Transit,5.660672935,3.06,0.48,-0.37,5785.0,1.08
TOI-1472 b,TOI-1472,2024,Transit,6.36338574,4.058,0.098,-0.098,5100.0,0.84
Kepler-555 b,Kepler-555,2016,Transit,16.21775407,2.83,0.56,-0.29,5894.0,1.04
TIC 245076932 b,TIC 245076932,2026,Transit,21.61389,10.87271128,0.53803107,-0.53803107,6130.0,1.288
CoRoT-1 b,CoRoT-1,2008,Transit,1.5089557,16.7,0.9,-0.9,5950.0,1.11
TOI-125 c,TOI-125,2019,Transit,9.15059,2.759,0.1,-0.1,5320.0,0.848
Kepler-683 b,Kepler-683,2016,Transit,2.539183179,1.97,0.34,-0.17,5703.0,0.95
TOI-3714 b,TOI-3714,2022,Transit,2.154849,11.32107051,0.33626942,-0.33626942,3660.0,0.51
Kepler-272 d,Kepler-272,2014,Transit,10.937304,2.25,1.22,-1.22,5297.0,0.929
HATS-10 b,HATS-10,2015,Transit,3.312846,10.861521,0.683749,-0.504405,5880.0,1.105
Kepler-229 b,Kepler-229,2014,Transit,6.252972,2.2,0.78,-0.78,5120.0,0.728
Kepler-1977 b,Kepler-1977,2023,Transit,4.53702121,1.66,0.19,-0.11,4805.0,0.688
Kepler-814 b,Kepler-814,2016,Transit,6.1469851,2.12,0.69,-0.3,6162.0,1.22
WASP-2 b,WASP-2,2007,Transit,2.152175,12.116929,0.459569,-0.44836,5180.0,0.866
Kepler-1038 b,Kepler-1038,2016,Transit,148.4603382,3.53,0.52,-0.39,5335.0,0.83
Kepler-1802 c,Kepler-1802,2021,Transit,33.13610077,2.322,,,4245.0,0.637
Kepler-56 c,Kepler-56,2012,Transit,21.40239,9.8,0.46,-0.46,4840.0,4.23
Kepler-595 c,Kepler-595,2020,Transit,12.38602,1.009,0.024,-0.024,5138.5,0.821
WASP-145 A b,WASP-145 A,2018,Transit,1.7690381,10.0881,4.4836,-4.4836,4900.0,0.68
TOI-3785 b,TOI-3785,2023,Transit,4.6747373,5.14,0.16,-0.16,3576.0,0.5
TOI-244 b,TOI-244,2023,Transit,7.397225,1.52,0.12,-0.12,3433.0,0.426
Kepler-1138 b,Kepler-1138,2016,Transit,3.17060005,1.7,0.24,-0.13,5582.0,0.92
TOI-1466 b,TOI-1466,2026,Transit,1.87190602231,2.46741991,0.3321413,-0.25190743,4435.39,0.749646
K2-9 b,K2-9,2015,Transit,18.4498,2.25,0.53,-0.96,3390.0,0.31
TOI-5344 b,TOI-5344,2023,Transit,3.792622,10.60369574,0.23538859,-0.23538859,3747.0,0.588
TOI-2382 b,TOI-2382,2025,Transit,4.6612061,12.25141591,0.85188253,-0.57165802,6033.0,1.417
TOI-2010 b,TOI-2010,2023,Transit,141.834025,11.81426566,0.30264248,-0.30264248,5929.0,1.079
WASP-136 b,WASP-136,2016,Transit,5.21536178778,16.81347105,1.6813471,-1.6813471,6250.0,2.39014
Kepler-1949 b,Kepler-1949,2021,Transit,2.208280087,2.21964541,,,6028.0,1.454
Kepler-1496 b,Kepler-1496,2016,Transit,64.6588017,2.22,0.91,-0.36,6182.0,1.27
Kepler-1954 b,Kepler-1954,2021,Transit,5.883430004,1.80235934,,,5840.0,0.849
Kepler-362 c,Kepler-362,2014,Transit,37.866281,1.45,0.61,-0.61,5788.0,0.722
K2-204 b,K2-204,2018,Transit,7.055908,3.17214154,0.17934369,-0.15692573,5783.0,1.253
Kepler-366 c,Kepler-366,2014,Transit,12.51616,1.79,0.81,-0.81,6209.0,1.048
Kepler-416 d,Kepler-416,2023,Transit,3.07644709,1.61,0.23,-0.17,5670.0,1.022
KOI-2513.01,KOI-2513,2023,Transit,19.00547,2.80224517,22.4179614,-0.56044903,5900.0,1.2
K2-233 d,K2-233,2018,Transit,24.3681,2.363,0.062,-0.062,4796.0,0.71
WASP-187 b,WASP-187,2020,Transit,5.147878,18.38276,0.56045,-0.56045,6150.0,2.83
K2-367 b,K2-367,2022,Transit,20.645099,2.413,0.225,-0.196,4348.0,0.625
K2-191 b,K2-191,2018,Transit,2.858646,1.57889322,0.26523273,-0.13201754,5176.0,0.839696
Kepler-1587 b,Kepler-1587,2016,Transit,9.4060467,1.33,0.47,-0.24,5933.0,1.22
EPIC 201595106 b,EPIC 201595106,2021,Transit,0.87724,1.565,0.079,-0.079,5679.0,0.98
Kepler-1398 c,Kepler-1398,2016,Transit,4.13827595,1.03,0.37,-0.15,6126.0,1.18
WASP-169 b,WASP-169,2019,Transit,5.6114118,14.616536,1.68135,-0.818257,6110.0,2.011
HD 110067 f,HD 110067,2023,Transit,41.05854,2.601,0.042,-0.042,5266.0,0.788
WASP-83 b,WASP-83,2015,Transit,4.971252,11.65736,0.89672,-0.56045,5510.0,1.05
Kepler-301 b,Kepler-301,2014,Transit,2.508553,1.35,0.72,-0.72,5815.0,0.9
TOI-521 b,TOI-521,2025,Transit,1.54285047,1.98,0.14,-0.14,3544.0,0.421
TOI-4513 b,TOI-4513,2026,Transit,9.76042253684,2.34587608,0.27093052,-0.22436689,5623.93,0.796628
Kepler-282 e,Kepler-282,2013,Transit,44.347,3.1,1.26,-0.25,5656.0,0.89
TIC 390586021 b,TIC 390586021,2026,Transit,2.74703755819,2.86009388,0.30567917,-0.28246364,4434.81,0.726565
TOI-4602.01,TOI-4602,2024,Transit,3.9812999,2.45,0.23,-0.23,5966.0,1.08
Kepler-380 c,Kepler-380,2014,Transit,7.630004,1.27,0.28,-0.28,6045.0,1.224
Kepler-756 b,Kepler-756,2016,Transit,1.224866322,1.12,0.09,-0.1,5282.0,0.79
EPIC 229004835 b,EPIC 229004835,2023,Transit,16.141132,2.332,0.08,-0.094,5868.0,0.999
Kepler-1283 b,Kepler-1283,2016,Transit,12.9460978,1.91,0.79,-0.31,6175.0,1.25
TOI-178 d,TOI-178,2021,Transit,6.557569,2.695,0.041,-0.046,4316.0,0.662
TOI-1439 b,TOI-1439,2024,Transit,27.644,4.2427861,0.23014642,-0.16769357,5841.0,1.6184
HAT-P-8 b,HAT-P-8,2008,Transit,3.07634,15.6926,1.45717,-1.45717,6200.0,1.57
Kepler-1705 c,Kepler-1705,2021,Transit,11.28,2.05,0.14,-0.15,6312.0,1.259
TOI-3493 b,TOI-3493,2025,Transit,8.1594667,3.22,0.08,-0.08,5844.0,1.228
K2-295 b,K2-295,2018,Transit,4.024867,10.054473,0.123299,-0.056045,4444.0,0.7
Kepler-1899 b,Kepler-1899,2021,Transit,4.095779896,1.55098292,,,4791.0,0.742
TOI-2567 b,TOI-2567,2022,Transit,5.983944,10.92875618,0.3474784,-0.32506044,5611.0,1.686
Kepler-600 b,Kepler-600,2016,Transit,23.67517607,2.9,0.21,-0.39,5279.0,0.81
Qatar-9 b,Qatar-9,2019,Transit,1.540731,11.309881,0.156926,-0.156926,4309.0,0.696
Kepler-1453 b,Kepler-1453,2016,Transit,47.1611696,2.67,0.44,-0.21,5665.0,0.94
Kepler-951 b,Kepler-951,2016,Transit,71.52530845,5.59,0.24,-0.26,4834.0,0.73
Kepler-108 c,Kepler-108,2014,Transit,190.323494,8.18,0.51,-0.51,5854.0,2.192
EPIC 212624936 c,EPIC 212624936,2021,Transit,11.811437,2.3,0.5,-0.5,5765.0,0.93
HD 191939 d,HD 191939,2020,Transit,38.353037,2.995,0.07,-0.07,5348.0,0.94
TOI-2445 b,TOI-2445,2022,Transit,0.3711281,1.25,0.08,-0.08,3333.0,0.27
K2-185 c,K2-185,2018,Transit,52.713494,2.39,0.09,-0.09,5788.0,0.94
Kepler-302 b,Kepler-302,2014,Transit,30.184104,4.06,0.85,-0.85,5740.0,1.22
WASP-44 b,WASP-44,2011,Transit,2.423804,12.3299,0.907929,-0.851884,5420.0,0.906
Kepler-213 c,Kepler-213,2014,Transit,4.822962,2.34,0.45,-0.45,5696.0,1.195
Kepler-1702 b,Kepler-1702,2020,Transit,18.5012,1.60190793,,,5093.0,0.725742
Kepler-827 b,Kepler-827,2016,Transit,51.92927591,5.63,0.7,-0.46,5602.0,0.91
Kepler-26 e,Kepler-26,2014,Transit,46.827915,2.41,0.15,-0.15,4486.0,0.571
Kepler-1359 b,Kepler-1359,2016,Transit,59.4970952,2.83,0.45,-0.32,4709.0,0.72
Kepler-1512 b,Kepler-1512,2016,Transit,20.35972599,1.18,0.07,-0.11,4372.0,0.67
Kepler-99 b,Kepler-99,2014,Transit,4.60358,1.48,0.08,-0.08,4782.0,0.73
Kepler-158 c,Kepler-158,2014,Transit,28.551383,1.9,0.3,-0.3,4623.0,0.624
Kepler-1010 b,Kepler-1010,2016,Transit,34.2685705,2.32,0.44,-0.18,5253.0,0.82
Kepler-1233 b,Kepler-1233,2016,Transit,45.1263042,2.6,1.08,-0.39,6198.0,1.25
Kepler-1230 b,Kepler-1230,2016,Transit,9.95661537,2.71,0.49,-0.29,5961.0,1.08
Kepler-300 b,Kepler-300,2014,Transit,10.446347,1.67,0.76,-0.76,5986.0,0.9
K2-80 d,K2-80,2018,Transit,28.867253,2.55211506,0.2762906,-0.13953552,5377.0,0.841458
TOI-1422 c,TOI-1422,2025,Radial Velocity,34.5633,2.61,0.14,-0.14,5840.0,1.019
K2-337 b,K2-337,2021,Transit,16.273563,2.62,0.19,-0.14,5869.0,1.32
K2-393 b,K2-393,2022,Transit,10.413181,2.352,0.175,-0.167,5678.0,1.071
Kepler-920 b,Kepler-920,2016,Transit,6.53192704,2.42,0.22,-0.16,5403.0,0.85
TOI-1386 b,TOI-1386,2024,Transit,25.8401,6.2163865,0.20643815,-0.1695697,5735.0,1.0235
Kepler-687 b,Kepler-687,2016,Transit,20.50586978,3.52,0.16,-0.2,4841.0,0.73
Kepler-1991 b,Kepler-1991,2023,Transit,13.26079792,1.47,0.2,-0.21,5478.0,1.053
HIP 116454 b,HIP 116454,2014,Transit,9.1004157,2.469,0.1,-0.091,5048.0,0.758
Kepler-1646 b,Kepler-1646,2016,Transit,4.48558383,1.23,0.28,-0.24,3299.0,0.26
Kepler-1637 b,Kepler-1637,2016,Transit,6.10960324,0.89,0.18,-0.09,5789.0,1.02
Kepler-50 c,Kepler-50,2012,Transit,9.37647,2.17,0.07,-0.08,6225.0,1.58
Kepler-1990 b,Kepler-1990,2023,Transit,1.73513619,3.27,0.54,-0.33,5751.0,1.071
TOI-1749 c,TOI-1749,2021,Transit,4.4929,2.12,0.12,-0.12,3985.0,0.55
Kepler-804 b,Kepler-804,2016,Transit,14.37457351,1.94,0.24,-0.16,5817.0,1.05
Kepler-985 b,Kepler-985,2016,Transit,116.331901,2.98,0.14,-0.15,5434.0,0.85
K2-253 b,K2-253,2018,Transit,4.00167,12.67,0.69,-0.61,6027.0,1.1
Kepler-930 b,Kepler-930,2016,Transit,71.4517775,2.13,0.92,-0.42,6335.0,1.4
Kepler-834 b,Kepler-834,2016,Transit,13.32388301,2.02,0.1,-0.1,4554.0,0.66
HATS-46 b,HATS-46,2018,Transit,4.7423729,10.121727,0.650122,-0.504405,5495.0,0.853
K2-249 b,K2-249,2018,Transit,12.409,2.79,0.27,-0.22,6504.0,1.57
Kepler-1887 b,Kepler-1887,2021,Transit,19.94750023,2.92454357,,,5749.0,0.864
Kepler-1565 b,Kepler-1565,2016,Transit,1.538188437,1.19,0.08,-0.12,4940.0,0.73
Kepler-355 b,Kepler-355,2014,Transit,11.03189,1.46,0.66,-0.66,6184.0,1.066
LP 791-18 b,LP 791-18,2019,Transit,0.9479981,1.212,0.059,-0.058,2960.0,0.182
Kepler-1632 b,Kepler-1632,2016,Transit,448.303558,2.47,0.84,-0.35,6137.0,1.19
K2-266 b,K2-266,2018,Transit,0.658524,3.3,1.8,-1.3,4285.0,0.703
HD 93963 A c,HD 93963 A,2022,Transit,3.6451389,3.11976057,0.13502367,-0.10446158,5908.0,1.0311
Kepler-103 c,Kepler-103,2014,Transit,179.60978,5.4539,0.177,-0.1746,6047.0,1.492
Kepler-85 e,Kepler-85,2014,Transit,25.216751,1.27,0.2,-0.2,5436.0,0.893
Kepler-938 b,Kepler-938,2016,Transit,52.6298417,2.22,0.25,-0.16,5533.0,0.89
TOI-620 b,TOI-620,2022,Transit,5.0988179,3.76,0.15,-0.15,3708.0,0.55
Kepler-1457 b,Kepler-1457,2016,Transit,51.1110243,1.99,0.31,-0.2,5866.0,1.01
GJ 436 b,GJ 436,2004,Radial Velocity,2.64388312,4.17,0.168,-0.168,3586.11,0.455
K2-148 c,K2-148,2018,Transit,6.9226,1.73,0.24,-0.21,4079.0,0.632
Kepler-1943 b,Kepler-1943,2021,Transit,4.850180149,1.54869189,,,6032.0,0.973
GJ 486 b,GJ 486,2021,Radial Velocity,1.46712127,1.289,0.019,-0.014,3317.0,0.3243
Kepler-27 b,Kepler-27,2011,Transit,15.3348,4.0,,,5400.0,0.59
K2-172 c,K2-172,2018,Transit,29.62682,3.20569097,0.18890159,-0.13911768,5569.0,0.868889
TOI-6894 b,TOI-6894,2025,Transit,3.37077196,9.5836785,0.24659758,-0.24659758,3007.0,0.2276
NGTS-9 b,NGTS-9,2019,Transit,4.43527,11.99363,0.67254,-0.67254,6330.0,1.38
Kepler-584 b,Kepler-584,2016,Transit,35.1810304,4.21,1.59,-0.56,6195.0,1.24
Kepler-799 b,Kepler-799,2016,Transit,133.4605235,6.88,0.85,-0.57,5681.0,0.93
Kepler-132 d,Kepler-132,2014,Transit,18.010199,1.55,0.3,-0.3,6003.0,1.178
Kepler-1961 b,Kepler-1961,2021,Transit,5.604710102,1.6187808,,,5401.0,0.777
K2-388 b,K2-388,2022,Transit,6.33932,3.9,0.2,-0.1,5310.0,0.91
K2-153 b,K2-153,2018,Transit,7.51574,2.0,0.21,-0.18,3845.0,0.53
TOI-1224 b,TOI-1224,2024,Transit,4.1782745,2.104,0.094,-0.091,3326.0,0.404
WASP-5 b,WASP-5,2008,Transit,1.6284279,12.184,0.762,-0.796,5700.0,1.029
Kepler-102 e,Kepler-102,2013,Transit,16.1456994,2.17,0.11,-0.11,4909.0,0.724
Kepler-334 b,Kepler-334,2014,Transit,5.470319,1.12,0.21,-0.21,5828.0,1.068
Kepler-623 b,Kepler-623,2016,Transit,9.07097734,3.01,0.34,-0.21,5443.0,0.86
Kepler-248 b,Kepler-248,2014,Transit,6.308205,3.02,0.36,-0.36,5190.0,0.831
K2-180 b,K2-180,2018,Transit,8.865663,2.46597575,0.10984801,-0.09639723,5365.0,0.719
K2-122 b,K2-122,2017,Transit,2.2193023,1.16,0.1,-0.05,4009.0,0.59
TOI-654.01,TOI-654,2024,Transit,1.527561,2.378,0.089,-0.089,3521.0,0.43
Kepler-295 d,Kepler-295,2014,Transit,33.884054,1.36,0.72,-0.72,5603.0,0.898
Kepler-1689 b,Kepler-1689,2020,Transit,8.483,0.94678642,,,5731.43,0.996208
HD 73583 c,HD 73583,2022,Transit,18.87974,2.39,0.1,-0.09,4511.0,0.65
