pl_name,hostname,disc_year,discoverymethod,pl_orbper,pl_rade,pl_radeerr1,pl_radeerr2,st_teff,st_rad,radius_frac_error
Kepler-249 d,Kepler-249,2014,Transit,15.368459,1.57,0.14,-0.14,3568.0,0.482,0.089171974522293
Kepler-500 b,Kepler-500,2016,Transit,8.508324398,2.58,0.25,-0.17,5813.0,1.03,0.09689922480620154
Kepler-296 b,Kepler-296,2014,Transit,10.864384,1.61,0.29,-0.27,3740.0,0.48,0.18012422360248445
TOI-1744.01,TOI-1744,2024,Transit,22.341702927,2.68,0.263,-0.172,6179.0,1.14,0.09813432835820896
Kepler-900 b,Kepler-900,2016,Transit,6.9913086,2.08,0.12,-0.34,4836.0,0.73,0.16346153846153846
Kepler-586 b,Kepler-586,2016,Transit,2.104722184,2.79,0.36,-0.2,5575.0,0.92,0.12903225806451613
Kepler-83 b,Kepler-83,2012,Transit,9.77,2.83,0.41,-0.41,4082.0,0.61,0.1448763250883392
Kepler-578 b,Kepler-578,2016,Transit,1.616883696,2.0,0.18,-0.22,5334.0,0.83,0.11
K2-392 b,K2-392,2022,Transit,15.398723,1.85,0.161,-0.154,5726.0,1.058,0.08702702702702703
Kepler-239 b,Kepler-239,2014,Transit,11.763051,2.33,0.15,-0.15,4914.0,0.763,0.06437768240343347
HD 191939 c,HD 191939,2020,Transit,28.579743,3.195,0.075,-0.075,5348.0,0.94,0.023474178403755867
Kepler-931 b,Kepler-931,2016,Transit,8.03755877,1.33,0.14,-0.09,5241.0,0.81,0.10526315789473685
TIC 38825265 b,TIC 38825265,2026,Transit,3.31336980985,2.18869476,0.35685651,-0.24522877,4375.52,0.664503,0.16304535311264692
TOI-1759 b,TOI-1759,2022,Transit,18.85019,3.14,0.1,-0.1,4065.0,0.597,0.03184713375796178
KOI-142 b,KOI-142,2013,Transit,10.91647,3.438,0.075,-0.075,5466.0,0.897,0.021815008726003487
Kepler-1350 c,Kepler-1350,2016,Transit,1.766789062,1.73,0.12,-0.18,3827.0,0.53,0.10404624277456648
TOI-1410.01,TOI-1410,2024,Transit,1.21687,3.10083009,0.22026793,-0.1612362,4635.0,0.7558,0.07103514981693176
TOI-5624 e,TOI-5624,2026,Transit,21.489936,3.247,0.042,-0.043,5327.0,0.82,0.01324299353249153
Kepler-764 b,Kepler-764,2016,Transit,7.33683936,1.64,0.2,-0.13,5557.0,0.89,0.12195121951219513
TOI-7166 b,TOI-7166,2025,Transit,12.92063621,2.01,0.06,-0.05,3099.0,0.222,0.02985074626865672
Kepler-656 b,Kepler-656,2016,Transit,1.260259094,3.12,0.21,-0.34,5281.0,0.82,0.10897435897435898
Kepler-751 b,Kepler-751,2016,Transit,17.44490636,2.46,0.23,-0.18,5387.0,0.84,0.0934959349593496
HD 207496 b,HD 207496,2023,Transit,6.441008,2.25,0.12,-0.1,4819.0,0.769,0.05333333333333333
Kepler-1503 b,Kepler-1503,2016,Transit,96.16987,2.27,0.19,-0.23,5069.0,0.74,0.10132158590308371
TOI-1776 b,TOI-1776,2024,Transit,2.799868,1.21612741,0.0898466,-0.07715788,5785.0,0.9356,0.07387926566016632
K2-19 d,K2-19,2016,Transit,2.50827,1.044,0.064,-0.064,5350.0,0.824,0.06130268199233716
Kepler-1309 b,Kepler-1309,2016,Transit,28.8432647,2.37,0.2,-0.2,5235.0,0.8,0.08438818565400844
Kepler-57 c,Kepler-57,2012,Transit,11.6,2.196,0.067,-0.065,5187.9,0.826,0.030510018214936246
K2-104 b,K2-104,2016,Transit,1.9741954,1.79,0.1,-0.06,3712.0,0.48,0.0558659217877095
TOI-1768.01,TOI-1768,2024,Transit,7.337703649,3.453,0.423,-0.287,5994.0,1.1,0.12250217202432667
Kepler-770 b,Kepler-770,2016,Transit,18.92540274,2.3,0.32,-0.17,5598.0,0.92,0.1391304347826087
TOI-1782.01,TOI-1782,2024,Transit,4.987641028,2.368,0.307,-0.244,4336.0,0.669,0.12964527027027029
Kepler-338 b,Kepler-338,2014,Transit,13.726976,2.44,0.13,-0.13,5923.0,1.735,0.05327868852459017
K2-130 b,K2-130,2017,Transit,2.49412,1.25,0.2,-0.14,4356.47,0.744261,0.16
Kepler-106 e,Kepler-106,2014,Transit,43.8445,2.56,0.33,-0.33,5858.0,1.04,0.12890625
Kepler-932 b,Kepler-932,2016,Transit,1.921437396,1.37,0.13,-0.1,5331.0,0.84,0.0948905109489051
Kepler-1206 b,Kepler-1206,2016,Transit,1.216997663,1.64,0.09,-0.08,4877.0,0.75,0.054878048780487805
Kepler-520 b,Kepler-520,2016,Transit,19.67416124,1.66,0.28,-0.1,6112.0,1.09,0.16867469879518074
TOI-2141 b,TOI-2141,2023,Transit,18.261608,3.147,0.043,-0.042,5635.0,0.95,0.013663806800127106
K2-414 c,K2-414,2022,Transit,6.669,1.9287,0.063,-0.0728,4343.0,0.732,0.03774563177269664
K2-148 b,K2-148,2018,Transit,4.38395,1.33,0.19,-0.18,4079.0,0.632,0.14285714285714285
Kepler-633 b,Kepler-633,2016,Transit,8.50340718,1.63,0.31,-0.21,5899.0,1.15,0.1901840490797546
Kepler-61 b,Kepler-61,2013,Transit,59.87756,2.15,0.13,-0.13,4017.0,0.62,0.060465116279069774
GJ 3090 b,GJ 3090,2022,Transit,2.85310198,2.18,0.06,-0.06,3707.0,0.516,0.027522935779816512
Kepler-1124 b,Kepler-1124,2016,Transit,2.852348975,1.28,0.12,-0.07,3658.0,0.34,0.09375
EPIC 212587672 b,EPIC 212587672,2019,Transit,15.28078,1.26,0.11,-0.09,6004.0,0.98,0.0873015873015873
TOI-707 b,TOI-707,2026,Transit,52.79918,2.416,0.098,-0.098,5424.0,0.978,0.040562913907284774
GJ 3929 b,GJ 3929,2022,Transit,2.616235,1.09,0.04,-0.04,3384.0,0.32,0.03669724770642201
TOI-283 b,TOI-283,2025,Transit,17.61745,2.34,0.09,-0.09,5213.0,0.85,0.038461538461538464
TOI-205 b,TOI-205,2026,Transit,4.25300773815,2.50121142,0.23968778,-0.21681012,6302.74,1.45382,0.09582867648989063
Kepler-236 b,Kepler-236,2014,Transit,8.295611,1.57,0.12,-0.12,3750.0,0.51,0.07643312101910828
HD 3167 c,HD 3167,2016,Transit,29.846511,2.983,0.083,-0.068,5338.0,0.871,0.02782433791485082
Kepler-1467 b,Kepler-1467,2016,Transit,47.0569043,3.3,0.31,-0.25,5332.0,0.82,0.09393939393939395
Kepler-19 b,Kepler-19,2011,Transit,9.28699,2.209,0.048,-0.048,5541.0,0.859,0.02172928927116342
Kepler-1102 b,Kepler-1102,2016,Transit,51.3285623,2.66,0.53,-0.23,5724.0,0.94,0.19924812030075187
HD 110067 c,HD 110067,2023,Transit,13.673694,2.388,0.036,-0.036,5266.0,0.788,0.01507537688442211
Kepler-617 b,Kepler-617,2016,Transit,1.682696148,1.32,0.07,-0.07,3712.0,0.48,0.05303030303030303
Kepler-1610 c,Kepler-1610,2023,Transit,44.9851885,2.09,0.35,-0.21,5295.0,0.8,0.1674641148325359
K2-338 b,K2-338,2021,Transit,3.850614,1.03,0.11,-0.05,4558.0,0.63,0.10679611650485436
TOI-286 b,TOI-286,2024,Transit,4.5117244,1.42,0.1,-0.1,5152.0,0.78,0.07042253521126761
Kepler-278 c,Kepler-278,2014,Transit,51.111,3.268,0.067,-0.067,4965.0,2.861,0.02050183598531212
Kepler-1248 b,Kepler-1248,2016,Transit,7.46725407,1.18,0.2,-0.11,6149.0,1.21,0.16949152542372883
K2-275 b,K2-275,2018,Transit,3.2809626,2.34,0.25,-0.27,4841.0,0.69,0.1153846153846154
Kepler-267 c,Kepler-267,2014,Transit,6.87745,2.13,0.11,-0.11,4258.0,0.555,0.051643192488262914
K2-86 b,K2-86,2016,Transit,8.77683,1.96,0.27,-0.27,5482.0,0.76,0.13775510204081634
Kepler-377 c,Kepler-377,2014,Transit,27.014976,2.06,0.39,-0.39,5949.0,1.224,0.18932038834951456
K2-195 c,K2-195,2018,Transit,28.482786,2.57581891,0.27157754,-0.14909276,5712.0,0.906367,0.10543347552332395
HD 15906 b,HD 15906,2023,Transit,10.924709,2.24,0.08,-0.08,4757.0,0.762,0.03571428571428571
K2-201 c,K2-201,2018,Transit,22.779878,3.28568401,0.39804812,-0.18385433,5507.0,0.878161,0.12114619628319036
TOI-1279 b,TOI-1279,2024,Transit,9.61419,2.66146528,0.13795921,-0.10646515,5457.0,0.8426,0.051835810535165054
K2-326 b,K2-326,2020,Transit,1.256,2.28,0.18,-0.18,3924.0,0.688,0.07894736842105264
Kepler-1575 b,Kepler-1575,2016,Transit,2.55314213,1.31,0.2,-0.13,5667.0,0.92,0.15267175572519084
Kepler-729 b,Kepler-729,2016,Transit,3.166353714,3.58,0.42,-0.25,5633.0,0.91,0.11731843575418993
Kepler-1434 b,Kepler-1434,2016,Transit,8.05333618,1.11,0.21,-0.2,6291.0,2.04,0.18918918918918917
Kepler-464 b,Kepler-464,2016,Transit,7.256965224,3.3,0.16,-0.13,5933.0,1.59,0.04848484848484849
Kepler-1580 b,Kepler-1580,2016,Transit,56.6449279,2.11,0.3,-0.31,6228.0,2.15,0.14691943127962087
Kepler-198 d,Kepler-198,2016,Transit,1.31184443,1.53,0.09,-0.07,5636.0,0.93,0.058823529411764705
Kepler-134 c,Kepler-134,2014,Transit,10.105785,1.26,0.25,-0.25,5983.0,1.176,0.1984126984126984
TOI-1860 b,TOI-1860,2022,Transit,1.0662107,1.31,0.04,-0.04,5752.0,0.94,0.030534351145038167
Kepler-132 c,Kepler-132,2014,Transit,6.414914,1.28,0.25,-0.25,6003.0,1.178,0.1953125
Kepler-26 b,Kepler-26,2011,Transit,12.28,2.78,0.11,-0.11,3914.0,0.512,0.03956834532374101
K2-343 c,K2-343,2021,Transit,7.676972,2.02,0.1,-0.07,3804.0,0.46,0.04950495049504951
KOI-1831 d,Kepler-324,2018,Transit,34.169,1.13,0.05,-0.05,5233.0,0.835,0.044247787610619475
Kepler-329 c,Kepler-329,2014,Transit,18.684737,1.93,0.29,-0.29,4257.0,0.523,0.15025906735751296
Kepler-797 b,Kepler-797,2016,Transit,27.07237711,2.17,0.43,-0.22,5680.0,0.95,0.19815668202764977
K2-401 b,K2-401,2022,Transit,6.293099,2.262,0.209,-0.192,4213.0,0.675,0.09239610963748894
Kepler-199 c,Kepler-199,2014,Transit,67.093408,3.25,0.58,-0.58,5644.0,0.967,0.17846153846153845
Kepler-1389 b,Kepler-1389,2016,Transit,99.2530951,1.77,0.05,-0.14,5078.0,0.74,0.07909604519774012
Kepler-251 d,Kepler-251,2014,Transit,30.133001,2.77,0.49,-0.49,5526.0,0.89,0.17689530685920576
Kepler-127 d,Kepler-127,2014,Transit,48.630408,2.64,0.14,-0.14,6106.0,1.359,0.05303030303030303
GJ 143 b,GJ 143,2019,Transit,35.61253,2.61,0.17,-0.16,4640.0,0.695,0.06513409961685825
K2-10 b,K2-10,2015,Transit,19.30553,3.773,0.088,-0.048,5533.0,0.956,0.02332361516034985
TOI-1659.01,TOI-1659,2024,Transit,5.877556328,2.255,0.254,-0.157,5977.0,1.006,0.11263858093126386
TOI-237 c,TOI-237,2026,Transit,1.74486147,1.206,0.035,-0.035,3226.0,0.2056,0.029021558872305144
Kepler-878 b,Kepler-878,2016,Transit,25.9422033,1.93,0.12,-0.1,5044.0,0.77,0.06217616580310881
Kepler-1473 b,Kepler-1473,2016,Transit,14.4273551,1.19,0.09,-0.08,6046.0,1.09,0.07563025210084033
Kepler-917 b,Kepler-917,2016,Transit,2.970414375,1.91,0.24,-0.17,5418.0,0.76,0.1256544502617801
TOI-1224 c,TOI-1224,2024,Transit,17.945466,2.884,0.098,-0.098,3326.0,0.404,0.03398058252427185
TOI-1422 b,TOI-1422,2022,Transit,12.99894,3.83,0.11,-0.11,5840.0,1.019,0.028720626631853787
Kepler-980 b,Kepler-980,2016,Transit,11.55102504,2.67,0.23,-0.45,5935.0,1.06,0.16853932584269662
Kepler-580 b,Kepler-580,2016,Transit,8.222419656,2.57,0.29,-0.13,4298.0,0.64,0.11284046692607004
TOI-4342 b,TOI-4342,2023,Transit,5.5382592,2.329,0.086,-0.085,3866.0,0.598,0.036925719192786595
K2-269 b,K2-269,2018,Transit,4.144965,1.57,0.12,-0.12,6209.0,1.45,0.07643312101910828
Kepler-668 b,Kepler-668,2016,Transit,8.35390639,2.7,0.23,-0.18,5352.0,0.82,0.08518518518518518
Kepler-205 b,Kepler-205,2014,Transit,2.75564,1.51,0.14,-0.14,4321.0,0.546,0.09271523178807947
Kepler-1156 b,Kepler-1156,2016,Transit,11.89520511,1.32,0.14,-0.09,5778.0,1.0,0.10606060606060606
HR 858 c,HR 858,2019,Transit,5.973865,1.979,0.054,-0.051,6354.0,1.258,0.027286508337544212
Kepler-989 b,Kepler-989,2016,Transit,7.964315352,2.21,0.14,-0.13,5074.0,0.78,0.06334841628959277
K2-351 b,K2-351,2021,Transit,7.806164,2.54,0.25,-0.19,5769.0,1.05,0.09842519685039369
HD 22946 d,HD 22946,2023,Transit,47.42489,2.607,0.06,-0.06,6169.0,1.117,0.02301495972382048
Kepler-674 b,Kepler-674,2016,Transit,2.243381847,1.69,0.1,-0.07,4192.0,0.57,0.0591715976331361
TOI-125 d,TOI-125,2020,Transit,19.98,2.93,0.17,-0.17,5320.0,0.848,0.05802047781569966
Kepler-319 d,Kepler-319,2014,Transit,31.781925,2.29,0.35,-0.35,5526.0,0.903,0.15283842794759825
K2-44 b,K2-44,2016,Transit,5.657,2.433,0.089,-0.072,5912.0,1.58,0.0365803534730785
Kepler-537 b,Kepler-537,2016,Transit,3.247555219,1.41,0.06,-0.04,5763.0,0.99,0.0425531914893617
Kepler-322 c,Kepler-322,2014,Transit,4.337234,1.67,0.18,-0.18,5388.0,0.89,0.10778443113772455
Kepler-1021 b,Kepler-1021,2016,Transit,13.47469571,2.33,0.25,-0.18,5431.0,0.86,0.1072961373390558
Kepler-1399 b,Kepler-1399,2016,Transit,1.638653058,1.25,0.22,-0.11,5735.0,0.96,0.176
K2-319 b,K2-319,2020,Transit,26.68,2.79,0.11,-0.1,5440.0,0.898,0.03942652329749104
Kepler-414 c,Kepler-414,2014,Transit Timing Variations,7.171,3.01,0.54,-0.25,5536.0,0.946,0.17940199335548176
K2-348 c,K2-348,2021,Transit,12.550171,2.67,0.23,-0.11,5077.0,0.85,0.08614232209737828
TOI-1716.01,TOI-1716,2024,Transit,8.082376554,3.143,0.409,-0.298,5879.0,1.24,0.130130448615972
TOI-5159 b,TOI-5159,2026,Transit,5.83639428843,1.54732112,0.14990024,-0.13545721,5156.16,0.854084,0.09687726617471619
K2-202 b,K2-202,2018,Transit,3.405164,2.30165603,0.18443149,-0.12920215,5491.0,0.910685,0.08012990976762066
Kepler-597 b,Kepler-597,2016,Transit,13.02365861,2.37,0.33,-0.13,5683.0,0.95,0.13924050632911392
Kepler-342 c,Kepler-342,2014,Transit,26.234138,1.96,0.35,-0.35,6175.0,1.472,0.17857142857142858
Kepler-1251 b,Kepler-1251,2016,Transit,45.0904643,1.84,0.26,-0.14,5545.0,0.89,0.14130434782608695
KOI-94 b,KOI-94,2013,Transit,3.743208,1.71,0.16,-0.16,6182.0,1.52,0.09356725146198831
TOI-220 b,TOI-220,2021,Transit,10.695264,3.03,0.15,-0.15,5298.0,0.858,0.04950495049504951
K2-128 b,K2-128,2017,Transit,5.675819,1.42,0.16,-0.13,4469.51,0.777569,0.11267605633802817
TOI-139 b,TOI-139,2023,Transit,11.07085,2.4566,0.2122,-0.1245,4570.0,0.7007,0.0863795489701213
TOI-4898 b,TOI-4898,2026,Transit,2.76520470167,3.7197954,0.31107066,-0.28689141,4201.57,0.639344,0.08362574457724206
Kepler-1292 b,Kepler-1292,2016,Transit,3.27646405,1.82,0.29,-0.14,5556.0,0.93,0.15934065934065933
Kepler-1471 b,Kepler-1471,2016,Transit,3.63899398,1.41,0.2,-0.14,5660.0,0.93,0.14184397163120568
TOI-1244 b,TOI-1244,2024,Transit,6.400316483,2.467,0.24,-0.211,4599.0,0.721,0.09728415079043372
Kepler-1442 b,Kepler-1442,2016,Transit,81.4162941,3.93,0.41,-0.29,6394.0,1.44,0.10432569974554706
Kepler-292 d,Kepler-292,2014,Transit,7.055679,2.23,0.21,-0.21,5299.0,0.826,0.09417040358744394
Kepler-692 b,Kepler-692,2016,Transit,21.81293494,3.11,0.37,-0.23,5440.0,0.86,0.1189710610932476
EPIC 206042996 b,EPIC 206042996,2019,Transit,5.2986,1.7,0.2,-0.2,4114.0,0.5,0.11764705882352942
Kepler-1193 b,Kepler-1193,2016,Transit,2.832652134,1.32,0.21,-0.17,5908.0,1.21,0.1590909090909091
Kepler-838 b,Kepler-838,2016,Transit,15.74957994,2.73,0.51,-0.25,5770.0,0.96,0.18681318681318682
Kepler-391 b,Kepler-391,2014,Transit,7.4175,2.5,0.29,-0.29,5038.0,2.879,0.11599999999999999
Kepler-698 b,Kepler-698,2016,Transit,16.32976218,3.68,0.45,-0.45,5612.0,0.91,0.12228260869565218
Kepler-409 b,Kepler-409,2014,Transit,68.9583216,1.199,0.043,-0.043,5421.0,0.897,0.035863219349457874
HIP 41378 b,HIP 41378,2016,Transit,15.57209,2.64,0.022,-0.024,6290.0,1.3,0.00909090909090909
pi Men c,HD 39091,2018,Transit,6.2678399,2.0189,0.0465,-0.0448,5998.0,1.17,0.023032344345930954
Kepler-150 c,Kepler-150,2014,Transit,7.381998,3.69,0.59,-0.59,5560.0,0.939,0.15989159891598914
TOI-1437 b,TOI-1437,2024,Transit,18.840942,2.24,0.23,-0.22,6008.0,1.17,0.10267857142857142
Kepler-1391 b,Kepler-1391,2016,Transit,54.4092333,1.68,0.26,-0.18,5840.0,1.1,0.15476190476190477
TOI-2406 b,TOI-2406,2021,Transit,3.0766891,2.86,0.063,-0.069,3100.0,0.204,0.02412587412587413
Kepler-156 b,Kepler-156,2014,Transit,4.973456,2.3,0.17,-0.17,5094.0,0.807,0.07391304347826089
Kepler-477 b,Kepler-477,2016,Transit,11.11990653,2.07,0.18,-0.12,5240.0,0.79,0.08695652173913043
Kepler-275 b,Kepler-275,2014,Transit,10.300682,2.34,0.45,-0.45,6165.0,1.383,0.19230769230769232
Kepler-967 b,Kepler-967,2016,Transit,13.22713379,2.35,0.08,-0.1,5178.0,0.8,0.0425531914893617
HIP 94235 b,HIP 94235,2022,Transit,7.713057,3.0,0.32,-0.28,5991.0,1.08,0.10666666666666667
KOI-351 c,KOI-351,2013,Transit,8.719375,1.19,0.14,-0.14,6080.0,1.2,0.11764705882352942
K2-278 b,K2-278,2018,Transit,3.334966,2.98,0.23,-0.23,6747.0,1.61,0.07718120805369127
TOI-2068 b,TOI-2068,2024,Transit,7.768915,1.821,0.162,-0.149,3710.0,0.535,0.08896210873146623
Kepler-123 b,Kepler-123,2014,Transit,17.232366,2.94,0.57,-0.57,6089.0,1.264,0.19387755102040816
Kepler-1030 b,Kepler-1030,2016,Transit,19.32952416,2.48,0.12,-0.18,4983.0,0.76,0.07258064516129031
Kepler-1451 b,Kepler-1451,2016,Transit,35.622233,3.35,0.62,-0.66,5782.0,0.99,0.19701492537313434
Kepler-190 c,Kepler-190,2014,Transit,3.763024,1.46,0.1,-0.1,5106.0,0.795,0.06849315068493152
Kepler-1132 b,Kepler-1132,2016,Transit,62.8916228,2.35,0.19,-0.17,5298.0,0.83,0.08085106382978723
HD 260655 b,HD 260655,2022,Transit,2.76953,1.24,0.023,-0.023,3803.0,0.439,0.018548387096774192
Kepler-216 c,Kepler-216,2014,Transit,17.406669,3.04,0.59,-0.59,6091.0,1.26,0.19407894736842105
Kepler-267 d,Kepler-267,2014,Transit,28.464515,2.27,0.12,-0.12,4258.0,0.555,0.05286343612334801
K2-95 b,K2-95,2016,Transit,10.1346454,3.31,0.2,-0.14,3566.0,0.4,0.06042296072507553
TOI-5630 b,TOI-5630,2026,Transit,3.22118452536,2.37117553,0.20543259,-0.18790461,5385.64,0.933361,0.08663744518314931
Kepler-239 c,Kepler-239,2014,Transit,56.228098,2.51,0.42,-0.42,4914.0,0.763,0.16733067729083667
Kepler-821 b,Kepler-821,2016,Transit,1.92279873,1.31,0.1,-0.08,5191.0,0.8,0.07633587786259542
GJ 9827 b,GJ 9827,2017,Transit,1.208974,1.44,0.09,-0.07,4236.0,0.58,0.0625
Kepler-122 d,Kepler-122,2014,Transit,21.587475,2.2,0.44,-0.44,6050.0,1.216,0.19999999999999998
NGTS-4 b,NGTS-4,2019,Transit,1.3373508,3.18,0.26,-0.26,5143.0,0.84,0.08176100628930817
K2-186 b,K2-186,2018,Transit,41.474219,3.17207779,0.26358217,-0.1628819,5784.0,0.98083,0.08309448489281847
Kepler-579 b,Kepler-579,2016,Transit,9.66857723,2.0,0.35,-0.18,5636.0,0.96,0.175
Kepler-55 e,Kepler-55,2014,Transit,4.617534,1.55,0.23,-0.23,4503.0,0.619,0.14838709677419354
Kepler-1074 b,Kepler-1074,2016,Transit,5.94566534,1.25,0.24,-0.09,4002.0,0.57,0.192
TOI-5720 b,TOI-5720,2024,Transit,1.4344555,1.09,0.07,-0.07,3325.0,0.383,0.06422018348623854
TOI-4578 b,TOI-4578,2026,Transit,8.62392630369,2.26974262,0.28541935,-0.22502724,5951.32,0.878735,0.1257496543815175
Kepler-203 d,Kepler-203,2014,Transit,11.32972,1.44,0.28,-0.28,5821.0,1.114,0.19444444444444448
Kepler-786 b,Kepler-786,2016,Transit,53.5293487,2.43,0.12,-0.07,4838.0,0.74,0.04938271604938271
TOI-251 b,TOI-251,2021,Transit,4.93777,2.74,0.18,-0.18,5875.0,0.881,0.0656934306569343
K2-3 c,K2-3,2015,Transit,24.646729,1.582,0.057,-0.051,3844.0,0.546,0.03603034134007585
Kepler-466 c,Kepler-466,2016,Transit,3.709213846,1.25,0.1,-0.07,5927.0,1.05,0.08
Kepler-197 c,Kepler-197,2014,Transit,10.349695,1.23,0.04,-0.04,6004.0,1.12,0.032520325203252036
TOI-1839 b,TOI-1839,2026,Transit,1.42378440907,2.21895097,0.25768041,-0.2140725,5315.91,0.848099,0.11612713101092091
Kepler-402 d,Kepler-402,2014,Transit,8.921099,1.38,0.27,-0.27,6090.0,1.264,0.19565217391304351
KOI-351 b,KOI-351,2013,Transit,7.008151,1.31,0.17,-0.17,6080.0,1.2,0.1297709923664122
Kepler-414 b,Kepler-414,2014,Transit Timing Variations,4.7,1.71,0.31,-0.14,5536.0,0.946,0.18128654970760233
K2-38 b,K2-38,2016,Transit,4.01593,1.54,0.14,-0.14,5731.0,1.06,0.09090909090909091
K2-378 b,K2-378,2022,Transit,2.060438,2.88,0.27,-0.23,4823.0,0.732,0.09375000000000001
Kepler-379 c,Kepler-379,2014,Transit,62.784697,2.29,0.43,-0.43,6054.0,1.306,0.18777292576419213
Kepler-29 b,Kepler-29,2011,Transit,10.33974,2.55,0.12,-0.12,5378.0,0.732,0.047058823529411764
TOI-178 e,TOI-178,2021,Transit,9.96318,2.301,0.038,-0.039,4316.0,0.662,0.01694915254237288
TOI-4495 b,TOI-4495,2026,Transit,2.56699,2.483,0.138,-0.095,6210.0,1.309,0.055577929923479666
K2-37 c,K2-37,2016,Transit,6.42966,2.41,0.15,-0.06,5352.0,0.809,0.06224066390041493
Kepler-911 b,Kepler-911,2016,Transit,20.310501,2.6,0.1,-0.1,6112.0,1.99,0.038461538461538464
Kepler-67 b,Kepler-67,2013,Transit,15.7259,2.94,0.16,-0.16,5331.0,0.778,0.054421768707483
Kepler-773 b,Kepler-773,2016,Transit,3.749100061,1.43,0.09,-0.07,5850.0,1.01,0.06293706293706294
HD 219134 c,HD 219134,2015,Radial Velocity,6.76458,1.511,0.047,-0.047,4699.0,0.778,0.031105228325612178
K2-239 d,K2-239,2018,Transit,10.115,1.1,0.1,-0.1,3420.0,0.36,0.09090909090909091
Kepler-110 c,Kepler-110,2014,Transit,31.719775,2.21,0.44,-0.44,5960.0,1.149,0.1990950226244344
Kepler-1016 b,Kepler-1016,2016,Transit,1.954524342,2.18,0.37,-0.28,5821.0,1.0,0.16972477064220182
HD 108236 e,HD 108236,2020,Transit,19.590025,3.083,0.052,-0.052,5660.0,0.877,0.01686668829062601
Kepler-1232 b,Kepler-1232,2016,Transit,26.7839183,1.93,0.24,-0.16,5471.0,0.89,0.12435233160621761
Kepler-417 c,Kepler-417,2014,Transit Timing Variations,15.943,2.69,0.19,-0.14,5177.0,0.806,0.07063197026022305
TIC 24750448 c,TIC 24750448,2026,Transit,10.14385270726,3.09028272,0.42332739,-0.31924118,4545.43,0.713599,0.13698662172890125
K2-408 b,K2-408,2022,Transit,20.978959,1.677,0.118,-0.109,5335.0,0.784,0.07036374478234943
Kepler-398 c,Kepler-398,2014,Transit,11.419412,1.01,0.11,-0.11,4493.0,0.613,0.10891089108910891
TOI-1648 b,TOI-1648,2025,Transit,7.331602,2.54,0.14,-0.12,4850.0,0.81,0.05511811023622048
TOI-5817 b,TOI-5817,2025,Transit,15.61031,3.08,0.14,-0.14,5770.0,1.427,0.045454545454545456
TIC 320419023 b,TIC 320419023,2026,Transit,5.26375651589,2.77280763,0.32201188,-0.2760399,5703.36,0.952319,0.11613206647155684
Kepler-391 c,Kepler-391,2014,Transit,20.501,2.88,0.33,-0.33,5038.0,2.879,0.11458333333333334
Kepler-136 c,Kepler-136,2014,Transit,16.399235,1.99,0.37,-0.37,6165.0,1.355,0.18592964824120603
EPIC 249893012 d,EPIC 249893012,2020,Transit,35.747,3.94,0.13,-0.12,5430.0,1.71,0.03299492385786802
Kepler-283 b,Kepler-283,2014,Transit,11.008151,2.13,0.26,-0.26,4351.0,0.566,0.12206572769953053
Kepler-1705 b,Kepler-1705,2021,Transit,9.03502,2.03,0.12,-0.14,6312.0,1.259,0.06896551724137932
TOI-4438 b,TOI-4438,2024,Transit,7.44628,2.52,0.13,-0.13,3422.0,0.372,0.05158730158730159
K2-38 c,K2-38,2016,Transit,10.56103,2.29,0.26,-0.26,5731.0,1.06,0.11353711790393013
TOI-697 b,TOI-697,2026,Transit,8.60788713593,2.35859364,0.20903984,-0.18176315,5681.95,0.968149,0.08862901877408606
TOI-4747 b,TOI-4747,2026,Transit,5.21924158592,3.95803201,0.35272904,-0.32280843,5595.08,0.988751,0.08911727826071826
Kepler-292 f,Kepler-292,2014,Transit,20.834237,2.35,0.22,-0.22,5299.0,0.826,0.09361702127659574
Kepler-650 b,Kepler-650,2016,Transit,3.032145588,2.96,0.51,-0.45,5849.0,1.35,0.1722972972972973
Kepler-128 b,Kepler-128,2013,Transit,15.0,1.421,0.04,-0.04,6072.0,1.659,0.028149190710767064
Kepler-1281 b,Kepler-1281,2016,Transit,3.11602791,1.64,0.13,-0.14,5353.0,0.83,0.08536585365853659
TOI-771 b,TOI-771,2024,Transit,2.3260155,1.36,0.1,-0.1,3370.0,0.232,0.07352941176470588
Kepler-104 b,Kepler-104,2014,Transit,11.427548,3.1,0.53,-0.53,5711.0,1.349,0.17096774193548386
TOI-1226 b,TOI-1226,2026,Transit,3.92880881576,2.4101112,0.24811318,-0.20160482,5434.91,0.986943,0.10294677689560548
Kepler-316 c,Kepler-316,2014,Transit,6.827766,1.16,0.12,-0.12,4204.0,0.52,0.10344827586206896
Kepler-533 b,Kepler-533,2016,Transit,28.51120525,3.38,0.08,-0.32,4758.0,0.72,0.09467455621301776
K2-123 b,K2-123,2017,Transit,30.951524,2.76,0.16,-0.16,4035.0,0.59,0.05797101449275363
TOI-1136 c,TOI-1136,2022,Transit,6.2574,2.879,0.06,-0.062,5770.0,0.968,0.02153525529697812
Kepler-1470 b,Kepler-1470,2016,Transit,16.2950903,1.07,0.09,-0.08,4961.0,0.76,0.08411214953271028
TOI-1249 b,TOI-1249,2024,Transit,13.079151,3.2710301,0.30687428,-0.18737301,5497.0,0.9785,0.09381579215672764
HD 15337 b,HD 15337,2019,Transit,4.7559804,1.77,0.032,-0.03,5131.0,0.855,0.01807909604519774
TOI-969 b,TOI-969,2022,Transit,1.8237305,2.765,0.088,-0.097,4435.0,0.671,0.03508137432188065
K2-224 c,K2-224,2018,Transit,10.09489,2.41,0.16,-0.12,5620.0,0.84,0.06639004149377593
Kepler-472 b,Kepler-472,2016,Transit,4.176255514,3.22,0.13,-0.28,4996.0,0.78,0.08695652173913043
Kepler-1444 b,Kepler-1444,2016,Transit,33.42035034,2.18,0.41,-0.19,5810.0,1.05,0.18807339449541283
Kepler-1129 b,Kepler-1129,2016,Transit,24.3397804,2.96,0.51,-0.33,5831.0,1.0,0.1722972972972973
K2-168 b,K2-168,2018,Transit,15.8523,1.86,0.24,-0.11,5502.7,0.83,0.12903225806451613
Kepler-1236 b,Kepler-1236,2016,Transit,31.0571618,2.14,0.18,-0.22,5337.0,0.82,0.102803738317757
Kepler-62 d,Kepler-62,2013,Transit,18.16406,1.95,0.07,-0.07,4925.0,0.64,0.0358974358974359
Kepler-150 b,Kepler-150,2014,Transit,3.428054,1.25,0.19,-0.19,5560.0,0.939,0.152
Kepler-1428 b,Kepler-1428,2016,Transit,10.67607169,1.64,0.14,-0.1,6184.0,1.36,0.08536585365853659
Kepler-1133 b,Kepler-1133,2016,Transit,11.55562343,1.97,0.24,-0.15,5569.0,0.9,0.12182741116751268
Kepler-1195 b,Kepler-1195,2016,Transit,8.49642241,2.08,0.19,-0.17,4965.0,0.71,0.09134615384615384
TIC 142589416 b,TIC 142589416,2026,Transit,2.09518466313,2.67899519,0.37365834,-0.26903649,4396.27,0.713832,0.13947704773594607
K2-244 b,K2-244,2018,Transit,21.06884,1.75,0.13,-0.1,5677.0,0.92,0.07428571428571429
EPIC 212737443 c,EPIC 212737443,2019,Transit,65.55,2.69,0.146,-0.146,4684.0,0.673,0.05427509293680297
TOI-2194 b,TOI-2194,2023,Transit,15.337597,1.9892,0.1313,-0.0668,4756.0,0.6909,0.06600643474763723
K2-136 d,K2-136,2017,Transit,25.575,1.565,0.077,-0.076,4500.0,0.677,0.049201277955271565
TOI-1693 b,TOI-1693,2022,Transit,1.7666957,1.41,0.1,-0.1,3499.0,0.46,0.07092198581560284
Kepler-837 b,Kepler-837,2016,Transit,16.56059504,2.56,0.22,-0.43,5403.0,0.81,0.16796875
Kepler-60 b,Kepler-60,2012,Transit,7.1334,1.71,0.13,-0.13,5905.0,1.257,0.0760233918128655
Kepler-556 b,Kepler-556,2016,Transit,11.72292176,2.24,0.2,-0.12,5740.0,0.98,0.08928571428571429
Kepler-109 c,Kepler-109,2014,Transit,21.22265,2.65,0.12,-0.12,5950.0,1.387,0.045283018867924525
Kepler-101 c,Kepler-101,2014,Transit,6.02976,1.25,0.19,-0.17,5667.0,1.56,0.152
K2-59 b,K2-59,2016,Transit,20.6921,2.41,0.31,-0.31,5055.0,0.731,0.12863070539419086
Kepler-1200 b,Kepler-1200,2016,Transit,1.118549717,1.06,0.06,-0.08,4612.0,0.7,0.07547169811320754
Kepler-26 d,Kepler-26,2014,Transit,3.543919,1.07,0.06,-0.06,4486.0,0.571,0.05607476635514018
Kepler-363 c,Kepler-363,2014,Transit,7.542427,1.69,0.27,-0.27,5593.0,1.485,0.15976331360946747
K2-316 c,K2-316,2020,Transit,5.26,1.83,0.13,-0.12,3436.0,0.379,0.07103825136612021
K2-396 c,K2-396,2022,Transit,25.76051,3.124,0.178,-0.112,5236.0,0.92,0.05697823303457106
Kepler-1108 b,Kepler-1108,2016,Transit,4.51005748,1.46,0.14,-0.11,5406.0,0.84,0.09589041095890412
Kepler-140 b,Kepler-140,2014,Transit,3.25427,1.61,0.31,-0.31,6077.0,1.288,0.19254658385093165
Kepler-139 b,Kepler-139,2014,Transit,15.771044,2.94,0.57,-0.57,5594.0,1.3,0.19387755102040816
Kepler-134 b,Kepler-134,2014,Transit,5.317429,2.0,0.39,-0.39,5983.0,1.176,0.195
HD 108236 f,HD 108236,2021,Transit,29.54115,2.017,0.052,-0.057,5660.0,0.877,0.02825979176995538
HD 73344 b,HD 73344,2024,Transit,15.611,2.884,0.082,-0.072,6252.6,1.22,0.028432732316227463
Kepler-2001 c,Kepler-2001,2023,Transit,14.092583189,1.82,0.23,-0.13,5081.0,0.77,0.12637362637362637
Kepler-1125 b,Kepler-1125,2016,Transit,17.6700642,1.84,0.3,-0.18,5683.0,0.94,0.16304347826086954
Kepler-1321 c,Kepler-1321,2016,Transit,2.226491086,2.4,0.3,-0.18,4094.0,0.53,0.125
K2-80 c,K2-80,2016,Transit,5.605,1.47,0.23,-0.23,5441.0,0.87,0.1564625850340136
HD 28109 b,HD 28109,2022,Transit,22.891054,2.69,0.23,-0.23,6189.0,1.425,0.08550185873605949
TOI-5624 d,TOI-5624,2026,Transit,13.731468,3.584,0.051,-0.05,5327.0,0.82,0.014229910714285712
K2-18 b,K2-18,2015,Transit,32.939623,2.37,0.22,-0.22,3457.0,0.411,0.09282700421940927
TOI-1873 b,TOI-1873,2026,Transit,7.00572708834,2.86356397,0.30160474,-0.23997153,5597.99,0.971675,0.10532495280697361
Kepler-113 b,Kepler-113,2014,Transit,4.754,1.82,0.05,-0.05,4725.0,0.69,0.027472527472527472
Kepler-1060 b,Kepler-1060,2016,Transit,46.8779367,2.38,0.45,-0.29,5797.0,0.99,0.18907563025210086
Kepler-154 e,Kepler-154,2016,Transit,3.93276465,1.5,0.14,-0.12,5769.0,0.98,0.09333333333333334
Kepler-561 c,Kepler-561,2016,Transit,5.350161983,2.68,0.43,-0.25,5646.0,0.94,0.16044776119402984
Kepler-585 b,Kepler-585,2016,Transit,2.752359753,2.83,0.55,-0.27,5593.0,0.93,0.1943462897526502
K2-203 b,K2-203,2018,Transit,9.6952,1.26549392,0.10200172,-0.07958376,5026.0,0.765,0.08060229953534664
Kepler-356 c,Kepler-356,2014,Transit,13.121632,1.81,0.33,-0.33,6133.0,1.335,0.18232044198895028
Kepler-505 b,Kepler-505,2016,Transit,27.52197994,2.6,0.11,-0.09,3931.0,0.53,0.0423076923076923
Kepler-166 d,Kepler-166,2016,Transit,1.554003928,1.73,0.15,-0.1,5350.0,0.83,0.08670520231213873
Kepler-1480 b,Kepler-1480,2016,Transit,22.12679948,1.67,0.11,-0.08,5156.0,0.81,0.0658682634730539
Kepler-1987 d,Kepler-1987,2023,Transit,5.644914154,2.66,0.25,-0.18,4769.0,0.714,0.09398496240601503
Kepler-245 b,Kepler-245,2014,Transit,7.49019,2.57,0.18,-0.18,5100.0,0.795,0.07003891050583658
Kepler-209 b,Kepler-209,2014,Transit,16.087845,2.26,0.34,-0.34,5513.0,0.935,0.1504424778761062
K2-266 e,K2-266,2018,Transit,19.482,2.73,0.14,-0.11,4285.0,0.703,0.05128205128205129
K2-126 b,K2-126,2017,Transit,7.385655,1.97,0.12,-0.12,4339.0,0.65,0.06091370558375634
Kepler-219 c,Kepler-219,2014,Transit,22.714613,3.58,0.6,-0.6,5786.0,1.491,0.16759776536312848
K2-386 b,K2-386,2022,Transit,7.473223,2.32,0.071,-0.067,5749.0,0.97,0.030603448275862068
K2-206 b,K2-206,2018,Transit,18.294549,2.79522879,0.22325706,-0.15450847,5043.0,0.758046,0.07987076435342526
Kepler-582 b,Kepler-582,2016,Transit,18.49235668,3.68,0.55,-0.34,5564.0,0.91,0.14945652173913043
TOI-912 b,TOI-912,2025,Transit,4.6780691,1.93,0.13,-0.13,3572.0,0.419,0.06735751295336788
Kepler-235 b,Kepler-235,2014,Transit,3.340222,2.23,0.1,-0.1,4255.0,0.554,0.044843049327354265
Kepler-85 c,Kepler-85,2012,Transit,12.51,1.978,0.056,-0.057,5505.2,0.875,0.028816986855409506
K2-395 c,K2-395,2022,Transit,8.491282,3.395,0.28,-0.257,5007.0,0.783,0.08247422680412372
Kepler-866 b,Kepler-866,2016,Transit,2.617032536,1.63,0.08,-0.12,4751.0,0.71,0.0736196319018405
Kepler-223 b,Kepler-223,2014,Transit,7.38449,2.99,0.18,-0.27,5803.0,1.72,0.0903010033444816
Kepler-549 b,Kepler-549,2016,Transit,42.9495649,2.57,0.23,-0.17,5360.0,0.84,0.08949416342412453
K2-58 d,K2-58,2016,Transit,22.8827,1.71,0.25,-0.25,5413.0,0.86,0.14619883040935672
Kepler-267 b,Kepler-267,2014,Transit,3.353728,1.98,0.09,-0.09,4258.0,0.555,0.045454545454545456
TOI-1260 b,TOI-1260,2021,Transit,3.127463,2.41,0.05,-0.05,4227.0,0.672,0.02074688796680498
TOI-1062 b,TOI-1062,2021,Transit,4.11296,2.265,0.096,-0.091,5328.0,0.84,0.0423841059602649
Kepler-133 c,Kepler-133,2014,Transit,31.517586,2.84,0.48,-0.48,5736.0,1.425,0.16901408450704225
Kepler-160 b,Kepler-160,2014,Transit,4.309397,1.715,0.061,-0.047,5471.0,1.118,0.035568513119533525
K2-125 b,K2-125,2017,Transit,21.750264,2.18,0.19,-0.18,3654.47,0.402049,0.08715596330275228
Kepler-1489 b,Kepler-1489,2016,Transit,82.294751,1.77,0.23,-0.18,5655.0,0.9,0.12994350282485875
Kepler-496 b,Kepler-496,2016,Transit,8.30864937,2.32,0.19,-0.14,5293.0,0.82,0.08189655172413794
Kepler-1246 b,Kepler-1246,2016,Transit,11.32271513,1.36,0.2,-0.22,4611.0,0.69,0.16176470588235292
Kepler-48 c,Kepler-48,2012,Transit,9.67395,2.71,0.14,-0.14,5194.0,0.89,0.05166051660516606
HD 110067 g,HD 110067,2023,Transit,54.76992,2.607,0.052,-0.052,5266.0,0.788,0.019946298427311084
TOI-2096 b,TOI-2096,2023,Transit,3.1190633,1.243,0.077,-0.072,3300.0,0.235,0.06194690265486725
Kepler-292 c,Kepler-292,2014,Transit,3.715335,1.47,0.15,-0.15,5299.0,0.826,0.10204081632653061
Kepler-889 b,Kepler-889,2016,Transit,3.744439,1.09,0.19,-0.13,5961.0,1.25,0.17431192660550457
Kepler-1254 c,Kepler-1254,2016,Transit,3.60084276,1.3,0.07,-0.12,4985.0,0.75,0.0923076923076923
Kepler-1332 b,Kepler-1332,2016,Transit,11.87456832,1.37,0.09,-0.05,5581.0,0.9,0.0656934306569343
Kepler-1397 b,Kepler-1397,2016,Transit,47.449955,1.72,0.19,-0.14,6026.0,1.12,0.11046511627906977
Kepler-1179 b,Kepler-1179,2016,Transit,2.685057492,1.32,0.09,-0.08,5212.0,0.81,0.06818181818181818
Kepler-1342 b,Kepler-1342,2016,Transit,2.215710358,1.66,0.22,-0.13,5527.0,0.9,0.13253012048192772
AU Mic c,AU Mic,2021,Transit,18.859023,2.79,0.18,-0.17,3540.0,0.862,0.06451612903225806
Kepler-475 b,Kepler-475,2016,Transit,3.105508189,2.49,0.05,-0.18,5009.0,0.79,0.07228915662650602
Kepler-1978 b,Kepler-1978,2023,Transit,10.84969477,2.67,0.38,-0.21,5251.0,0.778,0.14232209737827717
Kepler-141 c,Kepler-141,2014,Transit,7.010606,1.41,0.09,-0.09,4910.0,0.787,0.06382978723404255
K2-201 b,K2-201,2018,Transit,1.05979,1.40006712,0.13501309,-0.0774973,5507.0,0.878161,0.09643329814073484
HD 213885 b,HD 213885,2019,Transit,1.008035,1.745,0.051,-0.052,5978.0,1.1011,0.029799426934097418
Kepler-887 c,Kepler-887,2016,Transit,7.63846023,1.13,0.17,-0.11,6194.0,1.29,0.1504424778761062
Kepler-306 d,Kepler-306,2014,Transit,17.326644,2.47,0.24,-0.24,4954.0,0.719,0.097165991902834
Kepler-572 b,Kepler-572,2016,Transit,17.20523483,2.58,0.18,-0.17,5212.0,0.79,0.06976744186046512
Kepler-1450 b,Kepler-1450,2016,Transit,54.5094166,1.71,0.13,-0.11,4524.0,0.68,0.0760233918128655
Kepler-882 b,Kepler-882,2016,Transit,3.989539666,1.23,0.15,-0.09,5476.0,0.87,0.12195121951219512
Kepler-559 b,Kepler-559,2016,Transit,17.58752333,3.61,0.64,-0.36,5630.0,0.95,0.1772853185595568
Kepler-1312 b,Kepler-1312,2016,Transit,5.448325286,2.1,0.08,-0.07,5719.0,0.92,0.03809523809523809
HD 260655 c,HD 260655,2022,Transit,5.70588,1.533,0.051,-0.046,3803.0,0.439,0.033268101761252444
Kepler-968 c,Kepler-968,2016,Transit,5.709404918,1.69,0.08,-0.07,4598.0,0.7,0.04733727810650888
Kepler-144 c,Kepler-144,2014,Transit,10.104665,1.35,0.26,-0.26,6075.0,1.235,0.1925925925925926
Kepler-164 d,Kepler-164,2014,Transit,28.986769,2.45,0.47,-0.47,5888.0,1.148,0.19183673469387752
Kepler-140 c,Kepler-140,2014,Transit,91.353282,1.8,0.35,-0.35,6077.0,1.288,0.19444444444444442
Kepler-32 b,Kepler-32,2011,Transit,5.90124,2.2,0.2,-0.2,3900.0,0.53,0.09090909090909091
K2-193 b,K2-193,2018,Transit,14.786889,3.95,0.12,-0.12,5817.0,0.98,0.030379746835443037
HD 15906 c,HD 15906,2023,Transit,21.583298,2.93,0.07,-0.06,4757.0,0.762,0.023890784982935155
TOI-1839 c,TOI-1839,2026,Transit,4.02393854207,2.40867246,0.42638903,-0.26892818,5315.91,0.848099,0.1770224208898872
TOI-871 b,TOI-871,2024,Transit,14.362565,1.664,0.114,-0.113,4929.0,0.719,0.06850961538461539
Kepler-1649 b,Kepler-1649,2017,Transit,8.689099,1.017,0.051,-0.051,3240.0,0.2317,0.05014749262536873
K2-83 b,K2-83,2016,Transit,2.74697,1.244,0.098,-0.098,3910.0,0.424,0.07877813504823152
Kepler-1191 b,Kepler-1191,2016,Transit,5.60014851,1.51,0.13,-0.11,5308.0,0.81,0.08609271523178808
TOI-4638.01,TOI-4638,2024,Transit,10.283918787,2.933,0.376,-0.245,5700.0,0.895,0.12819638595294922
Kepler-1337 b,Kepler-1337,2016,Transit,24.4002549,2.41,0.1,-0.44,4523.0,0.67,0.1825726141078838
TOI-1054.01,TOI-1054,2021,Transit,15.5077855,2.43432,0.142957,-0.142957,6122.0,1.17,0.05872564001445989
Kepler-296 c,Kepler-296,2014,Transit,5.8416366,2.0,0.33,-0.32,3740.0,0.48,0.165
Kepler-625 b,Kepler-625,2016,Transit,7.75192492,1.99,0.06,-0.05,5789.0,0.96,0.03015075376884422
Kepler-1302 b,Kepler-1302,2016,Transit,8.83922659,1.43,0.15,-0.09,5236.0,0.82,0.1048951048951049
K2-129 b,K2-129,2017,Transit,8.239493,1.04,0.1,-0.09,3459.09,0.36001,0.09615384615384616
Kepler-977 b,Kepler-977,2016,Transit,26.85328322,2.62,0.17,-0.17,5315.0,0.83,0.0648854961832061
Kepler-1178 b,Kepler-1178,2016,Transit,31.80634,1.07,0.06,-0.08,4990.0,0.75,0.07476635514018691
K2-407 b,K2-407,2022,Transit,4.941907,1.283,0.097,-0.089,5563.0,0.927,0.07560405300077944
K2-340 b,K2-340,2021,Transit,29.740451,3.36,0.44,-0.32,5532.0,1.13,0.13095238095238096
K2-255 b,K2-255,2018,Transit,1.96417,2.9,0.28,-0.11,4676.0,0.69,0.09655172413793105
TIC 434398831 b,TIC 434398831,2025,Transit,3.685504,3.51,0.22,-0.21,5638.0,0.909,0.06267806267806268
Kepler-1334 b,Kepler-1334,2016,Transit,15.64591713,2.29,0.31,-0.18,5614.0,0.91,0.13537117903930132
Kepler-480 b,Kepler-480,2016,Transit,4.919583795,2.78,0.29,-0.21,6322.0,1.34,0.10431654676258993
K2-35 c,K2-35,2016,Transit,5.608352,1.93,0.13,-0.11,4402.71,0.619575,0.06735751295336788
K2-252 b,K2-252,2018,Transit,13.81513,1.74,0.17,-0.12,5152.0,0.82,0.09770114942528736
K2-119 b,K2-119,2017,Transit,7.727283,2.53,0.2,-0.2,4740.0,0.71,0.0790513833992095
Kepler-691 b,Kepler-691,2016,Transit,8.114379,2.09,0.09,-0.09,3715.0,0.5,0.0430622009569378
HD 136352 c,HD 136352,2019,Radial Velocity,27.59221,2.916,0.075,-0.073,5664.0,1.058,0.0257201646090535
K2-213 b,K2-213,2018,Transit,8.13087,1.51398464,0.29814572,-0.20976135,5794.0,1.20424,0.19692783673155362
Kepler-1083 b,Kepler-1083,2016,Transit,33.4177993,3.36,0.16,-0.63,5049.0,0.77,0.1875
Kepler-724 b,Kepler-724,2016,Transit,3.314946338,3.29,0.4,-0.23,5437.0,0.86,0.12158054711246201
Kepler-190 b,Kepler-190,2014,Transit,2.019999,1.56,0.11,-0.11,5106.0,0.795,0.07051282051282051
TOI-1438 b,TOI-1438,2025,Transit,5.13967,3.04,0.19,-0.19,5230.0,0.82,0.0625
K2-15 b,K2-15,2015,Transit,11.8104,2.48,0.3,-0.3,5131.0,0.68,0.12096774193548386
Kepler-377 b,Kepler-377,2014,Transit,12.509529,1.39,0.27,-0.27,5949.0,1.224,0.19424460431654678
Kepler-54 d,Kepler-54,2014,Transit,20.995694,1.53,0.08,-0.08,4252.0,0.554,0.05228758169934641
K2-136 c,K2-136,2017,Transit,17.30723,3.0,0.13,-0.13,4500.0,0.677,0.043333333333333335
Kepler-983 b,Kepler-983,2016,Transit,60.0855082,2.36,0.07,-0.18,6052.0,1.08,0.07627118644067797
Kepler-887 b,Kepler-887,2016,Transit,20.42228798,1.84,0.27,-0.17,6194.0,1.29,0.14673913043478262
K2-50 b,K2-50,2016,Transit,8.7529,1.59,0.24,-0.24,4326.0,0.546,0.1509433962264151
Kepler-196 c,Kepler-196,2014,Transit,47.427737,2.24,0.17,-0.17,5128.0,0.782,0.07589285714285714
Kepler-321 c,Kepler-321,2014,Transit,13.093921,2.32,0.45,-0.45,5740.0,1.194,0.19396551724137934
GJ 1214 b,GJ 1214,2009,Transit,1.580404531,2.733,0.033,-0.031,3101.0,0.2162,0.012074643249176729
TOI-1468 b,TOI-1468,2022,Transit,1.8805201,1.401,0.059,-0.06,3376.0,0.3714,0.042826552462526764
Kepler-535 b,Kepler-535,2016,Transit,4.903321551,2.36,0.33,-0.21,6123.0,1.27,0.1398305084745763
TOI-3082 b,TOI-3082,2023,Transit,1.926907,3.6621,0.1464,-0.1448,4263.0,0.6847,0.039977062341279596
Kepler-1037 b,Kepler-1037,2016,Transit,1.063788673,1.28,0.09,-0.07,5105.0,0.78,0.0703125
Kepler-107 b,Kepler-107,2014,Transit,3.1800218,1.536,0.025,-0.025,5854.0,1.447,0.016276041666666668
Kepler-1530 b,Kepler-1530,2016,Transit,2.5904434,1.64,0.21,-0.11,5477.0,0.88,0.12804878048780488
K2-412 b,K2-412,2022,Transit,5.9382,2.116,0.105,-0.1052,5590.0,0.977,0.049716446124763704
Kepler-1996 c,Kepler-1996,2023,Transit,92.7297248,2.81,0.2,-0.08,4580.0,0.675,0.0711743772241993
Kepler-1441 b,Kepler-1441,2016,Transit,39.4419839,1.31,0.22,-0.13,5802.0,1.0,0.16793893129770993
Kepler-498 b,Kepler-498,2016,Transit,9.61375356,3.03,0.5,-0.34,5744.0,0.96,0.16501650165016502
EPIC 201615463 c,K2-166,2019,Transit,3.80464,1.22,0.21,-0.17,5960.0,1.61,0.1721311475409836
K2-247 b,K2-247,2018,Transit,2.25021,2.12,0.19,-0.16,4667.0,0.69,0.08962264150943396
Kepler-1324 b,Kepler-1324,2016,Transit,4.115844679,1.51,0.08,-0.09,4776.0,0.73,0.059602649006622516
TIC 198190129 b,TIC 198190129,2026,Transit,7.94804910667,2.92284949,0.21251203,-0.20166389,4377.53,0.640675,0.07270714100300799
K2-325 b,K2-325,2020,Transit,6.93,2.2,0.14,-0.15,3287.0,0.298,0.06818181818181818
K2-368 d,K2-368,2022,Transit,20.201085,1.948,0.152,-0.143,4663.0,0.663,0.07802874743326489
Kepler-23 b,Kepler-23,2011,Transit,7.1,1.638,0.047,-0.047,5828.0,1.548,0.028693528693528696
L 98-59 c,L 98-59,2019,Transit,3.6906764,1.329,0.029,-0.029,3415.0,0.3155,0.0218209179834462
Kepler-367 b,Kepler-367,2014,Transit,37.815724,1.3,0.16,-0.16,4710.0,0.695,0.12307692307692307
LHS 1815 b,LHS 1815,2020,Transit,3.814334,1.088,0.064,-0.064,3643.0,0.501,0.058823529411764705
Kepler-603 d,Kepler-603,2016,Transit,6.2171292,1.32,0.25,-0.13,5808.0,1.01,0.1893939393939394
GJ 1132 b,GJ 1132,2015,Transit,1.62892911,1.19151465,0.03811053,-0.04483592,3229.0,0.2211,0.037629348493533
TOI-7384 b,TOI-7384,2026,Transit,6.2340258,3.56,0.21,-0.21,3185.0,0.319,0.05898876404494382
TOI-1448 b,TOI-1448,2024,Transit,8.112245,2.749,0.067,-0.063,3412.0,0.38,0.024372499090578394
Kepler-862 b,Kepler-862,2016,Transit,3.148664534,2.21,0.44,-0.17,5333.0,0.84,0.1990950226244344
Kepler-138 c,Kepler-138,2014,Transit,13.7815,1.51,0.04,-0.04,3841.0,0.535,0.026490066225165563
Kepler-1001 b,Kepler-1001,2016,Transit,14.30511983,3.15,0.34,-0.48,5491.0,0.88,0.15238095238095237
TIC 294329732 b,TIC 294329732,2026,Transit,9.7565876181,2.07692266,0.22293792,-0.18647061,5201.93,0.920172,0.1073405015476118
Kepler-1059 b,Kepler-1059,2016,Transit,3.764191048,1.73,0.12,-0.15,4906.0,0.72,0.08670520231213873
Kepler-518 b,Kepler-518,2016,Transit,8.512035877,2.11,0.05,-0.05,5842.0,0.88,0.023696682464454978
Kepler-28 b,Kepler-28,2011,Transit,5.91,1.959,0.043,-0.042,4499.3,0.664,0.02194997447677386
HD 63433 c,HD 63433,2020,Transit,20.5438281,2.692,0.108,-0.088,5553.0,0.934,0.040118870728083206
TOI-128.01,TOI-128,2024,Transit,4.9404681,2.21898,0.10878,-0.10878,6086.0,1.13,0.049022523862315114
Kepler-49 d,Kepler-49,2014,Transit,2.576549,1.6,0.07,-0.07,4252.0,0.559,0.043750000000000004
Kepler-107 c,Kepler-107,2014,Transit,4.901452,1.597,0.026,-0.026,5854.0,1.447,0.01628052598622417
TOI-2095 b,TOI-2095,2023,Transit,17.66484,1.25,0.07,-0.07,3759.0,0.44,0.05600000000000001
TOI-2000 b,TOI-2000,2023,Transit,3.09833,2.7,0.15,-0.15,5611.0,1.134,0.05555555555555555
Kepler-877 b,Kepler-877,2016,Transit,18.45847097,2.12,0.14,-0.27,5261.0,0.81,0.12735849056603774
HD 135694 b,HD 135694,2023,Transit,15.923475568,2.857,0.227,-0.206,5712.0,1.08,0.07945397269863493
K2-70 b,K2-70,2016,Transit,13.97896,2.89,0.47,-0.47,5622.0,0.93,0.16262975778546712
Kepler-1578 b,Kepler-1578,2016,Transit,1.450886907,1.04,0.11,-0.11,5545.0,0.86,0.10576923076923077
WASP-84 c,WASP-84,2023,Transit,1.4468849,1.95,0.12,-0.12,5280.0,0.768,0.061538461538461535
TOI-776 c,TOI-776,2020,Transit,15.665323,2.047,0.081,-0.078,3725.0,0.547,0.03957010258915486
Kepler-212 b,Kepler-212,2014,Transit,16.257582,1.09,0.21,-0.21,5852.0,1.455,0.19266055045871558
Kepler-1577 b,Kepler-1577,2016,Transit,6.30560247,1.13,0.05,-0.11,4862.0,0.74,0.09734513274336284
Kepler-55 d,Kepler-55,2014,Transit,2.211099,1.59,0.09,-0.09,4503.0,0.619,0.056603773584905655
EPIC 212499991 b,EPIC 212499991,2019,Transit,34.885,1.6,0.13,-0.16,4982.79,0.757541,0.09999999999999999
Kepler-1608 b,Kepler-1608,2016,Transit,16.4735686,1.73,0.16,-0.19,4992.0,0.72,0.10982658959537572
Kepler-152 b,Kepler-152,2014,Transit,18.207973,2.79,0.17,-0.17,5088.0,0.724,0.06093189964157707
HIP 8152 c,HIP 8152,2023,Transit,19.60562,2.52442508,0.14962921,-0.14078921,5618.0,0.9603,0.059272588909630074
Kepler-899 b,Kepler-899,2016,Transit,19.17891293,2.68,0.46,-0.26,5595.0,0.91,0.17164179104477612
HD 110067 b,HD 110067,2023,Transit,9.113678,2.2,0.03,-0.03,5266.0,0.788,0.013636363636363634
K2-272 b,K2-272,2018,Transit,14.4536756,3.13,0.38,-0.21,5397.0,0.83,0.12140575079872205
K2-61 b,K2-61,2016,Transit,2.57336,1.92,0.11,-0.05,5748.0,0.995,0.05729166666666667
Kepler-1329 b,Kepler-1329,2016,Transit,9.33646594,2.17,0.06,-0.16,4500.0,0.69,0.07373271889400922
Kepler-835 b,Kepler-835,2016,Transit,11.41909375,2.79,0.54,-0.29,5954.0,1.11,0.19354838709677422
Kepler-1143 b,Kepler-1143,2016,Transit,2.888904849,1.67,0.13,-0.11,5053.0,0.77,0.07784431137724551
Kepler-136 b,Kepler-136,2014,Transit,11.5789,2.05,0.38,-0.38,6165.0,1.355,0.1853658536585366
TOI-1680 b,TOI-1680,2023,Transit,4.8026345,1.466,0.063,-0.049,3225.0,0.2106,0.042974079126875855
Kepler-146 c,Kepler-146,2014,Transit,76.732171,3.13,0.59,-0.59,5948.0,1.208,0.18849840255591055
Kepler-507 b,Kepler-507,2016,Transit,3.568096926,1.3,0.24,-0.17,6113.0,1.32,0.1846153846153846
TOI-5704 b,TOI-5704,2023,Transit,3.771116,3.2274,0.1873,-0.1398,4590.0,0.7575,0.058034331040466014
TOI-2076 e,TOI-2076,2025,Transit,3.0223753,1.301,0.059,-0.059,5187.0,0.758,0.045349730976172176
HD 63433 d,HD 63433,2023,Transit,4.209075,1.073,0.046,-0.044,5688.0,0.912,0.04287045666356011
Kepler-172 d,Kepler-172,2014,Transit,14.627119,2.25,0.4,-0.4,5526.0,1.085,0.17777777777777778
Kepler-705 b,Kepler-705,2016,Transit,56.0560538,2.11,0.1,-0.08,3722.0,0.51,0.047393364928909956
TOI-238 c,TOI-238,2024,Radial Velocity,8.465651,2.18,0.18,-0.18,5059.0,0.733,0.08256880733944953
K2-365 b,K2-365,2022,Transit,23.448172,2.906,0.195,-0.176,5561.0,1.051,0.06710254645560908
K2-376 b,K2-376,2022,Transit,5.776475,1.736,0.125,-0.119,5937.0,1.149,0.07200460829493088
Kepler-728 b,Kepler-728,2016,Transit,5.743477265,3.34,0.45,-0.26,5660.0,0.93,0.1347305389221557
Kepler-563 b,Kepler-563,2016,Transit,22.18432708,3.09,0.17,-0.2,5066.0,0.77,0.06472491909385114
Kepler-221 d,Kepler-221,2014,Transit,10.04156,2.73,0.25,-0.25,5243.0,0.821,0.09157509157509157
Kepler-595 b,Kepler-595,2016,Transit,25.3029092,3.708,0.01,-0.01,5138.5,0.821,0.0026968716289104636
Kepler-296 f,Kepler-296,2014,Transit,63.33627,1.8,0.31,-0.3,3740.0,0.48,0.17222222222222222
TOI-682.01,TOI-682,2021,Transit,6.8392388,3.74186,0.251835,-0.251835,5085.0,1.08,0.06730209040423746
Kepler-534 b,Kepler-534,2016,Transit,15.95994513,2.24,0.08,-0.07,5884.0,0.98,0.03571428571428571
TOI-512 b,TOI-512,2025,Transit,7.18886,1.54,0.1,-0.1,5277.0,0.89,0.06493506493506494
Kepler-1270 b,Kepler-1270,2016,Transit,6.03356196,3.32,0.3,-0.65,5047.0,3.38,0.1957831325301205
Kepler-172 c,Kepler-172,2014,Transit,6.388996,2.86,0.53,-0.53,5526.0,1.085,0.18531468531468534
K2-266 d,K2-266,2018,Transit,14.697,2.93,0.14,-0.12,4285.0,0.703,0.04778156996587031
Kepler-1022 b,Kepler-1022,2016,Transit,10.99469878,2.36,0.08,-0.28,4445.0,0.68,0.11864406779661019
Kepler-133 b,Kepler-133,2014,Transit,8.129976,1.76,0.3,-0.3,5736.0,1.425,0.17045454545454544
Kepler-283 c,Kepler-283,2014,Transit,92.743711,1.82,0.12,-0.12,4351.0,0.566,0.06593406593406594
Kepler-631 b,Kepler-631,2016,Transit,17.97979059,2.9,0.32,-0.23,6185.0,1.33,0.11034482758620691
Kepler-1086 b,Kepler-1086,2016,Transit,18.78425728,2.44,0.35,-0.28,4350.0,0.66,0.14344262295081966
Kepler-1023 b,Kepler-1023,2016,Transit,62.1387714,2.63,0.3,-0.18,5494.0,0.89,0.11406844106463879
Kepler-104 c,Kepler-104,2014,Transit,23.668205,3.13,0.55,-0.55,5711.0,1.349,0.1757188498402556
Kepler-1115 b,Kepler-1115,2016,Transit,23.5540725,1.7,0.29,-0.2,8480.0,1.73,0.17058823529411765
K2-344 b,K2-344,2021,Transit,3.35585,1.59,0.1,-0.05,4374.0,0.49,0.06289308176100629
Kepler-1859 c,Kepler-1859,2023,Transit,3.59645081,1.66,0.29,-0.23,5887.0,1.235,0.1746987951807229
K2-323 b,K2-323,2020,Transit,24.93,2.1,0.09,-0.11,3710.0,0.549,0.05238095238095238
Kepler-1570 b,Kepler-1570,2016,Transit,26.548955,1.07,0.19,-0.1,5550.0,0.89,0.17757009345794392
Kepler-1290 b,Kepler-1290,2016,Transit,4.69500134,1.42,0.21,-0.13,5660.0,0.93,0.14788732394366197
Kepler-207 d,Kepler-207,2014,Transit,5.868075,3.31,0.63,-0.63,5920.0,1.588,0.1903323262839879
TOI-929 b,TOI-929,2026,Transit,5.83015366944,2.68983343,0.22609669,-0.20537812,4457.16,0.717414,0.08405601903758032
Kepler-279 b,Kepler-279,2014,Transit,12.309681,3.62,0.71,-0.71,6363.0,1.746,0.19613259668508284
TOI-1853 b,TOI-1853,2023,Transit,1.2436258,3.46,0.08,-0.08,4985.0,0.808,0.023121387283236997
K2-356 b,K2-356,2021,Transit,21.0267366,2.29,0.15,-0.12,5568.0,0.86,0.06550218340611354
Kepler-1521 b,Kepler-1521,2016,Transit,47.14840805,2.5,0.09,-0.1,5042.0,0.76,0.04
K2-288 B b,K2-288 B,2018,Transit,31.393463,1.9,0.3,-0.3,3341.0,0.32,0.15789473684210525
Kepler-238 c,Kepler-238,2014,Transit,6.155557,2.39,0.45,-0.45,5751.0,1.43,0.18828451882845187
Kepler-218 b,Kepler-218,2014,Transit,3.619337,1.48,0.12,-0.12,5502.0,1.063,0.08108108108108109
Kepler-969 b,Kepler-969,2016,Transit,34.1731714,2.07,0.05,-0.05,5214.0,0.82,0.02415458937198068
Kepler-369 c,Kepler-369,2014,Transit,14.871572,1.41,0.06,-0.06,3591.0,0.471,0.0425531914893617
Kepler-1253 b,Kepler-1253,2016,Transit,68.8861915,1.33,0.18,-0.18,5850.0,1.1,0.13533834586466165
Kepler-65 b,Kepler-65,2012,Transit,2.15491,1.42,0.03,-0.03,6211.0,1.41,0.02112676056338028
TOI-1467 b,TOI-1467,2024,Transit,5.97114713,1.92,0.171,-0.113,3834.0,0.491,0.08906250000000002
Kepler-832 b,Kepler-832,2016,Transit,7.1396941,2.06,0.32,-0.17,5596.0,0.9,0.1553398058252427
K2-117 c,K2-117,2017,Transit,5.444017,2.06,0.12,-0.12,3778.0,0.51,0.058252427184466014
Kepler-400 c,Kepler-400,2014,Transit,17.340824,1.49,0.28,-0.28,5886.0,1.145,0.18791946308724833
TOI-1450 A b,TOI-1450 A,2024,Transit,2.0439274,1.13,0.043,-0.043,3437.0,0.483,0.03805309734513274
Kepler-524 b,Kepler-524,2016,Transit,7.97419807,1.91,0.14,-0.12,6014.0,1.1,0.07329842931937174
WASP-132 c,WASP-132,2022,Transit,1.01153624,1.841,0.094,-0.093,4686.0,0.758,0.051059206952743075
K2-273 b,K2-273,2018,Transit,11.7195663,3.05,0.23,-0.12,5161.0,0.85,0.07540983606557378
LHS 1140 b,LHS 1140,2017,Transit,24.73723,1.73,0.025,-0.025,3096.0,0.2159,0.014450867052023123
Kepler-177 b,Kepler-177,2013,Transit,36.8601,3.5,0.19,-0.15,5732.0,1.324,0.054285714285714284
Kepler-1528 b,Kepler-1528,2016,Transit,1.791110205,1.46,0.25,-0.13,5857.0,1.03,0.17123287671232876
Kepler-160 c,Kepler-160,2014,Transit,13.699429,3.76,0.23,-0.09,5471.0,1.118,0.06117021276595745
Kepler-192 b,Kepler-192,2014,Transit,9.926746,2.74,0.45,-0.45,5479.0,1.007,0.16423357664233576
Kepler-115 b,Kepler-115,2014,Transit,2.403679,1.09,0.21,-0.21,5979.0,1.205,0.19266055045871558
GJ 3473 b,GJ 3473,2020,Transit,1.1980035,1.264,0.05,-0.049,3347.0,0.364,0.03955696202531646
Kepler-1455 b,Kepler-1455,2016,Transit,49.276764,2.16,0.15,-0.16,4075.0,0.6,0.07407407407407407
Kepler-296 e,Kepler-296,2014,Transit,34.14211,1.53,0.27,-0.25,3740.0,0.48,0.17647058823529413
TOI-4311 c,TOI-4311,2026,Transit,15.070425,2.47,0.12,-0.11,5063.0,0.8441,0.048582995951417
Kepler-1376 b,Kepler-1376,2016,Transit,5.30880656,1.05,0.21,-0.09,5659.0,0.97,0.19999999999999998
EPIC 220674823 c,EPIC 220674823,2016,Transit,13.340603,2.712,0.071,-0.071,5578.0,0.99,0.026179941002949847
Kepler-1190 b,Kepler-1190,2016,Transit,10.45843441,1.33,0.05,-0.11,4730.0,0.72,0.08270676691729323
TOI-1774.01,TOI-1774,2021,Transit,16.70988,2.78,0.05,-0.04,5746.0,1.1303,0.01798561151079137
TOI-2134 b,TOI-2134,2023,Transit,9.229198,2.735,0.068,-0.068,4580.0,0.709,0.024862888482632545
Kepler-1194 b,Kepler-1194,2016,Transit,16.22371307,1.51,0.12,-0.09,5590.0,0.92,0.07947019867549669
TOI-2076 c,TOI-2076,2021,Transit,21.01447,3.54,0.14,-0.14,5187.0,0.758,0.03954802259887006
HIP 97166 b,HIP 97166,2021,Transit,10.288914,2.4801338,0.07271432,-0.05203142,5216.0,0.8418,0.02931870853096716
Kepler-833 b,Kepler-833,2016,Transit,18.7546998,2.02,0.12,-0.09,4339.0,0.62,0.0594059405940594
HD 23472 b,HD 23472,2019,Transit,17.667087,2.0,0.11,-0.1,4684.0,0.71,0.055
Kepler-914 b,Kepler-914,2016,Transit,4.40966548,1.38,0.17,-0.12,5877.0,1.15,0.12318840579710147
Kepler-973 b,Kepler-973,2016,Transit,49.6077331,1.96,0.08,-0.07,5213.0,0.78,0.04081632653061225
K2-343 b,K2-343,2021,Transit,2.787174,1.65,0.16,-0.08,3804.0,0.46,0.09696969696969698
Kepler-903 b,Kepler-903,2016,Transit,10.3507721,2.01,0.35,-0.36,5682.0,0.97,0.17910447761194032
HD 5278 b,HD 5278,2021,Transit,14.339156,2.45,0.05,-0.05,6203.0,1.194,0.02040816326530612
Kepler-331 d,Kepler-331,2014,Transit,32.134328,1.64,0.17,-0.17,4347.0,0.492,0.10365853658536586
K2-84 b,K2-84,2016,Transit,6.4215,2.41,0.35,-0.35,5652.0,0.93,0.14522821576763484
K2-409 b,K2-409,2022,Transit,1.908084,2.482,0.174,-0.158,5742.0,1.228,0.0701047542304593
Kepler-1160 b,Kepler-1160,2016,Transit,7.97034958,2.14,0.28,-0.14,5519.0,0.89,0.13084112149532712
Kepler-763 c,Kepler-763,2023,Transit,4.09667624,1.42,0.07,-0.1,4999.0,0.843,0.07042253521126761
Kepler-236 c,Kepler-236,2014,Transit,23.968127,2.0,0.17,-0.17,3750.0,0.51,0.085
Kepler-851 b,Kepler-851,2016,Transit,8.50699658,1.68,0.27,-0.21,5455.0,0.85,0.16071428571428573
Kepler-605 b,Kepler-605,2016,Transit,3.383538066,1.44,0.17,-0.09,5462.0,0.88,0.11805555555555557
K2-17 b,K2-17,2015,Transit,17.96753,2.23,0.2,-0.2,4320.0,0.66,0.08968609865470853
TOI-1451 b,TOI-1451,2024,Transit,16.537944,2.61143902,0.13407193,-0.10283772,5801.0,1.0162,0.051340249178018334
K2-181 b,K2-181,2018,Transit,6.8941,2.69,0.21,-0.09,5528.0,1.06,0.07806691449814127
Kepler-206 c,Kepler-206,2014,Transit,13.137471,1.77,0.34,-0.34,5764.0,1.185,0.192090395480226
K2-239 c,K2-239,2018,Transit,7.775,1.0,0.1,-0.1,3420.0,0.36,0.1
TOI-824 b,TOI-824,2020,Transit,1.392978,2.926,0.202,-0.191,4600.0,0.695,0.06903622693096377
Kepler-221 e,Kepler-221,2014,Transit,18.369917,2.63,0.25,-0.25,5243.0,0.821,0.09505703422053233
Kepler-411 b,Kepler-411,2013,Transit,3.005156,2.401,0.053,-0.053,4974.0,0.82,0.022074135776759686
Kepler-1358 b,Kepler-1358,2016,Transit,7.06317341,1.12,0.07,-0.1,5181.0,0.79,0.08928571428571429
K2-316 b,K2-316,2020,Transit,1.133,1.33,0.1,-0.09,3436.0,0.379,0.07518796992481203
EPIC 206215704 b,EPIC 206215704,2019,Transit,2.255436,1.0,0.1,-0.09,3297.0,0.25,0.1
TIC 161045582 b,TIC 161045582,2026,Transit,8.85577189959,2.24566738,0.25949107,-0.22531238,5683.87,1.07976,0.11555187215659693
Kepler-598 b,Kepler-598,2016,Transit,3.70175428,1.5,0.12,-0.09,5307.0,0.86,0.08
Kepler-1028 b,Kepler-1028,2016,Transit,2.51462432,1.33,0.15,-0.11,5522.0,0.87,0.11278195488721804
Kepler-1627 b,Kepler-1627,2016,Transit,7.20283653,3.69,0.49,-0.41,5445.0,0.84,0.13279132791327913
Kepler-436 c,Kepler-436,2016,Transit,16.79713874,2.33,0.19,-0.14,4685.0,0.71,0.0815450643776824
Kepler-721 b,Kepler-721,2016,Transit,5.392025388,2.64,0.14,-0.14,5075.0,0.78,0.05303030303030303
Kepler-314 c,Kepler-314,2014,Transit,5.960392,2.9,0.43,-0.43,5378.0,0.95,0.1482758620689655
K2-173 b,K2-173,2018,Transit,5.868699,1.60826194,0.15968465,-0.10547102,5580.0,0.843154,0.09929020020208898
Kepler-2001 b,Kepler-2001,2023,Transit,1.090011003,1.04,0.13,-0.08,5081.0,0.77,0.125
TOI-238 b,TOI-238,2024,Transit,1.273099,1.559,0.047,-0.047,5059.0,0.756,0.03014753046824888
Kepler-1247 b,Kepler-1247,2016,Transit,13.71220213,2.33,0.21,-0.16,5303.0,0.82,0.09012875536480686
TOI-2459 b,TOI-2459,2023,Transit,19.104718,2.9531,0.0916,-0.0658,4195.0,0.6751,0.031018252006366192
Kepler-660 b,Kepler-660,2016,Transit,9.27358194,2.57,0.11,-0.17,4779.0,0.71,0.066147859922179
Kepler-760 b,Kepler-760,2016,Transit,8.70419416,3.06,0.26,-0.24,5322.0,0.85,0.08496732026143791
TRAPPIST-1 c,TRAPPIST-1,2016,Transit,2.421937,1.097,0.014,-0.012,2566.0,0.1192,0.01276207839562443
Kepler-1612 b,Kepler-1612,2016,Transit,3.91795101,1.03,0.18,-0.11,5643.0,0.94,0.17475728155339804
TOI-1246 e,TOI-1246,2022,Transit,37.92548,3.5141875,0.26911442,-0.18217943,5213.0,0.8649,0.07657941416045673
Kepler-1335 b,Kepler-1335,2016,Transit,6.26406846,1.45,0.1,-0.09,4903.0,0.74,0.06896551724137931
Kepler-289 d,Kepler-289,2014,Transit,66.0282,3.03,0.08,-0.08,5990.0,1.0,0.026402640264026406
K2-25 b,K2-25,2015,Transit,3.48456408,3.44,0.12,-0.12,3207.0,0.2932,0.03488372093023256
Kepler-157 c,Kepler-157,2014,Transit,13.5405,2.24,0.43,-0.43,5774.0,1.044,0.1919642857142857
Kepler-616 b,Kepler-616,2016,Transit,9.99761851,2.43,0.33,-0.2,5753.0,0.97,0.13580246913580246
Kepler-202 c,Kepler-202,2014,Transit,16.282493,1.85,0.1,-0.1,4668.0,0.667,0.05405405405405406
K2-339 b,K2-339,2021,Transit,19.507428,1.92,0.19,-0.12,4857.0,0.72,0.09895833333333334
Kepler-338 e,Kepler-338,2014,Transit Timing Variations,9.341,1.56,0.07,-0.07,5999.0,1.735,0.04487179487179487
K2-229 c,K2-229,2018,Transit,8.32727,2.03,0.12,-0.06,5315.0,0.79,0.05911330049261084
TOI-1203 b,TOI-1203,2025,Radial Velocity,4.1572888,1.52,0.045,-0.046,5737.0,1.179,0.030263157894736843
Kepler-80 g,Kepler-80,2017,Transit,14.64558,1.13,0.14,-0.14,4540.0,0.678,0.12389380530973454
Kepler-1417 b,Kepler-1417,2016,Transit,20.3505213,1.0,0.2,-0.11,5839.0,1.02,0.2
TOI-4363 b,TOI-4363,2026,Transit,2.11867592279,1.76689273,0.24906585,-0.23329954,4278.45,0.69132,0.1409626321797136
Kepler-1197 b,Kepler-1197,2016,Transit,2.03231845,1.25,0.03,-0.09,4708.0,0.72,0.072
Kepler-1484 b,Kepler-1484,2016,Transit,30.4549136,2.11,0.3,-0.22,5730.0,0.92,0.14218009478672985
Kepler-1210 b,Kepler-1210,2016,Transit,8.07124073,1.7,0.3,-0.13,5568.0,0.92,0.17647058823529413
Kepler-159 b,Kepler-159,2014,Transit,10.139623,2.38,0.18,-0.18,4625.0,0.663,0.07563025210084033
K2-290 b,K2-290,2019,Transit,9.21165,3.06,0.16,-0.16,6302.0,1.511,0.05228758169934641
Kepler-774 b,Kepler-774,2016,Transit,11.0895723,3.17,0.46,-0.54,6403.0,2.42,0.17034700315457416
Kepler-859 b,Kepler-859,2016,Transit,20.38177573,3.09,0.18,-0.15,5020.0,0.77,0.05825242718446602
TRAPPIST-1 f,TRAPPIST-1,2017,Transit,9.20754,1.045,0.013,-0.012,2566.0,0.1192,0.012440191387559809
K2-219 b,K2-219,2018,Transit,3.901287,1.34762583,0.20196772,-0.1810607,5753.0,1.189232,0.14986928530451216
Kepler-717 b,Kepler-717,2016,Transit,4.40840023,2.42,0.25,-0.35,5485.0,0.85,0.1446280991735537
K2-188 c,K2-188,2018,Transit,7.810253,2.83,0.15,-0.15,5977.0,1.19,0.05300353356890459
K2-148 d,K2-148,2018,Transit,9.7579,1.64,0.24,-0.21,4079.0,0.632,0.14634146341463414
K2-385 b,K2-385,2022,Transit,2.380867,1.539,0.145,-0.126,4844.0,0.761,0.09421702404158544
Kepler-304 c,Kepler-304,2014,Transit,5.315946,2.17,0.15,-0.15,4731.0,0.687,0.06912442396313365
Kepler-49 e,Kepler-49,2014,Transit,18.596108,1.56,0.08,-0.08,4252.0,0.559,0.05128205128205128
Kepler-326 c,Kepler-326,2014,Transit,4.580358,1.4,0.1,-0.1,5105.0,0.801,0.07142857142857144
K2-346 b,K2-346,2021,Transit,26.201446,2.26,0.19,-0.1,4801.0,0.7,0.084070796460177
Kepler-353 c,Kepler-353,2014,Transit,8.410894,1.38,0.07,-0.07,3903.0,0.504,0.05072463768115943
Kepler-1226 b,Kepler-1226,2016,Transit,17.2923453,1.45,0.26,-0.15,5923.0,1.02,0.17931034482758623
Kepler-560 b,Kepler-560,2016,Transit,18.47764449,1.72,0.09,-0.09,3556.0,0.33,0.05232558139534883
Kepler-1048 b,Kepler-1048,2016,Transit,6.92101021,1.61,0.09,-0.08,4651.0,0.7,0.05590062111801242
TOI-1749 d,TOI-1749,2021,Transit,9.0497,2.52,0.15,-0.15,3985.0,0.55,0.05952380952380952
Kepler-954 b,Kepler-954,2016,Transit,16.78176602,2.32,0.05,-0.11,4990.0,0.76,0.04741379310344828
K2-36 c,K2-36,2016,Transit,5.340888,3.2,0.3,-0.3,4916.0,0.718,0.09374999999999999
Kepler-1388 c,Kepler-1388,2016,Transit,5.53608151,2.26,0.14,-0.11,4098.0,0.61,0.06194690265486727
TOI-1836 c,TOI-1836,2024,Transit,1.7727471,2.59987579,0.22132646,-0.14409651,6237.0,1.6454,0.08512962844274957
K2-64 b,K2-64,2016,Transit,6.53044,2.07,0.26,-0.26,5312.0,0.726,0.12560386473429952
Kepler-1406 b,Kepler-1406,2016,Transit,11.62905828,1.1,0.18,-0.13,5892.0,1.12,0.1636363636363636
Kepler-675 b,Kepler-675,2016,Transit,2.33743801,2.44,0.24,-0.16,4945.0,0.75,0.09836065573770492
Kepler-679 b,Kepler-679,2016,Transit,12.39358604,3.01,0.32,-0.39,5403.0,0.84,0.12956810631229237
K2-265 b,K2-265,2018,Transit,2.36902,1.70824866,0.11208981,-0.08070466,5420.0,0.92,0.06561679960574358
TOI-2076 b,TOI-2076,2021,Transit,10.35504,2.59,0.1,-0.1,5187.0,0.758,0.038610038610038616
K2-3 d,K2-3,2015,Transit,44.55603,1.458,0.056,-0.051,3844.0,0.546,0.038408779149519894
TOI-756 b,TOI-756,2025,Transit,1.2392495,2.81,0.1,-0.1,3657.0,0.505,0.03558718861209965
TOI-451 d,TOI-451,2020,Transit,16.364962,3.93,0.2,-0.2,5490.0,0.85,0.050890585241730284
Kepler-974 b,Kepler-974,2016,Transit,4.194496514,1.57,0.06,-0.29,3687.0,0.5,0.18471337579617833
Kepler-1008 b,Kepler-1008,2016,Transit,12.43931193,1.28,0.07,-0.05,5066.0,0.78,0.05468750000000001
TOI-1670 b,TOI-1670,2022,Transit,10.98462,2.06,0.19,-0.15,6170.0,1.316,0.09223300970873786
TOI-2133 b,TOI-2133,2026,Transit,3.8266472,2.37,0.09,-0.09,4250.0,0.62,0.03797468354430379
K2-188 b,K2-188,2018,Transit,1.742169,1.35,0.11,-0.11,5977.0,1.19,0.08148148148148147
Kepler-32 d,Kepler-32,2012,Transit,22.7802,2.7,0.2,-0.2,3900.0,0.53,0.07407407407407407
Kepler-231 c,Kepler-231,2014,Transit,19.271566,1.93,0.19,-0.19,3767.0,0.49,0.09844559585492228
Kepler-1170 b,Kepler-1170,2016,Transit,9.98969327,2.41,0.19,-0.17,5069.0,0.76,0.07883817427385892
Kepler-245 e,Kepler-245,2016,Transit,3.219821056,1.75,0.08,-0.06,5174.0,0.8,0.045714285714285714
K2-384 d,K2-384,2022,Transit,6.679582,1.392,0.118,-0.075,3623.0,0.348,0.08477011494252874
Kepler-487 c,Kepler-487,2016,Transit,38.6519976,2.68,0.18,-0.49,5444.0,0.88,0.18283582089552236
Kepler-157 b,Kepler-157,2014,Transit,1.732342,1.32,0.26,-0.26,5774.0,1.044,0.19696969696969696
TIC 117642575 b,TIC 117642575,2026,Transit,4.94459060181,2.82716337,0.28514319,-0.25773518,5719.98,1.08102,0.10085840564636347
Kepler-621 b,Kepler-621,2016,Transit,2.628113746,2.3,0.07,-0.19,4521.0,0.68,0.08260869565217392
Kepler-323 b,Kepler-323,2014,Transit,1.678328,1.381,0.035,-0.035,6004.0,1.12,0.02534395365677046
TOI-908 b,TOI-908,2023,Transit,3.183792,3.186,0.155,-0.155,5626.0,1.028,0.04865034526051475
Kepler-1582 b,Kepler-1582,2016,Transit,4.83817712,1.49,0.17,-0.14,3208.0,0.3,0.11409395973154364
K2-133 d,K2-133,2017,Transit,11.02454,2.003,0.107,-0.107,3655.0,0.455,0.05341987019470793
K2-165 b,K2-165,2018,Transit,2.354992,1.27443657,0.14459836,-0.09720175,5185.0,0.803827,0.11346061734559297
Kepler-512 b,Kepler-512,2016,Transit,34.43587975,2.69,0.49,-0.31,5997.0,1.3,0.1821561338289963
K2-138 b,K2-138,2017,Transit,2.35309,1.51,0.11,-0.084,5356.3,0.863,0.0728476821192053
K2-170 c,K2-170,2018,Transit,12.400047,1.8017647,0.24523316,-0.15822636,5748.0,0.981614,0.13610720645154165
Kepler-298 c,Kepler-298,2014,Transit,22.92881,1.93,0.22,-0.22,4465.0,0.582,0.11398963730569948
K2-219 d,K2-219,2018,Transit,11.137278,2.57634456,0.35702762,-0.3230924,5753.0,1.189232,0.13857914253518946
Kepler-570 b,Kepler-570,2016,Transit,4.301662003,2.45,0.34,-0.15,5496.0,0.9,0.13877551020408163
Kepler-663 b,Kepler-663,2016,Transit,4.99678284,2.6,0.2,-0.16,5264.0,0.82,0.07692307692307693
Kepler-10 c,Kepler-10,2011,Transit,45.294301,2.355,0.022,-0.022,5708.0,1.065,0.009341825902335456
Kepler-707 b,Kepler-707,2016,Transit,2.237492751,1.33,0.09,-0.1,5099.0,0.76,0.07518796992481203
Kepler-135 c,Kepler-135,2014,Transit,11.448708,1.16,0.23,-0.23,6090.0,1.275,0.19827586206896555
Kepler-102 d,Kepler-102,2014,Transit,10.311767,1.154,0.058,-0.058,4909.0,0.724,0.050259965337954945
WASP-47 d,WASP-47,2015,Transit,9.030501,3.65,0.03,-0.03,5565.0,1.156,0.00821917808219178
K2-243 b,K2-243,2018,Transit,11.54182,2.17,0.14,-0.12,6570.0,1.39,0.06451612903225808
K2-133 c,K2-133,2017,Transit,4.86784,1.603,0.09,-0.088,3655.0,0.455,0.056144728633811605
Kepler-1509 b,Kepler-1509,2016,Transit,25.4338197,1.85,0.37,-0.16,5780.0,0.99,0.19999999999999998
Kepler-749 b,Kepler-749,2016,Transit,17.31716585,3.1,0.23,-0.26,5009.0,0.75,0.08387096774193549
K2-398 b,K2-398,2022,Transit,6.393025,2.274,0.113,-0.111,5946.0,1.239,0.04969217238346526
Kepler-543 b,Kepler-543,2016,Transit,13.89961966,2.5,0.12,-0.26,4671.0,0.67,0.10400000000000001
Kepler-152 c,Kepler-152,2014,Transit,88.255055,2.39,0.16,-0.16,5088.0,0.724,0.06694560669456066
K2-12 b,K2-12,2015,Transit,8.28246,2.44,0.3,-0.14,5672.0,1.117,0.12295081967213115
Kepler-84 c,Kepler-84,2012,Transit,12.883,2.36,0.11,-0.11,6039.0,1.43,0.046610169491525424
K2-413 c,K2-413,2022,Transit,5.3301,1.2327,0.0565,-0.0593,4116.0,0.7,0.04810578405126957
TOI-1533 b,TOI-1533,2026,Transit,3.6457974,2.89,0.06,-0.06,5146.0,0.849,0.020761245674740483
Kepler-326 b,Kepler-326,2014,Transit,2.248329,1.52,0.16,-0.16,5105.0,0.801,0.10526315789473684
Kepler-1573 b,Kepler-1573,2016,Transit,2.6157554,1.2,0.23,-0.11,5808.0,1.0,0.19166666666666668
LP 890-9 c,LP 890-9,2022,Transit,8.457463,1.367,0.055,-0.039,2850.0,0.1556,0.04023408924652524
K2-189 c,K2-189,2018,Transit,6.67932,2.31,0.14,-0.05,5442.0,0.879,0.06060606060606061
Kepler-1241 b,Kepler-1241,2016,Transit,18.5525701,2.63,0.21,-0.23,5261.0,0.8,0.08745247148288975
Kepler-164 b,Kepler-164,2014,Transit,5.03503,1.41,0.28,-0.28,5888.0,1.148,0.19858156028368798
HIP 8152 b,HIP 8152,2023,Transit,10.751014,2.53625843,0.15691518,-0.13542085,5618.0,0.9603,0.06186876626763937
Kepler-1388 d,Kepler-1388,2016,Transit,20.9568158,2.86,0.12,-0.19,4098.0,0.61,0.06643356643356643
Kepler-114 b,Kepler-114,2014,Transit,5.188549,1.26,0.13,-0.13,4605.0,0.667,0.10317460317460318
Kepler-410 A b,Kepler-410 A,2013,Transit,17.833648,2.838,0.054,-0.054,6273.0,1.352,0.019027484143763214
Kepler-331 b,Kepler-331,2014,Transit,8.457496,1.82,0.19,-0.19,4347.0,0.492,0.1043956043956044
Kepler-1485 b,Kepler-1485,2016,Transit,19.9157725,1.47,0.24,-0.14,6087.0,1.12,0.16326530612244897
Kepler-142 b,Kepler-142,2014,Transit,2.024152,1.99,0.39,-0.39,5790.0,1.269,0.19597989949748745
EPIC 201754305 d,K2-16,2019,Transit,2.71578,1.03,0.085,-0.086,4761.0,0.544,0.08349514563106795
Kepler-103 b,Kepler-103,2014,Transit,15.9653287,3.4857,0.0567,-0.0536,6047.0,1.492,0.016266460108443067
Kepler-662 b,Kepler-662,2016,Transit,21.67697486,2.18,0.11,-0.12,4897.0,0.74,0.055045871559633024
TOI-1235 b,TOI-1235,2020,Transit,3.444714,1.69,0.08,-0.08,3997.0,0.619,0.04733727810650888
TOI-663 d,TOI-663,2024,Transit,7.1027268,1.92,0.13,-0.13,3681.0,0.512,0.06770833333333334
HD 207897 b,HD 207897,2021,Transit,16.20166,2.34302132,0.123646,-0.09173373,5106.0,0.7827,0.05277203367487924
TOI-2267 c,TOI-2267 A,2025,Transit,3.4950412,1.14,0.13,-0.13,3030.0,0.2075,0.11403508771929825
Kepler-275 c,Kepler-275,2014,Transit,16.088134,3.38,0.64,-0.64,6165.0,1.383,0.18934911242603553
Kepler-1459 b,Kepler-1459,2016,Transit,62.8691611,1.36,0.1,-0.08,4828.0,0.74,0.07352941176470588
Kepler-671 b,Kepler-671,2016,Transit,4.280958588,2.69,0.49,-0.2,5624.0,0.95,0.1821561338289963
Kepler-519 b,Kepler-519,2016,Transit,24.3078946,2.1,0.06,-0.04,5260.0,0.8,0.02857142857142857
K2-183 c,K2-183,2018,Transit,10.787992,2.3,0.2,-0.1,5482.0,0.87,0.08695652173913045
K2-330 b,K2-330,2021,Transit,13.774798,2.77,0.14,-0.09,6232.0,1.5,0.05054151624548737
Kepler-338 d,Kepler-338,2014,Transit,44.431014,3.0,0.28,-0.28,5923.0,1.735,0.09333333333333334
K2-154 c,K2-154,2018,Transit,7.95486,2.07,0.18,-0.13,4097.0,0.63,0.08695652173913043
TOI-2211.01,TOI-2211,2024,Transit,3.092686757,1.561,0.198,-0.144,5253.0,0.834,0.1268417680973735
TOI-2518 b,TOI-2518,2026,Transit,6.89797425216,2.26838675,0.26231558,-0.20960264,5751.2,0.993374,0.11563970738235003
TIC 206466666 b,TIC 206466666,2026,Transit,9.10486865159,2.14817673,0.29725335,-0.22779036,4620.3,0.667193,0.13837471835941545
Kepler-156 c,Kepler-156,2014,Transit,15.906801,2.55,0.19,-0.19,5094.0,0.807,0.07450980392156864
Kepler-406 b,Kepler-406,2014,Transit,2.42629,1.43,0.03,-0.03,5538.0,1.07,0.02097902097902098
Kepler-624 b,Kepler-624,2016,Transit,14.58649607,2.31,0.33,-0.24,6117.0,1.18,0.14285714285714285
Kepler-1530 c,Kepler-1530,2016,Transit,5.3227406,1.65,0.24,-0.11,5477.0,0.88,0.14545454545454545
K2-321 b,K2-321,2020,Transit,2.2979749,2.05124347,0.16813471,-0.13450777,3750.0,0.595,0.08196721279507595
TOI-1117 b,TOI-1117,2025,Transit,2.22816,2.46,0.13,-0.12,5635.0,1.05,0.052845528455284556
Kepler-1430 b,Kepler-1430,2016,Transit,2.46050993,1.18,0.09,-0.08,4796.0,0.72,0.07627118644067797
Kepler-1388 e,Kepler-1388,2016,Transit,37.6327084,2.46,0.14,-0.15,4098.0,0.61,0.06097560975609756
K2-58 c,K2-58,2016,Transit,2.53726,1.62,0.23,-0.23,5413.0,0.86,0.1419753086419753
K2-182 b,K2-182,2018,Transit,4.7369696,2.71257333,0.11096891,-0.09079274,5128.0,0.789,0.04090909129450152
Kepler-1991 c,Kepler-1991,2023,Transit,22.79020351,2.57,0.36,-0.36,5478.0,1.053,0.14007782101167315
TOI-2345 c,TOI-2345,2025,Transit,21.064302,2.451,0.045,-0.046,4687.0,0.729,0.018767849857201143
Kepler-445 c,Kepler-445,2015,Transit,4.871229,2.51,0.36,-0.36,3157.0,0.21,0.14342629482071714
Kepler-1061 b,Kepler-1061,2016,Transit,2.757982666,1.98,0.11,-0.37,6067.0,1.07,0.18686868686868688
Kepler-9 d,Kepler-9,2010,Transit,1.592851,1.64,0.19,-0.14,5777.0,1.02,0.11585365853658537
Kepler-802 b,Kepler-802,2016,Transit,40.0587473,3.54,0.47,-0.4,5507.0,0.9,0.1327683615819209
Kepler-316 b,Kepler-316,2014,Transit,2.240508,1.06,0.11,-0.11,4204.0,0.52,0.10377358490566037
Kepler-329 b,Kepler-329,2014,Transit,7.416397,1.4,0.25,-0.25,4257.0,0.523,0.17857142857142858
K2-146 c,K2-146,2019,Transit,4.00498,2.19,0.07,-0.07,3385.0,0.33,0.03196347031963471
Kepler-1305 b,Kepler-1305,2016,Transit,13.5630972,1.88,0.35,-0.19,5701.0,0.96,0.18617021276595744
Kepler-1144 b,Kepler-1144,2016,Transit,17.14647302,1.99,0.3,-0.16,5753.0,0.96,0.1507537688442211
Kepler-1162 c,Kepler-1162,2023,Transit,59.284064,1.81,0.13,-0.11,5225.0,0.859,0.0718232044198895
Kepler-1088 b,Kepler-1088,2016,Transit,23.12748644,1.42,0.11,-0.1,5975.0,1.08,0.07746478873239437
TOI-480 b,TOI-480,2024,Transit,6.866196,2.85372018,0.13233983,-0.10240654,6174.0,1.4877,0.0463744942224854
Kepler-1440 b,Kepler-1440,2016,Transit,39.859484,1.26,0.23,-0.14,5698.0,0.96,0.18253968253968256
HD 136352 b,HD 136352,2019,Radial Velocity,11.57797,1.664,0.043,-0.043,5664.0,1.058,0.025841346153846152
Kepler-588 b,Kepler-588,2016,Transit,4.221625357,2.63,0.5,-0.22,5835.0,1.0,0.19011406844106465
Kepler-1380 b,Kepler-1380,2016,Transit,10.3108245,1.43,0.26,-0.11,5570.0,0.94,0.18181818181818182
K2-54 b,K2-54,2016,Transit,9.7833,2.6116925,0.21297063,-0.19055267,3990.0,0.643,0.08154506321092547
K2-263 b,K2-263,2018,Transit,50.819172,2.513,0.11,-0.095,5368.0,0.85,0.043772383605252686
Kepler-1469 b,Kepler-1469,2016,Transit,21.8635301,2.8,0.37,-0.26,5507.0,0.89,0.13214285714285715
Kepler-462 b,Kepler-462,2016,Transit,84.6866,3.0,0.2,-0.1,7500.0,1.57,0.06666666666666667
Kepler-1183 b,Kepler-1183,2016,Transit,28.5057189,2.82,0.52,-0.3,5765.0,0.99,0.1843971631205674
TOI-1443 b,TOI-1443,2024,Transit,23.540678,2.30381001,0.12697832,-0.10061016,5224.0,0.7511,0.05511666302726066
TOI-5624 b,TOI-5624,2026,Transit,3.3903473,2.314,0.035,-0.035,5327.0,0.82,0.01512532411408816
Kepler-739 b,Kepler-739,2016,Transit,12.53248465,3.32,0.49,-0.29,5601.0,0.9,0.14759036144578314
K2-384 e,K2-384,2022,Transit,9.715043,1.345,0.139,-0.082,3623.0,0.348,0.1033457249070632
Kepler-261 b,Kepler-261,2014,Transit,10.381227,2.18,0.14,-0.14,5098.0,0.794,0.06422018348623854
Kepler-18 b,Kepler-18,2011,Transit,3.504725,2.0,0.1,-0.1,5345.0,1.108,0.05
K2-205 b,K2-205,2018,Transit,26.672263,1.99552771,0.26954694,-0.23149515,5890.0,1.077574,0.13507551844519364
Kepler-1400 b,Kepler-1400,2016,Transit,9.06689421,1.62,0.11,-0.11,5044.0,0.78,0.06790123456790123
Kepler-84 d,Kepler-84,2014,Transit,4.224537,1.38,0.27,-0.27,6031.0,1.169,0.19565217391304351
TOI-561 c,TOI-561,2020,Transit,10.778838,2.865,0.041,-0.041,5342.0,0.843,0.014310645724258289
K2-258 b,K2-258,2018,Transit,19.0921,3.0,0.21,-0.2,6351.0,1.31,0.06999999999999999
Kepler-1987 e,Kepler-1987,2023,Transit,8.74292005,1.92,0.18,-0.13,4769.0,0.714,0.09375
K2-276 b,K2-276,2018,Transit,18.718269,3.77,0.21,-0.21,5139.0,0.85,0.055702917771883284
LTT 1445 A c,LTT 1445 A,2022,Transit,3.1239035,1.147,0.055,-0.054,3340.0,0.265,0.04795117698343505
Kepler-415 c,Kepler-415,2014,Transit Timing Variations,8.708,2.01,0.15,-0.06,4362.0,0.643,0.0746268656716418
TOI-1782.02,TOI-1782,2024,Transit,1.829024227,1.839,0.234,-0.185,4336.0,0.669,0.1272430668841762
Kepler-893 b,Kepler-893,2016,Transit,6.33855761,3.03,0.52,-0.37,5820.0,0.99,0.17161716171617164
K2-155 b,K2-155,2018,Transit,6.342,1.8,0.2,-0.1,4258.0,0.58,0.11111111111111112
K2-264 b,K2-264,2018,Transit,5.840002,2.231,0.151,-0.145,3660.0,0.473,0.06768265351860153
Kepler-1363 b,Kepler-1363,2016,Transit,2.94194094,1.25,0.09,-0.08,4839.0,0.72,0.072
HD 109833 b,HD 109833,2022,Transit,9.188526,2.888,0.152,-0.127,5881.0,1.0,0.05263157894736842
TOI-700 d,TOI-700,2020,Transit,37.42396,1.073,0.059,-0.054,3459.0,0.421,0.05498602050326188
K2-246 b,K2-246,2018,Transit,5.76918,3.49,0.25,-0.21,5610.0,0.94,0.07163323782234957
TOI-757 b,TOI-757,2024,Transit,17.46819,2.5,0.1,-0.1,5278.0,0.78,0.04
Kepler-1014 b,Kepler-1014,2016,Transit,16.57110363,2.39,0.21,-0.25,5388.0,0.84,0.10460251046025104
TOI-1453 b,TOI-1453,2025,Transit,4.3135225,1.173,0.059,-0.056,4975.0,0.72,0.05029838022165387
Kepler-437 b,Kepler-437,2015,Transit,66.65062,2.14,0.22,-0.17,4551.0,0.68,0.102803738317757
Kepler-395 c,Kepler-395,2014,Transit,34.989262,1.32,0.09,-0.09,4262.0,0.556,0.06818181818181818
Kepler-908 b,Kepler-908,2016,Transit,1.340597468,1.22,0.1,-0.08,5973.0,1.12,0.0819672131147541
K2-318 b,K2-318,2020,Transit,7.01,1.66,0.13,-0.13,3851.0,0.552,0.0783132530120482
TOI-451 c,TOI-451,2020,Transit,9.192463,2.93,0.16,-0.16,5490.0,0.85,0.05460750853242321
Kepler-286 c,Kepler-286,2014,Transit,3.468095,1.37,0.27,-0.27,5580.0,0.863,0.19708029197080293
K2-158 c,K2-158,2018,Transit,5.90279,1.28,0.13,-0.1,5503.0,0.95,0.1015625
TOI-1630.01,TOI-1630,2024,Transit,12.055734733,2.417,0.228,-0.162,5504.0,0.83,0.09433181630119984
Kepler-961 b,Kepler-961,2016,Transit,16.87727414,2.55,0.11,-0.08,5582.0,0.9,0.04313725490196079
TOI-1472 c,TOI-1472,2025,Radial Velocity,15.5381747,3.334,0.08,-0.08,5100.0,0.84,0.02399520095980804
Kepler-1239 b,Kepler-1239,2016,Transit,5.19104016,2.9,0.37,-0.31,6564.0,1.57,0.12758620689655173
KOI-7913 b,KOI-7913 A,2022,Transit,24.278553,2.34,0.18,-0.18,4324.0,0.788,0.07692307692307693
K2-264 c,K2-264,2018,Transit,19.660302,2.668,0.201,-0.194,3660.0,0.473,0.07533733133433283
Kepler-297 b,Kepler-297,2014,Transit,38.871826,2.87,0.52,-0.52,5619.0,0.915,0.18118466898954705
Kepler-949 b,Kepler-949,2016,Transit,8.689307296,2.91,0.36,-0.23,5403.0,0.86,0.12371134020618556
Kepler-105 b,Kepler-105,2013,Transit,5.4122034,2.53,0.07,-0.07,5933.0,1.026,0.027667984189723323
Kepler-11 d,Kepler-11,2010,Transit,22.6845,3.12,0.06,-0.07,5663.0,1.065,0.022435897435897436
TOI-6054.01,TOI-6054,2024,Transit,7.501428,2.64,0.15,-0.15,6047.0,1.662,0.056818181818181816
HD 97658 b,HD 97658,2010,Radial Velocity,9.4897116,2.12,0.06,-0.06,5212.0,0.728,0.028301886792452827
Kepler-135 b,Kepler-135,2014,Transit,6.00253,1.81,0.35,-0.35,6090.0,1.275,0.19337016574585633
Kepler-100 d,Kepler-100,2014,Transit,35.3331,1.61,0.05,-0.05,5825.0,1.49,0.031055900621118012
Kepler-1466 b,Kepler-1466,2016,Transit,31.1750448,1.55,0.27,-0.17,5884.0,1.02,0.17419354838709677
K2-124 b,K2-124,2017,Transit,6.413651,2.9,0.1,-0.1,3570.0,0.388,0.034482758620689655
Kepler-566 b,Kepler-566,2016,Transit,18.42794624,2.15,0.13,-0.13,5132.0,0.79,0.060465116279069774
Kepler-648 b,Kepler-648,2016,Transit,17.4211749,3.22,0.12,-0.24,5741.0,0.98,0.07453416149068322
TOI-5800 b,TOI-5800,2025,Transit,2.6278838,2.46,0.18,-0.16,4850.0,0.773,0.07317073170731707
Kepler-1224 b,Kepler-1224,2016,Transit,13.32351601,1.33,0.12,-0.08,6155.0,1.22,0.09022556390977443
TOI-1739 b,TOI-1739,2024,Transit,8.303341406,1.946,0.226,-0.169,4814.0,0.781,0.11613566289825283
Kepler-770 c,Kepler-770,2016,Transit,1.475322314,1.2,0.19,-0.1,5598.0,0.92,0.15833333333333335
TOI-262 b,TOI-262,2023,Transit,11.14529,2.07,0.15,-0.15,5310.0,0.853,0.07246376811594203
K2-233 c,K2-233,2018,Transit,7.06024,1.272,0.038,-0.038,4796.0,0.71,0.029874213836477988
Kepler-789 b,Kepler-789,2016,Transit,8.63847725,2.12,0.42,-0.23,5870.0,1.02,0.1981132075471698
Kepler-804 c,Kepler-804,2016,Transit,9.65185017,1.14,0.2,-0.14,5817.0,1.05,0.1754385964912281
Kepler-55 f,Kepler-55,2014,Transit,10.198545,1.59,0.1,-0.1,4503.0,0.619,0.06289308176100629
K2-279 b,K2-279,2018,Transit,7.122605,1.21,0.14,-0.14,5558.0,0.86,0.11570247933884299
TOI-2274 b,TOI-2274,2024,Transit,2.67963,2.45,0.23,-0.13,3943.0,0.631,0.09387755102040816
TOI-942 b,TOI-942,2020,Transit,4.32421,3.89,0.25,-0.23,4969.0,0.894,0.06426735218508997
Kepler-335 b,Kepler-335,2014,Transit,6.562331,3.39,0.67,-0.67,5877.0,1.854,0.1976401179941003
TOI-880.02,TOI-880,2024,Transit,2.57571,2.19,0.11,-0.11,5050.0,0.83,0.05022831050228311
TOI-5605 b,TOI-5605,2026,Transit,5.91340454843,2.52611303,0.34360463,-0.27750529,4583.79,0.736044,0.13602108295209578
Kepler-761 b,Kepler-761,2016,Transit,10.12804789,2.03,0.25,-0.17,5706.0,0.93,0.12315270935960593
Kepler-1985 b,Kepler-1985,2023,Transit,3.42064689,2.27,0.25,-0.22,5370.0,0.966,0.11013215859030837
Kepler-1274 b,Kepler-1274,2016,Transit,6.98152703,1.42,0.1,-0.1,6179.0,2.17,0.07042253521126761
K2-73 b,K2-73,2016,Transit,7.49556,2.58,0.13,-0.06,5867.0,1.058,0.050387596899224806
K2-133 e,K2-133,2019,Transit,26.5841,1.73,0.14,-0.13,3655.0,0.455,0.0809248554913295
G 9-40 b,G 9-40,2019,Transit,5.7459982,1.9,0.065,-0.065,3395.0,0.3026,0.034210526315789476
Kepler-604 b,Kepler-604,2016,Transit,25.85501786,2.59,0.49,-0.27,5890.0,1.03,0.1891891891891892
HD 191939 b,HD 191939,2020,Transit,8.8803256,3.41,0.075,-0.075,5348.0,0.94,0.0219941348973607
Kepler-591 b,Kepler-591,2016,Transit,81.1694299,3.39,0.55,-0.25,5677.0,0.94,0.16224188790560473
K2-372 b,K2-372,2022,Transit,9.844077,2.945,0.077,-0.075,5479.0,0.922,0.026146010186757218
Kepler-1471 c,Kepler-1471,2023,Transit,11.6044881,1.88,0.28,-0.34,5533.0,1.166,0.18085106382978725
Kepler-32 c,Kepler-32,2011,Transit,8.7522,2.0,0.2,-0.2,3900.0,0.53,0.1
TOI-1751 b,TOI-1751,2024,Transit,37.46852,2.9507845,0.11061818,-0.08190008,5970.0,1.3137,0.03748771894389441
KOI-1599.02,KOI-1599,2019,Transit,13.6088,1.9,0.2,-0.2,5833.0,0.972,0.10526315789473685
TOI-260 b,TOI-260,2024,Transit,13.475853,1.71,0.08,-0.08,4026.0,0.607,0.046783625730994156
Kepler-510 b,Kepler-510,2016,Transit,19.55659418,2.47,0.23,-0.12,5746.0,1.41,0.09311740890688258
Kepler-145 b,Kepler-145,2013,Transit,22.951,2.65,0.08,-0.08,6022.0,1.85,0.03018867924528302
K2-138 e,K2-138,2017,Transit,8.26146,3.39,0.156,-0.11,5356.3,0.863,0.04601769911504425
Kepler-1477 b,Kepler-1477,2016,Transit,11.55530021,1.18,0.09,-0.09,5100.0,0.78,0.07627118644067797
Kepler-1199 b,Kepler-1199,2016,Transit,15.0447198,1.15,0.21,-0.16,5889.0,1.17,0.1826086956521739
Kepler-935 b,Kepler-935,2016,Transit,4.88083852,1.35,0.08,-0.07,4830.0,0.73,0.059259259259259255
K2-341 b,K2-341,2021,Transit,36.552551,3.21,0.25,-0.19,5817.0,1.16,0.0778816199376947
K2-72 c,K2-72,2016,Transit,15.189034,1.16,0.13,-0.13,3360.47,0.330989,0.1120689655172414
TOI-6002 b,TOI-6002,2024,Transit,10.904821,1.65,0.22,-0.19,3229.0,0.2432,0.13333333333333333
Kepler-192 c,Kepler-192,2014,Transit,21.2234,2.79,0.52,-0.52,5479.0,1.007,0.1863799283154122
K2-46 b,K2-46,2016,Transit,19.1541,2.05,0.24,-0.24,6256.0,1.29,0.11707317073170732
Kepler-746 b,Kepler-746,2016,Transit,3.48159251,1.11,0.13,-0.09,5418.0,0.93,0.11711711711711711
Kepler-270 b,Kepler-270,2014,Transit,11.476094,2.01,0.4,-0.4,6067.0,1.461,0.19900497512437815
Kepler-319 b,Kepler-319,2014,Transit,4.362705,1.63,0.23,-0.23,5526.0,0.903,0.14110429447852763
K2-199 c,K2-199,2018,Transit,7.3744897,2.85,0.1,-0.09,4491.0,0.682,0.03508771929824561
TOI-1723 b,TOI-1723,2024,Transit,13.727012643,3.435,0.244,-0.193,5777.0,1.09,0.0710334788937409
Kepler-95 b,Kepler-95,2014,Transit,11.5231,3.42,0.09,-0.09,5699.0,1.41,0.02631578947368421
Kepler-482 b,Kepler-482,2016,Transit,56.35418576,2.36,0.37,-0.14,4871.0,0.72,0.15677966101694915
Kepler-356 b,Kepler-356,2014,Transit,4.612696,1.57,0.29,-0.29,6133.0,1.335,0.18471337579617833
Kepler-1065 b,Kepler-1065,2016,Transit,3.609308907,3.73,0.64,-0.36,5635.0,0.93,0.17158176943699732
Kepler-2000 c,Kepler-2000,2023,Transit,20.6180348,1.57,0.06,-0.1,3757.0,0.576,0.06369426751592357
Kepler-23 c,Kepler-23,2011,Transit,10.74,3.005,0.074,-0.074,5828.0,1.548,0.024625623960066557
TOI-444 b,TOI-444,2023,Transit,17.9636,2.77,0.2,-0.2,5225.0,0.779,0.07220216606498195
K2-368 b,K2-368,2022,Transit,5.025598,1.332,0.107,-0.1,4663.0,0.663,0.08033033033033032
Kepler-111 b,Kepler-111,2014,Transit,3.341815,1.58,0.2,-0.2,5952.0,1.157,0.12658227848101267
Kepler-753 b,Kepler-753,2016,Transit,5.747725012,1.91,0.25,-0.09,4346.0,0.65,0.13089005235602094
TOI-5614 b,TOI-5614,2026,Transit,4.17221328949,3.21759316,0.36584065,-0.29787539,4553.0,0.734919,0.11370009563297306
Kepler-466 b,Kepler-466,2016,Transit,51.07926307,2.85,0.22,-0.17,5927.0,1.05,0.07719298245614035
Kepler-1006 b,Kepler-1006,2016,Transit,19.76172042,1.54,0.27,-0.14,5328.0,0.74,0.17532467532467533
Kepler-90 i,KOI-351,2017,Transit,14.44912,1.32,0.21,-0.21,6015.0,1.29,0.1590909090909091
Kepler-625 c,Kepler-625,2016,Transit,4.1653651,1.05,0.05,-0.03,5789.0,0.96,0.047619047619047616
K2-164 b,K2-164,2018,Transit,17.355066,3.24925008,0.51526655,-0.41335659,5791.0,2.196069,0.15858014536080275
LTT 1445 A b,LTT 1445 A,2019,Transit,5.3587635,1.34,0.11,-0.06,3562.0,0.271,0.08208955223880597
Kepler-130 c,Kepler-130,2014,Transit,27.50868,2.9,0.25,-0.25,5879.0,1.17,0.08620689655172414
Kepler-307 c,Kepler-307,2013,Transit,13.0729,2.2,0.07,-0.07,5367.0,0.814,0.03181818181818182
Kepler-393 b,Kepler-393,2014,Transit,9.182417,1.29,0.25,-0.25,6189.0,1.382,0.19379844961240308
Kepler-613 b,Kepler-613,2016,Transit,15.77979614,2.29,0.4,-0.17,5723.0,0.96,0.17467248908296945
HD 23472 f,HD 23472,2022,Transit,12.1621839,1.137,0.084,-0.077,4684.0,0.71,0.07387862796833773
K2-68 b,K2-68,2016,Transit,8.05428,1.58,0.23,-0.23,4746.0,0.675,0.14556962025316456
K2-84 c,K2-84,2016,Transit,27.86,2.03,0.32,-0.32,5652.0,0.93,0.1576354679802956
K2-138 g,K2-138,2021,Transit,41.96797,3.013,0.303,-0.251,5356.3,0.863,0.10056422170594093
TOI-1749 b,TOI-1749,2021,Transit,2.38839,1.39,0.21,-0.19,3985.0,0.55,0.1510791366906475
Kepler-20 b,Kepler-20,2011,Transit,3.6961049,1.773,0.053,-0.03,5495.0,0.9164,0.029892836999435984
HD 63935 c,HD 63935,2021,Radial Velocity,21.4027,3.06451296,0.0880571,-0.07912569,5513.0,0.9598,0.02873445181971102
K2-331 b,K2-331,2021,Transit,9.398977,1.79,0.14,-0.1,5994.0,1.06,0.0782122905027933
TOI-2427 b,TOI-2427,2022,Transit,1.3060011,1.8,0.12,-0.12,4072.0,0.65,0.06666666666666667
Kepler-445 d,Kepler-445,2015,Transit,8.15275,1.25,0.19,-0.19,3157.0,0.21,0.152
Kepler-312 b,Kepler-312,2014,Transit,1.772419,1.29,0.25,-0.25,6115.0,1.467,0.19379844961240308
Kepler-200 b,Kepler-200,2014,Transit,8.594805,2.13,0.41,-0.41,5678.0,0.944,0.19248826291079812
TOI-1777.01,TOI-1777,2024,Transit,14.650111974,2.246,0.279,-0.177,5859.0,0.98,0.12422083704363314
Kepler-1024 b,Kepler-1024,2016,Transit,66.4162133,3.91,0.27,-0.26,5143.0,0.78,0.0690537084398977
K2-294 b,K2-294,2019,Transit,2.50387,1.66,0.21,-0.19,5612.0,1.2,0.12650602409638553
Kepler-771 b,Kepler-771,2016,Transit,8.73485836,1.82,0.31,-0.21,5906.0,1.05,0.17032967032967034
Kepler-1196 b,Kepler-1196,2016,Transit,66.1849031,2.23,0.37,-0.21,5756.0,0.97,0.16591928251121077
Kepler-1277 b,Kepler-1277,2016,Transit,40.8365012,1.6,0.29,-0.11,5578.0,0.92,0.18124999999999997
Kepler-333 b,Kepler-333,2014,Transit,12.551158,1.32,0.16,-0.16,4259.0,0.534,0.12121212121212122
TOI-1221 b,TOI-1221,2023,Transit,91.68278,2.91,0.13,-0.12,5592.0,1.031,0.044673539518900345
Kepler-206 b,Kepler-206,2014,Transit,7.781987,1.2,0.24,-0.24,5764.0,1.185,0.2
Kepler-324 c,Kepler-324,2014,Transit,51.805612,3.15,0.33,-0.33,5194.0,0.84,0.10476190476190476
Kepler-1122 b,Kepler-1122,2016,Transit,42.1917357,2.04,0.27,-0.14,5544.0,0.89,0.1323529411764706
Kepler-770 d,Kepler-770,2016,Transit,4.15244722,1.4,0.19,-0.11,5598.0,0.92,0.13571428571428573
K2-190 c,K2-190,2018,Transit,21.574023,1.09308317,0.15187251,-0.09223049,5631.0,0.912206,0.13893957401246967
TIC 150070085 b,TIC 150070085,2026,Transit,10.47423,3.62,0.21,-0.2,5999.0,1.086,0.058011049723756904
K2-350 b,K2-350,2021,Transit,4.163873,1.54,0.15,-0.11,5789.0,1.04,0.0974025974025974
Kepler-1145 b,Kepler-1145,2016,Transit,3.97076766,1.4,0.11,-0.11,5064.0,0.75,0.07857142857142858
K2-101 b,K2-101,2016,Transit,14.6762429,2.0,0.14,-0.07,4927.0,0.76,0.07
Kepler-1157 b,Kepler-1157,2016,Transit,4.45743164,1.09,0.04,-0.2,4679.0,0.71,0.1834862385321101
Kepler-249 c,Kepler-249,2014,Transit,7.113702,1.51,0.09,-0.09,3568.0,0.482,0.059602649006622516
Kepler-1610 b,Kepler-1610,2016,Transit,8.70181574,1.61,0.19,-0.13,5383.0,0.87,0.11801242236024845
Kepler-1245 c,Kepler-1245,2016,Transit,2.936584681,1.44,0.13,-0.08,5306.0,0.83,0.09027777777777779
K2-379 b,K2-379,2022,Transit,8.777247,2.181,0.363,-0.198,4603.0,0.751,0.16643741403026133
Kepler-209 c,Kepler-209,2014,Transit,41.749882,3.1,0.51,-0.51,5513.0,0.935,0.16451612903225807
Kepler-826 b,Kepler-826,2016,Transit,4.48758907,1.25,0.2,-0.14,6079.0,1.15,0.16
EPIC 205950854 c,K2-168,2019,Transit,8.050722,1.31,0.144,-0.063,5502.7,0.83,0.10992366412213739
TOI-132 b,TOI-132,2020,Transit,2.1097019,3.42,0.13,-0.14,5397.0,0.9,0.04093567251461989
Kepler-1996 b,Kepler-1996,2023,Transit,32.376183,2.26,0.16,-0.07,4580.0,0.675,0.07079646017699116
Kepler-928 b,Kepler-928,2016,Transit,3.932461302,1.59,0.31,-0.12,4700.0,0.7,0.19496855345911948
Kepler-48 d,Kepler-48,2014,Transit,42.8961,2.04,0.11,-0.11,5194.0,0.89,0.05392156862745098
TOI-4443.01,TOI-4443,2024,Transit,1.8498567,1.7193265,0.1346603,-0.1346603,5834.0,1.01733,0.0783215404403992
Kepler-106 c,Kepler-106,2014,Transit,13.5708,2.5,0.32,-0.32,5858.0,1.04,0.128
Kepler-309 b,Kepler-309,2014,Transit,5.923653,1.56,0.14,-0.14,4713.0,0.721,0.08974358974358974
TOI-5734 b,TOI-5734,2026,Transit,6.1841876,2.1,0.12,-0.12,4750.0,0.639,0.05714285714285714
TOI-1695 b,TOI-1695,2022,Transit,3.1342791,1.9,0.16,-0.14,3690.0,0.515,0.08421052631578949
K2-150 b,K2-150,2018,Transit,10.59357,2.0,0.27,-0.21,3499.0,0.436,0.135
Kepler-1350 b,Kepler-1350,2016,Transit,4.4968604,2.52,0.16,-0.25,3827.0,0.53,0.0992063492063492
Kepler-995 b,Kepler-995,2016,Transit,28.26731672,2.7,0.19,-0.17,5206.0,0.8,0.07037037037037036
TIC 188624430 b,TIC 188624430,2026,Transit,6.21860433132,3.64811843,0.288233,-0.2665682,5369.46,0.786574,0.07900867406873083
Kepler-1174 b,Kepler-1174,2016,Transit,6.89225223,1.59,0.31,-0.16,5936.0,1.04,0.19496855345911948
TOI-6054.02,TOI-6054,2024,Transit,12.563636,2.82,0.17,-0.16,6047.0,1.662,0.06028368794326242
TOI-5788 c,TOI-5788,2026,Transit,16.213362,2.272,0.039,-0.039,5615.0,0.87,0.01716549295774648
K2-171 b,K2-171,2018,Transit,5.628466,2.68657205,0.40023833,-0.33153947,5250.0,1.717458,0.14897732967928404
Kepler-122 b,Kepler-122,2014,Transit,5.766193,2.34,0.46,-0.46,6050.0,1.216,0.1965811965811966
Kepler-1229 b,Kepler-1229,2016,Transit,86.828989,1.4,0.11,-0.13,3784.0,0.51,0.09285714285714286
TOI-7009 b,TOI-7009,2026,Transit,2.3206612,3.71,0.15,-0.15,4080.0,0.564,0.04043126684636118
K2-163 b,K2-163,2018,Transit,6.673117,2.46610713,0.25681072,-0.12408569,4937.0,0.762201,0.10413607619714395
Kepler-32 e,Kepler-32,2012,Transit,2.896,1.5,0.1,-0.1,3900.0,0.53,0.06666666666666667
Kepler-155 c,Kepler-155,2014,Transit,52.661793,2.24,0.15,-0.15,4508.0,0.62,0.06696428571428571
Kepler-1158 b,Kepler-1158,2016,Transit,13.5396293,2.34,0.46,-0.46,6203.0,1.95,0.1965811965811966
Kepler-311 b,Kepler-311,2014,Transit,9.176092,1.7,0.33,-0.33,5905.0,1.188,0.19411764705882353
Kepler-402 e,Kepler-402,2014,Transit,11.242861,1.46,0.29,-0.29,6090.0,1.264,0.19863013698630136
K2-335 b,K2-335,2021,Transit,12.283211,2.21,0.18,-0.14,6222.0,1.33,0.08144796380090498
Kepler-565 b,Kepler-565,2016,Transit,4.243747226,3.64,0.51,-0.27,5735.0,0.95,0.1401098901098901
K2-382 b,K2-382,2022,Transit,21.700156,2.072,0.152,-0.133,5452.0,0.811,0.07335907335907335
Kepler-352 c,Kepler-352,2014,Transit,16.332995,1.24,0.1,-0.1,5212.0,0.781,0.08064516129032259
Kepler-127 b,Kepler-127,2014,Transit,14.435889,1.4,0.05,-0.05,6106.0,1.359,0.03571428571428572
Kepler-568 b,Kepler-568,2016,Transit,11.02347475,2.26,0.08,-0.08,3768.0,0.53,0.03539823008849558
Kepler-1208 b,Kepler-1208,2016,Transit,11.08507637,2.32,0.19,-0.14,5001.0,0.76,0.08189655172413794
Kepler-499 b,Kepler-499,2016,Transit,5.632528453,2.17,0.25,-0.16,5312.0,0.83,0.1152073732718894
TOI-921 b,TOI-921,2026,Transit,5.12871907628,3.53409617,0.45814199,-0.34294656,6011.66,1.14165,0.12963483956351984
Kepler-155 b,Kepler-155,2014,Transit,5.931194,2.09,0.21,-0.21,4508.0,0.62,0.10047846889952153
Kepler-93 b,Kepler-93,2014,Transit,4.72673978,1.478,0.019,-0.019,5669.0,0.919,0.012855209742895805
K2-375 b,K2-375,2022,Transit,14.453895,2.243,0.186,-0.174,5822.0,1.543,0.08292465448060633
TOI-5486 b,TOI-5486,2026,Transit,2.02470073205,3.96824928,0.40461614,-0.3305924,3750.17,0.553216,0.10196338774362482
K2-174 b,K2-174,2018,Transit,19.562307,2.6,0.1,-0.1,4455.0,0.676,0.038461538461538464
TOI-2267 b,TOI-2267 A,2025,Transit,2.28909,1.0,0.11,-0.11,3030.0,0.2075,0.11
K2-274 b,K2-274,2018,Transit,14.1330314,2.08,0.12,-0.07,5044.0,0.7,0.05769230769230769
Kepler-415 b,Kepler-415,2014,Transit Timing Variations,4.176,1.21,0.13,-0.1,4362.0,0.643,0.10743801652892562
Kepler-85 b,Kepler-85,2012,Transit,8.3,1.778,0.05,-0.05,5505.2,0.875,0.0281214848143982
K2-324 b,K2-324,2020,Transit,3.262,2.43,0.15,-0.13,3752.0,0.505,0.06172839506172839
K2-218 b,K2-218,2018,Transit,8.679885,2.56948149,0.27525709,-0.15204146,5757.0,1.008231,0.10712553916860479
TOI-178 g,TOI-178,2021,Transit,20.71663,2.939,0.057,-0.055,4316.0,0.662,0.01939435182034706
Kepler-82 d,Kepler-82,2014,Transit,2.382961,1.77,0.27,-0.27,5428.0,0.945,0.15254237288135594
K2-317 b,K2-317,2020,Transit,6.22,2.93,0.19,-0.17,3387.0,0.379,0.06484641638225255
TIC 32032563 b,TIC 32032563,2026,Transit,13.83460487791,3.47739942,0.41441263,-0.34948645,5567.93,1.00188,0.119173146350844
Kepler-883 b,Kepler-883,2016,Transit,12.98495573,1.78,0.17,-0.13,6116.0,1.09,0.0955056179775281
Kepler-146 b,Kepler-146,2014,Transit,31.158799,3.71,0.7,-0.7,5948.0,1.208,0.18867924528301885
HIP 113103 c,HIP 113103,2023,Transit,14.245648,2.4,0.1,-0.08,4930.0,0.742,0.04166666666666667
TOI-1080 b,TOI-1080,2026,Transit,3.9652482,1.2,0.058,-0.058,3065.0,0.2019,0.04833333333333334
Kepler-192 d,Kepler-192,2016,Transit,6.47027579,1.02,0.1,-0.07,5487.0,0.94,0.09803921568627451
Kepler-52 d,Kepler-52,2014,Transit,36.445171,1.95,0.21,-0.21,4263.0,0.556,0.10769230769230768
K2-370 b,K2-370,2022,Transit,2.1408093,2.67,0.05,-0.05,5662.0,0.945,0.018726591760299626
HIP 29442 d,TOI-469,2023,Radial Velocity,6.429575,1.538,0.049,-0.049,5289.0,0.98,0.03185955786736021
Kepler-196 b,Kepler-196,2014,Transit,20.739886,1.9,0.15,-0.15,5128.0,0.782,0.07894736842105263
Kepler-131 b,Kepler-131,2014,Transit,16.092,2.41,0.2,-0.2,5685.0,1.03,0.08298755186721991
Kepler-251 c,Kepler-251,2014,Transit,16.514043,2.77,0.49,-0.49,5526.0,0.89,0.17689530685920576
Kepler-200 c,Kepler-200,2014,Transit,10.222157,1.59,0.29,-0.29,5678.0,0.944,0.18238993710691823
Kepler-438 b,Kepler-438,2015,Transit,35.23319,1.12,0.16,-0.17,3748.0,0.52,0.15178571428571427
Kepler-1266 b,Kepler-1266,2016,Transit,28.474748,2.58,0.13,-0.46,5044.0,0.76,0.17829457364341086
Kepler-1423 b,Kepler-1423,2016,Transit,23.955378,1.06,0.09,-0.07,4939.0,0.75,0.08490566037735849
HD 219134 b,HD 219134,2015,Radial Velocity,3.092926,1.602,0.055,-0.055,4699.0,0.778,0.03433208489388265
Kepler-1223 b,Kepler-1223,2016,Transit,16.301259,1.22,0.06,-0.08,4870.0,0.75,0.06557377049180328
Kepler-307 b,Kepler-307,2013,Transit,10.4208,2.43,0.09,-0.09,5367.0,0.814,0.037037037037037035
Kepler-755 c,Kepler-755,2016,Transit,2.853133644,1.26,0.05,-0.05,5043.0,0.77,0.03968253968253969
Kepler-268 b,Kepler-268,2014,Transit,25.934138,2.55,0.47,-0.47,6081.0,1.274,0.1843137254901961
K2-381 c,K2-381,2022,Transit,16.034656,2.0,0.184,-0.148,4473.0,0.675,0.092
Kepler-907 b,Kepler-907,2016,Transit,15.86621821,1.2,0.06,-0.05,6106.0,1.38,0.05
Kepler-318 c,Kepler-318,2014,Transit,11.815007,3.68,0.65,-0.65,5746.0,1.189,0.1766304347826087
Kepler-823 b,Kepler-823,2016,Transit,4.16809082,1.57,0.31,-0.14,5643.0,0.96,0.19745222929936304
Kepler-225 b,Kepler-225,2014,Transit,6.738975,1.2,0.07,-0.07,3682.0,0.48,0.05833333333333334
TOI-1136 f,TOI-1136,2022,Transit,26.321,3.73591482,0.08619766,-0.07925738,5770.0,0.968,0.02307270485358657
TOI-1468 c,TOI-1468,2022,Transit,15.532477,2.126,0.092,-0.093,3376.0,0.3714,0.04374412041392286
TOI-1438 c,TOI-1438,2025,Transit,9.428089,2.75,0.14,-0.14,5230.0,0.82,0.05090909090909091
HD 109833 c,HD 109833,2022,Transit,13.900148,2.59,0.196,-0.175,5881.0,1.0,0.07567567567567568
GJ 9827 d,GJ 9827,2017,Transit,6.20183,1.98,0.11,-0.1,4236.0,0.58,0.05555555555555556
TOI-2104 b,TOI-2104,2026,Transit,5.904370457,1.52898127,0.13889258,-0.12285756,4856.13,0.723757,0.09083994861493626
K2-158 b,K2-158,2018,Transit,10.06049,2.64,0.16,-0.1,5503.0,0.95,0.06060606060606061
TOI-1669 c,TOI-1669,2024,Transit,2.6800535,2.2963977,0.10169388,-0.09022874,5497.0,1.0561,0.04428408894504641
Kepler-69 b,Kepler-69,2013,Transit,13.722341,2.24,0.44,-0.29,5638.0,0.93,0.19642857142857142
Kepler-120 b,Kepler-120,2014,Transit,6.312501,2.15,0.17,-0.17,4096.0,0.534,0.07906976744186048
TOI-7333 b,TOI-7333,2026,Transit,6.26449803661,2.09469416,0.20576569,-0.17593549,4586.87,0.666066,0.09823185357045154
K2-176 b,K2-176,2018,Transit,5.329439,1.49090097,0.12341971,-0.09253438,5428.0,0.86416,0.08278196371419626
Kepler-737 b,Kepler-737,2016,Transit,28.59915399,1.96,0.11,-0.11,3813.0,0.48,0.05612244897959184
Kepler-1175 b,Kepler-1175,2016,Transit,37.94563,2.99,0.27,-0.23,5453.0,0.86,0.0903010033444816
K2-77 b,K2-77,2016,Transit,8.2000844,2.4996027,0.16813471,-0.12329879,5160.0,0.792,0.06726457368605018
TOI-2453 b,TOI-2453,2026,Transit,4.44143463188,3.24380341,0.29909721,-0.25885686,3720.23,0.502498,0.09220571415577863
Kepler-249 b,Kepler-249,2014,Transit,3.306539,1.09,0.05,-0.05,3568.0,0.482,0.045871559633027525
TOI-4640 b,TOI-4640,2026,Transit,2.68566015238,2.84326517,0.2691204,-0.25931352,5743.01,1.06715,0.09465188222314136
K2-349 b,K2-349,2021,Transit,9.032178,1.38,0.1,-0.07,4385.0,0.49,0.07246376811594205
Kepler-1655 b,Kepler-1655,2018,Transit,11.8728787,2.213,0.082,-0.082,6148.0,1.03,0.03705377315860822
TOI-1453 c,TOI-1453,2025,Transit,6.5886982,2.224,0.095,-0.095,4975.0,0.72,0.042715827338129495
K2-358 b,K2-358,2021,Transit,11.2510285,2.68,0.17,-0.14,5650.0,0.91,0.06343283582089553
K2-336 b,K2-336,2021,Transit,21.194733,1.22,0.09,-0.05,5424.0,0.8,0.07377049180327869
Kepler-1237 b,Kepler-1237,2016,Transit,84.5733226,2.86,0.39,-0.21,5472.0,0.9,0.13636363636363638
Kepler-852 b,Kepler-852,2016,Transit,44.9309804,2.54,0.45,-0.17,6100.0,1.16,0.17716535433070865
K2-357 b,K2-357,2021,Transit,16.3488637,3.72,0.23,-0.21,5794.0,1.0,0.06182795698924731
Kepler-1357 b,Kepler-1357,2016,Transit,3.0091324,1.28,0.2,-0.11,5597.0,0.9,0.15625
TOI-763 b,TOI-763,2020,Transit,5.6057,2.28,0.11,-0.11,5450.0,0.897,0.048245614035087724
K2-277 b,K2-277,2018,Transit,6.326768,2.18575124,0.20176165,-0.12329879,5680.0,0.973,0.09230769097035946
Kepler-1032 b,Kepler-1032,2016,Transit,3.290117953,1.87,0.1,-0.08,4647.0,0.71,0.053475935828877004
TOI-5726.01,TOI-5726,2024,Transit,5.491125215,2.554,0.28,-0.177,5874.0,1.106,0.10963194988253722
Kepler-21 b,Kepler-21,2012,Transit,2.7858212,1.639,0.019,-0.015,6305.0,1.902,0.011592434411226357
Kepler-36 b,Kepler-36,2012,Transit,13.86825,1.498,0.061,-0.049,5979.0,1.634,0.04072096128170895
Kepler-125 b,Kepler-125,2014,Transit,4.164389,2.37,0.1,-0.1,3810.0,0.512,0.04219409282700422
TOI-1246 b,TOI-1246,2022,Transit,4.30744,3.01,0.06,-0.06,5151.0,0.86,0.01993355481727575
Kepler-245 c,Kepler-245,2014,Transit,17.460812,2.18,0.17,-0.17,5100.0,0.795,0.0779816513761468
Kepler-1481 b,Kepler-1481,2016,Transit,5.94220998,1.23,0.08,-0.06,4908.0,0.75,0.06504065040650407
TOI-1266 c,TOI-1266,2020,Transit,18.8027,1.98,0.1,-0.1,3563.0,0.4232,0.05050505050505051
K2-75 c,K2-75,2016,Transit,18.311,2.77,0.38,-0.38,5995.0,1.56,0.1371841155234657
KOI-351 d,KOI-351,2013,Transit,59.73667,2.87,0.3,-0.3,6080.0,1.2,0.10452961672473866
Kepler-1414 b,Kepler-1414,2016,Transit,3.51576315,1.23,0.09,-0.08,4951.0,0.75,0.07317073170731707
Kepler-710 b,Kepler-710,2016,Transit,4.347285527,1.88,0.24,-0.15,5611.0,0.91,0.1276595744680851
Kepler-1018 b,Kepler-1018,2016,Transit,49.1013514,2.58,0.3,-0.19,5518.0,0.88,0.11627906976744186
K2-250 b,K2-250,2018,Transit,4.01392,2.71257333,0.17934369,-0.13450777,5003.0,0.797,0.0661157020223302
K2-381 d,K2-381,2022,Transit,26.803023,1.689,0.18,-0.139,4473.0,0.675,0.10657193605683836
TOI-836 b,TOI-836,2023,Transit,3.81673,1.704,0.067,-0.067,4552.0,0.665,0.039319248826291085
K2-320 b,K2-320,2020,Transit,1.995,2.62,0.23,-0.15,3157.0,0.3,0.08778625954198473
TOI-6699 b,TOI-6699,2026,Transit,5.32005926761,2.32645266,0.41117107,-0.37089896,4705.1,0.75309,0.176737346548887
K2-397 b,K2-397,2022,Transit,3.572326,2.417,0.187,-0.183,5387.0,0.966,0.07736863880844022
Kepler-589 b,Kepler-589,2016,Transit,16.54964934,2.27,0.18,-0.12,5296.0,0.83,0.07929515418502202
Kepler-1082 b,Kepler-1082,2016,Transit,1.543206604,1.12,0.18,-0.13,5923.0,1.14,0.1607142857142857
K2-74 b,K2-74,2016,Transit,19.5666,2.31,0.19,-0.19,6060.0,0.98,0.08225108225108226
K2-239 b,K2-239,2018,Transit,5.24,1.1,0.1,-0.1,3420.0,0.36,0.09090909090909091
Kepler-544 b,Kepler-544,2016,Transit,21.41616926,2.12,0.19,-0.14,6206.0,1.22,0.08962264150943396
TOI-1246 d,TOI-1246,2022,Transit,18.654874,3.43139739,0.14960553,-0.11612674,5213.0,0.8649,0.04359901025628512
TOI-1184 b,TOI-1184,2024,Transit,5.748433803,2.39,0.25,-0.234,4534.0,0.69,0.10460251046025104
HD 15337 c,HD 15337,2019,Transit,17.180546,2.526,0.086,-0.075,5131.0,0.855,0.034045922406967535
Kepler-848 b,Kepler-848,2016,Transit,6.91134416,1.7,0.31,-0.25,5695.0,1.2,0.18235294117647058
Kepler-1355 b,Kepler-1355,2016,Transit,1.289588112,1.46,0.12,-0.1,5352.0,0.83,0.0821917808219178
Kepler-411 d,Kepler-411,2018,Transit,58.02035,3.319,0.104,-0.104,4974.0,0.82,0.03133473937933112
Kepler-909 b,Kepler-909,2016,Transit,13.93290318,1.47,0.16,-0.11,6154.0,1.23,0.108843537414966
Kepler-169 b,Kepler-169,2014,Transit,3.250619,1.13,0.08,-0.08,4997.0,0.763,0.07079646017699116
Kepler-30 b,Kepler-30,2012,Transit,29.33434,3.9,0.2,-0.2,5498.0,0.95,0.05128205128205129
TOI-4156 c,TOI-4156,2026,Transit,12.82282706375,2.92303762,0.33738824,-0.2707665,5971.64,1.03963,0.11542384459629362
Kepler-842 b,Kepler-842,2016,Transit,1.21956827,1.6,0.08,-0.09,4848.0,0.73,0.056249999999999994
Kepler-245 d,Kepler-245,2014,Transit,36.277108,3.03,0.21,-0.21,5100.0,0.795,0.06930693069306931
Kepler-81 c,Kepler-81,2012,Transit,12.04,2.37,0.37,-0.37,4385.0,0.59,0.1561181434599156
Kepler-763 b,Kepler-763,2016,Transit,1.19655156,1.22,0.09,-0.08,5166.0,0.8,0.07377049180327869
Kepler-738 b,Kepler-738,2016,Transit,24.58721573,2.5,0.2,-0.17,5327.0,0.82,0.08
K2-37 d,K2-37,2016,Transit,14.09229,2.31,0.21,-0.07,5352.0,0.809,0.0909090909090909
Kepler-1498 b,Kepler-1498,2016,Transit,48.051405,1.33,0.11,-0.09,5256.0,0.81,0.08270676691729323
Kepler-801 b,Kepler-801,2016,Transit,11.41928253,2.0,0.08,-0.1,4435.0,0.63,0.05
Kepler-167 c,Kepler-167,2014,Transit,7.406106,1.674,0.069,-0.069,4884.0,0.749,0.04121863799283155
K2-381 b,K2-381,2022,Transit,7.9389334,1.075,0.142,-0.104,4473.0,0.675,0.13209302325581396
Kepler-219 d,Kepler-219,2014,Transit,47.903645,2.81,0.48,-0.48,5786.0,1.491,0.17081850533807827
Kepler-962 b,Kepler-962,2016,Transit,12.05707239,1.97,0.08,-0.08,5478.0,0.86,0.04060913705583757
Kepler-569 b,Kepler-569,2016,Transit,34.18890521,3.16,0.22,-0.17,5616.0,0.93,0.06962025316455696
Kepler-1482 b,Kepler-1482,2016,Transit,12.25383217,1.01,0.1,-0.11,5381.0,0.84,0.10891089108910891
Kepler-449 c,Kepler-449,2015,Transit,33.6727,2.764,0.086,-0.086,5649.18,1.467,0.031114327062228653
Kepler-169 e,Kepler-169,2014,Transit,13.767102,2.2,0.29,-0.29,4997.0,0.763,0.1318181818181818
TOI-1347 c,TOI-1347,2024,Transit,4.841962,1.6,0.1,-0.1,5464.0,0.83,0.0625
Kepler-1150 b,Kepler-1150,2016,Transit,2.787868386,1.02,0.06,-0.06,4754.0,0.72,0.058823529411764705
Kepler-1092 b,Kepler-1092,2016,Transit,58.6017925,2.07,0.37,-0.24,5862.0,1.0,0.17874396135265702
K2-285 d,K2-285,2018,Transit,10.45582,2.48,0.06,-0.06,4975.0,0.787,0.024193548387096774
TOI-1824 b,TOI-1824,2024,Transit,22.808533,2.7438269,0.08672208,-0.07211466,5165.0,0.8123,0.03160625037971601
Kepler-509 b,Kepler-509,2016,Transit,41.74600392,2.49,0.06,-0.06,6060.0,1.2,0.024096385542168672
Kepler-813 b,Kepler-813,2016,Transit,19.12947337,2.14,0.42,-0.19,5743.0,0.93,0.19626168224299065
Kepler-1140 b,Kepler-1140,2016,Transit,24.0862707,2.77,0.45,-0.37,4850.0,0.73,0.1624548736462094
TOI-1799 b,TOI-1799,2024,Transit,7.094570865,1.642,0.227,-0.168,5690.0,0.957,0.1382460414129111
Kepler-104 d,Kepler-104,2014,Transit,51.755394,3.58,0.61,-0.61,5711.0,1.349,0.17039106145251395
K2-72 d,K2-72,2016,Transit,7.760178,1.01,0.12,-0.12,3360.47,0.330989,0.1188118811881188
TOI-1269 c,TOI-1269,2026,Transit,9.23786144195,2.22999162,0.2429504,-0.19119088,5554.02,0.848906,0.10894677711838219
Kepler-402 b,Kepler-402,2014,Transit,4.028751,1.22,0.24,-0.24,6090.0,1.264,0.19672131147540983
K2-184 b,K2-184,2018,Transit,16.9780102,1.47,0.11,-0.05,5245.0,0.75,0.07482993197278912
TOI-7155 b,TOI-7155,2026,Transit,3.89489711981,2.40821473,0.34326283,-0.25569019,4673.03,0.670748,0.14253829848470365
Kepler-436 b,Kepler-436,2015,Transit,64.00205,2.73,0.23,-0.24,4651.0,0.697,0.0879120879120879
Kepler-84 b,Kepler-84,2012,Transit,8.726,2.23,0.1,-0.1,6039.0,1.43,0.044843049327354265
KOI-351 e,KOI-351,2013,Transit,91.93913,2.66,0.29,-0.29,6080.0,1.2,0.10902255639097742
Kepler-778 b,Kepler-778,2016,Transit,3.75574426,1.68,0.1,-0.13,5102.0,0.77,0.07738095238095238
Kepler-1522 b,Kepler-1522,2016,Transit,1.847889171,1.73,0.23,-0.14,5706.0,0.93,0.13294797687861273
Kepler-1245 b,Kepler-1245,2016,Transit,4.35409304,1.44,0.12,-0.1,5306.0,0.83,0.08333333333333333
K2-220 b,K2-220,2018,Transit,13.68186,2.37,0.14,-0.07,5612.0,1.026,0.05907172995780591
TOI-2322 c,TOI-2322,2025,Transit,20.225528,1.874,0.066,-0.057,4664.0,0.662,0.035218783351120594
Kepler-658 b,Kepler-658,2016,Transit,1.287076762,1.63,0.06,-0.06,4103.0,0.6,0.03680981595092025
Kepler-1089 b,Kepler-1089,2016,Transit,5.132485618,1.83,0.1,-0.34,3753.0,0.49,0.18579234972677597
HD 235088 b,HD 235088,2023,Transit,7.4341325,1.982,0.072,-0.069,5075.0,0.772,0.036326942482341064
NGTS-34 b,NGTS-34,2025,Transit,43.12655,3.65,0.22,-0.22,6134.0,1.367,0.06027397260273973
K2-138 f,K2-138,2017,Transit,12.75758,2.904,0.164,-0.111,5356.3,0.863,0.05647382920110193
TOI-1683.01,TOI-1683,2024,Transit,3.0575356,2.6382,0.276387,-0.276387,4402.0,0.7,0.10476347509665682
Kepler-831 b,Kepler-831,2016,Transit,5.62153941,1.27,0.1,-0.07,5732.0,0.97,0.07874015748031496
Kepler-221 c,Kepler-221,2014,Transit,5.690586,2.93,0.27,-0.27,5243.0,0.821,0.09215017064846416
TOI-270 c,TOI-270,2019,Transit,5.66051,2.33,0.01,-0.01,3506.0,0.38,0.004291845493562232
Kepler-651 b,Kepler-651,2016,Transit,21.38521506,2.37,0.22,-0.14,5522.0,0.87,0.09282700421940927
TOI-6281 b,TOI-6281,2026,Transit,1.05426244177,1.92416074,0.18572931,-0.16416748,4533.23,0.874219,0.09652484126663971
Kepler-1381 b,Kepler-1381,2016,Transit,25.3842686,2.25,0.29,-0.19,5747.0,0.94,0.1288888888888889
Kepler-1325 b,Kepler-1325,2016,Transit,33.8786838,2.86,0.4,-0.47,5550.0,0.91,0.16433566433566432
Kepler-616 c,Kepler-616,2016,Transit,90.4113556,3.41,0.57,-0.3,5753.0,0.97,0.16715542521994134
Kepler-1999 b,Kepler-1999,2023,Transit,8.7396758,3.29,0.26,-0.3,4406.0,0.628,0.0911854103343465
Kepler-213 b,Kepler-213,2014,Transit,2.46236,1.62,0.31,-0.31,5696.0,1.195,0.19135802469135801
Kepler-361 c,Kepler-361,2014,Transit,55.188023,2.52,0.48,-0.48,6169.0,1.343,0.19047619047619047
Kepler-1005 b,Kepler-1005,2016,Transit,6.49801525,1.5,0.21,-0.15,5782.0,1.06,0.13999999999999999
TOI-5728 b,TOI-5728,2025,Transit,11.49761,1.31,0.05,-0.05,3419.0,0.37,0.03816793893129771
Kepler-614 b,Kepler-614,2016,Transit,14.03491514,2.39,0.2,-0.17,5268.0,0.81,0.08368200836820083
Kepler-211 b,Kepler-211,2014,Transit,4.138575,1.26,0.09,-0.09,5123.0,0.816,0.07142857142857142
Kepler-870 b,Kepler-870,2016,Transit,21.3587621,2.78,0.51,-0.29,5857.0,1.02,0.18345323741007197
TOI-5515 b,TOI-5515,2026,Transit,8.59225810839,2.65362762,0.25797628,-0.22080259,5483.65,0.835682,0.09721645872829739
K2-348 b,K2-348,2021,Transit,4.688418,3.26,0.22,-0.11,5077.0,0.85,0.06748466257668712
Kepler-187 b,Kepler-187,2014,Transit,4.938864,1.41,0.28,-0.28,6105.0,1.287,0.19858156028368798
Kepler-573 b,Kepler-573,2016,Transit,22.18329658,2.79,0.36,-0.23,5746.0,1.02,0.12903225806451613
Kepler-975 b,Kepler-975,2016,Transit,1.970342457,1.48,0.06,-0.09,4897.0,0.75,0.06081081081081081
Kepler-520 c,Kepler-520,2016,Transit,5.21104261,1.07,0.07,-0.05,6112.0,1.09,0.06542056074766356
Kepler-476 b,Kepler-476,2016,Transit,14.00640607,3.08,0.51,-0.3,5837.0,1.09,0.16558441558441558
Kepler-684 b,Kepler-684,2016,Transit,6.770302008,3.36,0.3,-0.3,5493.0,0.86,0.08928571428571429
Kepler-1295 b,Kepler-1295,2016,Transit,3.81371974,1.55,0.2,-0.12,5486.0,0.89,0.12903225806451613
K2-26 b,K2-26,2016,Transit,14.5665,2.67,0.46,-0.42,3785.0,0.52,0.17228464419475656
GJ 357 b,GJ 357,2019,Transit,3.9306,1.2,0.06,-0.06,3505.0,0.337,0.05
LHS 1903 d,LHS 1903,2026,Transit,12.566287,2.5,0.078,-0.077,3664.0,0.539,0.0312
CoRoT-24 b,CoRoT-24,2014,Transit,5.1134,3.7,0.4,-0.4,4950.0,0.86,0.10810810810810811
Kepler-1062 b,Kepler-1062,2016,Transit,9.30412078,1.76,0.09,-0.1,4597.0,0.7,0.05681818181818182
K2-167 b,K2-167,2018,Transit,9.978541,2.36509493,0.21297063,-0.14571675,6310.0,1.499,0.09004739188206706
Kepler-1151 b,Kepler-1151,2016,Transit,65.6478424,2.22,0.24,-0.17,5470.0,0.85,0.1081081081081081
Kepler-574 b,Kepler-574,2016,Transit,7.65880414,2.39,0.33,-0.16,5612.0,0.91,0.13807531380753138
Kepler-446 c,Kepler-446,2015,Transit,3.036179,1.11,0.18,-0.18,3359.0,0.24,0.16216216216216214
TOI-5789 c,TOI-5789,2026,Transit,12.927748,2.86,0.18,-0.15,5185.0,0.833,0.06293706293706294
Kepler-210 c,Kepler-210,2014,Transit,7.972513,3.62,0.19,-0.19,4559.0,0.65,0.052486187845303865
TOI-1269 b,TOI-1269,2024,Transit,4.2529913,2.40144286,0.15036543,-0.0739539,5499.0,0.8521,0.0626146191127779
K2-159 b,K2-159,2018,Transit,12.42205,2.26,0.17,-0.11,5425.0,0.83,0.0752212389380531
Kepler-1439 b,Kepler-1439,2016,Transit,8.07392849,1.46,0.14,-0.21,3578.0,0.43,0.14383561643835616
HIP 113103 b,HIP 113103,2023,Transit,7.610303,1.829,0.096,-0.067,4930.0,0.742,0.05248769819573538
GJ 9827 c,GJ 9827,2017,Transit,3.648103,1.13,0.07,-0.05,4236.0,0.58,0.06194690265486727
K2-149 b,K2-149,2018,Transit,11.332,1.64,0.2,-0.18,3745.0,0.568,0.12195121951219513
Kepler-139 d,Kepler-139,2023,Transit,7.305699922,1.695,0.061,-0.061,5622.0,1.045,0.0359882005899705
Kepler-128 c,Kepler-128,2013,Transit,22.8,1.521,0.047,-0.047,6072.0,1.659,0.03090072320841552
Kepler-33 b,Kepler-33,2011,Transit,5.66793,1.74,0.18,-0.18,5904.0,1.82,0.10344827586206896
TOI-2084 b,TOI-2084,2023,Transit,6.0784247,2.47,0.13,-0.13,3551.0,0.475,0.05263157894736842
LHS 1140 c,LHS 1140,2018,Transit,3.77794,1.272,0.026,-0.026,3096.0,0.2159,0.020440251572327043
K2-222 b,K2-222,2018,Transit,15.3889274,2.275,0.1,-0.1,5942.0,1.072,0.04395604395604396
K2-72 e,K2-72,2016,Transit,24.158868,1.29,0.14,-0.13,3360.47,0.330989,0.10852713178294575
K2-195 b,K2-195,2018,Transit,15.852975,3.13,0.12,-0.12,5713.0,0.99,0.038338658146964855
TOI-2458 b,TOI-2458,2024,Transit,3.73659,2.83,0.2,-0.18,6005.0,1.31,0.0706713780918728
K2-146 b,K2-146,2018,Transit,2.6446,2.05,0.06,-0.06,3385.0,0.33,0.02926829268292683
Kepler-120 c,Kepler-120,2014,Transit,12.794585,1.53,0.09,-0.09,4096.0,0.534,0.058823529411764705
K2-172 b,K2-172,2018,Transit,14.316941,1.66608079,0.15959489,-0.09523043,5569.0,0.868889,0.09579060688887721
Kepler-1153 b,Kepler-1153,2016,Transit,1.755835327,1.73,0.21,-0.11,5470.0,0.88,0.12138728323699421
K2-283 b,K2-283,2018,Transit,1.921036,3.52,0.16,-0.16,5060.0,0.82,0.045454545454545456
Kepler-327 b,Kepler-327,2014,Transit,2.549575,1.11,0.05,-0.05,3799.0,0.492,0.04504504504504504
HIP 41378 c,HIP 41378,2016,Transit,31.70591,2.74,0.043,-0.049,6290.0,1.3,0.017883211678832115
Kepler-109 b,Kepler-109,2014,Transit,6.4816307,2.49,0.11,-0.11,5950.0,1.387,0.04417670682730923
K2-28 b,K2-28,2016,Transit,2.260455,2.32,0.24,-0.24,3214.0,0.288,0.10344827586206896
Kepler-334 c,Kepler-334,2014,Transit,12.758005,1.43,0.26,-0.26,5828.0,1.068,0.18181818181818182
K2-160 b,K2-160,2018,Transit,3.705871,3.17824034,0.21418014,-0.1454733,5649.0,0.913754,0.06738953543079124
Kepler-92 d,Kepler-92,2015,Transit,49.3568,2.067,0.056,-0.056,5904.34,1.81719,0.027092404450895016
Kepler-945 b,Kepler-945,2016,Transit,31.0033814,2.63,0.47,-0.25,5718.0,0.97,0.17870722433460076
K2-90 b,K2-90,2016,Transit,13.733314,2.6,0.1,-0.1,4484.0,0.619,0.038461538461538464
HIP 9618 b,HIP 9618,2023,Transit,20.772858,3.82838127,0.10440228,-0.08816578,5649.0,0.9593,0.027270606723034146
Kepler-634 b,Kepler-634,2016,Transit,5.16950177,1.89,0.3,-0.25,6075.0,1.24,0.15873015873015872
EPIC 211822797 b,EPIC 211822797,2016,Transit,21.1701963,1.92,0.12,-0.07,4057.0,0.58,0.0625
Kepler-681 b,Kepler-681,2016,Transit,26.39435646,3.08,0.16,-0.16,5021.0,0.76,0.051948051948051945
Kepler-68 b,Kepler-68,2013,Transit,5.39875259,2.357,0.023,-0.023,5847.0,1.2564,0.00975816716164616
Kepler-1652 b,Kepler-1652,2017,Transit,38.09722,1.6,0.18,-0.18,3638.0,0.382,0.11249999999999999
KOI-7368 b,KOI-7368,2022,Transit,6.8430344,2.22,0.12,-0.12,5241.0,0.874,0.05405405405405405
EPIC 201833600 c,K2-50,2019,Transit,3.96151,1.0,0.12,-0.11,4326.0,0.634,0.12
Kepler-1192 b,Kepler-1192,2016,Transit,25.2034787,2.36,0.24,-0.22,5438.0,0.83,0.1016949152542373
Kepler-214 b,Kepler-214,2014,Transit,15.660544,2.61,0.49,-0.49,6169.0,1.352,0.18773946360153257
TOI-178 f,TOI-178,2021,Transit,15.23335,2.417,0.041,-0.048,4316.0,0.662,0.01985932974762102
K2-154 b,K2-154,2018,Transit,3.67626,1.99,0.21,-0.11,4097.0,0.63,0.10552763819095477
Kepler-601 b,Kepler-601,2016,Transit,5.378868441,1.9,0.27,-0.18,5160.0,0.79,0.14210526315789476
Kepler-781 b,Kepler-781,2016,Transit,13.2140732,2.89,0.49,-0.24,5162.0,0.78,0.1695501730103806
K2-72 b,K2-72,2016,Transit,5.577212,1.08,0.11,-0.11,3360.47,0.330989,0.10185185185185185
Kepler-743 b,Kepler-743,2016,Transit,3.179262921,1.21,0.03,-0.05,5486.0,0.85,0.04132231404958678
TOI-5126 c,TOI-5126,2023,Transit,17.8999,3.86,0.17,-0.16,6150.0,1.241,0.044041450777202076
TOI-406 c,TOI-406,2024,Transit,3.307441,1.32,0.12,-0.12,3392.0,0.41,0.0909090909090909
Kepler-545 b,Kepler-545,2016,Transit,13.24934059,2.69,0.3,-0.21,5882.0,1.07,0.11152416356877323
Kepler-916 b,Kepler-916,2016,Transit,32.2968798,1.76,0.14,-0.13,5248.0,0.81,0.07954545454545456
TOI-277 b,TOI-277,2022,Transit,3.994,2.65,0.18,-0.18,4031.0,0.362,0.06792452830188679
K2-151 b,K2-151,2018,Transit,3.835476,1.49,0.08,-0.08,3695.0,0.45,0.053691275167785234
TOI-799 b,TOI-799,2026,Transit,5.54519139676,2.06631784,0.30545179,-0.22030926,5662.81,0.915519,0.14782420404404
TOI-2443 b,TOI-2443,2023,Transit,15.66858,2.363,0.066,-0.066,4375.0,0.631,0.027930596699111302
Kepler-1020 b,Kepler-1020,2016,Transit,96.9151496,2.28,0.08,-0.09,5227.0,0.8,0.03947368421052632
Kepler-1447 b,Kepler-1447,2016,Transit,56.6747285,2.9,0.5,-0.24,5722.0,0.95,0.1724137931034483
TOI-1470 c,TOI-1470,2023,Transit,18.08816,2.47,0.02,-0.02,3709.0,0.469,0.008097165991902834
K2-178 b,K2-178,2018,Transit,8.747818,3.55790985,0.20414388,-0.13806599,5525.0,0.887267,0.05737747402453156
K2-194 b,K2-194,2018,Transit,39.721386,3.64229858,0.61766974,-0.50000005,5979.0,1.281115,0.1695824014515581
K2-268 d,K2-268,2021,Transit,4.528598,1.49,0.14,-0.07,5106.0,0.78,0.09395973154362416
K2-8 c,K2-8,2016,Transit,5.06416,2.41,0.33,-0.33,4870.0,0.74,0.13692946058091285
Kepler-92 b,Kepler-92,2013,Transit,13.749,3.51,0.1,-0.1,5883.0,1.7,0.028490028490028494
Kepler-1065 c,Kepler-1065,2016,Transit,2.37030743,1.6,0.24,-0.17,5635.0,0.93,0.15
TOI-6086 b,TOI-6086,2024,Transit,1.3888725,1.18,0.07,-0.07,3200.0,0.259,0.05932203389830509
Kepler-144 b,Kepler-144,2014,Transit,5.885273,1.33,0.26,-0.26,6075.0,1.235,0.19548872180451127
Kepler-251 e,Kepler-251,2014,Transit,99.640161,2.77,0.49,-0.49,5526.0,0.89,0.17689530685920576
TOI-406.01,TOI-406,2024,Transit,13.175682,2.08,0.16,-0.15,3392.0,0.41,0.07692307692307693
Kepler-235 e,Kepler-235,2014,Transit,46.183669,2.22,0.29,-0.29,4255.0,0.554,0.1306306306306306
Kepler-1013 b,Kepler-1013,2016,Transit,18.93054959,2.15,0.36,-0.2,4954.0,0.76,0.16744186046511628
Kepler-313 b,Kepler-313,2014,Transit,14.970418,2.53,0.31,-0.31,5727.0,1.536,0.12252964426877472
Kepler-84 f,Kepler-84,2014,Transit,44.552169,2.2,0.43,-0.43,6031.0,1.169,0.19545454545454544
Kepler-205 c,Kepler-205,2014,Transit,20.306546,1.64,0.12,-0.12,4321.0,0.546,0.07317073170731707
K2-417 b,K2-417,2023,Transit,6.535,3.31,0.14,-0.12,3861.0,0.5776,0.04229607250755287
K2-332 b,K2-332,2021,Transit,17.70632,2.2,0.19,-0.15,3315.0,0.28,0.08636363636363635
Kepler-186 c,Kepler-186,2014,Transit,7.267302,1.25,0.14,-0.14,3788.0,0.472,0.11200000000000002
TOI-1794 b,TOI-1794,2024,Transit,8.765528,3.29701268,0.16656615,-0.13651409,5631.0,1.3162,0.050520324356168385
K2-228 b,K2-228,2018,Transit,2.69828,1.21,0.1,-0.06,4715.0,0.65,0.08264462809917356
TOI-261.01,TOI-261,2021,Transit,3.3639254,3.0449863,0.2114907,-0.2114907,5890.3,1.28018,0.06945538638384022
TOI-1201 b,TOI-1201,2021,Transit,2.4919863,2.415,0.091,-0.09,3476.0,0.508,0.03768115942028985
TOI-421 b,TOI-421,2020,Transit,5.197576,2.64,0.08,-0.08,5291.0,0.866,0.030303030303030304
K2-286 b,K2-286,2018,Transit,27.359,2.1,0.2,-0.2,3926.0,0.62,0.09523809523809523
TOI-125 b,TOI-125,2019,Transit,4.65382,2.726,0.075,-0.075,5320.0,0.848,0.02751283932501834
Kepler-224 c,Kepler-224,2014,Transit,5.925003,3.12,0.26,-0.26,5018.0,0.676,0.08333333333333333
K2-389 c,K2-389,2022,Transit,20.851337,2.04,0.151,-0.138,5782.0,1.084,0.07401960784313726
Kepler-1052 b,Kepler-1052,2016,Transit,34.8538276,2.93,0.54,-0.31,5888.0,1.03,0.18430034129692832
K2-414 b,K2-414,2022,Transit,4.3696,1.219,0.1004,-0.0731,4343.0,0.732,0.08236259228876128
TOI-1052 b,TOI-1052,2023,Transit,9.139703,2.87,0.29,-0.24,6146.0,1.264,0.10104529616724738
TOI-1174 b,TOI-1174,2024,Transit,8.953487683,2.562,0.252,-0.2,5030.0,0.76,0.09836065573770493
K2-196 b,K2-196,2018,Transit,48.324222,3.59970536,0.60292183,-0.50268801,6045.0,1.538801,0.16749199440034168
Kepler-197 b,Kepler-197,2014,Transit,5.599308,1.02,0.04,-0.04,6004.0,1.12,0.0392156862745098
Kepler-1271 b,Kepler-1271,2016,Transit,3.0255955,1.48,0.23,-0.16,6143.0,1.23,0.1554054054054054
Kepler-790 b,Kepler-790,2016,Transit,13.73469807,2.18,0.17,-0.14,5208.0,0.8,0.0779816513761468
Kepler-395 b,Kepler-395,2014,Transit,7.054346,1.03,0.08,-0.08,4262.0,0.556,0.07766990291262135
TOI-1011 b,TOI-1011,2025,Transit,2.470498,1.45,0.05,-0.05,5475.0,0.92,0.034482758620689655
TOI-1846 b,TOI-1846,2025,Transit,3.9306737,1.792,0.065,-0.068,3568.0,0.397,0.037946428571428575
Kepler-515 b,Kepler-515,2016,Transit,19.96371318,1.46,0.06,-0.05,5293.0,0.83,0.0410958904109589
Kepler-113 c,Kepler-113,2014,Transit,8.92507,2.18,0.06,-0.06,4725.0,0.69,0.027522935779816512
Kepler-219 b,Kepler-219,2014,Transit,4.585512,2.95,0.49,-0.49,5786.0,1.491,0.16610169491525423
Kepler-1313 b,Kepler-1313,2016,Transit,3.833091178,1.76,0.06,-0.08,5453.0,0.85,0.045454545454545456
EPIC 212297394 b,EPIC 212297394,2019,Transit,2.289363,1.48,0.13,-0.11,5171.0,0.8,0.08783783783783784
Kepler-1163 b,Kepler-1163,2016,Transit,6.11786898,1.03,0.17,-0.11,6302.0,1.35,0.1650485436893204
Kepler-1546 b,Kepler-1546,2016,Transit,19.5974971,3.13,0.58,-0.34,5623.0,0.93,0.1853035143769968
Kepler-1261 b,Kepler-1261,2016,Transit,48.4308991,2.26,0.14,-0.14,5006.0,0.77,0.06194690265486727
TOI-815 c,TOI-815,2024,Transit,34.976145,2.62,0.1,-0.09,4869.0,0.77,0.03816793893129771
TIC 67686059 b,TIC 67686059,2026,Transit,3.52163529551,2.59125922,0.419496,-0.31487958,5090.09,0.820458,0.16188885957924348
Kepler-80 c,Kepler-80,2012,Transit,9.52355,2.74,0.12,-0.1,4540.0,0.678,0.0437956204379562
Kepler-1631 b,Kepler-1631,2016,Transit,4.09513932,1.35,0.2,-0.15,5679.0,0.95,0.14814814814814814
HD 63433 b,HD 63433,2020,Transit,7.1079475,2.14,0.087,-0.069,5553.0,0.934,0.04065420560747663
Kepler-231 b,Kepler-231,2014,Transit,10.065275,1.73,0.12,-0.12,3767.0,0.49,0.06936416184971098
HD 110082 b,HD 110082,2021,Transit,10.18271,3.2,0.1,-0.1,6200.0,1.19,0.03125
Kepler-82 e,Kepler-82,2014,Transit,5.902206,2.47,0.37,-0.37,5428.0,0.945,0.14979757085020243
Kepler-449 b,Kepler-449,2015,Transit,12.58242,2.056,0.069,-0.069,5649.18,1.467,0.03356031128404669
Kepler-906 b,Kepler-906,2016,Transit,41.6979976,2.11,0.1,-0.1,6035.0,1.02,0.047393364928909956
TOI-431 d,TOI-431,2021,Transit,12.46103,3.29,0.09,-0.09,4850.0,0.731,0.02735562310030395
Kepler-735 b,Kepler-735,2016,Transit,11.51516988,2.95,0.16,-0.12,5107.0,0.8,0.05423728813559322
HD 25463 b,HD 25463,2023,Transit,7.0491423,2.54535814,0.1117151,-0.08338345,6353.0,1.4182,0.04388973726109914
TOI-5160 b,TOI-5160,2026,Transit,4.280773256,2.39729851,0.28717359,-0.22048406,5622.14,1.03315,0.11979050118376787
TOI-1260 c,TOI-1260,2021,Transit,7.493134,2.76,0.07,-0.07,4227.0,0.672,0.025362318840579715
Kepler-306 e,Kepler-306,2014,Transit,44.840975,2.27,0.15,-0.15,4954.0,0.719,0.06607929515418502
Kepler-694 b,Kepler-694,2016,Transit,6.365841612,2.8,0.52,-0.22,5700.0,0.95,0.18571428571428572
Kepler-150 d,Kepler-150,2014,Transit,12.56093,2.79,0.41,-0.41,5560.0,0.939,0.14695340501792115
Kepler-547 b,Kepler-547,2016,Transit,6.010384289,4.0,0.13,-0.31,4828.0,0.73,0.0775
Kepler-124 c,Kepler-124,2014,Transit,13.821375,1.75,0.09,-0.09,4984.0,0.636,0.05142857142857143
Kepler-198 c,Kepler-198,2014,Transit,49.567416,2.47,0.37,-0.37,5574.0,0.94,0.14979757085020243
Kepler-129 b,Kepler-129,2014,Transit,15.79,2.4,0.04,-0.04,5770.0,1.653,0.016666666666666666
LHS 1903 c,LHS 1903,2026,Transit,6.226185,2.046,0.078,-0.074,3664.0,0.539,0.03812316715542522
Kepler-446 b,Kepler-446,2015,Transit,1.565409,1.5,0.25,-0.25,3359.0,0.24,0.16666666666666666
K2-216 b,K2-216,2018,Transit,2.1748,1.75,0.17,-0.1,4503.0,0.72,0.09714285714285716
Kepler-167 d,Kepler-167,2016,Transit,21.80379,1.238,0.064,-0.064,4884.0,0.749,0.051696284329563816
Kepler-1198 b,Kepler-1198,2016,Transit,7.6847716,1.47,0.18,-0.1,5517.0,0.9,0.12244897959183673
TOI-1801 b,TOI-1801,2023,Transit,10.64387,2.079,0.124,-0.11,3863.0,0.547,0.05964405964405964
K2-187 e,K2-187,2018,Transit,13.606629,1.9,0.3,-0.3,5438.0,0.83,0.15789473684210525
K2-32 e,K2-32,2019,Transit,4.34934,1.212,0.052,-0.046,5271.0,0.86,0.0429042904290429
TOI-1742 b,TOI-1742,2024,Transit,21.269084,2.36507598,0.05691119,-0.051074,5815.0,1.131,0.024063155045023123
K2-105 b,K2-105,2017,Transit,8.26726,3.4,0.12,-0.05,5373.0,0.905,0.03529411764705882
K2-270 b,K2-270,2018,Transit,1.543069,1.38,0.11,-0.11,4877.0,0.77,0.07971014492753624
Kepler-1529 b,Kepler-1529,2016,Transit,5.33905686,2.1,0.15,-0.11,5048.0,0.77,0.07142857142857142
Kepler-98 b,Kepler-98,2014,Transit,1.54168,1.99,0.22,-0.22,5539.0,1.11,0.11055276381909548
TIC 24750448 b,TIC 24750448,2026,Transit,3.59159193029,2.43722231,0.31643391,-0.2681268,4545.43,0.713599,0.12983383120270223
K2-254 b,K2-254,2018,Transit,4.09639,1.63,0.28,-0.24,4629.0,0.67,0.1717791411042945
Kepler-1316 b,Kepler-1316,2016,Transit,87.9732136,3.54,0.55,-0.38,5884.0,1.12,0.1553672316384181
K2-165 d,K2-165,2018,Transit,14.101361,2.64809498,0.25333143,-0.14795979,5185.0,0.803827,0.09566553764623655
TOI-2018 b,TOI-2018,2023,Transit,7.435583,2.268,0.069,-0.069,4174.0,0.62,0.03042328042328043
Kepler-1392 b,Kepler-1392,2016,Transit,15.1410397,1.96,0.22,-0.16,5479.0,0.85,0.11224489795918367
TOI-669 b,TOI-669,2023,Transit,3.945152,2.58606487,0.13042739,-0.11014467,5597.0,0.9882,0.0504346938520533
TOI-4559 b,TOI-4559,2024,Transit,3.965991,1.415,0.126,-0.112,3558.0,0.374,0.08904593639575971
Kepler-105 c,Kepler-105,2014,Transit,7.12592,1.44,0.04,-0.04,5933.0,1.026,0.02777777777777778
TOI-700 c,TOI-700,2020,Transit,16.051137,2.6,0.14,-0.13,3459.0,0.421,0.05384615384615385
TOI-6954 b,TOI-6954,2026,Transit,4.02074127419,3.63524486,0.31255602,-0.28011794,5170.87,0.947112,0.08597935821027473
LHS 1903 e,LHS 1903,2026,Transit,29.31773,1.732,0.059,-0.058,3664.0,0.539,0.034064665127020784
Kepler-504 b,Kepler-504,2016,Transit,9.549275422,1.59,0.18,-0.22,3519.0,0.33,0.13836477987421383
Kepler-214 c,Kepler-214,2014,Transit,28.7798,2.13,0.4,-0.4,6169.0,1.352,0.18779342723004697
Kepler-197 d,Kepler-197,2014,Transit,15.677563,1.22,0.1,-0.1,6004.0,1.12,0.0819672131147541
Kepler-323 c,Kepler-323,2014,Transit,3.5538229,1.57,0.04,-0.04,6004.0,1.12,0.025477707006369425
K2-90 c,K2-90,2016,Transit,2.900706,1.3,0.13,-0.11,4421.98,0.634754,0.1
TIC 260969020 b,TIC 260969020,2026,Transit,8.48584501953,2.22686612,0.23860135,-0.19249709,4572.94,0.68988,0.10714669726081243
HD 77946 b,HD 77946,2024,Transit,6.527363,2.89646124,0.1867559,-0.14235529,6007.0,1.3174,0.06447726536813592
LHS 1478 b,LHS 1478,2021,Transit,1.9495378,1.242,0.051,-0.049,3381.0,0.246,0.041062801932367145
Kepler-768 b,Kepler-768,2016,Transit,11.3910025,1.79,0.2,-0.13,5108.0,0.78,0.111731843575419
K2-251 b,K2-251,2018,Transit,9.30075,2.35,0.26,-0.21,3717.0,0.49,0.11063829787234042
TOI-5803 b,TOI-5803,2023,Transit,5.38305,3.2732,0.1251,-0.1194,5134.0,0.7625,0.03821947940852988
Kepler-626 b,Kepler-626,2016,Transit,14.48585199,2.29,0.28,-0.2,5813.0,1.05,0.12227074235807861
Kepler-94 b,Kepler-94,2014,Transit,2.50806,3.51,0.15,-0.15,4781.0,0.76,0.042735042735042736
Kepler-298 b,Kepler-298,2014,Transit,10.475464,1.96,0.1,-0.1,4465.0,0.582,0.05102040816326531
TOI-2136 b,TOI-2136,2022,Transit,7.851928,2.19,0.17,-0.17,3342.0,0.34,0.07762557077625572
Kepler-1493 b,Kepler-1493,2016,Transit,15.0217983,1.41,0.27,-0.23,5863.0,1.29,0.1914893617021277
TRAPPIST-1 g,TRAPPIST-1,2017,Transit,12.352446,1.129,0.015,-0.013,2566.0,0.1192,0.013286093888396812
TOI-4336 A c,TOI-4336 A,2026,Transit,7.587266,1.251,0.066,-0.066,3307.0,0.326,0.052757793764988015
TOI-1752 c,TOI-1752,2026,Transit,32.71443,2.29,0.13,-0.14,3762.0,0.53,0.061135371179039305
K2-247 c,K2-247,2018,Transit,6.49424,2.19,0.25,-0.23,4667.0,0.69,0.11415525114155252
K2-322 b,K2-322,2020,Transit,8.205,1.92,0.29,-0.18,4141.0,0.602,0.15104166666666666
K2-293 b,K2-293,2019,Transit,13.1225,2.45,0.35,-0.25,5532.0,0.947,0.14285714285714285
Kepler-701 b,Kepler-701,2016,Transit,10.35533177,2.84,0.22,-0.45,5343.0,0.84,0.15845070422535212
Kepler-795 b,Kepler-795,2016,Transit,29.6193421,1.68,0.18,-0.13,5631.0,0.96,0.10714285714285714
Kepler-207 b,Kepler-207,2014,Transit,1.611865,1.57,0.3,-0.3,5920.0,1.588,0.19108280254777069
Kepler-1987 c,Kepler-1987,2023,Transit,3.64830183,1.33,0.12,-0.09,4769.0,0.714,0.09022556390977443
Kepler-169 d,Kepler-169,2014,Transit,8.348125,1.25,0.09,-0.09,4997.0,0.763,0.072
Kepler-191 d,Kepler-191,2016,Transit,5.945041017,2.28,0.16,-0.13,5215.0,0.8,0.07017543859649124
Kepler-400 b,Kepler-400,2014,Transit,9.024389,1.65,0.3,-0.3,5886.0,1.145,0.18181818181818182
EPIC 212297394 c,EPIC 212297394,2021,Transit,5.213965,2.27,0.19,-0.14,5171.0,0.8,0.08370044052863436
K2-59 c,K2-59,2016,Transit,11.2954,2.3,0.29,-0.29,5055.0,0.731,0.12608695652173912
TOI-5788 b,TOI-5788,2026,Transit,6.340758,1.528,0.075,-0.075,5615.0,0.87,0.04908376963350785
TOI-1753 b,TOI-1753,2024,Transit,5.3846104,2.47852533,0.09834485,-0.07935468,5621.0,0.9715,0.03967877544346097
TOI-833 b,TOI-833,2022,Transit,1.0418777,1.27,0.07,-0.07,3920.0,0.6,0.05511811023622048
Kepler-348 c,Kepler-348,2014,Transit,17.265427,1.33,0.25,-0.25,6177.0,1.359,0.18796992481203006
TOI-904 c,TOI-904,2023,Transit,83.9997,2.167,0.13,-0.118,3770.2,0.527,0.059990770650669135
Kepler-1213 b,Kepler-1213,2016,Transit,5.34982412,1.19,0.13,-0.1,6050.0,1.21,0.10924369747899161
Kepler-29 c,Kepler-29,2011,Transit,13.28613,2.34,0.12,-0.11,5378.0,0.732,0.05128205128205128
Kepler-506 b,Kepler-506,2016,Transit,6.8834055,2.73,0.06,-0.06,6236.0,1.19,0.021978021978021976
Kepler-208 e,Kepler-208,2014,Transit,16.259458,1.48,0.28,-0.28,6092.0,1.314,0.1891891891891892
Kepler-1287 b,Kepler-1287,2016,Transit,11.47685909,1.54,0.22,-0.13,5715.0,0.94,0.14285714285714285
Kepler-1506 b,Kepler-1506,2016,Transit,14.0329154,1.32,0.19,-0.13,5676.0,0.93,0.14393939393939392
K2-394 b,K2-394,2022,Transit,5.095717,1.692,0.136,-0.126,4938.0,0.631,0.08037825059101655
Kepler-913 b,Kepler-913,2016,Transit,10.29672521,2.06,0.08,-0.06,4687.0,0.61,0.038834951456310676
Kepler-1605 b,Kepler-1605,2016,Transit,85.7565495,1.08,0.09,-0.08,5280.0,0.82,0.08333333333333333
Kepler-1465 b,Kepler-1465,2016,Transit,31.8277111,1.77,0.35,-0.19,4726.0,0.71,0.19774011299435026
K2-21 b,K2-21,2015,Transit,9.325038,1.84,0.1,-0.1,4222.06,0.646783,0.05434782608695652
Kepler-577 b,Kepler-577,2016,Transit,25.69578251,2.55,0.38,-0.15,4984.0,0.73,0.14901960784313728
Kepler-1120 b,Kepler-1120,2016,Transit,2.949029052,1.38,0.09,-0.07,4904.0,0.74,0.06521739130434782
LP 791-18 c,LP 791-18,2019,Transit,4.98991,2.488,0.096,-0.096,2960.0,0.182,0.03858520900321544
Kepler-942 b,Kepler-942,2016,Transit,44.96417488,2.13,0.23,-0.08,4861.0,0.75,0.107981220657277
Kepler-212 c,Kepler-212,2014,Transit,31.805174,2.74,0.51,-0.51,5852.0,1.455,0.18613138686131386
K2-285 e,K2-285,2018,Transit,14.76289,1.95,0.05,-0.05,4975.0,0.787,0.025641025641025644
K2-91 b,K2-91,2016,Transit,1.419549,1.1,0.18,-0.18,3622.0,0.284,0.1636363636363636
Kepler-819 b,Kepler-819,2016,Transit,33.1995648,2.76,0.25,-0.17,5279.0,0.81,0.09057971014492755
TOI-2345 b,TOI-2345,2025,Transit,1.0528573,1.504,0.047,-0.044,4687.0,0.729,0.03125
TOI-1136 g,TOI-1136,2022,Transit,39.545,2.53,0.11,-0.12,5770.0,0.968,0.047430830039525695
K2-83 c,K2-83,2016,Transit,9.99767,1.483,0.099,-0.099,3910.0,0.424,0.0667565745111261
Kepler-994 b,Kepler-994,2016,Transit,1.151166506,1.6,0.07,-0.27,3934.0,0.54,0.16875
TOI-270 d,TOI-270,2019,Transit,11.38194,2.0,0.05,-0.05,3506.0,0.38,0.025
K2-226 b,K2-226,2018,Transit,3.27109,1.53899305,0.10312262,-0.08630915,5288.0,0.889,0.06700655340841208
Kepler-199 b,Kepler-199,2014,Transit,23.637604,3.11,0.56,-0.56,5644.0,0.967,0.18006430868167206
HD 6061 b,HD 6061,2023,Transit,5.2549,2.42763557,0.09903199,-0.07283589,5934.0,1.0072,0.04079359819233494
K2-374 c,K2-374,2022,Transit,16.43445,2.213,0.091,-0.086,5789.0,0.907,0.041120650700406686
TOI-4529 b,TOI-4529,2026,Transit,5.879577,1.77,0.09,-0.08,3697.0,0.48,0.05084745762711864
K2-395 b,K2-395,2022,Transit,4.803352,2.597,0.192,-0.178,5007.0,0.783,0.07393145937620331
Kepler-1047 b,Kepler-1047,2016,Transit,56.1886887,2.09,0.26,-0.17,5754.0,1.13,0.1244019138755981
KOI-1833 d,Kepler-968,2021,Transit,7.685,2.58,0.23,-0.22,4413.0,0.667,0.08914728682170543
Kepler-734 b,Kepler-734,2016,Transit,6.104852856,3.56,0.14,-0.13,5326.0,0.78,0.03932584269662922
Kepler-521 b,Kepler-521,2016,Transit,22.20813214,3.18,0.31,-0.23,6406.0,1.46,0.09748427672955974
Kepler-514 b,Kepler-514,2016,Transit,5.65179605,1.72,0.28,-0.19,6106.0,1.44,0.16279069767441862
TIC 86380416 b,TIC 86380416,2026,Transit,6.0408643461,2.4123612,0.29307308,-0.24128947,5723.74,0.989724,0.12148805908501596
Kepler-665 b,Kepler-665,2016,Transit,16.01310205,2.6,0.15,-0.15,4913.0,0.74,0.05769230769230769
K2-133 b,K2-133,2017,Transit,3.07133,1.34,0.077,-0.076,3655.0,0.455,0.057462686567164176
K2-215 b,K2-215,2018,Transit,8.269648,2.12381238,0.25911151,-0.15791736,5704.0,0.974398,0.12200301327935568
K2-179 b,K2-179,2018,Transit,5.172191,2.51267885,0.16431084,-0.12074766,5015.0,0.768067,0.06539269433497243
Kepler-1069 b,Kepler-1069,2016,Transit,23.8990296,1.6,0.31,-0.14,5722.0,0.98,0.19374999999999998
Kepler-1651 b,Kepler-1651,2017,Transit,9.87863917,1.84,0.11,-0.11,3713.0,0.503,0.05978260869565217
K2-62 b,K2-62,2016,Transit,6.67199,2.02,0.17,-0.06,4455.0,0.696,0.08415841584158416
K2-166 b,K2-166,2018,Transit,8.52695,2.19,0.2,-0.19,5960.0,1.61,0.09132420091324202
TOI-2096 c,TOI-2096,2023,Transit,6.38784,1.914,0.095,-0.095,3300.0,0.235,0.04963427377220481
Kepler-369 b,Kepler-369,2014,Transit,2.732756,1.13,0.06,-0.06,3591.0,0.471,0.05309734513274337
HD 183579 b,HD 183579,2021,Transit,17.471291,3.49,0.07,-0.064,5784.0,0.96,0.02005730659025788
Kepler-657 b,Kepler-657,2016,Transit,24.54350418,3.52,0.69,-0.32,5808.0,1.01,0.19602272727272727
K2-198 c,K2-198,2019,Transit,3.3596055,1.423,0.081,-0.036,5212.9,0.757,0.05692199578355587
Kepler-403 c,Kepler-403,2014,Transit,54.280749,1.75,0.32,-0.32,6090.0,1.329,0.18285714285714286
K2-170 b,K2-170,2018,Transit,7.576544,1.41817537,0.20164964,-0.13107037,5748.0,0.981614,0.14218949522441643
Kepler-292 b,Kepler-292,2014,Transit,2.580827,1.32,0.14,-0.14,5299.0,0.826,0.10606060606060606
Kepler-1369 b,Kepler-1369,2016,Transit,25.873148,2.69,0.42,-0.25,5761.0,0.99,0.15613382899628253
Kepler-1136 b,Kepler-1136,2016,Transit,2.361724329,1.64,0.1,-0.09,4512.0,0.68,0.06097560975609757
K2-8 b,K2-8,2015,Transit,10.35239,3.58,0.71,-0.71,4870.0,0.74,0.1983240223463687
Kepler-80 d,Kepler-80,2014,Transit,3.07222,1.53,0.09,-0.07,4540.0,0.678,0.058823529411764705
K2-254 c,K2-254,2018,Transit,12.11839,2.19,0.24,-0.18,4629.0,0.67,0.1095890410958904
Kepler-1504 b,Kepler-1504,2016,Transit,82.304003,2.13,0.23,-0.19,5393.0,0.81,0.107981220657277
Kepler-676 b,Kepler-676,2016,Transit,11.59822172,3.04,0.14,-0.34,3701.0,0.49,0.1118421052631579
K2-199 b,K2-199,2018,Transit,3.2253993,1.73,0.05,-0.04,4491.0,0.682,0.028901734104046246
TIC 153919886 b,TIC 153919886,2026,Transit,2.10510492329,2.70601108,0.28201647,-0.23940357,4137.16,0.591697,0.10421852005129262
Kepler-25 b,Kepler-25,2011,Transit,6.238297,2.748,0.038,-0.035,6354.0,1.316,0.013828238719068412
Kepler-895 b,Kepler-895,2016,Transit,2.806242328,1.54,0.09,-0.07,4315.0,0.61,0.05844155844155844
K2-352 d,K2-352,2021,Transit,14.871387,2.23,0.13,-0.09,5791.0,0.95,0.05829596412556054
TOI-808 b,TOI-808,2026,Transit,9.73944854026,2.20344362,0.22429531,-0.18805529,5078.2,0.833198,0.1017930787809311
Kepler-646 b,Kepler-646,2016,Transit,15.87364565,1.99,0.37,-0.19,5634.0,0.91,0.18592964824120603
Kepler-523 b,Kepler-523,2016,Transit,5.835983111,1.96,0.08,-0.06,5515.0,0.86,0.04081632653061225
TIC 34085383 b,TIC 34085383,2026,Transit,3.47793368523,3.91982296,0.40942416,-0.33426205,4694.84,0.809951,0.10444965606303812
TOI-4588 b,TOI-4588,2026,Transit,13.11881173651,2.92922558,0.32112619,-0.28427818,7746.12,1.57458,0.10962835781326201
Kepler-635 b,Kepler-635,2016,Transit,23.44971004,2.64,0.36,-0.27,6174.0,1.51,0.13636363636363635
Kepler-83 d,Kepler-83,2014,Transit,5.169796,1.94,0.13,-0.13,4648.0,0.594,0.06701030927835051
Kepler-342 b,Kepler-342,2014,Transit,15.170318,2.25,0.4,-0.4,6175.0,1.472,0.17777777777777778
K2-352 c,K2-352,2021,Transit,8.234885,1.92,0.13,-0.07,5791.0,0.95,0.06770833333333334
Kepler-622 b,Kepler-622,2016,Transit,14.28226676,2.13,0.28,-0.16,4201.0,0.61,0.13145539906103287
TOI-1408 c,TOI-1408,2024,Transit Timing Variations,2.1664,2.22,0.06,-0.06,6117.0,1.53,0.027027027027027025
K2-47 b,K2-47,2016,Transit,31.6372,1.89,0.26,-0.26,5054.0,0.76,0.1375661375661376
Kepler-1460 b,Kepler-1460,2016,Transit,29.9633247,1.96,0.14,-0.13,4422.0,0.67,0.07142857142857144
K2-368 c,K2-368,2022,Transit,9.660186,1.361,0.114,-0.106,4663.0,0.663,0.08376193975018369
Kepler-478 b,Kepler-478,2016,Transit,13.2217576,2.71,0.09,-0.33,5210.0,0.8,0.12177121771217712
TIC 154870955 b,TIC 154870955,2026,Transit,7.9698747128,3.09467466,0.51582816,-0.3402219,4739.58,0.724328,0.16668251647493051
TOI-1238 c,TOI-1238,2022,Transit,3.294736,2.11,0.14,-0.14,4089.0,0.58,0.06635071090047394
Kepler-1218 b,Kepler-1218,2016,Transit,22.9221266,1.44,0.15,-0.14,5986.0,1.1,0.10416666666666667
TOI-209 b,TOI-209,2026,Transit,4.37943587445,2.3947209,0.22229568,-0.19618434,4806.66,0.742779,0.0928273854376934
Kepler-1541 b,Kepler-1541,2016,Transit,8.40691199,1.16,0.1,-0.08,5282.0,0.81,0.08620689655172414
Kepler-531 b,Kepler-531,2016,Transit,29.88485741,2.78,0.08,-0.19,4893.0,0.75,0.0683453237410072
Kepler-727 b,Kepler-727,2016,Transit,5.154484417,2.53,0.35,-0.31,5441.0,0.86,0.1383399209486166
Kepler-892 b,Kepler-892,2016,Transit,13.7521072,2.81,0.37,-0.27,4747.0,0.72,0.13167259786476868
TOI-201 d,TOI-201,2026,Transit,5.84889,1.39,0.07,-0.07,6423.0,1.31,0.05035971223021583
Kepler-876 b,Kepler-876,2016,Transit,5.14438011,1.43,0.1,-0.09,5060.0,0.77,0.06993006993006994
Kepler-1456 b,Kepler-1456,2016,Transit,18.1373829,1.14,0.09,-0.15,4231.0,0.62,0.13157894736842105
Kepler-224 b,Kepler-224,2014,Transit,3.132924,1.39,0.09,-0.09,5018.0,0.676,0.06474820143884892
Kepler-1366 b,Kepler-1366,2016,Transit,2.164570968,1.43,0.1,-0.1,4070.0,0.6,0.06993006993006994
Kepler-23 d,Kepler-23,2014,Transit,15.27,2.206,0.057,-0.057,5828.0,1.548,0.025838621940163193
TIC 270471727 b,TIC 270471727,2026,Transit,10.45623256647,2.75029559,0.36285616,-0.24677497,5271.39,0.997091,0.13193351337192086
TOI-2196 b,TOI-2196,2022,Transit,1.1947268,3.51,0.15,-0.15,5634.0,1.043,0.042735042735042736
TOI-1411 b,TOI-1411,2022,Transit,1.4520527,1.19880592,0.04935874,-0.04474058,4115.0,0.614,0.041173253465414984
K2-380 b,K2-380,2022,Transit,9.401312,2.729,0.186,-0.176,5911.0,1.32,0.06815683400513008
Kepler-1500 b,Kepler-1500,2016,Transit,15.0330105,1.2,0.22,-0.15,5845.0,1.0,0.18333333333333335
K2-224 b,K2-224,2018,Transit,4.47904,1.56,0.16,-0.14,5620.0,0.84,0.10256410256410256
Kepler-1464 b,Kepler-1464,2016,Transit,31.7785901,1.66,0.29,-0.16,5828.0,1.01,0.1746987951807229
Kepler-1012 b,Kepler-1012,2016,Transit,5.50860439,1.29,0.08,-0.06,5556.0,0.91,0.06201550387596899
Kepler-1221 b,Kepler-1221,2016,Transit,12.00096042,1.88,0.3,-0.16,5194.0,0.82,0.1595744680851064
Kepler-805 b,Kepler-805,2016,Transit,30.8638931,2.89,0.13,-0.25,6112.0,1.65,0.08650519031141868
Kepler-363 b,Kepler-363,2014,Transit,3.614568,1.16,0.19,-0.19,5593.0,1.485,0.16379310344827588
TOI-733 b,TOI-733,2023,Transit,4.884765,1.992,0.085,-0.09,5585.0,0.949,0.045180722891566265
Kepler-114 d,Kepler-114,2013,Transit,11.776,2.53,0.28,-0.28,4660.0,0.54,0.1106719367588933
Kepler-1242 b,Kepler-1242,2016,Transit,13.62798432,2.26,0.13,-0.13,4895.0,0.74,0.057522123893805316
Kepler-319 c,Kepler-319,2014,Transit,6.941357,2.63,0.37,-0.37,5526.0,0.903,0.14068441064638784
Kepler-85 d,Kepler-85,2014,Transit,17.91323,1.2,0.19,-0.19,5436.0,0.893,0.15833333333333335
K2-214 b,K2-214,2018,Transit,8.59656,2.51,0.14,-0.07,5875.0,1.236,0.0557768924302789
TOI-1732 b,TOI-1732,2026,Transit,4.11923678339,2.49549787,0.26967151,-0.2253345,4201.93,0.632571,0.10806320984758044
TOI-2257 b,TOI-2257,2021,Transit,35.189346,2.194,0.113,-0.111,3430.0,0.313,0.05150410209662717
TOI-469.01,TOI-469,2021,Transit,13.6308205,3.41,0.046,-0.046,5289.0,0.98,0.01348973607038123
Kepler-1437 b,Kepler-1437,2016,Transit,10.9295461,1.37,0.17,-0.13,5557.0,0.9,0.12408759124087591
Kepler-1099 b,Kepler-1099,2016,Transit,2.168452593,2.83,0.43,-0.51,5837.0,1.0,0.18021201413427562
Kepler-154 d,Kepler-154,2016,Transit,20.54981883,3.84,0.32,-0.24,5769.0,0.98,0.08333333333333334
K2-197 b,K2-197,2018,Transit,8.357881,2.56,0.16,-0.16,5667.0,0.93,0.0625
TIC 88692598 b,TIC 88692598,2026,Transit,2.64909436758,1.81295951,0.20824409,-0.19567673,3483.17,0.532473,0.11486417035314815
Kepler-1172 b,Kepler-1172,2016,Transit,26.0204423,3.2,0.4,-0.28,5558.0,0.89,0.125
K2-240 c,K2-240,2018,Transit,20.523,1.8,0.3,-0.1,3810.0,0.54,0.16666666666666666
TOI-815 b,TOI-815,2024,Transit,11.197259,2.94,0.05,-0.05,4869.0,0.77,0.017006802721088437
Kepler-159 c,Kepler-159,2014,Transit,43.595792,3.41,0.28,-0.28,4625.0,0.663,0.08211143695014664
Kepler-1463 b,Kepler-1463,2016,Transit,25.15864,1.86,0.33,-0.19,5679.0,0.95,0.1774193548387097
Kepler-1983 b,Kepler-1983,2023,Transit,7.32851947,2.33,0.13,-0.18,5135.0,0.874,0.07725321888412016
TOI-1231 b,TOI-1231,2021,Transit,24.245586,3.65,0.16,-0.15,3553.0,0.476,0.043835616438356165
Kepler-158 b,Kepler-158,2014,Transit,16.709184,2.12,0.36,-0.36,4623.0,0.624,0.16981132075471697
K2-42 b,K2-42,2016,Transit,6.68796,2.15,0.24,-0.24,4613.0,0.643,0.11162790697674418
K2-32 c,K2-32,2016,Transit,20.66093,3.134,0.123,-0.102,5271.0,0.86,0.03924696873005744
Kepler-1532 b,Kepler-1532,2016,Transit,1.093663559,1.35,0.18,-0.12,5559.0,0.88,0.13333333333333333
K2-81 b,K2-81,2016,Transit,6.102325,1.97,0.13,-0.11,4674.13,0.634663,0.06598984771573604
Kepler-599 b,Kepler-599,2016,Transit,15.65562652,2.84,0.15,-0.32,5127.0,0.79,0.11267605633802817
Kepler-1033 b,Kepler-1033,2016,Transit,7.56052806,2.51,0.41,-0.18,5547.0,0.92,0.16334661354581673
K2-200 b,K2-200,2018,Transit,2.849883,1.3643987,0.143471,-0.10540256,5233.0,0.791736,0.1051532810753924
K2-219 c,K2-219,2018,Transit,6.66767,1.43839723,0.21399624,-0.19150365,5753.0,1.189232,0.14877409072874814
TOI-1772.01,TOI-1772,2024,Transit,8.054246874,2.905,0.328,-0.214,5583.0,0.995,0.11290877796901895
TOI-2285 b,TOI-2285,2021,Transit,13.635109,1.77,0.12,-0.09,3491.0,0.464,0.06779661016949153
Kepler-730 c,Kepler-730,2018,Transit,2.85188338,1.56926,0.134508,-0.134508,5620.0,1.411,0.0857142857142857
Kepler-513 b,Kepler-513,2016,Transit,28.86235584,2.2,0.31,-0.2,5849.0,1.06,0.1409090909090909
TOI-1180 b,TOI-1180,2024,Transit,9.686760378,3.072,0.27,-0.243,4738.0,0.73,0.087890625
Kepler-132 b,Kepler-132,2014,Transit,6.178196,1.21,0.24,-0.24,6003.0,1.178,0.19834710743801653
Kepler-529 b,Kepler-529,2016,Transit,1.980357663,1.86,0.25,-0.17,6087.0,1.14,0.13440860215053763
K2-354 b,K2-354,2021,Transit,3.793306,1.56,0.08,-0.08,3669.0,0.41,0.05128205128205128
Kepler-60 c,Kepler-60,2012,Transit,8.9187,1.9,0.15,-0.15,5905.0,1.257,0.07894736842105263
TOI-1452 b,TOI-1452,2022,Transit,11.06201,1.672,0.071,-0.071,3185.0,0.275,0.042464114832535885
Kepler-110 b,Kepler-110,2014,Transit,12.691112,1.83,0.36,-0.36,5960.0,1.149,0.19672131147540983
TOI-1136 b,TOI-1136,2022,Transit,4.1727,1.9,0.21,-0.15,5770.0,0.968,0.11052631578947368
Kepler-1614 b,Kepler-1614,2016,Transit,3.9466141,1.49,0.12,-0.15,5121.0,0.76,0.10067114093959731
Kepler-1114 b,Kepler-1114,2016,Transit,14.97435694,1.35,0.08,-0.07,5374.0,0.83,0.059259259259259255
K2-240 b,K2-240,2018,Transit,6.034,2.0,0.2,-0.1,3810.0,0.54,0.1
Kepler-210 b,Kepler-210,2014,Transit,2.453234,2.94,0.21,-0.21,4559.0,0.65,0.07142857142857142
Kepler-306 c,Kepler-306,2014,Transit,7.240193,2.35,0.19,-0.19,4954.0,0.719,0.08085106382978723
K2-187 d,K2-187,2018,Transit,7.149584,2.4,0.3,-0.3,5438.0,0.83,0.125
TOI-1243 b,TOI-1243,2026,Transit,4.6594779,2.33,0.12,-0.12,3515.0,0.511,0.05150214592274678
L 98-59 d,L 98-59,2019,Transit,7.450729,1.627,0.041,-0.041,3415.0,0.3155,0.025199754148740015
K2-248 b,K2-248,2018,Transit,7.17256,2.57,0.2,-0.14,5528.0,0.92,0.07782101167315177
Kepler-169 c,Kepler-169,2014,Transit,6.195469,1.21,0.08,-0.08,4997.0,0.763,0.06611570247933884
L 168-9 b,L 168-9,2020,Transit,1.40152604,1.63,0.14,-0.14,3842.0,0.604,0.08588957055214726
Kepler-933 b,Kepler-933,2016,Transit,14.20443009,2.46,0.23,-0.16,5346.0,0.84,0.0934959349593496
Kepler-1240 b,Kepler-1240,2016,Transit,4.8663815,1.15,0.2,-0.1,5682.0,0.96,0.1739130434782609
Kepler-991 b,Kepler-991,2016,Transit,82.5342519,2.54,0.13,-0.12,4392.0,0.61,0.051181102362204724
Kepler-79 c,Kepler-79,2012,Transit,27.4026,3.76,0.11,-0.11,6389.0,1.316,0.02925531914893617
TOI-4155 b,TOI-4155,2025,Transit,3.320729,3.21,0.17,-0.17,5724.0,0.95,0.052959501557632405
TOI-4662 b,TOI-4662,2026,Transit,4.70343764575,2.87998299,0.4769111,-0.35910658,4520.41,0.69375,0.16559510999056282
Kepler-332 b,Kepler-332,2014,Transit,7.626324,1.17,0.08,-0.08,4955.0,0.72,0.06837606837606838
Kepler-508 b,Kepler-508,2016,Transit,25.30889748,1.64,0.26,-0.19,6025.0,1.25,0.15853658536585366
K2-389 b,K2-389,2022,Transit,8.58289,2.33,0.12,-0.06,5773.0,1.094,0.05150214592274678
TOI-4336 A b,TOI-4336 A,2024,Transit,16.336351,2.137,0.08,-0.08,3307.0,0.326,0.03743565746373421
Kepler-251 b,Kepler-251,2014,Transit,4.790936,1.33,0.24,-0.24,5526.0,0.89,0.18045112781954886
Kepler-672 b,Kepler-672,2016,Transit,38.3774623,2.5,0.32,-0.18,5627.0,0.92,0.128
Kepler-198 b,Kepler-198,2014,Transit,17.790037,2.82,0.42,-0.42,5574.0,0.94,0.14893617021276595
LHS 1903 b,LHS 1903,2026,Transit,2.1555098,1.382,0.046,-0.046,3664.0,0.539,0.03328509406657019
Kepler-885 b,Kepler-885,2016,Transit,18.11472949,2.5,0.4,-0.39,6187.0,1.35,0.16
TOI-286 c,TOI-286,2024,Transit,39.361826,1.88,0.12,-0.12,5152.0,0.78,0.06382978723404255
HD 152843 b,HD 152843,2021,Transit,11.62071,3.05,0.11,-0.11,6310.0,1.43,0.036065573770491806
Kepler-80 b,Kepler-80,2012,Transit,7.05246,2.67,0.1,-0.1,4540.0,0.678,0.03745318352059925
HD 25463 c,HD 25463,2023,Transit,3.04405,1.36354953,0.13045621,-0.09615242,6353.0,1.4182,0.09567397966101018
Kepler-571 b,Kepler-571,2016,Transit,4.798599388,2.64,0.32,-0.17,5527.0,0.9,0.12121212121212122
HR 858 b,HR 858,2019,Transit,3.585287,2.004,0.045,-0.047,6354.0,1.258,0.023453093812375248
Kepler-941 b,Kepler-941,2016,Transit,17.42395198,3.08,0.35,-0.61,5539.0,0.86,0.19805194805194803
Kepler-709 b,Kepler-709,2016,Transit,16.08524954,2.92,0.18,-0.19,5071.0,0.77,0.06506849315068493
Kepler-306 b,Kepler-306,2014,Transit,4.646186,1.52,0.1,-0.1,4954.0,0.719,0.06578947368421052
K2-416 b,K2-416,2023,Transit,13.102,2.66,0.19,-0.14,3746.0,0.554,0.07142857142857142
Kepler-711 b,Kepler-711,2016,Transit,23.58914398,3.41,0.34,-0.63,5222.0,0.8,0.18475073313782991
TRAPPIST-1 b,TRAPPIST-1,2016,Transit,1.510826,1.116,0.014,-0.012,2566.0,0.1192,0.012544802867383511
Kepler-1164 b,Kepler-1164,2016,Transit,3.97599768,1.12,0.04,-0.07,5183.0,0.79,0.0625
Kepler-484 b,Kepler-484,2016,Transit,10.045569313,2.28,0.07,-0.05,5668.0,0.87,0.030701754385964918
Kepler-142 c,Kepler-142,2014,Transit,4.761702,2.86,0.55,-0.55,5790.0,1.269,0.19230769230769232
K2-138 c,K2-138,2017,Transit,3.56004,2.299,0.12,-0.087,5356.3,0.863,0.05219660722053066
Kepler-629 b,Kepler-629,2016,Transit,7.2385854,1.38,0.06,-0.04,5444.0,0.84,0.043478260869565216
Kepler-11 b,Kepler-11,2010,Transit,10.3039,1.8,0.03,-0.05,5663.0,1.065,0.02777777777777778
Kepler-652 b,Kepler-652,2016,Transit,4.182002531,2.49,0.06,-0.05,5490.0,0.88,0.024096385542168672
TOI-663 c,TOI-663,2024,Transit,4.6955507,2.26,0.1,-0.1,3681.0,0.512,0.044247787610619475
TOI-1064 c,TOI-1064,2022,Transit,12.226574,2.651,0.043,-0.042,4734.0,0.726,0.016220294228592985
HD 158259 b,HD 158259,2020,Radial Velocity,2.178,1.28228,0.0665152,-0.0665152,5801.89,1.21,0.05187260192781607
Kepler-62 b,Kepler-62,2013,Transit,5.714932,1.31,0.04,-0.04,4925.0,0.64,0.030534351145038167
HD 21520 b,HD 21520,2024,Transit,25.1292,2.697,0.09,-0.09,5871.0,1.044,0.03337041156840934
Kepler-49 b,Kepler-49,2012,Transit,7.2,2.579,0.087,-0.086,4095.6,0.618,0.03373400542846064
Kepler-115 c,Kepler-115,2014,Transit,8.990889,2.6,0.5,-0.5,5979.0,1.205,0.1923076923076923
Kepler-79 b,Kepler-79,2012,Transit,13.48451,3.51,0.1,-0.1,6389.0,1.316,0.028490028490028494
Kepler-777 b,Kepler-777,2016,Transit,5.72812599,1.47,0.08,-0.08,4043.0,0.56,0.054421768707483
TOI-2120 b,TOI-2120,2024,Transit,5.7998164,2.122,0.065,-0.065,3131.0,0.245,0.030631479736098022
TOI-913 b,TOI-913,2023,Transit,11.098644,2.4528,0.1269,-0.1009,4969.0,0.7325,0.05173679060665363
Kepler-1257 b,Kepler-1257,2016,Transit,2.668313762,1.52,0.18,-0.12,5502.0,0.87,0.11842105263157894
Kepler-100 c,Kepler-100,2014,Transit,12.8159,2.2,0.05,-0.05,5825.0,1.49,0.022727272727272728
K2-62 c,K2-62,2016,Transit,16.19697,1.99,0.19,-0.07,4455.0,0.696,0.09547738693467336
K2-377 b,K2-377,2022,Transit,12.832235,1.693,0.146,-0.132,4200.0,0.691,0.08623744831659774
Kepler-11 f,Kepler-11,2010,Transit,46.6888,2.49,0.04,-0.07,5663.0,1.065,0.028112449799196786
Kepler-1007 b,Kepler-1007,2016,Transit,5.185002073,1.44,0.07,-0.07,4587.0,0.7,0.04861111111111112
Kepler-659 b,Kepler-659,2016,Transit,17.671796,2.5,0.33,-0.23,4870.0,0.74,0.132
Kepler-305 d,Kepler-305,2014,Transit,16.74,2.76,0.12,-0.12,5090.0,0.792,0.043478260869565216
K2-152 b,K2-152,2018,Transit,32.6479,2.29,0.25,-0.24,4044.0,0.61,0.1091703056768559
K2-75 b,K2-75,2016,Transit,7.8142,2.67,0.32,-0.32,5995.0,1.56,0.1198501872659176
Kepler-218 c,Kepler-218,2014,Transit,44.699576,3.14,0.26,-0.26,5502.0,1.063,0.08280254777070063
TOI-2094 b,TOI-2094,2026,Transit,18.793193,1.9,0.1,-0.1,3435.0,0.384,0.052631578947368425
EPIC 206317286 c,EPIC 206317286,2022,Transit,17.515472,2.094,0.176,-0.16,4752.0,0.758,0.08404966571155682
TOI-1743 b,TOI-1743,2025,Transit,4.266046,1.83,0.11,-0.1,3277.0,0.338,0.060109289617486336
K2-136 b,K2-136,2017,Transit,7.97525,1.014,0.05,-0.049,4500.0,0.677,0.04930966469428008
Kepler-1986 b,Kepler-1986,2023,Transit,19.5489666,1.89,0.35,-0.15,5549.0,0.732,0.18518518518518517
Kepler-114 c,Kepler-114,2013,Transit,8.041,1.6,0.18,-0.18,4660.0,0.54,0.11249999999999999
Kepler-20 c,Kepler-20,2011,Transit,10.8540774,2.894,0.036,-0.033,5495.0,0.9164,0.012439530062197649
Kepler-934 b,Kepler-934,2016,Transit,55.6738309,2.09,0.15,-0.11,5001.0,0.77,0.07177033492822966
Kepler-946 b,Kepler-946,2016,Transit,11.79162572,1.93,0.32,-0.2,5665.0,0.93,0.16580310880829016
Kepler-1448 b,Kepler-1448,2016,Transit,12.27065865,1.61,0.21,-0.16,5774.0,0.93,0.13043478260869565
K2-43 c,K2-43,2019,Transit,2.198884,2.42,0.26,-0.11,3840.6,0.542,0.10743801652892562
K2-100 b,K2-100,2016,Transit,1.6739035,3.88,0.16,-0.16,5945.0,1.24,0.041237113402061855
K2-373 b,K2-373,2022,Transit,11.02066,2.061,0.147,-0.14,6138.0,1.486,0.07132459970887918
K2-80 b,K2-80,2016,Transit,19.0918,2.01,0.3,-0.3,5441.0,0.87,0.1492537313432836
Kepler-760 c,Kepler-760,2016,Transit,2.46697439,1.48,0.12,-0.09,5322.0,0.85,0.08108108108108109
Kepler-463 b,Kepler-463,2016,Transit,8.981016833,3.05,0.43,-0.3,5661.0,0.9,0.14098360655737704
Kepler-186 d,Kepler-186,2014,Transit,13.342996,1.4,0.16,-0.16,3788.0,0.472,0.1142857142857143
K2-4 b,K2-4,2015,Transit,10.003417,2.1,0.2,-0.19,4014.73,0.569359,0.09523809523809523
Kepler-446 d,Kepler-446,2015,Transit,5.148921,1.35,0.22,-0.22,3359.0,0.24,0.16296296296296295
TOI-2015 b,TOI-2015,2023,Transit,3.348237,3.309,0.013,-0.011,3297.0,0.3273,0.003928679359323058
TOI-411 c,HD 22946,2022,Transit,9.573083,2.328,0.038,-0.039,6169.0,1.117,0.01675257731958763
KOI-1599.01,KOI-1599,2019,Transit,20.4415,1.9,0.3,-0.3,5833.0,0.972,0.15789473684210525
TOI-5799 c,TOI-5799,2025,Transit,14.010449,1.76,0.11,-0.1,3452.0,0.321,0.0625
TOI-1750 b,TOI-1750,2026,Transit,11.33727129656,2.78943837,0.34420606,-0.24425703,4683.75,0.768675,0.12339618745546975
Kepler-187 c,Kepler-187,2014,Transit,10.640263,2.67,0.52,-0.52,6105.0,1.287,0.1947565543071161
TOI-5082.01,TOI-5082,2024,Transit,4.240122,2.54811,0.129562,-0.129562,5670.0,0.93,0.05084631354219402
Kepler-364 c,Kepler-364,2014,Transit,59.980627,2.15,0.42,-0.42,6108.0,1.284,0.19534883720930232
Kepler-361 b,Kepler-361,2014,Transit,8.486616,1.45,0.28,-0.28,6169.0,1.343,0.1931034482758621
Kepler-1042 b,Kepler-1042,2016,Transit,10.13202575,2.19,0.11,-0.16,4815.0,0.72,0.07305936073059362
TOI-1260 d,TOI-1260,2022,Transit,16.608164,3.12,0.08,-0.08,4227.0,0.672,0.02564102564102564
Kepler-1343 b,Kepler-1343,2016,Transit,3.35183158,1.93,0.25,-0.19,5759.0,0.93,0.1295336787564767
Kepler-847 b,Kepler-847,2016,Transit,2.343231895,1.18,0.09,-0.05,4940.0,0.77,0.07627118644067797
Kepler-742 b,Kepler-742,2016,Transit,8.360868238,3.24,0.11,-0.17,4642.0,0.71,0.05246913580246913
Kepler-936 b,Kepler-936,2016,Transit,10.56134221,1.45,0.2,-0.1,5482.0,0.89,0.13793103448275862
TOI-6080 b,TOI-6080,2026,Transit,8.05562348084,3.32424168,0.51660099,-0.35570788,5775.46,1.06221,0.1554041612281331
TOI-1301.01,TOI-1301,2024,Transit,6.096407209,2.477,0.196,-0.177,4820.0,0.732,0.07912797739200647
K2-208 b,K2-208,2018,Transit,4.19097,1.67462172,0.12329879,-0.09191364,5500.0,0.872,0.07362784593525994
Kepler-1497 b,Kepler-1497,2016,Transit,8.74199772,1.66,0.29,-0.16,5675.0,0.95,0.1746987951807229
K2-402 b,K2-402,2022,Transit,17.27474,2.678,0.213,-0.195,5716.0,1.28,0.07953696788648244
Kepler-981 b,Kepler-981,2016,Transit,4.469757736,2.31,0.3,-0.18,5718.0,0.96,0.12987012987012986
K2-111 b,K2-111,2017,Transit,5.3518963,1.837,0.076,-0.071,5775.0,1.25,0.04137180185084377
TOI-544 b,TOI-544,2022,Transit,1.548352,2.018,0.076,-0.076,4169.0,0.623,0.03766105054509416
Kepler-726 b,Kepler-726,2016,Transit,21.80451088,3.26,0.32,-0.35,5452.0,0.85,0.10736196319018405
K2-345 b,K2-345,2021,Transit,10.367437,2.11,0.2,-0.09,3779.0,0.52,0.09478672985781991
Kepler-594 b,Kepler-594,2016,Transit,13.64618192,2.18,0.22,-0.15,5485.0,0.87,0.10091743119266054
Kepler-803 b,Kepler-803,2016,Transit,50.28638192,3.79,0.55,-0.38,5919.0,1.12,0.14511873350923485
TIC 445839811 b,TIC 445839811,2026,Transit,11.1086260318,2.47771211,0.3970467,-0.37972982,5408.25,0.850041,0.1602473097651365
Kepler-225 c,Kepler-225,2014,Transit,18.794234,1.84,0.1,-0.1,3682.0,0.48,0.05434782608695652
Kepler-1215 b,Kepler-1215,2016,Transit,4.76703963,1.22,0.18,-0.12,5616.0,0.93,0.14754098360655737
Kepler-83 c,Kepler-83,2012,Transit,20.09,2.36,0.35,-0.35,4082.0,0.61,0.1483050847457627
Kepler-321 b,Kepler-321,2014,Transit,4.915379,1.77,0.34,-0.34,5740.0,1.194,0.192090395480226
K2-212 b,K2-212,2018,Transit,9.795647,2.65,0.2,-0.18,4349.0,0.678,0.07547169811320756
Kepler-367 c,Kepler-367,2014,Transit,53.578637,1.2,0.16,-0.16,4710.0,0.695,0.13333333333333333
Kepler-176 e,Kepler-176,2016,Transit,51.16579,1.45,0.12,-0.15,5295.0,0.83,0.10344827586206896
Kepler-865 b,Kepler-865,2016,Transit,14.16399294,2.49,0.49,-0.24,5570.0,0.92,0.1967871485943775
TOI-763 c,TOI-763,2020,Transit,12.2737,2.63,0.12,-0.12,5450.0,0.897,0.045627376425855515
HD 108236 c,HD 108236,2020,Transit,6.203449,2.071,0.052,-0.052,5660.0,0.877,0.025108643167551903
Kepler-312 c,Kepler-312,2014,Transit,19.747412,3.15,0.61,-0.61,6115.0,1.467,0.19365079365079366
Kepler-744 b,Kepler-744,2016,Transit,12.06222443,1.62,0.12,-0.09,5594.0,0.93,0.07407407407407407
K2-48 b,K2-48,2016,Transit,20.5065,2.24,0.24,-0.24,4899.0,0.73,0.10714285714285712
Kepler-1282 b,Kepler-1282,2016,Transit,2.131946513,1.55,0.21,-0.11,5504.0,0.89,0.13548387096774192
Kepler-1595 b,Kepler-1595,2016,Transit,4.56380468,1.23,0.09,-0.1,5203.0,0.8,0.0813008130081301
Kepler-1479 b,Kepler-1479,2016,Transit,14.53261362,1.83,0.3,-0.16,5796.0,0.98,0.16393442622950818
Kepler-157 d,Kepler-157,2016,Transit,7.02573474,1.46,0.16,-0.1,5866.0,1.03,0.10958904109589042
Kepler-1418 b,Kepler-1418,2016,Transit,22.4764425,1.66,0.08,-0.14,4770.0,0.72,0.08433734939759037
Kepler-661 b,Kepler-661,2016,Transit,6.029301321,3.07,0.12,-0.21,4483.0,0.67,0.06840390879478828
K2-35 b,K2-35,2016,Transit,2.399964,1.32,0.08,-0.08,4402.71,0.619575,0.06060606060606061
TOI-5489 b,TOI-5489,2025,Transit,3.15222,1.4,0.05,-0.05,3547.0,0.42,0.03571428571428572
Kepler-96 b,Kepler-96,2014,Transit,16.2385,2.67,0.22,-0.22,5690.0,1.02,0.08239700374531836
Kepler-1104 b,Kepler-1104,2016,Transit,5.03728015,1.23,0.14,-0.1,6417.0,1.41,0.11382113821138212
Kepler-525 b,Kepler-525,2016,Transit,18.68404933,2.63,0.38,-0.52,5573.0,1.15,0.19771863117870725
Kepler-1168 b,Kepler-1168,2016,Transit,55.8226539,2.5,0.18,-0.13,5157.0,0.82,0.072
TOI-5624 c,TOI-5624,2026,Transit,7.885385,2.474,0.042,-0.042,5327.0,0.82,0.016976556184316895
K2-369 b,K2-369,2022,Transit,5.761612,1.313,0.101,-0.095,5682.0,0.881,0.07692307692307693
TOI-663 b,TOI-663,2024,Transit,2.598902,2.27,0.1,-0.09,3681.0,0.512,0.04405286343612335
Kepler-1424 b,Kepler-1424,2016,Transit,29.6091744,1.16,0.16,-0.12,5838.0,1.07,0.13793103448275865
Kepler-1642 c,Kepler-1642,2016,Transit,6.6513802,2.66,0.29,-0.21,5355.0,0.84,0.10902255639097742
Kepler-1534 b,Kepler-1534,2016,Transit,5.71668872,1.89,0.22,-0.15,5442.0,0.86,0.11640211640211641
LP 890-9 b,LP 890-9,2022,Transit,2.7299025,1.32,0.053,-0.027,2850.0,0.1556,0.040151515151515146
Kepler-343 c,Kepler-343,2014,Transit,23.22182,2.02,0.38,-0.38,5807.0,1.433,0.18811881188118812
Kepler-304 e,Kepler-304,2016,Transit,1.499146953,1.2,0.06,-0.03,4817.0,0.73,0.05
Kepler-1526 b,Kepler-1526,2016,Transit,3.908632005,2.43,0.09,-0.39,4601.0,0.69,0.16049382716049382
Kepler-526 b,Kepler-526,2016,Transit,5.458498316,1.99,0.16,-0.17,5894.0,1.14,0.08542713567839197
Kepler-541 b,Kepler-541,2016,Transit,5.08005848,3.36,0.58,-0.56,6166.0,2.06,0.17261904761904762
TOI-1230.01,TOI-1230,2021,Transit,25.05713123288,3.23968384,0.20000492,-0.20000492,5696.0,1.15281,0.061735937788299736
TIC 62895484 b,TIC 62895484,2026,Transit,2.83985434327,3.49391667,0.34644116,-0.29602076,5520.79,0.874291,0.09915553023192165
EPIC 249893012 c,EPIC 249893012,2020,Transit,15.624,3.67,0.17,-0.14,5430.0,1.71,0.04632152588555859
Kepler-313 c,Kepler-313,2014,Transit,32.273273,2.57,0.42,-0.42,5727.0,1.536,0.16342412451361868
TOI-712 c,TOI-712,2022,Transit,51.69906,2.701,0.092,-0.082,4622.0,0.674,0.034061458718992965
Kepler-84 e,Kepler-84,2014,Transit,27.434389,2.6,0.49,-0.49,6031.0,1.169,0.18846153846153846
Kepler-1011 b,Kepler-1011,2016,Transit,5.753221974,2.87,0.29,-0.44,5416.0,0.88,0.15331010452961671
HD 137496 b,HD 137496,2021,Transit,1.62116,1.31,0.06,-0.05,5799.0,1.59,0.045801526717557245
Kepler-49 c,Kepler-49,2012,Transit,10.91,2.444,0.083,-0.082,4095.6,0.618,0.033960720130932896
Kepler-126 c,Kepler-126,2014,Transit,21.869741,1.58,0.13,-0.13,6239.0,1.358,0.08227848101265822
TOI-2048 b,TOI-2048,2022,Transit,13.79019,2.61,0.17,-0.16,5185.0,0.79,0.06513409961685825
Kepler-641 b,Kepler-641,2016,Transit,9.48961571,1.85,0.31,-0.25,5713.0,1.13,0.16756756756756755
Kepler-217 c,Kepler-217,2014,Transit,8.586004,1.85,0.27,-0.27,6171.0,1.799,0.14594594594594595
Kepler-235 d,Kepler-235,2014,Transit,20.060548,2.05,0.1,-0.1,4255.0,0.554,0.04878048780487806
Kepler-868 b,Kepler-868,2016,Transit,5.03251791,2.05,0.2,-0.17,5614.0,0.89,0.09756097560975611
K2-384 c,K2-384,2022,Transit,4.194766,1.191,0.053,-0.075,3623.0,0.348,0.06297229219143577
Kepler-551 b,Kepler-551,2016,Transit,12.3764661,2.73,0.25,-0.15,4286.0,0.63,0.09157509157509157
Kepler-776 b,Kepler-776,2016,Transit,4.89718784,1.28,0.11,-0.07,5071.0,0.78,0.0859375
TOI-712 b,TOI-712,2022,Transit,9.531361,2.049,0.012,-0.08,4622.0,0.674,0.03904343582235237
K2-352 b,K2-352,2021,Transit,3.665912,1.37,0.1,-0.07,5791.0,0.95,0.072992700729927
Kepler-1413 b,Kepler-1413,2016,Transit,13.1829642,1.82,0.16,-0.15,5196.0,0.8,0.0879120879120879
Kepler-465 b,Kepler-465,2016,Transit,9.940672466,2.95,0.25,-0.16,6310.0,1.29,0.0847457627118644
Kepler-953 c,Kepler-953,2016,Transit,9.10967112,1.19,0.11,-0.09,5416.0,0.99,0.09243697478991597
Wolf 503 b,Wolf 503,2018,Transit,6.00127,2.043,0.069,-0.069,4716.0,0.689,0.033773861967694566
Kepler-1009 b,Kepler-1009,2016,Transit,11.35011917,2.17,0.27,-0.24,4027.0,0.57,0.12442396313364057
Kepler-1420 b,Kepler-1420,2016,Transit,6.69960006,1.28,0.14,-0.12,5187.0,0.79,0.10937500000000001
TOI-1696 b,TOI-1696,2022,Transit,2.500311,3.09,0.11,-0.11,3185.0,0.2775,0.03559870550161812
Kepler-1514 c,Kepler-1514,2020,Transit,10.514181,1.1758241,0.0571659,-0.0437151,6145.0,1.289,0.04861773117254528
Kepler-79 e,Kepler-79,2014,Transit,81.0665,3.53,0.16,-0.16,6389.0,1.316,0.0453257790368272
Kepler-235 c,Kepler-235,2014,Transit,7.824904,1.28,0.08,-0.08,4255.0,0.554,0.0625
Kepler-20 d,Kepler-20,2011,Transit,77.611455,2.606,0.053,-0.039,5495.0,0.9164,0.020337682271680736
K2-165 c,K2-165,2018,Transit,4.382745,1.55409035,0.20925649,-0.11010438,5185.0,0.803827,0.13464885744898936
TOI-904 b,TOI-904,2023,Transit,10.8772,2.426,0.163,-0.152,3770.2,0.527,0.06718878812860676
TOI-1130 b,TOI-1130,2020,Transit,4.074554,3.66,0.03,-0.04,4360.0,0.697,0.01092896174863388
Kepler-947 b,Kepler-947,2016,Transit,26.9644317,2.28,0.23,-0.23,5508.0,0.87,0.10087719298245615
TOI-4561 b,TOI-4561,2026,Transit,8.93547936706,1.77789214,0.26732078,-0.19848508,5537.93,0.851957,0.1503582663906709
TOI-1246 c,TOI-1246,2022,Transit,5.904137,2.45109846,0.13824169,-0.08751012,5213.0,0.8649,0.0563998926424196
Kepler-689 b,Kepler-689,2016,Transit,22.36656079,2.89,0.35,-0.23,5518.0,0.88,0.12110726643598614
Kepler-271 b,Kepler-271,2014,Transit,10.43547805,1.23,0.08,-0.07,5555.0,0.87,0.06504065040650407
K2-175 b,K2-175,2018,Transit,9.525988,2.03803688,0.35536293,-0.27066826,5909.0,1.420038,0.1743653088358244
K2-21 c,K2-21,2015,Transit,15.50192,2.49,0.17,-0.19,4222.06,0.646783,0.07630522088353413
Kepler-1205 b,Kepler-1205,2016,Transit,1.078390352,1.41,0.1,-0.09,5226.0,0.81,0.07092198581560284
Kepler-336 c,Kepler-336,2014,Transit,9.600001,2.1,0.37,-0.37,5867.0,1.304,0.17619047619047618
Kepler-252 b,Kepler-252,2014,Transit,6.668391,1.23,0.12,-0.12,4208.0,0.549,0.0975609756097561
EPIC 201841433 b,EPIC 201841433,2019,Transit,4.1698,1.04,0.037,-0.032,5053.0,0.628461,0.035576923076923075
Kepler-65 d,Kepler-65,2012,Transit,8.13123,1.52,0.04,-0.04,6211.0,1.41,0.02631578947368421
Kepler-201 b,Kepler-201,2014,Transit,25.672083,2.46,0.48,-0.48,6065.0,1.229,0.1951219512195122
Kepler-800 b,Kepler-800,2016,Transit,14.13176026,2.85,0.34,-0.26,5315.0,0.82,0.1192982456140351
Kepler-137 c,Kepler-137,2014,Transit,18.735753,1.88,0.14,-0.14,5187.0,0.802,0.07446808510638299
TOI-782 b,TOI-782,2024,Transit,8.0240015,2.734,0.085,-0.085,3370.0,0.413,0.03108997805413314
HD 110067 d,HD 110067,2023,Transit,20.519617,2.852,0.039,-0.039,5266.0,0.788,0.013674614305750352
Kepler-333 c,Kepler-333,2014,Transit,24.08821,1.11,0.2,-0.2,4259.0,0.534,0.18018018018018017
Kepler-203 c,Kepler-203,2014,Transit,5.370647,2.47,0.47,-0.47,5821.0,1.114,0.19028340080971656
TOI-1203.01,TOI-1203,2021,Transit,25.502672,2.918,0.046,-0.045,5737.0,1.179,0.015764222069910898
Kepler-238 d,Kepler-238,2014,Transit,13.233549,3.07,0.57,-0.57,5751.0,1.43,0.18566775244299674
Kepler-221 b,Kepler-221,2014,Transit,2.795906,1.71,0.17,-0.17,5243.0,0.821,0.09941520467836258
HD 28109 d,HD 28109,2022,Transit,84.2899,3.11,0.15,-0.15,6189.0,1.425,0.04823151125401929
Kepler-716 b,Kepler-716,2016,Transit,10.37168453,2.9,0.35,-0.17,5099.0,0.78,0.12068965517241378
K2-66 b,K2-66,2016,Transit,5.06963,2.49,0.34,-0.24,5887.0,1.67,0.13654618473895583
TOI-1691 b,TOI-1691,2024,Transit,16.736888935,3.66,0.236,-0.207,5759.0,1.0,0.06448087431693988
K2-230 b,K2-230,2018,Transit,2.86041,1.96,0.18,-0.16,5945.0,1.39,0.09183673469387756
Kepler-1026 b,Kepler-1026,2016,Transit,36.5156053,2.21,0.33,-0.15,4948.0,0.75,0.1493212669683258
Kepler-445 b,Kepler-445,2015,Transit,2.984151,1.58,0.23,-0.23,3157.0,0.21,0.14556962025316456
K2-117 b,K2-117,2017,Transit,1.2916,2.03,0.1,-0.1,3778.0,0.51,0.049261083743842374
Kepler-138 d,Kepler-138,2014,Transit,23.0923,1.51,0.04,-0.04,3841.0,0.535,0.026490066225165563
TIC 437041147 b,TIC 437041147,2026,Transit,3.82301421497,2.21526814,0.32466894,-0.29917369,5224.36,0.961092,0.14655965755910705
Kepler-33 c,Kepler-33,2011,Transit,13.17562,3.2,0.3,-0.3,5904.0,1.82,0.09374999999999999
Kepler-583 b,Kepler-583,2016,Transit,6.5100253,2.28,0.29,-0.15,5523.0,0.91,0.12719298245614036
Kepler-1649 c,Kepler-1649,2020,Transit,19.53527,1.06,0.15,-0.1,3240.0,0.2317,0.14150943396226415
Kepler-1167 b,Kepler-1167,2016,Transit,1.003933739,1.71,0.12,-0.12,4971.0,0.75,0.07017543859649122
Kepler-216 b,Kepler-216,2014,Transit,7.693641,2.35,0.46,-0.46,6091.0,1.26,0.19574468085106383
TOI-2768 b,TOI-2768,2024,Transit,1.50801,2.63,0.45,-0.44,4008.0,0.657,0.1711026615969582
Kepler-296 d,Kepler-296,2014,Transit,19.850291,2.09,0.33,-0.32,3740.0,0.48,0.15789473684210528
Kepler-278 b,Kepler-278,2014,Transit,30.1556,3.955,0.08,-0.08,4965.0,2.861,0.020227560050568902
Kepler-615 b,Kepler-615,2016,Transit,10.35584657,1.74,0.09,-0.1,4655.0,0.69,0.0574712643678161
K2-268 e,K2-268,2021,Transit,6.131243,1.33,0.11,-0.08,5106.0,0.78,0.08270676691729323
Kepler-1254 d,Kepler-1254,2016,Transit,5.72717226,1.31,0.09,-0.11,4985.0,0.75,0.08396946564885496
Kepler-752 b,Kepler-752,2016,Transit,18.82747265,2.81,0.26,-0.21,5373.0,0.83,0.09252669039145908
TOI-4504 b,TOI-4504,2024,Transit,2.42614,2.691,0.191,-0.191,5315.0,0.92,0.07097733184689707
Kepler-1064 b,Kepler-1064,2016,Transit,16.54080322,1.55,0.07,-0.05,5153.0,0.79,0.04516129032258065
K2-366 b,K2-366,2022,Transit,15.937039,2.359,0.187,-0.167,5601.0,0.94,0.07927087749046206
Kepler-208 b,Kepler-208,2014,Transit,4.22864,1.63,0.3,-0.3,6092.0,1.314,0.18404907975460122
Kepler-1146 b,Kepler-1146,2016,Transit,2.352265797,1.23,0.1,-0.08,4692.0,0.7,0.0813008130081301
Kepler-1643 b,Kepler-1643,2016,Transit,5.342657,2.32,0.13,-0.13,4916.0,0.855,0.0560344827586207
TOI-5799 b,TOI-5799,2024,Transit,4.164507,1.733,0.096,-0.09,3452.0,0.321,0.05539526832083093
Kepler-1276 b,Kepler-1276,2016,Transit,12.5720095,1.19,0.2,-0.11,6188.0,1.21,0.16806722689075632
Kepler-1410 b,Kepler-1410,2016,Transit,60.866168,1.78,0.12,-0.14,4092.0,0.6,0.07865168539325844
TIC 423703298 b,TIC 423703298,2026,Transit,4.03712711976,2.77230429,0.34462473,-0.29893732,4540.37,0.729825,0.1243098498397519
Kepler-304 d,Kepler-304,2014,Transit,9.653471,2.75,0.21,-0.21,4731.0,0.687,0.07636363636363636
K2-110 b,K2-110,2017,Transit,13.86375,2.592,0.098,-0.097,5010.0,0.713,0.03780864197530864
K2-32 d,K2-32,2016,Transit,31.71701,3.484,0.112,-0.129,5271.0,0.86,0.037026406429391506
Kepler-1101 b,Kepler-1101,2016,Transit,81.3151059,2.47,0.37,-0.21,5614.0,0.91,0.14979757085020243
Kepler-1110 b,Kepler-1110,2016,Transit,9.69312032,2.66,0.38,-0.26,4781.0,0.7,0.14285714285714285
K2-407 c,K2-407,2022,Transit,9.22453,1.36,0.096,-0.088,5563.0,0.927,0.07058823529411765
Kepler-334 d,Kepler-334,2014,Transit,25.09849,1.41,0.26,-0.26,5828.0,1.068,0.1843971631205674
TOI-1470 b,TOI-1470,2023,Transit,2.527093,2.18,0.04,-0.04,3709.0,0.469,0.018348623853211007
TOI-4342 c,TOI-4342,2023,Transit,10.688662,2.349,0.094,-0.092,3866.0,0.598,0.040017028522775645
K2-3 b,K2-3,2015,Transit,10.0546535,2.078,0.076,-0.067,3844.0,0.546,0.03657362848893167
Kepler-208 d,Kepler-208,2014,Transit,11.131786,1.2,0.23,-0.23,6092.0,1.314,0.19166666666666668
Kepler-1129 c,Kepler-1129,2016,Transit,76.5369586,2.73,0.46,-0.27,5831.0,1.0,0.1684981684981685
Kepler-1553 b,Kepler-1553,2016,Transit,4.24261881,1.15,0.1,-0.09,5288.0,0.81,0.08695652173913045
Kepler-1374 b,Kepler-1374,2016,Transit,10.65276707,2.29,0.2,-0.18,5323.0,0.81,0.08733624454148473
Kepler-655 b,Kepler-655,2016,Transit,46.4063358,2.71,0.41,-0.27,6170.0,1.24,0.15129151291512916
Kepler-1461 b,Kepler-1461,2016,Transit,29.3494775,2.03,0.09,-0.16,4919.0,0.74,0.0788177339901478
Kepler-252 c,Kepler-252,2014,Transit,10.848463,2.15,0.13,-0.13,4208.0,0.549,0.060465116279069774
Kepler-958 b,Kepler-958,2016,Transit,9.7678805,2.06,0.1,-0.08,5421.0,0.86,0.04854368932038835
K2-384 f,K2-384,2022,Transit,13.62749,2.222,0.091,-0.082,3623.0,0.348,0.04095409540954095
Kepler-202 b,Kepler-202,2014,Transit,4.069427,1.63,0.1,-0.1,4668.0,0.667,0.06134969325153375
TIC 349520724 b,TIC 349520724,2026,Transit,7.94044635021,2.82626313,0.431678,-0.2920587,5098.6,0.818771,0.15273807856666197
TOI-1346 c,TOI-1346,2025,Transit,5.502558,2.23,0.14,-0.14,5099.0,0.78,0.06278026905829596
K2-187 c,K2-187,2018,Transit,2.871512,1.4,0.2,-0.2,5438.0,0.83,0.14285714285714288
TOI-198 b,TOI-198,2023,Transit,10.215213,1.36,0.13,-0.13,3801.0,0.418,0.09558823529411764
Kepler-963 b,Kepler-963,2016,Transit,9.97683705,2.66,0.3,-0.19,5461.0,0.87,0.11278195488721804
Kepler-846 b,Kepler-846,2016,Transit,19.80792185,2.48,0.32,-0.18,5579.0,0.91,0.12903225806451613
K2-36 b,K2-36,2016,Transit,1.422614,1.43,0.08,-0.08,4916.0,0.718,0.05594405594405595
K2-331 c,K2-331,2021,Transit,22.996591,2.72,0.14,-0.1,5994.0,1.06,0.05147058823529412
K2-268 b,K2-268,2018,Transit,2.151676,1.5,0.12,-0.07,5106.0,0.78,0.08
K2-102 b,K2-102,2016,Transit,9.915615,1.3,0.1,-0.1,4695.0,0.71,0.07692307692307693
Kepler-331 c,Kepler-331,2014,Transit,17.28111,1.84,0.19,-0.19,4347.0,0.492,0.10326086956521739
K2-404 b,K2-404,2022,Transit,13.115365,2.53,0.084,-0.083,3748.0,0.552,0.03320158102766799
Kepler-303 c,Kepler-303,2014,Transit,7.061149,1.14,0.09,-0.09,3944.0,0.485,0.07894736842105264
HD 56414 b,HD 56414,2022,Transit,29.04992,3.71,0.2,-0.2,8500.0,1.751,0.05390835579514825
Kepler-1388 b,Kepler-1388,2016,Transit,12.2854603,2.59,0.13,-0.14,4098.0,0.61,0.054054054054054064
Kepler-92 c,Kepler-92,2013,Transit,26.723,2.6,0.08,-0.08,5883.0,1.7,0.030769230769230767
TOI-2093 c,TOI-2093,2025,Transit,53.81149,2.3,0.12,-0.12,4426.0,0.729,0.052173913043478265
TOI-715 b,TOI-715,2023,Transit,19.288004,1.55,0.064,-0.064,3075.0,0.24,0.04129032258064516
TOI-1266 b,TOI-1266,2020,Transit,10.8945,2.52,0.08,-0.08,3563.0,0.4232,0.031746031746031744
K2-217 b,K2-217,2018,Transit,14.074524,3.57854073,0.69817052,-0.48514712,5967.0,1.333718,0.1950992241465979
K2-275 c,K2-275,2018,Transit,8.4388385,2.21,0.08,-0.06,4841.0,0.69,0.03619909502262444
Kepler-968 b,Kepler-968,2016,Transit,3.692983728,2.0,0.08,-0.08,4598.0,0.7,0.04
TOI-1756 b,TOI-1756,2026,Transit,2.78301736297,1.94225664,0.34679104,-0.20376951,3891.86,0.562607,0.17855057506715485
HD 93963 A b,HD 93963 A,2022,Transit,1.0376109,1.46954368,0.07347231,-0.06596084,5908.0,1.0311,0.049996683324173126
Kepler-1669 d,Kepler-1669,2023,Transit,4.72941177,1.22,0.05,-0.06,4224.0,0.603,0.04918032786885246
Kepler-993 b,Kepler-993,2016,Transit,22.08557563,2.97,0.18,-0.12,3843.0,0.54,0.0606060606060606
EPIC 212737443 b,EPIC 212737443,2019,Transit,13.603,2.586,0.126,-0.126,4684.0,0.673,0.04872389791183295
K2-270 c,K2-270,2018,Transit,4.400028,2.95,0.16,-0.16,4877.0,0.77,0.05423728813559322
Kepler-48 b,Kepler-48,2012,Transit,4.778,1.88,0.1,-0.1,5194.0,0.89,0.053191489361702135
HD 106315 b,HD 106315,2017,Transit,9.55237,2.44,0.17,-0.17,6327.0,1.296,0.06967213114754099
Kepler-763 d,Kepler-763,2023,Transit,6.50327035,1.67,0.08,-0.12,4999.0,0.843,0.0718562874251497
Kepler-1134 b,Kepler-1134,2016,Transit,17.13263989,2.64,0.21,-0.26,5281.0,0.81,0.09848484848484848
TOI-4308 b,TOI-4308,2023,Transit,9.151201,2.4189,0.1195,-0.1333,5243.0,0.7934,0.05510769357972633
Kepler-211 c,Kepler-211,2014,Transit,6.04045,1.29,0.09,-0.09,5123.0,0.816,0.06976744186046512
Kepler-567 b,Kepler-567,2016,Transit,16.54297375,2.25,0.15,-0.12,5148.0,0.79,0.06666666666666667
Kepler-24 b,Kepler-24,2011,Transit,8.14,2.348,0.092,-0.091,6028.0,1.099,0.039182282793867124
Kepler-161 b,Kepler-161,2014,Transit,4.921355,2.12,0.14,-0.14,5078.0,0.806,0.0660377358490566
K2-225 b,K2-225,2018,Transit,15.8723,3.60929179,0.28022452,-0.22417961,5520.0,1.7,0.07763975214650073
Kepler-24 c,Kepler-24,2011,Transit,12.33,2.514,0.098,-0.098,6028.0,1.099,0.038981702466189344
Kepler-1254 b,Kepler-1254,2016,Transit,9.99113313,1.55,0.09,-0.12,4985.0,0.75,0.07741935483870967
K2-198 d,K2-198,2019,Transit,7.4500177,2.438,0.13,-0.056,5212.9,0.757,0.05332239540607055
Kepler-170 c,Kepler-170,2014,Transit,16.665863,2.86,0.17,-0.17,5679.0,1.035,0.05944055944055945
Kepler-640 b,Kepler-640,2016,Transit,22.24813967,2.56,0.08,-0.22,5653.0,0.94,0.0859375
Kepler-1045 b,Kepler-1045,2016,Transit,26.41045478,2.69,0.21,-0.16,5301.0,0.82,0.07806691449814127
TOI-2227 b,TOI-2227,2026,Transit,4.22175815648,3.09885187,0.25572292,-0.23281105,5889.54,1.20847,0.0825218276729052
Kepler-50 b,Kepler-50,2012,Transit,7.81254,1.71,0.05,-0.1,6225.0,1.58,0.058479532163742694
Kepler-1128 b,Kepler-1128,2016,Transit,61.6178167,3.65,0.53,-0.34,5543.0,0.91,0.1452054794520548
Kepler-1537 b,Kepler-1537,2016,Transit,1.444453798,1.18,0.06,-0.09,5079.0,0.77,0.07627118644067797
TIC 139702105 b,TIC 139702105,2026,Transit,6.83601903383,2.45316949,0.29500474,-0.24622913,5742.35,1.25423,0.12025452835710915
Kepler-1043 b,Kepler-1043,2016,Transit,38.5053398,2.55,0.39,-0.24,5629.0,0.9,0.15294117647058825
Kepler-479 b,Kepler-479,2016,Transit,12.49341307,2.12,0.09,-0.07,5247.0,0.81,0.04245283018867924
Kepler-1404 b,Kepler-1404,2016,Transit,15.9314739,2.01,0.14,-0.21,5261.0,0.8,0.10447761194029852
Kepler-1987 b,Kepler-1987,2023,Transit,2.345863002,1.23,0.11,-0.09,4769.0,0.714,0.08943089430894309
Kepler-28 c,Kepler-28,2011,Transit,8.99,1.857,0.042,-0.042,4499.3,0.664,0.02261712439418417
Kepler-1135 b,Kepler-1135,2016,Transit,76.957857,1.85,0.33,-0.16,5656.0,0.94,0.1783783783783784
Kepler-1095 b,Kepler-1095,2016,Transit,4.27103091,1.21,0.2,-0.12,5658.0,0.92,0.1652892561983471
Kepler-1105 b,Kepler-1105,2016,Transit,4.421572182,2.01,0.06,-0.25,4299.0,0.68,0.12437810945273634
LP 791-18 d,LP 791-18,2023,Transit,2.75485,1.032,0.044,-0.043,2960.0,0.182,0.04263565891472868
Kepler-1347 b,Kepler-1347,2016,Transit,14.00947528,1.03,0.06,-0.05,5193.0,0.79,0.058252427184466014
Kepler-37 d,Kepler-37,2013,Transit,39.7922622,2.03,0.03,-0.039,5357.0,0.789,0.019211822660098524
TOI-776 b,TOI-776,2020,Transit,8.24662,1.798,0.078,-0.077,3725.0,0.547,0.04338153503893215
EPIC 249893012 b,EPIC 249893012,2020,Transit,3.5951,1.95,0.09,-0.08,5430.0,1.71,0.046153846153846156
K2-221 b,K2-221,2018,Transit,2.399094,1.67890272,0.1668616,-0.09566216,5716.0,0.947599,0.09938729505423638
Kepler-1585 b,Kepler-1585,2016,Transit,3.5827463,1.79,0.25,-0.16,5538.0,0.91,0.13966480446927373
Kepler-161 c,Kepler-161,2014,Transit,7.06424,2.05,0.15,-0.15,5078.0,0.806,0.07317073170731708
HIP 9618 c,HIP 9618,2023,Transit,52.56363,3.42855926,0.0971864,-0.08596176,5649.0,0.9593,0.028346133938487037
Kepler-861 b,Kepler-861,2016,Transit,3.949631375,2.28,0.12,-0.13,5047.0,0.78,0.05701754385964913
TOI-269 b,TOI-269,2021,Transit,3.6977104,2.77,0.12,-0.12,3514.0,0.398,0.04332129963898917
Kepler-839 b,Kepler-839,2016,Transit,37.8144514,2.57,0.41,-0.25,6058.0,1.31,0.15953307392996108
TOI-6393 b,TOI-6393,2026,Transit,9.53176110329,2.75958542,0.35078393,-0.28229752,5008.2,0.766023,0.12711472073221783
K2-342 b,K2-342,2021,Transit,11.561052,2.03,0.13,-0.09,5920.0,1.09,0.06403940886699508
Kepler-960 b,Kepler-960,2016,Transit,3.12686223,2.29,0.07,-0.25,4755.0,0.72,0.1091703056768559
Kepler-261 c,Kepler-261,2014,Transit,24.570858,2.0,0.14,-0.14,5098.0,0.794,0.07
Kepler-348 b,Kepler-348,2014,Transit,7.05677,1.52,0.29,-0.29,6177.0,1.359,0.1907894736842105
Kepler-528 b,Kepler-528,2016,Transit,19.78297415,2.08,0.29,-0.19,5807.0,1.06,0.1394230769230769
K2-259 b,K2-259,2018,Transit,15.48043,2.32,0.2,-0.17,6059.0,1.13,0.08620689655172414
Kepler-416 c,Kepler-416,2014,Transit Timing Variations,12.209,2.352,0.081,-0.081,5718.0,1.075,0.034438775510204085
Kepler-401 c,Kepler-401,2014,Transit,47.318218,2.15,0.4,-0.4,6117.0,1.333,0.186046511627907
Kepler-608 b,Kepler-608,2016,Transit,6.412515037,3.64,0.72,-0.44,5820.0,1.01,0.1978021978021978
Kepler-888 b,Kepler-888,2016,Transit,70.6979061,1.76,0.08,-0.06,5875.0,0.9,0.045454545454545456
Kepler-326 d,Kepler-326,2014,Transit,6.766888,1.21,0.09,-0.09,5105.0,0.801,0.0743801652892562
Kepler-1642 b,Kepler-1642,2016,Transit,12.2057513,3.2,0.34,-0.25,5355.0,0.84,0.10625
K2-355 b,K2-355,2021,Transit,5.7385647,2.25,0.22,-0.16,5790.0,0.92,0.09777777777777778
K2-231 b,K2-231,2018,Transit,13.841901,2.5,0.2,-0.2,5695.0,0.95,0.08
Kepler-174 c,Kepler-174,2014,Transit,44.000529,1.49,0.09,-0.09,4880.0,0.622,0.060402684563758385
K2-162 b,K2-162,2018,Transit,9.45889,1.44,0.11,-0.07,4842.0,0.69,0.0763888888888889
K2-138 d,K2-138,2017,Transit,5.40479,2.39,0.104,-0.084,5356.3,0.863,0.04351464435146443
Kepler-327 d,Kepler-327,2014,Transit,13.969457,1.73,0.1,-0.1,3799.0,0.492,0.05780346820809249
K2-415 b,K2-415,2023,Transit,4.0179694,1.015,0.051,-0.0051,3173.0,0.1965,0.05024630541871921
TOI-1803 b,TOI-1803,2025,Transit,6.293287,2.99,0.08,-0.08,4687.0,0.715,0.026755852842809364
K2-169 b,K2-169,2018,Transit,6.380803,1.27328671,0.10733117,-0.07695112,5548.0,0.919053,0.08429458122593614
Kepler-1186 b,Kepler-1186,2016,Transit,16.07677615,2.23,0.36,-0.22,5635.0,0.93,0.16143497757847533
Kepler-342 d,Kepler-342,2014,Transit,39.459357,2.49,0.48,-0.48,6175.0,1.472,0.19277108433734938
HD 108236 b,HD 108236,2020,Transit,3.795963,1.615,0.051,-0.051,5660.0,0.877,0.031578947368421054
TOI-1758 b,TOI-1758,2024,Transit,20.705074685,3.62,0.337,-0.269,5169.0,0.81,0.09309392265193371
HR 858 d,HR 858,2019,Transit,11.230511,2.001,0.063,-0.064,6354.0,1.258,0.031984007996002005
Kepler-979 b,Kepler-979,2016,Transit,8.0880135,2.72,0.42,-0.23,5310.0,0.83,0.15441176470588233
TOI-270 b,TOI-270,2019,Transit,3.35992,1.28,0.05,-0.04,3506.0,0.38,0.0390625
Kepler-1492 b,Kepler-1492,2016,Transit,16.75255007,1.49,0.28,-0.16,4712.0,0.72,0.18791946308724833
K2-16 b,K2-16,2015,Transit,7.6188,2.02,0.24,-0.24,4742.0,0.66,0.1188118811881188
Kepler-1568 b,Kepler-1568,2016,Transit,20.925392,1.3,0.21,-0.15,5956.0,1.19,0.16153846153846152
K2-207 b,K2-207,2018,Transit,12.48749,2.60585269,0.36979751,-0.20931396,5522.0,0.928158,0.1419103663914325
Kepler-164 c,Kepler-164,2014,Transit,10.945723,2.73,0.52,-0.52,5888.0,1.148,0.1904761904761905
Kepler-712 b,Kepler-712,2016,Transit,21.02247699,3.41,0.14,-0.11,5148.0,0.78,0.04105571847507332
Kepler-208 c,Kepler-208,2014,Transit,7.466623,1.39,0.26,-0.26,6092.0,1.314,0.18705035971223025
K2-192 b,K2-192,2018,Transit,4.162817,1.52,0.13,-0.13,5222.0,0.81,0.08552631578947369
Kepler-1123 b,Kepler-1123,2016,Transit,4.33946454,1.67,0.25,-0.11,5500.0,0.9,0.14970059880239522
K2-282 b,K2-282,2018,Transit,4.169783,2.5,0.2,-0.1,5499.0,1.0,0.08
Kepler-255 d,Kepler-255,2016,Transit,1.045622658,1.32,0.14,-0.1,5431.0,0.86,0.10606060606060606
Kepler-167 b,Kepler-167,2014,Transit,4.3931539,1.718,0.07,-0.07,4884.0,0.749,0.04074505238649593
BD+20 594 b,BD+20 594,2016,Transit,41.6855,2.57807,0.11209,-0.11209,5766.0,1.08,0.043478260869565216
Kepler-1243 b,Kepler-1243,2016,Transit,16.8320729,1.75,0.28,-0.17,5667.0,0.94,0.16
Kepler-1494 b,Kepler-1494,2016,Transit,91.080482,3.07,0.46,-0.57,5659.0,0.94,0.18566775244299674
Kepler-186 e,Kepler-186,2014,Transit,22.407704,1.27,0.15,-0.14,3788.0,0.472,0.11811023622047244
Kepler-116 b,Kepler-116,2014,Transit,5.968734,3.42,0.65,-0.65,6142.0,1.454,0.19005847953216376
K2-284 b,K2-284,2018,Transit,4.795069,2.78,0.14,-0.12,4140.0,0.607,0.05035971223021583
K2-347 b,K2-347,2021,Transit,7.187257,2.41,0.11,-0.1,4599.0,0.63,0.04564315352697095
Kepler-80 e,Kepler-80,2014,Transit,4.64489,1.6,0.08,-0.07,4540.0,0.678,0.049999999999999996
K2-383 b,K2-383,2022,Transit,1.865962,1.564,0.118,-0.106,5129.0,0.804,0.07544757033248081
TOI-2266 b,TOI-2266,2024,Transit,2.326318,1.54,0.09,-0.09,3200.0,0.24,0.05844155844155844
Kepler-1265 b,Kepler-1265,2016,Transit,6.49441289,1.35,0.07,-0.13,4630.0,0.69,0.0962962962962963
Kepler-1187 b,Kepler-1187,2016,Transit,18.87064068,2.61,0.51,-0.28,5975.0,1.09,0.19540229885057472
K2-400 b,K2-400,2022,Transit,3.865053,1.163,0.051,-0.049,3578.0,0.382,0.043852106620808254
Kepler-207 c,Kepler-207,2014,Transit,3.071571,1.5,0.29,-0.29,5920.0,1.588,0.19333333333333333
Kepler-292 e,Kepler-292,2014,Transit,11.97901,2.67,0.35,-0.35,5299.0,0.826,0.13108614232209737
Kepler-654 b,Kepler-654,2016,Transit,13.72465129,2.07,0.37,-0.26,5865.0,1.11,0.17874396135265702
Kepler-944 b,Kepler-944,2016,Transit,43.3167737,2.63,0.27,-0.21,5409.0,0.83,0.10266159695817492
Kepler-322 b,Kepler-322,2014,Transit,1.653888,1.01,0.11,-0.11,5388.0,0.89,0.10891089108910891
Kepler-1394 b,Kepler-1394,2016,Transit,3.93766373,1.39,0.2,-0.22,6481.0,2.55,0.15827338129496404
TOI-5489 c,TOI-5489,2025,Transit,4.92126,1.28,0.07,-0.07,3547.0,0.42,0.05468750000000001
Ross 176 b,Ross 176,2025,Transit,5.0066338,1.84,0.08,-0.08,4041.0,0.569,0.043478260869565216
K2-350 c,K2-350,2016,Transit,19.991944,2.74,0.25,-0.18,5789.0,1.04,0.09124087591240876
Kepler-129 c,Kepler-129,2014,Transit,82.2,2.52,0.07,-0.07,5770.0,1.653,0.02777777777777778
Kepler-903 c,Kepler-903,2016,Transit,62.9228557,2.53,0.4,-0.45,5682.0,0.97,0.17786561264822137
TOI-5713 b,TOI-5713,2024,Transit,10.441989,1.77,0.17,-0.14,3225.0,0.2992,0.096045197740113
K2-285 b,K2-285,2018,Transit,3.471745,2.59,0.06,-0.06,4975.0,0.787,0.023166023166023165
TOI-4184 b,TOI-4184,2023,Transit,4.9019804,2.43,0.21,-0.21,3238.0,0.2347,0.08641975308641975
Kepler-220 c,Kepler-220,2014,Transit,9.034199,1.57,0.09,-0.09,4632.0,0.666,0.057324840764331204
HD 35843 c,HD 35843,2025,Transit,46.9622,2.54,0.08,-0.07,5666.0,0.897,0.031496062992125984
Kepler-324 b,Kepler-324,2014,Transit,4.385315,1.14,0.11,-0.11,5194.0,0.84,0.09649122807017545
Kepler-116 c,Kepler-116,2014,Transit,13.07163,2.3,0.44,-0.44,6142.0,1.454,0.19130434782608696
Kepler-170 b,Kepler-170,2014,Transit,7.930592,3.2,0.22,-0.22,5679.0,1.035,0.06874999999999999
Kepler-530 b,Kepler-530,2016,Transit,39.30941904,3.01,0.17,-0.1,5697.0,0.89,0.05647840531561463
Kepler-1596 b,Kepler-1596,2016,Transit,66.373379,1.9,0.25,-0.17,5706.0,0.92,0.13157894736842105
Kepler-100 b,Kepler-100,2014,Transit,6.88734,1.34,0.12,-0.12,5837.0,1.51,0.08955223880597014
K2-190 b,K2-190,2018,Transit,10.098858,1.35673729,0.17627893,-0.1018145,5631.0,0.912206,0.12992856561051697
Kepler-336 b,Kepler-336,2014,Transit,2.024823,1.02,0.19,-0.19,5867.0,1.304,0.18627450980392157
Kepler-154 b,Kepler-154,2014,Transit,33.040532,2.26,0.44,-0.44,5690.0,1.001,0.1946902654867257
Kepler-332 c,Kepler-332,2014,Transit,15.995622,1.09,0.08,-0.08,4955.0,0.72,0.07339449541284403
TOI-4010 b,TOI-4010,2023,Transit,1.348335,3.02,0.08,-0.08,4960.0,0.83,0.026490066225165563
Kepler-66 b,Kepler-66,2013,Transit,17.815815,2.8,0.16,-0.16,5962.0,0.966,0.05714285714285715
Kepler-755 b,Kepler-755,2016,Transit,1.269090374,1.76,0.06,-0.31,5043.0,0.77,0.17613636363636365
Kepler-130 d,Kepler-130,2014,Transit,87.517905,1.64,0.16,-0.16,5884.0,1.127,0.0975609756097561
Kepler-304 b,Kepler-304,2014,Transit,3.295709,2.86,0.21,-0.21,4731.0,0.687,0.07342657342657342
TOI-1416 b,TOI-1416,2023,Transit,1.0697568,1.62,0.08,-0.08,4884.0,0.793,0.04938271604938271
Kepler-2000 b,Kepler-2000,2023,Transit,6.383159135,2.73,0.1,-0.17,3757.0,0.576,0.06227106227106228
Kepler-327 c,Kepler-327,2014,Transit,5.212333,1.03,0.05,-0.05,3799.0,0.492,0.04854368932038835
Kepler-538 b,Kepler-538,2016,Transit,81.73778,2.215,0.04,-0.034,5534.0,0.8717,0.018058690744920995
TOI-3896 b,TOI-3896,2026,Transit,4.37730369667,3.14949237,0.25672878,-0.2360017,5110.91,0.747752,0.08151433622936512
Kepler-127 c,Kepler-127,2014,Transit,29.393195,2.66,0.14,-0.14,6106.0,1.359,0.052631578947368425
HD 18599 b,HD 18599,2022,Transit,4.1374354,2.6,0.15,-0.13,5145.0,0.767,0.05769230769230769
Kepler-1301 b,Kepler-1301,2016,Transit,9.08237046,1.4,0.13,-0.08,5188.0,0.81,0.09285714285714286
HD 73583 b,HD 73583,2022,Transit,6.398042,2.79,0.1,-0.1,4511.0,0.65,0.035842293906810034
Kepler-1216 b,Kepler-1216,2016,Transit,4.37034536,1.39,0.22,-0.11,5743.0,0.98,0.15827338129496404
Kepler-149 c,Kepler-149,2014,Transit,55.328328,1.61,0.24,-0.24,5381.0,0.953,0.14906832298136644
Kepler-653 b,Kepler-653,2016,Transit,14.70748976,1.95,0.29,-0.26,5665.0,1.19,0.14871794871794872
Kepler-1458 b,Kepler-1458,2016,Transit,47.9872764,2.76,0.42,-0.21,5653.0,0.94,0.15217391304347827
TOI-4364 b,TOI-4364,2025,Transit,5.424019,2.01,0.1,-0.08,3528.0,0.4684,0.04975124378109454
K2-57 b,K2-57,2016,Transit,9.0073,2.30905002,0.16813471,-0.13450777,4413.0,0.671,0.0728155338964896
Kepler-481 b,Kepler-481,2016,Transit,10.06082567,2.5,0.37,-0.29,5802.0,1.09,0.148
Kepler-345 c,Kepler-345,2014,Transit,9.387427,1.2,0.07,-0.07,4504.0,0.623,0.05833333333333334
Kepler-338 c,Kepler-338,2014,Transit,24.310856,2.34,0.12,-0.12,5923.0,1.735,0.05128205128205128
TOI-4156 b,TOI-4156,2026,Transit,4.46189034133,2.53823825,0.27851908,-0.22332531,5971.64,1.03963,0.10972928959682961
HD 63935 b,HD 63935,2021,Transit,9.058807,2.91575244,0.09298372,-0.07706553,5513.0,0.9598,0.03189012850487403
Kepler-379 b,Kepler-379,2014,Transit,20.09838,1.66,0.31,-0.31,6054.0,1.306,0.18674698795180725
Kepler-1211 b,Kepler-1211,2016,Transit,11.01816836,2.55,0.42,-0.41,5705.0,0.94,0.16470588235294117
Kepler-224 e,Kepler-224,2014,Transit,18.643577,1.97,0.15,-0.15,5018.0,0.676,0.07614213197969542
TOI-1346 b,TOI-1346,2025,Transit,1.7622538,2.39,0.16,-0.16,5099.0,0.78,0.06694560669456066
K2-53 b,K2-53,2016,Transit,12.20772,2.6,0.1,-0.1,5263.0,0.807,0.038461538461538464
Kepler-363 d,Kepler-363,2014,Transit,11.932125,2.05,0.4,-0.4,5593.0,1.485,0.19512195121951223
K2-37 b,K2-37,2016,Transit,4.4434,1.39,0.1,-0.05,5352.0,0.809,0.07194244604316548
Kepler-1149 b,Kepler-1149,2016,Transit,3.73089898,1.44,0.26,-0.17,5833.0,1.01,0.18055555555555558
Kepler-986 b,Kepler-986,2016,Transit,56.4349938,2.36,0.29,-0.19,5642.0,0.98,0.12288135593220338
Kepler-1980 b,Kepler-1980,2023,Transit,33.0257179,2.21,0.36,-0.12,5819.0,0.99,0.16289592760180996
Kepler-733 b,Kepler-733,2016,Transit,20.83424726,2.82,0.46,-0.19,5418.0,0.86,0.16312056737588654
LTT 3780 c,LTT 3780,2020,Transit,12.252284,2.39,0.1,-0.11,3358.0,0.38,0.046025104602510455
TOI-4405 b,TOI-4405,2026,Transit,5.92143995316,2.55505441,0.27294816,-0.21353108,4467.38,0.687025,0.10682675051135213
TOI-5938 b,TOI-5938,2026,Transit,2.260424,3.82,0.11,-0.11,4650.0,0.712,0.02879581151832461
TOI-561 e,TOI-561,2020,Transit,77.144,2.517,0.045,-0.045,5342.0,0.843,0.017878426698450536
Kepler-1034 b,Kepler-1034,2016,Transit,12.12400943,2.26,0.17,-0.14,5198.0,0.8,0.0752212389380531
K2-189 b,K2-189,2018,Transit,2.58812,1.403,0.079,-0.043,5442.0,0.879,0.05630791161796151
Kepler-47 b,Kepler-47,2012,Transit,49.4643,3.05,0.04,-0.04,5636.0,0.936,0.013114754098360657
TOI-2095 c,TOI-2095,2023,Transit,28.17232,1.33,0.08,-0.08,3759.0,0.44,0.06015037593984962
Kepler-732 b,Kepler-732,2016,Transit,9.467814048,2.18,0.12,-0.16,3631.0,0.46,0.07339449541284403
TOI-4511 b,TOI-4511,2026,Transit,10.98090968596,2.75304932,0.30793546,-0.26170202,5418.77,1.00145,0.11185250397185038
HD 110067 e,HD 110067,2023,Transit,30.793091,1.94,0.04,-0.04,5266.0,0.788,0.020618556701030927
Kepler-542 b,Kepler-542,2016,Transit,13.14497566,1.57,0.1,-0.11,5526.0,0.9,0.07006369426751592
HD 23472 c,HD 23472,2019,Transit,29.79749,1.87,0.12,-0.11,4684.0,0.71,0.0641711229946524
Kepler-970 b,Kepler-970,2016,Transit,16.736525,2.609,0.265,-0.203,4290.0,0.71,0.1015714833269452
Kepler-454 b,Kepler-454,2015,Transit,10.5737534,2.37,0.13,-0.13,5687.0,1.066,0.05485232067510548
Kepler-311 c,Kepler-311,2014,Transit,19.738286,1.43,0.28,-0.28,5905.0,1.188,0.19580419580419584
TOI-122 b,TOI-122,2020,Transit,5.07803,2.72,0.18,-0.18,3403.0,0.334,0.06617647058823528
Kepler-223 c,Kepler-223,2014,Transit,9.84564,3.44,0.2,-0.3,5803.0,1.72,0.0872093023255814
Kepler-137 b,Kepler-137,2014,Transit,8.436387,1.47,0.11,-0.11,5187.0,0.802,0.07482993197278912
TOI-5076 b,TOI-5076,2024,Transit,23.443162,3.48935569,0.09975993,-0.09415544,4780.0,0.844,0.028589785296436774
K2-241 b,K2-241,2018,Transit,26.8199,2.55,0.18,-0.1,5262.0,0.75,0.07058823529411765
Kepler-1298 b,Kepler-1298,2016,Transit,7.12811928,1.31,0.23,-0.23,6339.0,2.0,0.17557251908396945
TOI-237 b,TOI-237,2020,Transit,5.436098,1.44,0.12,-0.12,3212.0,0.211,0.08333333333333333
Kepler-289 b,Kepler-289,2014,Transit,34.5383,2.49,0.07,-0.07,5990.0,1.0,0.028112449799196786
TOI-836.01,TOI-836,2021,Transit,8.59545,2.587,0.088,-0.088,4552.0,0.665,0.034016235021260145
Kepler-1411 b,Kepler-1411,2016,Transit,86.1150888,2.82,0.43,-0.24,5664.0,0.92,0.1524822695035461
TOI-3353.01,TOI-3353,2024,Transit,4.6657965,2.6667555,0.230776,-0.230776,6365.0,1.0207,0.08653811719897082
K2-285 c,K2-285,2018,Transit,7.138048,3.53,0.08,-0.08,4975.0,0.787,0.0226628895184136
K2-291 b,K2-291,2019,Transit,2.225177,1.589,0.095,-0.072,5520.0,0.899,0.059786028949024544
Kepler-1564 b,Kepler-1564,2016,Transit,18.0540381,1.47,0.19,-0.13,5528.0,0.9,0.1292517006802721
K2-243 c,K2-243,2018,Transit,24.94598,2.01,0.15,-0.13,6570.0,1.39,0.0746268656716418
Kepler-332 d,Kepler-332,2014,Transit,34.21154,1.18,0.08,-0.08,4955.0,0.72,0.06779661016949153
Kepler-26 c,Kepler-26,2011,Transit,17.2559,2.72,0.12,-0.12,3914.0,0.512,0.044117647058823525
TOI-1233.01,HD 108236,2021,Transit,14.175685,2.539,0.062,-0.065,5660.0,0.877,0.025600630169358013
K2-292 b,K2-292,2019,Transit,16.9841,2.63,0.11,-0.1,5725.0,1.09,0.041825095057034224
TOI-2071 b,TOI-2071,2026,Transit,5.67395386982,2.56484195,0.22555937,-0.19617115,5755.41,1.00286,0.08794279507164175
Kepler-736 b,Kepler-736,2016,Transit,3.60147201,2.93,0.17,-0.53,5217.0,0.81,0.18088737201365188
K2-69 b,K2-69,2016,Transit,7.06599,2.32,0.36,-0.36,4127.0,0.491,0.15517241379310345
TOI-712 d,TOI-712,2022,Transit,84.8396,2.474,0.09,-0.082,4622.0,0.674,0.03637833468067906
Kepler-1046 b,Kepler-1046,2016,Transit,14.37508035,1.71,0.12,-0.11,5913.0,1.04,0.07017543859649122
Kepler-1454 b,Kepler-1454,2016,Transit,47.0319479,1.88,0.19,-0.17,5448.0,0.86,0.10106382978723405
K2-58 b,K2-58,2016,Transit,7.05254,2.68,0.37,-0.37,5413.0,0.86,0.1380597014925373
Kepler-536 b,Kepler-536,2016,Transit,1.827082299,3.1,0.38,-0.22,5524.0,0.89,0.12258064516129032
Kepler-971 b,Kepler-971,2016,Transit,9.59070716,2.13,0.22,-0.24,5431.0,0.85,0.11267605633802817
Kepler-1148 b,Kepler-1148,2016,Transit,1.104463509,1.69,0.1,-0.09,5054.0,0.77,0.0591715976331361
Kepler-844 b,Kepler-844,2016,Transit,2.613020856,1.68,0.07,-0.24,4128.0,0.57,0.14285714285714285
Kepler-124 d,Kepler-124,2014,Transit,30.950851,1.11,0.07,-0.07,4984.0,0.636,0.06306306306306306
Kepler-81 b,Kepler-81,2012,Transit,5.955,2.42,0.38,-0.38,4385.0,0.59,0.15702479338842976
Kepler-1029 b,Kepler-1029,2016,Transit,4.417696479,1.26,0.08,-0.07,5030.0,0.77,0.06349206349206349
TOI-2092 b,TOI-2092,2026,Transit,4.30325528074,2.94892961,0.31576526,-0.26073597,5842.06,1.0519,0.10707792377587473
K2-223 c,K2-223,2018,Transit,4.562546,1.5,0.1,-0.1,5859.0,1.0,0.06666666666666667
Kepler-65 c,Kepler-65,2012,Transit,5.859944,2.58,0.06,-0.06,6211.0,1.41,0.023255813953488372
Kepler-901 b,Kepler-901,2016,Transit,3.517494394,1.37,0.07,-0.06,4184.0,0.57,0.051094890510948905
Kepler-186 b,Kepler-186,2014,Transit,3.8867907,1.07,0.12,-0.12,3788.0,0.472,0.11214953271028036
Kepler-150 e,Kepler-150,2014,Transit,30.826557,3.12,0.55,-0.55,5560.0,0.939,0.1762820512820513
Kepler-1928 b,Kepler-1928,2021,Transit,19.57783,1.992,0.133,-0.078,5720.0,0.92,0.06676706827309237
K2-183 d,K2-183,2018,Transit,22.620344,2.3,0.2,-0.2,5482.0,0.87,0.08695652173913045
Kepler-517 b,Kepler-517,2016,Transit,60.92832271,2.67,0.32,-0.22,5690.0,0.98,0.1198501872659176
TOI-178 b,TOI-178,2021,Transit,1.9145601,1.2,0.041,-0.037,4316.0,0.662,0.03416666666666667
Kepler-217 b,Kepler-217,2014,Transit,5.374943,2.23,0.32,-0.32,6171.0,1.799,0.14349775784753363
Kepler-647 b,Kepler-647,2016,Transit,16.2254649,1.17,0.14,-0.11,6020.0,1.07,0.11965811965811968
Kepler-126 b,Kepler-126,2014,Transit,10.495711,1.52,0.1,-0.1,6239.0,1.358,0.06578947368421052
TOI-2076 d,TOI-2076,2021,Transit,35.12803,3.27,0.13,-0.13,5187.0,0.758,0.039755351681957186
Kepler-174 b,Kepler-174,2014,Transit,13.98179,1.96,0.11,-0.11,4880.0,0.622,0.05612244897959184
Kepler-107 e,Kepler-107,2014,Transit,14.749143,2.903,0.035,-0.035,5854.0,1.447,0.012056493282810886
Kepler-1117 b,Kepler-1117,2016,Transit,4.79028459,1.11,0.17,-0.08,5612.0,0.93,0.15315315315315314
Kepler-984 b,Kepler-984,2016,Transit,43.0342272,2.12,0.13,-0.11,5610.0,0.93,0.06132075471698113
TOI-411 b,HD 22946,2022,Transit,4.040295,1.362,0.04,-0.04,6169.0,1.117,0.02936857562408223
K2-118 b,K2-118,2017,Transit,50.92092,2.54,0.23,-0.2,4726.29,0.734626,0.09055118110236221
Kepler-11 c,Kepler-11,2010,Transit,13.0241,2.87,0.05,-0.06,5663.0,1.065,0.020905923344947733
Kepler-632 b,Kepler-632,2016,Transit,30.99660733,2.21,0.33,-0.08,5322.0,0.84,0.1493212669683258
Kepler-57 b,Kepler-57,2012,Transit,5.72,3.135,0.09,-0.088,5187.9,0.826,0.028708133971291867
Kepler-461 b,Kepler-461,2016,Transit,8.313783059,2.58,0.07,-0.06,5634.0,0.91,0.027131782945736437
K2-185 b,K2-185,2018,Transit,10.616384,1.15,0.07,-0.07,5788.0,0.94,0.060869565217391314
Kepler-1098 b,Kepler-1098,2016,Transit,2.543072855,1.3,0.24,-0.14,5794.0,0.99,0.1846153846153846
Kepler-450 c,Kepler-450,2015,Transit,15.413135,2.62,0.14,-0.14,6197.21,1.64162,0.0534351145038168
HD 86226 c,HD 86226,2020,Transit,3.98442,2.16,0.08,-0.08,5863.0,1.053,0.037037037037037035
TOI-1798.01,TOI-1798,2024,Transit,8.021522331,2.448,0.319,-0.194,5165.0,0.78,0.13031045751633988
K2-177 b,K2-177,2018,Transit,14.155185,2.1162048,0.28262597,-0.15917785,6063.0,1.213565,0.13355322225901764
Kepler-1017 b,Kepler-1017,2016,Transit,7.23400469,1.99,0.29,-0.12,5473.0,0.87,0.1457286432160804
Kepler-467 b,Kepler-467,2016,Transit,24.99324193,2.25,0.3,-0.08,5809.0,1.37,0.13333333333333333
Kepler-964 b,Kepler-964,2016,Transit,13.5225106,2.12,0.09,-0.07,5427.0,0.84,0.04245283018867924
HD 110113 b,HD 110113,2021,Transit,2.541,2.05,0.12,-0.12,5732.0,0.968,0.05853658536585366
Kepler-220 e,Kepler-220,2014,Transit,45.902733,1.33,0.12,-0.12,4632.0,0.666,0.09022556390977443
Kepler-1078 b,Kepler-1078,2016,Transit,3.00725242,1.9,0.3,-0.33,5612.0,0.92,0.1736842105263158
Kepler-1452 b,Kepler-1452,2016,Transit,42.913751,2.7,0.39,-0.35,6101.0,2.06,0.14444444444444443
TOI-5380 b,TOI-5380,2026,Transit,3.77229247873,3.48093238,0.4044094,-0.32385387,6400.78,1.5621,0.11617847055104241
Kepler-1055 b,Kepler-1055,2016,Transit,2.295036233,1.23,0.07,-0.06,5723.0,0.94,0.05691056910569106
Kepler-60 d,Kepler-60,2012,Transit,11.8981,1.99,0.16,-0.16,5905.0,1.257,0.08040201005025126
Kepler-1262 b,Kepler-1262,2016,Transit,8.67900242,1.82,0.32,-0.17,5771.0,0.98,0.1758241758241758
Kepler-1071 b,Kepler-1071,2016,Transit,6.1799844,2.38,0.07,-0.14,5215.0,0.81,0.05882352941176471
TOI-1806.01,TOI-1806,2024,Transit,15.1454693,3.4095367,0.3512672,-0.3512672,3272.0,0.401575,0.10302490658041605
K2-242 b,K2-242,2018,Transit,6.51389,2.54,0.21,-0.19,3459.0,0.37,0.0826771653543307
Kepler-1081 b,Kepler-1081,2016,Transit,3.856918547,1.01,0.1,-0.07,5345.0,0.84,0.09900990099009901
TIC 77319217 b,TIC 77319217,2026,Transit,7.54830765124,3.10879526,0.34451974,-0.29615262,5961.52,1.18439,0.11082098085803181
HIP 29442 c,TOI-469,2023,Radial Velocity,3.5379559,1.551,0.045,-0.045,5289.0,0.98,0.029013539651837523
TOI-5398 c,TOI-5398,2023,Transit,4.77271,3.52,0.19,-0.19,6000.0,1.051,0.05397727272727273
Kepler-1214 b,Kepler-1214,2016,Transit,18.82634264,2.36,0.19,-0.11,5130.0,0.8,0.0805084745762712
TOI-2128 b,TOI-2128,2024,Transit,16.34136,2.08874836,0.08866263,-0.07642236,5968.0,1.1174,0.04244773171240217
Kepler-649 b,Kepler-649,2016,Transit,29.90722674,2.26,0.14,-0.12,5871.0,0.94,0.06194690265486727
EPIC 212587672 c,EPIC 212587672,2021,Transit,23.228555,2.32,0.19,-0.12,6004.0,0.98,0.08189655172413794
TOI-451 b,TOI-451,2020,Transit,1.8587033,1.84,0.11,-0.11,5490.0,0.85,0.05978260869565217
Kepler-939 b,Kepler-939,2016,Transit,14.878296,1.75,0.31,-0.2,5471.0,0.85,0.17714285714285713
Kepler-1291 b,Kepler-1291,2016,Transit,8.63043276,1.66,0.1,-0.18,5216.0,0.8,0.10843373493975904
Kepler-1002 b,Kepler-1002,2016,Transit,4.336429331,1.71,0.06,-0.05,6144.0,1.57,0.03508771929824561
Kepler-992 b,Kepler-992,2016,Transit,20.16034462,1.62,0.04,-0.27,4944.0,0.74,0.16666666666666666
Kepler-1273 b,Kepler-1273,2016,Transit,28.625653,2.49,0.33,-0.19,5566.0,0.91,0.1325301204819277
Kepler-36 c,Kepler-36,2012,Transit,16.21865,3.679,0.096,-0.091,5979.0,1.634,0.026094047295460724
Kepler-172 b,Kepler-172,2014,Transit,2.940309,2.35,0.42,-0.42,5526.0,1.085,0.17872340425531913
TOI-784 b,HD 307842,2023,Transit,2.7970365,1.93,0.11,-0.09,5558.0,0.907,0.05699481865284974
K2-233 b,K2-233,2018,Transit,2.467583,1.315,0.036,-0.036,4796.0,0.71,0.027376425855513305
Kepler-902 b,Kepler-902,2016,Transit,40.1099547,2.54,0.33,-0.18,5647.0,0.93,0.12992125984251968
Kepler-894 b,Kepler-894,2016,Transit,9.803224,2.78,0.3,-0.34,5603.0,0.85,0.12230215827338131
TOI-561 d,TOI-561,2020,Transit,25.71268,2.615,0.059,-0.059,5342.0,0.843,0.02256214149139579
Kepler-298 d,Kepler-298,2014,Transit,77.473633,2.5,0.2,-0.2,4465.0,0.582,0.08
K2-268 f,K2-268,2021,Transit,26.27057,2.23,0.15,-0.09,5106.0,0.78,0.06726457399103139
TOI-1064 b,TOI-1064,2022,Transit,6.443868,2.587,0.043,-0.042,4734.0,0.726,0.016621569385388477
Kepler-884 b,Kepler-884,2016,Transit,5.69919514,1.23,0.05,-0.05,5715.0,0.94,0.04065040650406505
K2-71 b,K2-71,2016,Transit,6.98541,2.15,0.33,-0.33,4006.0,0.426,0.15348837209302327
HD 224018 c,HD 224018,2025,Transit,36.57669,2.42,0.07,-0.08,5784.0,1.147,0.03305785123966942
Kepler-1019 b,Kepler-1019,2016,Transit,1.411229847,1.46,0.05,-0.16,4433.0,0.67,0.10958904109589042
TOI-178 c,TOI-178,2021,Transit,3.238486,1.754,0.032,-0.04,4316.0,0.662,0.02280501710376283
TOI-1136 e,TOI-1136,2022,Transit,18.801,2.639,0.072,-0.088,5770.0,0.968,0.03334596438044714
Kepler-97 b,Kepler-97,2014,Transit,2.58664,1.48,0.13,-0.13,5779.0,0.98,0.08783783783783784
Kepler-169 f,Kepler-169,2014,Transit,87.090195,2.58,0.24,-0.24,4997.0,0.763,0.09302325581395349
Kepler-905 b,Kepler-905,2016,Transit,5.082746517,1.41,0.05,-0.05,5461.0,0.86,0.03546099290780142
Kepler-558 b,Kepler-558,2016,Transit,29.00790538,2.37,0.17,-0.14,5242.0,0.81,0.07172995780590717
K2-374 b,K2-374,2022,Transit,4.521953,1.593,0.061,-0.058,5789.0,0.907,0.038292529817953544
TOI-1736 b,TOI-1736,2023,Transit,7.073076,3.18175535,0.12195694,-0.09508409,5636.0,1.4286,0.038330080909583446
Kepler-130 b,Kepler-130,2014,Transit,8.457458,1.02,0.04,-0.04,5884.0,1.127,0.0392156862745098
Kepler-955 b,Kepler-955,2016,Transit,14.53244172,3.13,0.27,-0.17,5350.0,0.84,0.08626198083067094
TIC 356227008 b,TIC 356227008,2026,Transit,2.96147448702,2.39024009,0.34361461,-0.27903346,5731.86,0.959792,0.1437573620480945
Kepler-224 d,Kepler-224,2014,Transit,11.349393,2.3,0.14,-0.14,5018.0,0.676,0.060869565217391314
Kepler-532 b,Kepler-532,2016,Transit,12.92491623,2.57,0.21,-0.14,5192.0,0.79,0.08171206225680934
Kepler-403 b,Kepler-403,2014,Transit,7.031462,1.25,0.22,-0.22,6090.0,1.329,0.176
Kepler-474 b,Kepler-474,2016,Transit,5.660672935,3.06,0.48,-0.37,5785.0,1.08,0.1568627450980392
Kepler-555 b,Kepler-555,2016,Transit,16.21775407,2.83,0.56,-0.29,5894.0,1.04,0.19787985865724383
TOI-125 c,TOI-125,2019,Transit,9.15059,2.759,0.1,-0.1,5320.0,0.848,0.036245016310257346
Kepler-683 b,Kepler-683,2016,Transit,2.539183179,1.97,0.34,-0.17,5703.0,0.95,0.17258883248730966
Kepler-1977 b,Kepler-1977,2023,Transit,4.53702121,1.66,0.19,-0.11,4805.0,0.688,0.11445783132530121
Kepler-595 c,Kepler-595,2020,Transit,12.38602,1.009,0.024,-0.024,5138.5,0.821,0.023785926660059468
TOI-244 b,TOI-244,2023,Transit,7.397225,1.52,0.12,-0.12,3433.0,0.426,0.07894736842105263
Kepler-1138 b,Kepler-1138,2016,Transit,3.17060005,1.7,0.24,-0.13,5582.0,0.92,0.1411764705882353
TOI-1466 b,TOI-1466,2026,Transit,1.87190602231,2.46741991,0.3321413,-0.25190743,4435.39,0.749646,0.1346107724323259
K2-204 b,K2-204,2018,Transit,7.055908,3.17214154,0.17934369,-0.15692573,5783.0,1.253,0.05653710206134118
Kepler-416 d,Kepler-416,2023,Transit,3.07644709,1.61,0.23,-0.17,5670.0,1.022,0.14285714285714285
K2-233 d,K2-233,2018,Transit,24.3681,2.363,0.062,-0.062,4796.0,0.71,0.026237833262801522
K2-367 b,K2-367,2022,Transit,20.645099,2.413,0.225,-0.196,4348.0,0.625,0.09324492333195193
K2-191 b,K2-191,2018,Transit,2.858646,1.57889322,0.26523273,-0.13201754,5176.0,0.839696,0.16798648992868562
HD 110067 f,HD 110067,2023,Transit,41.05854,2.601,0.042,-0.042,5266.0,0.788,0.016147635524798157
TOI-521 b,TOI-521,2025,Transit,1.54285047,1.98,0.14,-0.14,3544.0,0.421,0.07070707070707072
TOI-4513 b,TOI-4513,2026,Transit,9.76042253684,2.34587608,0.27093052,-0.22436689,5623.93,0.796628,0.11549225566936171
TIC 390586021 b,TIC 390586021,2026,Transit,2.74703755819,2.86009388,0.30567917,-0.28246364,4434.81,0.726565,0.10687732040460154
TOI-4602.01,TOI-4602,2024,Transit,3.9812999,2.45,0.23,-0.23,5966.0,1.08,0.09387755102040816
Kepler-756 b,Kepler-756,2016,Transit,1.224866322,1.12,0.09,-0.1,5282.0,0.79,0.08928571428571429
EPIC 229004835 b,EPIC 229004835,2023,Transit,16.141132,2.332,0.08,-0.094,5868.0,0.999,0.04030874785591767
TOI-178 d,TOI-178,2021,Transit,6.557569,2.695,0.041,-0.046,4316.0,0.662,0.017068645640074213
Kepler-1705 c,Kepler-1705,2021,Transit,11.28,2.05,0.14,-0.15,6312.0,1.259,0.07317073170731708
TOI-3493 b,TOI-3493,2025,Transit,8.1594667,3.22,0.08,-0.08,5844.0,1.228,0.024844720496894408
Kepler-600 b,Kepler-600,2016,Transit,23.67517607,2.9,0.21,-0.39,5279.0,0.81,0.13448275862068967
Kepler-1453 b,Kepler-1453,2016,Transit,47.1611696,2.67,0.44,-0.21,5665.0,0.94,0.16479400749063672
HD 191939 d,HD 191939,2020,Transit,38.353037,2.995,0.07,-0.07,5348.0,0.94,0.02337228714524207
K2-185 c,K2-185,2018,Transit,52.713494,2.39,0.09,-0.09,5788.0,0.94,0.03765690376569037
Kepler-213 c,Kepler-213,2014,Transit,4.822962,2.34,0.45,-0.45,5696.0,1.195,0.19230769230769232
Kepler-26 e,Kepler-26,2014,Transit,46.827915,2.41,0.15,-0.15,4486.0,0.571,0.06224066390041493
Kepler-1359 b,Kepler-1359,2016,Transit,59.4970952,2.83,0.45,-0.32,4709.0,0.72,0.15901060070671377
Kepler-1512 b,Kepler-1512,2016,Transit,20.35972599,1.18,0.07,-0.11,4372.0,0.67,0.09322033898305085
Kepler-99 b,Kepler-99,2014,Transit,4.60358,1.48,0.08,-0.08,4782.0,0.73,0.05405405405405406
Kepler-158 c,Kepler-158,2014,Transit,28.551383,1.9,0.3,-0.3,4623.0,0.624,0.15789473684210525
Kepler-1010 b,Kepler-1010,2016,Transit,34.2685705,2.32,0.44,-0.18,5253.0,0.82,0.18965517241379312
Kepler-1230 b,Kepler-1230,2016,Transit,9.95661537,2.71,0.49,-0.29,5961.0,1.08,0.18081180811808117
K2-80 d,K2-80,2018,Transit,28.867253,2.55211506,0.2762906,-0.13953552,5377.0,0.841458,0.10825946068434704
TOI-1422 c,TOI-1422,2025,Radial Velocity,34.5633,2.61,0.14,-0.14,5840.0,1.019,0.05363984674329503
K2-337 b,K2-337,2021,Transit,16.273563,2.62,0.19,-0.14,5869.0,1.32,0.07251908396946564
K2-393 b,K2-393,2022,Transit,10.413181,2.352,0.175,-0.167,5678.0,1.071,0.0744047619047619
Kepler-920 b,Kepler-920,2016,Transit,6.53192704,2.42,0.22,-0.16,5403.0,0.85,0.09090909090909091
Kepler-687 b,Kepler-687,2016,Transit,20.50586978,3.52,0.16,-0.2,4841.0,0.73,0.05681818181818182
Kepler-1991 b,Kepler-1991,2023,Transit,13.26079792,1.47,0.2,-0.21,5478.0,1.053,0.14285714285714285
HIP 116454 b,HIP 116454,2014,Transit,9.1004157,2.469,0.1,-0.091,5048.0,0.758,0.040502227622519246
Kepler-50 c,Kepler-50,2012,Transit,9.37647,2.17,0.07,-0.08,6225.0,1.58,0.03686635944700461
Kepler-1990 b,Kepler-1990,2023,Transit,1.73513619,3.27,0.54,-0.33,5751.0,1.071,0.1651376146788991
TOI-1749 c,TOI-1749,2021,Transit,4.4929,2.12,0.12,-0.12,3985.0,0.55,0.056603773584905655
Kepler-804 b,Kepler-804,2016,Transit,14.37457351,1.94,0.24,-0.16,5817.0,1.05,0.12371134020618557
Kepler-834 b,Kepler-834,2016,Transit,13.32388301,2.02,0.1,-0.1,4554.0,0.66,0.04950495049504951
K2-249 b,K2-249,2018,Transit,12.409,2.79,0.27,-0.22,6504.0,1.57,0.09677419354838711
Kepler-1565 b,Kepler-1565,2016,Transit,1.538188437,1.19,0.08,-0.12,4940.0,0.73,0.10084033613445378
HD 93963 A c,HD 93963 A,2022,Transit,3.6451389,3.11976057,0.13502367,-0.10446158,5908.0,1.0311,0.04328013864217792
Kepler-85 e,Kepler-85,2014,Transit,25.216751,1.27,0.2,-0.2,5436.0,0.893,0.15748031496062992
Kepler-938 b,Kepler-938,2016,Transit,52.6298417,2.22,0.25,-0.16,5533.0,0.89,0.1126126126126126
TOI-620 b,TOI-620,2022,Transit,5.0988179,3.76,0.15,-0.15,3708.0,0.55,0.0398936170212766
Kepler-1457 b,Kepler-1457,2016,Transit,51.1110243,1.99,0.31,-0.2,5866.0,1.01,0.15577889447236182
K2-148 c,K2-148,2018,Transit,6.9226,1.73,0.24,-0.21,4079.0,0.632,0.13872832369942195
GJ 486 b,GJ 486,2021,Radial Velocity,1.46712127,1.289,0.019,-0.014,3317.0,0.3243,0.014740108611326611
K2-172 c,K2-172,2018,Transit,29.62682,3.20569097,0.18890159,-0.13911768,5569.0,0.868889,0.058926949530634265
Kepler-132 d,Kepler-132,2014,Transit,18.010199,1.55,0.3,-0.3,6003.0,1.178,0.1935483870967742
K2-388 b,K2-388,2022,Transit,6.33932,3.9,0.2,-0.1,5310.0,0.91,0.05128205128205129
K2-153 b,K2-153,2018,Transit,7.51574,2.0,0.21,-0.18,3845.0,0.53,0.105
TOI-1224 b,TOI-1224,2024,Transit,4.1782745,2.104,0.094,-0.091,3326.0,0.404,0.04467680608365019
Kepler-102 e,Kepler-102,2013,Transit,16.1456994,2.17,0.11,-0.11,4909.0,0.724,0.05069124423963134
Kepler-334 b,Kepler-334,2014,Transit,5.470319,1.12,0.21,-0.21,5828.0,1.068,0.18749999999999997
Kepler-623 b,Kepler-623,2016,Transit,9.07097734,3.01,0.34,-0.21,5443.0,0.86,0.11295681063122925
Kepler-248 b,Kepler-248,2014,Transit,6.308205,3.02,0.36,-0.36,5190.0,0.831,0.11920529801324503
K2-180 b,K2-180,2018,Transit,8.865663,2.46597575,0.10984801,-0.09639723,5365.0,0.719,0.04454545426896432
K2-122 b,K2-122,2017,Transit,2.2193023,1.16,0.1,-0.05,4009.0,0.59,0.08620689655172414
TOI-654.01,TOI-654,2024,Transit,1.527561,2.378,0.089,-0.089,3521.0,0.43,0.037426408746846086
HD 73583 c,HD 73583,2022,Transit,18.87974,2.39,0.1,-0.09,4511.0,0.65,0.04184100418410042
