wavelength_A,flux_1e17,ivar,and_mask
3806.272589737735,54.982757568359375,0.02910403162240982,0
3807.1503077902407,62.60450744628906,0.02681083045899868,0
3808.0261377153843,59.56550216674805,0.027755923569202423,0
3808.9042601321803,56.86013412475586,0.028153134509921074,0
3809.780493551755,53.543392181396484,0.029709039255976677,0
3810.659020519133,43.955562591552734,0.03179742395877838,0
3811.5356576190284,33.04236602783203,0.03487324342131615,0
3812.412496388137,27.307218551635742,0.037654295563697815,0
3813.291630289555,25.496002197265625,0.03906678780913353,0
3814.168873017869,15.922598838806152,0.04229472577571869,0
3815.048411935859,21.409826278686523,0.040286943316459656,0
3815.9260588094817,17.985050201416016,0.040364284068346024,0
3816.8060029306343,21.78919792175293,0.038766711950302124,0
3817.6840541357556,23.591432571411133,0.03833656758069992,0
3818.5623073354027,22.566295623779297,0.04029395058751106,0
3819.442859369643,21.941242218017578,0.04062528535723686,0
3820.321517180123,23.653560638427734,0.04185307025909424,0
3821.2024748842678,26.81583023071289,0.04161141812801361,0
3822.081537491985,19.11517906188965,0.046513769775629044,0
3822.962901052926,20.63016128540039,0.046923793852329254,0
3823.8423686443693,24.587942123413086,0.04623327776789665,0
3824.7241382490856,23.159503936767578,0.04726552218198776,0
3825.6040110108315,22.77396011352539,0.04924948140978813,0
3826.48408618615,20.481464385986328,0.05016026273369789,0
3827.366464965097,21.500255584716797,0.05023707449436188,0
3828.246945590631,21.72295570373535,0.04619615525007248,0
3829.129730881063,17.24636459350586,0.04635239392518997,0
3830.010617143604,18.85600471496582,0.04417974129319191,0
3830.893809132801,22.64066505432129,0.043843697756528854,0
3831.7751012192257,21.125274658203125,0.044135645031929016,0
3832.6565960457365,22.344432830810547,0.04572874680161476,0
3833.5403981918244,24.852102279663086,0.045928705483675,0
3834.422299122584,32.290313720703125,0.04541119188070297,0
3835.306508435901,36.3637809753418,0.04591422155499458,0
3836.1888156580017,37.42136764526367,0.04783887043595314,0
3837.0734323261304,34.4678840637207,0.049840427935123444,0
3837.9561460267496,24.2271785736084,0.05358074977993965,0
3838.839062794496,18.1613826751709,0.05454730987548828,0
3839.724290603761,28.29907989501953,0.05090668797492981,0
3840.6076141308436,30.183320999145508,0.04901245981454849,0
3841.4932497641403,29.055965423583984,0.04825493320822716,0
3842.376980237953,31.905559539794922,0.04729234054684639,0
3843.2630238831666,24.650230407714844,0.05196596682071686,0
3844.1471614911898,28.573863983154297,0.053116388618946075,0
3845.0315024939073,34.23961639404297,0.05230534449219704,0
3845.9181582660904,31.420806884765625,0.05486420914530754,0
3846.8029066842887,28.859073638916016,0.056124623864889145,0
3847.6899709383656,30.087209701538086,0.05544440820813179,0
3848.575126959741,29.541118621826172,0.055710602551698685,0
3849.4625998838987,29.542810440063477,0.05878260359168053,0
3850.3481636962338,30.420740127563477,0.05961272493004799,0
3851.2339312313597,30.09263038635254,0.06070500984787941,0
3852.1220172699104,27.487987518310547,0.061943043023347855,0
3853.0081928777204,29.36921501159668,0.06001706421375275,0
3853.896688057088,29.630075454711914,0.058487314730882645,0
3854.78327192558,25.038341522216797,0.0601169690489769,0
3855.6721764342556,26.867202758789062,0.05096079781651497,0
3856.5591687515152,35.5986213684082,0.04689067229628563,0
3857.4463651201922,28.725439071655273,0.05048112943768501,0
3858.3358837322767,34.71574401855469,0.05784028023481369,0
3859.2234888319,42.68870544433594,0.05458877980709076,0
3860.1134172447873,25.89149284362793,0.062449946999549866,0
3861.001431263659,39.90385437011719,0.05038316547870636,0
3861.8917696661447,41.50407409667969,0.047425463795661926,0
3862.780192792654,41.9129638671875,0.048545338213443756,0
3863.668820299736,42.017127990722656,0.0524897575378418,0
3864.5597737962416,34.1919059753418,0.05535370483994484,0
3865.448810693595,37.420040130615234,0.05644295737147331,0
3866.3401746519544,37.45115661621094,0.0568726621568203,0
3867.229621128185,34.479576110839844,0.060682766139507294,0
3868.121395737497,35.38688659667969,0.05992357060313225,0
3869.0112519812974,30.576704025268555,0.0657658651471138,0
3869.9013129353575,29.72289276123047,0.06331857293844223,0
3870.7937036308995,25.990264892578125,0.06718657910823822,0
3871.684174635619,27.494098663330078,0.0658363401889801,0
3872.576976455132,36.667476654052734,0.061789460480213165,0
3873.467857699421,38.50082015991211,0.05856117606163025,0
3874.3610708323085,29.71950340270996,0.062220871448516846,0
3875.252362505165,29.430822372436523,0.06318948417901993,0
3876.143859218499,32.334774017333984,0.06130804121494293,0
3877.0376894314263,29.175661087036133,0.06549205631017685,0
3877.929596856874,23.817058563232422,0.06824994087219238,0
3878.8238388569566,24.550832748413086,0.07000411301851273,0
3879.7161571837323,22.229141235351562,0.07263731956481934,0
3880.6108111606804,24.765775680541992,0.07008048892021179,0
3881.5035405780864,28.22825050354004,0.06847625225782394,0
3882.396475366721,31.654264450073242,0.06605803966522217,0
3883.2917474191227,39.781463623046875,0.05949829891324043,0
3884.1850935823913,37.574501037597656,0.05852771922945976,0
3885.080778086203,30.486177444458008,0.06202726066112518,0
3885.9745358136256,37.779029846191406,0.05941462144255638,0
3886.8706329588636,38.74253845214844,0.05964500457048416,0
3887.7648024400473,38.33400344848633,0.05901573225855827,0
3888.6591776237456,34.488704681396484,0.06186794117093086,0
3889.555893841455,25.621978759765625,0.06740572303533554,0
3890.4506810633766,27.763498306274414,0.06578556448221207,0
3891.3478103978227,38.965492248535156,0.06111834943294525,0
3892.243009847793,40.66712951660156,0.05904090031981468,0
3893.1405524892984,38.06027603149414,0.06063126027584076,0
3894.0361643572305,36.64772033691406,0.06310414522886276,0
3894.9341204962057,35.60675811767578,0.06630285829305649,0
3895.8301449721007,33.9962043762207,0.06802510470151901,0
3896.726375577249,34.61799240112305,0.0692318007349968,0
3897.62495207299,31.156511306762695,0.06993351131677628,0
3898.5215955711533,32.02425765991211,0.06825568526983261,0
3899.420586040659,32.75005340576172,0.06785066425800323,0
3900.317642622057,29.724918365478516,0.06986914575099945,0
3901.217047256046,28.121295928955078,0.07288512587547302,0
3902.114517110986,29.754152297973633,0.0749993771314621,0
3903.0121934276863,29.942001342773438,0.07448074221611023,0
3903.91221941914,22.646055221557617,0.08069868385791779,0
3904.810309294894,23.12000846862793,0.08228817582130432,0
3905.710749927895,26.473304748535156,0.08294948190450668,0
3906.609253553229,27.146268844604492,0.08147671818733215,0
3907.510109018803,30.257625579833984,0.07833980768918991,0
3908.4090265843315,28.166282653808594,0.07565411180257797,0
3909.3081509446642,22.90419578552246,0.07596279680728912,0
3910.2096287700156,24.237594604492188,0.0720200166106224,0
3911.109167356515,25.869009017944336,0.0719870924949646,0
3912.0110604922734,21.29539680480957,0.07587002962827682,0
3912.911013495773,27.540908813476562,0.08014047145843506,0
3913.8133221332714,21.757875442504883,0.0875546783208847,0
3914.7136897446935,22.560874938964844,0.09642330557107925,0
3915.614264484501,14.826790809631348,0.1062297597527504,0
3916.517196485707,20.682435989379883,0.10103504359722137,0
3917.4181861198704,30.288036346435547,0.09092405438423157,0
3918.321534101421,27.166799545288086,0.08105935156345367,0
3919.2229388210817,19.131690979003906,0.08321882784366608,0
3920.126702974619,18.206619262695312,0.09436073154211044,0
3921.028522971007,20.46111488342285,0.09826157987117767,0
3921.9305504298995,24.702756881713867,0.09580355882644653,0
3922.834938952694,26.748868942260742,0.09583859890699387,0
3923.7373819752092,24.97561264038086,0.10067088156938553,0
3924.6421871493676,28.188045501708984,0.09676125645637512,0
3925.5450459269555,34.05512237548828,0.0917653739452362,0
3926.4502679444286,30.692508697509766,0.0951189324259758,0
3927.3535426686276,32.964717864990234,0.09226596355438232,0
3928.2570251899897,38.678863525390625,0.08894214034080505,0
3929.162872583891,35.813724517822266,0.08819655328989029,0
3930.066771339222,37.100013732910156,0.090058334171772,0
3930.9730360565886,34.608314514160156,0.09339068084955215,0
3931.877351237648,34.62788009643555,0.09674443304538727,0
3932.78403347074,30.614437103271484,0.09897187352180481,0
3933.6887652693745,32.78501510620117,0.09906958043575287,0
3934.5937052003706,31.181991577148438,0.10401491075754166,0
3935.5010138186867,33.67003631591797,0.10112099349498749,0
3936.4063706550796,36.93156051635742,0.09721966832876205,0
3937.314097270046,33.10325622558594,0.09822899848222733,0
3938.219871203905,29.848751068115234,0.09965388476848602,0
3939.1280160080923,31.085189819335938,0.09399551898241043,0
3940.034207231573,23.799091339111328,0.10200827568769455,0
3940.9406069231536,25.661964416503906,0.09785130620002747,0
3941.849379122989,26.40964698791504,0.09402657300233841,0
3942.7561963924777,28.33323097229004,0.091622494161129,0
3943.665387263235,27.687747955322266,0.08995257318019867,0
3944.5726223030097,35.15624237060547,0.0833992287516594,0
3945.48223203757,33.60697555541992,0.08180315792560577,0
3946.389885040098,31.939847946166992,0.08337759971618652,0
3947.297746847006,34.439979553222656,0.08145461976528168,0
3948.207984989267,35.074989318847656,0.08020524680614471,0
3949.116265047679,36.425262451171875,0.0771593376994133,0
3950.026922536221,25.44266700744629,0.08480726927518845,0
3950.9356210388255,29.908349990844727,0.07957857102155685,0
3951.8466980668404,33.88150405883789,0.07506567239761353,0
3952.7558152064144,23.051790237426758,0.0811844989657402,0
3953.6651414871912,32.10115432739258,0.073635533452034,0
3954.5768479365934,33.44757080078125,0.06908942759037018,0
3955.486593143557,29.5616512298584,0.06731816381216049,0
3956.398719615688,29.796167373657227,0.0659518614411354,0
3957.308883941837,32.71384048461914,0.06338752061128616,0
3958.221430630201,34.866458892822266,0.062236856669187546,0
3959.132014268624,30.718339920043945,0.0656207725405693,0
3960.044981366815,31.425756454467773,0.06635375320911407,0
3960.9559845106883,29.23625946044922,0.06960304081439972,0
3961.8671972296374,40.607139587402344,0.06614270061254501,0
3962.780795054978,34.04510498046875,0.07462629675865173,0
3963.6924275691954,33.36060333251953,0.08069632202386856,0
3964.606446288621,38.493980407714844,0.08082010596990585,0
3965.518498791505,39.89710998535156,0.08311543613672256,0
3966.4329385989217,35.29636001586914,0.09063486009836197,0
3967.3454112839613,30.23302459716797,0.09975701570510864,0
3968.2580938821434,31.445348739624023,0.10669254511594772,0
3969.173165434137,26.608028411865234,0.11287542432546616,0
3970.086268504759,24.36381721496582,0.12168211489915848,0
3971.001761629783,19.294105529785156,0.12516559660434723,0
3971.915285366557,37.48988342285156,0.10171399265527725,0
3972.831200258829,33.95149612426758,0.10212814807891846,0
3973.7451448555557,34.695560455322266,0.1006876528263092,0
3974.659299704035,32.17405700683594,0.10257066786289215,0
3975.5758473599535,31.79945182800293,0.10164647549390793,0
3976.4904233591387,39.17109680175781,0.09605880826711655,0
3977.407393268127,37.51682662963867,0.09741407632827759,0
3978.3223906120415,32.310245513916016,0.10914891958236694,0
3979.239782968633,34.34859848022461,0.10567734390497208,0
3980.15520185139,35.12885284423828,0.10364394634962082,0
3981.0708313250575,40.289344787597656,0.09828178584575653,0
3981.9888574660067,36.92308044433594,0.10311596095561981,0
3982.904908769739,37.73688507080078,0.10209876298904419,0
3983.8233578448962,37.27652359008789,0.10309509187936783,0
3984.73983117303,38.620094299316406,0.10427818447351456,0
3985.6587033772407,39.637027740478516,0.10633482784032822,0
3986.575598924202,38.296504974365234,0.10800781100988388,0
3987.4927054017794,39.43719482421875,0.1061820462346077,0
3988.412212412707,34.04410934448242,0.1088731437921524,0
3989.3297414008034,35.366268157958984,0.108516164124012,0
3990.2496720281756,39.60558319091797,0.1041344702243805,0
3991.167623721442,44.163002014160156,0.10090367496013641,0
3992.0879781604176,40.43243408203125,0.10400523245334625,0
3993.006352753594,38.832679748535156,0.10742715746164322,0
3993.9249386176384,39.9023323059082,0.1053677424788475,0
3994.845928887339,40.82049560546875,0.10350143909454346,0
3995.764937943456,42.85829162597656,0.10106644034385681,0
3996.6863525129374,45.454132080078125,0.09912500530481339,0
3997.6057849560907,44.8581428527832,0.09910966455936432,0
3998.5276240208273,42.312679290771484,0.09999433159828186,0
3999.447480046071,39.86750411987305,0.10141617059707642,0
4000.367547682985,38.725059509277344,0.10005847364664078,0
4001.290023604107,45.439735412597656,0.09724308550357819,0
4002.2105151157443,38.740318298339844,0.11051402240991592,0
4003.133416021086,36.83211135864258,0.11718153953552246,0
4004.0543316027265,33.4710578918457,0.12350133061408997,0
4004.9776576880777,29.41672134399414,0.12975752353668213,0
4005.8989975350905,33.203033447265625,0.12361092865467072,0
4006.8205493351243,35.64688491821289,0.12019363045692444,0
4007.7445133041747,36.2730712890625,0.11878883838653564,0
4008.6664896626858,35.60087203979492,0.11944369971752167,0
4009.5908793014987,33.6201286315918,0.11886607110500336,0
4010.5132804140812,39.76079177856445,0.11389483511447906,0
4011.4380959187624,23.279993057250977,0.13500577211380005,0
4012.3609219811,21.809059143066406,0.13947322964668274,0
4013.283960338361,23.236936569213867,0.13896198570728302,0
4014.209414755713,24.275726318359375,0.1428002566099167,0
4015.1328783563076,25.25901985168457,0.14570415019989014,0
4016.0587591300714,21.71017074584961,0.14798051118850708,0
4016.9826481699088,17.254671096801758,0.13655704259872437,0
4017.908955496506,14.085227966308594,0.14005304872989655,0
4018.833270171586,15.291476249694824,0.13725580275058746,0
4019.757797484042,15.088458061218262,0.1338728964328766,0
4020.684744753942,23.794649124145508,0.13531915843486786,0
4021.609697995693,24.488758087158203,0.14029723405838013,0
4022.5370723097603,27.670846939086914,0.13413861393928528,0
4023.4624516770314,23.88461685180664,0.13649113476276398,0
4024.3902532320058,30.018186569213867,0.12555380165576935,0
4025.316058921112,36.02189254760742,0.11673644185066223,0
4026.2420775906007,27.509933471679688,0.12622547149658203,0
4027.170520121172,27.812341690063477,0.1288669854402542,0
4028.0969654070227,31.25288200378418,0.1240491047501564,0
4029.025835670627,37.240272521972656,0.11686129122972488,0
4029.952707769382,36.502532958984375,0.11404941976070404,0
4030.882005963077,29.497962951660156,0.12081895768642426,0
4031.8093050713683,34.450584411621094,0.1131962388753891,0
4032.7390313923,40.759761810302734,0.10648848116397858,0
4033.666757706851,40.493141174316406,0.10526919364929199,0
4034.594697443621,40.3284912109375,0.10552845150232315,0
4035.5250660698825,38.90828323364258,0.11162890493869781,0
4036.4534333080496,35.313232421875,0.11938454955816269,0
4037.384230554696,41.158504486083984,0.11187917739152908,0
4038.3130254912094,45.29299545288086,0.10445424914360046,0
4039.244251555706,37.128028869628906,0.11102951318025589,0
4040.1734743876063,35.16255569458008,0.1075209528207779,0
4041.1029109859983,38.02631759643555,0.10210985690355301,0
4042.034780391928,38.400455474853516,0.0986253023147583,0
4042.96464518132,37.76335525512695,0.09898237138986588,0
4043.8969438990434,35.350311279296875,0.1039443388581276,0
4044.827237076703,36.08433532714844,0.10217221826314926,0
4045.759965304004,37.18559646606445,0.09549228847026825,0
4046.6906870672897,30.357685089111328,0.0898807942867279,0
4047.6216229418937,24.251293182373047,0.08715424686670303,0
4048.554995548403,29.7200984954834,0.08863707631826401,0
4049.4863603047233,27.41684341430664,0.10206624120473862,0
4050.42016291555,18.960386276245117,0.11988317221403122,0
4051.351956751172,12.677253723144531,0.13208307325839996,0
4052.2861895644187,14.210843086242676,0.14295899868011475,0
4053.2184126770194,15.076223373413086,0.14834168553352356,0
4054.1508502463216,18.905471801757812,0.1418084353208542,0
4055.0857284782264,24.460519790649414,0.13832935690879822,0
4056.018595621075,21.59755516052246,0.1487540751695633,0
4056.953904550938,15.947358131408691,0.16420228779315948,0
4057.8872014652375,21.909778594970703,0.14892356097698212,0
4058.822941291481,23.76595115661621,0.14020714163780212,0
4059.756668175226,28.215665817260742,0.12881430983543396,0
4060.6906098616137,33.493980407714844,0.11729990690946579,0
4061.626996147642,36.64191818237305,0.11127669364213943,0
4062.5613681005216,38.4261589050293,0.11179982125759125,0
4063.4981857792677,37.94538497924805,0.10820556432008743,0
4064.4329881968633,42.65425109863281,0.10574354976415634,0
4065.37023746707,46.21552658081055,0.10203113406896591,0
4066.305470547696,45.07069778442383,0.10434576869010925,0
4067.2409187774633,41.920658111572266,0.10972524434328079,0
4068.1788155502604,39.07784652709961,0.11482837051153183,0
4069.114694740583,45.12691116333008,0.11069697886705399,0
4070.053023601979,46.5390739440918,0.11126504093408585,0
4070.9893339514015,50.53175354003906,0.10673899203538895,0
4071.928095100459,48.50529479980469,0.10930416733026505,0
4072.864836807615,50.712223052978516,0.10896468162536621,0
4073.8017940109703,48.608394622802734,0.11107512563467026,0
4074.741203707106,49.64929962158203,0.11193456500768661,0
4075.6785925662,52.66709518432617,0.1057329848408699,0
4076.6184350479375,53.08571243286133,0.10179106891155243,0
4077.556255761635,50.29549789428711,0.09861162304878235,0
4078.4965312283575,47.30506896972656,0.10137118399143219,0
4079.4347839956135,51.73877716064453,0.1012679934501648,0
4080.3732526066856,54.62398147583008,0.09972076117992401,0
4081.314177666659,43.385215759277344,0.11030294001102448,0
4082.2530786297752,48.840980529785156,0.1088409349322319,0
4083.1944371734776,48.71913528442383,0.11053651571273804,0
4084.1337706878226,44.671878814697266,0.11276998370885849,0
4085.07556291496,46.69350814819336,0.11101818829774857,0
4086.015329179809,49.39516067504883,0.1109471246600151,0
4086.9553116366533,51.60401153564453,0.10788596421480179,0
4087.8977545049015,51.37682342529297,0.10860864818096161,0
4088.8381700112172,47.21649169921875,0.11306283622980118,0
4089.7810470624486,50.16986846923828,0.11271072179079056,0
4090.7218958177423,50.58484649658203,0.11167041212320328,0
4091.6652072519837,48.92271423339844,0.11217561364173889,0
4092.6064894558535,47.21143341064453,0.1143181324005127,0
4093.547988200457,48.09674835205078,0.11423861235380173,0
4094.49195132536,55.09668731689453,0.10690268129110336,0
4095.4338838179888,51.25667190551758,0.1107531487941742,0
4096.378281826256,48.26471710205078,0.11368971318006516,0
4097.320648266737,49.59242630004883,0.10939974337816238,0
4098.26548135872,52.035133361816406,0.10569918155670166,0
4099.208281946973,54.588069915771484,0.10727836191654205,0
4100.151299425264,52.84687042236328,0.11246916651725769,0
4101.096785259151,52.42051315307617,0.11692552268505096,0
4102.040237185147,53.606292724609375,0.1157434731721878,0
4102.98615860391,54.84205627441406,0.11535027623176575,0
4103.93004517776,53.46137237548828,0.11608941107988358,0
4104.876402382072,48.4437141418457,0.11807829886674881,0
4105.8207238040195,56.95195007324219,0.10749771445989609,0
4106.767516994647,55.72461700439453,0.10775276273488998,0
4107.712273465026,54.63409423828125,0.10883078724145889,0
4108.65724727539,54.1285400390625,0.1101779043674469,0
4109.604694562065,47.752532958984375,0.11764433979988098,0
4110.550103721414,49.40376281738281,0.11673950403928757,0
4111.497987496605,52.55503463745117,0.11193837225437164,0
4112.443832205507,58.05221939086914,0.1056024581193924,0
4113.392152670303,58.64118576049805,0.10173016041517258,0
4114.338433129414,48.242713928222656,0.11770320683717728,0
4115.2849312791,50.55479431152344,0.11404208838939667,0
4116.233906895068,53.44243621826172,0.11337927728891373,0
4117.180841096004,49.10850524902344,0.12084046751260757,0
4118.130253904588,46.955326080322266,0.12861862778663635,0
4119.077624357661,44.32200622558594,0.13121989369392395,0
4120.0274745602765,43.13681411743164,0.12943363189697266,0
4120.975281466467,48.282257080078125,0.12136605381965637,0
4121.923306414392,50.16598129272461,0.11935475468635559,0
4122.873812825004,55.16704177856445,0.11248617619276047,0
4123.822274527573,57.51637649536133,0.10900196433067322,0
4124.773218836039,61.35435485839844,0.10408087074756622,0
4125.722117494464,57.325775146484375,0.10845469683408737,0
4126.673499902521,54.5499382019043,0.1097482368350029,0
4127.622835718109,55.966129302978516,0.10819001495838165,0
4128.572389927153,59.7813835144043,0.10723574459552765,0
4129.524429601738,54.85014343261719,0.1166272833943367,0
4130.474421269957,48.16789627075195,0.1276940107345581,0
4131.426899548768,46.38768768310547,0.1324070543050766,0
4132.377328877698,44.16057205200195,0.13375675678253174,0
4133.330245962801,48.83196258544922,0.12535838782787323,0
4134.281113154072,51.2349739074707,0.12095650285482407,0
4135.2321990910905,52.53055191040039,0.1162552684545517,0
4136.18577450296,51.95454788208008,0.11517773568630219,0
4137.137298604819,58.714664459228516,0.10474693775177002,0
4138.0913133284275,61.57373046875,0.10702104866504669,0
4139.043275796989,58.04142761230469,0.1115705817937851,0
4139.99773003473,54.5207633972168,0.11754675954580307,0
4140.950131071949,50.37765884399414,0.12486570328474045,0
4141.9027512077755,45.08475875854492,0.13632652163505554,0
4142.85786483423,45.699405670166016,0.13951575756072998,0
4143.810923841702,51.81683349609375,0.1340600848197937,0
4144.766477488551,48.21041488647461,0.14185374975204468,0
4145.719975569855,45.60187530517578,0.1466381549835205,0
4146.675969439816,48.80094909667969,0.13893449306488037,0
4147.629906797235,49.240028381347656,0.1371506154537201,0
4148.584063606689,53.298194885253906,0.13344375789165497,0
4149.540717929026,51.23128128051758,0.1329594850540161,0
4150.495314318069,50.48093032836914,0.13305270671844482,0
4151.452409370599,50.1583251953125,0.13144533336162567,0
4152.407445541747,47.84961700439453,0.13402825593948364,0
4153.364981527513,45.487281799316406,0.13922788202762604,0
4154.320457683372,46.22146224975586,0.14039954543113708,0
4155.276153645265,51.46664047241211,0.1319805383682251,0
4156.234351148784,54.30622863769531,0.12231677025556564,0
4157.1904873993535,53.778472900390625,0.12200327962636948,0
4158.149126344008,48.23468780517578,0.12339235842227936,0
4159.105703086096,49.803104400634766,0.12297696620225906,0
4160.064783675258,48.98698425292969,0.12620653212070465,0
4161.021801111796,53.14780044555664,0.1289002001285553,0
4161.979038708938,49.38509750366211,0.13658833503723145,0
4162.938781882949,46.525108337402344,0.1417732983827591,0
4163.896460478998,46.67755889892578,0.14360955357551575,0
4164.856645806234,45.46803665161133,0.1471160501241684,0
4165.814765604358,46.26301193237305,0.14322902262210846,0
4166.77539328852,46.33988571166992,0.13801494240760803,0
4167.733954491981,51.487457275390625,0.1251683086156845,0
4168.692736211187,48.58079528808594,0.12833744287490845,0
4169.654027549014,50.883304595947266,0.12667624652385712,0
4170.613250978504,53.054107666015625,0.1263216882944107,0
4171.574985182794,55.96769714355469,0.12572717666625977,0
4172.534650526063,56.30752182006836,0.1288188397884369,0
4173.4968278008455,53.72893524169922,0.13312077522277832,0
4174.4569352614835,53.4250602722168,0.13391534984111786,0
4175.417263593581,54.35035705566406,0.13243834674358368,0
4176.38010559257,55.211669921875,0.13043461740016937,0
4177.3408763474745,56.03786087036133,0.13180150091648102,0
4178.304161927316,53.416263580322266,0.137354776263237,0
4179.265375308852,55.67781066894531,0.13209863007068634,0
4180.229104673904,56.322998046875,0.13235414028167725,0
4181.190760885988,51.17723846435547,0.14104776084423065,0
4182.154934240702,48.7692985534668,0.14462539553642273,0
4183.117033487348,46.764862060546875,0.14648957550525665,0
4184.079354063661,50.366004943847656,0.1393766701221466,0
4185.044193521581,48.133365631103516,0.14196111261844635,0
4186.006957438528,47.17860412597656,0.14396525919437408,0
4186.972241397529,47.5709342956543,0.1468438059091568,0
4187.935448859356,44.646968841552734,0.1557794064283371,0
4188.901177524219,43.480506896972656,0.16165447235107422,0
4189.864828735267,41.98593521118164,0.1659327894449234,0
4190.82870163301,42.32733917236328,0.16185563802719116,0
4191.795097475572,41.996604919433594,0.15650105476379395,0
4192.759414429102,47.219093322753906,0.1426084190607071,0
4193.726255489772,48.90346908569336,0.14245471358299255,0
4194.691016703665,45.447059631347656,0.15401619672775269,0
4195.658303187552,46.81985092163086,0.15359726548194885,0
4196.623508866479,49.457000732421875,0.15070529282093048,0
4197.588936589704,50.22201156616211,0.149712473154068,0
4198.5568913275165,49.935726165771484,0.14664454758167267,0
4199.522763822836,49.13468933105469,0.1463005095720291,0
4200.491164496938,48.6490478515625,0.14539246261119843,0
4201.457481969258,50.80544662475586,0.1411280781030655,0
4202.426328785091,56.87059783935547,0.13162848353385925,0
4203.393091439412,57.10691833496094,0.1347300112247467,0
4204.360076496212,55.43623733520508,0.13901560008525848,0
4205.329592643932,53.8460578918457,0.1438756287097931,0
4206.297023190289,52.46345901489258,0.14719203114509583,0
4207.266985993639,50.742950439453125,0.1489589810371399,0
4208.23486223479,51.9749755859375,0.14762532711029053,0
4209.205271899543,53.93824768066406,0.14630277454853058,0
4210.173594040819,52.0269775390625,0.15098296105861664,0
4211.142138943332,51.50107192993164,0.15388223528862,0
4212.113219019673,53.77656936645508,0.14699412882328033,0
4213.082210130363,50.87103271484375,0.15127384662628174,0
4214.053737582835,54.03190612792969,0.14412742853164673,0
4215.023175107271,57.061065673828125,0.13848628103733063,0
4215.995150141979,51.03589630126953,0.14570103585720062,0
4216.965034285822,52.3150520324707,0.14797784388065338,0
4217.935141550239,52.34450149536133,0.15516139566898346,0
4218.907788077978,49.51428985595703,0.1658068150281906,0
4219.87834227035,49.75505828857422,0.16582338511943817,0
4220.851436895883,49.74232482910156,0.15808749198913574,0
4221.822438222112,50.617984771728516,0.15060919523239136,0
4222.795981151879,50.87438201904297,0.14691995084285736,0
4223.767429817958,49.23554611206055,0.149039164185524,0
4224.739101964527,52.762847900390625,0.14928928017616272,0
4225.71331747051,56.75368881225586,0.14694742858409882,0
4226.685437265976,54.171443939208984,0.15350760519504547,0
4227.660101592581,55.90627670288086,0.14857135713100433,0
4228.632669243176,51.41237258911133,0.15414190292358398,0
4229.607782597174,55.51810836791992,0.14530819654464722,0
4230.5807983092245,50.485069274902344,0.15424011647701263,0
4231.554037862261,52.705665588378906,0.15663444995880127,0
4232.529824877411,51.560848236083984,0.16181111335754395,0
4233.503512801448,48.966636657714844,0.1690921038389206,0
4234.479749361212,48.05690002441406,0.1690780371427536,0
4235.453885862814,46.0130729675293,0.16906166076660156,0
4236.430572174299,49.28800964355469,0.15922583639621735,0
4237.405157460125,55.054420471191406,0.15177281200885773,0
4238.379966948017,50.98072052001953,0.15769203007221222,0
4239.357328007337,48.59933853149414,0.16396933794021606,0
4240.332586589497,51.65991973876953,0.16157497465610504,0
4241.310397918594,51.804969787597656,0.14718595147132874,0
4242.286105801921,54.3624267578125,0.1536109894514084,0
4243.264367608233,51.79692840576172,0.1619960069656372,0
4244.240524999719,47.20503616333008,0.17388373613357544,0
4245.216906954929,50.743133544921875,0.16844013333320618,0
4246.195844597515,52.81454849243164,0.15995028614997864,0
4247.17267637143,53.684486389160156,0.1539011299610138,0
4248.152065010123,56.778804779052734,0.14956501126289368,0
4249.129346809973,52.30177307128906,0.1579180210828781,0
4250.1091866525485,55.845069885253906,0.1536327451467514,0
4251.08691868566,60.27010726928711,0.14679169654846191,0
4252.064875644741,55.81695556640625,0.1512765884399414,0
4253.045392413782,61.1378173828125,0.14354754984378815,0
4254.0237999171695,55.13834762573242,0.1529102772474289,0
4255.004768409822,53.865631103515625,0.15678533911705017,0
4255.983626665083,51.56401824951172,0.16125251352787018,0
4256.965047089454,54.92615509033203,0.15237212181091309,0
4257.94435630425,55.078468322753906,0.14861313998699188,0
4258.926228868545,53.035072326660156,0.1504618525505066,0
4259.905989250631,55.84353256225586,0.1467776596546173,0
4260.885975025306,55.20204162597656,0.15096715092658997,0
4261.868525920381,48.25741195678711,0.1437469720840454,0
4262.848963174038,45.658363342285156,0.07859485596418381,65536
4263.831966729845,43.27490234375,0.0870661586523056,0
4264.81285567048,51.78711700439453,0.1471952497959137,0
4265.796312095559,48.3780403137207,0.15637148916721344,0
4266.777652931263,52.2708854675293,0.15082307159900665,0
4267.759219523137,53.49786376953125,0.15548664331436157,0
4268.7433553732135,48.63017654418945,0.1681319922208786,0
4269.725374172352,51.35196304321289,0.16820760071277618,0
4270.7099634133465,51.456451416015625,0.1653861254453659,0
4271.692434628079,50.89165496826172,0.1648196578025818,0
4272.677477468872,54.490047454833984,0.15435004234313965,0
4273.660401307628,54.90321350097656,0.14949679374694824,0
4274.643551266721,57.14010238647461,0.1476369947195053,0
4275.629274628493,50.3971061706543,0.16048580408096313,0
4276.612877524305,51.8232421875,0.16433995962142944,0
4277.5990550083625,54.835147857666016,0.16078662872314453,0
4278.583111049563,52.83088684082031,0.16262276470661163,0
4279.569742865119,55.64170837402344,0.16019709408283234,0
4280.554252260472,55.597381591796875,0.1616637408733368,0
4281.538988140917,54.241912841796875,0.16305042803287506,0
4282.526301575202,57.18242645263672,0.15919511020183563,0
4283.511491123,53.78168869018555,0.16427017748355865,0
4284.499259412117,48.70074462890625,0.17166148126125336,0
4285.484902836272,53.02971649169922,0.16534684598445892,0
4286.473126189771,57.02174758911133,0.15538446605205536,0
4287.459223699386,51.005455017089844,0.1673874706029892,0
4288.445548059436,47.772029876708984,0.17412838339805603,0
4289.434454131184,48.46648406982422,0.17590130865573883,0
4290.4212328904,47.974334716796875,0.17725399136543274,0
4291.410594550706,49.909481048583984,0.17270313203334808,0
4292.397827918428,47.01128387451172,0.17763938009738922,0
4293.387645377183,46.224281311035156,0.1776948720216751,0
4294.37533356285,55.49570083618164,0.16306018829345703,0
4295.363248964885,55.34741973876953,0.1625799685716629,0
4296.353750243184,55.02977752685547,0.1644916832447052,0
4297.342120777377,55.26858901977539,0.165486142039299,0
4298.333078379144,54.91306686401367,0.1645510196685791,0
4299.321904255175,60.073856353759766,0.1527492254972458,0
4300.313318390639,60.39655303955078,0.15214549005031586,0
4301.302599818281,60.80436706542969,0.1530095338821411,0
4302.292108828816,56.71283721923828,0.16340294480323792,0
4303.284207886895,57.24359893798828,0.16586074233055115,0
4304.274172763761,51.03456115722656,0.17764784395694733,0
4305.266728881406,55.345401763916016,0.1691734492778778,0
4306.257149834622,53.09170913696289,0.1704210638999939,0
4307.2501632224,54.870121002197266,0.16698355972766876,0
4308.2410404620805,57.390167236328125,0.16178923845291138,0
4309.232145651767,56.67586898803711,0.11164772510528564,0
4310.22584506701,58.70292282104492,0.10820019245147705,0
4311.217406858387,62.64529037475586,0.1440284252166748,0
4312.211564070479,59.88145446777344,0.14693884551525116,0
4313.203582673904,52.99170684814453,0.16003265976905823,0
4314.198197893752,52.51401138305664,0.1720237135887146,0
4315.190673519677,49.49740982055664,0.18490102887153625,0
4316.183377463316,43.5452766418457,0.19910810887813568,0
4317.178679817262,41.74510192871094,0.2055266797542572,0
4318.171841099136,44.61951446533203,0.18444350361824036,0
4319.167601988404,41.439937591552734,0.1804760843515396,0
4320.161220819211,51.55175018310547,0.1612650752067566,0
4321.157440455049,58.10873794555664,0.1522262692451477,0
4322.15151704558,58.82975387573242,0.1537235826253891,0
4323.145822322123,55.89813995361328,0.16077972948551178,0
4324.142730200476,54.61008071899414,0.16653823852539062,0
4325.13749355299,53.15220642089844,0.1691918969154358,0
4326.134860706329,50.59932327270508,0.17844490706920624,0
4327.130082345848,58.0125846862793,0.16534540057182312,0
4328.127908985762,52.72783660888672,0.17279061675071716,0
4329.123589123418,53.37915802001953,0.17143088579177856,0
4330.119498315981,59.3078727722168,0.16079175472259521,0
4331.118014308616,53.526973724365234,0.16722998023033142,0
4332.114382316072,62.00125503540039,0.1531587690114975,0
4333.11335832455,59.71304702758789,0.15824346244335175,0
4334.110185358275,62.13238525390625,0.15082208812236786,0
4335.109621594527,63.35350036621094,0.15213103592395782,0
4336.106907865994,59.83159255981445,0.15817464888095856,0
4337.106804542047,58.42099380493164,0.16102702915668488,0
4338.104550262826,55.26724624633789,0.17099565267562866,0
4339.102525513697,50.859493255615234,0.17921797931194305,0
4340.1031129725625,53.77300262451172,0.1725091189146042,0
4341.101547990159,53.187984466552734,0.17131087183952332,0
4342.102596419193,50.77122497558594,0.17362333834171295,0
4343.101491415328,51.79466247558594,0.17157241702079773,0
4344.103001026899,57.04426574707031,0.16152404248714447,0
4345.102356213485,49.872276306152344,0.1743706911802292,0
4346.101941300419,52.882789611816406,0.17212757468223572,0
4347.104142809106,53.3303337097168,0.1700395792722702,0
4348.104188404415,54.61341094970703,0.16190683841705322,0
4349.106851626862,59.46812438964844,0.15233871340751648,0
4350.107357942704,55.95259094238281,0.1601521521806717,0
4351.110483091622,52.37138748168945,0.17013750970363617,0
4352.111450340249,56.224082946777344,0.16939622163772583,0
4353.112647860075,57.38564682006836,0.17198215425014496,0
4354.116466022211,56.7756462097168,0.16973727941513062,0
4355.11812479326,60.16374969482422,0.15780486166477203,0
4356.1224054139475,63.41849899291992,0.1438152939081192,0
4357.124525648717,59.48823547363281,0.13635334372520447,0
4358.12926894101,57.16056442260742,0.1259579211473465,0
4359.131850852098,61.313838958740234,0.11118661612272263,0
4360.134663405836,61.651424407958984,0.1153462752699852,0
4361.140100829248,51.18517303466797,0.10962992906570435,0
4362.143375378255,47.29336929321289,0.12243850529193878,0
4363.14927600621,48.577606201171875,0.13384203612804413,0
4364.153012763326,48.31833267211914,0.1738113909959793,0
4365.159376809224,48.42988586425781,0.18264718353748322,0
4366.163575987388,47.697452545166016,0.18849419057369232,0
4367.1680061802535,48.94867706298828,0.18376582860946655,0
4368.175065476975,56.47535705566406,0.1669367551803589,0
4369.179958410354,57.08723449707031,0.1627708524465561,0
4370.187481658815,56.902896881103516,0.1604928821325302,0
4371.192837545892,55.6563835144043,0.16221019625663757,0
4372.200824959837,62.073509216308594,0.15297368168830872,0
4373.206644013894,56.520198822021484,0.16241927444934845,0
4374.212694455303,56.63760757446289,0.16318750381469727,0
4375.221378241581,56.28282165527344,0.12279028445482254,0
4376.227892169952,57.33342361450195,0.11907590925693512,0
4377.237040656371,58.40312576293945,0.11367306113243103,0
4378.244018285232,56.72828674316406,0.15773464739322662,0
4379.253631685881,54.05487060546875,0.1696460247039795,0
4380.261073228858,51.902587890625,0.1794867366552353,0
4381.268746532437,50.88258361816406,0.1819850653409958,0
4382.27905742874,52.14894104003906,0.1833854466676712,0
4383.2871949669325,54.66497802734375,0.17838628590106964,0
4384.297971312986,56.802764892578125,0.17335528135299683,0
4385.306573299665,55.89751434326172,0.17669014632701874,0
4386.3178153099025,50.10532760620117,0.19030597805976868,0
4387.326881959038,52.40243911743164,0.18718740344047546,0
4388.33618074263,53.75277328491211,0.18991826474666595,0
4389.348121373652,53.07195281982422,0.19326330721378326,0
4390.357885140716,51.52338790893555,0.20039263367652893,0
4391.370291972307,44.717567443847656,0.21576417982578278,0
4392.380520937059,46.23261642456055,0.21467134356498718,0
4393.393394183998,44.86669921875,0.21417155861854553,0
4394.404088560755,41.71343231201172,0.2161301225423813,0
4395.415015446425,43.47419357299805,0.21329760551452637,0
4396.428588441096,42.43766403198242,0.2138735055923462,0
4397.439981060304,45.55735778808594,0.208731010556221,0
4398.454021007572,40.765846252441406,0.2275628298521042,0
4399.465879574879,40.85835266113281,0.23160633444786072,0
4400.480386689871,39.92447280883789,0.23678404092788696,0
4401.492711419941,39.113548278808594,0.2406722605228424,0
4402.505269033984,42.36433792114258,0.22922924160957336,0
4403.520477025472,42.309818267822266,0.22722037136554718,0
4404.533501124329,46.74887466430664,0.2081603854894638,0
4405.549176821657,48.12138748168945,0.1939825862646103,0
4406.5626676202355,51.449737548828125,0.18289388716220856,0
4407.5788112388755,57.12065505981445,0.16867586970329285,0
4408.592768952185,64.28789520263672,0.15201908349990845,0
4409.606959925133,66.00594329833984,0.1128108948469162,0
4410.623805550856,66.18028259277344,0.10990138351917267,0
4411.6384637611045,68.45753479003906,0.15266014635562897,0
4412.655777847124,56.815425872802734,0.17354072630405426,0
4413.67090350993,60.73411560058594,0.1681298166513443,0
4414.688686272067,59.984779357910156,0.17193204164505005,0
4415.704279602784,56.1041374206543,0.18355782330036163,0
4416.722531256957,50.84354019165039,0.19938500225543976,0
4417.73859247104,49.420352935791016,0.20460280776023865,0
4418.7548874286695,51.2736701965332,0.20170336961746216,0
4419.77384254627,49.61457443237305,0.16698472201824188,0
4420.790605710505,55.28973388671875,0.15100330114364624,0
4421.810030260245,57.72876739501953,0.1485370546579361,0
4422.827261846788,58.22226333618164,0.17485322058200836,0
4423.847156044934,61.118473052978516,0.17185766994953156,0
4424.864856269587,62.26551055908203,0.16683784127235413,0
4425.882790614839,64.31724548339844,0.16210423409938812,0
4426.903389411171,65.80352783203125,0.15806889533996582,0
4427.921792718293,58.99006271362305,0.16729974746704102,0
4428.942861704006,61.74171829223633,0.16506551206111908,0
4429.961734189049,61.273712158203125,0.16624756157398224,0
4430.98327358076,60.47492599487305,0.16985386610031128,0
4432.002615459874,58.19293975830078,0.17348255217075348,0
4433.022191837247,54.20979309082031,0.18646055459976196,0
4434.044436963733,53.211952209472656,0.19243933260440826,0
4435.06448305946,51.78128433227539,0.19727449119091034,0
4436.087199133791,51.41334915161133,0.19641537964344025,0
4437.10771516427,56.35433578491211,0.18863558769226074,0
4438.130902403412,56.15415954589844,0.1845613270998001,0
4439.151888585143,59.50034713745117,0.17483575642108917,0
4440.173109643404,62.867435455322266,0.16519424319267273,0
4441.197003755741,60.12168502807617,0.16154330968856812,0
4442.218695290059,62.319679260253906,0.14591585099697113,0
4443.243061109929,60.73933029174805,0.15140658617019653,0
4444.265223337053,64.30363464355469,0.15179170668125153,65536
4445.290061081771,55.576820373535156,0.1691889613866806,0
4446.312694218547,58.96213912963867,0.1746155023574829,0
4447.335562610734,60.272369384765625,0.17169222235679626,0
4448.361108368907,59.356903076171875,0.17148363590240479,0
4449.384447996076,63.62318420410156,0.1678934395313263,0
4450.410466222694,55.834686279296875,0.18320110440254211,0
4451.434277301944,62.2943000793457,0.17506685853004456,0
4452.4607682146725,67.743408203125,0.16726413369178772,0
4453.4850509632015,62.40644836425781,0.17467689514160156,0
4454.509569346632,66.16780090332031,0.16942083835601807,0
4455.536769414913,68.2550048828125,0.1661546379327774,0
4456.561759793476,64.42935180664062,0.1697765588760376,0
4457.589433092342,69.619140625,0.1627572476863861,0
4458.614895683487,65.23780822753906,0.1674577295780182,0
4459.643042430955,63.36832046508789,0.16952462494373322,0
4460.668977452229,60.183528900146484,0.1740504801273346,0
4461.695148488507,61.633270263671875,0.1772308498620987,0
4462.724005535468,62.606727600097656,0.1767122447490692,0
4463.750649328255,63.10730743408203,0.1742285043001175,0
4464.7799803691705,62.878211975097656,0.17480874061584473,0
4465.807097136267,59.62006759643555,0.18044818937778473,0
4466.836902389504,56.43662643432617,0.18617455661296844,0
4467.864492348808,56.584537506103516,0.19275978207588196,0
4468.892318703832,58.13447570800781,0.19419902563095093,0
4469.922835402349,58.63511657714844,0.19190508127212524,0
4470.951135276488,57.43492126464844,0.19280774891376495,0
4471.982126733558,57.17161560058594,0.1903606504201889,0
4473.010900344962,61.497379302978516,0.18142284452915192,0
4474.0423667793075,65.35148620605469,0.17398740351200104,0
4475.071614346226,62.01987075805664,0.1797584444284439,0
4476.101098690194,57.18083953857422,0.18357054889202118,0
4477.133277717454,48.88945388793945,0.2149142473936081,0
4478.163236344371,47.45404052734375,0.22059841454029083,0
4479.19589089602,51.5799446105957,0.2088816910982132,0
4480.226324024388,57.71669387817383,0.14382173120975494,0
4481.259454319499,53.36717224121094,0.14990028738975525,0
4482.290362167922,51.9514045715332,0.21044987440109253,0
4483.321507175339,52.375423431396484,0.21076259016990662,0
4484.355351212848,57.05154037475586,0.195003479719162,0
4485.386971268283,57.45869445800781,0.18739314377307892,0
4486.42129159725,58.16318893432617,0.1909908801317215,0
4487.453386919555,59.31108093261719,0.19382135570049286,0
4488.488183759407,58.64460754394531,0.19141964614391327,0
4489.520754567538,60.31443786621094,0.18913210928440094,0
4490.5535629172255,61.394371032714844,0.18685467541217804,0
4491.589074650816,60.18494415283203,0.18487197160720825,0
4492.6223588148205,63.48651885986328,0.17376704514026642,0
4493.658347608175,64.1241226196289,0.17338505387306213,0
4494.692107805705,60.19013214111328,0.1823958158493042,0
4495.728573878606,59.50448989868164,0.18859878182411194,0
4496.762810328968,60.852989196777344,0.18841981887817383,0
4497.799753901298,57.71119689941406,0.19890634715557098,0
4498.834466823902,57.916297912597656,0.19621579349040985,0
4499.869417780855,54.48017120361328,0.2012750655412674,0
4500.907077730001,53.69927978515625,0.20308521389961243,0
4501.9425054883695,52.393978118896484,0.20840153098106384,0
4502.980643486962,54.786109924316406,0.2035851925611496,0
4504.016548266408,61.70835494995117,0.1858544945716858,0
4505.055164534685,64.66998291015625,0.17775706946849823,0
4506.091546554971,61.699790954589844,0.1818394511938095,0
4507.128166993579,61.11842727661133,0.18379679322242737,0
4508.167500794262,63.644866943359375,0.1787630319595337,0
4509.204598803414,61.887020111083984,0.1809108555316925,0
4510.244411424686,58.14878463745117,0.1903165578842163,0
4511.281987224401,59.76072311401367,0.18669268488883972,0
4512.322278886854,57.527130126953125,0.1916591376066208,0
4513.360332697247,60.32173156738281,0.18453273177146912,0
4514.398625310555,67.68354797363281,0.16800057888031006,0
4515.439635662869,65.10626220703125,0.17413806915283203,0
4516.4784066170905,64.66033935546875,0.1758384108543396,0
4517.5198965623795,63.55006408691406,0.17675036191940308,0
4518.559146077888,66.01107788085938,0.17263078689575195,0
4519.601115837101,63.835445404052734,0.17215828597545624,0
4520.640844134369,65.22412872314453,0.16778653860092163,0
4521.680811619765,66.44527435302734,0.16437740623950958,0
4522.723501228157,66.19578552246094,0.16646459698677063,0
4523.763947826081,67.10531616210938,0.1668294072151184,0
4524.807117801081,63.140785217285156,0.1763557493686676,0
4525.84804373226,61.81114196777344,0.18017996847629547,0
4526.891694295173,65.50000762939453,0.17492064833641052,0
4527.933099780434,62.41686248779297,0.17676839232444763,0
4528.974744839658,56.345298767089844,0.18985103070735931,0
4530.019116412942,63.12824249267578,0.17422814667224884,0
4531.061241357551,63.19796371459961,0.17371663451194763,0
4532.106094072323,61.50117111206055,0.17792001366615295,0
4533.148699123401,68.5967788696289,0.16562741994857788,0
4534.194033201322,68.26868438720703,0.16678127646446228,0
4535.237118580052,69.11908721923828,0.16623127460479736,0
4536.280443919203,66.42142486572266,0.17163211107254028,0
4537.326500170559,66.00160217285156,0.17517612874507904,0
4538.370306169198,62.58521270751953,0.17921434342861176,0
4539.416844338172,68.12981414794922,0.1713024526834488,0
4540.461131217741,72.07997131347656,0.16451650857925415,0
4541.508151526354,67.04264068603516,0.17178477346897125,0
4542.552919508393,70.93124389648438,0.17019611597061157,0
4543.597927837933,70.38795471191406,0.1694551259279251,0
4544.645671484917,67.88198852539062,0.1730615347623825,0
4545.6911612493,69.25083923339844,0.1736021339893341,0
4546.739387591287,70.03011322021484,0.17565646767616272,0
4547.785359012308,68.9173355102539,0.1761634796857834,0
4548.834068271673,65.6373519897461,0.1854282021522522,0
4549.880521571232,65.84217834472656,0.18526342511177063,0
4550.927215605997,64.11711120605469,0.19112399220466614,0
4551.976649370554,61.20802307128906,0.19714048504829407,0
4553.023825616765,62.07509994506836,0.20108020305633545,0
4554.073742854959,59.81660079956055,0.20698602497577667,0
4555.1214015347705,57.147560119628906,0.2070036679506302,0
4556.171802469338,60.1130485534668,0.1989564150571823,0
4557.219943805007,63.635772705078125,0.1931150108575821,0
4558.268326264211,63.263370513916016,0.19626079499721527,0
4559.319452872673,61.013309478759766,0.20014120638370514,0
4560.368318321179,62.03583526611328,0.19922508299350739,0
4561.41992918317,65.62166595458984,0.18704655766487122,0
4562.469277843492,66.43401336669922,0.18138942122459412,0
4563.521373182108,68.84561920166016,0.17713160812854767,0
4564.57120527686,67.52464294433594,0.18184779584407806,0
4565.621278884107,64.1274642944336,0.18615607917308807,0
4566.674101067201,70.124267578125,0.17189499735832214,0
4567.72465844286,69.97064208984375,0.1695127636194229,0
4568.777965660635,70.26215362548828,0.16973483562469482,0
4569.829007027579,70.30005645751953,0.17444363236427307,0
4570.882799503491,73.53620147705078,0.16405369341373444,0
4571.934325084694,76.87606811523438,0.15668430924415588,0
4572.9886030422995,75.69403839111328,0.1606224626302719,0
4574.040613060839,72.89108276367188,0.16786205768585205,0
4575.092865092902,70.04412078857422,0.1762952208518982,0
4576.147871402857,69.81884002685547,0.18100892007350922,0
4577.200608206932,69.40933990478516,0.18351270258426666,0
4578.256100557794,66.82720184326172,0.18816442787647247,0
4579.309322357215,68.6371841430664,0.183577761054039,0
4580.365300972902,72.2497787475586,0.17524465918540955,0
4581.419007991108,72.74639892578125,0.17184235155582428,0
4582.472957413228,75.7703628540039,0.1655886322259903,0
4583.5296655561715,67.63188171386719,0.17853964865207672,0
4584.584100532291,68.4079818725586,0.1797284036874771,0
4585.641295500175,72.01045227050781,0.1741633266210556,0
4586.696216253988,70.3170394897461,0.17787863314151764,0
4587.753898271093,67.29275512695312,0.18483711779117584,0
4588.809305026397,70.1121597290039,0.1781163215637207,0
4589.8649545766375,69.00431060791016,0.18202270567417145,0
4590.923367297802,66.3634033203125,0.1909891963005066,0
4591.97950318529,67.8083724975586,0.19032974541187286,0
4593.038403516693,67.52352142333984,0.19089452922344208,0
4594.095025965484,71.68572998046875,0.18232223391532898,0
4595.154414131766,71.50895690917969,0.17940445244312286,0
4596.211523366019,72.45879364013672,0.17398701608181,0
4597.268875786861,74.77997589111328,0.16825373470783234,0
4598.328995835904,76.43354034423828,0.16484904289245605,0
4599.386835378505,77.47420501708984,0.1656230241060257,0
4600.4474438243515,75.92095184326172,0.16866803169250488,0
4601.505770713128,82.78553009033203,0.1594356745481491,0
4602.566867780783,77.03023529052734,0.16678756475448608,0
4603.625682240256,79.97523498535156,0.16099055111408234,0
4604.684740278603,77.0864486694336,0.16746260225772858,0
4605.7465704096185,79.13343048095703,0.162531316280365,0
4606.806116355503,75.77503967285156,0.16781945526599884,0
4607.868435671156,76.96505737304688,0.16689716279506683,0
4608.928469749355,74.84591674804688,0.17029988765716553,0
4609.991278475013,75.74641418457031,0.1689833700656891,0
4611.05180091041,73.3864517211914,0.1737426072359085,0
4612.112567317599,75.47889709472656,0.16972053050994873,0
4613.176110289124,71.62616729736328,0.17592927813529968,0
4614.2373653908935,75.88951873779297,0.1679166555404663,0
4615.301398336162,76.75946807861328,0.16776491701602936,0
4616.3631423576535,73.45206451416016,0.17385058104991913,0
4617.427665502395,71.23741149902344,0.17850513756275177,0
4618.489898668854,73.24241638183594,0.17559537291526794,0
4619.552376200658,76.5361099243164,0.16880352795124054,0
4620.617634775679,73.95226287841797,0.17264065146446228,0
4621.680601790378,73.16222381591797,0.17539188265800476,0
4622.74635112952,67.90967559814453,0.18809528648853302,0
4623.809807852619,69.38653564453125,0.1885761171579361,0
4624.876048181975,61.451900482177734,0.20952312648296356,0
4625.939994839083,63.572593688964844,0.20364221930503845,0
4627.00418625572,63.27003479003906,0.20774351060390472,0
4628.071163201681,67.12396240234375,0.1964787244796753,0
4629.1358448907995,65.93492126464844,0.20020951330661774,0
4630.203313392534,64.51153564453125,0.20423313975334167,0
4631.268485580003,66.33854675292969,0.19989456236362457,0
4632.33644586397,69.18775939941406,0.19142082333564758,0
4633.402108775759,73.55213165283203,0.17779973149299622,0
4634.468016841901,69.90573120117188,0.17124922573566437,0
4635.536714930711,72.50009155273438,0.1721751093864441,0
4636.603114060194,73.9236068725586,0.1755625456571579,0
4637.672304497706,71.87908172607422,0.17874211072921753,0
4638.739194916762,71.82138061523438,0.17797689139842987,0
4639.808877929803,71.96292114257812,0.1766258329153061,0
4640.876259864769,73.35106658935547,0.17588524520397186,0
4641.943887349547,74.23535919189453,0.1770143061876297,0
4643.014309357584,71.3785400390625,0.18538673222064972,0
4644.082428697839,74.65746307373047,0.17956790328025818,0
4645.153343848788,74.97216796875,0.17698052525520325,0
4646.221955271115,66.90430450439453,0.19107237458229065,0
4647.293363792167,71.78453826904297,0.1801331490278244,0
4648.3624675232695,71.67127990722656,0.1817702353000641,0
4649.431817200281,74.62129974365234,0.17958852648735046,0
4650.503965908404,70.52330017089844,0.1899774670600891,0
4651.573808234305,69.7783432006836,0.19103440642356873,0
4652.646450880829,71.12448120117188,0.18137240409851074,0
4653.716786082583,73.6868896484375,0.176754891872406,0
4654.789922895066,76.39395904541016,0.1748984009027481,0
4655.86075119974,77.40109252929688,0.17424289882183075,0
4656.934382405843,81.61266326904297,0.1682429015636444,0
4658.005704040609,79.26746368408203,0.16633188724517822,0
4659.077272131509,76.17245483398438,0.16700522601604462,0
4660.151645060236,74.39502716064453,0.16780062019824982,0
4661.223706822047,73.68608856201172,0.1722375601530075,0
4662.298574713873,74.2925033569336,0.174949049949646,0
4663.371130374029,75.73944091796875,0.17164424061775208,0
4664.446493456983,79.01554870605469,0.16745473444461823,0
4665.519543243024,75.1333236694336,0.17311380803585052,0
4666.592839882758,73.17401885986328,0.1762651950120926,0
4667.668945884809,78.13803100585938,0.16874493658542633,0
4668.742736991796,75.53234100341797,0.17439933121204376,0
4669.819338755372,77.624267578125,0.17071111500263214,0
4670.893624557413,74.50714874267578,0.17700301110744476,0
4671.970722310911,78.27616882324219,0.17005352675914764,0
4673.045503035912,80.60531616210938,0.16246861219406128,0
4674.120531012806,77.50212097167969,0.1672748476266861,0
4675.198372883806,78.15968322753906,0.16948936879634857,0
4676.273896125579,75.608154296875,0.17496544122695923,0
4677.352234557818,69.74954986572266,0.1839001178741455,0
4678.428253292638,72.47826385498047,0.1820460557937622,0
4679.507088514882,71.3869400024414,0.18431782722473145,0
4680.5836029710235,78.9395523071289,0.16855354607105255,0
4681.660365077902,75.88461303710938,0.16891485452651978,0
4682.739945617984,72.85635375976562,0.17560014128684998,0
4683.817203788654,74.2081298828125,0.17914116382598877,0
4684.897281690979,73.26534271240234,0.17945651710033417,0
4685.975036153978,74.48818969726562,0.17553400993347168,0
4687.055611647681,73.95045471191406,0.16780687868595123,0
4688.133862631649,74.28765106201172,0.16430224478244781,0
4689.21236166584,75.169921875,0.16773909330368042,0
4690.293683679656,68.2513198852539,0.18623226881027222,0
4691.37267957784,69.25784301757812,0.18606489896774292,0
4692.454499756195,72.00736999511719,0.18027494847774506,0
4693.533992747279,72.71051025390625,0.1736678183078766,0
4694.616311319677,67.80692291259766,0.1865006983280182,0
4695.69630163267,71.8589859008789,0.1798418164253235,0
4696.776540396015,74.46870422363281,0.17590667307376862,0
4697.859606692738,72.0900650024414,0.1845482736825943,0
4698.94034312157,72.74523162841797,0.17979960143566132,0
4700.0239083864235,73.66995239257812,0.17535066604614258,0
4701.105142710015,76.59784698486328,0.16885462403297424,0
4702.189207172873,73.64679718017578,0.1711643636226654,0
4703.270939620604,75.99479675292969,0.1681440770626068,0
4704.352920919464,81.40258026123047,0.16321799159049988,0
4705.4377343128035,79.39047241210938,0.16508547961711884,0
4706.520214079935,79.14677429199219,0.16395677626132965,0
4707.60552724629,81.60151672363281,0.1606907695531845,0
4708.688505711337,81.12303924560547,0.16096682846546173,0
4709.774318880954,80.4442138671875,0.1604708582162857,0
4710.857796273665,84.67721557617188,0.14843571186065674,0
4711.941522918928,88.13218688964844,0.141152024269104,0
4713.028086227128,82.79386901855469,0.1535993069410324,0
4714.112312144743,79.78594207763672,0.15865746140480042,0
4715.199376032144,80.14720916748047,0.16010691225528717,0
4716.284101452124,83.12981414794922,0.15722699463367462,0
4717.371666149343,86.6792221069336,0.15222923457622528,0
4718.45689130181,86.95246124267578,0.15242181718349457,0
4719.542366108897,85.38231658935547,0.1561613380908966,0
4720.63068215475,81.1711654663086,0.16582104563713074,0
4721.716657039566,89.6926498413086,0.15192359685897827,0
4722.805474472105,83.71915435791016,0.16319003701210022,0
4723.891949665035,81.96366882324219,0.16913677752017975,0
4724.981268715249,82.67496490478516,0.1701786369085312,0
4726.068244446787,82.79408264160156,0.17175257205963135,0
4727.1554702356625,84.9281997680664,0.17057333886623383,0
4728.2455418465115,80.74073791503906,0.17482110857963562,0
4729.333268519793,78.95616149902344,0.17663073539733887,0
4730.423842326117,79.5321273803711,0.17551584541797638,0
4731.512070114561,80.42582702636719,0.17195197939872742,0
4732.60314634772,79.76616668701172,0.1741478443145752,0
4733.69187548219,78.95724487304688,0.17515859007835388,0
4734.780855077367,74.90634155273438,0.18000321090221405,0
4735.872685085119,74.50155639648438,0.18298913538455963,0
4736.962166372679,75.98433685302734,0.18596075475215912,0
4738.0544993859985,72.48179626464844,0.19458042085170746,0
4739.144482597071,75.31804656982422,0.19033126533031464,0
4740.237318847692,74.28467559814453,0.1912333220243454,0
4741.327804213513,73.592041015625,0.1898914873600006,0
4742.421143933277,77.9745101928711,0.18122892081737518,0
4743.512131685189,77.69981384277344,0.18157857656478882,0
4744.6033704174,67.79280090332031,0.2054002583026886,0
4745.697465475495,69.1705093383789,0.2057160884141922,0
4746.789206940873,74.44926452636719,0.1934320032596588,0
4747.883806048043,72.34394073486328,0.19840973615646362,0
4748.976050478196,74.0762939453125,0.19205744564533234,0
4750.071153866656,73.00090789794922,0.1926669329404831,0
4751.1639014933,76.73593139648438,0.1825522929430008,0
4752.2569005051,76.2318115234375,0.18333229422569275,0
4753.352760450329,73.87649536132812,0.1902729570865631,0
4754.446263006255,74.04759216308594,0.19056563079357147,0
4755.542627813642,73.58623504638672,0.18941305577754974,0
4756.636634145678,79.55680847167969,0.17920386791229248,0
4757.733504047812,79.3034896850586,0.16935615241527557,0
4758.828014388046,79.42916107177734,0.17202156782150269,0
4759.922776518945,81.85226440429688,0.17548394203186035,0
4761.020404198252,78.89537811279297,0.18208372592926025,0
4762.115670685547,76.98214721679688,0.18819090723991394,0
4763.213804041406,77.58013916015625,0.1896933913230896,0
4764.3095751174515,75.17433166503906,0.19531771540641785,0
4765.408214382826,70.36449432373047,0.2045084834098816,0
4766.504490280087,67.95930480957031,0.20773300528526306,0
4767.601018374177,70.66165161132812,0.20105020701885223,0
4768.700416639098,69.93614196777344,0.20358364284038544,0
4769.797449903162,69.34234619140625,0.20475438237190247,0
4770.897354660342,73.41223907470703,0.1963813453912735,0
4771.99489332711,76.06877136230469,0.18996939063072205,0
4773.09530480989,73.43437194824219,0.19762782752513885,0
4774.193349112202,81.0419692993164,0.18010418117046356,0
4775.291646018162,77.97328186035156,0.1861836165189743,0
4776.392817724832,76.52377319335938,0.18838012218475342,0
4777.491620615656,76.99295043945312,0.1886056661605835,0
4778.593299631609,75.69683074951172,0.19205011427402496,0
4779.692608740404,76.81736755371094,0.18924160301685333,0
4780.794795299356,72.88532257080078,0.196162611246109,0
4781.894610859337,77.16922760009766,0.18352560698986053,0
4782.994679430442,74.68965148925781,0.18625947833061218,0
4784.0976274396035,75.67897033691406,0.18867065012454987,0
4785.198202811777,74.21773529052734,0.19712336361408234,0
4786.301658948563,75.04609680175781,0.19346822798252106,0
4787.402741355289,73.33551788330078,0.19169247150421143,0
4788.506705853794,74.77442169189453,0.1888045072555542,0
4789.608295528664,73.62967681884766,0.19242049753665924,0
4790.71013862279,77.97576141357422,0.1855974793434143,0
4791.814865799799,74.85721588134766,0.15008161962032318,0
4792.9172165125165,66.98777770996094,0.1261785477399826,65536
4794.022452636814,70.9770736694336,0.15385966002941132,0
4795.125311201981,75.24061584472656,0.18638598918914795,0
4796.231056508037,75.27478790283203,0.18903975188732147,0
4797.334423159623,74.80884552001953,0.19484035670757294,0
4798.438043639257,72.68228149414062,0.1989188939332962,0
4799.544552854096,73.4400863647461,0.19887734949588776,0
4800.648681771162,74.09519958496094,0.19737717509269714,0
4801.755700754271,76.26957702636719,0.19275249540805817,0
4802.860338343005,71.5707778930664,0.202856183052063,0
4803.967867329236,67.90392303466797,0.21087898313999176,0
4805.073013823984,74.06310272216797,0.19602437317371368,0
4806.1784145562315,73.39664459228516,0.19627593457698822,0
4807.286708683508,73.1443099975586,0.1993374526500702,0
4808.392618673348,73.71458435058594,0.20168378949165344,0
4809.501423391203,72.83915710449219,0.20337706804275513,0
4810.607842873252,72.1823959350586,0.20271706581115723,0
4811.717158416915,73.80744171142578,0.19549909234046936,0
4812.824087625894,75.20882415771484,0.19224749505519867,0
4813.931271482483,74.59925079345703,0.19306111335754395,0
4815.041353401443,76.51261901855469,0.18598859012126923,0
4816.1490473371105,73.8150405883789,0.19263002276420593,0
4817.259640670284,76.84379577636719,0.18532109260559082,0
4818.367844920022,75.49686431884766,0.18422453105449677,0
4819.4789499030185,78.60891723632812,0.17752981185913086,0
4820.587664701929,80.28617095947266,0.17677563428878784,0
4821.696634559222,79.01785278320312,0.1775100976228714,0
4822.808507153757,81.52263641357422,0.17521104216575623,0
4823.917987912937,81.4432144165039,0.17381398379802704,0
4825.030372746649,81.67322540283203,0.1724666804075241,0
4826.140364643089,81.93408966064453,0.1708042323589325,0
4827.253261951967,77.92532348632812,0.17669929563999176,0
4828.363765221147,73.61446380615234,0.185104638338089,0
4829.477175241288,73.85446166992188,0.18542763590812683,0
4830.588190118799,73.89784240722656,0.18766532838344574,0
4831.699460583821,68.54779815673828,0.20029479265213013,0
4832.813639807945,71.10144805908203,0.19626189768314362,0
4833.925422234744,74.52348327636719,0.18628858029842377,0
4835.040114760708,73.01636505126953,0.18695136904716492,0
4836.152409385144,75.34246063232422,0.18096782267093658,0
4837.267615449427,77.61821746826172,0.17703549563884735,0
4838.380422507469,74.29447174072266,0.1818825751543045,0
4839.493485565313,75.40180206298828,0.18355312943458557,0
4840.6094620743825,76.10045623779297,0.1824229210615158,0
4841.723037919849,78.2939224243164,0.1749526709318161,0
4842.839528558768,81.77191162109375,0.16925443708896637,0
4843.953617428099,75.75737762451172,0.18042083084583282,0
4845.0706224337255,81.03124237060547,0.1675558090209961,0
4846.185224563271,80.11061096191406,0.17080143094062805,0
4847.300083105571,79.5317611694336,0.17033270001411438,0
4848.417859798791,84.25963592529297,0.16153283417224884,0
4849.533231955893,82.52549743652344,0.16154493391513824,0
4850.651523608307,81.85433197021484,0.16407451033592224,0
4851.767409616833,80.95964813232422,0.16597427427768707,0
4852.88621646568,79.64448547363281,0.17109014093875885,0
4854.002616562361,81.8956527709961,0.1701073944568634,0
4855.119273485418,78.7431869506836,0.17825300991535187,0
4856.23885326667,78.9928207397461,0.18022266030311584,0
4857.356024633042,79.56311798095703,0.1800670325756073,0
4858.476120204169,78.3181381225586,0.18217869102954865,0
4859.5938062508585,77.30985260009766,0.18524937331676483,0
4860.714417849485,77.46359252929688,0.18510650098323822,0
4861.832618813606,79.0335922241211,0.18175378441810608,0
4862.951077018391,79.13682556152344,0.17946432530879974,0
4864.072462796241,78.57599639892578,0.1816454827785492,0
4865.19143627419,76.81208038330078,0.18658456206321716,0
4866.3133386739355,73.31792449951172,0.19301287829875946,0
4867.432827662436,72.90374755859375,0.1944902241230011,0
4868.555246922085,73.93716430664062,0.19345498085021973,0
4869.675251658631,74.65535736083984,0.19294288754463196,0
4870.795514050795,76.6518783569336,0.191761314868927,0
4871.918708738499,76.697998046875,0.19359345734119415,0
4873.039487235016,77.80445098876953,0.19218838214874268,0
4874.16319937798,83.82598114013672,0.1771305799484253,0
4875.284494216618,80.78681945800781,0.1809627264738083,0
4876.408724053234,78.945068359375,0.18215228617191315,0
4877.530535471874,80.30265808105469,0.18069659173488617,0
4878.652604961756,84.11997985839844,0.17468048632144928,0
4879.7776114772705,83.23097229003906,0.1781614124774933,0
4880.900197904034,81.2436294555664,0.18156157433986664,0
4882.025722709517,78.57535552978516,0.1832430511713028,0
4883.148826311316,78.41949462890625,0.18478304147720337,0
4884.274869645543,77.03927612304688,0.19339513778686523,0
4885.398490660638,79.0164794921875,0.19234007596969604,0
4886.522370163272,81.00940704345703,0.18555158376693726,0
4887.649191429261,79.53328704833984,0.1871791034936905,0
4888.773588702648,75.03401184082031,0.1976127028465271,0
4889.90092909466,76.76123809814453,0.1996190845966339,0
4891.025844377338,78.1585693359375,0.1963430792093277,0
4892.153704134535,77.80288696289062,0.19742420315742493,0
4893.27913766515,79.43563842773438,0.19210314750671387,0
4894.40483010027,76.17179870605469,0.19705581665039062,0
4895.533469044111,80.2732162475586,0.19161143898963928,0
4896.659680085203,82.01713562011719,0.18826229870319366,0
4897.78883899247,81.19051361083984,0.18867705762386322,0
4898.915568878454,81.79512023925781,0.18462097644805908,0
4900.045247988694,83.69105529785156,0.18247288465499878,0
4901.172496958603,78.70338439941406,0.19333317875862122,0
4902.300005250656,79.44445037841797,0.19196784496307373,0
4903.430464804449,81.51985931396484,0.18753109872341156,0
4904.558492539038,79.02642822265625,0.18852804601192474,0
4905.68947289501,79.90068054199219,0.18455880880355835,0
4906.818020311442,82.84353637695312,0.1809016317129135,0
4907.949521709528,81.75397491455078,0.18590840697288513,0
4909.07858904722,79.89845275878906,0.19202886521816254,0
4910.207916125368,83.74081420898438,0.18456901609897614,0
4911.340199225942,84.52029418945312,0.18144960701465607,0
4912.47004658454,77.19738006591797,0.19552737474441528,0
4913.602851327402,76.65033721923828,0.19907154142856598,0
4914.733219206142,82.44267272949219,0.18447071313858032,0
4915.866545831613,81.00019073486328,0.18408623337745667,0
4916.997434470299,81.16743469238281,0.18348285555839539,0
4918.131283218808,78.89775085449219,0.19036626815795898,0
4919.262692857354,80.04096984863281,0.19334343075752258,0
4920.3943627752,85.00739288330078,0.1845661699771881,0
4921.528994847874,84.77254486083984,0.1819745898246765,0
4922.661186125514,82.01720428466797,0.18487954139709473,0
4923.796340922646,82.03778839111328,0.1839931756258011,0
4924.929053800272,83.67733764648438,0.1819780468940735,0
4926.064731562681,77.9429931640625,0.19827863574028015,0
4927.1979662805925,77.32231903076172,0.20434434711933136,0
4928.331461697661,78.28620147705078,0.19958730041980743,0
4929.467924047816,80.01225280761719,0.19471076130867004,0
4930.601941665687,79.52767181396484,0.19208359718322754,0
4931.7389275835085,77.76959228515625,0.19353808462619781,0
4932.8734676427575,76.50686645507812,0.19877192378044128,0
4934.010977369452,79.16178131103516,0.19386214017868042,0
4935.146040110769,79.48329162597656,0.19580577313899994,0
4936.281363971778,78.35237121582031,0.16427408158779144,0
4937.419659551839,80.74501037597656,0.1605592966079712,0
4938.555506456012,80.05419158935547,0.19474945962429047,0
4939.694326448307,82.19800567626953,0.1883743405342102,0
4940.830696636611,80.24400329589844,0.18983139097690582,0
4941.970041282736,77.26084899902344,0.1598944514989853,0
4943.106934996247,77.51742553710938,0.1631379872560501,0
4944.244090250662,76.22525787353516,0.17029762268066406,0
4945.384222017817,78.67395782470703,0.20022344589233398,0
4946.521901159119,78.5543212890625,0.2002633661031723,0
4947.662558184437,77.00772094726562,0.19795235991477966,0
4948.800761453981,79.77723693847656,0.1896040141582489,0
4949.94194397945,82.59575653076172,0.1862628310918808,0
4951.0806716187,78.77223205566406,0.1959289163351059,0
4952.219661220747,77.7754135131836,0.20197203755378723,0
4953.361632136952,77.21028137207031,0.20123232901096344,0
4954.501146470968,77.58032989501953,0.19861218333244324,0
4955.643643492633,79.56570434570312,0.19445525109767914,0
4956.783682800362,78.08432006835938,0.19914191961288452,0
4957.926706169863,75.89733123779297,0.2068299949169159,0
4959.067270693162,75.49805450439453,0.2117026299238205,0
4960.20809760183,72.05343627929688,0.220384880900383,0
4961.351910633821,71.80449676513672,0.21865610778331757,0
4962.493263120905,77.21290588378906,0.2026747614145279,0
4963.637603107017,81.04378509521484,0.19330206513404846,0
4964.779481414651,79.5292739868164,0.19449014961719513,0
4965.924348597652,74.57965850830078,0.20138204097747803,0
4967.066752968081,74.65275573730469,0.206159308552742,0
4968.209420147135,74.28235626220703,0.21017871797084808,0
4969.3550782664315,74.80708312988281,0.2137930989265442,0
4970.498271871712,74.09892272949219,0.21679078042507172,0
4971.644457795162,71.81188201904297,0.21829739212989807,0
4972.788178069195,72.39352416992188,0.213528573513031,0
4973.934892039956,70.9598159790039,0.21780802309513092,0
4975.079139225378,70.18280792236328,0.22125306725502014,0
4976.22364964336,72.196533203125,0.21722978353500366,0
4977.3711558262785,68.92871856689453,0.22383944690227509,0
4978.5161935196675,69.72625732421875,0.21526256203651428,0
4979.6642283581405,72.80243682861328,0.20384478569030762,0
4980.809793569852,73.722412109375,0.197832390666008,0
4981.9583573074315,77.20738220214844,0.19086185097694397,0
4983.1044502804925,79.1563491821289,0.19085006415843964,0
4984.250806910737,75.993896484375,0.19814260303974152,0
4985.400164138392,79.445068359375,0.18307970464229584,0
4986.547048894592,78.6025161743164,0.18066032230854034,0
4987.696935630577,77.7518081665039,0.18757469952106476,0
4988.844348756041,78.71141815185547,0.1950240284204483,0
4989.994765244301,74.90794372558594,0.21089763939380646,0
4991.142706982447,74.15702056884766,0.21713237464427948,0
4992.2909128030815,71.5733642578125,0.21820493042469025,0
4993.442124061398,72.59364318847656,0.2178695797920227,0
4994.59085885991,72.60417938232422,0.21842901408672333,0
4995.742600480708,71.77326965332031,0.22252295911312103,0
4996.891864500797,71.18014526367188,0.2264166623353958,0
4998.044136728413,73.97434997558594,0.22018373012542725,0
4999.193930213891,76.46231079101562,0.21041232347488403,0
5000.34398820785,83.65692138671875,0.19101223349571228,0
5001.497056487568,86.20601654052734,0.18272055685520172,0
5002.647644312699,85.33524322509766,0.18551768362522125,0
5003.801243810428,85.40155029296875,0.18667817115783691,0
5004.952361710824,82.13711547851562,0.19300872087478638,0
5006.106492671294,82.04338073730469,0.19043195247650146,0
5007.258140891163,82.72467803955078,0.1908666491508484,0
5008.412803559219,80.57515716552734,0.1954391747713089,0
5009.564982342876,83.74662017822266,0.18873047828674316,0
5010.717426183747,84.04792785644531,0.18781661987304688,0
5011.872886555352,82.1722640991211,0.19108489155769348,0
5013.025861326555,82.20829772949219,0.19290098547935486,0
5014.181854018205,80.89836883544922,0.19678901135921478,0
5015.335359964339,78.91300201416016,0.20745226740837097,0
5016.491885221273,75.3554916381836,0.215580016374588,0
5017.645922587049,80.73371124267578,0.20489485561847687,0
5018.800225437605,81.57958221435547,0.20136748254299164,0
5019.957549684866,80.52033996582031,0.20104728639125824,0
5021.112384322197,79.09143829345703,0.20195859670639038,0
5022.27024174819,80.55079650878906,0.20154611766338348,0
5023.42560841729,76.95701599121094,0.21085423231124878,0
5024.58399926765,71.72257995605469,0.2237066626548767,0
5025.739898213628,70.7816162109375,0.22884850203990936,0
5026.89606307264,68.22527313232422,0.23657669126987457,0
5028.055254202179,70.99855041503906,0.23155036568641663,0
5029.211951705793,75.22991943359375,0.2169743776321411,0
5030.371676874134,77.69044494628906,0.20814931392669678,0
5031.528907267741,77.6592788696289,0.2041511982679367,0
5032.6891667209175,82.11299133300781,0.19589389860630035,0
5033.846930250017,85.26265716552734,0.1880265176296234,0
5035.004960121095,82.7283935546875,0.19373232126235962,0
5036.166021144383,81.72837829589844,0.19363059103488922,0
5037.324584519273,80.63746643066406,0.1921522468328476,0
5038.486180442824,82.07061004638672,0.19054020941257477,0
5039.645277567312,81.2099609375,0.19459141790866852,0
5040.8074086375545,77.5860824584961,0.20586976408958435,0
5041.967039757538,77.85608673095703,0.20853452384471893,0
5043.126937649137,76.24491882324219,0.21386508643627167,0
5044.289871582505,75.11251068115234,0.21688035130500793,0
5045.450303838512,75.4162826538086,0.2189728319644928,0
5046.613773534991,78.04368591308594,0.2118900716304779,0
5047.774740401589,83.87913513183594,0.19698187708854675,0
5048.938746108006,85.06243896484375,0.19136109948158264,0
5050.1002478314895,82.30101013183594,0.19494782388210297,0
5051.262016756918,81.62561798095703,0.1973678171634674,0
5052.4268266215595,85.64520263671875,0.18860980868339539,0
5053.589130773381,88.22698974609375,0.18186414241790771,0
5054.7544772653755,88.2308578491211,0.17703448235988617,0
5055.917316890169,86.68576049804688,0.17776614427566528,0
5057.0832002567395,87.75559997558594,0.18309062719345093,0
5058.246575601196,86.81681060791016,0.18502478301525116,0
5059.410218578622,85.35369873046875,0.18702004849910736,0
5060.576907400608,83.0131607055664,0.18899743258953094,0
5061.741086467802,79.7935562133789,0.19535544514656067,0
5062.908312782775,79.5694580078125,0.1986512541770935,0
5064.0730281867145,83.31085968017578,0.19625146687030792,0
5065.240792242297,82.79906463623047,0.198646679520607,0
5066.40604423007,81.86203002929688,0.20074813067913055,0
5067.571564282532,81.26985168457031,0.2011781483888626,0
5068.740135092811,84.75729370117188,0.19430813193321228,0
5069.906192099808,84.26834869384766,0.193486288189888,0
5071.075301270106,80.65415954589844,0.20179583132266998,0
5072.241895479014,81.16162872314453,0.20267461240291595,0
5073.411543257352,78.778564453125,0.209334135055542,0
5074.578674915658,77.89623260498047,0.21368327736854553,0
5075.746075071069,78.71564483642578,0.21219587326049805,0
5076.9165309054815,78.65740966796875,0.21047711372375488,0
5078.0844688815905,82.37236785888672,0.2022114396095276,0
5079.255463944452,85.72871398925781,0.1934484839439392,0
5080.423939989032,82.98316192626953,0.2007472813129425,0
5081.595474528764,86.09379577636719,0.19382427632808685,0
5082.764488889704,80.6370849609375,0.20349997282028198,0
5083.9337721808615,83.60265350341797,0.19638608396053314,0
5085.106116080145,82.83269500732422,0.20061779022216797,0
5086.27593805956,77.55977630615234,0.2137015461921692,0
5087.448822057122,76.61817932128906,0.2168089747428894,0
5088.619182972969,77.11707305908203,0.21355484426021576,0
5089.792607317632,75.97106170654297,0.21231617033481598,0
5090.963507418198,69.96045684814453,0.23276379704475403,0
5092.134676882793,74.12510681152344,0.2286650687456131,0
5093.308911892588,78.66104888916016,0.21496646106243134,0
5094.480620914401,77.69886016845703,0.21664704382419586,0
5095.655396893707,78.58367919921875,0.21404308080673218,0
5096.827645721311,81.0212173461914,0.20223204791545868,0
5098.002962919354,77.22894287109375,0.2069740742444992,0
5099.1757518014365,76.99754333496094,0.20837520062923431,0
5100.351610467556,79.82719421386719,0.20424500107765198,0
5101.524939652921,79.05927276611328,0.20724739134311676,0
5102.698538761123,80.96533966064453,0.2012145221233368,0
5103.875209774134,79.45279693603516,0.20384302735328674,0
5105.049349558889,82.26836395263672,0.19977155327796936,0
5106.226562663679,80.52037048339844,0.2088375687599182,0
5107.401243374075,75.45913696289062,0.22719506919384003,0
5108.578998820384,73.31489562988281,0.23444759845733643,0
5109.754220705628,77.20165252685547,0.22359631955623627,0
5110.9297129491215,82.72516632080078,0.20443318784236908,0
5112.108282052721,82.19905853271484,0.20242492854595184,0
5113.284315844934,86.90125274658203,0.18924015760421753,0
5114.46342791476,87.1252212524414,0.18881107866764069,0
5115.640003505184,87.53750610351562,0.1888795793056488,0
5116.819658791383,82.4874496459961,0.20129340887069702,0
5117.9967764296225,80.9726791381836,0.2039937525987625,0
5119.174164862229,75.70635986328125,0.21968409419059753,0
5120.35463511823,75.07331848144531,0.21393907070159912,0
5121.532565973129,73.0060806274414,0.2303866595029831,0
5122.7135800712185,70.73377227783203,0.23894654214382172,0
5123.892053598303,73.66736602783203,0.2217509001493454,0
5125.073611789027,77.79735565185547,0.17600327730178833,0
5126.252628238308,73.6086196899414,0.22949010133743286,0
5127.4319159187735,75.31636047363281,0.23141106963157654,0
5128.61429039393,76.97822570800781,0.22234219312667847,0
5129.79412137167,76.49403381347656,0.21716439723968506,0
5130.9770405661875,78.01251983642578,0.21433347463607788,0
5132.1574150915,79.08277130126953,0.2125881463289261,0
5133.34087925633,78.58268737792969,0.21289953589439392,0
5134.521797579627,74.40298461914062,0.2219388782978058,0
5135.702987571632,79.07661437988281,0.20982198417186737,0
5136.887269337644,76.94247436523438,0.2160182148218155,0
5138.0690035033185,78.51167297363281,0.21513567864894867,0
5139.253830867379,80.03221130371094,0.21155592799186707,0
5140.436109457423,79.89303588867188,0.21256381273269653,0
5141.621482670889,78.39266204833984,0.2182745337486267,0
5142.804305936119,80.82628631591797,0.21180042624473572,0
5143.987401308287,77.75189971923828,0.21929168701171875,0
5145.17359344181,74.06856536865234,0.22920416295528412,0
5146.357233865455,75.23770141601562,0.22710509598255157,0
5147.543972477131,70.5179443359375,0.24184274673461914,0
5148.728158203358,68.626953125,0.25309988856315613,0
5149.915443544951,71.54672241210938,0.24232953786849976,0
5151.100174824981,75.70509338378906,0.22525277733802795,0
5152.2851786508845,76.2653579711914,0.2195151448249817,0
5153.473284233536,79.1313247680664,0.20610004663467407,0
5154.658833990141,85.72428131103516,0.19126160442829132,0
5155.84748693247,79.53179931640625,0.2065732777118683,0
5157.033582871286,80.42046356201172,0.20822130143642426,0
5158.222783425463,80.006591796875,0.21203778684139252,0
5159.409425798115,76.12853240966797,0.22176817059516907,0
5160.596341156286,76.19159698486328,0.22466377913951874,0
5161.786363274655,78.720947265625,0.21819381415843964,0
5162.973825444168,76.78314971923828,0.22135894000530243,0
5164.164395805163,81.2737045288086,0.20984721183776855,0
5165.352405037935,81.38910675048828,0.20650602877140045,0
5166.54352389413,80.24571228027344,0.2089298665523529,0
5167.7320804421925,79.8679428100586,0.20870760083198547,0
5168.920910416126,82.55963897705078,0.20371665060520172,0
5170.11285216178,87.02648162841797,0.19466081261634827,0
5171.30222982912,83.06243133544922,0.20476779341697693,0
5172.494720701771,84.0975112915039,0.20411273837089539,0
5173.684646314839,78.01802062988281,0.21823181211948395,0
5174.877686567469,80.50395202636719,0.21256422996520996,0
5176.0681603787025,78.20942687988281,0.21585141122341156,0
5177.258908056871,77.12461853027344,0.22003035247325897,0
5178.452772526365,80.1706314086914,0.21489666402339935,0
5179.644068781426,78.9774169921875,0.2171468585729599,0
5180.838483263715,77.9430923461914,0.22042369842529297,0
5182.0303283483945,79.48749542236328,0.21546396613121033,0
5183.22529309687,76.59211730957031,0.2184329479932785,0
5184.417687264015,76.42511749267578,0.21931245923042297,0
5185.610355739871,79.10641479492188,0.21357974410057068,0
5186.806146034755,80.59980773925781,0.21069186925888062,0
5187.999363972413,75.51020050048828,0.2259904146194458,0
5189.19570516732,74.70124053955078,0.23221677541732788,0
5190.389472819916,73.93749237060547,0.23449689149856567,0
5191.586365168644,73.16400146484375,0.23801642656326294,0
5192.780682789431,74.92281341552734,0.2332610934972763,0
5193.978126545897,79.86382293701172,0.2182682603597641,0
5195.1729943882465,81.44466400146484,0.20979125797748566,0
5196.368137108372,82.4259262084961,0.20441551506519318,0
5197.56640812388,80.54481506347656,0.20615054666996002,0
5198.762101445691,80.21399688720703,0.20543210208415985,0
5199.960924504088,83.66155242919922,0.19810128211975098,0
5201.157168681245,83.65132904052734,0.19895479083061218,0
5202.356544036857,81.81344604492188,0.20373953878879547,0
5203.55333932314,82.8174057006836,0.2027575820684433,0
5204.750409930605,82.38030242919922,0.2036413997411728,0
5205.950613879712,80.34452819824219,0.20746007561683655,0
5207.148235977039,77.05863952636719,0.21966508030891418,0
5208.348992859537,73.15138244628906,0.23190118372440338,0
5209.547166700796,74.64220428466797,0.2318626493215561,0
5210.74847677142,79.24251556396484,0.21616427600383759,0
5211.947202610801,82.47863006591797,0.20654572546482086,0
5213.146204215484,77.32947540283203,0.21547053754329681,0
5214.3483442162105,77.51533508300781,0.21984583139419556,0
5215.547898200366,77.59732818603516,0.22606796026229858,0
5216.75059202642,73.19859313964844,0.170585498213768,0
5217.950698644527,74.56642150878906,0.16911175847053528,0
5219.153946551057,75.75686645507812,0.16457608342170715,0
5220.354606057714,75.58678436279297,0.22326882183551788,0
5221.555541774513,77.7445068359375,0.21950051188468933,0
5222.759620949906,76.45117950439453,0.22217634320259094,0
5223.9611099372205,79.34521484375,0.21494834125041962,0
5225.16574383132,82.20878601074219,0.20671305060386658,0
5226.367786344041,80.52783203125,0.207656592130661,0
5227.572975212403,81.86048126220703,0.20568688213825226,0
5228.77557150554,83.1365737915039,0.2031036615371704,0
5229.978444454373,82.24518585205078,0.2062993347644806,0
5231.1844659325225,81.23506164550781,0.21305018663406372,0
5232.3878930443525,78.58940887451172,0.2175101935863495,0
5233.594470136025,77.6748275756836,0.22291140258312225,0
5234.798451666155,75.30187225341797,0.23024030029773712,0
5236.005584627322,74.2818374633789,0.23500069975852966,0
5237.210120831172,73.7787857055664,0.23709511756896973,0
5238.414934136994,75.63628387451172,0.23204664885997772,0
5239.622901051031,75.403564453125,0.2227926403284073,0
5240.828269413771,76.05414581298828,0.2204100787639618,0
5242.036792837592,77.21934509277344,0.21932095289230347,0
5243.242716512966,79.35576629638672,0.2172086089849472,0
5244.451796702955,83.91558837890625,0.2099624127149582,0
5245.658275946794,76.60110473632812,0.22498279809951782,0
5246.865032739597,78.74158477783203,0.22066730260849,0
5248.074948227709,77.19921875,0.21753282845020294,0
5249.282260972795,75.12003326416016,0.22016459703445435,0
5250.492733868397,73.68030548095703,0.22821331024169922,0
5251.700602821893,74.2514419555664,0.2293870896100998,0
5252.911633381785,74.76500701904297,0.22897912561893463,0
5254.120058799935,75.28975677490234,0.22851282358169556,0
5255.328762214763,73.59719848632812,0.2331882268190384,0
5256.540629420198,74.42588806152344,0.2287295162677765,0
5257.749889684117,73.28141021728516,0.23194776475429535,0
5258.962315196199,76.05742645263672,0.22563254833221436,0
5260.172132565748,77.09590911865234,0.22426961362361908,0
5261.385116641689,73.87671661376953,0.23144295811653137,0
5262.595491373527,79.31110382080078,0.21755096316337585,0
5263.806144550481,75.04649353027344,0.23008155822753906,0
5265.0199666215585,73.96379089355469,0.23477503657341003,0
5266.231177545858,80.2091293334961,0.2179754376411438,0
5267.445558824189,75.66094207763672,0.2344532310962677,0
5268.657327752787,78.97384643554688,0.2222127467393875,0
5269.872268495997,82.81758880615234,0.21093644201755524,0
5271.084595685965,78.20570373535156,0.2232171893119812,0
5272.29720177021,78.20731353759766,0.21907758712768555,0
5273.51298186033,73.79684448242188,0.23302797973155975,0
5274.726146591624,77.98456573486328,0.22261111438274384,0
5275.942486791054,70.71369171142578,0.2458166927099228,0
5277.156210426764,66.62551879882812,0.26372140645980835,0
5278.373110993547,61.725914001464844,0.2892604470252991,0
5279.587393791161,61.00058364868164,0.29400435090065,0
5280.804854983459,59.061279296875,0.3052249848842621,0
5282.019697200582,59.078067779541016,0.3005182147026062,0
5283.234818890561,59.02997589111328,0.296658992767334,0
5284.453121171031,60.44839096069336,0.28930163383483887,0
5285.668802666995,68.35173034667969,0.26013797521591187,0
5286.887666218749,71.28926849365234,0.25030824542045593,0
5288.103907778603,72.18363952636719,0.24713106453418732,0
5289.3233328602155,72.63595581054688,0.24416013062000275,0
5290.54013474198,72.93264770507812,0.2404022216796875,0
5291.757216547418,70.03111267089844,0.25043731927871704,0
5292.977484073965,67.51371002197266,0.2645980417728424,0
5294.195126588413,66.90373229980469,0.27063101530075073,0
5295.41595629163,64.04733276367188,0.2790040671825409,0
5296.634159773408,67.07316589355469,0.26725107431411743,0
5297.855551912292,68.73065948486328,0.2546500563621521,0
5299.074316619836,72.84114074707031,0.23969969153404236,0
5300.2933617026,75.24139404296875,0.2309475988149643,0
5301.515597645366,75.59181213378906,0.22908766567707062,0
5302.735204341621,75.99442291259766,0.22868004441261292,0
5303.958003367907,73.06105041503906,0.23553140461444855,0
5305.178171936389,74.1507568359375,0.23383596539497375,0
5306.401534305606,77.2012710571289,0.22580261528491974,0
5307.6222650051695,80.21305084228516,0.2186795324087143,0
5308.843276532226,79.64115142822266,0.21770912408828735,0
5310.067484066468,80.35963439941406,0.21373175084590912,0
5311.289058112956,83.11770629882812,0.20588380098342896,0
5312.513829639029,81.48621368408203,0.209845170378685,0
5313.735966464101,81.37870025634766,0.21182331442832947,0
5314.961302241835,78.91145324707031,0.21758151054382324,0
5316.184002104764,73.66146850585938,0.23751278221607208,0
5317.406983248188,72.22588348388672,0.24392980337142944,0
5318.6331655542845,69.93219757080078,0.25360625982284546,0
5319.856710124543,70.23428344726562,0.2526761293411255,0
5321.083457332246,69.26934814453125,0.2504837214946747,0
5322.307565588908,70.22222900390625,0.24686478078365326,0
5323.534877958468,79.24407958984375,0.21934087574481964,0
5324.759550161223,79.37027740478516,0.21395179629325867,0
5325.984504098209,80.56777954101562,0.2079121619462967,0
5327.212664361669,78.96821594238281,0.21399344503879547,0
5328.438182634352,79.98340606689453,0.21274584531784058,0
5329.666908710664,82.20199584960938,0.20680613815784454,0
5330.892991579035,83.47076416015625,0.20293280482292175,0
5332.122283728867,83.24590301513672,0.20455190539360046,0
5333.348931453034,83.32410430908203,0.19335401058197021,0
5334.575861365898,83.22855377197266,0.20301930606365204,0
5335.806002777369,79.75072479248047,0.21372081339359283,0
5337.033497936262,76.31356048583984,0.2277475744485855,0
5338.264206073298,78.07083129882812,0.2274990826845169,0
5339.492266738629,77.5650634765625,0.22736769914627075,0
5340.72354186232,75.8041763305664,0.23366288840770721,0
5341.952168294618,78.05844116210938,0.2221701443195343,0
5343.181077370811,78.30864715576172,0.19657942652702332,0
5344.413203126087,83.64222717285156,0.2080933004617691,0
5345.642678360109,79.75186920166016,0.21501192450523376,0
5346.875371755136,79.91032409667969,0.21561120450496674,0
5348.105413407816,87.03653717041016,0.19978678226470947,0
5349.338674704106,83.3886489868164,0.20631566643714905,0
5350.569283036392,85.1200180053711,0.20041950047016144,0
5351.800174468508,86.56246185302734,0.1935504972934723,0
5353.034287768538,86.33679962158203,0.19540341198444366,0
5354.2657462717525,84.11075592041016,0.20311392843723297,0
5355.500428127195,84.40825653076172,0.2028811275959015,0
5356.732453962759,87.23014831542969,0.19499681890010834,0
5357.967704635546,86.39822387695312,0.19489015638828278,0
5359.2002980648285,84.63147735595703,0.19964581727981567,0
5360.433175050609,80.12260437011719,0.20873017609119415,0
5361.669279101506,82.88412475585938,0.205362468957901,0
5362.902724073129,80.94214630126953,0.20975100994110107,0
5364.139397596577,79.38859558105469,0.21458914875984192,0
5365.373410815713,81.23146057128906,0.21419832110404968,0
5366.610654074067,81.41559600830078,0.21156363189220428,0
5367.845235802509,84.01398468017578,0.20432166755199432,0
5369.080101544855,83.3898696899414,0.20625416934490204,0
5370.318199557903,84.61547088623047,0.2006508708000183,0
5371.553634202312,89.45159912109375,0.19225838780403137,0
5372.792302606528,84.2579574584961,0.20171496272087097,0
5374.028306415092,84.78729248046875,0.20473848283290863,0
5375.267545473254,77.59497833251953,0.22608855366706848,0
5376.504118708187,75.91134643554688,0.227779358625412,0
5377.743928683196,74.56087493896484,0.2326580286026001,0
5378.981071606831,68.71441650390625,0.25711289048194885,0
5380.218499133571,70.5825424194336,0.25756633281707764,0
5381.459165636502,66.64196014404297,0.27406442165374756,0
5382.697163245516,68.32891845703125,0.2675318121910095,0
5383.938401322918,71.06498718261719,0.25640562176704407,0
5385.176969276843,75.0597915649414,0.2386455535888672,0
5386.4187791920385,76.6941909790039,0.2314140945672989,0
5387.657917753633,78.61498260498047,0.2242584526538849,0
5388.897341377426,82.03888702392578,0.21167472004890442,0
5390.14000920221,83.24180603027344,0.2058132141828537,0
5391.380003827879,85.34893798828125,0.20090508460998535,0
5392.623244149142,86.35797119140625,0.20006988942623138,0
5393.863810039747,85.36783599853516,0.20183397829532623,0
5395.1076231212355,87.66284942626953,0.1987282633781433,0
5396.348760539958,85.14158630371094,0.20451118052005768,0
5397.590183480712,82.37992095947266,0.21044816076755524,0
5398.834855855686,84.0255355834961,0.20591039955615997,0
5400.076850719401,88.72451782226562,0.1948680430650711,0
5401.322096514348,91.47392272949219,0.18924421072006226,0
5402.564663564508,90.54634094238281,0.18950150907039642,0
5403.810483043603,91.11883544921875,0.18843933939933777,0
5405.053622543814,89.40213012695312,0.19066525995731354,0
5406.297048026632,90.52931213378906,0.18825967609882355,0
5407.543728185341,90.39313507080078,0.1909225732088089,0
5408.78772651369,84.25357818603516,0.20577283203601837,0
5410.034981017357,86.54776000976562,0.20123237371444702,0
5411.279552455147,85.60565185546875,0.20083872973918915,0
5412.527381568371,81.30094909667969,0.21064111590385437,0
5413.772526379632,83.46229553222656,0.20878438651561737,0
5415.01795763482,86.67940521240234,0.2009863406419754,0
5416.266648816023,87.53108978271484,0.198314368724823,0
5417.5126538408,88.05681610107422,0.19166046380996704,0
5418.761920293438,85.13176727294922,0.19618293642997742,0
5420.00849935214,88.55364990234375,0.19087034463882446,0
5421.25834134124,94.30329132080078,0.18088886141777039,0
5422.505494698323,88.98358154296875,0.19506588578224182,0
5423.752934961397,92.36589050292969,0.1867549866437912,0
5425.003640409078,91.98774719238281,0.18757370114326477,0
5426.2516553672895,88.74730682373047,0.19538380205631256,0
5427.502937014378,90.34528350830078,0.1931484490633011,0
5428.7515269324895,89.34906768798828,0.19330479204654694,0
5430.00338504444,91.79032897949219,0.13712383806705475,0
5431.252550187334,87.83956146240234,0.14397217333316803,0
5432.502002699028,92.13124084472656,0.19024379551410675,0
5433.754725662407,88.33503723144531,0.19617851078510284,0
5435.00475379628,89.16405487060547,0.1941235214471817,0
5436.258053888534,90.97388458251953,0.19170156121253967,0
5437.508657909777,87.22412872314453,0.19975268840789795,0
5438.762535396789,83.87517547607422,0.2056550532579422,0
5440.013715570711,81.79293060302734,0.20890982449054718,0
5441.265183576988,82.2391586303711,0.2083348035812378,0
5442.519927310522,79.39569854736328,0.2170971930027008,0
5443.771971867516,80.29029846191406,0.2165461778640747,0
5445.0272936608935,82.07135009765625,0.21354885399341583,0
5446.279915034222,85.47586059570312,0.20738042891025543,0
5447.535815153754,85.0409927368164,0.20497114956378937,0
5448.7890136091555,87.98990631103516,0.19781282544136047,0
5450.042500361214,90.44987487792969,0.1931990534067154,0
5451.299268124612,84.55362701416016,0.20240527391433716,0
5452.553332357424,90.24524688720703,0.1891961395740509,0
5453.810679113135,86.4134750366211,0.19922013580799103,0
5455.065321092744,86.00917053222656,0.2003130465745926,0
5456.32324710751,85.21154022216797,0.19461287558078766,0
5457.578467100084,87.23875427246094,0.18809832632541656,0
5458.833975854367,89.88926696777344,0.18561244010925293,0
5460.092770912597,88.36437225341797,0.1753615438938141,0
5461.348858079169,84.50958251953125,0.15650060772895813,0
5462.6082330636855,87.68386840820312,0.14690327644348145,0
5463.864898909019,87.52412414550781,0.16160593926906586,0
5465.124854086995,89.14276123046875,0.18086376786231995,0
5466.382098877687,89.44464874267578,0.1876460164785385,0
5467.639632895892,90.49883270263672,0.18775920569896698,0
5468.900458519188,93.40034484863281,0.1803646981716156,0
5470.158571882718,95.46044921875,0.1755393147468567,0
5471.4199783677805,95.17398834228516,0.17358775436878204,0
5472.678671343541,97.23602294921875,0.17243626713752747,0
5473.940658957974,92.40311431884766,0.18121199309825897,0
5475.199931812992,93.66920471191406,0.18363773822784424,0
5476.462500824519,93.70206451416016,0.18250803649425507,0
5477.722353825945,89.40744018554688,0.19370146095752716,0
5478.982496654898,86.89591979980469,0.20057357847690582,0
5480.245937917523,86.10240936279297,0.20264743268489838,0
5481.506661293681,86.92430114746094,0.20286491513252258,0
5482.770684623098,86.66864013671875,0.2011575549840927,0
5484.031988813916,87.34554290771484,0.19787341356277466,0
5485.296594478281,83.108154296875,0.21081963181495667,0
5486.558479751342,81.40052032470703,0.2172064185142517,0
5487.820655319452,80.62417602539062,0.2193334847688675,0
5489.086134641946,90.98225402832031,0.19132184982299805,0
5490.348891693741,89.40245056152344,0.190068781375885,0
5491.614954021959,89.86434173583984,0.18591144680976868,0
5492.87829282533,93.80087280273438,0.1797548532485962,0
5494.144938427862,93.654052734375,0.18289440870285034,0
5495.4088592508215,91.86439514160156,0.18699094653129578,0
5496.673070837104,90.40995025634766,0.19033727049827576,0
5497.940591507065,92.29682159423828,0.18677778542041779,0
5499.205385515026,90.15994262695312,0.18985521793365479,0
5500.473490131158,90.3362045288086,0.19112539291381836,0
5501.73886682912,91.20556640625,0.19022433459758759,0
5503.007555660447,89.77771759033203,0.19254116714000702,0
5504.273515316853,90.50460815429688,0.1918201744556427,0
5505.539766205615,88.84725952148438,0.19381389021873474,0
5506.809331515944,87.49949645996094,0.19517257809638977,0
5508.0761657658895,87.48046112060547,0.19775158166885376,0
5509.346315964355,83.66254425048828,0.20946647226810455,0
5510.6137338442395,86.10720825195312,0.20674388110637665,0
5511.8844692002995,86.33035278320312,0.2040245682001114,0
5513.152470978999,86.31405639648438,0.20152293145656586,0
5514.420764459843,84.67618560791016,0.20114386081695557,0
5515.692377708754,86.39824676513672,0.19764721393585205,0
5516.961255491803,83.23003387451172,0.15175287425518036,0
5518.233454572335,83.97273254394531,0.14930498600006104,0
5519.502916926777,84.29769897460938,0.20646719634532928,0
5520.775702108823,82.46185302734375,0.2115139663219452,0
5522.04574930397,81.11686706542969,0.21888120472431183,0
5523.316088671805,80.37854766845703,0.2245616763830185,0
5524.589753162833,80.06715393066406,0.22621266543865204,0
5525.860677775412,86.41143035888672,0.2089848667383194,0
5527.134929043068,86.88693237304688,0.20350946485996246,0
5528.406439170014,85.8883285522461,0.20519205927848816,0
5529.681277484624,87.74842071533203,0.19936548173427582,0
5530.953373395683,91.83253479003906,0.1887994110584259,0
5532.2257619507345,89.28335571289062,0.19019068777561188,0
5533.5014809927425,93.65449523925781,0.1844514012336731,0
5534.774455736598,91.41332244873047,0.18961240351200104,0
5536.0507625017635,90.5776138305664,0.1914459764957428,0
5537.32432370448,93.84798431396484,0.18175078928470612,0
5538.601218463567,91.0852279663086,0.18498899042606354,0
5539.875366395326,91.83678436279297,0.19182713329792023,0
5541.149807443142,89.37451934814453,0.1961572915315628,0
5542.427584350331,88.01709747314453,0.19790306687355042,0
5543.702612532534,89.31010437011719,0.18995968997478485,0
5544.980978110937,87.4800033569336,0.19350579380989075,0
5546.256593698019,89.02642822265625,0.19636507332324982,0
5547.535548218839,89.72818756103516,0.19611497223377228,0
5548.811751481417,86.87921905517578,0.20273810625076294,0
5550.088248332878,86.02944946289062,0.20663949847221375,0
5551.368086424794,85.62227630615234,0.20781303942203522,0
5552.64517135775,87.52853393554688,0.2040305882692337,0
5553.925599070468,87.68453979492188,0.2003505527973175,0
5555.203272355847,90.24684143066406,0.19335755705833435,0
5556.484289961005,94.06776428222656,0.18428465723991394,0
5557.7625518698605,95.74874877929688,0.1796020120382309,0
5559.041107841189,94.29788208007812,0.1824195235967636,0
5560.323010442734,94.42186737060547,0.18345843255519867,0
5561.602155444191,89.2870101928711,0.19775792956352234,0
5562.884648617657,90.83328247070312,0.19469046592712402,0
5564.1643829206105,89.76513671875,0.19113409519195557,0
5565.447466938073,86.71205139160156,0.19784431159496307,0
5566.727790814014,90.88865661621094,0.1908755749464035,0
5568.008409226779,90.4889907836914,0.19514748454093933,0
5569.292379668218,90.92770385742188,0.19478574395179749,0
5570.573588061279,86.432861328125,0.20206351578235626,0
5571.858150027292,88.29808044433594,0.19888652861118317,0
5573.139948672452,85.3502197265625,0.20742486417293549,0
5574.4251024355535,90.40262603759766,0.18855422735214233,0
5575.707491604742,78.07164764404297,0.12542137503623962,0
5576.993237437573,55.33293151855469,0.04141753166913986,8388608
5578.276217402844,90.31256103515625,0.01348658837378025,8388608
5579.559492515969,108.26099395751953,0.014279779978096485,8388608
5580.846126611703,79.32059478759766,0.023429177701473236,8388608
5582.129992929065,76.01561737060547,0.04964218661189079,134217728
5583.417219776516,78.4009017944336,0.11458517611026764,0
5584.7016775704815,87.97972869873047,0.17750966548919678,0
5585.989497442732,88.54027557373047,0.195155069231987,0
5587.274546985794,91.24424743652344,0.19086652994155884,0
5588.559892152815,86.82183837890625,0.1993614286184311,0
5589.848601720826,91.19064331054688,0.18933790922164917,0
5591.134539045756,87.32695007324219,0.1981516182422638,0
5592.423842321654,84.94840240478516,0.2054525762796402,0
5593.7103720773,87.21739196777344,0.20199741423130035,0
5595.000269334606,86.64754486083984,0.2058509737253189,0
5596.287391793901,87.48178100585938,0.20031917095184326,0
5597.574810354026,86.99362182617188,0.1984388381242752,0
5598.8655987422635,86.70814514160156,0.19818972051143646,0
5600.153610415509,87.7970962524414,0.19691099226474762,0
5601.444993469345,89.16645050048828,0.194215327501297,0
5602.733598528957,87.55242919921875,0.1981418877840042,0
5604.025576522354,90.27428436279297,0.1926862746477127,0
5605.314775241707,90.26030731201172,0.1906672865152359,0
5606.604270539531,88.92286682128906,0.19172167778015137,0
5607.8971411013445,88.9969253540039,0.19612152874469757,0
5609.1872304690405,87.14444732666016,0.2018471658229828,0
5610.480696655709,87.89287567138672,0.20078599452972412,0
5611.771380366965,91.54109954833984,0.190745010972023,0
5613.065442452892,91.73774719238281,0.1904211789369583,0
5614.356720781522,86.95647430419922,0.2023325264453888,0
5615.648296167035,91.5580062866211,0.18772652745246887,0
5616.943252261183,90.75750732421875,0.18718422949314117,0
5618.235422674864,90.62384796142578,0.19152231514453888,0
5619.530975354671,93.83782196044922,0.1837363839149475,0
5620.823741070649,89.26835632324219,0.1860876977443695,0
5622.11989061096,88.8769302368164,0.19293269515037537,0
5623.413251903491,89.10370635986328,0.19078226387500763,0
5624.706910732087,87.36508178710938,0.19449307024478912,0
5626.0039557227465,88.36662292480469,0.19428986310958862,0
5627.298210539351,86.7020034790039,0.1988728791475296,0
5628.595853078023,88.01663208007812,0.19757938385009766,0
5629.890704157208,90.22903442382812,0.1924610584974289,0
5631.188944519182,91.68791198730469,0.18867093324661255,0
5632.484392135646,89.2628402709961,0.19432751834392548,0
5633.780137768132,86.62445068359375,0.19866503775119781,0
5635.079275024906,90.33281707763672,0.18765026330947876,0
5636.37561760679,91.27953338623047,0.18377059698104858,0
5637.675353375483,90.94617462158203,0.18631239235401154,0
5638.97229318178,91.65113067626953,0.1889992654323578,0
5640.272627738125,93.5782470703125,0.18296396732330322,0
5641.570165043976,90.23566436767578,0.1874292492866516,0
5642.868000846579,93.02290344238281,0.18382637202739716,0
5644.169233744507,89.9124984741211,0.1865241527557373,0
5645.467667459449,89.3060302734375,0.18709558248519897,0
5646.769499834757,88.12911224365234,0.189287006855011,0
5648.0685317374955,88.25438690185547,0.19470274448394775,0
5649.370963866361,90.0537338256836,0.1954003870487213,0
5650.6705942324825,88.29696655273438,0.19723692536354065,0
5651.970523576861,93.66365814208984,0.18581978976726532,0
5653.273855496427,88.68050384521484,0.1969635784626007,0
5654.574383717638,87.4541015625,0.19965298473834991,0
5655.878316081601,90.75077056884766,0.19013626873493195,0
5657.179443455548,90.14834594726562,0.1880585104227066,0
5658.483976540533,94.45933532714844,0.17463240027427673,0
5659.785703343243,97.9863052368164,0.12823908030986786,0
5661.087729606495,92.45930480957031,0.12481474131345749,0
5662.393163933633,95.266357421875,0.12867440283298492,0
5663.6957900397665,95.5064926147461,0.16955958306789398,0
5665.001825779882,88.90784454345703,0.19038528203964233,0
5666.305052005245,90.7423095703125,0.18863078951835632,0
5667.611689435406,91.28009796142578,0.18189427256584167,0
5668.915516056473,91.49295043945312,0.17696844041347504,0
5670.21964262114,94.88908386230469,0.17212846875190735,0
5671.5271827472525,93.97942352294922,0.17241641879081726,0
5672.831910122411,94.63629913330078,0.1692502796649933,0
5674.140052631638,92.49259185791016,0.17370551824569702,0
5675.445381094079,91.62757873535156,0.18042437732219696,0
5676.754126263941,92.16506958007812,0.18221084773540497,0
5678.060056090586,91.11050415039062,0.18011213839054108,0
5679.369404198726,91.26277160644531,0.17851543426513672,0
5680.675935666623,90.2081298828125,0.18159876763820648,0
5681.982767700368,93.23684692382812,0.17291401326656342,0
5683.293020377142,88.73304748535156,0.1763184666633606,0
5684.600454467784,90.79647064208984,0.1751578003168106,0
5685.9113107773455,86.47064208984375,0.1763617843389511,0
5687.219347202254,90.06713104248047,0.16930601000785828,0
5688.530807422696,90.58903503417969,0.16705676913261414,0
5689.839446459365,89.39863586425781,0.17287671566009521,0
5691.148386546724,87.23174285888672,0.17638643085956573,0
5692.460752794961,87.69254302978516,0.17064057290554047,0
5693.770295910398,87.78849792480469,0.17464996874332428,0
5695.083266765144,90.05596160888672,0.17856939136981964,0
5696.3934131864735,90.4653091430664,0.17884628474712372,0
5697.706988926269,89.21627807617188,0.18109144270420074,0
5699.017738931434,92.57160949707031,0.17798595130443573,0
5700.328790472915,90.322998046875,0.18170695006847382,0
5701.643273702021,91.15290069580078,0.17945201694965363,0
5702.954929244326,91.9791259765625,0.17687363922595978,0
5704.270018055233,88.38153076171875,0.185883030295372,0
5705.582277876624,90.22041320800781,0.18748782575130463,0
5706.897972548322,88.6198959350586,0.19159606099128723,0
5708.210836927191,85.99199676513672,0.19831976294517517,0
5709.524003328785,86.81137084960938,0.19524897634983063,0
5710.840606953667,86.11414337158203,0.1991611123085022,0
5712.1543783304,84.30762481689453,0.19958961009979248,0
5713.471588513947,87.53599548339844,0.19206635653972626,0
5714.78596514453,87.084716796875,0.19565479457378387,0
5716.103782166185,90.11454010009766,0.18859705328941345,0
5717.418764329458,92.64884948730469,0.18477188050746918,0
5718.734049002651,90.36705780029297,0.18644005060195923,0
5720.052776443723,87.84967803955078,0.18979303538799286,0
5721.368667067941,85.56031799316406,0.1943337619304657,0
5722.688002046119,85.55732727050781,0.1960074007511139,0
5724.004498900525,89.44749450683594,0.18709523975849152,0
5725.324441695702,90.16448211669922,0.18293002247810364,0
5726.641545059584,91.52418518066406,0.18104438483715057,0
5727.958951421363,90.26263427734375,0.18459481000900269,0
5729.279806104559,92.57460021972656,0.17859598994255066,0
5730.597819394824,92.50677490234375,0.17863929271697998,0
5731.919282595146,97.9693832397461,0.16425253450870514,0
5733.237903093509,91.99998474121094,0.17645502090454102,0
5734.559975091302,89.90910339355469,0.18783311545848846,0
5735.879203077503,86.6017074584961,0.19208665192127228,0
5737.198734550369,87.22455596923828,0.18931792676448822,0
5738.521719907148,88.63843536376953,0.18566562235355377,0
5739.841859287538,86.8293685913086,0.1904008388519287,0
5741.165454143043,87.34599304199219,0.18415102362632751,0
5742.48620171102,88.56065368652344,0.17760494351387024,0
5743.810406346047,87.6385269165039,0.18037289381027222,0
5745.131762381802,88.02533721923828,0.181115061044693,0
5746.453422393778,90.14335632324219,0.17787626385688782,0
5747.778541861132,88.48606872558594,0.17842042446136475,0
5749.100810761248,88.3358154296875,0.17580212652683258,0
5750.426540710513,94.67964935302734,0.16117048263549805,0
5751.7494187792845,94.2981948852539,0.16231518983840942,0
5753.075759491708,90.01498413085938,0.17654938995838165,0
5754.399247009779,88.45438385009766,0.17963513731956482,0
5755.723038994414,91.77510833740234,0.17695249617099762,0
5757.050296014883,92.79997253417969,0.17470015585422516,0
5758.374697869857,89.275146484375,0.17799676954746246,0
5759.702566357007,88.48843383789062,0.17904794216156006,0
5761.027578363289,88.73937225341797,0.1797051727771759,0
5762.35605859882,91.84015655517578,0.1763514280319214,0
5763.681681037505,91.14421844482422,0.1750938892364502,0
5765.00760843389,90.11146545410156,0.17249225080013275,0
5766.337006455565,88.74455261230469,0.17504945397377014,0
5767.663544706073,87.99893951416016,0.17703460156917572,0
5768.993555180787,90.14766693115234,0.1655479371547699,0
5770.320704566837,94.00769805908203,0.1563754379749298,0
5771.651327776746,90.3880386352539,0.16016176342964172,0
5772.97908857989,93.09830474853516,0.16085271537303925,0
5774.307154832662,94.95927429199219,0.15971393883228302,0
5775.638697309198,92.01038360595703,0.16632750630378723,0
5776.967375401462,90.26114654541016,0.1701851338148117,0
5778.299531318985,87.64363861083984,0.17323890328407288,0
5779.628821532617,82.78805541992188,0.18122783303260803,0
5780.96159117374,86.92195892333984,0.1741063892841339,0
5782.2914937907435,85.37483978271484,0.17419716715812683,0
5783.624877438208,82.72080993652344,0.18117861449718475,0
5784.955392740717,83.95679473876953,0.18281875550746918,0
5786.286214126521,91.30675506591797,0.16545037925243378,0
5787.620518947673,89.92206573486328,0.16476969420909882,0
5788.95195344226,89.9057846069336,0.16016720235347748,0
5790.28687297701,90.14691925048828,0.1523929238319397,0
5791.618920862837,89.46200561523438,0.14704765379428864,0
5792.954455394383,90.06035614013672,0.14736288785934448,0
5794.28711695404,93.37782287597656,0.14776462316513062,0
5795.620085090737,93.13816833496094,0.14958444237709045,0
5796.956542281918,93.97343444824219,0.14759120345115662,0
5798.290124516404,90.19518280029297,0.1546156406402588,0
5799.6271974127785,93.63227081298828,0.14883315563201904,0
5800.961394027968,96.14807891845703,0.14453040063381195,0
5802.299082913192,89.7144546508789,0.15521757304668427,0
5803.633894192129,95.36236572265625,0.1458456665277481,0
5804.969012542647,90.95668029785156,0.1511262059211731,0
5806.30762557585,90.44606018066406,0.1530272662639618,0
5807.643359014758,86.13563537597656,0.15773513913154602,0
5808.982588746351,87.9265365600586,0.153899684548378,0
5810.318937557022,90.55642700195312,0.14748409390449524,0
5811.658784271117,91.08118438720703,0.14578434824943542,0
5812.995748737051,90.826904296875,0.14314493536949158,0
5814.333020769904,95.85777282714844,0.13681520521640778,0
5815.673793122722,94.94277954101562,0.1344405710697174,0
5817.011681236167,93.07321166992188,0.1410418003797531,0
5818.353071282172,92.5376205444336,0.13582974672317505,0
5819.691575760036,91.4902114868164,0.1385299265384674,0
5821.0335837838,86.72220611572266,0.14396458864212036,0
5822.372704910043,91.13743591308594,0.1425343006849289,0
5823.71213409934,90.12039947509766,0.1444718837738037,0
5825.055069254977,93.32514190673828,0.14215265214443207,0
5826.395115518667,90.5159683227539,0.1444701850414276,0
5827.738669363894,84.93822479248047,0.15557242929935455,0
5829.079332986262,85.24482727050781,0.15009869635105133,0
5830.423505806108,87.04776763916016,0.15486305952072144,0
5831.764787071572,86.7807846069336,0.15100833773612976,0
5833.106376897028,86.3432388305664,0.15355437994003296,0
5834.4514783443055,83.62786102294922,0.15821386873722076,0
5835.793686239559,86.4195327758789,0.1557382494211197,0
5837.139407374435,89.85861206054688,0.15053467452526093,0
5838.48223362423,90.97052001953125,0.14795799553394318,0
5839.828574732194,91.0981216430664,0.1470680683851242,0
5841.1720196214055,90.33267211914062,0.1469736099243164,0
5842.515773568347,90.1371841430664,0.1487865149974823,0
5843.863044801715,94.38896179199219,0.14339567720890045,0
5845.2074178154635,95.88108825683594,0.13926120102405548,0
5846.55530973605,95.46812438964844,0.14178691804409027,0
5847.900302101808,96.75004577636719,0.1386113315820694,0
5849.248814995563,96.77035522460938,0.14276178181171417,0
5850.594426998667,95.79683685302734,0.1471521556377411,0
5851.940348558043,97.76920318603516,0.144734188914299,0
5853.289793077589,94.86347961425781,0.14880512654781342,0
5854.63633470239,91.17986297607422,0.153245747089386,0
5855.986400910385,88.62348937988281,0.15717391669750214,0
5857.333562886274,95.42295837402344,0.1524280458688736,0
5858.684251069132,94.61820983886719,0.15184548497200012,0
5860.032033681905,93.0631332397461,0.15348507463932037,0
5861.380126350296,93.66242980957031,0.15434865653514862,0
5862.731747661751,93.4955062866211,0.1579340696334839,0
5864.080461395796,94.2265396118164,0.1608562469482422,0
5865.432705398548,95.26329040527344,0.15812604129314423,0
5866.7820404843715,92.36299133300781,0.16013354063034058,0
5868.134907465294,93.81727600097656,0.15842559933662415,0
5869.484864189151,94.12213897705078,0.1576545238494873,0
5870.835131468779,95.71267700195312,0.1623334139585495,0
5872.188933083531,94.05460357666016,0.1654129922389984,0
5873.539822430655,96.87364196777344,0.1666683852672577,0
5874.894247741169,90.89356231689453,0.17900928854942322,0
5876.245759442374,90.55611419677734,0.18040414154529572,0
5877.600808735987,90.41259765625,0.17927591502666473,0
5878.952943077992,92.50599670410156,0.18019510805606842,0
5880.305388476725,93.76860046386719,0.17737358808517456,0
5881.6613739118275,92.0307388305664,0.1820651739835739,0
5883.0144423815145,94.26812744140625,0.18072135746479034,0
5884.371052518464,95.691162109375,0.1783175766468048,0
5885.724744346154,95.99583435058594,0.18175722658634186,0
5887.08197947275,92.55366516113281,0.18498139083385468,0
5888.436294945624,94.42008972167969,0.1679278165102005,0
5889.7941553497985,91.41552734375,0.1288978010416031,0
5891.149094755168,91.4132080078125,0.09622874855995178,0
5892.504345862568,85.240234375,0.1221962571144104,0
5893.8631443503,87.83724975585938,0.1515299528837204,0
5895.219019821241,89.61676025390625,0.15293416380882263,0
5896.578444306792,88.51150512695312,0.1358279287815094,0
5897.934944428921,88.84505462646484,0.13390909135341644,0
5899.294995200688,88.8650894165039,0.1546664983034134,0
5900.6521202617805,91.08712768554688,0.18061912059783936,0
5902.009557527709,91.79247283935547,0.1926051676273346,0
5903.370547896257,88.27635955810547,0.20688460767269135,0
5904.728610532891,90.02249908447266,0.2034783810377121,0
5906.090227909057,86.28813171386719,0.21335218846797943,0
5907.448916204503,87.62228393554688,0.2137226164340973,0
5908.811160877149,86.54193878173828,0.21730057895183563,0
5910.170475119649,88.50701904296875,0.21498136222362518,0
5911.530102070604,89.7964096069336,0.21559643745422363,0
5912.893287855697,88.4039306640625,0.21774663031101227,0
5914.253541186144,90.93759155273438,0.21156096458435059,0
5915.6173549902815,94.0653076171875,0.20032131671905518,0
5916.978234988793,92.92733764648438,0.20329324901103973,0
5918.342677101303,92.13599395751953,0.2046736180782318,0
5919.704184056584,95.95986938476562,0.20621339976787567,0
5921.066004224752,95.51392364501953,0.20667749643325806,0
5922.43138896782,93.95266723632812,0.2090112417936325,0
5923.793836525893,94.17752838134766,0.20613601803779602,0
5925.159850301065,97.09590911865234,0.20088504254817963,0
5926.522925538082,98.76984405517578,0.19859632849693298,0
5927.8895686351525,92.96643829345703,0.21331320703029633,0
5929.253271840285,92.98267364501953,0.22153103351593018,0
5930.6172887635485,93.83572387695312,0.22101956605911255,0
5931.984876011736,96.21247863769531,0.21614030003547668,0
5933.349521336949,97.03853607177734,0.20768678188323975,0
5934.717738631933,95.06245422363281,0.21002072095870972,0
5936.0830126486,97.48872375488281,0.21601133048534393,0
5937.451860280644,92.89991760253906,0.23011189699172974,0
5938.817763278403,93.11786651611328,0.23027631640434265,0
5940.183980500352,92.49259948730469,0.23276492953300476,0
5941.553773806525,94.43183898925781,0.22842025756835938,0
5942.920620444101,94.46746826171875,0.22695733606815338,0
5944.2910448134,96.68031311035156,0.2226303666830063,0
5945.658521156573,95.148193359375,0.2246977835893631,0
5947.02957687973,96.80077362060547,0.21890796720981598,0
5948.397683218606,97.46400451660156,0.2196778655052185,0
5949.766104288548,96.58843231201172,0.2252986580133438,0
5951.138107211303,97.10749053955078,0.230832040309906,0
5952.507158712183,95.62158203125,0.2335270792245865,0
5953.879793716033,95.64116668701172,0.22981202602386475,0
5955.249475938291,100.52743530273438,0.22052180767059326,0
5956.622743314438,97.00589752197266,0.2272080034017563,0
5957.993056548646,101.3196029663086,0.22665934264659882,0
5959.363685021613,97.78194427490234,0.23507505655288696,0
5960.737901125286,97.09324645996094,0.2391422688961029,0
5962.109161046141,96.21763610839844,0.23828409612178802,0
5963.484010250522,96.66014099121094,0.24080543220043182,0
5964.855901910172,96.53813934326172,0.24494627118110657,0
5966.23138450693,97.76702117919922,0.24420206248760223,0
5967.603908196417,96.873046875,0.24542714655399323,0
5968.976747633175,97.67489624023438,0.23995041847229004,0
5970.353180487856,99.48526763916016,0.2332136631011963,0
5971.726652391092,96.84629821777344,0.24131996929645538,0
5973.103719367736,95.6173324584961,0.2473222315311432,0
5974.477824028827,92.67481994628906,0.25653454661369324,0
5975.855525419574,89.85516357421875,0.2639380991458893,0
5977.230263130031,96.53228759765625,0.24354052543640137,0
5978.605317097091,90.28938293457031,0.2551826536655426,0
5979.983970278624,91.24412536621094,0.2517574429512024,0
5981.359657732395,91.44402313232422,0.25382593274116516,0
5982.738946058795,88.11967468261719,0.25954920053482056,0
5984.115267291123,89.74073791503906,0.25837621092796326,0
5985.495191055002,90.74929809570312,0.26686060428619385,0
5986.8721463578695,90.18365478515625,0.26774322986602783,0
5988.249418427496,89.96415710449219,0.2678113579750061,0
5989.630295517494,89.58455657958984,0.2630140781402588,0
5991.00820209571,92.07813262939453,0.25801220536231995,0
5992.38971535513,94.38057708740234,0.25615745782852173,0
5993.768256734253,91.60418701171875,0.2610442638397217,0
5995.150406456177,93.97895812988281,0.25469720363616943,0
5996.529582928659,94.19776153564453,0.2552696168422699,0
5997.912369406305,91.95829010009766,0.2588854134082794,0
5999.292181264735,94.43705749511719,0.2544364631175995,0
6000.672310547068,94.92215728759766,0.2521492838859558,0
6002.056052328553,93.38971710205078,0.2535706162452698,0
6003.436817435793,94.50419616699219,0.25325852632522583,0
6004.821196706461,92.22330474853516,0.25528261065483093,0
6006.202597931531,94.43810272216797,0.2482837438583374,0
6007.587614985072,96.33413696289062,0.2507062256336212,0
6008.969652621033,90.81013488769531,0.26208871603012085,0
6010.352008192935,90.48333740234375,0.2698364853858948,0
6011.7379820913175,85.45294189453125,0.2868788242340088,0
6013.120974513777,84.49346160888672,0.29231318831443787,0
6014.507586929677,80.4291763305664,0.30831629037857056,0
6015.891216496089,77.31483459472656,0.319439172744751,0
6017.278467723672,71.44786071777344,0.3391737937927246,0
6018.66273472757,72.47242736816406,0.33977892994880676,0
6020.047320180272,71.85389709472656,0.34403195977211,0
6021.435529796186,74.27518463134766,0.33369332551956177,0
6022.820753126751,74.91757202148438,0.32157614827156067,0
6024.209602290176,77.6162109375,0.30613747239112854,0
6025.5954637924715,81.92325592041016,0.29261597990989685,0
6026.984952798049,84.54932403564453,0.27964478731155396,0
6028.371452766081,88.46367645263672,0.268125981092453,0
6029.758271696611,89.3941879272461,0.265641450881958,0
6031.148720636495,91.44448852539062,0.2613995671272278,0
6032.536178473848,93.60044860839844,0.25612351298332214,0
6033.927267992901,90.18341827392578,0.26414191722869873,0
6035.315365031421,89.41303253173828,0.26285022497177124,0
6036.707095424756,93.91781616210938,0.2523937523365021,0
6038.095831958924,91.8343505859375,0.2555474638938904,0
6039.484887970107,93.48280334472656,0.249406099319458,0
6040.877579846221,93.70950317382812,0.24615594744682312,0
6042.26727579485,93.6666030883789,0.24443790316581726,0
6043.660609283453,92.18482971191406,0.24681979417800903,0
6045.050945464346,92.72606658935547,0.2409028261899948,0
6046.444920861026,95.13435363769531,0.23686544597148895,0
6047.835897569138,92.63860321044922,0.24232067167758942,0
6049.227194269615,91.2295913696289,0.24727103114128113,0
6050.622132700046,92.16275024414062,0.24636435508728027,0
6052.014070370253,93.64476776123047,0.24691557884216309,0
6053.409651448156,93.6817855834961,0.24378377199172974,0
6054.802230383388,89.51102447509766,0.25626519322395325,0
6056.198454404833,90.14576721191406,0.2523512840270996,0
6057.59167490052,93.28427124023438,0.24563317000865936,0
6058.985215904751,93.78028869628906,0.2426840215921402,0
6060.382404513419,92.25138092041016,0.24445395171642303,0
6061.77658752133,91.50249481201172,0.2423635572195053,0
6063.174419814127,94.52057647705078,0.23971900343894958,0
6064.569245121489,94.87686920166016,0.23655469715595245,0
6065.967721394961,93.247314453125,0.2377874255180359,0
6067.363189297681,92.95623016357422,0.24017567932605743,0
6068.758978225957,91.40433502197266,0.24617835879325867,0
6070.15842064263,93.76879119873047,0.23740431666374207,0
6071.554852610205,93.70344543457031,0.23556825518608093,0
6072.954939749335,90.99520111083984,0.2441018670797348,0
6074.352015052455,92.537353515625,0.23782114684581757,0
6075.752747211066,93.54888153076172,0.2369864284992218,0
6077.150466146116,92.29222106933594,0.24318072199821472,0
6078.548506624569,92.1521987915039,0.24407552182674408,0
6079.950206484868,89.95926666259766,0.24921253323554993,0
6081.348891039908,90.79270935058594,0.2480059415102005,0
6082.751236662669,94.09413146972656,0.23895639181137085,0
6084.15056559102,94.25250244140625,0.2348785400390625,0
6085.5535572737435,92.76657104492188,0.23675042390823364,0
6086.953530872269,93.68669891357422,0.23426955938339233,0
6088.353826532881,94.3240966796875,0.2340918928384781,0
6089.757787478295,93.36100006103516,0.236672505736351,0
6091.158728254453,92.41557312011719,0.23784925043582916,0
6092.563336004008,95.451171875,0.230070099234581,0
6093.9649221929185,92.33747100830078,0.23769043385982513,0
6095.370177044599,96.81598663330078,0.22626051306724548,0
6096.7724089436015,97.09038543701172,0.22828543186187744,0
6098.178311195526,95.56000518798828,0.231536865234375,0
6099.581189102099,96.69833374023438,0.2294379323720932,0
6100.984389738892,95.53193664550781,0.23132957518100739,0
6102.391263264284,96.38772583007812,0.22837580740451813,0
6103.795110354946,93.08970642089844,0.23536372184753418,0
6105.202632026304,90.39518737792969,0.23998036980628967,0
6106.607125868654,94.54417419433594,0.23209640383720398,0
6108.01529598458,94.91921997070312,0.2318073809146881,0
6109.420436876577,91.96504211425781,0.24225027859210968,0
6110.825901019391,92.3957290649414,0.2436876744031906,0
6112.235043975547,90.5666275024414,0.2481459081172943,0
6113.641155615025,92.63603973388672,0.23964956402778625,0
6115.050947762675,94.2707748413086,0.2328750193119049,0
6116.457707197117,95.95771789550781,0.22611531615257263,0
6117.86814883534,94.12023162841797,0.22900128364562988,0
6119.275556363188,95.33467102050781,0.2266302853822708,0
6120.683287663288,97.44424438476562,0.22410647571086884,0
6122.0947037110345,95.05132293701172,0.23137424886226654,0
6123.503083552277,93.35282897949219,0.23498784005641937,0
6124.915149838727,94.47816467285156,0.23354949057102203,0
6126.324178519894,93.03691101074219,0.23701773583889008,0
6127.736895344614,90.83201599121094,0.2400875687599182,0
6129.146573164627,92.53453063964844,0.23643024265766144,0
6130.55657527917,92.51148223876953,0.23280134797096252,0
6131.970268085233,92.05005645751953,0.23245231807231903,0
6133.380919787082,92.66714477539062,0.22998185455799103,0
6134.795263880752,93.05104064941406,0.2282666265964508,0
6136.2065654691705,92.32747650146484,0.22909529507160187,0
6137.621561150494,90.56300354003906,0.2324797362089157,0
6139.033512924885,90.48050689697266,0.2308194935321808,0
6140.445789516927,90.9958267211914,0.22753368318080902,0
6141.8617627539525,89.75908660888672,0.23349909484386444,0
6143.274689981151,88.77559661865234,0.2312743365764618,0
6144.691315556375,89.68531799316406,0.23018401861190796,0
6146.104893718478,91.18328857421875,0.22696742415428162,0
6147.522171932433,90.56790924072266,0.22692658007144928,0
6148.936401329324,91.13323974609375,0.2230442762374878,0
6150.350956067829,93.79271697998047,0.2155711054801941,0
6151.7692134143845,91.12006378173828,0.21857850253582,0
6153.1844198375875,90.28811645507812,0.22430859506130219,0
6154.60333057463,93.13375091552734,0.21693287789821625,0
6156.019188982761,89.90469360351562,0.22617113590240479,0
6157.4387534113075,93.71334075927734,0.21572443842887878,0
6158.855264104735,92.51077270507812,0.21932564675807953,0
6160.272100664588,92.95494079589844,0.2145151048898697,0
6161.692645805175,92.74461364746094,0.20963704586029053,0
6163.110135100958,95.68238830566406,0.20207653939723969,0
6164.5313346860175,98.35518646240234,0.20177491009235382,0
6165.949477018448,94.45069122314453,0.2082456350326538,0
6167.371331349483,96.73554229736328,0.20587502419948578,0
6168.790127019413,99.77389526367188,0.19801990687847137,0
6170.209249081423,97.95085906982422,0.20010000467300415,0
6171.6320857064875,97.0229263305664,0.20069625973701477,0
6173.051861557358,95.88861846923828,0.20082718133926392,0
6174.475353682581,100.86732482910156,0.19052083790302277,0
6175.895783623513,101.0482177734375,0.18970347940921783,0
6177.319931550884,100.06371307373047,0.18963463604450226,0
6178.741015883216,99.74456787109375,0.18963900208473206,0
6180.162427134132,100.03899383544922,0.1934652030467987,0
6181.587558940072,100.63821411132812,0.19379940629005432,0
6183.009625034478,98.7108383178711,0.19728663563728333,0
6184.435413397965,97.07848358154297,0.19950155913829803,0
6185.858134637546,95.06831359863281,0.2047131508588791,0
6187.284579861056,95.8564224243164,0.20603226125240326,0
6188.707956547638,95.24732971191406,0.20818470418453217,0
6190.131660680156,96.05741119384766,0.20805367827415466,0
6191.559091369333,96.27799224853516,0.20778349041938782,0
6192.983451401669,93.00251007080078,0.21459774672985077,0
6194.411539707489,94.3671875,0.2127898633480072,0
6195.836555941817,96.5357437133789,0.20728246867656708,0
6197.265302167242,90.98316192626953,0.2221618890762329,0
6198.690974905874,94.67969512939453,0.21590523421764374,0
6200.1169756186455,97.70948791503906,0.2084493786096573,0
6201.546708899394,97.23433685302734,0.20816458761692047,0
6202.973366570018,99.90782928466797,0.20249243080615997,0
6204.403758528211,95.71526336669922,0.20807325839996338,0
6205.831073459348,97.67418670654297,0.20390504598617554,0
6207.262124398438,100.11543273925781,0.20125825703144073,0
6208.690096892887,95.33277893066406,0.21059665083885193,0
6210.121807116466,94.81568908691406,0.21050885319709778,0
6211.550437477165,96.8716812133789,0.21018406748771667,0
6212.979396492403,94.62455749511719,0.2159273475408554,0
6214.412095818996,91.85995483398438,0.22527626156806946,0
6215.841713154974,93.61314392089844,0.2232605218887329,0
6217.275072525467,96.09976959228516,0.2189309448003769,0
6218.705348485475,95.09443664550781,0.22129712998867035,0
6220.139368203951,94.50271606445312,0.2185124307870865,0
6221.570303091415,94.75043487548828,0.21928219497203827,0
6223.001567163568,95.17620086669922,0.22007115185260773,0
6224.436577580584,96.68942260742188,0.21704332530498505,0
6225.868501035417,96.85701751708984,0.21673718094825745,0
6227.30417256105,98.1065902709961,0.21478873491287231,0
6228.736755702341,97.1085433959961,0.21813715994358063,0
6230.173088641165,94.42893981933594,0.22664785385131836,0
6231.60633177283,91.61019897460938,0.2376105785369873,0
6233.039904620194,90.84807586669922,0.24136047065258026,0
6234.4772298556545,91.01660919189453,0.23673859238624573,0
6235.911463149349,90.73587799072266,0.23048925399780273,0
6237.349450559865,92.49897003173828,0.22282926738262177,0
6238.784344604158,95.52947998046875,0.21761579811573029,0
6240.222994494791,95.5791244506836,0.22359676659107208,0
6241.658549594091,93.7081527709961,0.23220551013946533,0
6243.094434940954,93.74406433105469,0.23342515528202057,0
6244.5340787289,96.22407531738281,0.2272990643978119,0
6245.970625587462,93.37171936035156,0.2398662269115448,0
6247.410932618618,95.23674774169922,0.23861351609230042,0
6248.848141293637,93.26531982421875,0.2428894191980362,0
6250.28911187356,93.6639175415039,0.23813940584659576,0
6251.726982669934,91.51115417480469,0.24963611364364624,0
6253.165184246594,92.34809875488281,0.25097548961639404,0
6254.607150327088,92.85052490234375,0.25051167607307434,0
6256.046014482533,91.40699005126953,0.25122758746147156,0
6257.488644876116,91.87871551513672,0.2453915923833847,0
6258.928171915596,93.84357452392578,0.23405832052230835,0
6260.371466928317,96.09269714355469,0.23049941658973694,0
6261.811657157222,95.43864440917969,0.2361360490322113,0
6263.252178699995,93.57748413085938,0.24670933187007904,0
6264.696470819131,93.94852447509766,0.2453492283821106,0
6266.137656009497,91.62583923339844,0.24993355572223663,0
6267.5826135133275,91.75232696533203,0.24984394013881683,0
6269.024462657027,90.97288513183594,0.2554493546485901,0
6270.470085852094,90.91168212890625,0.2621106207370758,0
6271.912599255011,93.2534408569336,0.25518912076950073,0
6273.35544450624,89.87434387207031,0.26809725165367126,0
6274.802066416156,95.09030151367188,0.24933016300201416,0
6276.245576385509,98.25145721435547,0.23694181442260742,0
6277.692864753453,97.70103454589844,0.23404362797737122,0
6279.137039747164,97.14048767089844,0.2335066944360733,0
6280.584994880173,95.86283111572266,0.23998655378818512,0
6282.029835204619,92.89649963378906,0.2523505389690399,0
6283.475007912683,92.43798828125,0.25756168365478516,0
6284.923963371571,92.92303466796875,0.2578451633453369,0
6286.369801870016,91.59981536865234,0.25998350977897644,0
6287.819424861996,91.07462310791016,0.2571178078651428,0
6289.265929457552,90.26793670654297,0.25839945673942566,0
6290.716220290158,87.02259063720703,0.2737448811531067,0
6292.163391289695,85.38681030273438,0.28976941108703613,0
6293.61089520902,85.46820068359375,0.2946947515010834,0
6295.062187981131,84.26170349121094,0.29608723521232605,0
6296.510358764825,84.34502410888672,0.2948037385940552,0
6297.962320146828,83.55253601074219,0.29414427280426025,0
6299.411158102115,82.51034545898438,0.25909149646759033,0
6300.863788402039,85.94392395019531,0.1744636446237564,0
6302.313293836285,89.9878158569336,0.15071401000022888,0
6303.763132727352,86.42926025390625,0.20426709949970245,0
6305.216766583012,89.06865692138672,0.24483472108840942,0
6306.667273414168,89.93457794189453,0.2581872344017029,0
6308.121576958257,90.5387954711914,0.25251466035842896,0
6309.572752037223,92.3727035522461,0.24550005793571472,0
6311.027725578265,92.74005126953125,0.2488398551940918,0
6312.479569212902,92.62316131591797,0.2561158835887909,0
6313.931746842259,92.87210083007812,0.2571835219860077,0
6315.3877255578755,93.18202209472656,0.2580578327178955,0
6316.840572204777,91.26858520507812,0.2645503282546997,0
6318.2972216890985,90.89152526855469,0.26604369282722473,0
6319.750737661762,89.25597381591797,0.27146098017692566,0
6321.2080582238095,91.21097564697266,0.2605997622013092,0
6322.662243830593,88.99162292480469,0.26543110609054565,0
6324.120235779532,89.08122253417969,0.2639947235584259,0
6325.575091328935,92.23747253417969,0.25733646750450134,0
6327.030281565945,90.14225006103516,0.264819860458374,0
6328.489280774739,91.45916748046875,0.26006239652633667,0
6329.945141417202,90.9648208618164,0.2507238984107971,0
6331.40481278624,92.40355682373047,0.24079115688800812,0
6332.86134414301,90.799560546875,0.2509754002094269,0
6334.321687981956,89.23546600341797,0.26170194149017334,0
6335.778890362031,91.12246704101562,0.2613528370857239,0
6337.2364279696,94.10298919677734,0.25200173258781433,0
6338.697780693213,95.28359985351562,0.24819310009479523,0
6340.155989787666,92.4961166381836,0.2536792755126953,0
6341.618015755786,91.85785675048828,0.25529053807258606,0
6343.0768966464775,94.5521240234375,0.24876581132411957,0
6344.5395961692675,89.86843872070312,0.26487112045288086,0
6345.999149165695,89.37188720703125,0.2684168815612793,0
6347.45903793037,87.10403442382812,0.2772417366504669,0
6348.922747965262,87.79917907714844,0.27066418528556824,0
6350.3833092999985,85.31482696533203,0.2799570858478546,0
6351.84769366541,86.90859985351562,0.26970234513282776,0
6353.308927880062,89.97468566894531,0.25862571597099304,0
6354.773986886655,90.24293518066406,0.26273441314697266,0
6356.235894291217,87.5909652709961,0.26465848088264465,0
6357.698138005656,89.51570129394531,0.25296467542648315,0
6359.16420915441,89.4102554321289,0.2524525225162506,0
6360.627126523835,89.01103210449219,0.26060566306114197,0
6362.093873090873,88.94859313964844,0.26479363441467285,0
6363.557464425637,88.09387969970703,0.2532300353050232,0
6365.024886722123,87.3488540649414,0.2344343215227127,0
6366.48915233272,87.72879791259766,0.2225167602300644,0
6367.953754795697,90.40753173828125,0.23702166974544525,0
6369.422190867032,89.1059799194336,0.26504021883010864,0
6370.88746807167,87.72410583496094,0.2718248963356018,0
6372.356580650807,91.83232879638672,0.259704053401947,0
6373.822532907958,88.34468841552734,0.270851731300354,0
6375.292322306564,86.45484924316406,0.28058114647865295,0
6376.758949927224,88.82077026367188,0.27222052216529846,0
6378.225914943642,86.35137939453125,0.2809222340583801,0
6379.69671975242,86.78435516357422,0.2800443768501282,0
6381.164360598926,84.779541015625,0.2830139696598053,0
6382.635843006781,85.83809661865234,0.2797890305519104,0
6384.104159994729,88.99856567382812,0.2676430344581604,0
6385.576320313833,90.9601821899414,0.2576143443584442,0
6387.04531375472,90.03599548339844,0.2617392838001251,0
6388.514645135619,86.29302215576172,0.27201780676841736,0
6389.987822502855,85.79692077636719,0.2799070477485657,0
6391.457830804024,86.12281036376953,0.2836815416812897,0
6392.931686863374,86.50016021728516,0.28411832451820374,0
6394.402372396671,88.89613342285156,0.27529242634773254,0
6395.87690746081,88.55690002441406,0.27418798208236694,0
6397.348270538234,89.51838684082031,0.2713555693626404,0
6398.8199721008,90.2537612915039,0.26484254002571106,0
6400.295525853674,88.44528198242188,0.2731761634349823,0
6401.767905428454,90.7411880493164,0.2683655321598053,0
6403.244138968241,86.16844177246094,0.2883627414703369,0
6404.717196867592,90.48123168945312,0.2726946771144867,0
6406.194110507472,91.58743286132812,0.2662968337535858,0
6407.667847043899,92.30766296386719,0.26384344696998596,0
6409.1419226114795,94.64321899414062,0.2554476261138916,0
6410.619856583343,91.45452117919922,0.26342952251434326,0
6412.094611256839,90.69982147216797,0.26622435450553894,0
6413.573226112183,94.27273559570312,0.257544606924057,0
6415.0486602044575,92.9550552368164,0.2624358534812927,0
6416.527956256964,88.38697052001953,0.2786503732204437,0
6418.004070081025,87.4911117553711,0.2846090793609619,0
6419.480523483132,89.15675354003906,0.2782120704650879,0
6420.960841513523,91.80294036865234,0.2687745690345764,0
6422.437975117012,94.39529418945312,0.2596149444580078,0
6423.918975129217,93.75720977783203,0.26111048460006714,0
6425.3967892474575,93.03265380859375,0.2644384503364563,0
6426.878471555666,94.65509033203125,0.2584805190563202,0
6428.35696650217,93.80036926269531,0.2617996037006378,0
6429.835801574493,91.17144012451172,0.2734156847000122,0
6431.3185075091405,89.67066955566406,0.2828710675239563,0
6432.79802388008,91.00111389160156,0.27670952677726746,0
6434.281412896648,93.96277618408203,0.2684018313884735,0
6435.761610880079,90.88133239746094,0.27816876769065857,0
6437.245683293265,93.93852233886719,0.2662045359611511,0
6438.726563203205,90.85110473632812,0.27879175543785095,0
6440.211319327847,92.37103271484375,0.27247387170791626,0
6441.69288147846,94.01683044433594,0.2663092017173767,0
6443.174784460497,95.17131042480469,0.2615417540073395,0
6444.660566335137,94.65338134765625,0.26384609937667847,0
6446.143152029176,92.78726959228516,0.27001845836639404,0
6447.6296184028215,91.13243865966797,0.27567464113235474,0
6449.112887123388,91.68465423583984,0.27489903569221497,0
6450.600038311386,91.34173583984375,0.27628159523010254,0
6452.0839903731485,88.16868591308594,0.28627967834472656,0
6453.568283816132,88.53300476074219,0.2874374985694885,0
6455.056462408768,90.50825500488281,0.2803693413734436,0
6456.541439665038,90.30370330810547,0.2787104845046997,0
6458.030303860845,94.71031188964844,0.26251062750816345,0
6459.515965245433,94.96578979492188,0.2591226100921631,0
6461.00551536027,93.90837097167969,0.26334622502326965,0
6462.491861188352,95.9281997680664,0.25648176670074463,0
6463.97854894834,96.24642944335938,0.2532562017440796,0
6465.469128125123,92.92318725585938,0.26073673367500305,0
6466.956500801456,95.84593963623047,0.2500569224357605,0
6468.447766687359,93.24547576904297,0.2569419741630554,0
6469.93582459558,92.9958267211914,0.2590549886226654,0
6471.4277775069695,93.34166717529297,0.2600690424442291,0
6472.916520962763,92.31690216064453,0.26187896728515625,0
6474.405606902032,90.80860900878906,0.2700061500072479,0
6475.898590535348,91.9349136352539,0.2700183391571045,0
6477.388362495803,91.29150390625,0.27424052357673645,0
6478.8820339459735,91.08622741699219,0.27043816447257996,0
6480.372492243664,92.73983764648438,0.2655078172683716,0
6481.866851827563,92.47274780273438,0.2672412395477295,0
6483.3579967786845,93.57743072509766,0.26429951190948486,0
6484.849484765744,95.25160217285156,0.2564312219619751,0
6486.34487673423,93.00109100341797,0.26314210891723633,0
6487.8370518490965,94.87249755859375,0.25954386591911316,0
6489.333132743954,94.10922241210938,0.2596789002418518,0
6490.825995303188,95.69667053222656,0.254062294960022,0
6492.322765441804,94.54444885253906,0.2576916813850403,0
6493.816315762113,93.24878692626953,0.26055970788002014,0
6495.31020967171,93.27157592773438,0.2605716586112976,0
6496.808013860255,91.58409118652344,0.2626754939556122,0
6498.302596006069,89.16484832763672,0.26272162795066833,0
6499.801090232293,90.39551544189453,0.2500472664833069,0
6501.296360931392,91.62554168701172,0.24684397876262665,0
6502.795545513197,93.082275390625,0.25537022948265076,0
6504.291505082798,88.7055435180664,0.2705806493759155,0
6505.7878087959325,97.18063354492188,0.24759331345558167,0
6507.288029095694,95.7337646484375,0.24525871872901917,0
6508.78502215524,93.92604064941406,0.25029781460762024,0
6510.285933605783,97.41162872314453,0.24623829126358032,0
6511.7836163293205,96.06016540527344,0.25039002299308777,0
6513.285219249057,94.87873840332031,0.2551630139350891,0
6514.783591954317,94.23133087158203,0.2560103237628937,0
6516.282309358247,91.39173889160156,0.2656182646751404,0
6517.78494966666,90.63996887207031,0.2681972086429596,0
6519.284357528989,91.63536834716797,0.2681290805339813,0
6520.7876901030795,94.01094055175781,0.25699523091316223,0
6522.2877887419,92.15316009521484,0.2571842074394226,0
6523.791813900594,95.20352935791016,0.2411234825849533,0
6525.292603634146,94.95386505126953,0.24945902824401855,0
6526.793738622404,96.14290618896484,0.24786880612373352,0
6528.298802843189,95.03770446777344,0.25402066111564636,0
6529.800629403624,93.7146224975586,0.25748637318611145,0
6531.306387006782,94.59224700927734,0.25460949540138245,0
6532.808905458001,91.68592071533203,0.2556302845478058,0
6534.315356762974,93.12459564208984,0.2470410317182541,0
6535.818567423731,91.78885650634766,0.2494066059589386,0
6537.322123896126,92.8780517578125,0.2537509799003601,0
6538.829615939302,92.6872329711914,0.2594403922557831,0
6540.333865099451,92.99916076660156,0.25897911190986633,0
6541.842051643496,94.01309967041016,0.2535110414028168,0
6543.34699381052,94.84195709228516,0.24965670704841614,0
6544.855875175392,95.65937805175781,0.2460927814245224,0
6546.361510668558,93.62723541259766,0.25199201703071594,0
6547.867492531191,92.16677856445312,0.2566903531551361,0
6549.377416313084,94.7936782836914,0.2519877552986145,0
6550.884091980847,95.18538665771484,0.25121229887008667,0
6552.394711383909,92.72274017333984,0.2538083791732788,0
6553.9020811764385,92.28563690185547,0.2472505122423172,0
6555.413396521145,92.7412109375,0.24455218017101288,0
6556.921460758223,89.66836547851562,0.25783437490463257,0
6558.433472365191,90.60660552978516,0.26399025321006775,0
6559.942231366748,93.8472671508789,0.253889262676239,0
6561.45133745633,95.74925994873047,0.2466769814491272,0
6562.964393642861,94.42475128173828,0.24807874858379364,0
6564.474194976903,95.47002410888672,0.24383138120174408,0
6565.987948227702,99.30057525634766,0.23511147499084473,0
6567.498445126504,95.44403839111328,0.24646595120429993,0
6569.012895762707,94.49072265625,0.24794399738311768,0
6570.524088546713,96.22528076171875,0.24358880519866943,0
6572.035628978634,94.83970642089844,0.24785703420639038,0
6573.551125879412,93.50373840332031,0.25362628698349,0
6575.063362677293,96.0573959350586,0.24776466190814972,0
6576.579557766776,94.31636810302734,0.24990348517894745,0
6578.092491251433,94.3426284790039,0.24493318796157837,0
6579.609384851274,96.62078094482422,0.23948624730110168,0
6581.12301534367,94.42619323730469,0.24983012676239014,0
6582.636994044771,95.15870666503906,0.2514428198337555,0
6584.154935596919,98.76182556152344,0.24114826321601868,0
6585.669611787292,97.9285888671875,0.24268341064453125,0
6587.188252654393,95.69728088378906,0.24822193384170532,0
6588.703626655367,94.29810333251953,0.25486859679222107,0
6590.222967159596,95.62593078613281,0.25383123755455017,0
6591.7390392926545,91.73725891113281,0.2660907506942749,0
6593.255460196115,96.26779174804688,0.2524351477622986,0
6594.775850343105,95.62007904052734,0.2559337913990021,0
6596.292969860957,93.80485534667969,0.2594875991344452,0
6597.814060450967,97.1041030883789,0.24860410392284393,0
6599.331878905061,93.5466079711914,0.2607380747795105,0
6600.853670260784,94.37261199951172,0.26006725430488586,0
6602.372187973121,93.80013275146484,0.26429784297943115,0
6603.891055018462,95.41541290283203,0.2556230127811432,0
6605.4138977101275,97.18290710449219,0.24436962604522705,0
6606.933464496796,97.55416107177734,0.24306495487689972,0
6608.457008761368,95.81034851074219,0.2526058554649353,0
6609.9772756117345,99.02300262451172,0.2456180453300476,0
6611.501521772428,99.47117614746094,0.2456221580505371,0
6613.022489009011,95.40274047851562,0.2566482424736023,0
6614.543806142109,98.24368286132812,0.2501032054424286,0
6616.069105334656,96.8857192993164,0.25292056798934937,0
6617.591123337836,96.15616607666016,0.2561413645744324,0
6619.117125234998,96.6494140625,0.2577905058860779,0
6620.63984443115,93.98959350585938,0.2666418254375458,0
6622.1665493566625,94.58182525634766,0.26538318395614624,0
6623.689970068827,96.01316833496094,0.25906142592430115,0
6625.213741241924,95.0128173828125,0.259051650762558,0
6626.741500897939,95.2518539428711,0.2601907253265381,0
6628.265974071693,95.11331176757812,0.2596396505832672,0
6629.794437565857,96.44078063964844,0.2549704611301422,0
6631.31961306368,96.5632095336914,0.2563124895095825,0
6632.848780720251,90.86929321289062,0.27816569805145264,0
6634.374658865702,90.60043334960938,0.2821515202522278,0
6635.900888037416,87.67366027832031,0.2903633415699005,0
6637.431112125878,89.17219543457031,0.28944283723831177,0
6638.9580444306475,88.06233215332031,0.2976621091365814,0
6640.488973492621,91.38919830322266,0.283007949590683,0
6642.01660925438,92.83673858642578,0.2761867940425873,0
6643.548243614647,95.17515563964844,0.26619940996170044,0
6645.076583157476,96.37530517578125,0.26471343636512756,0
6646.605274292809,96.45501708984375,0.26195868849754333,0
6648.1379667891,95.89005279541016,0.26285794377326965,0
6649.667362191713,96.37891387939453,0.26071664690971375,0
6651.200760798711,98.2375717163086,0.25786519050598145,0
6652.730860793062,98.09819793701172,0.2596307694911957,0
6654.26496583607,97.34705352783203,0.26183146238327026,0
6655.795770746762,97.1225814819336,0.2648797929286957,0
6657.326927817114,95.40294647216797,0.26808103919029236,0
6658.862092703026,95.67440795898438,0.2677243947982788,0
6660.393955176714,96.91780853271484,0.2639835774898529,0
6661.929827312362,96.95183563232422,0.2642947733402252,0
6663.462395514365,97.29776763916016,0.2627919912338257,0
6664.998975225578,98.11176300048828,0.25877845287323,0
6666.532249481024,99.5726089477539,0.18374311923980713,0
6668.065876464199,99.67220306396484,0.18463924527168274,0
6669.603517727952,96.78422546386719,0.26180967688560486,0
6671.137851252351,95.70079803466797,0.26769718527793884,0
6672.676200906704,98.64845275878906,0.2595309615135193,0
6674.2112412978295,99.474365234375,0.25620803236961365,0
6675.75029966914,99.65849304199219,0.25448641180992126,0
6677.286047252646,97.42170715332031,0.26253870129585266,0
6678.825814667418,99.1643295288086,0.2590501606464386,0
6680.362269769109,97.86832427978516,0.26251286268234253,0
6681.899078330276,100.01994323730469,0.2565793991088867,0
6683.439909499826,98.53301239013672,0.25978490710258484,0
6684.977426067969,101.5071029663086,0.2499326467514038,0
6686.518967097708,104.04837036132812,0.23983217775821686,0
6688.057191999004,104.38102722167969,0.23756200075149536,0
6689.599443215966,104.55197143554688,0.2362004518508911,0
6691.138376776746,103.08213806152344,0.24009224772453308,0
6692.677664367168,103.26908874511719,0.24432702362537384,0
6694.220981054852,97.73776245117188,0.2627321779727936,0
6695.760977794338,96.31031799316406,0.2697545289993286,0
6697.305005487288,95.80429077148438,0.26973867416381836,0
6698.845711702543,101.72010040283203,0.24177497625350952,0
6700.39045072832,123.05033111572266,0.1858602911233902,0
6701.931866746196,137.5537872314453,0.11346544325351715,0
6703.473637364802,142.1368865966797,0.11248691380023956,0
6705.019443580015,133.2054901123047,0.16292159259319305,0
6706.561924491614,124.62757873535156,0.17776979506015778,0
6708.1084428590175,123.88090515136719,0.18280427157878876,0
6709.6516343908415,115.57109832763672,0.20319879055023193,0
6711.1988652385235,103.09676361083984,0.2413558065891266,0
6712.742767717955,92.97674560546875,0.2790865898132324,0
6714.287025370122,92.41597747802734,0.2859424650669098,0
6715.835325128726,92.68985748291016,0.28297725319862366,0
6717.380294219663,93.07991027832031,0.2788432240486145,0
6718.929307279231,96.37193298339844,0.2674551010131836,0
6720.474988136694,105.88273620605469,0.23378399014472961,0
6722.024714825846,115.13196563720703,0.20441614091396332,0
6723.571107777748,122.51853942871094,0.18506023287773132,0
6725.117856475315,122.55506134033203,0.18447786569595337,0
6726.668653799651,118.58792114257812,0.1933594048023224,0
6728.216115083611,118.06539154052734,0.19587087631225586,0
6729.767626859539,112.5746078491211,0.2114516943693161,0
6731.315801058178,102.56716918945312,0.24104318022727966,0
6732.868027614846,97.78246307373047,0.2609313130378723,0
6734.416915056605,96.91947174072266,0.2633979320526123,0
6735.966158817885,94.69537353515625,0.27035123109817505,0
6737.51945773678,93.06497955322266,0.277655690908432,0
6739.0694152339265,94.86018371582031,0.2704962491989136,0
6740.623429756898,97.24983215332031,0.2615155577659607,0
6742.174101318728,96.61640167236328,0.2630535662174225,0
6743.728831775454,97.68824005126953,0.25792697072029114,0
6745.280217730937,99.61732482910156,0.25356483459472656,0
6746.831960580721,97.75611114501953,0.2482788860797882,0
6748.387765129504,95.73412322998047,0.25807270407676697,0
6749.940222866484,96.09168243408203,0.26552772521972656,0
6751.496744173685,95.53289031982422,0.26556241512298584,0
6753.049917127209,95.77283477783203,0.26384618878364563,0
6754.607155523038,96.25305938720703,0.2603830397129059,0
6756.161044022604,97.5484390258789,0.25719982385635376,0
6757.7152899921775,99.05348205566406,0.25401628017425537,0
6759.273604212686,98.0892333984375,0.2571992576122284,0
6760.828566222641,97.68238830566406,0.2567528784275055,0
6762.387598357772,97.3182373046875,0.25647875666618347,0
6763.943276737987,96.60466766357422,0.2590596675872803,0
6765.503027118484,96.88729858398438,0.2627110481262207,0
6767.059422198991,96.14057159423828,0.2659376859664917,0
6768.616175326142,96.38408660888672,0.26321685314178467,0
6770.177003266733,95.95677185058594,0.2620982229709625,0
6771.734473589311,98.29167938232422,0.2527931332588196,0
6773.296020602594,94.78734588623047,0.26376721262931824,0
6774.854208451011,94.87589263916016,0.26546600461006165,0
6776.416474868262,97.61085510253906,0.2568809688091278,0
6777.975380573083,96.28414154052734,0.26141461730003357,0
6779.534644902113,98.5350112915039,0.25521403551101685,0
6781.097990617673,96.63863372802734,0.26138976216316223,0
6782.657973299039,97.54642486572266,0.2581017315387726,0
6784.222039247229,97.70836639404297,0.2566627562046051,0
6785.782740611877,96.55403137207031,0.25972238183021545,0
6787.347527124508,95.16685485839844,0.26357805728912354,0
6788.908947503534,95.73054504394531,0.2589970827102661,0
6790.470727085268,97.21924591064453,0.2577173113822937,0
6792.036594637226,97.52241516113281,0.25771045684814453,0
6793.599093730072,95.8114013671875,0.26337167620658875,0
6795.165682676467,98.62098693847656,0.2533048391342163,0
6796.728901611906,98.46612548828125,0.25439947843551636,0
6798.296212285087,97.82815551757812,0.25715577602386475,0
6799.860151394747,95.78144073486328,0.2645837366580963,0
6801.428184127211,95.7159652709961,0.2658120393753052,0
6802.992843742878,96.45210266113281,0.26442912220954895,0
6804.557863306433,94.06382751464844,0.26964694261550903,0
6806.126979320889,92.9919204711914,0.27255621552467346,0
6807.692719888216,93.05150604248047,0.2749488949775696,0
6809.262558793676,92.68950653076172,0.2775525450706482,0
6810.829020696939,93.2587890625,0.27609676122665405,0
6812.399582826439,93.51435852050781,0.2724343538284302,0
6813.966766397958,94.88372802734375,0.2679554224014282,0
6815.534310497998,95.3245620727539,0.2676776647567749,0
6817.105957656934,94.37798309326172,0.2717841565608978,0
6818.674223923798,96.06846618652344,0.2661260962486267,0
6820.246595139835,95.97685241699219,0.26642102003097534,0
6821.815583906225,94.86361694335938,0.2704044580459595,0
6823.388679512936,92.45599365234375,0.28030192852020264,0
6824.958391111706,91.94764709472656,0.2835049629211426,0
6826.528463820568,92.24980926513672,0.2791295647621155,0
6828.102646206977,94.49849700927734,0.2631582021713257,0
6829.673442247591,95.21304321289062,0.24788853526115417,0
6831.24834985908,92.94205474853516,0.2467203438282013,0
6832.819869564685,92.54209899902344,0.25265201926231384,0
6834.395502735364,93.70248413085938,0.2469772845506668,0
6835.967746439353,96.11360931396484,0.24433378875255585,0
6837.540351835939,95.28133392333984,0.2529754042625427,0
6839.1170735394035,94.43400573730469,0.2659454643726349,0
6840.690403434551,94.29293823242188,0.2674408555030823,0
6842.267851532956,93.61298370361328,0.26762276887893677,0
6843.841906260441,92.1661605834961,0.2760774493217468,0
6845.420081088438,93.14934539794922,0.27553436160087585,0
6846.994860982189,92.6871566772461,0.2805615961551666,0
6848.570003151984,94.80154418945312,0.2738238275051117,0
6850.149268268681,93.90637969970703,0.2751266360282898,0
6851.725136105728,95.39759063720703,0.2678276598453522,0
6853.305128789117,97.05184936523438,0.26422014832496643,0
6854.881722627729,94.84236907958984,0.2678498327732086,0
6856.462443212997,98.79540252685547,0.2547513544559479,0
6858.039763387643,104.68778991699219,0.23689928650856018,0
6859.617446422722,108.1994857788086,0.22646355628967285,0
6861.199259055439,104.46251678466797,0.23592494428157806,0
6862.777668928345,101.6554946899414,0.23377302289009094,0
6864.360210301391,103.04932403564453,0.21298818290233612,0
6865.939347346976,101.76333618164062,0.2015397846698761,0
6867.522617796083,96.24910736083984,0.21443001925945282,0
6869.102482349357,96.4668197631836,0.22242656350135803,0
6870.682710348396,97.80593872070312,0.21138030290603638,0
6872.267074606534,102.62902069091797,0.19693969190120697,0
6873.848030615863,107.75484466552734,0.1905178278684616,0
6875.4331247898635,107.63278198242188,0.19686909019947052,0
6877.0148091448755,106.50205993652344,0.20543290674686432,0
6878.600633571011,104.83332061767578,0.21666373312473297,0
6880.183046607256,102.89422607421875,0.2258596569299698,0
6881.765823675541,98.83795166015625,0.2387734055519104,0
6883.352743675133,95.62564086914062,0.25115716457366943,0
6884.936249928062,96.09342193603516,0.25908443331718445,0
6886.523901020947,94.26412963867188,0.25870612263679504,0
6888.108136794456,94.16227722167969,0.2493770867586136,0
6889.6965193174465,92.62118530273438,0.253337025642395,0
6891.281484947626,94.90027618408203,0.24640287458896637,0
6892.866815197066,92.93861389160156,0.2548457682132721,0
6894.456295060785,91.54169464111328,0.26390522718429565,0
6896.042355671119,93.10177612304688,0.2600763440132141,0
6897.632567807459,92.6823959350586,0.2608734667301178,0
6899.219359115164,95.08724975585938,0.25611695647239685,0
6900.810303861481,96.69889068603516,0.2501870393753052,0
6902.397826203189,94.47042083740234,0.252789705991745,0
6903.985713752326,96.33829498291016,0.24871419370174408,0
6905.577757609495,94.72576904296875,0.25795912742614746,0
6907.166376697673,93.76033020019531,0.2663407623767853,0
6908.759154008692,95.67575073242188,0.26448914408683777,0
6910.348504972931,93.5787582397461,0.27044519782066345,0
6911.942016075702,92.850341796875,0.26849809288978577,0
6913.532099253177,95.59725189208984,0.2521551847457886,0
6915.122548227197,90.58511352539062,0.2689186930656433,0
6916.717160213799,93.30099487304688,0.26769593358039856,0
6918.308341906907,92.86814880371094,0.2774215042591095,0
6919.903688530494,94.92153930664062,0.2644544243812561,0
6921.495603280255,95.54524230957031,0.25960883498191833,0
6923.091684879276,95.48505401611328,0.24585385620594025,0
6924.684333023406,95.21771240234375,0.23648931086063385,0
6926.2811499364625,95.29916381835938,0.24585162103176117,0
6927.8745318128385,94.14694213867188,0.26516154408454895,0
6929.4682802446205,93.92642974853516,0.2708849608898163,0
6931.066200325341,93.4010238647461,0.2730942666530609,0
6932.66068299627,93.7413558959961,0.2757875919342041,0
6934.259339238014,94.79618072509766,0.2667074203491211,0
6935.854556486353,95.74945831298828,0.26548758149147034,0
6937.45394922827,94.26554870605469,0.27117612957954407,0
6939.04990139244,94.22127532958984,0.26888442039489746,0
6940.646220703308,92.97657775878906,0.26440754532814026,0
6942.24671839241,93.02517700195312,0.2621886134147644,0
6943.843773126828,93.66690826416016,0.2648865878582001,0
6945.445008164456,95.17860412597656,0.26307228207588196,0
6947.042798661233,95.86345672607422,0.2573827803134918,0
6948.644771387084,95.78167724609375,0.23545333743095398,0
6950.243297985186,94.44258880615234,0.22393569350242615,0
6951.8421923222295,91.51801300048828,0.24333453178405762,0
6953.4452717776585,92.61289978027344,0.2623273432254791,0
6955.044902724566,95.53679656982422,0.26455122232437134,0
6956.648720717941,95.71984100341797,0.2642137110233307,0
6958.249088614067,95.8437271118164,0.2624674141407013,0
6959.85364548563,95.8480453491211,0.26139068603515625,0
6961.454750670488,95.14274597167969,0.26451560854911804,0
6963.056224187489,94.45246887207031,0.26926738023757935,0
6964.661889573898,94.39857482910156,0.26907920837402344,0
6966.26410088899,96.94461059570312,0.2616276443004608,0
6967.870506004681,96.97994995117188,0.2578256130218506,0
6969.473455457766,93.89655303955078,0.2640162706375122,0
6971.080600643533,93.20380401611328,0.2634158134460449,0
6972.684288574671,93.34628295898438,0.2587219476699829,0
6974.28834543211,93.08877563476562,0.26166099309921265,0
6975.896600920871,94.78195190429688,0.26183271408081055,0
6977.501396766543,99.87551879882812,0.24494636058807373,0
6979.110393177845,96.85336303710938,0.24497336149215698,0
6980.715928352202,95.80706024169922,0.24477572739124298,0
6982.325666027389,96.64318084716797,0.25041383504867554,0
6983.931940871041,95.42546844482422,0.26090145111083984,0
6985.538585236109,94.21172332763672,0.26502230763435364,0
6987.149435005321,94.52046203613281,0.266889363527298,0
6988.7568195506865,92.12779235839844,0.27396541833877563,0
6990.368411437623,94.50926208496094,0.2673800587654114,0
6991.976536504287,94.11243438720703,0.26816147565841675,0
6993.588870850842,96.0472412109375,0.2629845142364502,0
6995.197736779962,95.22747039794922,0.26403337717056274,0
6996.806972826574,95.68989562988281,0.2627983093261719,0
6998.420421061077,94.52555084228516,0.26622843742370605,0
7000.030398481973,93.1871566772461,0.26993632316589355,0
7001.644590031312,93.64118957519531,0.2701647877693176,0
7003.255309168042,92.50475311279297,0.27440202236175537,0
7004.870244374663,91.72669219970703,0.27492791414260864,0
7006.481705568936,94.56456756591797,0.26355448365211487,0
7008.09353747774,94.07225799560547,0.2631526589393616,0
7009.709588369123,92.58412170410156,0.27109333872795105,0
7011.322162848122,93.5965576171875,0.2677900493144989,0
7012.938958253385,96.373046875,0.2542053461074829,0
7014.552275644683,95.1438217163086,0.256659597158432,0
7016.169815906822,94.92897033691406,0.2583163380622864,0
7017.783876552677,96.43982696533203,0.25665539503097534,0
7019.398308511062,96.63748931884766,0.25844433903694153,0
7021.016966257678,95.3060531616211,0.26324033737182617,0
7022.632141984101,98.54505920410156,0.2518356740474701,0
7024.251545445572,93.6695327758789,0.2688582241535187,0
7025.867465282688,96.1778793334961,0.25947579741477966,0
7027.487614802566,94.77568054199219,0.26528510451316833,0
7029.104279093184,97.0442886352539,0.2583583891391754,0
7030.721315295297,94.66045379638672,0.2673710584640503,0
7032.342584102268,96.53605651855469,0.2589346766471863,0
7033.9603652721935,95.4843978881836,0.26058486104011536,0
7035.582380996935,101.51532745361328,0.24402186274528503,0
7037.200907477878,96.69026947021484,0.25826552510261536,0
7038.823670464495,99.02454376220703,0.25169676542282104,0
7040.4429425998205,98.62584686279297,0.2539041340351105,0
7042.066453192577,98.01761627197266,0.2519497573375702,0
7043.686471325807,98.82196044921875,0.25433987379074097,0
7045.306862142081,96.10321807861328,0.26009124517440796,0
7046.93149434394,98.05025482177734,0.25299516320228577,0
7048.552631673494,99.1041030883789,0.24496841430664062,0
7050.17801234264,97.08447265625,0.2463328093290329,0
7051.799896529393,96.89080047607422,0.2469993680715561,0
7053.426026010641,97.58466339111328,0.25177764892578125,0
7055.04865739867,99.88589477539062,0.24850036203861237,0
7056.671662070918,98.60211944580078,0.2510046064853668,0
7058.298914970541,98.7389907836914,0.25270089507102966,0
7059.922667360272,96.2080307006836,0.2630655765533447,0
7061.550669934533,94.74562072753906,0.26876920461654663,0
7063.17517038622,96.04817962646484,0.2627628445625305,0
7064.803922980496,95.95034790039062,0.2619979977607727,0
7066.429171838771,96.50210571289062,0.26148927211761475,0
7068.05479458341,95.75836944580078,0.2653663158416748,0
7069.684672408249,97.69652557373047,0.2592625916004181,0
7071.311044076516,97.3831558227539,0.257663756608963,0
7072.941672785296,95.90383911132812,0.2638722062110901,0
7074.568793722218,95.65289306640625,0.264382928609848,0
7076.200173660872,97.25406646728516,0.2613954544067383,0
7077.828044211639,97.18607330322266,0.26036229729652405,0
7079.456289251887,96.88191986083984,0.26200026273727417,0
7081.088796236215,96.74052429199219,0.26196372509002686,0
7082.717791408181,97.1511001586914,0.2608208954334259,0
7084.351050487703,98.0213394165039,0.256715327501297,0
7085.9807961369725,97.64801025390625,0.2573325037956238,0
7087.614807658178,98.75672912597656,0.2541612684726715,0
7089.245304130496,100.34162139892578,0.250175416469574,0
7090.876175696384,98.44639587402344,0.2540668845176697,0
7092.511316081303,97.8582992553711,0.25807511806488037,0
7094.14293898895,97.24559020996094,0.262236088514328,0
7095.778832682269,97.12948608398438,0.2642557919025421,0
7097.411207277815,97.99268341064453,0.26150351762771606,0
7099.047854626583,98.06048583984375,0.26254990696907043,0
7100.6809812563315,97.42839813232422,0.26344215869903564,0
7102.314483584715,97.2622299194336,0.264710396528244,0
7103.95226161817,98.91545867919922,0.2605170011520386,0
7105.5865165003015,97.7385482788086,0.2627045810222626,0
7107.225049057321,97.95951843261719,0.26202335953712463,0
7108.8600568399015,101.05146789550781,0.2539142668247223,0
7110.4993442680925,98.55143737792969,0.2599414587020874,0
7112.1351052979835,97.62989044189453,0.2632225453853607,0
7113.771242632551,97.72186279296875,0.2643178105354309,0
7115.411662569339,98.44819641113281,0.26262056827545166,0
7117.0485536716,99.27471160888672,0.2602454721927643,0
7118.689729349075,97.92916107177734,0.2649228274822235,0
7120.32737456629,98.71987915039062,0.2640424072742462,0
7121.969306332622,97.63113403320312,0.26671382784843445,0
7123.6077060122125,98.01446533203125,0.2650488615036011,0
7125.246482603497,99.98970794677734,0.25905489921569824,0
7126.889548705278,97.35041046142578,0.2674885094165802,0
7128.52908028016,95.39598846435547,0.2748852074146271,0
7130.172903341715,95.10101318359375,0.277614951133728,0
7131.813190248017,94.78060150146484,0.2776337265968323,0
7133.457770618077,97.58319091796875,0.26653483510017395,0
7135.098813203779,97.57147216796875,0.26480454206466675,0
7136.740233309172,98.88665008544922,0.2619343101978302,0
7138.385949844479,98.70906066894531,0.1923292726278305,0
7140.028126151336,97.17568969726562,0.19516368210315704,0
7141.674600867472,98.71703338623047,0.26051461696624756,0
7143.317533724175,99.87114715576172,0.25675633549690247,0
7144.964766970431,98.75932312011719,0.25864845514297485,0
7146.608456725522,99.75629425048828,0.25754010677337646,0
7148.252524609282,101.59809112548828,0.25071704387664795,0
7149.900895853537,98.43123626708984,0.2609749436378479,0
7151.545721158591,97.7137680053711,0.26522621512413025,0
7153.1948518066965,98.7625732421875,0.2630573511123657,0
7154.840434881989,97.31551361083984,0.2669074535369873,0
7156.490325283802,98.74267578125,0.26216596364974976,0
7158.136666478437,99.91083526611328,0.2590424418449402,0
7159.7833864117,98.82439422607422,0.2610880732536316,0
7161.434416647219,96.10120391845703,0.2705126106739044,0
7163.081895223575,97.98518371582031,0.2645280659198761,0
7164.733686087941,97.89976501464844,0.26604387164115906,0
7166.381923656896,98.639892578125,0.26304733753204346,0
7168.03447550053,97.25382232666016,0.2630254626274109,0
7169.683472411752,99.52477264404297,0.25274309515953064,0
7171.336785585237,99.89629364013672,0.25344327092170715,0
7172.986542188553,96.55081939697266,0.26290228962898254,0
7174.636678316209,96.6794204711914,0.2630918025970459,0
7176.291133688035,98.22358703613281,0.2563401162624359,0
7177.942030032623,97.56389617919922,0.2564731538295746,0
7179.597247611255,95.94281768798828,0.26418089866638184,0
7181.248904523005,98.4642333984375,0.26046523451805115,0
7182.904884659591,97.81827545166016,0.26074498891830444,0
7184.557302488897,97.20159912109375,0.25942203402519226,0
7186.210100454754,99.28401947021484,0.25126737356185913,0
7187.867224632165,97.62065124511719,0.2528860867023468,0
7189.52078404126,95.38211059570312,0.26191040873527527,0
7191.178671654994,99.58219909667969,0.2513185441493988,0
7192.832992858126,103.10850524902344,0.23969100415706635,0
7194.491644259897,101.70630645751953,0.23986080288887024,0
7196.146727608023,101.49185943603516,0.24215343594551086,0
7197.802191705898,100.51214599609375,0.24683067202568054,0
7199.461988993948,100.430908203125,0.2443161904811859,0
7201.118215763348,103.766357421875,0.234476700425148,0
7202.778777719222,102.42684936523438,0.2357952743768692,0
7204.43576751151,99.2232437133789,0.244605153799057,0
7206.097094487489,97.56161499023438,0.25186407566070557,0
7207.754847654189,96.27669525146484,0.25946739315986633,0
7209.412982184826,93.33685302734375,0.2731449604034424,0
7211.075456895516,93.66404724121094,0.2732122838497162,0
7212.734355327945,94.42819213867188,0.2745514214038849,0
7214.397595939947,89.5073013305664,0.29117295145988464,0
7216.057258626098,90.90454864501953,0.2868291735649109,0
7217.7212654922605,92.40528869628906,0.281470388174057,0
7219.381692784224,91.54560852050781,0.2843862473964691,0
7221.042502055304,91.71956634521484,0.2845473289489746,0
7222.707658507591,92.58084869384766,0.2795672118663788,0
7224.369232912714,93.15922546386719,0.2724570333957672,0
7226.03515650179,95.31856536865234,0.2671944499015808,0
7227.697496393454,94.32684326171875,0.2680719196796417,0
7229.364187472737,95.79084014892578,0.26320576667785645,0
7231.027293203601,97.67572021484375,0.25358477234840393,0
7232.690781529754,96.33597564697266,0.256522536277771,0
7234.358624049561,95.0694351196289,0.2573342025279999,0
7236.022878743996,92.6252212524414,0.2621297836303711,0
7237.691489638061,92.38229370117188,0.2612285912036896,0
7239.356511053846,91.86933135986328,0.2469034492969513,0
7241.025890676158,89.31810760498047,0.22789978981018066,0
7242.69167916652,88.21281433105469,0.21634317934513092,0
7244.357850869334,87.60095977783203,0.22115536034107208,0
7246.028383789562,87.83651733398438,0.2193199098110199,0
7247.69532309689,88.39057159423828,0.21836203336715698,0
7249.3666256308425,86.69979858398438,0.25096288323402405,0
7251.034332896319,89.40930938720703,0.2697751820087433,0
7252.706405398557,91.0087890625,0.2652115523815155,0
7254.37488097598,89.75799560546875,0.2569872736930847,0
7256.043740384017,89.4421615600586,0.2574651837348938,0
7257.716968044558,88.58686828613281,0.26756492257118225,0
7259.386596295333,89.70895385742188,0.2752847671508789,0
7261.060594811063,90.459716796875,0.2768986225128174,0
7262.730992258782,89.97489166259766,0.28075477480888367,0
7264.405761984835,90.11548614501953,0.2767452001571655,0
7266.076928983866,91.68689727783203,0.266944944858551,0
7267.74848043267,89.76703643798828,0.27155911922454834,0
7269.424407180413,92.32984924316406,0.25810980796813965,0
7271.096728712177,92.84120178222656,0.19628801941871643,0
7272.773427558579,89.83442687988281,0.19685977697372437,0
7274.446519528079,90.10408020019531,0.25924813747406006,0
7276.123990828844,88.5674819946289,0.22355464100837708,0
7277.7978535910215,89.13301086425781,0.18566817045211792,0
7279.472101423128,86.82442474365234,0.19056516885757446,0
7281.150731611979,89.7034683227539,0.23108704388141632,0
7282.825750769267,89.39856719970703,0.2613799273967743,0
7284.505154302251,87.54888916015625,0.25872835516929626,0
7286.180945140071,89.19647979736328,0.23843078315258026,0
7287.861122373466,90.29424285888672,0.23732908070087433,0
7289.537685247331,89.48546600341797,0.2559196650981903,0
7291.214633812281,89.29683685302734,0.2662241458892822,0
7292.8959718031665,86.54180908203125,0.27658775448799133,0
7294.573692937525,90.3529052734375,0.26877039670944214,0
7296.255805520026,93.35658264160156,0.2550877034664154,0
7297.934299579717,91.36177825927734,0.25207096338272095,0
7299.617187110686,90.97330474853516,0.25979506969451904,0
7301.2964544517945,90.15076446533203,0.269682914018631,0
7302.980117288253,90.43071746826172,0.26658836007118225,0
7304.660158267028,89.46693420410156,0.2515833079814911,0
7306.3405857370235,88.37609100341797,0.2484612911939621,0
7308.025411739015,90.21512603759766,0.26072829961776733,0
7309.7066133811495,92.18988037109375,0.2627548277378082,0
7311.392215581681,90.79627990722656,0.2630293369293213,0
7313.074191752615,91.9554443359375,0.2534998655319214,0
7314.760570509281,89.40119171142578,0.24873694777488708,0
7316.443321565839,90.39092254638672,0.22491267323493958,0
7318.126459737067,88.99129486083984,0.2105424851179123,0
7319.814003535572,86.37139129638672,0.2237675040960312,0
7321.497917127757,88.89483642578125,0.25522786378860474,0
7323.18623837689,92.71253204345703,0.26130911707878113,0
7324.870927747269,91.99092102050781,0.2652481198310852,0
7326.5600268052,91.82843017578125,0.26550155878067017,0
7328.245492311174,90.4899673461914,0.2564062774181366,0
7329.9313455562715,92.94277954101562,0.22409160435199738,0
7331.621611535374,91.23162078857422,0.21609285473823547,0
7333.308241452262,94.09929656982422,0.2306750863790512,0
7334.999286136099,89.09088134765625,0.266533762216568,0
7336.686693082591,89.60198211669922,0.2645774185657501,0
7338.378516829913,92.17850494384766,0.2549293339252472,0
7340.066701163984,88.94165802001953,0.2518468499183655,0
7341.755273862644,93.86613464355469,0.18459530174732208,0
7343.4482664134985,89.54766845703125,0.1398642659187317,0
7345.137617036799,89.18672943115234,0.1998622864484787,0
7346.83138954852,93.13372802734375,0.2500384449958801,0
7348.521518454852,91.16481018066406,0.26654961705207825,0
7350.216071286766,93.63252258300781,0.25787556171417236,0
7351.906978834684,90.60393524169922,0.2722938060760498,0
7353.598275373662,92.12348175048828,0.26512590050697327,0
7355.293998894508,90.46109008789062,0.27245235443115234,0
7356.986074613,91.07791137695312,0.26902544498443604,0
7358.682579352868,90.80397033691406,0.25802478194236755,0
7360.375434609841,92.19390869140625,0.24358481168746948,0
7362.072720928639,87.43512725830078,0.26305273175239563,0
7363.766356083226,89.26386260986328,0.27282294631004333,0
7365.460380856354,93.04673767089844,0.265239953994751,0
7367.158839752526,90.05768585205078,0.26616016030311584,0
7368.853644962064,89.82393646240234,0.24022212624549866,0
7370.552886337444,92.07472229003906,0.20404163002967834,0
7372.24847234294,90.13597106933594,0.1999427080154419,0
7373.948496558015,89.33480834960938,0.2316146045923233,0
7375.644863719179,92.20693969726562,0.259591281414032,0
7377.34162112738,93.64669799804688,0.2603430449962616,0
7379.042819811316,92.91201782226562,0.26615041494369507,0
7380.74035891485,91.12384796142578,0.2725953459739685,0
7382.442341340214,92.5191879272461,0.2685551941394806,0
7384.140662499208,94.67549896240234,0.25837525725364685,0
7385.843429027068,96.03337097167969,0.25319725275039673,0
7387.542532601815,93.88298034667969,0.2606748342514038,0
7389.2420270531065,94.31551361083984,0.260724812746048,0
7390.945969944365,95.06636047363281,0.2559848427772522,0
7392.646247351945,92.33142852783203,0.2524518668651581,0
7394.350975248886,93.5236587524414,0.24065367877483368,0
7396.052035973461,93.65921783447266,0.24623578786849976,0
7397.757549237736,94.7365951538086,0.25677573680877686,0
7399.459393640181,94.3446273803711,0.26174136996269226,0
7401.161629549694,91.49687957763672,0.26143842935562134,0
7402.868321074962,91.33429718017578,0.24011948704719543,0
7404.571341203752,95.27609252929688,0.2233109176158905,0
7406.278819000998,93.91189575195312,0.24718935787677765,0
7407.9826237103525,93.9595947265625,0.2650794982910156,0
7409.690888141809,95.6561050415039,0.2634064555168152,0
7411.395477793187,92.75272369384766,0.27148088812828064,0
7413.100459583174,93.5680923461914,0.2704657316207886,0
7414.809904176279,92.87116241455078,0.2712346613407135,0
7416.515671450568,93.9382553100586,0.2680617868900299,0
7418.225903583988,94.30843353271484,0.2662026286125183,0
7419.932456704451,91.95174407958984,0.2735765874385834,0
7421.643476741004,94.51356506347656,0.2686726748943329,0
7423.35081606968,94.25945281982422,0.26762884855270386,0
7425.058548169526,94.82807922363281,0.26337096095085144,0
7426.770750271449,93.96238708496094,0.2673463523387909,0
7428.479269122664,93.89401245117188,0.26711156964302063,0
7430.192260035284,97.0011215209961,0.2511046528816223,0
7431.901566000322,97.40518951416016,0.2464553862810135,0
7433.615346087044,94.28620910644531,0.2596033811569214,0
7435.32543952853,95.08773803710938,0.2651010751724243,0
7437.040009152925,93.86299896240234,0.26693955063819885,0
7438.75089043365,92.90565490722656,0.2543593645095825,0
7440.462165300365,90.6919937133789,0.24886277318000793,0
7442.177919442377,89.91072845458984,0.2624996304512024,0
7443.889982692613,89.71913146972656,0.28179872035980225,0
7445.606527281744,92.40003204345703,0.2798908054828644,0
7447.319379278707,92.14295196533203,0.28081750869750977,0
7449.036714679118,93.98829650878906,0.27218571305274963,0
7450.750355786184,94.11368560791016,0.27000537514686584,0
7452.464391114134,95.49015808105469,0.2671911418437958,0
7454.18291294291,94.60555267333984,0.27133116126060486,0
7455.897737926123,94.63920593261719,0.27128249406814575,0
7457.617051477091,93.41192626953125,0.27704086899757385,0
7459.332666479362,96.45909881591797,0.26579511165618896,0
7461.0527721172675,95.6834487915039,0.267124205827713,0
7462.769177502556,93.94551086425781,0.2718743681907654,0
7464.485977744648,96.41714477539062,0.2609482705593109,0
7466.20727172475,96.59561920166016,0.2569429874420166,0
7467.924862895899,98.90169525146484,0.24933478236198425,0
7469.646949875322,95.5050277709961,0.26033782958984375,0
7471.365332339909,94.18212127685547,0.26293423771858215,0
7473.088212683987,98.11984252929688,0.2452024519443512,0
7474.807386806561,94.73725891113281,0.25228264927864075,0
7476.526956422884,95.10003662109375,0.2578938603401184,0
7478.251027026075,96.59220886230469,0.2585238218307495,0
7479.971388847304,94.92415618896484,0.2600571811199188,0
7481.696253729005,95.7314682006836,0.2527261972427368,0
7483.417408120109,96.84101104736328,0.24724821746349335,0
7485.143067646242,94.65470886230469,0.1818615347146988,0
7486.86501497236,96.9544677734375,0.1780601441860199,0
7488.587358430195,96.84646606445312,0.2533521354198456,0
7490.314210135452,98.39610290527344,0.25629931688308716,0
7492.037347076103,98.97525787353516,0.25621891021728516,0
7493.764994341122,97.03789520263672,0.2552284598350525,0
7495.488925130144,97.84719848632812,0.2524438500404358,0
7497.217368321439,99.42435455322266,0.2509381175041199,0
7498.942093324558,98.58523559570312,0.2562327980995178,0
7500.667215098399,98.48462677001953,0.25547292828559875,0
7502.396852391923,98.98209381103516,0.25618869066238403,0
7504.122768928546,98.42640686035156,0.25765520334243774,0
7505.853203065151,99.06121063232422,0.25576668977737427,0
7507.579914730705,101.45262908935547,0.2503141164779663,0
7509.311146077497,99.06446075439453,0.2549740970134735,0
7511.038653238296,99.75677490234375,0.2575280964374542,0
7512.766557809848,94.02627563476562,0.27469146251678467,0
7514.498985185078,95.02638244628906,0.27234598994255066,0
7516.227685801447,96.72561645507812,0.26332369446754456,0
7517.960911305147,96.21662902832031,0.2620061933994293,0
7519.69040833307,94.84366607666016,0.2613355219364166,0
7521.424432332939,97.3315658569336,0.25863489508628845,0
7523.154726139323,96.8212890625,0.2494906336069107,0
7524.885417997523,99.64778900146484,0.21002063155174255,0
7526.6206399551465,99.28191375732422,0.19542160630226135,0
7528.352129142265,96.9166259765625,0.22818692028522491,0
7530.088150515822,102.00350189208984,0.2345803678035736,0
7531.820437399188,101.15057373046875,0.2349289059638977,0
7533.557258556969,99.42313385009766,0.23819401860237122,0
7535.290343504081,100.93580627441406,0.24084971845149994,0
7537.023827145108,103.19802856445312,0.24065306782722473,0
7538.761848193071,99.94386291503906,0.24720104038715363,0
7540.49613044919,100.94978332519531,0.2454577386379242,0
7542.234952202626,100.40577697753906,0.24707722663879395,0
7543.9700334417585,99.04141235351562,0.25269123911857605,0
7545.709656269552,98.76163482666016,0.25607532262802124,0
7547.445536859788,96.3673324584961,0.2638203799724579,0
7549.181816787072,96.8721923828125,0.2639169692993164,0
7550.922641440595,97.80242919921875,0.2610316574573517,0
7552.659721271219,98.52359771728516,0.2547420263290405,0
7554.401347921834,98.97342681884766,0.2525797188282013,0
7556.139228024313,100.80014038085938,0.24724821746349335,0
7557.881657041499,99.06266784667969,0.24790582060813904,0
7559.620337784518,100.2697525024414,0.2401457130908966,0
7561.359418508755,102.22957611083984,0.23720596730709076,0
7563.103051290338,101.0522689819336,0.24249064922332764,0
7564.842933208241,100.35858154296875,0.2474602907896042,0
7566.587369280621,99.31017303466797,0.24906277656555176,0
7568.328052761299,98.45035552978516,0.25217321515083313,0
7570.07329249455,97.88053131103516,0.25081655383110046,0
7571.8147779072815,97.63916778564453,0.24254103004932404,0
7573.56082167165,98.68788146972656,0.23150566220283508,0
7575.303109385886,91.23694610595703,0.25588715076446533,0
7577.045797911122,95.54574584960938,0.2567807734012604,0
7578.79304793715,98.6048355102539,0.2529643476009369,0
7580.536539318162,99.30293273925781,0.25228625535964966,0
7582.284594301449,97.15736389160156,0.259565144777298,0
7584.028888908114,99.05321502685547,0.25466686487197876,0
7585.777749219503,98.95162200927734,0.25073036551475525,0
7587.522847421867,98.42210388183594,0.24264268577098846,0
7589.268347081778,103.40226745605469,0.22867923974990845,0
7591.01841560065,102.88340759277344,0.23353472352027893,0
7592.764719411428,99.67675018310547,0.2450135052204132,0
7594.515594186036,99.52629089355469,0.23377373814582825,0
7596.262702518152,97.46829223632812,0.20845913887023926,0
7598.014383919939,98.7494125366211,0.16368509829044342,0
7599.762297144034,96.75271606445312,0.13354438543319702,0
7601.51061247327,92.17417907714844,0.11770746856927872,0
7603.263504031503,99.38838958740234,0.09949684888124466,0
7605.012624808782,103.09733581542969,0.09081084281206131,0
7606.766323923323,102.79515075683594,0.08656242489814758,0
7608.516250519716,105.83316040039062,0.08764854818582535,0
7610.270757562608,107.97393798828125,0.09675747901201248,0
7612.021490349354,103.07878112792969,0.11306945979595184,0
7613.7726258898765,102.14705657958984,0.13282135128974915,0
7615.52834504132,100.70455169677734,0.1557331681251526,0
7617.280287329156,101.52552032470703,0.17736540734767914,0
7619.03681533958,99.19699096679688,0.207245871424675,0
7620.789564746397,96.44146728515625,0.22349271178245544,0
7622.546901988443,100.66172790527344,0.2016177475452423,0
7624.300458886081,99.4713134765625,0.17895308136940002,0
7626.0544191871795,102.71521759033203,0.16575928032398224,0
7627.812970493031,99.11302947998047,0.1638907790184021,0
7629.5677388428085,103.23237609863281,0.14753742516040802,0
7631.327100312413,98.25181579589844,0.1501932591199875,0
7633.082677083137,100.83094787597656,0.15142369270324707,0
7634.842849089737,99.99808502197266,0.1737530529499054,0
7636.599234653847,100.40869903564453,0.17712441086769104,0
7638.356024272148,103.78840637207031,0.16993547976016998,0
7640.117412300962,95.72154998779297,0.1972285509109497,0
7641.875011271407,101.5385513305664,0.18014338612556458,0
7643.637210770852,97.84884643554688,0.19775766134262085,0
7645.39561946631,101.6728515625,0.19666720926761627,0
7647.158630810228,97.97848510742188,0.19874624907970428,0
7648.9178496037375,101.51800537109375,0.20455855131149292,0
7650.677473103219,104.27332305908203,0.19552364945411682,0
7652.4417024309205,102.5316162109375,0.1987515687942505,0
7654.202136588115,100.57076263427734,0.21328085660934448,0
7655.96717869543,98.51402282714844,0.21562929451465607,0
7657.728423883806,96.96315002441406,0.2254381775856018,0
7659.494279145184,97.17923736572266,0.23426707088947296,0
7661.256335738383,98.60662078857422,0.22414439916610718,0
7663.018797690385,101.23493957519531,0.21568423509597778,0
7664.785872900279,100.54345703125,0.2230837047100067,0
7666.549146817667,98.86167907714844,0.22772276401519775,0
7668.317036118272,98.7591323852539,0.23281385004520416,0
7670.081122375118,99.57762908935547,0.23375843465328217,0
7671.849826141485,103.72744750976562,0.22337868809700012,0
7673.614725112034,103.77462768554688,0.22316692769527435,0
7675.380030095271,103.95756530761719,0.22732725739479065,0
7677.149955778055,102.74724578857422,0.23089483380317688,0
7678.916074036461,104.84967803955078,0.22306238114833832,0
7680.686815123169,103.17694091796875,0.22881798446178436,0
7682.453747031419,104.42069244384766,0.22661368548870087,0
7684.225303897706,101.50363159179688,0.2326803058385849,0
7685.9930498306485,102.286376953125,0.23052074015140533,0
7687.76120243122,101.3673324584961,0.23645274341106415,0
7689.533983185,103.53997802734375,0.2296418398618698,0
7691.302950372636,103.04732513427734,0.22945311665534973,0
7693.076547845669,102.04462432861328,0.23137715458869934,0
7694.846329995649,102.99807739257812,0.23126503825187683,0
7696.620744564198,103.4471664428711,0.23131485283374786,0
7698.391342051976,102.68355560302734,0.23323683440685272,0
7700.16234686338,101.24115753173828,0.23193144798278809,0
7701.937987293676,103.31852722167969,0.22194334864616394,0
7703.709808006157,107.80995178222656,0.2165587991476059,0
7705.486266473157,103.31057739257812,0.23124706745147705,0
7707.2589034626,102.16461944580078,0.23885658383369446,0
7709.036180343174,102.084228515625,0.24094842374324799,0
7710.809633985638,101.66431427001953,0.2334393560886383,0
7712.587729656829,101.93367767333984,0.20442436635494232,0
7714.362000328545,105.2023696899414,0.18060992658138275,0
7716.136679168897,98.66973114013672,0.18040180206298828,0
7717.916003244942,101.15751647949219,0.1765797883272171,0
7719.691499678995,97.14872741699219,0.19321855902671814,0
7721.471643488797,98.51846313476562,0.2113298773765564,0
7723.247957893215,102.34085083007812,0.2225005328655243,0
7725.028921814427,102.67261505126953,0.2191081941127777,0
7726.806054566049,102.4207992553711,0.20682573318481445,0
7728.583596144726,100.21171569824219,0.22021229565143585,0
7730.365790452334,101.36532592773438,0.23390264809131622,0
7732.144150943574,104.62503814697266,0.22951190173625946,0
7733.927166307254,100.75430297851562,0.23948732018470764,0
7735.706346088328,101.2350845336914,0.23647183179855347,0
7737.490182886342,100.61245727539062,0.23762762546539307,0
7739.270182334698,102.43692779541016,0.23420101404190063,0
7741.050591269588,102.5704345703125,0.2346891164779663,0
7742.835660438736,103.7303695678711,0.23179852962493896,0
7744.616889607179,102.5115737915039,0.2332601398229599,0
7746.402781156848,101.5617904663086,0.23594024777412415,0
7748.184830936723,100.87496948242188,0.2346511334180832,0
7749.971545245782,97.05574035644531,0.20961925387382507,0
7751.7544160151465,101.03805541992188,0.1569753736257553,0
7753.5376969315885,94.3860855102539,0.15729449689388275,0
7755.325645599723,94.81378173828125,0.2103683352470398,0
7757.109748072838,99.58441162109375,0.2303258776664734,0
7758.898520448077,98.65595245361328,0.22712057828903198,0
7760.683444856355,100.28528594970703,0.21186915040016174,0
7762.47304131818,101.94296264648438,0.2093764841556549,0
7764.258788040286,94.90962982177734,0.24525263905525208,0
7766.04494557108,94.97547149658203,0.26213574409484863,0
7767.835778383127,98.07145690917969,0.2512124478816986,0
7769.622758795848,95.94882202148438,0.2585830092430115,0
7771.414416643724,97.41814422607422,0.25157132744789124,0
7773.202220317474,97.03468322753906,0.2418879121541977,0
7774.994703581269,98.16059112548828,0.23097075521945953,0
7776.783330895325,96.61504364013672,0.23742610216140747,0
7778.572369680743,95.89860534667969,0.24767673015594482,0
7780.366091289122,95.70692443847656,0.2444804459810257,0
7782.15595428386,96.55286407470703,0.23111939430236816,0
7783.950502258933,93.78501892089844,0.2440747320652008,0
7785.741189842705,95.17460632324219,0.2538478672504425,0
7787.536564565179,96.61930847167969,0.2519053518772125,0
7789.328077117872,98.28282165527344,0.24394279718399048,0
7791.120001805673,98.3000259399414,0.2408461719751358,0
7792.916616870307,97.95391082763672,0.2266167253255844,0
7794.709367096962,98.80668640136719,0.18596935272216797,0
7796.506809861304,97.78893280029297,0.17034603655338287,0
7798.3003860071385,93.16571044921875,0.20677214860916138,0
7800.0986568525095,97.52543640136719,0.24210138618946075,0
7801.893059298024,98.34733581542969,0.24921815097332,0
7803.687874543464,97.16754913330078,0.25235414505004883,0
7805.487387731792,99.37942504882812,0.24317310750484467,0
7807.283029847765,95.92569732666016,0.2505406141281128,0
7809.083372070966,98.63389587402344,0.22267961502075195,0
7810.87984143841,99.04780578613281,0.20708951354026794,0
7812.68101307842,94.07192993164062,0.23201417922973633,0
7814.47831007845,96.0511474609375,0.24669800698757172,0
7816.276020544292,98.00140380859375,0.2438877820968628,0
7818.078436531286,97.40052032470703,0.24666744470596313,0
7819.876975201488,93.05742645263672,0.2460837960243225,0
7821.680221560672,93.6120834350586,0.20578162372112274,0
7823.479588816787,93.24662780761719,0.17162013053894043,0
7825.283665930714,86.0270767211914,0.1883927434682846,0
7827.083862154471,88.49579620361328,0.23805102705955505,0
7828.884472511003,89.55140686035156,0.27324801683425903,0
7830.689795979172,90.66400909423828,0.2768586277961731,0
7832.491235876042,92.08675384521484,0.2583211660385132,0
7834.297391055878,96.8121566772461,0.22606858611106873,0
7836.099660875254,95.14263153076172,0.25027787685394287,0
7837.906648149925,97.50714111328125,0.2520183026790619,0
7839.709748274153,92.16204833984375,0.26372048258781433,0
7841.513263199194,94.6689453125,0.23193825781345367,0
7843.321498838604,96.87062072753906,0.20874613523483276,0
7845.125844642117,91.74376678466797,0.24069282412528992,0
7846.934913334829,95.02760314941406,0.2539532482624054,0
7848.740090399598,95.57237243652344,0.24632813036441803,0
7850.549992529398,95.45232391357422,0.23872672021389008,0
7852.356001238385,97.24909210205078,0.19948048889636993,0
7854.166737189239,95.14608764648438,0.15559659898281097,0
7855.973577925582,93.131103515625,0.15055517852306366,0
7857.780834323262,89.77070617675781,0.19306661188602448,0
7859.5928212286435,90.89180755615234,0.23411372303962708,0
7861.400910228489,94.26947784423828,0.22689275443553925,0
7863.21373191538,87.95021057128906,0.20799128711223602,0
7865.02265390097,89.85252380371094,0.23355498909950256,0
7866.836310753952,91.94615173339844,0.25534963607788086,0
7868.646066109044,95.25821685791016,0.24115076661109924,0
7870.456237795976,96.4649887084961,0.22260239720344543,0
7872.2711476214035,94.49400329589844,0.20020689070224762,0
7874.082153253575,90.7167739868164,0.20113904774188995,0
7875.897899207099,94.37432861328125,0.2394745647907257,0
7877.709739168706,92.77198028564453,0.2556082010269165,0
7879.526321635529,90.80684661865234,0.2401968240737915,0
7881.338996310948,89.9679946899414,0.23672927916049957,0
7883.152087989793,91.09431457519531,0.23581206798553467,0
7884.969925450235,94.00109100341797,0.2388131469488144,0
7886.783852419557,92.62017059326172,0.2478652000427246,0
7888.602527356855,90.99918365478516,0.2321995198726654,0
7890.417290001472,96.3957290649414,0.19503411650657654,0
7892.236802801451,92.08956909179688,0.19705867767333984,0
7894.052401506358,91.36322784423828,0.2248658537864685,0
7895.868417887362,94.61128997802734,0.2458537369966507,0
7897.689187705391,93.85897827148438,0.2506617307662964,0
7899.506040724281,97.29795837402344,0.2413586676120758,0
7901.327649370102,95.93915557861328,0.245857372879982,0
7903.145339412316,97.13433837890625,0.24454626441001892,0
7904.967787272378,98.36217498779297,0.24075435101985931,0
7906.786314723532,94.0416259765625,0.25341716408729553,0
7908.605260524537,96.40474700927734,0.24347436428070068,0
7910.428967430348,95.94775390625,0.24372686445713043,0
7912.248751218821,90.59506225585938,0.22545835375785828,0
7914.073298305539,90.07288360595703,0.17855556309223175,0
7915.893920467541,91.94849395751953,0.13587956130504608,0
7917.719308122237,86.043701171875,0.1518501192331314,0
7919.540769044005,89.75418090820312,0.22241751849651337,0
7921.362648990465,93.0966796875,0.2080908566713333,0
7923.1892977218795,96.48506164550781,0.18084968626499176,0
7925.012017007567,93.11040496826172,0.21249736845493317,0
7926.839507275186,94.96051025390625,0.236832857131958,0
7928.663066286785,94.8626708984375,0.24373403191566467,0
7930.491398478304,93.26011657714844,0.23607082664966583,0
7932.315797602674,92.66744232177734,0.21677078306674957,0
7934.140616427666,92.7438735961914,0.20625685155391693,0
7935.9702117301495,92.98253631591797,0.2355111986398697,0
7937.795871248309,94.57117462158203,0.2489793747663498,0
7939.626309444481,94.17952728271484,0.2537086009979248,0
7941.452810043115,93.52710723876953,0.25422754883766174,0
7943.284091521296,96.29615020751953,0.24502865970134735,0
7945.11143358789,93.70423889160156,0.24919994175434113,0
7946.9391960321245,94.61558532714844,0.24471276998519897,0
7948.771742658798,95.08309936523438,0.2332145720720291,0
7950.600347152324,94.19332885742188,0.22583290934562683,0
7952.4337380323595,92.6745376586914,0.22177208960056305,0
7954.263184963109,93.3824691772461,0.22656206786632538,0
7956.097420485453,96.84222412109375,0.23380576074123383,0
7957.927710241536,96.83626556396484,0.23967373371124268,0
7959.758421053372,96.25408935546875,0.24193646013736725,0
7961.593923765023,97.01212310791016,0.2384938895702362,0
7963.425477984461,95.72049713134766,0.22763235867023468,0
7965.261826311341,98.1259994506836,0.1648932844400406,0
7967.094224326941,90.77157592773438,0.14441916346549988,0
7968.931418658623,86.00245666503906,0.19477809965610504,0
7970.76466085912,97.35687255859375,0.21690133213996887,0
7972.598324794577,95.8661880493164,0.21242664754390717,0
7974.436788359671,97.45018768310547,0.23193536698818207,0
7976.271297063233,97.97429656982422,0.22774972021579742,0
7978.110607607619,97.53668975830078,0.22019629180431366,0
7979.945961468471,95.98674774169922,0.21363113820552826,0
7981.786119382355,97.91231536865234,0.19785842299461365,0
7983.6223187898595,95.03318786621094,0.21521255373954773,0
7985.458940612626,97.44365692138672,0.22813428938388824,0
7987.3003698073235,97.5066146850586,0.23067164421081543,0
7989.137837760893,101.310546875,0.2240467667579651,0
7990.980115301147,96.32831573486328,0.2290281057357788,0
7992.8184297753305,98.28569793701172,0.19414430856704712,0
7994.661556051975,98.18172454833984,0.15091025829315186,0
7996.500717436766,93.88574981689453,0.14126843214035034,0
7998.344692840811,93.58241271972656,0.1941986232995987,0
8000.18470152638,98.24569702148438,0.22680523991584778,0
8002.02513350353,93.6938705444336,0.24411295354366302,0
8003.8703828257185,94.3719711303711,0.24464912712574005,0
8005.711662689007,93.82173156738281,0.24838405847549438,0
8007.557762116685,94.57489776611328,0.244629368185997,0
8009.399890256734,95.3396224975586,0.24272583425045013,0
8011.246840181541,96.45675659179688,0.23578354716300964,0
8013.089816989151,96.49417114257812,0.22770395874977112,0
8014.933217771153,96.6055908203125,0.21172155439853668,0
8016.781443669065,94.77316284179688,0.2106548696756363,0
8018.625693704934,96.08824920654297,0.22646725177764893,0
8020.474771079641,92.05056762695312,0.24352842569351196,0
8022.319870760626,97.27922058105469,0.22806981205940247,0
8024.169800004403,97.34662628173828,0.21838362514972687,0
8026.015749721937,95.58150482177734,0.1819247603416443,0
8027.862124097778,96.79884338378906,0.1474449187517166,0
8029.713331372934,90.6898422241211,0.18950511515140533,0
8031.560556372574,95.14608001708984,0.21687769889831543,0
8033.4126164980435,96.20471954345703,0.22370214760303497,0
8035.260692513366,95.84923553466797,0.23399017751216888,0
8037.1136058820575,93.9193115234375,0.245583176612854,0
8038.9625333051235,96.7617416381836,0.24081678688526154,0
8040.811886071513,93.78942108154297,0.24639840424060822,0
8042.666079533179,92.35742950439453,0.25501587986946106,0
8044.5162842955115,91.30354309082031,0.26064977049827576,0
8046.371331983226,96.40061950683594,0.2385605275630951,0
8048.222389134015,96.01348114013672,0.23940013349056244,0
8050.078291441319,96.07874298095703,0.24154596030712128,0
8051.930201373261,96.20909118652344,0.2360008805990219,0
8053.782537334649,92.38756561279297,0.2368946373462677,0
8055.639721799848,94.37133026123047,0.23487602174282074,0
8057.492911131535,96.34215545654297,0.2375684678554535,0
8059.350951200737,100.81423950195312,0.2285844385623932,0
8061.20499429587,95.92440032958984,0.23135147988796234,0
8063.063890363251,96.75749969482422,0.21777157485485077,0
8064.91878761516,94.2684555053711,0.2082473486661911,0
8066.774111583743,88.98180389404297,0.23742689192295074,0
8068.634291877271,96.41864776611328,0.23854510486125946,0
8070.490470592727,93.5517578125,0.2503291666507721,0
8072.351507870434,95.56517028808594,0.24333058297634125,0
8074.208541726544,94.38311004638672,0.24907314777374268,0
8076.070436383243,95.40850067138672,0.2463841438293457,0
8077.928325773971,93.05835723876953,0.25157663226127625,0
8079.786642569711,92.43907165527344,0.2529772222042084,0
8081.649823524143,93.19110870361328,0.2522011697292328,0
8083.508996445551,93.78068542480469,0.24913303554058075,0
8085.373035766566,92.06864166259766,0.25095629692077637,0
8087.233065208057,91.97655487060547,0.2495359480381012,0
8089.097963291104,92.9834976196289,0.24963799118995667,0
8090.958849647276,92.79743957519531,0.2527840733528137,0
8092.8201640979105,90.09880065917969,0.25739675760269165,0
8094.686350553621,90.85063171386719,0.24820443987846375,0
8096.54852251094,90.92469787597656,0.24981474876403809,0
8098.415568717865,94.49502563476562,0.2422226220369339,0
8100.278598576922,92.55536651611328,0.24900348484516144,0
8102.146504931151,90.35064697265625,0.25122717022895813,0
8104.01039308718,90.17454528808594,0.24353140592575073,0
8105.874710028231,94.12934112548828,0.2318301647901535,0
8107.7439068334,94.44200897216797,0.23991696536540985,0
8109.609082664381,91.16679382324219,0.2525492012500763,0
8111.479140607633,93.56168365478516,0.24711813032627106,0
8113.345175724235,89.63970947265625,0.26035746932029724,0
8115.216095202294,89.68821716308594,0.25929078459739685,0
8117.08299000039,90.78364562988281,0.25718775391578674,0
8118.950314275181,92.2568130493164,0.25352147221565247,0
8120.82252628581,91.52396392822266,0.2578223943710327,0
8122.690710836009,94.22390747070312,0.24634143710136414,0
8124.563785373824,94.74995422363281,0.23957036435604095,0
8126.43283059576,92.60248565673828,0.24716320633888245,0
8128.306768058127,92.96261596679688,0.25064632296562195,0
8130.17667434831,93.11274719238281,0.24889515340328217,0
8132.051475132777,93.37702941894531,0.24554194509983063,0
8133.922242887902,94.56636047363281,0.2401977926492691,0
8135.793441010691,93.78348541259766,0.23889027535915375,0
8137.669537009145,95.31256866455078,0.23538270592689514,0
8139.541597192021,95.28720092773438,0.23314358294010162,0
8141.418557507012,95.74817657470703,0.23126833140850067,0
8143.291480147128,95.1328353881836,0.23552003502845764,0
8145.169305176846,94.28843688964844,0.23796644806861877,0
8147.043090671534,96.65009307861328,0.22630976140499115,0
8148.917307228112,96.23273468017578,0.22066520154476166,0
8150.79642956113,93.42518615722656,0.23433002829551697,0
8152.671509568388,94.93496704101562,0.23544055223464966,0
8154.551497612173,96.67036437988281,0.2304852157831192,0
8156.427441467901,97.0149154663086,0.22798089683055878,0
8158.3082956212875,93.88983154296875,0.23604333400726318,0
8160.18510372346,92.41646575927734,0.2421564757823944,0
8162.062343582871,94.27999114990234,0.23522938787937164,0
8163.944497132239,94.12512969970703,0.22610467672348022,0
8165.822601835163,95.1512222290039,0.2201373130083084,0
8167.70562249178,94.41632843017578,0.22723400592803955,0
8169.5845924366495,96.97235870361328,0.22448331117630005,0
8171.4684805999905,92.81624603271484,0.2316930890083313,0
8173.348316185423,97.01732635498047,0.22235915064811707,0
8175.228584224562,94.02892303466797,0.23281356692314148,0
8177.1137738799425,95.15528869628906,0.22775231301784515,0
8178.994908157676,95.4061279296875,0.21982398629188538,0
8180.880966319038,95.35086059570312,0.21887756884098053,0
8182.76296723444,96.6935806274414,0.21544383466243744,0
8184.649894301903,98.60494995117188,0.20820927619934082,0
8186.532762254235,98.61563873291016,0.19964681565761566,0
8188.416063357866,94.79218292236328,0.20784702897071838,0
8190.304294016809,96.56321716308594,0.2034720629453659,0
8192.188462756365,99.77045440673828,0.1949903964996338,0
8194.077563322277,97.61431884765625,0.20332930982112885,0
8195.962600097479,92.68498229980469,0.21492788195610046,0
8197.852570971127,92.42509460449219,0.21454142034053802,0
8199.738476181876,94.90869140625,0.21286101639270782,0
8201.624815242641,93.94036865234375,0.21380439400672913,0
8203.516091810596,93.80964660644531,0.22041615843772888,0
8205.403299906871,96.41875457763672,0.22324958443641663,0
8207.295447785044,97.89295959472656,0.21743033826351166,0
8209.183525317196,99.38610076904297,0.21419182419776917,0
8211.076544906999,96.65276336669922,0.22543367743492126,0
8212.965492275574,95.67048645019531,0.22735269367694855,0
8214.85487419401,99.58493041992188,0.2150268703699112,0
8216.749201584338,94.03045654296875,0.2312629371881485,0
8218.639453940128,95.6353759765625,0.2264568954706192,0
8220.534654046185,94.20161437988281,0.2333507388830185,0
8222.42577724034,90.26422119140625,0.24423402547836304,0
8224.321850464188,94.3593978881836,0.22941412031650543,0
8226.213844897902,97.40872192382812,0.2153516411781311,0
8228.106274582447,98.26942443847656,0.20271863043308258,0
8230.003657716437,100.66809844970703,0.1908363699913025,0
8231.896959242442,101.18630981445312,0.19401434063911438,0
8233.795216499942,98.2661361694336,0.21083784103393555,0
8235.689390269063,98.37862396240234,0.1586238294839859,0
8237.58852205278,98.17328643798828,0.16064636409282684,0
8239.483568466858,98.0209732055664,0.2202015072107315,0
8241.379050833872,98.1938247680664,0.22009167075157166,0
8243.27949464075,94.59588623046875,0.22666050493717194,0
8245.175850255593,94.40033721923828,0.2254215031862259,0
8247.077169596034,98.9671630859375,0.21806688606739044,0
8248.974398861008,96.33177185058594,0.22539810836315155,0
8250.876594138366,96.13288116455078,0.22753964364528656,0
8252.774697455965,95.46923065185547,0.2256990522146225,0
8254.673237429737,98.200927734375,0.2139984667301178,0
8256.576746846682,96.52108001708984,0.2149205356836319,0
8258.47616147692,96.20421600341797,0.21673054993152618,0
8260.380547839752,95.27777099609375,0.22193704545497894,0
8262.28083752941,97.92927551269531,0.2184264063835144,0
8264.186101242136,94.64563751220703,0.22614364326000214,0
8266.087266394352,94.70831298828125,0.22955454885959625,0
8267.988868907114,93.81990814208984,0.2323538362979889,0
8269.895448879268,94.90276336669922,0.23045192658901215,0
8271.797927459405,95.77783203125,0.2270471304655075,0
8273.705385792051,96.34661865234375,0.217701256275177,0
8275.608740843169,96.75745391845703,0.21134577691555023,0
8277.517077940962,99.1734848022461,0.1967266947031021,0
8279.421309866848,96.65766906738281,0.1942489892244339,0
8281.33052613464,92.35749816894531,0.1806315779685974,0
8283.235635339272,97.11006927490234,0.16120417416095734,0
8285.141182811773,96.17540740966797,0.15964481234550476,0
8287.051718069632,93.05812072753906,0.1715601235628128,0
8288.95814342695,99.52409362792969,0.14695779979228973,0
8290.869558867496,96.44347381591797,0.14579246938228607,0
8292.776862514072,94.65048217773438,0.18096129596233368,0
8294.689158542806,96.0305404663086,0.20506300032138824,0
8296.597340883269,95.17913818359375,0.19797174632549286,0
8298.505962198571,97.5212173461914,0.15633267164230347,0
8300.419579345038,94.51284790039062,0.1381135731935501,0
8302.329079961277,93.88226318359375,0.14314912259578705,0
8304.243578710255,97.74713897705078,0.17558005452156067,0
8306.153959032523,99.68727111816406,0.1990877091884613,0
8308.069339790167,99.5196533203125,0.20119565725326538,0
8309.980600223742,100.37857818603516,0.20007017254829407,0
8311.892300340269,100.5481948852539,0.1884429007768631,0
8313.809004346745,98.53726196289062,0.1871330589056015,0
8315.72158518261,99.30815124511719,0.19951364398002625,0
8317.639172213712,97.05392456054688,0.21288102865219116,0
8319.55263417466,100.33450317382812,0.20304469764232635,0
8321.471104637201,100.3102035522461,0.19968897104263306,0
8323.385448129167,100.8749771118164,0.19736947119235992,0
8325.300232013338,102.33663940429688,0.19830304384231567,0
8327.220027859246,99.69499969482422,0.20724442601203918,0
8329.135693883445,100.5216293334961,0.207065150141716,0
8331.056374178388,99.95307922363281,0.2069799304008484,0
8332.972922749015,95.17266082763672,0.2167276293039322,0
8334.89448790046,98.97005462646484,0.2105882465839386,0
8336.811919424106,96.72323608398438,0.21567831933498383,0
8338.729792050355,98.5311050415039,0.20421667397022247,0
8340.652684723145,102.02583312988281,0.1896153688430786,0
8342.571440912403,98.6047592163086,0.17840394377708435,0
8344.495219460936,95.2142333984375,0.12825454771518707,0
8346.414859620261,90.48809814453125,0.07753685861825943,0
8348.33952445266,89.97032165527344,0.08650366961956024,0
8350.260048989296,98.44249725341797,0.15452070534229279,0
8352.181015340077,96.17366790771484,0.16976700723171234,0
8354.10700983525,104.6854019165039,0.12077923864126205,0
8356.028861174318,93.01959991455078,0.11951442062854767,0
8357.955742974242,95.9268569946289,0.15587401390075684,0
8359.87847970931,95.0082778930664,0.21454258263111115,0
8361.806249222765,95.53411865234375,0.21085375547409058,0
8363.729871761738,95.13905334472656,0.20617647469043732,0
8365.653936827548,95.11572265625,0.19216342270374298,0
8367.583038148658,97.12760925292969,0.1864020824432373,0
8369.50798963033,94.33807373046875,0.2088419646024704,0
8371.437979687506,93.12754821777344,0.22370129823684692,0
8373.363817993413,93.06610870361328,0.22635887563228607,0
8375.294697196092,91.52881622314453,0.23137687146663666,0
8377.221422734794,94.21442413330078,0.223530575633049,0
8379.148591514175,95.54096984863281,0.2166702002286911,0
8381.08080467285,93.63013458251953,0.20642030239105225,0
8383.008861297974,96.15269470214844,0.17109860479831696,0
8384.941964626338,100.2712631225586,0.15290412306785583,0
8386.870909506235,93.75593566894531,0.18753927946090698,0
8388.804903414384,95.79479217529297,0.20955808460712433,0
8390.734736958273,94.9403305053711,0.217199444770813,0
8392.665014457833,94.54761505126953,0.21883277595043182,0
8394.600344473785,94.27761840820312,0.2159842550754547,0
8396.531511251274,94.65811157226562,0.20647969841957092,0
8398.467732872849,90.89827728271484,0.1667434573173523,0
8400.399789337956,93.30095672607422,0.10362061858177185,0
8402.336902975914,92.94315338134766,0.09892027825117111,0
8404.26984953852,94.7219009399414,0.15277515351772308,0
8406.20324077294,98.45954132080078,0.19787169992923737,0
8408.141692673982,98.81749725341797,0.20455233752727509,0
8410.075974620828,100.2850112915039,0.20313602685928345,0
8412.01531956574,96.0001449584961,0.2123168706893921,0
8413.950492635364,97.11380004882812,0.19270247220993042,0
8415.890731035573,96.64165496826172,0.16083748638629913,0
8417.826795638512,98.89996337890625,0.15278932452201843,0
8419.763305630568,97.22342681884766,0.17547985911369324,0
8421.704884452614,99.83860778808594,0.19821307063102722,0
8423.642286593906,97.46510314941406,0.2012193202972412,0
8425.584759900397,96.2094955444336,0.20090654492378235,0
8427.523054601936,101.2815170288086,0.18846911191940308,0
8429.466422804959,88.05223846435547,0.1824292689561844,0
8431.405610477948,95.33006286621094,0.08724777400493622,0
8433.34987398978,87.39167022705078,0.07571598887443542,0
8435.289955045611,90.94110107421875,0.14838173985481262,0
8437.23048241454,94.95004272460938,0.20111791789531708,0
8439.176089128974,96.94242095947266,0.2081332802772522,0
8441.117510497941,99.55619049072266,0.2037125676870346,0
8443.064013552468,98.93217468261719,0.20232895016670227,0
8445.00632933334,101.25728607177734,0.19733019173145294,0
8446.953729140901,99.00550842285156,0.20122037827968597,0
8448.896939745731,96.05783081054688,0.2064039558172226,0
8450.840597383609,95.63320922851562,0.19740481674671173,0
8452.789342560496,93.497802734375,0.16945362091064453,0
8454.733895640526,94.76106262207031,0.15238144993782043,0
8456.683538603393,93.77689361572266,0.17780017852783203,0
8458.628987538104,98.32784271240234,0.20289039611816406,0
8460.57952870056,97.64816284179688,0.20572315156459808,0
8462.525873902672,98.2971420288086,0.19758595526218414,0
8464.472666858941,94.71221923828125,0.1820366382598877,0
8466.424555560941,97.8327407836914,0.1294805258512497,0
8468.372245403803,91.30458068847656,0.10677429288625717,0
8470.325033340003,90.86075592041016,0.1538316011428833,0
8472.273620482652,91.95115661621094,0.2120991349220276,0
8474.22730806733,93.31520080566406,0.21447765827178955,0
8476.17679292315,95.97193908691406,0.2070719599723816,0
8478.126726255401,96.6001968383789,0.2047795206308365,0
8480.08176355334,93.67727661132812,0.21032753586769104,0
8482.032595218952,95.44361877441406,0.20731857419013977,0
8483.98853320165,96.26229095458984,0.2069101184606552,0
8485.940263614486,91.3165283203125,0.2186489850282669,0
8487.897102696883,92.7880859375,0.21380770206451416,0
8489.849732270995,93.13028717041016,0.20788231492042542,0
8491.802811044974,91.3333969116211,0.2041333019733429,0
8493.761002017862,95.02345275878906,0.18170593678951263,0
8495.714980574307,92.8758773803711,0.17056433856487274,0
8497.674073684846,93.5212631225586,0.1883082240819931,0
8499.628952438285,93.81983947753906,0.21024315059185028,0
8501.588948102093,90.3849868774414,0.21767835319042206,0
8503.544727467246,89.94503784179688,0.19656068086624146,0
8505.500956756874,90.1957015991211,0.15280067920684814,0
8507.462306491907,86.97782135009766,0.1367684006690979,0
8509.41943701544,89.44760131835938,0.16510461270809174,0
8511.381690343369,90.6470947265625,0.206772118806839,0
8513.339722516006,88.83421325683594,0.2211460918188095,0
8515.30287985311,90.8753433227539,0.21766430139541626,0
8517.261814090241,90.9994888305664,0.21762961149215698,0
8519.22119897762,94.34799194335938,0.20878350734710693,0
8521.185712570208,92.7657699584961,0.2122950553894043,0
8523.146000145274,93.83360290527344,0.2093302309513092,0
8525.111418788341,93.420654296875,0.21200720965862274,0
8527.072609466966,93.94087219238281,0.21292869746685028,0
8529.03893357747,89.13102722167969,0.22139017283916473,0
8531.00102777571,89.55696105957031,0.21984495222568512,0
8532.96357335114,93.57241821289062,0.21278035640716553,0
8534.931255904907,95.17864990234375,0.20735035836696625,0
8536.894705624154,96.13143920898438,0.2030007541179657,0
8538.863294688339,94.4536361694336,0.19818662106990814,0
8540.827648967941,94.10145568847656,0.19190503656864166,0
8542.797144960176,89.80521392822266,0.2065395563840866,0
8544.762404216863,91.15510559082031,0.21245719492435455,0
8546.72811557886,92.98333740234375,0.20706886053085327,0
8548.698972205662,94.61795806884766,0.19007256627082825,0
8550.665589169952,93.28340148925781,0.18068434298038483,0
8552.637353769469,91.72440338134766,0.18928766250610352,0
8554.604876753261,91.00701141357422,0.2074761688709259,0
8556.577549743793,93.60008239746094,0.2062678039073944,0
8558.545979164492,91.61406707763672,0.21049687266349792,0
8560.514861419791,91.39430236816406,0.21266095340251923,0
8562.488897239735,93.072021484375,0.21116682887077332,0
8564.458686558157,91.23666381835938,0.2147359699010849,0
8566.433631815466,88.78691101074219,0.21759243309497833,0
8568.404328614894,92.65910339355469,0.2061700075864792,0
8570.380183728546,90.75957489013672,0.2077747881412506,0
8572.351788427055,92.26433563232422,0.2034333348274231,0
8574.323846690633,93.95276641845703,0.19979190826416016,0
8576.30106683208,93.56230163574219,0.20168450474739075,0
8578.274033621965,95.03758239746094,0.200351282954216,0
8580.252164667796,93.37677001953125,0.20335495471954346,0
8582.226040402546,95.67091369628906,0.19745033979415894,0
8584.205082772409,95.9235610961914,0.19685383141040802,0
8586.179867870775,99.1789779663086,0.18698188662528992,0
8588.159821984522,96.018798828125,0.1867765337228775,0
8590.135516865445,93.86189270019531,0.18418538570404053,0
8592.11166625238,93.96299743652344,0.18868589401245117,0
8594.092988225731,95.58824920654297,0.19431841373443604,0
8596.070048023752,91.49432373046875,0.19745910167694092,0
8598.052282791197,93.72554779052734,0.1888262778520584,0
8600.030253419729,91.42486572265625,0.194630429148674,0
8602.013401401793,90.25157165527344,0.20544110238552094,0
8603.992283280455,93.29381561279297,0.20244896411895752,0
8605.971620398293,91.5413818359375,0.20172257721424103,0
8607.95613844646,95.15365600585938,0.19217684864997864,0
8609.936387443971,93.20552062988281,0.1934041976928711,0
8611.921819758662,88.17353820800781,0.2050103396177292,0
8613.902981055946,88.00056457519531,0.20148111879825592,0
8615.889328058362,88.0340347290039,0.1966940015554428,0
8617.871402075718,88.847412109375,0.1893358677625656,0
8619.853932066595,83.77511596679688,0.19274035096168518,0
8621.841651345172,85.80963897705078,0.17931747436523438,0
8623.825094686677,87.35183715820312,0.16853167116641998,0
8625.813729706582,85.61552429199219,0.16080763936042786,0
8627.798086819494,91.33146667480469,0.1451234072446823,0
8629.78763800261,90.27259063720703,0.15442197024822235,0
8631.772909307903,86.99761962890625,0.1583164632320404,0
8633.758637322251,89.0303955078125,0.14741453528404236,0
8635.74956299515,89.3982925415039,0.1568802148103714,0
8637.736205833453,86.84729766845703,0.16147711873054504,0
8639.728048724864,88.58417510986328,0.16846716403961182,0
8641.71560680858,91.53539276123047,0.17532779276371002,0
8643.708367341067,87.38247680664062,0.18134430050849915,0
8645.69684109185,88.72491455078125,0.192691832780838,0
8647.685772288409,86.13642120361328,0.20028357207775116,0
8649.67990952787,85.87053680419922,0.1868124008178711,0
8651.669757024085,87.52049255371094,0.16718114912509918,0
8653.664812961626,88.02339172363281,0.15532222390174866,0
8655.655577179641,88.89269256591797,0.1438254565000534,0
8657.651552238507,92.0302734375,0.1437160223722458,0
8659.643233600653,90.086181640625,0.137404665350914,0
8661.635373146479,81.89201354980469,0.14216014742851257,0
8663.632727133088,87.58917236328125,0.15384086966514587,0
8665.625784456659,91.20999908447266,0.14691683650016785,0
8667.624058623302,87.6361312866211,0.1599879413843155,0
8669.618034147437,91.13550567626953,0.1556793600320816,0
8671.617228918041,91.95244598388672,0.15389831364154816,0
8673.612123065755,87.93000793457031,0.1554393768310547,0
8675.607476136245,91.82056427001953,0.1549791842699051,0
8677.608052058944,85.29460144042969,0.15721583366394043,0
8679.604324387648,82.70892333984375,0.18061614036560059,0
8681.605821974726,80.11042785644531,0.20460836589336395,0
8683.603013985145,79.14983367919922,0.2017676830291748,0
8685.605433661212,84.0879135131836,0.196882963180542,0
8687.603545777045,86.5833969116211,0.19290469586849213,0
8689.602117555944,89.67024993896484,0.18749891221523285,0
8691.605920612044,89.2408447265625,0.19177667796611786,0
8693.605413132012,90.6363296508789,0.19005559384822845,0
8695.610139339233,88.5808334350586,0.19555339217185974,0
8697.610553024459,84.22944641113281,0.20517531037330627,0
8699.61620280809,89.0169906616211,0.1953786313533783,0
8701.617538082952,88.16722106933594,0.19027535617351532,0
8703.619333762363,93.37687683105469,0.18370476365089417,0
8705.626369157562,84.98731994628906,0.20408588647842407,0
8707.629087063295,90.78192901611328,0.18975789844989777,0
8709.63704709875,91.86392974853516,0.18397369980812073,0
8711.640687655672,90.06634521484375,0.18992221355438232,0
8713.649572757362,89.56258392333984,0.19518153369426727,0
8715.65413639054,85.66514587402344,0.20620791614055634,0
8717.659161170945,81.49263000488281,0.21472002565860748,0
8719.669434119336,82.99469757080078,0.21626660227775574,0
8721.675382613708,75.42955780029297,0.24178564548492432,0
8723.686581693893,74.98741912841797,0.24561895430088043,0
8725.693454327786,71.27130889892578,0.25685784220695496,0
8727.705579966434,69.15167236328125,0.26162999868392944,0
8729.713377165597,71.33479309082031,0.24883891642093658,0
8731.721636255868,79.01628875732422,0.22252990305423737,0
8733.735151979954,84.50206756591797,0.20277704298496246,0
8735.744336274236,87.95335388183594,0.1947941929101944,0
8737.75877962406,89.1698989868164,0.19129788875579834,0
8739.768889548595,92.66548919677734,0.18392899632453918,0
8741.784260951517,90.98200988769531,0.18757623434066772,0
8743.79529693274,90.9220199584961,0.18980643153190613,0
8745.811596816311,88.56473541259766,0.18993347883224487,0
8747.823559280858,93.1309585571289,0.180071160197258,0
8749.835984594723,94.38143157958984,0.17722168564796448,0
8751.853677447529,90.75146484375,0.1849321871995926,0
8753.867029884785,95.59376525878906,0.1774892956018448,0
8755.88565228773,97.74722290039062,0.17142876982688904,0
8757.899932275499,94.23328399658203,0.16749678552150726,0
8759.919484656828,88.91559600830078,0.14330995082855225,0
8761.934692622432,94.87183380126953,0.1004738137125969,0
8763.95036418398,92.75846862792969,0.09695520997047424,0
8765.971311781545,88.0478744506836,0.12622348964214325,0
8767.987911962025,83.57209014892578,0.11636735498905182,0
8770.00979060919,87.07666778564453,0.08434073626995087,0
8772.027319836418,88.07582092285156,0.11290498822927475,0
8774.050129962117,96.63018035888672,0.15258057415485382,0
8776.068588664104,90.86952209472656,0.14442650973796844,0
8778.087511709862,87.8636245727539,0.11229071021080017,0
8780.111719302422,86.08977508544922,0.07748515903949738,0
8782.13157246507,84.24078369140625,0.08896291255950928,0
8784.15671260911,92.74872589111328,0.1447390764951706,0
8786.177496317152,94.22159576416016,0.17339877784252167,0
8788.203569442296,95.01841735839844,0.17346711456775665,0
8790.225284124435,89.65475463867188,0.16990156471729279,0
8792.247463899379,89.76445007324219,0.132180318236351,0
8794.27493674564,97.01444244384766,0.11959656327962875,0
8796.298048137849,91.04134368896484,0.15842022001743317,0
8798.326455039889,94.15733337402344,0.1781734675168991,0
8800.350498478558,93.38765716552734,0.18071508407592773,0
8802.379839866695,96.91709899902344,0.17485612630844116,0
8804.404815781216,94.52194213867188,0.1776254028081894,0
8806.430257538785,96.81287384033203,0.17248289287090302,0
8808.461000905934,100.50091552734375,0.16341237723827362,0
8810.48737578356,95.29705810546875,0.16782253980636597,0
8812.519054713217,94.16598510742188,0.16672183573246002,0
8814.546363140787,95.2286376953125,0.16793128848075867,0
8816.578978063964,97.91287994384766,0.16968970000743866,0
8818.607220471566,95.82068634033203,0.1751888543367386,0
8820.63592947367,96.07853698730469,0.17037619650363922,0
8822.669948637393,100.30339813232422,0.15417353808879852,0
8824.699592264771,95.08551025390625,0.13977381587028503,0
8826.734548500159,89.93311309814453,0.09564892202615738,0
8828.765127183395,84.58094787597656,0.04214531555771828,8388608
8830.801020922154,79.8569564819336,0.0439729318022728,8388608
8832.832535092028,92.86015319824219,0.10191208124160767,0
8834.864516609065,92.50634765625,0.13637466728687286,0
8836.901816853555,88.43358612060547,0.12250859290361404,0
8838.934734503515,88.21002960205078,0.10532307624816895,0
8840.972973331262,86.73875427246094,0.12434466928243637,0
8843.006827545418,84.67578887939453,0.17728178203105927,0
8845.046005388827,79.0496597290039,0.20969641208648682,0
8847.080796598655,76.40975952148438,0.20732834935188293,0
8849.116055909528,76.739013671875,0.18233329057693481,0
8851.156642527505,73.41250610351562,0.17444878816604614,0
8853.192839481377,78.81431579589844,0.17738623917102814,0
8855.234366196642,85.18827056884766,0.1888905018568039,0
8857.271501225485,88.67476654052734,0.19154104590415955,0
8859.313968471139,88.02249908447266,0.19063866138458252,0
8861.352042007125,91.49140167236328,0.18284113705158234,0
8863.390584399249,87.75544738769531,0.1782703995704651,0
8865.434462691968,96.6285400390625,0.1454072743654251,0
8867.473944239608,89.49593353271484,0.13885079324245453,0
8869.518764146087,84.72674560546875,0.11670904606580734,0
8871.559185281907,87.87144470214844,0.13922302424907684,0
8873.604947235948,90.43794250488281,0.1736520379781723,0
8875.646308392817,90.18794250488281,0.1800777167081833,0
8877.68813916214,94.79899597167969,0.17496579885482788,0
8879.73531443941,88.71559143066406,0.182867631316185,0
8881.778085879198,97.9463119506836,0.15998010337352753,0
8883.826204289147,92.76677703857422,0.13443417847156525,0
8885.86991683277,88.51072692871094,0.08543781191110611,0
8887.9189788099,81.16548919677734,0.041057270020246506,0
8889.963632890922,84.4438705444336,0.05679202824831009,0
8892.00875734193,95.31088256835938,0.13504496216773987,0
8894.059234922122,90.87862396240234,0.1752297580242157,0
8896.105301560994,91.92182159423828,0.17956341803073883,0
8898.156723795235,92.25983428955078,0.17451496422290802,0
8900.203733056038,93.0085220336914,0.16960854828357697,0
8902.25610037953,88.46924591064453,0.15331201255321503,0
8904.30405269653,100.47004699707031,0.10228997468948364,0
8906.357365544674,93.1274185180664,0.10168872028589249,0
8908.406261352337,93.7411117553711,0.13723982870578766,0
8910.455628505784,96.96949768066406,0.16123369336128235,0
8912.510359893724,97.3487777709961,0.1603391021490097,0
8914.560671189649,104.4073715209961,0.1484615057706833,0
8916.616349191365,94.7464599609375,0.1483975201845169,0
8918.667605064733,87.67020416259766,0.10715235769748688,0
8920.72423011633,89.93724822998047,0.05345698818564415,0
8922.776431002305,79.73836517333984,0.04126005247235298,8388608
8924.829103994396,90.50269317626953,0.0682530328631401,8388608
8926.88714987404,99.42530822753906,0.11992625892162323,0
8928.940768531605,90.96651458740234,0.17095400393009186,0
8930.999762552008,98.35502624511719,0.16429267823696136,0
8933.054327310716,93.1339340209961,0.17030923068523407,0
8935.114269908689,96.996826171875,0.16450375318527222,0
8937.169781204408,98.28146362304688,0.1636580377817154,0
8939.225765367799,94.5263671875,0.16592355072498322,0
8941.287131085755,93.37797546386719,0.15906980633735657,0
8943.344062440076,91.49462127685547,0.1258373260498047,0
8945.406377828243,87.3963851928711,0.10766637325286865,0
8947.464256809862,88.9495620727539,0.1313370019197464,0
8949.52752230575,94.63917541503906,0.16275180876255035,0
8951.586349351242,91.94788360595703,0.17259955406188965,0
8953.64565002719,96.4034652709961,0.15211829543113708,0
8955.710340938702,94.80929565429688,0.13045088946819305,0
8957.770590333495,86.9105224609375,0.10239113867282867,0
8959.83623244713,88.58512115478516,0.06594206392765045,8388608
8961.897430997844,85.64076232910156,0.07783538848161697,8388608
8963.964024751822,94.3470230102539,0.12725339829921722,0
8966.026172895728,95.20323181152344,0.15199624001979828,0
8968.088795434107,96.43687438964844,0.15234443545341492,0
8970.15681690305,94.91353607177734,0.1624261736869812,0
8972.220389690654,94.98031616210938,0.15953978896141052,0
8974.289363896107,98.41175079345703,0.1499287635087967,0
8976.353887370715,94.78543853759766,0.15851691365242004,0
8978.423814751604,96.03992462158203,0.16455170512199402,0
8980.489289351199,96.2975082397461,0.16175290942192078,0
8982.55523911051,93.95037078857422,0.15466433763504028,0
8984.626596509414,94.05729675292969,0.15340103209018707,0
8986.693498050801,89.74524688720703,0.1536189615726471,0
8988.765809723076,98.7576904296875,0.12054180353879929,0
8990.833663485022,98.26481628417969,0.0985172688961029,0
8992.906929870303,88.9129409790039,0.11320691555738449,0
8994.975736291497,94.35430145263672,0.136882945895195,0
8997.04501863889,94.02477264404297,0.16034503281116486,0
8999.11971734895,88.34771728515625,0.1695350706577301,0
9001.18995301374,86.71747589111328,0.12283484637737274,0
9003.265607536512,93.23918151855469,0.0701608657836914,0
9005.33679695789,93.23458099365234,0.08012057095766068,0
9007.413407733718,99.58489990234375,0.12682639062404633,0
9009.485551351081,94.87026977539062,0.1519075632095337,0
9011.55817166236,92.9873046875,0.15701380372047424,0
9013.636217073454,95.40819549560547,0.15422916412353516,0
9015.709792239928,91.05921936035156,0.1673230081796646,0
9017.788795005557,91.76156616210938,0.1611134558916092,0
9019.863325467128,98.16653442382812,0.14340277016162872,0
9021.943286028345,96.73343658447266,0.1517631560564041,0
9024.018772225116,97.26919555664062,0.15017172694206238,0
9026.094735884759,94.24758911132812,0.14863324165344238,0
9028.176133395455,100.32029724121094,0.1386861950159073,0
9030.253053450571,99.69547271728516,0.14561612904071808,0
9032.335409860114,97.39144897460938,0.15025058388710022,0
9034.413286751316,98.90882873535156,0.14985570311546326,0
9036.49660250147,94.97990417480469,0.15303409099578857,0
9038.57543666957,98.31405639648438,0.13141381740570068,0
9040.654749070738,94.37257385253906,0.12487778067588806,0
9042.739504088317,97.82291412353516,0.13386757671833038,0
9044.819774427724,100.8472900390625,0.14135167002677917,0
9046.90548989095,100.07117462158203,0.1447167545557022,0
9048.986718609916,92.9573745727539,0.14437754452228546,0
9051.07339496127,92.15738677978516,0.11585421115159988,0
9053.155582501318,95.31573486328125,0.11280955374240875,0
9055.238249045875,95.368896484375,0.14188867807388306,0
9057.326366986339,92.95970916748047,0.15780629217624664,0
9059.409993014386,94.62122344970703,0.1526120901107788,0
9061.499072949795,98.61824798583984,0.143815815448761,0
9063.583658903364,93.73594665527344,0.15076585114002228,0
9065.67370127691,91.9776840209961,0.151701420545578,0
9067.75924759824,94.84629821777344,0.14642243087291718,0
9069.850252853315,93.15876770019531,0.14103786647319794,0
9071.936759984848,93.8176040649414,0.13201886415481567,0
9074.023747114603,92.07139587402344,0.1335044801235199,0
9076.116196949431,94.90523529052734,0.139521986246109,0
9078.204145553167,93.25739288330078,0.1546916365623474,0
9080.297559378643,88.99325561523438,0.15912750363349915,0
9082.386469899311,94.3621826171875,0.14288188517093658,0
9084.480848159545,92.1077651977539,0.14674420654773712,0
9086.5707210403,92.51566314697266,0.14763584733009338,0
9088.661074693564,90.97168731689453,0.14400914311408997,0
9090.756899863803,92.94023895263672,0.14364255964756012,0
9092.848216542006,90.38534545898438,0.14588692784309387,0
9094.945007257907,90.8101806640625,0.14070500433444977,0
9097.037287404712,91.70065307617188,0.14157751202583313,0
9099.135044111103,94.14358520507812,0.14342805743217468,0
9101.228288170378,94.9521713256836,0.13225078582763672,0
9103.322013777699,90.90325927734375,0.12461618334054947,0
9105.42121972811,94.748046875,0.12125547975301743,0
9107.515909913827,96.60710144042969,0.1234670877456665,0
9109.616082967425,92.98556518554688,0.13534799218177795,0
9111.711738175916,94.97785186767578,0.1425383985042572,0
9113.812878778243,94.28661346435547,0.15049701929092407,0
9115.909499454096,92.0518569946289,0.1529996395111084,0
9118.00660245478,93.836669921875,0.1437225639820099,0
9120.109194638906,97.62197875976562,0.12903892993927002,0
9122.20726377395,95.0728988647461,0.13301636278629303,0
9124.310824621298,94.6515884399414,0.14342844486236572,0
9126.409860335796,93.2061538696289,0.14962516725063324,0
9128.514390292632,97.1463394165039,0.14331848919391632,0
9130.614393031887,93.85142517089844,0.1418764293193817,0
9132.714878874014,93.06857299804688,0.13978801667690277,0
9134.820862754199,90.99717712402344,0.14687128365039825,0
9136.922316289158,91.60179901123047,0.13109460473060608,0
9139.029270395116,93.30419921875,0.13237497210502625,0
9141.131692068722,93.47651672363281,0.139670267701149,0
9143.23961684744,92.30548858642578,0.14554926753044128,0
9145.343007105714,88.9817886352539,0.14943845570087433,0
9147.446881246153,98.02696990966797,0.13506248593330383,0
9149.556262293547,92.19110107421875,0.14035888016223907,0
9151.661105687805,89.04943084716797,0.13617128133773804,0
9153.771458526047,95.43609619140625,0.11686106026172638,0
9155.877271620659,91.42630004882812,0.1104658916592598,0
9157.988596697453,98.4406509399414,0.10869916528463364,0
9160.09537993916,93.44123077392578,0.1213776245713234,0
9162.202647843582,95.22587585449219,0.11659253388643265,0
9164.315431538162,95.50385284423828,0.11971372365951538,0
9166.423670259908,95.69806671142578,0.1249023899435997,0
9168.537427312936,97.29851531982422,0.12441106140613556,0
9170.646637299264,93.4768295288086,0.12681280076503754,0
9172.761368159163,91.40467834472656,0.12905099987983704,0
9174.87154985753,92.92821502685547,0.12351801246404648,0
9176.982217000424,94.29293060302734,0.1158287525177002,0
9179.098408831009,94.94939422607422,0.12087369710206985,0
9181.210048357256,94.6646957397461,0.12732243537902832,0
9183.327215116415,95.17975616455078,0.12964074313640594,0
9185.439827473989,92.80329132080078,0.1307229995727539,0
9187.55796961087,94.95169067382812,0.1282719075679779,0
9189.671555247956,98.01373291015625,0.1289999783039093,0
9191.785627112642,93.63658905029297,0.1355193853378296,0
9193.905232576903,94.88970184326172,0.1315276324748993,0
9196.020278393495,93.58354949951172,0.12959671020507812,0
9198.140860358988,92.90242004394531,0.13141101598739624,0
9200.256880576184,95.50773620605469,0.12988579273223877,0
9202.378439492784,91.59041595458984,0.13659200072288513,0
