pl_name,hostname,disc_year,discoverymethod,pl_orbper,pl_orbeccen,pl_orbeccenerr1,pl_orbeccenerr2,pl_radj,pl_bmassj,st_mass,st_teff
XO-2 S d,XO-2 S,2024,Radial Velocity,4696.0,0.091,0.028,-0.018,1.16,3.71,0.98,5325.0
Kepler-1808 b,Kepler-1808,2021,Transit,23.3404007,0.0,,,0.26988297,0.0296,0.773,5530.0
Kepler-418 b,Kepler-418,2014,Transit,86.67856,0.2,0.11,-0.11,1.2,1.1,0.98,5820.0
Kepler-249 d,Kepler-249,2014,Transit,15.368459,0.0,,,0.14,0.00972,0.510238,3568.0
Kepler-1408 b,Kepler-1408,2016,Transit,2.99793191,0.0,,,0.07940048,0.00201,1.21,6170.0
Kepler-500 b,Kepler-500,2016,Transit,8.508324398,0.0,,,0.23017218,0.0226,1.02,5813.0
CoRoT-17 b,CoRoT-17,2011,Transit,3.7681,0.0,,,1.02,2.43,1.04,5740.0
Kepler-1685 b,Kepler-1685,2020,Transit,20.4905,0.0,,,0.22988133,0.0225,0.96,5484.0
Kepler-296 b,Kepler-296,2014,Transit,10.864384,0.33,,,0.14363458,0.0101,0.498,3740.0
TOI-4377 b,TOI-4377,2023,Transit,4.378081,0.045,0.053,-0.032,1.348,0.957,1.36,4974.0
HD 64114 b,HD 64114,2019,Radial Velocity,45.791,0.12,0.08,-0.08,0.393,0.05600478,0.95,5676.0
TOI-858 B b,TOI-858 B,2023,Transit,3.2797178,0.15,,,1.255,1.1,1.081,5842.0
HD 27969 b,HD 27969,2021,Radial Velocity,654.5,0.182,0.019,-0.019,1.15,4.8,1.16,5966.0
Kepler-1947 b,Kepler-1947,2021,Transit,6.963630199,0.0,,,0.09012118,0.00317,0.984,6040.0
Kepler-81 d,Kepler-81,2014,Transit,20.837846,0.0,,,0.108,0.00606,0.648,4500.0
Kepler-900 b,Kepler-900,2016,Transit,6.9913086,0.0,,,0.18556517,0.0157,0.78,4836.0
TOI-1296 b,TOI-1296,2021,Transit,3.9443736,0.0,,,1.2593883,0.29984733,1.1576,5567.0
HD 24040 b,HD 24040,2006,Radial Velocity,3668.0,0.04,0.06,-0.06,1.15,5.0,1.11,5802.0
Kepler-638 b,Kepler-638,2016,Transit,6.07972888,0.0,,,0.16326166,0.0126,0.88,5382.0
Kepler-375 b,Kepler-375,2014,Transit,12.125934,0.0,,,0.129,0.00849,0.891,5826.0
Kepler-1590 b,Kepler-1590,2016,Transit,7.61760804,0.0,,,0.10170399,0.00489,1.11,6053.0
Kepler-666 b,Kepler-666,2016,Transit,4.49876092,0.0,,,0.21411366,0.02,1.03,5887.0
Kepler-586 b,Kepler-586,2016,Transit,2.104722184,0.0,,,0.24890713,0.0258,0.94,5575.0
HD 180053 b,HD 180053,2018,Radial Velocity,213.72,0.081,0.029,-0.029,1.19,2.194,1.75,5131.0
Kepler-1827 b,Kepler-1827,2021,Transit,3.700619936,0.0,,,0.16562103,0.0129,0.915,5423.0
Kepler-83 b,Kepler-83,2012,Transit,9.77,0.0,,,0.252,0.00925027,0.66,4082.0
TOI-1410 c,TOI-1410,2024,Radial Velocity,47.56,0.0,,,0.502,0.0849515,0.7941,4635.0
Kepler-578 b,Kepler-578,2016,Transit,1.616883696,0.0,,,0.17842805,0.0147,0.87,5334.0
TOI-3807 b,TOI-3807,2023,Transit,2.8989727,0.0,,,1.65,1.04,1.181,5772.0
Kepler-239 b,Kepler-239,2014,Transit,11.763051,0.0,,,0.208,0.019,0.757,4914.0
Kepler-1812 b,Kepler-1812,2021,Transit,7.165219784,0.0,,,0.20741783,0.0189,1.162,6174.0
HD 191939 c,HD 191939,2020,Transit,28.579743,0.034,0.034,-0.013,0.2850393,0.02517081,0.81,5348.0
Kepler-931 b,Kepler-931,2016,Transit,8.03755877,0.0,,,0.11865465,0.00733,0.86,5241.0
Kepler-501 c,Kepler-501,2021,Transit,3.622760057,0.0,,,0.14998664,0.0109,1.032,5794.0
Kepler-1664 b,Kepler-1664,2020,Transit,14.3868,0.0,,,0.27060456,0.0297,0.944,5735.81
WASP-105 b,WASP-105,2017,Transit,7.87288,0.0,,,0.96,1.8,0.89,5070.0
Kepler-58 b,Kepler-58,2012,Transit,10.2184954,0.04,0.044,-0.031,0.248,0.11169549,0.95,5843.0
GJ 887 b,GJ 887,2020,Radial Velocity,9.2619,0.14,0.06,-0.06,0.161,0.01227077,0.495,3688.0
TOI-1759 b,TOI-1759,2022,Transit,18.85019,0.0,,,0.28013252,0.0339806,0.606,4065.0
HIP 70849 b,HIP 70849,2011,Radial Velocity,3649.0,0.65,0.02,-0.01,1.15,4.5,0.65,4105.0
KOI-142 b,KOI-142,2013,Transit,10.91647,0.05561,0.00013,-0.00013,0.30671782,0.03,0.99,5466.0
Barnard c,Barnard's star,2025,Radial Velocity,4.1244,0.08,0.06,-0.05,0.0663,0.00105403,0.162,3195.0
HATS-62 b,HATS-62,2018,Transit,3.2768837,0.298,,,1.055,0.179,0.896,5416.0
Kepler-1350 c,Kepler-1350,2016,Transit,1.766789062,0.0,,,0.15434026,0.0115,0.55,3827.0
TOI-1410.01,TOI-1410,2024,Transit,1.21687,0.0,,,0.27663801,0.0393294,0.7941,4635.0
TOI-5110 b,TOI-5110,2024,Transit,30.158577,0.745,0.03,-0.027,1.069,2.9,1.469,6160.0
GJ 229 A c,GJ 229,2020,Radial Velocity,121.93268,0.366,0.065,-0.063,0.256,0.027,0.509,3564.0
Kepler-341 c,Kepler-341,2014,Transit,8.01041,0.0,,,0.152,0.0111,0.976,6012.0
TOI-791 c,TOI-791,2026,Transit,232.0157,0.028,0.013,-0.028,1.155,0.05852214,1.28,6294.0
Kepler-590 b,Kepler-590,2016,Transit,5.85296257,0.0,,,0.35864038,0.0479,1.1,6000.0
HD 180902 b,HD 180902,2009,Radial Velocity,510.9,0.107,0.022,-0.022,1.2,1.685,1.41,4961.0
Qatar-7 b,Qatar-7,2019,Transit,2.032046,0.0,,,1.7,1.88,1.409,6387.0
TOI-5624 e,TOI-5624,2026,Transit,21.489936,0.0,,,0.28967844,0.02800253,0.858,5327.0
Kepler-764 b,Kepler-764,2016,Transit,7.33683936,0.0,,,0.146311,0.0105,0.92,5557.0
TOI-7166 b,TOI-7166,2025,Transit,12.92063621,0.0,,,0.1793205,0.0148,0.19,3099.0
TOI-6695 b,TOI-6695,2025,Transit,80.389,0.04,0.006,-0.007,0.85,0.21,1.338,6400.0
GJ 3998 b,GJ 3998,2016,Radial Velocity,2.65033,0.0,,,0.124,0.00786588,0.52,3726.0
Kepler-656 b,Kepler-656,2016,Transit,1.260259094,0.0,,,0.27834776,0.0312,0.86,5281.0
Kepler-751 b,Kepler-751,2016,Transit,17.44490636,0.0,,,0.2194665,0.0208,0.87,5387.0
HD 207496 b,HD 207496,2023,Transit,6.441008,0.231,0.042,-0.049,0.2007319,0.01919275,0.8,4819.0
Kepler-276 d,Kepler-276,2013,Transit,48.648,0.0,,,0.25,0.051,1.1,5693.0
WASP-37 b,WASP-37,2010,Transit,3.577469,0.0,,,1.16,1.8,0.925,5800.0
TOI-1203 e,TOI-1203,2025,Radial Velocity,204.59,0.152,0.029,-0.029,0.653,0.13246141,0.886,5737.0
Kepler-122 f,Kepler-122,2014,Transit Timing Variations,56.268,0.0,,,0.156,0.113,1.03,5917.0
Kepler-397 c,Kepler-397,2014,Transit,135.498527,0.0,,,0.551,0.0995,0.844,5307.0
Kepler-1503 b,Kepler-1503,2016,Transit,96.16987,0.0,,,0.20251584,0.0182,0.77,5069.0
TOI-1776 b,TOI-1776,2024,Transit,2.799868,0.0,,,0.10849581,0.00440489,0.9196,5785.0
Kepler-1781 b,Kepler-1781,2021,Transit,4.88752985,0.0,,,0.21241095,0.0197,1.053,5568.0
HAT-P-40 b,HAT-P-40,2012,Transit,4.45724,0.0,,,1.52,0.48,1.03,6080.0
HD 81688 b,HD 81688,2007,Radial Velocity,183.93,0.04,0.022,-0.031,1.2,1.654,1.07,4797.0
K2-19 d,K2-19,2016,Transit,2.50827,0.44,,,0.0931396,0.01950738,0.892,5350.0
Kepler-1309 b,Kepler-1309,2016,Transit,28.8432647,0.0,,,0.21143724,0.0195,0.85,5235.0
HD 169830 c,HD 169830,2003,Radial Velocity,1818.82339,0.246,0.022,-0.018,1.13,7.669,1.17,6300.0
TOI-2525 b,TOI-2525,2023,Transit,23.2856,0.17,0.011,-0.01,0.774,0.084,0.849,5096.0
Kepler-57 c,Kepler-57,2012,Transit,11.6,0.0725,0.007,-0.0062,0.19591434,0.02158397,0.859,5187.9
Kepler-1300 b,Kepler-1300,2016,Transit,22.2419092,0.0,,,0.12222321,0.00771,1.29,6130.0
K2-104 b,K2-104,2016,Transit,1.9741954,0.09,0.167783,-0.07267,0.15969338,0.0121,0.51,3712.0
KOI-134 b,KOI-134,2025,Transit,67.1277,0.16,0.02,-0.03,1.074,1.09,1.407,6160.0
HD 150706 b,HD 150706,2012,Radial Velocity,5894.0,0.38,0.28,-0.32,1.18,2.43,1.17,5961.0
HR 8799 e,HR 8799,2010,Imaging,20815.6,0.15,0.08,-0.08,1.17,10.0,1.51,7400.0
Kepler-770 b,Kepler-770,2016,Transit,18.92540274,0.0,,,0.20519226,0.0186,0.94,5598.0
HD 95089 b,HD 95089,2009,Radial Velocity,464.4,0.119,0.072,-0.072,1.22,1.26,1.54,4918.0
HIP 10090 c,HIP 10090,2026,Radial Velocity,321.82,0.188,0.043,-0.048,1.24,0.85,0.94,5661.0
Kepler-1600 c,Kepler-1600,2021,Transit,7.298049927,0.0,,,0.17325974,0.0139,0.818,5119.0
Kepler-855 b,Kepler-855,2016,Transit,7.886631104,0.0,,,0.7449371,0.166,1.03,5835.0
Kepler-24 e,Kepler-24,2014,Transit,18.998355,0.0,,,0.248,0.08247155,1.046,5897.0
Kepler-1435 b,Kepler-1435,2016,Transit,4.45343281,0.0,,,0.07672406,0.00178,1.21,6356.0
Kepler-1771 b,Kepler-1771,2021,Transit,88.64399719,0.0,,,0.36179673,0.0487,0.941,5661.0
Kepler-338 b,Kepler-338,2014,Transit,13.726976,0.04,0.27,-0.04,0.218,0.096,1.105,5923.0
HD 5583 b,HD 5583,2016,Radial Velocity,139.35,0.076,0.07,-0.023,1.14,5.78,1.01,4830.0
HD 188641 b,HD 188641,2022,Radial Velocity,14583.81038,0.034,0.059,-0.088,1.06,29.365,1.07,5897.32
K2-39 b,K2-39,2016,Transit,4.60543,0.0,,,0.56,0.09,0.66,4881.0
Kepler-1872 b,Kepler-1872,2021,Transit,3.825910091,0.0,,,0.21270546,0.0197,0.913,5223.0
K2-130 b,K2-130,2017,Transit,2.49412,0.17,0.220344,-0.135968,0.11151753,0.0066,0.69563,4356.47
HD 89839 b,HD 89839,2023,Radial Velocity,3391.2,0.185,0.014,-0.014,1.14,5.5,1.21,6314.0
Kepler-106 e,Kepler-106,2014,Transit,43.8445,0.0,,,0.228,0.035,1.0,5858.0
Kepler-430 c,Kepler-430,2015,Transit,110.979,0.0,,,0.16,0.0117,1.166,5884.0
Ross 508 b,Ross 508,2022,Radial Velocity,10.77,0.33,0.13,-0.15,0.163,0.01258541,0.1774,3071.0
Kepler-869 b,Kepler-869,2016,Transit,40.4287755,0.0,,,0.32206263,0.0399,0.97,5664.0
GJ 2126 b,GJ 2126,2025,Radial Velocity,272.7,0.85,0.01,-0.01,1.22,1.3,0.65,4159.0
HATS-72 b,HATS-72,2020,Transit,7.3279474,0.013,,,0.7224,0.1254,0.7311,4656.1
WASP-46 b,WASP-46,2011,Transit,1.43036763,0.0,,,1.174,1.91,0.828,5600.0
Kepler-932 b,Kepler-932,2016,Transit,1.921437396,0.0,,,0.12222321,0.00771,0.87,5331.0
HD 1605 b,HD 1605,2015,Radial Velocity,577.2,0.095,0.057,-0.057,1.23,0.934,1.33,4915.0
Kepler-1206 b,Kepler-1206,2016,Transit,1.216997663,0.0,,,0.146311,0.0105,0.8,4877.0
Kepler-520 b,Kepler-520,2016,Transit,19.67416124,0.0,,,0.14809528,0.0107,1.1,6112.0
Kepler-27 c,Kepler-27,2011,Transit,31.3309,0.0,,,0.437,13.8,0.65,5400.0
Kepler-1250 b,Kepler-1250,2016,Transit,2.607543834,0.0,,,0.17129093,0.0137,0.99,5717.0
TOI-2141 b,TOI-2141,2023,Transit,18.261608,0.21,,,0.28075702,0.06324167,0.896,5635.0
GJ 317 b,GJ 317,2007,Radial Velocity,695.69,0.0826,0.007,-0.0071,1.18,2.5,0.402,3496.0
Kepler-1851 b,Kepler-1851,2021,Transit,12.02289963,0.0,,,0.34794603,0.0455,0.967,5982.0
Kepler-350 b,Kepler-350,2014,Transit,11.189562,0.0,,,0.165,0.05317335,1.19,6186.0
Kepler-633 b,Kepler-633,2016,Transit,8.50340718,0.0,,,0.14541886,0.0104,1.02,5899.0
Kepler-61 b,Kepler-61,2013,Transit,59.87756,0.25,,,0.192,0.0166,0.635,4017.0
TOI-4562 b,TOI-4562,2023,Transit,225.1064,0.76,0.02,-0.02,1.118,2.3,1.192,6096.0
Kepler-1154 c,Kepler-1154,2016,Transit,8.45808312,0.0,,,0.2105451,0.0194,1.26,6327.0
Kepler-241 c,Kepler-241,2014,Transit,36.065978,0.0,,,0.229,0.0224,0.671,4699.0
Kepler-863 b,Kepler-863,2016,Transit,15.59461874,0.0,,,0.25872067,0.0275,0.96,5678.0
CoRoT-35 b,CoRoT-35,2022,Transit,3.22748,0.0,,,1.68,1.1,1.01,6390.0
Kepler-1127 b,Kepler-1127,2016,Transit,5.12330347,0.0,,,0.17485949,0.0142,0.97,5664.0
Kepler-51 d,Kepler-51,2014,Transit,130.194,0.008,0.011,-0.008,0.865,0.024,1.04,6018.0
Kepler-1234 b,Kepler-1234,2016,Transit,11.94014029,0.0,,,0.25069141,0.0261,0.8,4967.0
HAT-P-27 b,HAT-P-27,2011,Transit,3.039577,0.0,,,1.02,0.62,0.916,5316.0
Kepler-1934 b,Kepler-1934,2021,Transit,1.419759989,0.0,,,0.08145944,0.00221,0.968,5925.0
GJ 3090 b,GJ 3090,2022,Transit,2.85310198,0.25,,,0.19448691,0.01422151,0.519,3707.0
Kepler-1344 b,Kepler-1344,2016,Transit,4.7683049,0.0,,,0.1641538,0.0127,1.09,5981.0
Kepler-1124 b,Kepler-1124,2016,Transit,2.852348975,0.0,,,0.11419395,0.00687,0.35,3658.0
Kepler-117 c,Kepler-117,2014,Transit,50.790391,0.0323,0.0033,-0.0033,1.101,1.84,1.129,6150.0
K2-97 b,K2-97,2016,Transit,8.407115,0.207,0.039,-0.038,1.2,0.549,1.17,4673.0
TOI-199 c,TOI-199,2023,Transit Timing Variations,273.69,0.096,0.008,-0.009,1.01,0.28,0.936,5255.0
Kepler-1581 b,Kepler-1581,2016,Transit,6.28385491,0.0,,,0.07137122,0.00137,1.12,6022.0
BD+48 740 b,BD+48 740,2018,Radial Velocity,733.0,0.76,0.05,-0.09,1.2,1.7,1.09,4534.0
HD 4308 b,HD 4308,2005,Radial Velocity,15.56,0.0,,,0.368,0.05,0.93,5686.0
Kepler-1403 b,Kepler-1403,2016,Transit,5.19492202,0.0,,,0.19091801,0.0164,1.11,6060.0
Kepler-546 b,Kepler-546,2016,Transit,4.147020258,0.0,,,0.62449817,0.123,1.11,5967.0
Kepler-299 d,Kepler-299,2014,Transit,15.054786,0.0,,,0.166,0.013,1.004,5617.0
GJ 3929 b,GJ 3929,2022,Transit,2.616235,0.0,,,0.09724345,0.00550612,0.313,3384.0
TOI-283 b,TOI-283,2025,Transit,17.61745,0.0,,,0.20876118,0.02057714,0.8,5213.0
Kepler-236 b,Kepler-236,2014,Transit,8.295611,0.0,,,0.14,0.00972,0.596005,3750.0
HIP 8541 b,HIP 8541,2016,Radial Velocity,1852.14387,0.36,0.06,-0.047,1.13,7.714,2.009,4672.0
HD 92788 c,HD 92788,2019,Radial Velocity,11611.2975,0.46,0.12,-0.03,1.16,3.67,1.15,5744.0
HIP 41378 g,HIP 41378,2025,Radial Velocity,63.19,0.055,0.024,-0.054,0.223,0.02142666,1.22,6290.0
Kepler-310 b,Kepler-310,2014,Transit,13.930698,0.0,,,0.106,0.0057,0.854,5797.0
Kepler-1886 b,Kepler-1886,2021,Transit,24.2758007,0.0,,,0.23031392,0.0226,0.928,5745.0
HD 207832 c,HD 207832,2012,Radial Velocity,1155.7,0.27,0.22,-0.1,1.25,0.73,0.94,5710.0
HD 3167 c,HD 3167,2016,Transit,29.846511,0.04,0.044,-0.028,0.26612589,0.03589987,0.864,5338.0
HAT-P-49 b,HAT-P-49,2014,Transit,2.69155,0.0,,,1.59,2.2,2.22,6820.0
TOI-6019 b,TOI-6019,2026,Transit,14.547952,0.48,0.04,-0.04,1.09733439,0.46880643,1.13,5561.0
16 Cyg B b,16 Cyg B,1996,Radial Velocity,798.5,0.68,0.02,-0.02,1.2,1.78,1.08,5750.0
Kepler-522 b,Kepler-522,2016,Transit,38.58422849,0.0,,,0.61646891,0.12,1.54,6392.0
Kepler-1467 b,Kepler-1467,2016,Transit,47.0569043,0.0,,,0.29440628,0.0343,0.86,5332.0
Kepler-758 c,Kepler-758,2016,Transit,4.75793986,0.0,,,0.1507717,0.011,1.16,6228.0
Kepler-19 b,Kepler-19,2011,Transit,9.28699,0.41,,,0.19707412,0.01919275,0.936,5541.0
Kepler-1102 b,Kepler-1102,2016,Transit,51.3285623,0.0,,,0.23730931,0.0238,0.96,5724.0
HD 72659 c,HD 72659,2022,Radial Velocity,35500.0,0.114,0.002,-0.003,1.08,19.4,1.033,5929.0
HD 174205 b,HD 174205,2022,Radial Velocity,582.0,0.4,0.2,-0.2,1.16,4.2,1.8,4308.0
Kepler-617 b,Kepler-617,2016,Transit,1.682696148,0.0,,,0.11776251,0.00724,0.51,3712.0
Kepler-371 c,Kepler-371,2014,Transit,67.968015,0.0,,,0.159,0.012,0.876,5666.0
Kepler-265 e,Kepler-265,2014,Transit,67.831024,0.0,,,0.231,0.0227,0.97,5835.0
Kepler-1610 c,Kepler-1610,2023,Transit,44.9851885,0.0,,,0.18645763,0.0158,0.825,5295.0
Qatar-2 b,Qatar-2,2011,Transit,1.33711647,0.0,,,1.254,2.494,0.743,4645.0
HD 222076 b,HD 222076,2016,Radial Velocity,871.0,0.08,0.05,-0.05,1.21,1.56,1.07,4806.0
HD 98736 b,HD 98736,2018,Radial Velocity,968.8,0.226,0.064,-0.064,1.19,2.33,0.92,5271.0
HD 40979 b,HD 40979,2002,Radial Velocity,264.14999,0.25,0.01,-0.01,1.15,4.67,1.45,6165.0
TOI-286 b,TOI-286,2024,Transit,4.5117244,0.0,,,0.12668413,0.01425297,0.832,5152.0
Kepler-750 c,Kepler-750,2016,Transit,4.08899022,0.0,,,0.14452672,0.0102,1.15,6160.0
Kepler-282 b,Kepler-282,2014,Transit,9.220524,0.0,,,0.09,0.00317,0.86,5602.0
Kepler-278 c,Kepler-278,2014,Transit,51.111,0.616,0.015,-0.023,0.29155193,0.10980768,1.227,4965.0
GJ 180 d,GJ 180,2020,Radial Velocity,106.3,0.14,0.04,-0.04,0.237,0.0237863,0.43,3371.0
HD 1461 c,HD 1461,2015,Radial Velocity,13.5052,0.305,,,0.199,0.01758802,1.02,5765.0
Kepler-1248 b,Kepler-1248,2016,Transit,7.46725407,0.0,,,0.10527255,0.00553,1.21,6149.0
HD 74156 b,HD 74156,2003,Radial Velocity,51.63564,0.636,0.008,-0.005,1.2,1.675,1.1,6068.0
Kepler-267 c,Kepler-267,2014,Transit,6.87745,0.0,,,0.19,0.0163,0.541571,4258.0
V830 Tau b,V830 Tau,2016,Radial Velocity,4.927,0.0,,,1.25,0.7,1.0,4250.0
Kepler-377 c,Kepler-377,2014,Transit,27.014976,0.0,,,0.184,0.0154,1.043,5949.0
Proxima Cen d,Proxima Cen,2025,Radial Velocity,5.12338,0.0,,,0.0618,0.00081805,0.1221,2900.0
HD 15906 b,HD 15906,2023,Transit,10.924709,0.11,0.04,-0.03,0.19983976,0.0178,0.79,4757.0
HD 196050 b,HD 196050,2002,Radial Velocity,1392.0,0.2,0.01,-0.01,1.15,4.7,1.27,5879.0
TOI-1279 b,TOI-1279,2024,Transit,9.61419,0.0,,,0.23744044,0.03335133,0.8784,5457.0
Kepler-606 b,Kepler-606,2016,Transit,24.31575992,0.0,,,0.29529842,0.0345,1.13,6161.0
Kepler-1575 b,Kepler-1575,2016,Transit,2.55314213,0.0,,,0.11687037,0.00714,0.95,5667.0
Kepler-729 b,Kepler-729,2016,Transit,3.166353714,0.0,,,0.31938621,0.0394,0.94,5633.0
Kepler-1995 b,Kepler-1995,2023,Transit,73.7578875,0.0,,,0.38183668,0.0533,0.847,5029.0
Kepler-1434 b,Kepler-1434,2016,Transit,8.05333618,0.0,,,0.09902757,0.00444,1.47,6291.0
Kepler-82 c,Kepler-82,2012,Transit,51.54,0.007,0.0016,-0.0018,0.47640289,0.04373407,0.91,5401.0
Kepler-1538 b,Kepler-1538,2016,Transit,175.138819,0.0,,,0.25158355,0.0263,1.03,5837.0
Kepler-464 b,Kepler-464,2016,Transit,7.256965224,0.0,,,0.29440628,0.0343,1.21,5933.0
61 Vir b,61 Vir,2009,Radial Velocity,4.215,0.12,0.11,-0.11,0.188,0.016,0.942,5577.0
Kepler-1782 b,Kepler-1782,2021,Transit,5.756229877,0.0,,,0.19888288,0.0176,0.794,4931.0
Kepler-1580 b,Kepler-1580,2016,Transit,56.6449279,0.0,,,0.18824159,0.016,1.47,6228.0
Kepler-198 d,Kepler-198,2016,Transit,1.31184443,0.0,,,0.13649746,0.0093,0.97,5636.0
Kepler-1737 b,Kepler-1737,2021,Transit,64.61750031,0.0,,,0.48131049,0.079,0.834,5043.0
TOI-1807 b,TOI-1807,2021,Transit,0.54937097,0.0,,,0.13353719,0.0076771,0.8048,4914.0
Kepler-134 c,Kepler-134,2014,Transit,10.105785,0.0,,,0.112,0.00669,0.956,5983.0
Kepler-132 c,Kepler-132,2014,Transit,6.414914,0.0,,,0.114,0.00687,0.929,6003.0
GJ 3942 b,GJ 3942,2017,Radial Velocity,6.905,0.121,0.118,-0.118,0.229,0.02246484,0.63,3867.0
Kepler-26 b,Kepler-26,2011,Transit,12.28,0.021,0.021,-0.013,0.24801499,0.01610924,0.544,3914.0
Kepler-1589 b,Kepler-1589,2016,Transit,0.991665274,0.0,,,0.09724329,0.00416,1.18,6166.0
GJ 581 c,GJ 581,2007,Radial Velocity,12.9211,0.032,0.027,-0.021,0.223,0.02142666,0.295,3500.0
HD 196885 A b,HD 196885 A,2007,Radial Velocity,1333.0,0.48,0.06,-0.06,1.18,2.58,1.28,6254.0
Kepler-51 e,Kepler-51,2024,Transit Timing Variations,264.284,0.02,0.015,-0.015,0.195,0.0169903,0.96,5674.0
TOI-5592 b,TOI-5592,2025,Transit,2.6085846,0.062,,,1.53,0.899,1.194,6237.0
Kepler-188 c,Kepler-188,2014,Transit,5.996553,0.0,,,0.285,0.0324,1.021,6021.0
HIP 65407 c,HIP 65407,2016,Radial Velocity,67.3,0.12,0.04,-0.04,1.24,0.784,0.93,5460.0
KOI-1831 d,Kepler-324,2018,Transit,34.169,0.0,,,0.10081202,0.00701636,0.901,5233.0
Kepler-279 c,Kepler-279,2013,Transit,35.736,0.0,,,0.384,0.155,1.1,6689.45
TOI-1444 b,TOI-1444,2021,Transit,0.4702743,0.0,,,0.12649879,0.01126394,0.9513,5460.0
Kepler-329 c,Kepler-329,2014,Transit,18.684737,0.0,,,0.172,0.0138,0.602,4257.0
Kepler-487 d,Kepler-487,2021,Transit,2.418390036,0.0,,,0.24758145,0.0256,0.874,5422.0
HD 43691 b,HD 43691,2007,Radial Velocity,36.9987,0.0796,0.0067,-0.0067,1.18,2.55,1.32,6093.0
Kepler-797 b,Kepler-797,2016,Transit,27.07237711,0.0,,,0.19359443,0.0168,0.96,5680.0
Kepler-199 c,Kepler-199,2014,Transit,67.093408,0.0,,,0.29,0.0334,0.96,5644.0
HATS-8 b,HATS-8,2015,Transit,3.583893,0.376,,,0.873,0.138,1.056,5679.0
KOI-1783.01,KOI-1783,2020,Transit,134.4628,0.0,,,0.79043626,0.22338986,1.076,5922.0
KELT-16 b,KELT-16,2017,Transit,0.9689951,0.0,,,1.415,2.75,1.211,6236.0
Kepler-1681 b,Kepler-1681,2020,Transit,69.8956,0.0,,,0.22778283,0.0222,0.893,5756.4
Kepler-780 b,Kepler-780,2016,Transit,0.677375164,0.0,,,0.07940048,0.00201,1.01,5769.0
Kepler-1572 b,Kepler-1572,2016,Transit,5.49548621,0.0,,,0.08386118,0.00245,0.97,5618.0
Kepler-1389 b,Kepler-1389,2016,Transit,99.2530951,0.0,,,0.15790882,0.0119,0.81,5078.0
TOI-544 c,TOI-544,2023,Radial Velocity,50.089,0.32,0.08,-0.09,0.439,0.06764657,0.631,4169.0
Kepler-251 d,Kepler-251,2014,Transit,30.133001,0.0,,,0.247,0.0255,0.891,5526.0
Kepler-127 d,Kepler-127,2014,Transit,48.630408,0.03,0.28,-0.03,0.236,0.0235,1.248,6106.0
CoRoT-12 b,CoRoT-12,2010,Transit,2.828042,0.07,0.063,-0.042,1.44,0.917,1.078,5675.0
Kepler-1256 b,Kepler-1256,2016,Transit,12.4127754,0.0,,,0.1329289,0.00889,1.17,6129.0
GJ 143 b,GJ 143,2019,Transit,35.61253,0.188,0.076,-0.078,0.2328486,0.07142183,0.73,4640.0
K2-10 b,K2-10,2015,Transit,19.30553,0.31,0.16,-0.18,0.33660509,0.07928807,0.88,5533.0
Kepler-182 b,Kepler-182,2014,Transit,9.825792,0.0,,,0.23,0.0226,1.114,6250.0
Kepler-19 d,Kepler-19,2017,Radial Velocity,62.95,0.05,0.16,-0.01,0.451,0.07079256,0.936,5544.0
Kepler-564 b,Kepler-564,2016,Transit,3.750832285,0.0,,,0.41306093,0.0609,0.95,5626.0
Kepler-878 b,Kepler-878,2016,Transit,25.9422033,0.0,,,0.17218307,0.0138,0.81,5044.0
Kepler-228 b,Kepler-228,2014,Transit,2.566546,0.0,,,0.136,0.0093,1.006,6043.0
HD 6434 b,HD 6434,2003,Radial Velocity,21.998,0.17,0.03,-0.03,1.27,0.49,1.1,5769.0
CoRoT-7 b,CoRoT-7,2009,Transit,0.85359163,0.0,,,0.15,0.01282637,0.82,5275.0
TOI-2969 b,TOI-2969,2025,Transit,1.8237146,0.0,,,1.1,1.16,0.71,4738.0
Kepler-610 c,Kepler-610,2016,Transit,151.86392,0.0,,,0.29440628,0.0343,1.1,5943.0
Kepler-1473 b,Kepler-1473,2016,Transit,14.4273551,0.0,,,0.10616469,0.0057,1.09,6046.0
Kepler-447 b,Kepler-447,2015,Transit,7.79430132,0.123,0.037,-0.036,1.65,1.37,1.0,5493.0
Kepler-290 d,Kepler-290,2023,Transit,0.764017553,0.0,,,0.07672419,0.00178,0.84,5142.0
HD 34445 e,HD 34445,2017,Radial Velocity,49.175,0.09,0.062,-0.062,0.38,0.0529,1.07,5836.0
Kepler-384 c,Kepler-384,2014,Transit,45.348269,0.0,,,0.101,0.00474,0.882,5577.0
HD 120084 b,HD 120084,2013,Radial Velocity,2142.0,0.483,0.027,-0.029,1.13,6.4,2.16,4879.0
Kepler-468 b,Kepler-468,2016,Transit,38.478757067,0.0,,,1.19011509,,0.96,5498.0
Kepler-191 b,Kepler-191,2014,Transit,9.939632,0.0,,,0.12,0.00742,0.857,5282.0
GJ 680 b,GJ 680,2022,Radial Velocity,17281.66514,0.381,0.095,-0.145,1.07,25.1,0.456,3563.0
Kepler-917 b,Kepler-917,2016,Transit,2.970414375,0.0,,,0.17039879,0.0136,0.8,5418.0
TOI-1224 c,TOI-1224,2024,Transit,17.945466,0.0,,,0.25729369,0.0273,0.4,3326.0
TOI-1422 b,TOI-1422,2022,Transit,12.99894,0.2,,,0.3416903,0.02989034,0.9903,5840.0
Kepler-980 b,Kepler-980,2016,Transit,11.55102504,0.0,,,0.23820145,0.0239,1.05,5935.0
HATS-59 b,HATS-59,2018,Transit,5.416081,0.129,0.049,-0.049,1.126,0.806,1.038,5670.0
HD 73267 c,HD 73267,2022,Radial Velocity,17071.78045,0.089,0.023,-0.022,1.15,5.131,0.93,5387.0
Kepler-580 b,Kepler-580,2016,Transit,8.222419656,0.0,,,0.22928004,0.0224,0.67,4298.0
HD 152843 c,HD 152843,2021,Transit,19.502104,0.074,0.072,-0.05,0.52993222,0.03042522,1.15,6310.0
HD 217786 c,HD 217786,2022,Radial Velocity,2.52221,0.399,0.169,-0.218,0.233,0.023,1.14,5966.0
HR 8799 c,HR 8799,2008,Imaging,69000.0,0.5,,,1.2,10.0,1.5,7204.58
TOI-4342 b,TOI-4342,2023,Transit,5.5382592,0.0,,,0.20777982,0.02296837,0.587,3866.0
Kepler-193 c,Kepler-193,2014,Transit,50.697494,0.0,,,0.245,0.0252,1.051,6335.0
KOI-12 b,KOI-12,2015,Transit,17.855182,0.34,0.08,-0.07,1.23,1.1,1.5,6635.0
Kepler-1773 b,Kepler-1773,2021,Transit,40.80970001,0.0,,,0.31266848,0.038,1.241,6183.0
NGTS-16 b,NGTS-16,2021,Transit,4.84532,0.0,,,1.3,0.667,1.002,5550.0
Kepler-637 b,Kepler-637,2016,Transit,23.20584623,0.0,,,0.42376662,0.0636,1.64,6096.0
HD 113337 c,HD 113337,2020,Radial Velocity,5429.93477,0.164,0.057,-0.056,1.08,19.821,1.41,6774.0
K2-30 b,K2-30,2016,Transit,4.098503,0.0,,,1.039,0.579,0.9,5425.0
Kepler-1675 b,Kepler-1675,2020,Transit,63.0382,0.0,,,0.27877897,0.0313,1.06,5853.19
Kepler-1788 b,Kepler-1788,2021,Transit,2.800120115,0.0,,,0.21219633,0.0197,0.686,4786.0
Kepler-497 b,Kepler-497,2016,Transit,3.573203671,0.0,,,0.53885271,0.0957,1.09,5834.0
Kepler-179 c,Kepler-179,2014,Transit,6.40013,0.0,,,0.178,0.0147,0.893,5302.0
HD 87646 b,HD 87646,2016,Radial Velocity,13.481,0.05,0.02,-0.02,1.1,12.4,1.12,5770.0
Kepler-139 e,Kepler-139,2023,Radial Velocity,2047.635373,0.013121,0.046302,-0.046302,1.22,1.189321,1.078,5622.0
HD 29985 b,HD 29985,2022,Radial Velocity,20608.14049,0.261,0.144,-0.169,1.14,5.473,0.75,4678.0
Kepler-668 b,Kepler-668,2016,Transit,8.35390639,0.0,,,0.24087787,0.0244,0.87,5352.0
Kepler-56 d,Kepler-56,2016,Radial Velocity,1002.0,0.2,0.01,-0.01,1.14,5.61,1.29,4819.44
Kepler-205 b,Kepler-205,2014,Transit,2.75564,0.0,,,0.135,0.00909,0.592,4321.0
Kepler-1156 b,Kepler-1156,2016,Transit,11.89520511,0.0,,,0.11776251,0.00724,1.0,5778.0
HR 858 c,HR 858,2019,Transit,5.973865,0.0,,,0.17655486,0.01195614,1.204,6354.0
Kepler-989 b,Kepler-989,2016,Transit,7.964315352,0.0,,,0.19716299,0.0174,0.82,5074.0
HD 165155 b,HD 165155,2016,Radial Velocity,434.5,0.2,0.03,-0.03,1.18,2.89,1.02,5426.0
HD 13908 b,HD 13908,2013,Radial Velocity,19.382,0.02,0.018,-0.018,1.24,0.865,1.29,6255.0
Kepler-1446 b,Kepler-1446,2016,Transit,0.689967832,0.0,,,0.0731555,0.0015,0.81,4865.0
Kepler-1697 b,Kepler-1697,2020,Transit,33.4969,0.0,,,0.11236931,0.00668,0.747,4681.53
HD 11112 b,HD 11112,2022,Radial Velocity,17244.90764,0.285,0.114,-0.202,1.12,8.176,1.07,5905.64
Kepler-674 b,Kepler-674,2016,Transit,2.243381847,0.0,,,0.1507717,0.011,0.6,4192.0
Kepler-1269 b,Kepler-1269,2016,Transit,37.3331536,0.0,,,0.14541886,0.0104,1.1,5998.0
Kepler-1576 b,Kepler-1576,2016,Transit,6.98471973,0.0,,,0.09278259,0.00352,1.05,5876.0
Kepler-1796 b,Kepler-1796,2021,Transit,29.4557991,0.0,,,0.24538169,0.0252,1.018,6036.0
Kepler-972 b,Kepler-972,2016,Transit,7.03932553,0.0,,,0.41484521,0.0614,1.15,6146.0
Kepler-1508 b,Kepler-1508,2016,Transit,20.7056504,0.0,,,0.11865465,0.00733,1.14,6158.0
Kepler-293 c,Kepler-293,2014,Transit,54.155743,0.0,,,0.342,0.0442,0.934,5804.0
AF Lep b,AF Lep,2023,Imaging,8905.0,0.015,0.029,-0.011,1.16,3.61,1.218,6140.0
Kepler-873 b,Kepler-873,2016,Transit,20.5533844,0.0,,,0.33455259,0.0426,1.18,6163.0
TOI-125 d,TOI-125,2020,Transit,19.98,0.168,0.088,-0.062,0.26139709,0.04279017,0.859,5320.0
Kepler-669 b,Kepler-669,2016,Transit,4.125546869,0.0,,,0.43090374,0.0655,1.15,6038.0
Kepler-783 b,Kepler-783,2016,Transit,4.29264638,0.0,,,0.06958694,0.00126,0.93,5521.0
Kepler-142 d,Kepler-142,2014,Transit,41.809118,0.0,,,0.193,0.0167,0.978,5790.0
Kepler-1297 b,Kepler-1297,2016,Transit,1.68189002,0.0,,,0.0865376,0.00274,0.99,5818.0
HATS-6 b,HATS-6,2015,Transit,3.3252725,0.0,,,0.998,0.319,0.574,3724.0
HD 126525 b,HD 126525,2018,Radial Velocity,960.41,0.035,0.039,-0.024,0.919,0.237,0.897,5638.0
Kepler-319 d,Kepler-319,2014,Transit,31.781925,0.0,,,0.204,0.0184,0.933,5526.0
Kepler-1427 b,Kepler-1427,2016,Transit,0.968972376,0.0,,,0.09813543,0.0043,1.01,5793.0
Kepler-1959 b,Kepler-1959,2021,Transit,6.38669014,0.0,,,0.10198584,0.00494,0.768,5071.0
HD 109271 b,HD 109271,2013,Radial Velocity,7.8543,0.25,0.08,-0.08,0.385,0.054,1.047,5783.0
HD 158996 b,HD 158996,2018,Radial Velocity,820.2,0.13,0.05,-0.05,1.1,14.0,1.8,4069.0
Kepler-1264 b,Kepler-1264,2016,Transit,0.968526023,0.0,,,0.10527255,0.00553,0.99,5791.0
HD 100777 b,HD 100777,2007,Radial Velocity,383.0,0.38,0.02,-0.02,1.22,1.23,1.08,5533.0
Kepler-553 b,Kepler-553,2016,Transit,4.030467,0.0,,,0.423,0.365,0.889,5191.0
HD 31527 c,HD 31527,2019,Radial Velocity,51.2053,0.04,0.05,-0.03,0.343,0.0445,0.96,5898.0
Kepler-1955 b,Kepler-1955,2021,Transit,14.26519966,0.0,,,0.10407269,0.00531,1.049,5825.0
Kepler-537 b,Kepler-537,2016,Transit,3.247555219,0.0,,,0.12579177,0.00809,1.07,5763.0
HD 217786 b,HD 217786,2011,Radial Velocity,1301.36009,0.311,0.002,-0.003,1.1,13.852,1.14,5966.0
Kepler-1968 b,Kepler-1968,2021,Transit,7.281099796,0.0,,,0.13382487,0.00899,0.844,5008.0
Kepler-322 c,Kepler-322,2014,Transit,4.337234,0.0,,,0.149,0.0108,0.908,5388.0
OGLE-TR-132 b,OGLE-TR-132,2004,Transit,1.689868,0.6,,,1.2,1.18,1.305,6210.0
Kepler-1684 b,Kepler-1684,2020,Transit,47.7055,0.0,,,0.2561199,0.0271,0.75,4706.54
HATS-66 b,HATS-66,2018,Transit,3.1414391,0.064,,,1.411,5.33,1.411,6626.0
Kepler-171 b,Kepler-171,2014,Transit,4.166972,0.0,,,0.209,0.0191,0.978,5642.0
Kepler-1021 b,Kepler-1021,2016,Transit,13.47469571,0.0,,,0.20786868,0.019,0.89,5431.0
Kepler-1399 b,Kepler-1399,2016,Transit,1.638653058,0.0,,,0.11151753,0.0066,0.97,5735.0
TOI-7041 b,TOI-7041,2025,Transit,9.691,0.04,0.04,-0.04,1.02,0.36,1.07,4700.0
Kepler-414 c,Kepler-414,2014,Transit Timing Variations,7.171,0.0,,,0.269,0.094,0.89,5536.0
HD 210193 b,HD 210193,2019,Radial Velocity,649.918,0.24,0.09,-0.09,1.27,0.48170406,1.04,5790.0
Kepler-1952 b,Kepler-1952,2021,Transit,27.21080017,0.0,,,0.11055719,0.0065,0.922,5973.0
HD 34445 f,HD 34445,2017,Radial Velocity,676.8,0.031,0.057,-0.031,0.613,0.119,1.07,5836.0
V0391 Peg b,V0391 Peg,2007,Pulsation Timing Variations,1170.0,0.0,,,1.17,3.2,0.5,29300.0
Kepler-1633 b,Kepler-1633,2016,Transit,186.404271,0.0,,,0.14095816,0.00982,1.2,6256.0
HAT-P-13 c,HAT-P-13,2009,Radial Velocity,446.27,0.6616,0.0054,-0.0054,1.1,14.28,1.32,5653.0
Kepler-242 c,Kepler-242,2014,Transit,14.496481,0.0,,,0.178,0.0147,0.748,5020.0
Qatar-5 b,Qatar-5,2017,Transit,2.8792319,0.0,,,1.107,4.32,1.128,5747.0
K2-132 b,K2-132,2017,Transit,9.1751,0.29,0.049,-0.049,1.3,0.49,1.08,4840.0
Kepler-399 c,Kepler-399,2014,Transit,26.67569,0.0,,,0.128,0.00829,0.902,5502.0
WASP-76 b,WASP-76,2016,Transit,1.80988198,0.0,,,1.854,0.894,1.458,6329.0
KELT-15 b,KELT-15,2016,Transit,3.32944,0.0,,,1.74,1.31,2.06,6003.0
Kepler-1130 b,Kepler-1130,2016,Transit,5.45298175,0.0,,,0.07137122,0.00137,0.9,5403.0
K2-290 c,K2-290,2019,Transit,48.36685,0.0,,,1.006,0.774,1.194,6302.0
Kepler-1367 b,Kepler-1367,2016,Transit,1.574090272,0.0,,,0.0820769,0.00227,0.62,4106.0
DMPP-2 c,DMPP-2,2026,Radial Velocity,3.168,0.28,,,0.737,0.16294956,1.41,6500.0
Kepler-1716 b,Kepler-1716,2021,Transit,35.58100128,0.0,,,0.21632373,0.0203,0.753,4894.0
Kepler-1038 c,Kepler-1038,2021,Transit,7.127659798,0.0,,,0.12634813,0.00816,0.868,5159.0
HD 109271 c,HD 109271,2013,Radial Velocity,30.93,0.15,0.09,-0.09,0.47,0.076,1.047,5783.0
HATS-41 b,HATS-41,2018,Transit,4.193649,0.38,0.11,-0.11,1.33,9.7,1.496,6424.0
HD 45350 b,HD 45350,2004,Radial Velocity,963.6,0.778,0.009,-0.009,1.2,1.79,0.98,5566.0
GJ 3323 b,GJ 3323,2017,Radial Velocity,5.3636,0.23,0.11,-0.11,0.109,0.0063556,0.164,3159.0
Kepler-682 b,Kepler-682,2016,Transit,12.611906672,0.0,,,0.65750736,0.134,0.92,5559.0
HATS-77 b,HATS-77,2021,Transit,3.0876262,0.045,,,1.165,1.374,0.655,4071.0
WASP-142 b,WASP-142,2016,Transit,2.052868,0.0,,,1.53,0.84,1.33,6010.0
Kepler-597 b,Kepler-597,2016,Transit,13.02365861,0.0,,,0.21143724,0.0195,0.97,5683.0
HD 29021 b,HD 29021,2017,Radial Velocity,1365.0,0.453,0.014,-0.013,1.15,4.47,0.86,5560.0
GJ 682 b,GJ 682,2014,Radial Velocity,17.478,0.08,0.19,-0.08,0.173,0.01384388,0.27,3028.0
HD 168443 c,HD 168443,2000,Radial Velocity,1753.1096,0.21,0.002,-0.003,1.09,17.306,0.98,5491.0
WASP-53 b,WASP-53,2017,Transit,3.3098443,0.03,,,1.074,2.132,0.839,4953.0
Kepler-1857 b,Kepler-1857,2021,Transit,8.94340992,0.0,,,0.17491815,0.0142,0.873,6074.0
Kepler-342 c,Kepler-342,2014,Transit,26.234138,0.0,,,0.175,0.0142,1.213,6175.0
Kepler-1251 b,Kepler-1251,2016,Transit,45.0904643,0.0,,,0.1641538,0.0127,0.92,5545.0
KOI-94 b,KOI-94,2013,Transit,3.743208,0.25,0.17,-0.17,0.153,0.033,1.277,6182.0
TOI-5624 f,TOI-5624,2026,Transit Timing Variations,45.37,0.0,,,0.327,0.04090257,0.858,5327.0
Kepler-242 b,Kepler-242,2014,Transit,8.20395,0.0,,,0.233,0.023,0.748,5020.0
TOI-220 b,TOI-220,2021,Transit,10.695264,0.032,0.038,-0.023,0.27031896,0.04341966,0.825,5298.0
Kepler-374 d,Kepler-374,2014,Transit,5.028219,0.0,,,0.117,0.00714,1.033,5977.0
Kepler-1870 b,Kepler-1870,2021,Transit,3.606940031,0.0,,,0.18747803,0.0159,0.955,5508.0
Kepler-258 b,Kepler-258,2014,Transit,13.19722,0.0,,,0.362,0.0488,0.82,4942.0
WASP-8 b,WASP-8,2010,Transit,8.15872,0.31,0.0,0.0,1.13,2.54,1.34,5600.0
Kepler-1339 b,Kepler-1339,2016,Transit,1.341555127,0.0,,,0.06334196,0.000896,0.94,5586.0
HD 106252 b,HD 106252,2002,Radial Velocity,1535.0,0.48,0.01,-0.01,1.11,10.0,1.05,5874.0
HD 102956 b,HD 102956,2010,Radial Velocity,6.4947,0.037,0.019,-0.019,1.23,0.96,1.66,4985.0
K2-128 b,K2-128,2017,Transit,5.675819,0.23,0.220222,-0.19371,0.12668391,0.00819,0.711248,4469.51
Kepler-244 b,Kepler-244,2014,Transit,4.311792,0.0,,,0.246,0.0253,0.933,5554.0
TOI-4087 b,TOI-4087,2023,Transit,3.1774835,0.0,,,1.164,0.73,1.178,6060.0
HAT-P-66 b,HAT-P-66,2016,Transit,2.972086,0.09,,,1.59,0.783,1.255,6002.0
DMPP-9 b,DMPP-9,2026,Radial Velocity,12.733,0.25,,,0.347,0.04540186,1.1,6092.0
HD 20329 b,HD 20329,2022,Transit,0.926118,0.0,,,0.15344839,0.02334593,0.9,5596.0
Kepler-1292 b,Kepler-1292,2016,Transit,3.27646405,0.0,,,0.16236952,0.0125,0.95,5556.0
Kepler-1906 b,Kepler-1906,2021,Transit,7.362689972,0.0,,,0.24767261,0.0256,0.987,5868.0
GJ 876 e,GJ 876,2010,Radial Velocity,124.26,0.055,0.012,-0.012,0.35,0.046,0.32,3293.74
TOI-1052 c,TOI-1052,2023,Radial Velocity,35.806,0.237,0.09,-0.082,0.578,0.10791987,1.204,6146.0
HAT-P-29 b,HAT-P-29,2011,Transit,5.72319,0.09,0.05,-0.05,1.17,0.88,1.45,6087.0
YZ Cet c,YZ Cet,2017,Radial Velocity,3.05989,0.0,,,0.0933,0.00358684,0.142,3151.0
Kepler-434 b,Kepler-434,2015,Transit,12.8747099,0.131,0.072,-0.072,1.13,2.86,1.198,5977.0
HD 11755 b,HD 11755,2015,Radial Velocity,433.70001,0.19,0.1,-0.1,1.14,5.63,0.72,4312.0
Kepler-1471 b,Kepler-1471,2016,Transit,3.63899398,0.0,,,0.12579177,0.00809,0.95,5660.0
HD 128717 b,HD 128717,2025,Astrometry,3420.0,0.85,0.002,-0.002,1.08,19.8,1.212,6210.0
HAT-P-46 b,HAT-P-46,2014,Transit,4.463129,0.123,0.12,-0.12,1.284,0.493,1.284,6120.0
TOI-1244 b,TOI-1244,2024,Transit,6.400316483,0.0,,,0.22009138,0.02076592,0.73,4599.0
HD 39855 b,HD 39855,2019,Radial Velocity,3.2498,0.14,0.11,-0.11,0.254,0.02674386,0.87,5576.0
BD-11 4672 c,BD-11 4672,2020,Radial Velocity,74.2,0.4,0.13,-0.15,0.36,0.04835919,0.651,4550.0
Kepler-1442 b,Kepler-1442,2016,Transit,81.4162941,0.0,,,0.35061112,0.0461,1.34,6394.0
Kepler-292 d,Kepler-292,2014,Transit,7.055679,0.0,,,0.199,0.0176,0.865,5299.0
V1298 Tau e,V1298 Tau,2019,Transit,48.677714,0.0124,,,0.90730819,0.04813918,1.1,4970.0
HD 47186 c,HD 47186,2008,Radial Velocity,1353.6,0.249,0.073,-0.073,1.16,0.35061,0.96,5657.0
Kepler-692 b,Kepler-692,2016,Transit,21.81293494,0.0,,,0.27745562,0.031,0.9,5440.0
Kepler-1193 b,Kepler-1193,2016,Transit,2.832652134,0.0,,,0.11776251,0.00724,1.08,5908.0
HD 75784 c,HD 75784,2018,Radial Velocity,7900.0,0.489,0.092,-0.092,1.14,5.64,1.26,4867.0
Kepler-838 b,Kepler-838,2016,Transit,15.74957994,0.0,,,0.24355429,0.0249,0.98,5770.0
81 Cet b,81 Cet,2008,Radial Velocity,1005.57,0.037,0.015,-0.025,1.17,3.307,1.23,4734.0
Kepler-1058 b,Kepler-1058,2016,Transit,110.96546,0.0,,,0.24266215,0.0247,0.73,4644.0
TOI-4214 b,TOI-4214,2025,Transit,3.4913885,0.17,,,0.953,0.52,1.382,6370.0
Kepler-391 b,Kepler-391,2014,Transit,7.4175,0.46,,,0.22303545,3.46098705,1.27,5038.0
Kepler-698 b,Kepler-698,2016,Transit,16.32976218,0.0,,,0.32830761,0.0413,0.94,5612.0
TOI-3877 b,TOI-3877,2025,Transit,4.123596,0.22,,,1.042,0.314,1.16,5731.0
Kepler-409 b,Kepler-409,2014,Transit,68.9583216,0.69,,,0.1069678,0.01887811,0.913,5421.0
Kepler-273 b,Kepler-273,2014,Transit,2.936532,0.0,,,0.134,0.00899,0.756,5626.0
HIP 41378 b,HIP 41378,2016,Transit,15.57209,0.05,0.03,-0.05,0.23552543,0.02170983,1.22,6290.0
Kepler-636 b,Kepler-636,2016,Transit,16.080661147,0.0,,,0.39700241,0.057,0.85,5203.0
Kepler-1914 b,Kepler-1914,2021,Transit,30.82789993,0.0,,,0.26255557,0.0282,1.047,5982.0
HD 200964 b,HD 200964,2010,Radial Velocity,606.3,0.087,0.035,-0.035,1.21,1.599,1.39,4982.0
pi Men c,HD 39091,2018,Transit,6.2678399,0.0,,,0.1801145,0.01142126,1.07,5998.0
Kepler-150 c,Kepler-150,2014,Transit,7.381998,0.0,,,0.329,0.0415,0.956,5560.0
HATS-43 b,HATS-43,2018,Transit,4.3888497,0.173,0.089,-0.089,1.18,0.261,0.837,5099.0
TOI-1437 b,TOI-1437,2024,Transit,18.840942,0.17,0.11,-0.09,0.19983976,0.03020498,1.1,6008.0
Kepler-685 b,Kepler-685,2016,Transit,1.6255222,0.0,,,0.94388438,0.248,1.11,5963.0
K2-89 b,K2-89,2016,Transit,1.096026,0.15,0.197141,-0.119964,0.05486663,0.000535,0.347,3691.0
WASP-49 b,WASP-49,2012,Transit,2.78174,0.0,,,1.11,0.37,0.92,5600.0
Kepler-1699 b,Kepler-1699,2020,Transit,3.49082,0.0,,,0.13977262,0.00968,0.81,5575.53
HAT-P-13 b,HAT-P-13,2009,Transit,2.91625,0.0133,0.0041,-0.0041,1.272,0.851,1.32,5653.0
Kepler-1152 b,Kepler-1152,2016,Transit,1.646801908,0.0,,,0.0776162,0.00186,0.55,3964.0
HD 30669 b,HD 30669,2014,Radial Velocity,1684.0,0.18,0.15,-0.15,1.27,0.47,0.92,5400.0
HD 155918 c,HD 155918,2022,Radial Velocity,17202.19446,0.071,0.051,-0.053,1.14,5.909,1.03,5771.84
Kepler-1391 b,Kepler-1391,2016,Transit,54.4092333,0.0,,,0.14987956,0.0109,1.03,5840.0
TOI-2406 b,TOI-2406,2021,Transit,3.0766891,0.17,0.11,-0.05,0.25515255,0.04908309,0.166,3100.0
Kepler-25 c,Kepler-25,2011,Transit,12.7207,0.0061,0.0049,-0.0041,0.46542957,0.0479,1.165,6354.0
Kepler-1813 b,Kepler-1813,2021,Transit,2.818160057,0.0,,,0.12605963,0.00812,0.812,5167.0
Kepler-156 b,Kepler-156,2014,Transit,4.973456,0.0,,,0.205,0.0186,0.864,5094.0
Kepler-477 b,Kepler-477,2016,Transit,11.11990653,0.0,,,0.18467303,0.0155,0.87,5240.0
WASP-66 b,WASP-66,2012,Transit,4.08605,0.0,,,1.4,2.35,1.33,6600.0
Kepler-275 b,Kepler-275,2014,Transit,10.300682,0.0,,,0.209,0.0191,1.189,6165.0
HATS-64 b,HATS-64,2018,Transit,4.908897,0.151,,,1.679,0.96,1.564,6554.0
TOI-2876 b,TOI-2876,2025,Transit,6.2996431,0.13,,,0.86,0.17,0.939,5271.0
Kepler-80 f,Kepler-80,2016,Transit,0.9867873,0.186,0.083,-0.049,0.10794897,14.03187979,0.73,4540.0
Kepler-397 b,Kepler-397,2014,Transit,22.250949,0.0,,,0.219,0.0208,0.844,5307.0
Kepler-967 b,Kepler-967,2016,Transit,13.22713379,0.0,,,0.20965296,0.0193,0.84,5178.0
HIP 94235 b,HIP 94235,2022,Transit,7.713057,0.32,0.2,-0.2,0.26764253,1.19246736,1.094,5991.0
HD 95735 c,GJ 411,2021,Radial Velocity,2946.0,0.132,0.16,-0.091,0.335,0.04279039,0.3899,3719.0
HD 126614 b,HD 126614,2009,Radial Velocity,1257.25303,0.548,0.063,-0.062,1.14,0.339,0.96,5568.0
G 261-6 b,G 261-6,2025,Radial Velocity,5.4536,0.0,,,0.0982,0.0043105,0.118,2907.0
KOI-351 c,KOI-351,2013,Transit,8.719375,0.0,,,0.106,0.0057,1.2,6080.0
Kepler-610 b,Kepler-610,2016,Transit,6.996926554,0.0,,,0.37380676,0.0514,1.1,5943.0
Kepler-33 e,Kepler-33,2011,Transit,31.7844,0.0,,,0.359,0.01752509,1.291,5904.0
Kepler-1932 b,Kepler-1932,2021,Transit,0.524177015,0.0,,,0.13514362,0.00914,0.911,5278.0
HD 90156 b,HD 90156,2011,Radial Velocity,49.77,0.31,0.1,-0.1,0.395,0.057,0.84,5599.0
Kepler-1382 b,Kepler-1382,2016,Transit,16.3583055,0.0,,,0.16772237,0.0132,1.36,6161.0
Kepler-123 b,Kepler-123,2014,Transit,17.232366,0.0,,,0.262,0.174,1.079,6089.0
Kepler-1890 b,Kepler-1890,2021,Transit,4.820590019,0.0,,,0.07749801,0.00185,1.024,6046.0
Kepler-1030 b,Kepler-1030,2016,Transit,19.32952416,0.0,,,0.22125078,0.0211,0.8,4983.0
Kepler-112 b,Kepler-112,2014,Transit,8.408878,0.0,,,0.211,0.0194,0.782,5544.0
Kepler-1077 b,Kepler-1077,2016,Transit,34.3511874,0.0,,,0.24712285,0.0255,1.02,5816.0
Kepler-1451 b,Kepler-1451,2016,Transit,35.622233,0.0,,,0.29886698,0.0352,1.0,5782.0
Kepler-190 c,Kepler-190,2014,Transit,3.763024,0.0,,,0.13,0.00859,0.834,5106.0
HD 153950 b,HD 153950,2008,Radial Velocity,499.39999,0.34,0.02,-0.02,1.17,2.95,1.25,6124.0
Kepler-1431 b,Kepler-1431,2016,Transit,5.86601526,0.0,,,0.13114462,0.00869,1.03,5806.0
Kepler-1132 b,Kepler-1132,2016,Transit,62.8916228,0.0,,,0.20965296,0.0193,0.87,5298.0
HD 260655 b,HD 260655,2022,Transit,2.76953,0.039,0.043,-0.023,0.11062558,0.00673319,0.439,3803.0
Kepler-216 c,Kepler-216,2014,Transit,17.406669,0.0,,,0.271,0.0298,1.126,6091.0
CoRoT-13 b,CoRoT-13,2010,Transit,4.03519,0.0,,,0.885,1.308,1.09,5945.0
Kepler-413 b,Kepler-413,2014,Transit,66.262,0.1181,0.0018,-0.0017,0.388,0.211,0.82,4700.0
GJ 86 b,GJ 86,1999,Radial Velocity,15.76491,0.04,0.01,-0.01,1.15,4.42,0.93,5182.0
GJ 849 b,GJ 849,2006,Radial Velocity,1925.31,0.029,0.019,-0.019,1.24,0.893,0.45,3467.0
Kepler-1804 b,Kepler-1804,2021,Transit,12.28849983,0.0,,,0.14239986,0.00999,0.929,5109.0
Kepler-267 d,Kepler-267,2014,Transit,28.464515,0.0,,,0.203,0.0182,0.541571,4258.0
HD 190360 d,HD 190360,2026,Radial Velocity,88.69,0.058,0.062,-0.04,0.31,0.03744159,0.996,5560.0
Kepler-1704 b,Kepler-1704,2021,Transit,988.88112,0.92,0.01,-0.016,1.066,4.16,1.132,5746.0
K2-95 b,K2-95,2016,Transit,10.1346454,0.16,0.19,-0.11,0.29529893,0.0345,0.41,3566.0
Kepler-204 b,Kepler-204,2014,Transit,14.400974,0.0,,,0.226,0.0218,1.038,5812.0
HD 23127 b,HD 23127,2006,Radial Velocity,1211.17,0.406,0.083,-0.09,1.21,1.527,1.208,5843.0
Kepler-1188 b,Kepler-1188,2016,Transit,17.1369543,0.0,,,0.18556517,0.0157,1.04,5913.0
TOI-4562 c,TOI-4562,2024,Transit Timing Variations,3990.0,0.122,0.027,-0.026,1.14,5.77,1.192,6096.0
HD 21411 b,HD 21411,2019,Radial Velocity,84.288,0.4,0.15,-0.15,0.85,0.20734355,0.89,5605.0
Kepler-239 c,Kepler-239,2014,Transit,56.228098,0.0,,,0.224,0.0215,0.757,4914.0
TOI-201 c,TOI-201,2025,Transit Timing Variations,2890.0,0.651,0.006,-0.006,0.92782745,15.70029579,1.32,6423.0
Kepler-821 b,Kepler-821,2016,Transit,1.92279873,0.0,,,0.11687037,0.00714,0.84,5191.0
XO-5 b,XO-5,2008,Transit,4.1877558,0.0,,,1.14,1.19,1.04,5430.0
GJ 9827 b,GJ 9827,2017,Transit,1.208974,0.0,,,0.12846842,0.01346639,0.62,4236.0
GJ 367 b,GJ 367,2021,Transit,0.3219226,0.0,,,0.06566164,0.00158261,0.451,3535.0
Kepler-122 d,Kepler-122,2014,Transit,21.587475,0.0,,,0.196,0.0172,0.982,6050.0
NGTS-4 b,NGTS-4,2019,Transit,1.3373508,0.0,,,0.2837006,0.06481452,0.75,5143.0
Kepler-1825 b,Kepler-1825,2021,Transit,1.025869966,0.0,,,0.12686321,0.00821,0.828,5123.0
Kepler-579 b,Kepler-579,2016,Transit,9.66857723,0.0,,,0.17842805,0.0147,0.99,5636.0
Kepler-55 e,Kepler-55,2014,Transit,4.617534,0.0,,,0.138,0.00951,0.631,4503.0
Kepler-1717 b,Kepler-1717,2021,Transit,30.65279961,0.0,,,0.26668773,0.029,1.158,6200.0
HD 216770 b,HD 216770,2003,Radial Velocity,118.45,0.37,0.06,-0.06,1.26,0.57,0.74,5399.0
Kepler-1074 b,Kepler-1074,2016,Transit,5.94566534,0.0,,,0.11151753,0.0066,0.6,4002.0
TOI-6016 b,TOI-6016,2024,Transit,4.023687,0.0,,,1.22,1.17,1.31,6110.0
Kepler-1278 b,Kepler-1278,2016,Transit,3.23941344,0.0,,,0.09010616,0.00317,1.11,6074.0
HD 106270 b,HD 106270,2011,Radial Velocity,1888.0,0.185,0.027,-0.027,1.11,11.4,1.39,5509.0
Kepler-1558 b,Kepler-1558,2016,Transit,3.50470358,0.0,,,0.06066554,0.000768,0.83,5101.0
Kepler-204 c,Kepler-204,2014,Transit,25.660593,0.0,,,0.16,0.0121,1.038,5812.0
HAT-P-39 b,HAT-P-39,2012,Transit,3.54387,0.0,,,1.571,0.599,1.404,6430.0
Kepler-347 c,Kepler-347,2014,Transit,27.320871,0.0,,,0.156,0.0117,0.922,6088.0
Kepler-203 d,Kepler-203,2014,Transit,11.32972,0.0,,,0.128,0.107,1.06,5821.0
Kepler-786 b,Kepler-786,2016,Transit,53.5293487,0.0,,,0.21679008,0.0204,0.81,4838.0
WASP-43 b,WASP-43,2011,Transit,0.813475,0.0,,,0.93,1.78,0.58,4400.0
TOI-181 b,TOI-181,2023,Transit,4.532,0.1543,0.06,-0.03,0.6339,0.1452,0.822,4994.0
Kepler-1905 b,Kepler-1905,2021,Transit,3.42392993,0.0,,,0.12901025,0.00845,1.038,5788.0
Kepler-1513 b,Kepler-1513,2016,Transit,160.8842,0.306,0.093,-0.097,0.76670665,0.152,0.943,5491.0
Kepler-230 c,Kepler-230,2014,Transit,91.773242,0.0,,,0.182,0.0152,0.784,5588.0
HATS-16 b,HATS-16,2016,Transit,2.686502,0.0,,,1.3,3.27,0.97,5738.0
Kepler-1091 b,Kepler-1091,2016,Transit,1.434741564,0.0,,,0.13025248,0.00859,1.01,5851.0
TOI-251 b,TOI-251,2021,Transit,4.93777,0.0,,,0.24444643,1.0,1.036,5875.0
Kepler-1713 b,Kepler-1713,2021,Transit,18.01160049,0.0,,,0.15315713,0.0113,1.3,6477.0
K2-3 c,K2-3,2015,Transit,24.646729,0.048,0.073,-0.035,0.14113683,0.00843222,0.549,3844.0
Kepler-295 b,Kepler-295,2014,Transit,12.645164,0.0,,,0.109,0.00624,0.89,5603.0
HATS-3 b,HATS-3,2013,Transit,3.547851,0.0,,,1.381,1.071,1.209,6351.0
Kepler-1121 b,Kepler-1121,2016,Transit,13.15141081,0.0,,,0.17039879,0.0136,1.29,6231.0
Kepler-466 c,Kepler-466,2016,Transit,3.709213846,0.0,,,0.11151753,0.0066,1.04,5927.0
Kepler-197 c,Kepler-197,2014,Transit,10.349695,0.08,0.21,-0.08,0.11,0.017,0.857,6004.0
CoRoT-36 b,CoRoT-36,2022,Transit,5.616531,0.0,,,1.41,0.68,1.32,6730.0
Kepler-402 d,Kepler-402,2014,Transit,8.921099,0.0,,,0.123,0.0078,1.072,6090.0
TOI-1478 b,TOI-1478,2021,Transit,10.1802117,0.055,0.032,-0.032,1.07,0.88,0.947,5597.0
GJ 832 b,GJ 832,2008,Radial Velocity,3853.0,0.05,0.03,-0.03,1.23,0.99,0.45,3472.0
Barnard b,Barnard's star,2024,Radial Velocity,3.1542,0.03,0.03,-0.02,0.0642,0.00094076,0.162,3195.0
TOI-969 c,TOI-969,2022,Radial Velocity,1700.0,0.628,0.043,-0.036,1.11,11.3,0.734,4435.0
GJ 3082 b,GJ 3082,2020,Radial Velocity,11.949,0.22,0.11,-0.11,0.249,0.02579996,0.47,3910.0
TOI-1294 b,TOI-1294,2024,Transit,3.915292,0.0,,,0.90317747,0.20105188,1.1578,5718.0
HD 222155 b,HD 222155,2011,Radial Velocity,3999.0,0.16,0.22,-0.22,1.2,1.83,1.21,5701.0
KOI-351 b,KOI-351,2013,Transit,7.008151,0.0,,,0.117,0.00714,1.2,6080.0
WASP-151 b,WASP-151,2017,Transit,4.5334775,0.0,,,1.187,0.316,1.081,5871.0
HD 117618 b,HD 117618,2004,Radial Velocity,25.8,0.15,0.07,-0.07,0.766,0.174,1.077,5990.0
Kepler-1629 b,Kepler-1629,2016,Transit,3.87595807,0.0,,,0.0686948,0.0012,1.01,5776.0
Kepler-414 b,Kepler-414,2014,Transit Timing Variations,4.7,0.0,,,0.153,0.011,0.89,5536.0
HIP 57274 d,HIP 57274,2011,Radial Velocity,431.7,0.27,0.05,-0.05,1.27,0.5267,0.73,4640.0
HD 102888 b,HD 102888,2025,Radial Velocity,252.06,0.11,0.03,-0.03,1.14,5.69,2.42,4990.0
K2-38 b,K2-38,2016,Transit,4.01593,0.197,0.067,-0.06,0.13738983,0.02296837,1.03,5731.0
HD 212301 b,HD 212301,2005,Radial Velocity,2.24571,0.0,,,1.27,0.51,1.55,6239.0
WASP-96 b,WASP-96,2014,Transit,3.4252602,0.0,,,1.2,0.48,1.06,5540.0
Kepler-1680 b,Kepler-1680,2020,Transit,8.77424,0.0,,,0.12129069,0.00761,0.834,5021.0
HD 43197 b,HD 43197,2010,Radial Velocity,308.92072,0.742,0.017,-0.018,1.26,0.553,0.96,5508.0
Kepler-379 c,Kepler-379,2014,Transit,62.784697,0.0,,,0.204,0.0184,1.125,6054.0
Kepler-1321 b,Kepler-1321,2016,Transit,11.12830484,0.0,,,0.438933,0.0676,0.54,4094.0
Kepler-29 b,Kepler-29,2011,Transit,10.33974,0.0,,,0.22749576,0.01573168,0.761,5378.0
TOI-178 e,TOI-178,2021,Transit,9.96318,0.00038,0.00067,-0.00025,0.20528182,0.0109493,0.647,4316.0
Kepler-1486 b,Kepler-1486,2016,Transit,54.6495759,0.0,,,0.20697654,0.0189,1.08,5965.0
Kepler-1718 b,Kepler-1718,2021,Transit,135.1880035,0.0,,,0.22914846,0.0224,0.846,5731.0
Kepler-1599 b,Kepler-1599,2016,Transit,122.363553,0.0,,,0.14452672,0.0102,0.99,5767.0
HD 25912 b,HD 25912,2022,Radial Velocity,41.83156,0.05,0.039,-0.034,0.616,0.12,1.08,5920.58
TOI-4914 b,TOI-4914,2024,Transit,10.60057,0.408,0.023,-0.023,1.14818647,0.71422187,1.03,5805.0
TOI-4495 b,TOI-4495,2026,Transit,2.56699,0.078,0.02,-0.013,0.2215188,0.02422691,1.247,6210.0
Kepler-911 b,Kepler-911,2016,Transit,20.310501,0.0,,,0.23195646,0.0229,1.34,6112.0
HD 114783 b,HD 114783,2001,Radial Velocity,493.7,0.144,0.032,-0.032,1.23,1.1,0.853,5135.0
Kepler-1679 b,Kepler-1679,2020,Transit,9.75376,0.0,,,0.18460198,0.0155,0.96,5501.0
Kepler-238 b,Kepler-238,2014,Transit,2.090876,0.0,,,0.154,10.39875583,1.229,5751.0
Kepler-67 b,Kepler-67,2013,Transit,15.7259,0.0,,,0.262,0.0282,0.865,5331.0
Kepler-350 c,Kepler-350,2013,Transit,17.849,0.0,,,0.277,0.019,1.0,6492.3
Kepler-1327 b,Kepler-1327,2016,Transit,14.88801098,0.0,,,0.16058524,0.0123,1.02,5885.0
Kepler-677 b,Kepler-677,2016,Transit,6.57531678,0.0,,,0.47997145,0.0786,1.0,5723.0
HD 187123 c,HD 187123,2008,Radial Velocity,3810.0,0.252,0.033,-0.033,1.18,2.87,1.04,5790.0
Kepler-773 b,Kepler-773,2016,Transit,3.749100061,0.0,,,0.12757605,0.00829,1.04,5850.0
BD-06 1339 c,BD-06 1339,2013,Radial Velocity,125.94,0.31,0.11,-0.11,0.747,0.17,0.7,4324.0
Kepler-816 b,Kepler-816,2016,Transit,10.506825646,0.0,,,0.91355161,0.234,0.9,5286.0
HD 51608 b,HD 51608,2019,Radial Velocity,14.0726,0.09,0.04,-0.04,0.323,0.0402,0.8,5358.0
HD 219134 c,HD 219134,2015,Radial Velocity,6.76458,0.062,0.039,-0.039,0.13480239,0.01371803,0.81,4699.0
NGC 2682 YBP 401 b,NGC 2682 YBP 401,2016,Radial Velocity,4.087,0.15,0.08,-0.08,1.27,0.46,1.14,6165.0
HD 142 b,HD 142,2001,Radial Velocity,351.43394,0.158,0.033,-0.03,1.13,7.1,1.21,6245.0
HD 125390 b,HD 125390,2019,Radial Velocity,1757.39151,0.597,0.02,-0.017,1.06,27.204,1.82,4882.0
Kepler-182 c,Kepler-182,2014,Transit,20.684342,0.0,,,0.306,0.0366,1.114,6250.0
Kepler-880 c,Kepler-880,2023,Transit,11.8061737,0.0,,,0.25604469,0.0271,1.714,6900.0
Kepler-1303 b,Kepler-1303,2016,Transit,7.56127224,0.0,,,0.12668391,0.00819,1.01,5771.0
Kepler-110 c,Kepler-110,2014,Transit,31.719775,0.0,,,0.197,0.0174,0.989,5960.0
Kepler-273 c,Kepler-273,2014,Transit,8.014927,0.0,,,0.177,0.0144,0.756,5626.0
Kepler-1016 b,Kepler-1016,2016,Transit,1.954524342,0.0,,,0.19448657,0.017,0.99,5821.0
GJ 273 b,GJ 273,2017,Radial Velocity,18.6498,0.1,0.09,-0.07,0.135,0.00909291,0.29,3382.0
HIP 54373 c,HIP 54373,2019,Radial Velocity,15.144,0.2,0.12,-0.12,0.318,0.03914042,0.57,4021.0
Kepler-34 b,Kepler-34,2011,Transit,288.822,0.182,0.016,-0.02,0.764,0.22,1.0479,5913.0
HD 108236 e,HD 108236,2020,Transit,19.590025,0.058,0.032,-0.036,0.27504684,0.0306,0.869,5660.0
Kepler-1232 b,Kepler-1232,2016,Transit,26.7839183,0.0,,,0.17218307,0.0138,0.92,5471.0
TOI-375 b,TOI-375,2026,Transit,9.45469,0.087,0.041,-0.042,0.961,0.745,1.441,5259.9
WASP-64 b,WASP-64,2012,Transit,1.5732918,0.0,,,1.271,1.271,1.004,5400.0
Kepler-417 c,Kepler-417,2014,Transit Timing Variations,15.943,0.0,,,0.23998573,0.0242,0.9,5177.0
WASP-190 b,WASP-190,2019,Transit,5.367753,0.0,,,1.15,1.0,1.35,6400.0
HIP 55507 b,HIP 55507,2022,Radial Velocity,5138.43727,0.362,0.124,-0.195,1.12,8.135,0.65,4171.0
Kepler-940 b,Kepler-940,2016,Transit,59.6225257,0.0,,,0.29797484,0.035,0.97,5769.0
Kepler-398 c,Kepler-398,2014,Transit,11.419412,0.0,,,0.09,0.00317,0.649,4493.0
WASP-74 b,WASP-74,2015,Transit,2.13775,0.0,,,1.36,0.72,0.98,5990.0
TRAPPIST-1 d,TRAPPIST-1,2016,Transit,4.049219,0.00837,0.00093,-0.00093,0.07030077,0.00122078,0.0898,2566.0
HD 96063 b,HD 96063,2011,Radial Velocity,362.5,0.17,0.11,-0.11,1.22,1.27,1.37,5020.0
Kepler-524 c,Kepler-524,2016,Transit,1.88897906,0.0,,,0.08564546,0.00264,1.09,6014.0
Kepler-1916 b,Kepler-1916,2021,Transit,31.25429916,0.0,,,0.23352457,0.0231,1.18,6246.0
TOI-1648 b,TOI-1648,2025,Transit,7.331602,0.178,0.075,-0.053,0.227,0.0233,0.83,4850.0
Kepler-399 d,Kepler-399,2014,Transit,58.034616,0.0,,,0.169,0.0133,0.902,5502.0
Kepler-534 c,Kepler-534,2021,Transit,7.378689766,0.0,,,0.1094658,0.00637,1.075,5936.0
TOI-5817 b,TOI-5817,2025,Transit,15.61031,0.2,,,0.27477967,0.03240742,0.97,5770.0
Kepler-1063 b,Kepler-1063,2016,Transit,14.07971466,0.0,,,0.1329289,0.00889,1.09,5945.0
Kepler-391 c,Kepler-391,2014,Transit,20.501,0.27,,,0.25693683,1.41585834,1.27,5038.0
Kepler-136 c,Kepler-136,2014,Transit,16.399235,0.0,,,0.178,0.0145,1.204,6165.0
EPIC 249893012 d,EPIC 249893012,2020,Transit,35.747,0.15,0.21,-0.11,0.35150326,0.0320297,1.05,5430.0
Kepler-283 b,Kepler-283,2014,Transit,11.008151,0.0,,,0.19,0.0163,0.596,4351.0
Kepler-1705 b,Kepler-1705,2021,Transit,9.03502,0.033,0.073,-0.02,0.18110478,0.01406419,1.139,6312.0
HD 3651 b,HD 3651,2003,Radial Velocity,62.25,0.645,0.02,-0.02,0.899,0.228,0.799,5221.0
HAT-P-52 b,HAT-P-52,2015,Transit,2.7535953,0.047,,,1.009,0.818,0.887,5131.0
HD 154391 b,HD 154391,2023,Radial Velocity,5163.0,0.2,0.04,-0.04,1.12,9.1,2.07,4909.0
TOI-4438 b,TOI-4438,2024,Transit,7.44628,0.14,0.09,-0.09,0.22481973,0.0169903,0.368,3422.0
K2-38 c,K2-38,2016,Transit,10.56103,0.161,0.096,-0.078,0.20430047,0.02611472,1.03,5731.0
Kepler-1982 b,Kepler-1982,2023,Transit,3.82315697,0.0,,,0.06869492,0.0012,1.213,6202.0
Kepler-292 f,Kepler-292,2014,Transit,20.834237,0.0,,,0.21,0.0193,0.865,5299.0
Kepler-184 c,Kepler-184,2014,Transit,20.303005,0.0,,,0.176,0.028,0.872,5788.0
XO-6 b,XO-6,2016,Transit,3.7650007,0.0,,,2.07,4.4,1.47,6720.0
Kepler-1859 b,Kepler-1859,2021,Transit,2.729599953,0.0,,,0.14123815,0.00985,1.09,5887.0
TOI-3912 b,TOI-3912,2023,Transit,3.4936264,0.0,,,1.274,0.406,1.088,5725.0
Kepler-650 b,Kepler-650,2016,Transit,3.032145588,0.0,,,0.26407351,0.0285,1.08,5849.0
K2-261 b,K2-261,2018,Transit,11.6334681,0.274,0.065,-0.061,0.827,0.217,1.107,5490.0
Kepler-128 b,Kepler-128,2013,Transit,15.0,0.0,,,0.12677335,0.01192467,1.184,6072.0
Lupus-TR-3 b,Lupus-TR-3,2007,Transit,3.91405,0.0,,,0.89,0.81,0.87,5000.0
Kepler-1281 b,Kepler-1281,2016,Transit,3.11602791,0.0,,,0.146311,0.0105,0.87,5353.0
HATS-34 b,HATS-34,2016,Transit,2.1061607,0.108,,,1.43,0.941,0.955,5380.0
TOI-771 b,TOI-771,2024,Transit,2.3260155,0.055,0.047,-0.036,0.12133128,0.00777149,0.22,3370.0
Kepler-1693 b,Kepler-1693,2020,Transit,12.0999,0.0,,,0.11503115,0.00695,0.95,5432.34
Kepler-1087 b,Kepler-1087,2016,Transit,0.693842855,0.0,,,0.05442055,0.00052,0.96,5589.0
Kepler-104 b,Kepler-104,2014,Transit,11.427548,0.0,,,0.277,0.062,0.818,5711.0
HD 164922 e,HD 164922,2021,Radial Velocity,41.763,0.086,0.083,-0.06,0.288,0.0331,0.921146,5393.43
HAT-P-51 b,HAT-P-51,2015,Transit,4.21802091,0.07,,,1.205,0.307,0.961,5453.0
Kepler-491 b,Kepler-491,2016,Transit,4.225384512,0.0,,,0.7957891,0.186,1.04,5582.0
Kepler-1849 b,Kepler-1849,2021,Transit,57.29290009,0.0,,,0.21294117,0.0198,0.709,4806.0
Kepler-316 c,Kepler-316,2014,Transit,6.827766,0.0,,,0.103,0.00521,0.587,4204.0
DMPP-1 d,DMPP-1,2019,Radial Velocity,3.1417,0.36,,,0.18,0.01485078,1.21,6196.0
HD 164922 d,HD 164922,2020,Radial Velocity,12.458,0.12,0.13,-0.08,0.163,0.01258534,0.926,5390.0
Kepler-533 b,Kepler-533,2016,Transit,28.51120525,0.0,,,0.3015434,0.0357,0.78,4758.0
TOI-3894 b,TOI-3894,2024,Transit,4.33454,0.05,0.052,-0.035,1.363,0.82,1.138,6000.0
Kepler-392 c,Kepler-392,2014,Transit,10.423118,0.0,,,0.098,0.0043,0.874,5938.0
K2-123 b,K2-123,2017,Transit,30.951524,0.06,0.144415,-0.051458,0.24623071,0.0253,0.62,4035.0
TIC 183374187 b,TIC 183374187,2026,Transit,5.05907,0.506,,,1.252,0.56,0.853,5768.0
Kepler-1543 b,Kepler-1543,2016,Transit,6.96710269,0.0,,,0.24177001,0.0245,1.39,6561.0
CoRoT-10 b,CoRoT-10,2010,Transit,13.2406,0.53,0.04,-0.04,0.97,2.75,0.89,5075.0
HD 45184 b,HD 45184,2019,Radial Velocity,5.8854,0.07,0.05,-0.05,0.314,0.0384,1.03,5869.0
TOI-1136 c,TOI-1136,2022,Transit,6.2574,0.11,0.01,-0.01,0.25684762,0.01988494,1.022,5770.0
Kepler-1470 b,Kepler-1470,2016,Transit,16.2950903,0.0,,,0.09545901,0.0039,0.8,4961.0
GJ 1061 d,GJ 1061,2020,Radial Velocity,13.066,0.04,0.04,-0.03,0.104,0.00525441,0.12,2953.0
TOI-1249 b,TOI-1249,2024,Transit,13.079151,0.0,,,0.29182226,0.03744159,1.0062,5497.0
HD 15337 b,HD 15337,2019,Transit,4.7559804,0.058,0.022,-0.016,0.1579091,0.02051107,0.829,5131.0
Kepler-715 b,Kepler-715,2016,Transit,10.00652995,0.0,,,0.33455259,0.0426,1.04,5871.0
Kepler-700 b,Kepler-700,2016,Transit,80.8720639,0.0,,,0.53439201,0.0944,0.98,5692.0
Kepler-472 b,Kepler-472,2016,Transit,4.176255514,0.0,,,0.28726916,0.0329,0.85,4996.0
Kepler-1444 b,Kepler-1444,2016,Transit,33.42035034,0.0,,,0.19448657,0.017,1.03,5810.0
TYC 2187-512-1 b,TYC 2187-512-1,2022,Radial Velocity,691.9,0.05,0.04,-0.03,1.12,0.33,0.498,3734.0
HD 142 c,HD 142,2012,Radial Velocity,10159.64279,0.277,0.026,-0.027,1.11,10.901,1.21,6245.0
Kepler-1129 b,Kepler-1129,2016,Transit,24.3397804,0.0,,,0.26407351,0.0285,1.0,5831.0
Kepler-824 b,Kepler-824,2016,Transit,4.51436633,0.0,,,0.16683023,0.0131,1.15,6035.0
HIP 99770 b,HIP 99770,2023,Imaging,18600.0,0.31,0.06,-0.12,1.09,17.0,1.9,8000.0
HD 5319 c,HD 5319,2014,Radial Velocity,872.2,0.183,0.064,-0.064,1.23,1.053,1.27,4871.0
Kepler-1236 b,Kepler-1236,2016,Transit,31.0571618,0.0,,,0.19091801,0.0164,0.86,5337.0
Kepler-1275 b,Kepler-1275,2016,Transit,3.65691115,0.0,,,0.13203676,0.00879,1.23,6296.0
Kepler-62 d,Kepler-62,2013,Transit,18.16406,0.0,,,0.174,0.044,0.69,4925.0
Kepler-720 b,Kepler-720,2016,Transit,4.708326542,0.0,,,0.75028995,0.168,0.95,5618.0
Kepler-1690 b,Kepler-1690,2020,Transit,234.636,0.0,,,0.25078885,0.0261,0.94,5404.0
Kepler-150 b,Kepler-150,2014,Transit,3.428054,0.0,,,0.112,0.0066,0.956,5560.0
Kepler-1428 b,Kepler-1428,2016,Transit,10.67607169,0.0,,,0.146311,0.0105,1.28,6184.0
Kepler-1133 b,Kepler-1133,2016,Transit,11.55562343,0.0,,,0.17575163,0.0143,0.93,5569.0
GJ 328 b,GJ 328,2013,Radial Velocity,3771.0,0.227,0.015,-0.015,1.18,2.51,0.65,3897.0
HD 16175 b,HD 16175,2009,Radial Velocity,990.0,0.6,0.11,-0.11,1.14,5.9,1.63,5981.0
HR 5183 b,HR 5183,2019,Radial Velocity,27000.0,0.84,0.04,-0.04,1.17,3.31,1.07,5794.0
Kepler-1307 b,Kepler-1307,2016,Transit,18.01621096,0.0,,,0.22035864,0.021,1.06,5884.0
Kepler-1195 b,Kepler-1195,2016,Transit,8.49642241,0.0,,,0.18556517,0.0157,0.74,4965.0
Kepler-325 c,Kepler-325,2014,Transit,12.762172,0.0,,,0.227,0.022,0.914,5752.0
EPIC 212737443 c,EPIC 212737443,2019,Transit,65.55,0.2,0.2,-0.2,0.23998573,0.0242,0.69,4684.0
Kepler-1816 b,Kepler-1816,2021,Transit,91.50099945,0.0,,,0.17556812,0.0143,0.786,5051.0
WASP-36 b,WASP-36,2011,Transit,1.53736596,0.0,,,1.327,2.361,1.081,5959.0
Kepler-1176 b,Kepler-1176,2016,Transit,24.1738579,0.0,,,0.21857436,0.0207,1.01,5844.0
Kepler-1783 b,Kepler-1783,2021,Transit,8.277440071,0.0,,,0.11771519,0.00723,0.887,5129.0
Kepler-106 d,Kepler-106,2014,Transit,23.9802,0.0,,,0.085,0.02548532,1.0,5858.0
Kepler-189 b,Kepler-189,2014,Transit,10.399931,0.0,,,0.108,0.00606,0.803,5235.0
Kepler-1143 c,Kepler-1143,2016,Transit,210.630591,0.0,,,0.32117049,0.0398,0.81,5053.0
HATS-30 b,HATS-30,2016,Transit,3.1743516,0.096,,,1.175,0.706,1.093,5943.0
K2-136 d,K2-136,2017,Transit,25.575,0.071,0.063,-0.049,0.13962019,0.00943906,0.742,4500.0
HD 177830 c,HD 177830,2010,Radial Velocity,110.9,0.3,0.1,-0.1,0.702,0.15,1.47,4949.0
TOI-2587 A b,TOI-2587 A,2023,Transit,5.45664,0.0,,,1.077,0.218,1.15,5760.0
Kepler-837 b,Kepler-837,2016,Transit,16.56059504,0.0,,,0.2283879,0.0223,0.85,5403.0
Kepler-1031 b,Kepler-1031,2016,Transit,1.22621732,0.0,,,0.0776162,0.00186,1.09,6011.0
Kepler-1154 b,Kepler-1154,2016,Transit,5.1856142,0.0,,,0.20876082,0.0191,1.26,6327.0
55 Cnc c,55 Cnc,2004,Radial Velocity,44.3936,0.088,0.23,-0.23,0.76,0.1714,1.015,5198.0
Kepler-919 b,Kepler-919,2016,Transit,11.04603384,0.0,,,0.20073156,0.0179,1.15,6113.0
Kepler-60 b,Kepler-60,2012,Transit,7.1334,0.0,,,0.15255598,0.01318315,1.041,5905.0
HD 115954 b,HD 115954,2021,Radial Velocity,3700.0,0.487,0.095,-0.041,1.12,8.45,1.18,5957.0
Kepler-1490 b,Kepler-1490,2016,Transit,92.4362973,0.0,,,0.27121063,0.0298,0.9,5515.0
HD 42012 b,HD 42012,2017,Radial Velocity,857.5,0.2,,,1.21,1.6,0.83,5405.0
Kepler-556 b,Kepler-556,2016,Transit,11.72292176,0.0,,,0.19983941,0.0178,1.0,5740.0
Kepler-109 c,Kepler-109,2014,Transit,21.22265,0.098,,,0.23641757,0.02580009,1.094,5950.0
Kepler-48 e,Kepler-48,2014,Radial Velocity,982.0,0.003142,0.028616,-0.028616,1.19,2.067,0.88,5194.0
HD 49674 b,HD 49674,2002,Radial Velocity,4.94737,0.09,0.09,-0.09,0.553,0.1,1.03,5602.0
Kepler-101 c,Kepler-101,2014,Transit,6.02976,0.0,,,0.112,0.01,1.17,5667.0
TOI-3884 b,TOI-3884,2022,Transit,4.5445828,0.06,0.06,-0.04,0.57364716,0.10253961,0.298,3180.0
KELT-24 b,KELT-24,2019,Transit,5.55149296,0.0319,0.0079,-0.0074,1.134,4.59,1.268,6426.0
Kepler-1200 b,Kepler-1200,2016,Transit,1.118549717,0.0,,,0.09456687,0.00377,0.74,4612.0
Kepler-26 d,Kepler-26,2014,Transit,3.543919,0.0,,,0.095,0.0039,0.593,4486.0
2MASS J19383260+4603591 b,2MASS J19383260+4603591,2015,Eclipse Timing Variations,406.0,0.33,0.05,-0.05,1.2,1.9,0.48,29564.0
Kepler-363 c,Kepler-363,2014,Transit,7.542427,0.0,,,0.151,0.209,1.226,5593.0
WASP-94 A b,WASP-94 A,2014,Transit,3.95019,0.0,,,1.58,0.5,1.67,6170.0
LHS 1678 c,LHS 1678,2021,Transit,3.694284,0.039,0.04,-0.025,0.08395054,0.00440489,0.345,3490.0
HATS-12 b,HATS-12,2016,Transit,3.142702,0.085,,,0.69230083,2.39,1.16,6357.0
Kepler-858 b,Kepler-858,2016,Transit,76.13602028,0.0,,,0.4344723,0.0664,0.96,5653.0
Kepler-450 d,Kepler-450,2015,Transit,7.51464,0.14,0.24,-0.14,0.07467214,0.05537552,1.19,6197.21
Kepler-1892 b,Kepler-1892,2021,Transit,6.331230164,0.0,,,0.16389353,0.0127,0.851,5383.0
HD 80606 b,HD 80606,2001,Radial Velocity,111.436765,0.93183,0.00014,-0.00014,1.032,4.1641,1.05,5565.0
Kepler-432 b,Kepler-432,2015,Transit,52.501129,0.5134,0.0098,-0.0089,1.145,5.41,1.32,4995.0
Kepler-1108 b,Kepler-1108,2016,Transit,4.51005748,0.0,,,0.13025248,0.00859,0.88,5406.0
Kepler-203 b,Kepler-203,2014,Transit,3.162697,0.0,,,0.229,0.0224,1.06,5821.0
Kepler-1656 c,Kepler-1656,2022,Radial Velocity,1919.0,0.527,0.05,-0.054,1.25,0.4,1.03,5569.0
HD 143105 b,HD 143105,2016,Radial Velocity,2.1974,0.07,,,1.22,1.21,1.51,6380.0
Kepler-1992 b,Kepler-1992,2023,Transit,15.6112238,0.0,,,0.0811849,0.00218,0.874,5383.0
HD 159868 c,HD 159868,2012,Radial Velocity,351.0,0.184,0.037,-0.037,1.25,0.768,1.19,5534.0
Kepler-140 b,Kepler-140,2014,Transit,3.25427,0.0,,,0.144,0.0101,1.044,6077.0
HATS-69 b,HATS-69,2018,Transit,2.2252577,0.519,,,0.945,0.577,0.892,5137.0
Kepler-139 b,Kepler-139,2014,Transit,15.771044,0.0,,,0.262,0.02202446,1.078,5594.0
bet UMi b,bet UMi,2014,Radial Velocity,522.3,0.19,0.02,-0.02,1.14,6.1,1.4,4126.0
Kepler-134 b,Kepler-134,2014,Transit,5.317429,0.0,,,0.178,0.0147,0.956,5983.0
Kepler-1665 b,Kepler-1665,2020,Transit,11.9548,0.0,,,0.25328824,0.0266,0.842,5049.84
HD 108236 f,HD 108236,2021,Transit,29.54115,0.051,0.036,-0.034,0.17994469,0.0149,0.869,5660.0
HD 73344 b,HD 73344,2024,Transit,15.611,0.03,0.019,-0.013,0.25729369,0.03297377,1.2,6252.6
Kepler-1617 b,Kepler-1617,2016,Transit,27.4785572,0.0,,,0.10705683,0.00588,1.15,6167.0
Kepler-2001 c,Kepler-2001,2023,Transit,14.092583189,0.0,,,0.1623698,0.0125,0.864,5081.0
Kepler-1443 b,Kepler-1443,2016,Transit,2.41811321,0.0,,,0.0865376,0.00274,1.19,6289.0
XO-1 b,XO-1,2006,Transit,3.94153,0.0,,,1.14,0.83,0.88,5750.0
HD 206893 c,HD 206893,2022,Imaging,2290.0,0.283,0.019,-0.017,1.46,11.1,1.31,6500.0
HD 233832 b,HD 233832,2018,Radial Velocity,2058.0,0.359,0.046,-0.039,1.2,1.78,0.71,4981.0
TOI-2364 b,TOI-2364,2023,Transit,4.0197517,0.0,,,0.768,0.225,0.954,5306.0
Kepler-30 d,Kepler-30,2012,Transit,143.34394,0.022,0.005,-0.005,0.785,0.073,0.99,5498.0
Kepler-1125 b,Kepler-1125,2016,Transit,17.6700642,0.0,,,0.1641538,0.0127,0.95,5683.0
Kepler-1321 c,Kepler-1321,2016,Transit,2.226491086,0.0,,,0.21411366,0.02,0.54,4094.0
HD 73344 d,HD 73344,2025,Radial Velocity,5823.0,0.18,0.14,-0.12,1.18,2.55,1.19,6148.0
TOI-6692 b,TOI-6692,2026,Transit,131.125,0.537,0.061,-0.061,1.042,0.62,1.047,5890.0
Kepler-792 b,Kepler-792,2016,Transit,11.30119217,0.0,,,0.17485949,0.0142,1.09,5971.0
HD 28109 b,HD 28109,2022,Transit,22.891054,0.0071,0.0475,-0.0071,0.23998614,0.01950738,1.227,6189.0
Kepler-891 b,Kepler-891,2016,Transit,53.44945593,0.0,,,0.5718619,0.106,1.06,5887.0
TOI-5624 d,TOI-5624,2026,Transit,13.731468,0.0,,,0.31974361,0.01541712,0.858,5327.0
Kepler-765 b,Kepler-765,2016,Transit,27.6655226,0.0,,,0.21679008,0.0204,1.05,5901.0
K2-18 b,K2-18,2015,Transit,32.939623,0.2,0.08,-0.08,0.21143724,0.02806532,0.359,3457.0
Kepler-1516 b,Kepler-1516,2016,Transit,7.25931979,0.0,,,0.15612454,0.0117,1.04,5904.0
Kepler-1159 b,Kepler-1159,2016,Transit,22.70816791,0.0,,,0.21143724,0.0195,1.19,6217.0
HATS-18 b,HATS-18,2016,Transit,0.83784,0.166,,,1.329,1.9795,1.037,5600.0
Kepler-113 b,Kepler-113,2014,Transit,4.754,0.0,,,0.162,0.037,0.75,4725.0
CoRoT-25 b,CoRoT-25,2013,Transit,4.86069,0.0,,,1.08,0.27,1.09,6040.0
HD 216536 b,HD 216536,2015,Radial Velocity,148.60001,0.38,0.11,-0.11,1.23,1.05,0.81,4639.0
TOI-2407 b,TOI-2407,2025,Transit,2.702969,0.08,0.07,-0.04,0.3800524,0.0529,0.548,3530.0
Kepler-1060 b,Kepler-1060,2016,Transit,46.8779367,0.0,,,0.21232938,0.0197,0.99,5797.0
Kepler-154 e,Kepler-154,2016,Transit,3.93276465,0.0,,,0.13382104,0.00899,0.98,5769.0
Kepler-1844 b,Kepler-1844,2021,Transit,3.924510002,0.0,,,0.27089724,0.0298,0.939,5776.0
Kepler-1036 b,Kepler-1036,2016,Transit,122.8808058,0.0,,,0.26853421,0.0293,0.95,5533.0
Kepler-561 c,Kepler-561,2016,Transit,5.350161983,0.0,,,0.23909359,0.0241,0.96,5646.0
Kepler-37 b,Kepler-37,2013,Transit,13.36702,0.098,,,0.02763855,0.00248562,0.79,5357.0
TOI-2431 b,TOI-2431,2026,Transit,0.22419578,0.0,,,0.13685455,0.01950738,0.661,4109.0
Kepler-585 b,Kepler-585,2016,Transit,2.752359753,0.0,,,0.25247569,0.0264,0.96,5593.0
K2-203 b,K2-203,2018,Transit,9.6952,0.23,0.42,-0.18,0.1129,0.00674,0.793,5026.0
Kepler-233 b,Kepler-233,2014,Transit,8.472382,0.0,,,0.217,0.0204,0.855,5360.0
Kepler-1863 b,Kepler-1863,2021,Transit,44.99760056,0.0,,,0.20189994,0.0181,1.097,5871.0
Kepler-356 c,Kepler-356,2014,Transit,13.121632,0.0,,,0.161,0.0124,1.163,6133.0
Kepler-1865 b,Kepler-1865,2021,Transit,2.524009943,0.0,,,0.14067833,0.00979,0.849,5420.0
TOI-5126 b,TOI-5126,2023,Transit,5.4588385,0.0,,,0.4228752,0.0634,1.24,6150.0
VHS J125601.92-125723.9 b,VHS J125601.92-125723.9,2015,Imaging,5800000.0,0.68,0.11,-0.1,1.22,16.0,0.07,2620.0
Kepler-505 b,Kepler-505,2016,Transit,27.52197994,0.0,,,0.23195646,0.0229,0.55,3931.0
WASP-147 b,WASP-147,2018,Transit,4.60273,0.0,,,1.115,0.275,1.044,5702.0
HD 23079 c,HD 23079,2025,Radial Velocity,5.748913,0.097,0.124,-0.124,0.25,0.02598887,1.16,5994.0
Kepler-166 d,Kepler-166,2016,Transit,1.554003928,0.0,,,0.15434026,0.0115,0.88,5350.0
Kepler-1480 b,Kepler-1480,2016,Transit,22.12679948,0.0,,,0.14898742,0.0108,0.85,5156.0
Kepler-1987 d,Kepler-1987,2023,Transit,5.644914154,0.0,,,0.23730971,0.0238,0.799,4769.0
Qatar-4 b,Qatar-4,2017,Transit,1.8053564,0.0,,,1.135,6.1,0.896,5215.0
HD 125612 d,HD 125612,2009,Radial Velocity,2822.72698,0.115,0.012,-0.012,1.13,7.178,1.05,5900.0
Kepler-245 b,Kepler-245,2014,Transit,7.49019,0.0,,,0.229,0.46182153,0.856,5100.0
WASP-4 b,WASP-4,2007,Transit,1.338230994,0.0053,0.0038,-0.0038,1.349,1.2,0.899,5436.0
Kepler-1556 b,Kepler-1556,2016,Transit,8.82713457,0.0,,,0.17485949,0.0142,0.97,5608.0
Kepler-209 b,Kepler-209,2014,Transit,16.087845,0.0,,,0.202,0.018,0.971,5513.0
Kepler-131 c,Kepler-131,2014,Transit,25.5169,0.0,,,0.075,0.026,1.02,5685.0
Kepler-24 d,Kepler-24,2014,Transit,4.244384,0.0,,,0.149,0.92489845,1.046,5897.0
HD 28254 b,HD 28254,2010,Radial Velocity,1333.0,0.95,0.03,-0.04,1.16,3.8,1.1,5664.0
HD 127195 c,HD 127195,2026,Radial Velocity,836.99,0.05,0.05,-0.04,1.25,0.65,1.34,4981.0
HATS-40 b,HATS-40,2018,Transit,3.2642736,0.312,,,1.58,1.59,1.561,6460.0
K2-266 e,K2-266,2018,Transit,19.482,0.043,0.036,-0.03,0.24355429,0.04499261,0.686,4285.0
HD 33283 b,HD 33283,2006,Radial Velocity,18.1991,0.399,0.056,-0.056,1.12,0.329,1.38,5935.0
WASP-17 b,WASP-17,2009,Transit,3.73543,0.0,,,1.87,0.78,2.28,6550.0
Kepler-237 b,Kepler-237,2014,Transit,4.715106,0.0,,,0.126,0.00809,0.696,4861.0
K2-126 b,K2-126,2017,Transit,7.385655,0.06,0.142277,-0.049906,0.17575163,0.0143,0.69,4339.0
HD 224018 d,HD 224018,2025,Transit,138.0731,0.04,0.05,-0.04,0.21411403,0.01321468,1.013,5784.0
HD 125612 b,HD 125612,2007,Radial Velocity,557.69994,0.446,0.011,-0.011,1.17,2.974,1.05,5900.0
HD 109988 b,HD 109988,2022,Radial Velocity,17132.15854,0.056,0.036,-0.034,1.08,21.821,0.88,5185.97
Kepler-100 e,Kepler-100,2023,Radial Velocity,60.888588,0.026437,0.127095,-0.127095,0.47,0.07596149,1.097,5884.0
Kepler-219 c,Kepler-219,2014,Transit,22.714613,0.0,,,0.319,0.0394,1.164,5786.0
K2-141 c,K2-141,2018,Transit,7.7485,0.092,,,0.62449925,0.02517081,0.708,4570.0
Kepler-1790 b,Kepler-1790,2021,Transit,31.58889961,0.0,,,0.2805442,0.0316,1.02,5866.0
Kepler-1641 c,Kepler-1641,2016,Transit,32.657212,0.0,,,0.26318137,0.0283,1.12,6152.0
HD 75898 c,HD 75898,2024,Radial Velocity,6717.0,0.08,0.01,-0.01,1.12,8.49,1.295,6122.0
WASP-155 b,WASP-155,2025,Transit,3.110413,0.0,,,1.2,0.871,1.09,5660.0
HATS-35 b,HATS-35,2016,Transit,1.8209993,0.306,,,1.464,1.222,1.317,6300.0
Kepler-918 b,Kepler-918,2016,Transit,4.85386933,0.0,,,0.1552324,0.0116,1.11,6028.0
Kepler-141 b,Kepler-141,2014,Transit,3.107675,0.0,,,0.062,0.000809,0.878,4910.0
Kepler-582 b,Kepler-582,2016,Transit,18.49235668,0.0,,,0.32830761,0.0413,0.93,5564.0
TOI-912 b,TOI-912,2025,Transit,4.6780691,0.58,0.02,-0.02,0.17218336,0.01604639,0.418,3572.0
Kepler-335 c,Kepler-335,2014,Transit,67.844469,0.0,,,0.274,0.0303,1.367,5877.0
XO-2 S c,XO-2 S,2014,Radial Velocity,120.059,0.149,0.006,-0.006,1.21,1.38,0.98,5325.0
Kepler-31 d,Kepler-31,2014,Transit,87.6451,0.0,,,0.3479347,6.8,1.21,6340.0
TOI-4427 b,TOI-4427,2026,Transit,4.6182621,0.074,0.077,-0.052,1.168,0.276,0.9,5347.0
TOI-2583 A b,TOI-2583 A,2023,Transit,4.5207265,0.0,,,1.29,0.25,1.215,5936.0
Kepler-966 b,Kepler-966,2016,Transit,99.747622,0.0,,,0.36845392,0.0502,1.02,5840.0
HD 50499 c,HD 50499,2019,Radial Velocity,8619.9,0.0,0.14,-0.02,1.17,2.93,1.31,6099.0
WASP-140 b,WASP-140,2016,Transit,2.23598448,0.047,0.0035,-0.0035,1.27,2.44,0.9,5300.0
Kepler-630 b,Kepler-630,2016,Transit,161.4743937,0.0,,,0.2837006,0.0322,1.02,5829.0
HAT-P-26 b,HAT-P-26,2010,Transit,4.23452,0.12,0.06,-0.06,0.63,0.07,1.12,5079.0
Kepler-874 b,Kepler-874,2016,Transit,40.0686727,0.0,,,0.35150326,0.0463,1.09,6020.0
L 98-59 b,L 98-59,2019,Transit,2.253114,0.031,0.017,-0.016,0.07467227,0.00144732,0.2923,3415.0
Kepler-235 b,Kepler-235,2014,Transit,3.340222,0.0,,,0.199,0.0176,0.581,4255.0
WASP-126 c,WASP-126,2019,Transit Timing Variations,7.63,0.05,,,0.837,0.20199478,1.12,5800.0
Kepler-85 c,Kepler-85,2012,Transit,12.51,0.027,0.028,-0.014,0.17646564,0.00676466,0.928,5505.2
Kepler-1345 b,Kepler-1345,2016,Transit,44.6169557,0.0,,,0.2105451,0.0194,1.32,6449.0
TOI-1130 c,TOI-1130,2020,Transit,8.3501898,0.0398,0.0009,-0.0002,1.15978431,1.05717423,0.745,4360.0
WASP-19 b,WASP-19,2009,Transit,0.78883852,0.0126,0.014,-0.0089,1.415,1.154,0.965,5616.0
GJ 667 C c,GJ 667 C,2013,Radial Velocity,28.14,0.02,0.15,-0.02,0.158,0.012,0.33,3350.0
Kepler-866 b,Kepler-866,2016,Transit,2.617032536,0.0,,,0.14541886,0.0104,0.75,4751.0
Kepler-223 b,Kepler-223,2014,Transit,7.38449,0.078,0.015,-0.017,0.26674993,0.02328289,1.125,5803.0
HD 4732 c,HD 4732,2012,Radial Velocity,3184.2,0.187,0.034,-0.066,1.17,3.365,1.39,4898.0
Kepler-922 b,Kepler-922,2016,Transit,0.938466832,0.0,,,0.12668391,0.00819,0.95,5671.0
HATS-67 b,HATS-67,2018,Transit,1.6091788,0.057,,,1.685,1.45,1.435,6594.0
Kepler-549 b,Kepler-549,2016,Transit,42.9495649,0.0,,,0.22928004,0.0346097,0.88,5360.0
HD 127195 b,HD 127195,2026,Radial Velocity,534.5,0.04,0.05,-0.03,1.25,0.67,1.34,4981.0
GJ 1148 b,GJ 1148,2010,Radial Velocity,41.38,0.38,0.01,-0.012,1.07,0.3042507,0.344045,3287.0
Kepler-1780 b,Kepler-1780,2021,Transit,109.4449997,0.0,,,0.32170692,0.0399,0.868,5403.0
55 Cnc b,55 Cnc,1996,Radial Velocity,14.651552,0.0029,0.0027,-0.002,1.24,0.8306,1.015,5198.0
HD 28471 b,HD 28471,2025,Radial Velocity,3.1649,0.195,0.061,-0.073,0.156,0.01170443,0.98,5766.0
NY Vir b,NY Vir,2011,Eclipse Timing Variations,3160.0,0.15,0.08,-0.08,1.19,2.3,0.459,32780.0
TOI-2447 b,TOI-2447,2024,Transit,69.33684,0.17,0.02,-0.1,0.857,0.393,1.034,5730.0
TOI-4137 b,TOI-4137,2022,Transit,3.8016122,0.0,0.048,-0.052,1.211,1.44,1.313,6202.0
GJ 625 b,GJ 625,2017,Radial Velocity,14.628,0.13,0.12,-0.09,0.133,0.00887267,0.3,3499.0
Kepler-267 b,Kepler-267,2014,Transit,3.353728,0.0,,,0.177,0.119,0.541571,4258.0
Kepler-775 b,Kepler-775,2016,Transit,0.974868926,0.0,,,0.10616469,0.0057,0.92,5468.0
NGC 2682 Sand 1429 b,NGC 2682 Sand 1429,2024,Radial Velocity,77.48,0.0,,,1.2,1.8,1.26,6000.0
TOI-6034 b,TOI-6034,2024,Transit,2.576184,0.04,0.042,-0.028,1.063,0.798,0.514,3635.0
Kepler-791 b,Kepler-791,2016,Transit,14.5539759,0.0,,,0.27210277,0.03,1.3,6383.0
TOI-1260 b,TOI-1260,2021,Transit,3.127463,0.0,,,0.21500617,0.02693277,0.679,4227.0
TOI-1062 b,TOI-1062,2021,Transit,4.11296,0.177,0.067,-0.064,0.20207011,0.03193547,0.94,5328.0
WASP-79 b,WASP-79,2012,Transit,3.662392,0.0,,,1.53,0.85,1.39,6600.0
Kepler-1630 b,Kepler-1630,2016,Transit,509.997402,0.0,,,0.19537871,0.0171,0.66,4736.0
Kepler-1365 b,Kepler-1365,2016,Transit,7.69993485,0.0,,,0.0820769,0.00227,1.0,5770.0
Kepler-133 c,Kepler-133,2014,Transit,31.517586,0.0,,,0.253,0.0266,1.02,5736.0
Kepler-346 c,Kepler-346,2014,Transit,23.851549,0.0,,,0.274,0.0303,0.943,6033.0
Kepler-160 b,Kepler-160,2014,Transit,4.309397,0.0,,,0.15300205,0.0113,1.003,5471.0
Kepler-341 d,Kepler-341,2014,Transit,27.666313,0.0,,,0.165,0.0128,0.976,6012.0
K2-125 b,K2-125,2017,Transit,21.750264,0.08,0.161049,-0.066906,0.19448657,0.017,0.494727,3654.47
HD 27442 b,HD 27442,2000,Radial Velocity,428.1,0.06,0.043,-0.043,1.21,1.56,1.23,4846.0
Kepler-1489 b,Kepler-1489,2016,Transit,82.294751,0.0,,,0.15790882,0.0119,0.93,5655.0
Kepler-1623 b,Kepler-1623,2016,Transit,4.36128348,0.0,,,0.11687037,0.00714,1.0,5772.0
KELT-11 b,KELT-11,2017,Transit,4.73620865,0.0,,,1.35,0.205,1.44,5375.0
HD 156411 b,HD 156411,2009,Radial Velocity,842.2,0.22,0.08,-0.08,1.25,0.74,1.25,5900.0
Kepler-496 b,Kepler-496,2016,Transit,8.30864937,0.0,,,0.20697654,0.0189,0.86,5293.0
TOI-4463 A b,TOI-4463 A,2023,Transit,2.8807198,0.0,,,1.183,0.794,1.056,5640.0
Kepler-1246 b,Kepler-1246,2016,Transit,11.32271513,0.0,,,0.12133107,0.00761,0.73,4611.0
Kepler-1126 b,Kepler-1126,2016,Transit,108.593329,0.0,,,0.15434026,0.0115,0.92,5798.0
Kepler-926 b,Kepler-926,2016,Transit,52.0688601,0.0,,,0.2060844,0.0187,1.01,5806.0
GJ 676 A e,GJ 676 A,2012,Radial Velocity,35.47358,0.152,0.086,-0.06,0.221,0.021,0.626,3734.0
Kepler-287 b,Kepler-287,2014,Transit,20.342199,0.0,,,0.208,0.2611472,0.963,5806.0
HAT-P-21 b,HAT-P-21,2010,Transit,4.12448,0.23,0.02,-0.02,1.11,4.87,1.24,5588.0
TOI-2145 b,TOI-2145,2023,Transit,10.261128,0.214,0.014,-0.014,1.092,5.68,1.71,6206.0
Kepler-48 c,Kepler-48,2012,Transit,9.67395,0.0,,,0.24177001,0.04596797,0.88,5194.0
TOI-2096 b,TOI-2096,2023,Transit,3.1190633,0.15,0.27,-0.12,0.11089322,0.00653,0.231,3300.0
HD 213472 b,HD 213472,2021,Radial Velocity,17000.0,0.53,0.12,-0.085,1.17,3.5,1.048132,5729.54
Kepler-1356 b,Kepler-1356,2016,Transit,0.634002937,0.0,,,0.13649746,0.0093,0.82,5106.0
HD 13908 c,HD 13908,2013,Radial Velocity,931.0,0.12,0.02,-0.02,1.15,5.13,1.29,6255.0
Kepler-605 c,Kepler-605,2016,Transit,2.358951515,0.0,,,0.07672406,0.00178,0.91,5462.0
Kepler-292 c,Kepler-292,2014,Transit,3.715335,0.0,,,0.131,0.00869,0.865,5299.0
Kepler-889 b,Kepler-889,2016,Transit,3.744439,0.0,,,0.09724329,0.00416,1.14,5961.0
Kepler-1254 c,Kepler-1254,2016,Transit,3.60084276,0.0,,,0.11597823,0.00705,0.78,4985.0
Kepler-244 c,Kepler-244,2014,Transit,9.767292,0.0,,,0.183,0.0153,0.933,5554.0
Kepler-1332 b,Kepler-1332,2016,Transit,11.87456832,0.0,,,0.12222321,0.00771,0.95,5581.0
HIP 35965 b,HIP 35965,2022,Radial Velocity,26125.56497,0.138,0.107,-0.087,1.12,8.149,0.78,4836.0
HD 80913 b,HD 80913,2022,Radial Velocity,10839.83341,0.313,0.152,-0.131,1.07,23.614,1.11,6013.24
HD 134060 b,HD 134060,2019,Radial Velocity,3.2696,0.45,0.04,-0.04,0.282,0.0318,1.095,5966.0
Kepler-1950 b,Kepler-1950,2021,Transit,10.77690029,0.0,,,0.13622679,0.00927,0.759,5455.0
Kepler-1984 b,Kepler-1984,2023,Transit,1.992812339,0.0,,,0.60754855,0.117,0.45,3638.0
TOI-7510 c,TOI-7510,2025,Transit,22.5687423,0.0091,0.01,-0.0062,0.964,0.412,1.063,5720.0
K2-60 b,K2-60,2016,Transit,3.00265,0.0,,,0.683,0.426,0.97,5500.0
Kepler-1397 b,Kepler-1397,2016,Transit,47.449955,0.0,,,0.15344812,0.0113,1.09,6026.0
Kepler-358 b,Kepler-358,2014,Transit,34.060467,0.0,,,0.243,0.0247,0.94,5908.0
Kepler-354 d,Kepler-354,2014,Transit,24.209842,0.0,,,0.111,0.00651,0.652,4648.0
TOI-3135 b,TOI-3135,2025,Transit,3.7065585,0.24,,,1.218,1.03,1.044,5890.0
Kepler-718 b,Kepler-718,2016,Transit,2.052349905,0.0,,,1.47738424,,1.18,6191.0
Kepler-1179 b,Kepler-1179,2016,Transit,2.685057492,0.0,,,0.11776251,0.00724,0.84,5212.0
Kepler-381 c,Kepler-381,2014,Transit,13.391635,0.0,,,0.1,0.00459,1.144,6152.0
Kepler-1342 b,Kepler-1342,2016,Transit,2.215710358,0.0,,,0.14809528,0.0107,0.93,5527.0
Kepler-1544 b,Kepler-1544,2016,Transit,168.811174,0.0,,,0.15880096,0.012,0.81,4886.0
WASP-174 b,WASP-174,2018,Transit,4.2337005,0.0,,,1.437,0.33,1.24,6399.0
AU Mic c,AU Mic,2021,Transit,18.859023,0.18,0.08,-0.07,0.24890756,0.04549625,0.635,3540.0
Kepler-475 b,Kepler-475,2016,Transit,3.105508189,0.0,,,0.22214292,0.0213,0.86,5009.0
Kepler-1978 b,Kepler-1978,2023,Transit,10.84969477,0.0,,,0.23820186,0.0239,0.869,5251.0
GJ 3222 b,GJ 3222,2022,Radial Velocity,10.66669,0.929,0.042,-0.08,0.303,0.036,0.89,5257.46
Kepler-1836 b,Kepler-1836,2021,Transit,5.254169941,0.0,,,0.22776668,0.0222,1.053,6123.0
Barnard e,Barnard's star,2025,Radial Velocity,6.7392,0.04,0.03,-0.04,0.0568,0.00060725,0.162,3195.0
Kepler-141 c,Kepler-141,2014,Transit,7.010606,0.0,,,0.126,0.00809,0.878,4910.0
Kepler-948 b,Kepler-948,2016,Transit,7.76846622,0.0,,,0.16504595,0.0128,0.96,5679.0
HD 181433 d,HD 181433,2008,Radial Velocity,6896.1,0.444,0.02,-0.018,1.18,2.7,0.86,4918.0
HD 213885 b,HD 213885,2019,Transit,1.008035,0.0,,,0.15567847,0.02778215,1.068,5978.0
HIP 39330 b,HIP 39330,2026,Radial Velocity,4650.0,0.078,0.053,-0.078,1.2,1.67,0.96,5748.0
Kepler-887 c,Kepler-887,2016,Transit,7.63846023,0.0,,,0.10081185,0.00474,1.19,6194.0
Kepler-306 d,Kepler-306,2014,Transit,17.326644,0.0,,,0.22,0.021,0.75,4954.0
Kepler-177 c,Kepler-177,2013,Transit,49.40926,0.0,,,0.77883843,0.04625114,0.921,5732.0
Kepler-52 c,Kepler-52,2012,Transit,16.3850021,0.012,0.018,-0.009,0.164,0.14284437,0.54,4075.0
Kepler-572 b,Kepler-572,2016,Transit,17.20523483,0.0,,,0.23017218,0.0226,0.83,5212.0
Kepler-1450 b,Kepler-1450,2016,Transit,54.5094166,0.0,,,0.15255598,0.0112,0.71,4524.0
HD 10180 f,HD 10180,2010,Radial Velocity,122.744,0.119,0.054,-0.054,0.468,0.0752,1.06,5911.0
Kepler-882 b,Kepler-882,2016,Transit,3.989539666,0.0,,,0.10973325,0.00642,0.9,5476.0
Kepler-559 b,Kepler-559,2016,Transit,17.58752333,0.0,,,0.32206263,0.0399,0.96,5630.0
TOI-1232 b,TOI-1232,2026,Transit,14.256,0.065,0.02,-0.013,0.975,0.694,1.058,5823.0
TOI-4773 b,TOI-4773,2025,Transit,1.7452851,0.024,0.027,-0.017,1.358,5.31,1.452,6740.0
Kepler-1312 b,Kepler-1312,2016,Transit,5.448325286,0.0,,,0.18734945,0.0159,0.99,5719.0
WASP-22 b,WASP-22,2010,Transit,3.53269,0.02,0.01,-0.01,1.23,0.67,1.46,6000.0
Kepler-272 b,Kepler-272,2014,Transit,2.971353,0.0,,,0.128,0.245,0.91,5297.0
Kepler-35 b,Kepler-35,2011,Transit,131.458,0.042,0.007,-0.004,0.728,0.127,0.8877,5606.0
Kepler-1511 b,Kepler-1511,2016,Transit,23.2382792,0.0,,,0.14987956,0.0109,1.17,6064.0
HD 102117 b,HD 102117,2005,Radial Velocity,20.8133,0.12,0.08,-0.08,0.756,0.17,1.06,5655.0
WASP-34 b,WASP-34,2010,Transit,4.31768,0.04,0.01,-0.01,1.0,0.56,0.96,5700.0
HD 260655 c,HD 260655,2022,Transit,5.70588,0.038,0.036,-0.022,0.13676533,0.00972223,0.439,3803.0
Kepler-1426 b,Kepler-1426,2016,Transit,14.2563227,0.0,,,0.13917388,0.00961,1.02,5831.0
Kepler-1988 b,Kepler-1988,2023,Transit,11.49500229,0.0,,,0.13649769,0.0093,1.127,6033.0
HD 48948 d,HD 48948,2024,Radial Velocity,151.92,0.055,0.044,-0.044,0.289,0.03331987,0.686,4593.0
Kepler-968 c,Kepler-968,2016,Transit,5.709404918,0.0,,,0.1507717,0.011,0.76,4598.0
TOI-1685 b,TOI-1685,2021,Transit,0.66913923,0.0,,,0.12677335,0.0096593,0.466,3470.0
Kepler-678 b,Kepler-678,2016,Transit,7.27503724,0.0,,,0.45856009,0.0728,0.94,5520.0
Kepler-144 c,Kepler-144,2014,Transit,10.104665,0.0,,,0.12,0.00752,1.154,6075.0
Kepler-427 b,Kepler-427,2014,Transit,10.290994,0.57,,,1.23,0.29,0.96,5800.0
TOI-1298 b,TOI-1298,2021,Transit,4.537143,0.0,,,0.86163681,0.31148883,1.2187,5752.0
eps Tau b,eps Tau,2006,Radial Velocity,585.82,0.076,0.009,-0.008,1.13,7.19,2.57,4877.0
Kepler-1874 b,Kepler-1874,2021,Transit,56.57320023,0.0,,,0.19726211,0.0174,0.758,4701.0
HD 93385 c,HD 93385,2021,Radial Velocity,13.18,0.2,,,0.229,0.0223391,1.04,5977.0
K2-88 b,K2-88,2016,Transit,4.6122,0.26,0.234804,-0.217412,0.10973325,0.00642,0.258,3537.0
WASP-94 B b,WASP-94 B,2014,Radial Velocity,2.00839,0.0,,,1.26,0.618,1.24,6040.0
Teegarden's Star b,Teegarden's Star,2019,Radial Velocity,4.90634,0.03,0.04,-0.02,0.0937,0.00364977,0.097,3034.0
TOI-5634 A b,TOI-5634 A,2024,Transit,2.2035373,0.0,,,0.923,1.85005489,0.556,3896.0
GJ 667 C e,GJ 667 C,2013,Radial Velocity,62.24,0.02,0.22,-0.02,0.129,0.008,0.33,3350.0
Kepler-164 d,Kepler-164,2014,Transit,28.986769,0.0,,,0.219,0.0207,1.036,5888.0
Kepler-431 c,Kepler-431,2015,Transit,8.703,0.0,,,0.06,0.00072,1.071,6004.0
Kepler-140 c,Kepler-140,2014,Transit,91.353282,0.0,,,0.161,0.0123,1.044,6077.0
Kepler-247 c,Kepler-247,2014,Transit,9.439452,0.0,,,0.365,0.0494,0.887,5100.0
Kepler-32 b,Kepler-32,2011,Transit,5.90124,0.0,,,0.196,4.1,0.58,3900.0
TIC 279401253 b,TIC 279401253,2023,Transit,76.8,0.448,0.029,-0.028,1.0,6.14,1.13,5951.0
Kepler-1818 b,Kepler-1818,2021,Transit,4.644909859,0.0,,,0.15287803,0.0113,1.021,6047.0
HD 15906 c,HD 15906,2023,Transit,21.583298,0.04,0.01,-0.01,0.26139754,0.028,0.79,4757.0
HD 17156 b,HD 17156,2007,Radial Velocity,21.2164294,0.6772,0.0045,-0.0044,1.094,3.26,1.285,6046.0
WASP-124 b,WASP-124,2016,Transit,3.37265,0.017,,,1.24,0.6,1.07,6050.0
GJ 251 c,GJ 251,2025,Radial Velocity,53.647,0.0,,,0.16,0.01220785,0.35,3342.0
Kepler-1649 b,Kepler-1649,2017,Transit,8.689099,0.0,,,0.09073066,0.00325,0.1977,3240.0
Kepler-1518 c,Kepler-1518,2023,Transit,9.6310258,0.0,,,0.25872112,0.0275,1.06,6432.0
Kepler-767 b,Kepler-767,2016,Transit,161.5280101,0.0,,,0.59238112,0.112,0.96,5694.0
TOI-2986 b,TOI-2986,2025,Transit,3.2783662,0.14,,,0.829,0.304,1.122,5906.0
K2-83 b,K2-83,2016,Transit,2.74697,0.07,0.139767,-0.053944,0.11098225,0.00654,0.484,3910.0
HAT-P-63 b,HAT-P-63,2021,Transit,3.377728,0.069,,,1.119,0.614,0.925,5400.0
Kepler-1182 b,Kepler-1182,2016,Transit,11.17394617,0.0,,,0.2150058,0.0201,1.04,5924.0
Kepler-1990 c,Kepler-1990,2023,Transit,4.06844957,0.0,,,0.08742989,0.00284,1.028,5751.0
Kepler-1688 b,Kepler-1688,2020,Transit,5.62012,0.0,,,0.11256541,0.0067,0.814,4632.11
Kepler-1191 b,Kepler-1191,2016,Transit,5.60014851,0.0,,,0.13471318,0.00909,0.85,5308.0
Kepler-328 b,Kepler-328,2013,Transit,34.921,0.0,,,0.205,0.09,1.15,6064.0
Kepler-511 c,Kepler-511,2021,Transit,26.62949944,0.0,,,0.37555986,0.0518,0.958,5866.0
Kepler-1337 b,Kepler-1337,2016,Transit,24.4002549,0.0,,,0.2150058,0.0201,0.7,4523.0
WASP-107 b,WASP-107,2017,Transit,5.7214876,0.09,0.02,-0.02,0.94,0.096,0.683,4425.0
Kepler-1997 b,Kepler-1997,2023,Transit,26.7575866,0.0,,,0.20340833,0.0183,1.111,6215.0
TOI-1062 c,TOI-1062,2021,Radial Velocity,7.972,0.14,0.073,-0.069,0.276,0.03077132,0.94,5328.0
Kepler-296 c,Kepler-296,2014,Transit,5.8416366,0.33,,,0.17842805,0.0147,0.498,3740.0
TOI-5678 b,TOI-5678,2023,Transit,47.73022,0.14,0.07,-0.07,0.43804161,0.06292704,0.905,5485.0
Kepler-1593 b,Kepler-1593,2016,Transit,174.509835,0.0,,,0.28280846,0.032,0.81,4995.0
HD 217107 c,HD 217107,2005,Radial Velocity,5138.7,0.3918,0.0064,-0.0067,1.15,4.37,1.045,5622.0
Kepler-625 b,Kepler-625,2016,Transit,7.75192492,0.0,,,0.17753591,0.0145,1.04,5789.0
Kepler-1302 b,Kepler-1302,2016,Transit,8.83922659,0.0,,,0.12757605,0.00829,0.86,5236.0
HD 98219 b,HD 98219,2011,Radial Velocity,433.8,0.079,0.04,-0.04,1.2,1.964,1.41,4925.0
K2-129 b,K2-129,2017,Transit,8.239493,0.13,0.210105,-0.109504,0.09278259,0.00352,0.360031,3459.09
Kepler-977 b,Kepler-977,2016,Transit,26.85328322,0.0,,,0.23374074,0.0232,0.87,5315.0
Kepler-1178 b,Kepler-1178,2016,Transit,31.80634,0.0,,,0.09545901,0.0039,0.8,4990.0
EPIC 201170410.02,EPIC 201170410,2020,Transit,6.7987,0.0,,,0.09340708,0.0036,0.287,3648.0
HD 158038 b,HD 158038,2011,Radial Velocity,521.0,0.29,0.09,-0.09,1.21,1.53,1.3,4860.0
Kepler-1678 b,Kepler-1678,2020,Transit,147.974,0.0,,,0.29478299,0.0344,1.03,5754.0
TIC 434398831 b,TIC 434398831,2025,Transit,3.685504,0.04,0.088,-0.034,0.31314176,0.0381,0.992,5638.0
Kepler-432 c,Kepler-432,2015,Radial Velocity,406.2,0.498,0.029,-0.059,1.18,2.43,1.32,4995.0
HD 224018 b,HD 224018,2025,Radial Velocity,10.6413,0.06,0.07,-0.04,0.0811849,0.01290004,1.013,5784.0
HD 102843 b,HD 102843,2019,Radial Velocity,3090.942,0.11,0.07,-0.07,1.17,0.35836768,0.95,5436.0
Kepler-1334 b,Kepler-1334,2016,Transit,15.64591713,0.0,,,0.20430012,0.0184,0.94,5614.0
Gl 378 b,Gl 378,2019,Radial Velocity,3.822,0.109,0.131,-0.077,0.327,0.0409653,0.56,3879.0
Kepler-480 b,Kepler-480,2016,Transit,4.919583795,0.0,,,0.24801499,0.0256,1.25,6322.0
HD 28185 b,HD 28185,2001,Radial Velocity,385.92,0.063,0.004,-0.004,1.14,5.85,0.974,5602.0
tau Boo b,tau Boo,1996,Radial Velocity,3.3124568,0.011,0.006,-0.006,1.14,5.95,1.32,6466.27
Kepler-1644 b,Kepler-1644,2016,Transit,21.0907758,0.0,,,0.16772237,0.0132,0.89,5499.0
Kepler-1209 b,Kepler-1209,2016,Transit,25.369116,0.0,,,0.13471318,0.00909,1.23,6210.0
Kepler-1953 b,Kepler-1953,2021,Transit,6.245659828,0.0,,,0.11470683,0.00692,0.786,4858.0
Kepler-384 b,Kepler-384,2014,Transit,22.597053,0.0,,,0.1,0.00459,0.882,5577.0
Kepler-1249 b,Kepler-1249,2016,Transit,24.3347127,0.0,,,0.21232938,0.0197,1.19,6202.0
TOI-2641 b,TOI-2641,2023,Transit,4.880974,0.18,,,1.615,0.386,1.16,6100.0
Kepler-303 b,Kepler-303,2014,Transit,1.937055,0.0,,,0.079,0.00201,0.575,3944.0
HATS-65 b,HATS-65,2018,Transit,3.105161,0.062,,,1.501,0.821,1.257,6277.0
Kepler-255 c,Kepler-255,2014,Transit,9.946047,0.0,,,0.267,0.029,0.867,5573.0
Kepler-357 d,Kepler-357,2014,Transit,49.499875,0.0,,,0.306,0.0366,0.794,5036.0
Kepler-1674 b,Kepler-1674,2020,Transit,62.5611,0.0,,,0.28600008,0.0326,0.96,5473.91
Kepler-1238 b,Kepler-1238,2016,Transit,4.14787559,0.0,,,0.17218307,0.0138,1.3,6386.0
HD 192263 b,HD 192263,1999,Radial Velocity,24.3556,0.05,0.04,-0.04,1.26,0.56,0.66,4976.0
K2-35 c,K2-35,2016,Transit,5.608352,0.12,0.156754,-0.096124,0.17218307,0.0138,0.701968,4402.71
HD 190360 c,HD 190360,2005,Radial Velocity,17.11625,0.163,0.02,-0.019,0.494,0.08243442,0.996,5560.0
Kepler-1940 b,Kepler-1940,2021,Transit,4.950610161,0.0,,,0.1380433,0.00948,0.802,5431.0
HD 51608 c,HD 51608,2019,Radial Velocity,95.9446,0.14,0.07,-0.07,0.346,0.045,0.8,5358.0
Kepler-1786 b,Kepler-1786,2021,Transit,78.5460968,0.0,,,0.28218964,0.0319,1.058,5808.0
K2-121 b,K2-121,2017,Transit,5.185738,0.22,0.19,-0.18,0.63877351,0.16046394,0.71,4526.0
Kepler-850 b,Kepler-850,2016,Transit,7.19303878,0.0,,,0.15880096,0.012,1.06,5932.0
K2-119 b,K2-119,2017,Transit,7.727283,0.07,0.151978,-0.057297,0.22571148,0.0218,0.76,4740.0
Kepler-265 d,Kepler-265,2014,Transit,43.130617,0.0,,,0.222,0.0213,0.97,5835.0
GJ 876 c,GJ 876,2000,Radial Velocity,30.0881,0.25591,0.00093,-0.00093,1.25,0.7142,0.32,3293.74
PSR J2322-2650 b,PSR J2322-2650,2017,Pulsar Timing,0.322963997,0.0017,,,1.24,0.7949,1.4,
Kepler-1962 b,Kepler-1962,2021,Transit,7.991459846,0.0,,,0.10836305,0.00614,1.003,5700.0
MASCARA-1 b,MASCARA-1,2017,Transit,2.14877381,0.00034,0.00034,-0.00023,1.597,3.7,1.9,7490.0
Kepler-266 b,Kepler-266,2014,Transit,6.61833,0.0,,,0.221,0.0211,0.947,5885.0
Kepler-856 b,Kepler-856,2016,Transit,8.027680595,0.0,,,0.82969043,0.199,0.96,5535.0
TOI-1266 d,TOI-1266,2025,Transit Timing Variations,32.509,0.087,,,0.155,0.01157857,0.437,3563.0
Kepler-691 b,Kepler-691,2016,Transit,8.114379,0.0,,,0.18645731,0.0158,0.53,3715.0
HD 113996 b,HD 113996,2017,Radial Velocity,610.2,0.28,0.12,-0.12,1.14,6.3,1.49,4181.0
HD 147379 b,HD 147379,2017,Radial Velocity,86.58,0.063,0.047,-0.038,0.44,0.0679612,0.58,4090.0
HAT-P-2 b,HAT-P-2,2007,Transit,5.6335158,0.5172,0.0019,-0.0019,0.951,9.02,1.33,6380.0
TOI-4127 b,TOI-4127,2023,Transit,56.3987,0.7484,0.0064,-0.0068,1.08,2.34,1.23,6096.0
HD 136352 c,HD 136352,2019,Radial Velocity,27.59221,0.0,,,0.26014854,0.03536499,0.87,5664.0
HD 142415 b,HD 142415,2003,Radial Velocity,386.29999,0.5,,,1.2,1.67,1.07,5940.0
Kepler-1279 b,Kepler-1279,2016,Transit,23.4774101,0.0,,,0.15612454,0.0117,1.21,6221.0
Kepler-1083 b,Kepler-1083,2016,Transit,33.4177993,0.0,,,0.29975912,0.0354,0.81,5049.0
Kepler-79 d,Kepler-79,2014,Transit,52.0897,0.051,0.016,-0.016,0.63788137,0.01667566,1.244,6389.0
Kepler-724 b,Kepler-724,2016,Transit,3.314946338,0.0,,,0.29351414,0.0341,0.9,5437.0
Kepler-190 b,Kepler-190,2014,Transit,2.019999,0.0,,,0.139,0.00961,0.834,5106.0
WASP-10 b,WASP-10,2008,Transit,3.0927616,0.0473,0.0034,-0.0029,1.08,3.15,0.75,4675.0
Kepler-1661 b,Kepler-1661,2020,Transit,175.06,0.057,0.005,-0.005,0.34525827,0.05348771,0.841,5100.0
HD 213885 c,HD 213885,2019,Radial Velocity,4.78503,0.0,,,0.42,0.06276941,1.068,5978.0
TOI-1438 b,TOI-1438,2025,Transit,5.13967,0.0,,,0.2712111,0.02957571,0.876,5230.0
HD 192699 b,HD 192699,2007,Radial Velocity,340.94,0.082,0.041,-0.041,1.19,2.096,1.38,5041.0
Kepler-112 c,Kepler-112,2014,Transit,28.574263,0.0,,,0.214,0.02,0.782,5544.0
NGTS-17 b,NGTS-17,2021,Transit,3.24253,0.0,,,1.24,0.764,1.025,5650.0
Kepler-377 b,Kepler-377,2014,Transit,12.509529,0.0,,,0.124,0.0079,1.043,5949.0
Kepler-54 d,Kepler-54,2014,Transit,20.995694,0.0,,,0.136,0.03805387,0.518,4252.0
HD 111998 b,HD 111998,2016,Radial Velocity,810.0,0.13,0.05,-0.04,1.15,4.8,1.4,6557.0
HD 103891 b,HD 103891,2022,Radial Velocity,1919.0,0.31,0.03,-0.03,1.18,2.89,1.28,6072.0
TOI-1694 c,TOI-1694,2023,Radial Velocity,386.25,0.111,0.025,-0.025,1.23,0.996,0.828,5005.0
NGTS-5 b,NGTS-5,2019,Transit,3.3569866,0.0,,,1.136,0.229,0.661,4987.0
HD 115404 A c,HD 115404 A,2022,Radial Velocity,15319.22517,0.211,0.173,-0.102,1.11,10.319,0.83,5019.17
Qatar-1 b,Qatar-1,2010,Transit,1.4200242,0.0,,,1.143,1.294,0.838,5013.0
WASP-8 c,WASP-8,2013,Radial Velocity,4323.0,0.0,0.0,0.0,1.12,9.45,1.04,5690.0
K2-136 c,K2-136,2017,Transit,17.30723,0.047,0.062,-0.034,0.26764253,0.05694897,0.742,4500.0
Kepler-983 b,Kepler-983,2016,Transit,60.0855082,0.0,,,0.2105451,0.0194,1.13,6052.0
Kepler-887 b,Kepler-887,2016,Transit,20.42228798,0.0,,,0.1641538,0.0127,1.19,6194.0
Kepler-1948 b,Kepler-1948,2021,Transit,15.57129955,0.0,,,0.09214328,0.00343,0.585,3872.0
Kepler-39 b,Kepler-39,2011,Transit,21.08721,0.112,0.057,-0.057,1.24,20.1,1.29,6350.0
HD 101930 b,HD 101930,2005,Radial Velocity,70.46,0.11,0.02,-0.02,0.949,0.25,0.57,5108.0
Kepler-196 c,Kepler-196,2014,Transit,47.427737,0.0,,,0.2,0.0178,0.839,5128.0
Kepler-444 c,Kepler-444,2015,Transit,4.5458841,0.31,0.12,-0.15,0.044,0.00025,0.758,5046.0
Kepler-321 c,Kepler-321,2014,Transit,13.093921,0.0,,,0.207,0.0189,1.024,5740.0
Kepler-1828 b,Kepler-1828,2021,Transit,10.2737999,0.0,,,0.18877597,0.0161,0.996,5806.0
Kepler-76 b,Kepler-76,2013,Orbital Brightness Modulation,1.5449298,0.0,,,1.36,2.01,1.2,6409.0
GJ 1214 b,GJ 1214,2009,Transit,1.580404531,0.0062,0.0079,-0.0044,0.24382235,0.02646082,0.182,3101.0
TOI-1468 b,TOI-1468,2022,Transit,1.8805201,0.0099,0.018,-0.005,0.12498906,0.00956491,0.3527,3376.0
TIC 434398831 c,TIC 434398831,2025,Transit,6.210291,0.013,0.025,-0.01,0.50227582,0.0849,0.992,5638.0
Kepler-535 b,Kepler-535,2016,Transit,4.903321551,0.0,,,0.2105451,0.0194,1.18,6123.0
HD 105618 c,HD 105618,2022,Radial Velocity,77114.07158,0.126,0.098,-0.08,1.07,26.491,1.01,5671.0
WD 1856+534 b,WD 1856+534,2020,Transit,1.4079405,0.0,,,0.92782585,13.8,0.518,4710.0
Kepler-1037 b,Kepler-1037,2016,Transit,1.063788673,0.0,,,0.11419395,0.00687,0.82,5105.0
Kepler-107 b,Kepler-107,2014,Transit,3.1800218,0.1,,,0.13703298,0.01195614,1.238,5854.0
Kepler-378 c,Kepler-378,2014,Transit,28.906009,0.0,,,0.062,0.000852,0.78,4661.0
Kepler-347 d,Kepler-347,2023,Transit,85.517344,0.0,,,0.2712111,0.0298,1.0,5592.0
Kepler-1645 b,Kepler-1645,2016,Transit,16.1779561,0.0,,,0.15880096,0.012,1.02,5812.0
K2-157 d,K2-157,2025,Radial Velocity,66.5,0.5,,,0.461,0.0732,0.89,5334.0
HD 88072 b,HD 88072,2022,Radial Velocity,18538.79293,0.156,0.142,-0.1,1.12,7.903,1.04,5785.33
Kepler-965 b,Kepler-965,2016,Transit,134.2527298,0.0,,,0.3015434,0.0357,1.05,5886.0
Kepler-404 b,Kepler-404,2014,Transit,11.829851,0.0,,,0.113,0.00678,0.86,5654.0
BD+20 2457 c,BD+20 2457,2009,Radial Velocity,621.99,0.18,0.06,-0.06,1.1,12.47,2.8,4137.0
HD 164922 c,HD 164922,2016,Radial Velocity,75.74,0.12,0.11,-0.09,0.327,0.04090237,0.926,5390.0
TOI-6303 b,TOI-6303,2025,Transit,9.485236,0.02,0.02,-0.02,1.034,7.84,0.644,3977.0
Kepler-1530 b,Kepler-1530,2016,Transit,2.5904434,0.0,,,0.146311,0.0105,0.92,5477.0
HD 330075 b,HD 330075,2004,Radial Velocity,3.38773,0.0,,,1.27,0.48,0.47,5000.0
HIP 41378 f,HIP 41378,2016,Transit,542.0797,0.052,0.025,-0.052,0.84485827,0.0786588,1.22,6290.0
HD 35759 b,HD 35759,2016,Radial Velocity,82.467,0.389,0.006,-0.006,1.16,3.76,1.15,6060.0
Kepler-360 c,Kepler-360,2014,Transit,7.186434,0.0,,,0.187,0.0159,0.994,6053.0
Kepler-1996 c,Kepler-1996,2023,Transit,92.7297248,0.0,,,0.25069184,0.0261,0.748,4580.0
Kepler-1441 b,Kepler-1441,2016,Transit,39.4419839,0.0,,,0.11687037,0.00714,1.0,5802.0
LTT 3780 b,LTT 3780,2020,Transit,0.76837931,0.0,,,0.11820879,0.00774003,0.381,3358.0
Kepler-498 b,Kepler-498,2016,Transit,9.61375356,0.0,,,0.27031849,0.0297,0.98,5744.0
CoRoT-28 b,CoRoT-28,2015,Transit,5.20851,0.047,0.055,-0.038,0.955,0.484,1.01,5150.0
OGLE-TR-211 b,OGLE-TR-211,2007,Transit,3.67724,0.0,,,1.36,1.03,1.33,6325.0
Kepler-1324 b,Kepler-1324,2016,Transit,4.115844679,0.0,,,0.13471318,0.00909,0.78,4776.0
TOI-3919 b,TOI-3919,2024,Transit,7.433234,0.259,0.033,-0.036,1.099,3.88,1.208,6100.0
HIP 67851 c,HIP 67851,2015,Radial Velocity,3128.41,0.3,0.03,-0.03,1.13,6.937,1.28,4840.0
Kepler-354 c,Kepler-354,2014,Transit,16.934402,0.0,,,0.117,0.00714,0.652,4648.0
TOI-5789 d,TOI-5789,2026,Radial Velocity,29.65,0.096,,,0.17,0.01349785,0.821,5185.0
HD 104985 b,HD 104985,2003,Radial Velocity,199.68,0.047,0.015,-0.028,1.14,5.559,1.22,4738.0
CoRoT-22 b,CoRoT-22,2014,Transit,9.75598,0.077,0.3,-0.042,0.435,0.038,1.099,5939.0
Kepler-320 c,Kepler-320,2014,Transit,17.934937,0.0,,,0.122,0.00771,1.072,6435.0
Kepler-879 b,Kepler-879,2016,Transit,33.3855938,0.0,,,0.22928004,0.0224,1.02,5792.0
Kepler-1933 b,Kepler-1933,2021,Transit,4.943290234,0.0,,,0.10525854,0.00553,0.964,5661.0
TOI-2537 b,TOI-2537,2024,Transit,94.1022,0.364,0.039,-0.039,1.004,1.307,0.771,4870.0
Kepler-1641 b,Kepler-1641,2016,Transit,19.672266,0.0,,,0.27745562,0.031,1.12,6152.0
GJ 687 b,GJ 687,2014,Radial Velocity,38.142,0.17,0.05,-0.05,0.385,0.05411698,0.4,3413.0
Kepler-23 b,Kepler-23,2011,Transit,7.1,0.017,0.019,-0.014,0.14613282,0.00805466,1.078,5828.0
Kepler-1173 b,Kepler-1173,2016,Transit,0.7698536,0.0,,,0.07940048,0.00201,0.86,5252.0
L 98-59 c,L 98-59,2019,Transit,3.6906764,0.002,0.002,-0.001,0.11856564,0.0062927,0.2923,3415.0
Kepler-367 b,Kepler-367,2014,Transit,37.815724,0.0,,,0.116,0.00705,0.768,4710.0
Kepler-1166 b,Kepler-1166,2016,Transit,33.2406882,0.0,,,0.1507717,0.011,0.9,5446.0
LHS 1815 b,LHS 1815,2020,Transit,3.814334,0.0,,,0.09706503,0.00497124,0.502,3643.0
HD 219077 b,HD 219077,2012,Radial Velocity,5478.68861,0.768,0.002,-0.002,1.11,9.62,0.92,5362.0
Kepler-603 d,Kepler-603,2016,Transit,6.2171292,0.0,,,0.11776251,0.00724,1.01,5808.0
Kepler-458 c,KIC 9663113,2016,Transit,20.74028413,0.0,,,0.3746989,0.0516,1.15,6117.21
Kepler-1922 b,Kepler-1922,2021,Transit,13.22259998,0.0,,,0.20435837,0.0184,0.953,5931.0
Kepler-969 c,Kepler-969,2016,Transit,1.682934604,0.0,,,0.08832188,0.00295,0.92,5214.0
HIP 41378 e,HIP 41378,2016,Transit,393.0,0.065,0.031,-0.065,0.46302158,0.0239752,1.22,6290.0
HD 96127 b,HD 96127,2011,Radial Velocity,638.9,0.3,0.1,-0.1,1.16,3.8,0.91,3943.0
WASP-63 b,WASP-63,2012,Transit,4.37808,0.0,,,1.41,0.37,1.28,5550.0
GJ 1132 b,GJ 1132,2015,Transit,1.62892911,0.0118,0.047,-0.0099,0.1063,0.00578,0.1945,3229.0
Kepler-178 d,Kepler-178,2014,Transit,96.678988,0.0,,,0.352,0.0465,0.852,5676.0
HD 88133 b,HD 88133,2004,Radial Velocity,3.414884,0.031,0.021,-0.021,1.23,1.02,1.26,5392.0
TOI-7384 b,TOI-7384,2026,Transit,6.2340258,0.4,,,0.318,0.039,0.318,3185.0
HD 80869 b,HD 80869,2021,Radial Velocity,1752.92067,0.924,0.053,-0.094,1.15,5.065,1.06,5837.0
TOI-1448 b,TOI-1448,2024,Transit,8.112245,0.36,,,0.24524978,0.06135386,0.372,3412.0
Kepler-862 b,Kepler-862,2016,Transit,3.148664534,0.0,,,0.19716299,0.0174,0.88,5333.0
TOI-5350 b,TOI-5350,2025,Transit,7.581367,0.0165,0.012,-0.0081,1.108,6.59,1.167,6220.0
Kepler-138 c,Kepler-138,2014,Transit,13.7815,0.017,0.008,-0.007,0.13471341,0.00723661,0.535,3841.0
Kepler-1001 b,Kepler-1001,2016,Transit,14.30511983,0.0,,,0.28102418,0.0317,0.9,5491.0
Kepler-1059 b,Kepler-1059,2016,Transit,3.764191048,0.0,,,0.15434026,0.0115,0.75,4906.0
HD 86728 b,HD 86728,2025,Radial Velocity,31.1515,0.067,0.065,-0.046,0.27,0.0296701,0.967,5610.0
Kepler-518 b,Kepler-518,2016,Transit,8.512035877,0.0,,,0.18824159,0.016,0.96,5842.0
Kepler-28 b,Kepler-28,2011,Transit,5.91,0.0,,,0.17477057,0.00512855,0.684,4499.3
HD 63433 c,HD 63433,2020,Transit,20.5438281,0.21,0.33,-0.14,0.24,0.04889116,0.956,5553.0
Kepler-49 d,Kepler-49,2014,Transit,2.576549,0.0,,,0.143,0.7424824,0.549,4252.0
HD 114729 b,HD 114729,2002,Radial Velocity,1121.79,0.079,0.029,-0.032,1.24,0.825,0.936,5844.0
Kepler-107 c,Kepler-107,2014,Transit,4.901452,0.08,,,0.14247504,0.03146352,1.238,5854.0
Kepler-88 d,KOI-142,2020,Radial Velocity,1403.0,0.41,0.03,-0.03,1.17,3.0504646,0.99,5466.0
TOI-2095 b,TOI-2095,2023,Transit,17.66484,0.0,,,0.11151772,0.01290004,0.44,3759.0
WASP-67 b,WASP-67,2012,Transit,4.61442,0.0,,,1.15,0.43,0.91,5200.0
Kepler-1755 b,Kepler-1755,2021,Transit,24.81209946,0.0,,,0.52786987,0.0924,1.003,6086.0
Teegarden's Star c,Teegarden's Star,2019,Radial Velocity,11.416,0.04,0.07,-0.03,0.0912,0.00330367,0.097,3034.0
TOI-2000 b,TOI-2000,2023,Transit,3.09833,0.0,,,0.241,0.0347,1.082,5611.0
WASP-131 b,WASP-131,2016,Transit,5.3220125,0.0,,,1.226,0.273,1.06,5990.0
HD 144899 b,HD 144899,2022,Radial Velocity,40.43914,0.821,0.078,-0.171,0.425,0.064,1.16,6126.0
Kepler-9 c,Kepler-9,2010,Transit,38.9853,0.06691,0.0001,-0.00012,0.72084932,0.09407545,1.022,5774.0
HD 219828 b,HD 219828,2007,Radial Velocity,3.83483,0.091,0.021,-0.025,0.409,0.06,1.04,5891.0
OGLE-TR-113 b,OGLE-TR-113,2004,Transit,1.4324752,0.0,,,1.093,1.26,0.779,4790.0
HD 156279 c,HD 156279,2016,Radial Velocity,4818.25358,0.261,0.006,-0.006,1.11,9.75,0.94,5453.0
Kepler-1041 b,Kepler-1041,2016,Transit,24.7576421,0.0,,,0.26228923,0.0282,1.06,5957.0
Kepler-877 b,Kepler-877,2016,Transit,18.45847097,0.0,,,0.18913373,0.0162,0.85,5261.0
HD 135694 b,HD 135694,2023,Transit,15.923475568,0.0,,,0.25488491,0.01919275,1.02,5712.0
TIC 237913194 b,TIC 237913194,2020,Transit,15.168865,0.575,0.011,-0.011,1.117,1.942,1.026,5788.0
Kepler-1578 b,Kepler-1578,2016,Transit,1.450886907,0.0,,,0.09278259,0.00352,0.9,5545.0
TOI-776 c,TOI-776,2020,Transit,15.665323,0.089,0.048,-0.054,0.18262142,0.02170983,0.542,3725.0
Kepler-212 b,Kepler-212,2014,Transit,16.257582,0.0,,,0.097,0.00416,1.166,5852.0
Kepler-1577 b,Kepler-1577,2016,Transit,6.30560247,0.0,,,0.10081185,0.00474,0.78,4862.0
Kepler-257 b,Kepler-257,2014,Transit,2.382667,0.0,,,0.233,0.023,0.916,5180.0
WASP-61 b,WASP-61,2012,Transit,3.8559,0.0,,,1.41,2.68,1.82,6250.0
Kepler-165 b,Kepler-165,2014,Transit,8.180848,0.0,,,0.207,0.0189,0.746,5211.0
Kepler-55 d,Kepler-55,2014,Transit,2.211099,0.0,,,0.142,0.00993,0.631,4503.0
HD 27894 b,HD 27894,2005,Radial Velocity,18.01939,0.047,0.012,-0.011,1.26,0.619,0.81,4875.0
Kepler-1700 b,Kepler-1700,2020,Transit,234.239,0.0,,,0.2588366,0.0276,1.12,6031.0
TOI-2093 b,TOI-2093,2025,Radial Velocity,12.836,0.0,,,0.29,0.03335133,0.745,4426.0
HD 45364 b,HD 45364,2008,Radial Velocity,225.79,0.067,0.016,-0.016,0.805,0.1893,0.82,5466.0
Kepler-1608 b,Kepler-1608,2016,Transit,16.4735686,0.0,,,0.15434026,0.0115,0.75,4992.0
HATS-11 b,HATS-11,2016,Transit,3.619188,0.34,,,1.60852886,0.83,1.33,6563.0
EPIC 201757695.02,EPIC 201757695,2020,Transit,2.0478,0.0,,,0.08102328,0.00217,0.727,4520.0
Kepler-152 b,Kepler-152,2014,Transit,18.207973,0.0,,,0.249,0.0258,0.779,5088.0
Kepler-253 c,Kepler-253,2014,Transit,10.281951,0.0,,,0.236,0.0236,0.86,5208.0
Kepler-759 b,Kepler-759,2016,Transit,41.805985,0.0,,,0.20251584,0.0182,1.04,5860.0
V1298 Tau c,V1298 Tau,2019,Transit,8.249164,0.0094,,,0.45320802,0.01478785,1.1,4970.0
HIP 8152 c,HIP 8152,2023,Transit,19.60562,0.2,0.1,-0.1,0.22521451,0.03366596,0.9373,5618.0
DE CVn b,DE CVn,2018,Eclipse Timing Variations,4098.1,0.0,,,1.1,12.02930278,0.51,3579.0
HATS-29 b,HATS-29,2016,Transit,4.6058749,0.158,,,1.251,0.653,1.032,5670.0
Kepler-365 c,Kepler-365,2014,Transit,17.784129,0.0,,,0.146,0.0105,1.02,6012.0
TOI-942 c,TOI-942,2020,Transit,10.156272,0.32,0.23,-0.16,0.41663021,0.11641444,0.822,4969.0
Kepler-899 b,Kepler-899,2016,Transit,19.17891293,0.0,,,0.23909359,0.0241,0.93,5595.0
TOI-3474 b,TOI-3474,2025,Transit,3.8795105,0.13,,,1.309,0.61,1.121,6020.0
Kepler-1328 b,Kepler-1328,2016,Transit,4.52158888,0.0,,,0.08742974,0.00284,1.0,5780.0
Kepler-1329 b,Kepler-1329,2016,Transit,9.33646594,0.0,,,0.19359443,0.0168,0.72,4500.0
Kepler-825 c,Kepler-825,2016,Transit,8.1818246,0.0,,,0.1641538,0.0127,1.03,5976.0
Kepler-281 c,Kepler-281,2014,Transit,36.337373,0.0,,,0.474,0.5069528,0.95,5723.0
Kepler-382 b,Kepler-382,2014,Transit,5.262155,0.0,,,0.118,0.00724,1.002,5600.0
TOI-4329 b,TOI-4329,2022,Transit,2.9223,0.068,0.079,-0.079,1.5,0.45,1.538,6000.0
Kepler-1106 b,Kepler-1106,2016,Transit,1.252752174,0.0,,,0.14720314,0.0106,1.11,6104.0
WASP-129 b,WASP-129,2016,Transit,5.748145,0.096,,,0.93,1.0,1.0,5900.0
Kepler-171 c,Kepler-171,2014,Transit,11.463462,0.0,,,0.228,0.0223,0.978,5642.0
HD 86264 b,HD 86264,2009,Radial Velocity,1488.79123,0.821,0.101,-0.185,1.11,9.808,1.26,6210.0
WASP-33 b,WASP-33,2010,Transit,1.21987,0.0,,,1.593,2.093,1.495,7430.0
eps Eri b,eps Eri,2000,Radial Velocity,2680.0,0.06,0.06,-0.04,1.23,1.0,0.82,5020.38
GJ 3929 c,GJ 3929,2022,Radial Velocity,15.04,0.0,,,0.201,0.01796567,0.313,3384.0
HD 66141 b,HD 66141,2012,Radial Velocity,480.5,0.07,0.03,-0.03,1.14,6.0,1.1,4323.0
Kepler-835 b,Kepler-835,2016,Transit,11.41909375,0.0,,,0.24890713,0.0258,1.08,5954.0
Kepler-1666 c,Kepler-1666,2020,Transit,40.7157,0.0,,,0.28866513,0.0332,1.23,6293.0
Kepler-1341 b,Kepler-1341,2016,Transit,132.9968322,0.0,,,0.26674993,0.029,0.79,4662.0
HAT-P-23 b,HAT-P-23,2010,Transit,1.212884,0.106,0.044,-0.044,1.368,2.09,1.13,5905.0
Kepler-396 b,Kepler-396,2013,Transit,42.994,0.0,,,0.312,0.238,0.85,5656.0
gam Cep b,gam Cep,2003,Radial Velocity,913.0,0.15,0.07,-0.05,1.13,6.6,1.27,4775.0
Kepler-1143 b,Kepler-1143,2016,Transit,2.888904849,0.0,,,0.14898742,0.0108,0.81,5053.0
Kepler-1801 b,Kepler-1801,2021,Transit,10.44089985,0.0,,,0.24170454,0.0245,0.936,5738.0
Kepler-136 b,Kepler-136,2014,Transit,11.5789,0.0,,,0.183,0.062,1.204,6165.0
WASP-120 b,WASP-120,2016,Transit,3.61126721,0.057,0.022,-0.018,1.39,4.85,1.393,6450.0
WASP-72 b,WASP-72,2012,Transit,2.21673,0.0,,,1.29,2.3,2.78,6250.0
Kepler-244 d,Kepler-244,2014,Transit,20.050401,0.0,,,0.206,0.048,0.933,5554.0
HD 118203 b,HD 118203,2005,Radial Velocity,6.1349779,0.3136,0.0075,-0.0075,1.14,2.14,1.27,5742.0
Kepler-146 c,Kepler-146,2014,Transit,76.732171,0.0,,,0.279,0.0313,1.079,5948.0
KOI-4777.01,KOI-4777,2022,Transit,0.412,0.0,,,0.04549923,0.3121181,0.41,3515.0
NY Vir c,NY Vir,2019,Eclipse Timing Variations,8799.0,0.15,0.01,-0.01,1.14,5.54,0.459,32780.0
Kepler-166 b,Kepler-166,2014,Transit,7.650254,0.0,,,0.203,0.0182,0.811,5413.0
HATS-4 b,HATS-4,2014,Transit,2.516729,0.013,0.016,-0.016,1.02,1.323,1.001,5403.0
Kepler-507 b,Kepler-507,2016,Transit,3.568096926,0.0,,,0.11597823,0.01792452,1.16,6113.0
Kepler-121 b,Kepler-121,2014,Transit,3.177422,0.0,,,0.209,0.0191,0.859,5311.0
TOI-2076 e,TOI-2076,2025,Transit,3.0223753,0.0,,,0.11606765,0.01478785,0.849,5187.0
HD 63433 d,HD 63433,2023,Transit,4.209075,0.16,0.36,-0.12,0.09572681,0.00394,0.99,5688.0
Kepler-172 d,Kepler-172,2014,Transit,14.627119,0.0,,,0.201,0.0179,1.081,5526.0
Kepler-1204 b,Kepler-1204,2016,Transit,85.7350285,0.0,,,0.27210277,0.03,1.03,5825.0
Kepler-705 b,Kepler-705,2016,Transit,56.0560538,0.0,,,0.18824159,0.016,0.53,3722.0
TOI-238 c,TOI-238,2024,Radial Velocity,8.465651,0.36,,,0.19448691,0.02108056,0.79,5059.0
Kepler-716 c,Kepler-716,2020,Transit,3.96999,0.0,,,0.12425866,0.00793,0.83,5012.0
HD 166724 b,HD 166724,2012,Radial Velocity,5144.0,0.734,0.02,-0.02,1.16,3.8,0.81,5127.0
HD 131496 b,HD 131496,2011,Radial Velocity,896.0,0.181,0.06,-0.06,1.2,1.8,1.34,4846.0
HD 163607 b,HD 163607,2012,Radial Velocity,75.2203,0.7441,0.0071,-0.0071,1.24,0.7836,1.12,5522.0
Kepler-1858 b,Kepler-1858,2021,Transit,88.07160187,0.0,,,0.21604841,0.0203,0.785,4939.0
KOI-13 b,KOI-13,2011,Transit,1.763588,0.00064,0.00012,-0.00016,1.512,9.28,1.72,7650.0
AU Mic d,AU Mic,2023,Transit Timing Variations,12.73596,0.00305,0.00104,-0.00104,0.0912,0.00331,0.51,3678.0
Kepler-728 b,Kepler-728,2016,Transit,5.743477265,0.0,,,0.29797484,0.035,0.95,5660.0
Kepler-563 b,Kepler-563,2016,Transit,22.18432708,0.0,,,0.27567134,0.0307,0.8,5066.0
Kepler-221 d,Kepler-221,2014,Transit,10.04156,0.0,,,0.244,0.01135833,0.854,5243.0
Kepler-595 b,Kepler-595,2016,Transit,25.3029092,0.0,,,0.3308056,0.05474625,0.93,5138.5
Kepler-296 f,Kepler-296,2014,Transit,63.33627,0.33,,,0.16058524,0.0123,0.498,3740.0
HD 173416 b,HD 173416,2008,Radial Velocity,322.03,0.208,0.089,-0.094,1.2,1.841,2.0,4683.0
Kepler-534 b,Kepler-534,2016,Transit,15.95994513,0.0,,,0.19983941,0.0178,1.05,5884.0
TOI-1736 c,TOI-1736,2023,Radial Velocity,571.25,0.3685,0.0021,-0.0021,1.12,8.7,1.0373,5636.0
TOI-5789 b,TOI-5789,2026,Radial Velocity,2.76369,0.0,,,0.112,0.00667027,0.821,5185.0
TOI-512 b,TOI-512,2025,Transit,7.18886,0.02,0.06,-0.03,0.13738983,0.01123248,0.74,5277.0
Kepler-1270 b,Kepler-1270,2016,Transit,6.03356196,0.0,,,0.29619056,0.0346,1.28,5047.0
Kepler-1370 b,Kepler-1370,2016,Transit,20.2641684,0.0,,,0.1641538,0.0127,1.19,6202.0
Kepler-172 c,Kepler-172,2014,Transit,6.388996,0.0,,,0.255,0.0269,1.081,5526.0
Kepler-1429 b,Kepler-1429,2016,Transit,4.48487493,0.0,,,0.11508609,0.00696,1.05,5902.0
Kepler-419 c,Kepler-419,2014,Transit Timing Variations,675.47,0.184,0.002,-0.002,1.13,7.3,1.39,6430.0
K2-266 d,K2-266,2018,Transit,14.697,0.047,0.043,-0.032,0.26139709,0.02800239,0.686,4285.0
HD 75784 b,HD 75784,2014,Radial Velocity,341.2,0.097,0.063,-0.063,1.23,1.0,1.26,4867.0
Kepler-1022 b,Kepler-1022,2016,Transit,10.99469878,0.0,,,0.2105451,0.0194,0.71,4445.0
Kepler-1321 d,Kepler-1321,2021,Transit,5.720920086,0.0,,,0.23449392,0.0233,0.513,3640.0
Kepler-433 b,Kepler-433,2015,Transit,5.33408384,0.119,0.079,-0.079,1.45,2.82,1.46,6360.0
Kepler-886 b,Kepler-886,2016,Transit,6.24146367,0.0,,,0.13560532,0.0092,1.1,6098.0
Kepler-1340 b,Kepler-1340,2016,Transit,0.665026916,0.0,,,0.13828174,0.00951,1.27,6331.0
HD 110113 c,HD 110113,2021,Radial Velocity,6.744,0.045,0.079,-0.038,0.18858523,0.03303653,0.997,5732.0
Kepler-220 b,Kepler-220,2014,Transit,4.159807,0.0,,,0.072,0.00144,0.729,4632.0
HD 99706 b,HD 99706,2011,Radial Velocity,841.0,0.25,0.16,-0.16,1.22,1.23,1.46,4862.0
Kepler-1472 b,Kepler-1472,2016,Transit,38.1312831,0.0,,,0.16950665,0.0134,1.16,6159.0
Kepler-133 b,Kepler-133,2014,Transit,8.129976,0.0,,,0.157,0.0118,1.02,5736.0
GJ 3138 d,GJ 3138,2017,Radial Velocity,257.8,0.32,0.2,-0.21,0.288,0.03303653,0.681,3717.0
Kepler-283 c,Kepler-283,2014,Transit,92.743711,0.0,,,0.162,0.0125,0.596,4351.0
Kepler-444 b,Kepler-444,2015,Transit,3.6001053,0.16,0.21,-0.1,0.036,0.000118,0.758,5046.0
Kepler-631 b,Kepler-631,2016,Transit,17.97979059,0.0,,,0.25872067,0.0275,1.24,6185.0
Kepler-1086 b,Kepler-1086,2016,Transit,18.78425728,0.0,,,0.21768222,0.0205,0.7,4350.0
Kepler-998 b,Kepler-998,2016,Transit,5.65377733,0.0,,,0.20697654,0.0189,1.12,6058.0
HD 20781 e,HD 20781,2019,Radial Velocity,85.5073,0.06,0.06,-0.04,0.342,0.0442,0.7,5256.0
Kepler-1023 b,Kepler-1023,2016,Transit,62.1387714,0.0,,,0.23463288,0.0233,0.93,5494.0
Kepler-104 c,Kepler-104,2014,Transit,23.668205,0.0,,,0.279,0.02247458,0.818,5711.0
Kepler-576 b,Kepler-576,2016,Transit,29.91136794,0.0,,,0.29172986,0.0338,0.99,5672.0
TOI-1338 c,TOI-1338 A,2023,Radial Velocity,215.79,0.037,0.032,-0.026,0.92,0.23723493,1.0936,5723.2
Kepler-1115 b,Kepler-1115,2016,Transit,23.5540725,0.0,,,0.15166384,0.0111,1.6,8480.0
KIC 5437945 b,KIC 5437945,2015,Transit,440.7813,0.0,,,0.57096976,0.106,1.07,6340.0
Kepler-1859 c,Kepler-1859,2023,Transit,3.59645081,0.0,,,0.14809554,0.0107,1.09,5887.0
HD 95544 b,HD 95544,2021,Radial Velocity,2041.54152,0.049,0.045,-0.029,1.14,6.021,1.01,5722.0
HD 132406 b,HD 132406,2007,Radial Velocity,908.0,0.25,0.063,-0.075,1.14,5.94,0.973,5766.0
TOI-5688 A b,TOI-5688 A,2024,Transit,2.94815527,0.128,0.078,-0.077,0.92,0.39,0.6,3713.0
Kepler-1201 b,Kepler-1201,2016,Transit,15.18725932,0.0,,,0.20430012,0.0184,1.15,6177.0
Kepler-370 c,Kepler-370,2014,Transit,19.02293,0.0,,,0.17,0.0136,0.982,5852.0
Kepler-1570 b,Kepler-1570,2016,Transit,26.548955,0.0,,,0.09545901,0.0039,0.92,5550.0
HD 159243 c,HD 159243,2013,Radial Velocity,248.4,0.075,0.05,-0.05,1.2,1.9,1.125,6123.0
Kepler-33 d,Kepler-33,2011,Transit,21.77596,0.0,,,0.477,0.01230217,1.291,5904.0
Kepler-232 c,Kepler-232,2014,Transit,11.379349,0.0,,,0.342,0.0442,0.97,5847.0
HD 80883 b,HD 80883,2022,Radial Velocity,6383.78352,0.203,0.185,-0.121,1.14,5.5,0.88,5177.91
Kepler-1505 b,Kepler-1505,2016,Transit,30.8609366,0.0,,,0.08296904,0.00236,0.93,5686.0
K2-18 c,K2-18,2017,Radial Velocity,8.962,0.47,,,0.236,0.02362898,0.359,3457.0
WASP-92 b,WASP-92,2016,Transit,2.1746742,0.0,,,1.461,0.805,1.19,6280.0
Kepler-949 c,Kepler-949,2023,Transit,20.99757968,0.0,,,0.26496611,0.0287,0.817,5211.0
tau Cet g,tau Cet,2017,Radial Velocity,20.0,0.06,0.13,-0.06,0.105,0.00550609,0.783,5310.0
Kepler-151 b,Kepler-151,2014,Transit,15.228958,0.0,,,0.273,0.0302,0.87,5460.0
Kepler-1290 b,Kepler-1290,2016,Transit,4.69500134,0.0,,,0.12668391,0.00819,0.95,5660.0
TOI-201 b,TOI-201,2021,Transit,52.9786,0.275,0.009,-0.009,1.01704163,0.51600171,1.32,6423.0
Kepler-1025 b,Kepler-1025,2016,Transit,37.3229493,0.0,,,0.17664377,0.0144,1.09,6089.0
WASP-16 b,WASP-16,2009,Transit,3.1186,0.0,,,1.22,1.24,1.78,5700.0
Kepler-366 b,Kepler-366,2014,Transit,3.281959,0.0,,,0.13,0.00859,1.088,6209.0
Kepler-207 d,Kepler-207,2014,Transit,5.868075,0.0,,,0.295,0.0345,1.313,5920.0
Kepler-1924 b,Kepler-1924,2021,Transit,15.33170033,0.0,,,0.23681598,0.0237,1.018,5726.0
Kepler-1767 b,Kepler-1767,2021,Transit,59.65829849,0.0,,,0.26880149,0.0294,0.887,5243.0
Kepler-1654 b,Kepler-1654,2018,Transit,1047.8356,0.26,0.21,-0.11,0.819,0.5,1.011,5597.0
GJ 740 b,GJ 740,2021,Radial Velocity,2.37756,0.24,0.15,-0.14,0.137,0.00931315,0.58,3913.0
Kepler-1524 b,Kepler-1524,2016,Transit,70.9674603,0.0,,,0.31581765,0.0386,1.17,6179.0
Kepler-68 d,Kepler-68,2013,Radial Velocity,632.62,0.102,0.016,-0.016,1.24,0.84007174,1.057,5847.0
Kepler-359 c,Kepler-359,2014,Transit,57.68802,0.0,,,0.384,0.00912437,0.827,6248.0
TOI-1181 b,TOI-1181,2022,Transit,2.103189,0.011,0.007,-0.008,1.519,1.179,1.467,6054.0
Kepler-324 e,Kepler-324,2021,Transit,13.97939968,0.0,,,0.1818742,0.73943674,0.844,5191.0
HD 177830 b,HD 177830,1999,Radial Velocity,410.10001,0.1,0.05,-0.05,1.2,1.69,1.7,4901.0
Kepler-279 b,Kepler-279,2014,Transit,12.309681,0.0,,,0.323,13.15467689,1.2,6363.0
Kepler-147 b,Kepler-147,2014,Transit,12.610584,0.0,,,0.136,0.0093,1.145,6012.0
WASP-108 b,WASP-108,2020,Transit,2.67555212374,0.0,,,1.35,0.892,1.167,6783.0
TOI-1853 b,TOI-1853,2023,Transit,1.2436258,0.03,,,0.30868106,0.23031296,0.837,4985.0
Kepler-1521 b,Kepler-1521,2016,Transit,47.14840805,0.0,,,0.22303506,0.0214,0.81,5042.0
HD 60532 b,HD 60532,2008,Radial Velocity,201.9,0.26,0.02,-0.02,1.23,1.06,1.5,6245.0
HD 209458 b,HD 209458,1999,Radial Velocity,3.52474859,0.0,,,1.39,0.73,1.23,6091.0
Kepler-238 c,Kepler-238,2014,Transit,6.155557,0.0,,,0.213,0.47988788,1.229,5751.0
Kepler-1901 b,Kepler-1901,2021,Transit,3.484129906,0.0,,,0.13151857,0.00873,1.022,5696.0
Kepler-55 c,Kepler-55,2012,Transit,42.1516418,0.0,,,0.197,0.22,0.62,4362.0
Kepler-673 b,Kepler-673,2016,Transit,3.728731093,0.0,,,0.58345972,0.11,0.88,5355.0
GJ 676 A d,GJ 676 A,2012,Radial Velocity,3.60076,0.192,0.073,-0.079,0.159,0.012,0.626,3734.0
Kepler-218 b,Kepler-218,2014,Transit,3.619337,0.0,,,0.132,0.00879,1.019,5502.0
WASP-78 b,WASP-78,2012,Transit,2.17518,0.0,,,1.93,1.11,1.87,6100.0
Kepler-620 b,Kepler-620,2016,Transit,12.91375431,0.0,,,0.29619056,0.0346,1.15,6155.0
Kepler-1330 b,Kepler-1330,2016,Transit,10.10769068,0.0,,,0.14720314,0.0106,0.97,5608.0
TOI-2989 b,TOI-2989,2025,Transit,3.122832,0.0,,,1.12,3.0,0.77,4672.0
Kepler-424 b,Kepler-424,2014,Transit,3.3118644,0.0,,,0.89,1.03,1.01,5460.0
Kepler-349 c,Kepler-349,2014,Transit,12.247629,0.0,,,0.175,0.0142,1.083,5956.0
Kepler-1231 b,Kepler-1231,2016,Transit,10.41725184,0.0,,,0.12668391,0.00819,1.01,5778.0
Kepler-274 b,Kepler-274,2014,Transit,11.634788,0.0,,,0.137,0.0094,0.883,6023.0
Kepler-280 c,Kepler-280,2014,Transit,4.807091,0.0,,,0.179,0.0148,0.962,5744.0
TOI-163 b,TOI-163,2019,Transit,4.231306,0.0,,,1.489,1.22,1.4352,6495.0
Kepler-969 b,Kepler-969,2016,Transit,34.1731714,0.0,,,0.18467303,0.0155,0.92,5214.0
Kepler-359 b,Kepler-359,2014,Transit,25.563222,0.0,,,0.315,0.0384,0.827,6248.0
Kepler-1385 b,Kepler-1385,2016,Transit,2.88879862,0.0,,,0.07583192,0.00171,1.15,5732.0
Kepler-369 c,Kepler-369,2014,Transit,14.871572,0.0,,,0.126,0.00809,0.5,3591.0
TOI-431 b,TOI-431,2021,Transit,0.490047,0.0,,,0.11419415,0.0096593,0.78,4850.0
WASP-102 b,WASP-102,2025,Transit,2.709813,0.0,,,1.33,0.622,1.08,5990.0
Kepler-645 b,Kepler-645,2016,Transit,3.275822621,0.0,,,0.18734945,0.0159,1.13,6170.0
GJ 480 b,GJ 480,2020,Radial Velocity,9.5536,0.0,,,0.26,0.0276879,0.45,3509.0
gam Psc b,gam Psc,2021,Radial Velocity,555.1,0.204,0.114,-0.141,1.22,1.34,0.99,4742.0
Kepler-1253 b,Kepler-1253,2016,Transit,68.8861915,0.0,,,0.11865465,0.00733,0.97,5850.0
Kepler-65 b,Kepler-65,2012,Transit,2.15491,0.028,0.031,-0.02,0.127,0.0076,1.25,6211.0
TOI-1467 b,TOI-1467,2024,Transit,5.97114713,0.0,,,0.17129122,0.02831717,0.489,3834.0
RR Cae b,RR Cae,2012,Eclipse Timing Variations,4343.5,0.0,,,1.16,4.2,0.44,3904.0
WASP-186 b,WASP-186,2020,Transit,5.026799,0.33,0.01,-0.01,1.11,4.22,1.22,6361.0
Kepler-832 b,Kepler-832,2016,Transit,7.1396941,0.0,,,0.18378089,0.0154,0.92,5596.0
Kepler-281 d,Kepler-281,2021,Transit,148.2720032,0.0,,,0.52970723,2.05771412,0.984,5717.0
DMPP-3 A b,DMPP-3 A,2019,Radial Velocity,5.59,0.42,0.17,-0.17,0.129,0.00840076,0.9,5138.0
Kepler-1889 b,Kepler-1889,2021,Transit,37.30369949,0.0,,,0.26261147,0.0282,0.864,5646.0
TOI-5340 b,TOI-5340,2025,Transit,4.9394392,0.13,,,1.345,0.85,1.35,5990.0
Kepler-988 b,Kepler-988,2016,Transit,17.76080053,0.0,,,0.18467303,0.0155,0.55,4005.0
K2-117 c,K2-117,2017,Transit,5.444017,0.15,0.178886,-0.115822,0.18378089,0.0154,0.54,3778.0
Kepler-400 c,Kepler-400,2014,Transit,17.340824,0.0,,,0.133,0.00889,1.08,5886.0
WASP-118 b,WASP-118,2016,Transit,4.0460435,0.0,,,1.44,0.514,1.32,6410.0
TOI-1278 b,TOI-1278,2021,Transit,14.47567,0.013,0.004,-0.004,1.09,18.5,0.54,3799.0
HD 12235 b,HD 12235,2022,Radial Velocity,4.36305,0.376,0.11,-0.254,0.288,0.033,1.1,5986.0
Kepler-364 b,Kepler-364,2014,Transit,25.745718,0.0,,,0.138,0.00951,1.076,6108.0
Kepler-732 c,Kepler-732,2016,Transit,0.893041236,0.0,,,0.11330181,0.00678,0.49,3631.0
HD 220689 b,HD 220689,2012,Radial Velocity,2266.4,0.054,0.061,-0.038,1.22,1.2,1.016,5921.0
Kepler-444 f,Kepler-444,2015,Transit,9.740486,0.29,0.2,-0.19,0.066,0.00104,0.758,5046.0
Kepler-222 c,Kepler-222,2014,Transit,10.08881,0.0,,,0.414,0.0612,0.933,5433.0
K2-107 b,K2-107,2017,Transit,3.313959,0.0,,,1.42564011,0.84,1.3,6061.0
Kepler-999 b,Kepler-999,2016,Transit,5.991857017,0.0,,,0.20876082,0.0191,1.29,6237.0
GJ 887 c,GJ 887,2020,Radial Velocity,21.784,0.17,0.06,-0.06,0.217,0.02045129,0.495,3688.0
Kepler-524 b,Kepler-524,2016,Transit,7.97419807,0.0,,,0.17039879,0.0136,1.09,6014.0
Kepler-291 c,Kepler-291,2014,Transit,5.700786,0.0,,,0.168,0.0132,1.023,6002.0
WASP-132 c,WASP-132,2022,Transit,1.01153624,0.0,,,0.1642433,0.01969616,0.789,4686.0
V1298 Tau d,V1298 Tau,2019,Transit,12.401394,0.0087,,,0.58256858,0.01887811,1.1,4970.0
LHS 1140 b,LHS 1140,2017,Transit,24.73723,0.043,,,0.15434053,0.01761957,0.1844,3096.0
Kepler-1491 b,Kepler-1491,2016,Transit,16.5861762,0.0,,,0.13471318,0.00909,1.0,5728.0
Kepler-177 b,Kepler-177,2013,Transit,36.8601,0.0,,,0.31224909,0.0183746,0.921,5732.0
Kepler-1528 b,Kepler-1528,2016,Transit,1.791110205,0.0,,,0.13025248,0.00859,1.03,5857.0
Kepler-376 c,Kepler-376,2014,Transit,14.172327,0.0,,,0.16,0.0121,0.968,5900.0
Kepler-1075 b,Kepler-1075,2016,Transit,1.52372816,0.0,,,0.12668391,0.00819,0.56,3959.0
Kepler-160 c,Kepler-160,2014,Transit,13.699429,0.0,,,0.33544473,0.0428,1.003,5471.0
HAT-P-36 b,HAT-P-36,2011,Transit,1.32734683,0.063,0.021,-0.023,1.277,1.8482,1.03,5620.0
Kepler-368 b,Kepler-368,2014,Transit,26.84768,0.0,,,0.291,0.0336,1.165,5502.0
Kepler-192 b,Kepler-192,2014,Transit,9.926746,0.0,,,0.244,0.025,1.028,5479.0
HAT-P-12 b,HAT-P-12,2009,Transit,3.2130598,0.0,,,0.959,0.211,0.733,4650.0
Kepler-115 b,Kepler-115,2014,Transit,2.403679,0.0,,,0.097,0.00416,1.042,5979.0
Kepler-527 b,Kepler-527,2016,Transit,13.28535633,0.0,,,0.25336783,0.0266,1.28,6388.0
HD 190647 b,HD 190647,2007,Radial Velocity,1176.45,0.224,0.014,-0.014,1.19,1.985,1.069,5656.0
GJ 3473 b,GJ 3473,2020,Transit,1.1980035,0.0,,,0.11276653,0.00585219,0.36,3347.0
Kepler-183 b,Kepler-183,2014,Transit,5.687945,0.0,,,0.184,0.0154,0.99,5888.0
TOI-216.01,TOI-216,2019,Transit,34.525528,0.0046,0.0027,-0.0012,0.9010632,0.56,0.77,5026.0
HD 37605 b,HD 37605,2004,Radial Velocity,55.01292,0.6745,0.0019,-0.0019,1.18,2.69,0.94,5329.0
Kepler-1735 b,Kepler-1735,2021,Transit,7.71792984,0.0,,,0.10654772,0.00578,0.535,3975.0
Kepler-1618 b,Kepler-1618,2016,Transit,6.10826019,0.0,,,0.11240967,0.00669,1.41,6620.0
Kepler-1455 b,Kepler-1455,2016,Transit,49.276764,0.0,,,0.19270229,0.0167,0.62,4075.0
Kepler-296 e,Kepler-296,2014,Transit,34.14211,0.33,,,0.13649746,0.0093,0.498,3740.0
TOI-4311 c,TOI-4311,2026,Transit,15.070425,0.22,,,0.22035902,0.04272746,0.816,5063.0
Kepler-325 b,Kepler-325,2014,Transit,4.544439,0.0,,,0.26,0.0277,0.914,5752.0
Kepler-1376 b,Kepler-1376,2016,Transit,5.30880656,0.0,,,0.09367473,0.00364,0.98,5659.0
EPIC 220674823 c,EPIC 220674823,2016,Transit,13.340603,0.18,0.038,-0.048,0.24194885,0.02485618,0.913,5578.0
TOI-1823 b,TOI-1823,2024,Transit,38.8,0.0,,,0.67273058,0.21206412,0.8414,4927.0
Kepler-1190 b,Kepler-1190,2016,Transit,10.45843441,0.0,,,0.11865465,0.00733,0.76,4730.0
WASP-81 b,WASP-81,2017,Transit,2.7164762,0.066,,,1.429,0.729,1.08,5870.0
Kepler-154 c,Kepler-154,2014,Transit,62.303276,0.0,,,0.263,0.0283,0.933,5690.0
TOI-1774.01,TOI-1774,2021,Transit,16.70988,0.05,0.07,-0.03,0.24801541,0.02674399,0.991,5746.0
TOI-2134 b,TOI-2134,2023,Transit,9.229198,0.067,0.022,-0.022,0.24400078,0.02948132,0.744,4580.0
Kepler-1194 b,Kepler-1194,2016,Transit,16.22371307,0.0,,,0.13471318,0.00909,0.94,5590.0
Kepler-352 d,Kepler-352,2021,Transit,6.887279987,0.0,,,0.07193164,0.00141,0.796,5208.0
TOI-2076 c,TOI-2076,2021,Transit,21.01447,0.036,,,0.31581819,0.02265373,0.849,5187.0
HIP 97166 b,HIP 97166,2021,Transit,10.288914,0.29,0.072,-0.072,0.2212631,0.06009532,0.9342,5216.0
HD 5388 b,HD 5388,2010,Radial Velocity,772.5,0.41,0.02,-0.02,1.17,3.2,1.21,6297.0
TOI-558 b,TOI-558,2021,Transit,14.574071,0.298,0.022,-0.02,1.086,3.61,1.349,6466.0
Kepler-176 c,Kepler-176,2014,Transit,12.759712,0.0,,,0.232,0.00418465,0.86,5232.0
KOI-94 d,KOI-94,2013,Transit,22.342989,0.022,0.038,-0.038,1.005,0.334,1.277,6182.0
Kepler-833 b,Kepler-833,2016,Transit,18.7546998,0.0,,,0.18021233,0.0149,0.64,4339.0
HD 23472 b,HD 23472,2019,Transit,17.667087,0.072,0.039,-0.04,0.17842836,0.02617765,0.67,4684.0
K2-108 b,K2-108,2017,Transit,4.733999,0.18,0.042,-0.042,0.47551075,0.18689236,1.17,5599.0
TOI-1859 b,TOI-1859,2023,Transit,63.48347,0.57,0.12,-0.16,0.87,0.216,1.287,6341.0
Kepler-914 b,Kepler-914,2016,Transit,4.40966548,0.0,,,0.12311535,0.0078,1.1,5877.0
Kepler-973 b,Kepler-973,2016,Transit,49.6077331,0.0,,,0.17485949,0.0142,0.86,5213.0
CoRoT-27 b,CoRoT-27,2014,Transit,3.57532,0.065,,,1.007,10.39,1.05,5900.0
Kepler-440 b,Kepler-440,2015,Transit,101.11141,0.34,0.12,-0.19,0.17,0.013,0.575,4134.0
Kepler-51 c,Kepler-51,2012,Transit,85.312,0.014,0.013,-0.009,0.803,0.013,1.04,6018.0
Kepler-903 b,Kepler-903,2016,Transit,10.3507721,0.0,,,0.17932019,0.0148,0.98,5682.0
HIP 54515 b,HIP 54515,2026,Imaging,33000.0,0.42,0.13,-0.14,1.08,17.7,1.9,8100.0
WASP-164 b,WASP-164,2018,Transit,1.7771255,0.0,,,1.128,2.13,0.946,5806.0
HD 5278 b,HD 5278,2021,Transit,14.339156,0.08,0.09,-0.05,0.21857474,0.02454154,1.126,6203.0
K2-237 b,K2-237,2018,Transit,2.18053332,0.03,0.033,-0.021,1.433,1.366,1.256,6180.0
Kepler-331 d,Kepler-331,2014,Transit,32.134328,0.0,,,0.146,0.0105,0.653,4347.0
WASP-156 b,WASP-156,2017,Transit,3.8361629,0.16,,,0.5486672,0.13214678,0.8712,5036.0
TOI-5322 b,TOI-5322,2025,Transit,5.4233207,0.055,,,1.482,0.579,0.998,5692.0
HD 290327 b,HD 290327,2009,Radial Velocity,2443.0,0.08,0.05,-0.05,1.18,2.43,0.84,5505.0
Kepler-1810 b,Kepler-1810,2021,Transit,101.1330032,0.0,,,0.34955482,0.0459,0.921,5492.0
Kepler-299 c,Kepler-299,2014,Transit,6.885875,0.0,,,0.236,0.0236,1.004,5617.0
Kepler-997 b,Kepler-997,2016,Transit,2.707306716,0.0,,,0.12133107,0.00761,1.22,6150.0
Kepler-1160 b,Kepler-1160,2016,Transit,7.97034958,0.0,,,0.19091801,0.0164,0.92,5519.0
Kepler-162 b,Kepler-162,2014,Transit,6.919798,0.0,,,0.112,0.00669,1.053,5816.0
Kepler-975 c,Kepler-975,2023,Transit,5.05821338,0.0,,,0.95369956,0.252,0.951,4883.0
Kepler-247 b,Kepler-247,2014,Transit,3.33616,0.0,,,0.146,0.0105,0.887,5100.0
HD 2039 b,HD 2039,2002,Radial Velocity,1120.0,0.71,0.05,-0.05,1.14,6.29,1.23,5945.0
Kepler-1336 c,Kepler-1336,2016,Transit,5.77721211,0.0,,,0.15255598,0.0112,0.94,5512.0
TOI-216.02,TOI-216,2019,Transit,17.16073,0.16,0.003,-0.002,0.71371342,0.059,0.77,5026.0
Kepler-978 b,Kepler-978,2016,Transit,49.6221509,0.0,,,0.26674993,0.029,1.07,6002.0
HD 89307 b,HD 89307,2009,Radial Velocity,2166.0,0.2,0.05,-0.05,1.19,2.02,1.27,5955.0
Kepler-763 c,Kepler-763,2023,Transit,4.09667624,0.0,,,0.12668413,0.00819,0.8,4999.0
Kepler-236 c,Kepler-236,2014,Transit,23.968127,0.0,,,0.178,0.0147,0.596005,3750.0
Kepler-851 b,Kepler-851,2016,Transit,8.50699658,0.0,,,0.14987956,0.0109,0.89,5455.0
TOI-2328 b,TOI-2328,2025,Transit,17.10197,0.057,0.046,-0.029,0.89,0.16,0.95,5525.0
Kepler-206 d,Kepler-206,2014,Transit,23.44281,0.0,,,0.106,0.0057,0.957,5764.0
Kepler-605 b,Kepler-605,2016,Transit,3.383538066,0.0,,,0.1284682,0.00839,0.91,5462.0
Kepler-453 b,Kepler-453,2015,Transit,240.503,0.0359,0.0088,-0.0088,0.55348381,0.05034138,0.944,5527.0
HD 5319 b,HD 5319,2007,Radial Velocity,637.1,0.092,0.025,-0.025,1.21,1.556,1.27,4871.0
TOI-2152 A b,TOI-2152,2023,Transit,3.3773512,0.057,0.068,-0.04,1.281,2.83,1.516,6630.0
HD 196067 b,HD 196067,2012,Radial Velocity,3413.7,0.56292,0.00703,-0.00703,1.11,11.4,1.16,6072.0
Kepler-1569 b,Kepler-1569,2016,Transit,5.79180156,0.0,,,0.14987956,0.0109,1.25,6319.0
Kepler-234 b,Kepler-234,2014,Transit,2.711506,0.0,,,0.33,0.0416,1.129,6224.0
Kepler-1100 b,Kepler-1100,2016,Transit,6.42200058,0.0,,,0.15612454,0.0117,1.21,6247.0
Kepler-929 b,Kepler-929,2016,Transit,0.921032135,0.0,,,0.09902757,0.00444,1.01,5869.0
HD 114386 b,HD 114386,2003,Radial Velocity,937.70001,0.23,0.03,-0.03,1.21,1.46,0.6,4836.0
Kepler-860 b,Kepler-860,2016,Transit,5.101379454,0.0,,,0.28905344,0.0332,1.04,5836.0
TOI-2524 b,TOI-2524,2023,Transit,7.18585,0.0,,,1.0,0.64,1.007,5831.0
HATS-2 b,HATS-2,2013,Transit,1.35413379,0.0,,,1.122,1.37,0.904,5227.0
K2-17 b,K2-17,2015,Transit,17.96753,0.18,0.201126,-0.152247,0.19894727,0.0176,0.71,4320.0
HIP 67537 b,HIP 67537,2017,Radial Velocity,2523.64713,0.586,0.039,-0.03,1.1,13.558,2.316,4985.0
TOI-1451 b,TOI-1451,2024,Transit,16.537944,0.0,,,0.23297739,0.04782455,1.0022,5801.0
HD 14787 b,HD 14787,2018,Radial Velocity,676.6,0.155,0.073,-0.073,1.23,1.121,1.43,4946.0
HD 4313 b,HD 4313,2009,Radial Velocity,356.21,0.147,0.047,-0.047,1.2,1.927,1.63,4943.0
HD 83443 b,HD 83443,2002,Radial Velocity,2.985628,0.012,0.007,-0.006,1.25,0.402,1.0,5442.0
WASP-106 b,WASP-106,2014,Transit,9.28969,0.023,0.027,-0.016,1.08,1.93,1.175,6002.0
HD 93083 b,HD 93083,2005,Radial Velocity,144.72,0.118,0.016,-0.015,1.28,0.451,0.836,5033.8
TOI-1259 A b,TOI-1259 A,2021,Transit,3.4779792,0.0,,,1.03488447,0.44363561,0.746,4775.0
HD 133131 A b,HD 133131 A,2016,Radial Velocity,649.0,0.33,0.03,-0.03,1.21,1.42,0.95,5799.0
HD 214823 b,HD 214823,2016,Radial Velocity,1854.84424,0.161,0.003,-0.003,1.08,18.61,1.115,6215.0
K2-181 b,K2-181,2018,Transit,6.8941,0.4,0.3,-0.22,0.23998614,0.0242,0.96,5528.0
Kepler-1039 b,Kepler-1039,2016,Transit,0.934884242,0.0,,,0.13025248,0.00859,0.79,4870.0
Kepler-206 c,Kepler-206,2014,Transit,13.137471,0.0,,,0.158,0.0119,0.957,5764.0
Kepler-1090 c,Kepler-1090,2021,Transit,42.42720032,0.0,,,0.29375176,0.0342,0.869,5330.0
HAT-P-60 b,HAT-P-60,2021,Transit,4.7947813,0.25,,,1.631,0.574,1.435,6212.0
HD 88986 b,HD 88986,2023,Radial Velocity,146.05,0.24,0.05,-0.05,0.2221433,0.05411725,1.25,5861.0
Kepler-976 b,Kepler-976,2016,Transit,105.9564148,0.0,,,0.35328754,0.0467,0.87,5232.0
Kepler-1694 b,Kepler-1694,2020,Transit,3.89526,0.0,,,0.10526009,0.00553,0.82,4954.0
Kepler-1776 b,Kepler-1776,2021,Transit,35.01190186,0.0,,,0.23298909,0.023,1.041,5872.0
HD 18143 c,HD 18143,2022,Radial Velocity,28982.41764,0.194,0.021,-0.097,1.11,9.998,0.85,5078.0
HD 219134 d,HD 219134,2015,Radial Velocity,46.859,0.138,0.025,-0.025,0.14363458,0.05087625,0.81,4699.0
WASP-123 b,WASP-123,2016,Transit,2.97764359,0.0,,,1.35,0.899,1.166,5740.0
Kepler-221 e,Kepler-221,2014,Transit,18.369917,0.0,,,0.235,0.02475254,0.854,5243.0
Kepler-280 b,Kepler-280,2014,Transit,2.139542,0.0,,,0.129,0.00849,0.962,5744.0
TOI-2202 c,TOI-2202,2021,Transit Timing Variations,24.6744,0.0622,0.0452,-0.0211,1.19,0.369,0.823,5144.0
Kepler-411 b,Kepler-411,2013,Transit,3.005156,0.146,0.005,-0.004,0.21420287,0.0805462,0.87,4974.0
Kepler-1358 b,Kepler-1358,2016,Transit,7.06317341,0.0,,,0.09991971,0.00459,0.82,5181.0
TOI-791 b,TOI-791,2026,Transit,139.29931,0.032,0.014,-0.032,0.993,0.02989034,1.28,6294.0
HD 87816 b,HD 87816,2025,Radial Velocity,484.17,0.78,0.005,-0.005,1.13,6.74,2.41,4989.0
HD 360 b,HD 360,2021,Radial Velocity,273.1,0.139,0.108,-0.104,1.25,0.75,1.69,4770.0
GJ 273 c,GJ 273,2017,Radial Velocity,4.7234,0.17,0.13,-0.12,0.0942,0.00371268,0.29,3382.0
Kepler-1436 b,Kepler-1436,2016,Transit,9.705716,0.0,,,0.11687037,0.00714,1.06,5972.0
TOI-813 b,TOI-813,2020,Transit,83.8911,0.0,,,0.5986261,0.114,1.32,5907.0
NGC 2682 Sand 978 b,NGC 2682 Sand 978,2017,Radial Velocity,511.21,0.16,0.07,-0.07,1.19,2.18,1.37,4200.0
Kepler-1571 b,Kepler-1571,2016,Transit,3.38555488,0.0,,,0.13560532,0.0092,1.23,6297.0
HAT-P-41 b,HAT-P-41,2012,Transit,2.69405,0.0,,,2.05,1.19,2.56,6390.0
HD 185283 b,HD 185283,2023,Radial Velocity,4060.0,0.07,0.05,-0.04,1.22,1.3,0.8,4848.0
HD 41004 A b,HD 41004 A,2004,Radial Velocity,963.0,0.74,0.2,-0.2,1.18,2.54,0.95,5310.0
HIP 54373 b,HIP 54373,2019,Radial Velocity,7.76,0.2,0.11,-0.11,0.256,0.02712142,0.57,4021.0
Kepler-598 b,Kepler-598,2016,Transit,3.70175428,0.0,,,0.13382104,0.00899,0.87,5307.0
Kepler-1028 b,Kepler-1028,2016,Transit,2.51462432,0.0,,,0.11865465,0.00733,0.9,5522.0
CoRoT-14 b,CoRoT-14,2010,Transit,1.51214,0.0,,,1.09,7.6,1.13,6035.0
HD 9446 b,HD 9446,2009,Radial Velocity,30.052,0.2,0.06,-0.06,1.25,0.7,1.0,5793.0
Kepler-1627 b,Kepler-1627,2016,Transit,7.20283653,0.0,,,0.32919975,0.0415,0.87,5445.0
Kepler-1920 b,Kepler-1920,2021,Transit,30.2541008,0.0,,,0.26355282,0.0284,1.239,6277.0
Kepler-1155 b,Kepler-1155,2016,Transit,33.469743,0.0,,,0.18110447,0.015,1.03,5842.0
Kepler-1171 b,Kepler-1171,2016,Transit,1.44259224,0.0,,,0.2283879,0.0223,1.58,7044.0
HD 65216 b,HD 65216,2003,Radial Velocity,577.6,0.27,0.02,-0.02,1.22,1.295,0.874,5612.0
HIP 90988 b,HIP 90988,2021,Radial Velocity,455.73816,0.081,0.042,-0.043,1.19,2.102,1.613,4883.0
47 UMa c,47 UMa,2001,Radial Velocity,2391.0,0.098,0.047,-0.096,1.27,0.54,1.06,5872.0
Kepler-436 c,Kepler-436,2016,Transit,16.79713874,0.0,,,0.20786868,0.019,0.75,4685.0
HD 175167 b,HD 175167,2009,Radial Velocity,1175.0,0.51,0.035,-0.035,1.09,14.8,1.09,5635.0
Kepler-1743 b,Kepler-1743,2021,Transit,7.649710178,0.0,,,0.14264188,0.01,1.266,5855.0
Kepler-721 b,Kepler-721,2016,Transit,5.392025388,0.0,,,0.23552502,0.0235,0.82,5075.0
Kepler-314 c,Kepler-314,2014,Transit,5.960392,0.0,,,0.259,0.0275,0.99,5378.0
HAT-P-31 b,HAT-P-31,2011,Transit,5.00542,0.25,0.0,0.0,1.09,2.27,1.31,6065.0
HD 11964 b,HD 11964,2005,Radial Velocity,1945.0,0.041,0.047,-0.047,1.26,0.622,0.91,5303.0
K2-211 b,K2-211,2018,Transit,0.669561,0.19,0.3,-0.14,0.1188,0.00735,0.851,5117.0
Kepler-2001 b,Kepler-2001,2023,Transit,1.090011003,0.0,,,0.09278275,0.00352,0.864,5081.0
TOI-238 b,TOI-238,2024,Transit,1.273099,0.18,,,0.1390849,0.01060321,0.781,5059.0
Kepler-1817 b,Kepler-1817,2021,Transit,44.29919815,0.0,,,0.20282765,0.0182,0.878,5316.0
HD 220197 b,HD 220197,2018,Radial Velocity,1728.0,0.187,0.279,-0.132,0.832,0.2,0.91,5683.0
Kepler-1247 b,Kepler-1247,2016,Transit,13.71220213,0.0,,,0.20786868,0.019,0.86,5303.0
HD 154345 b,HD 154345,2006,Radial Velocity,3280.0,0.058,0.019,-0.019,1.22,1.186,0.89,5468.0
Kepler-243 b,Kepler-243,2014,Transit,5.715442,0.0,,,0.219,0.0207,0.904,5228.0
Kepler-308 b,Kepler-308,2014,Transit,9.694928,0.0,,,0.189,0.0162,0.92,5895.0
Teegarden's Star d,Teegarden's Star,2024,Radial Velocity,26.13,0.07,0.1,-0.05,0.0851,0.00258001,0.097,3034.0
Kepler-254 d,Kepler-254,2014,Transit,18.746477,0.0,,,0.223,0.0214,0.849,5957.0
K2-19 b,K2-19,2015,Transit,7.9193,0.1,0.08,-0.06,0.62449925,0.09690764,0.88,5322.0
HD 30177 b,HD 30177,2002,Radial Velocity,2539.0,0.186,0.002,-0.004,1.12,8.25,0.98,5680.0
Kepler-1475 b,Kepler-1475,2016,Transit,82.177374,0.0,,,0.26050495,0.0279,1.18,6214.0
K2-111 c,K2-111,2020,Radial Velocity,15.6748,0.069,0.072,-0.049,0.298,0.03492451,0.84,5775.0
HAT-P-67 b,HAT-P-67,2017,Transit,4.8101069,0.0,,,2.14,0.45,1.73,6640.0
TOI-2373 b,TOI-2373,2023,Transit,13.33668,0.112,0.007,-0.009,0.93,9.3,1.041,5651.0
Kepler-1530 d,Kepler-1530,2021,Transit,9.20761013,0.0,,,0.29250663,0.0339,1.015,5678.0
TOI-1288 b,TOI-1288,2022,Transit,2.6998279,0.0,,,0.44325757,0.13875412,0.9552,5388.0
Kepler-660 b,Kepler-660,2016,Transit,9.27358194,0.0,,,0.22928004,0.0224,0.75,4779.0
Kepler-760 b,Kepler-760,2016,Transit,8.70419416,0.0,,,0.27299491,0.0302,0.89,5322.0
TRAPPIST-1 c,TRAPPIST-1,2016,Transit,2.421937,0.00654,0.00188,-0.00188,0.09786795,0.00411543,0.0898,2566.0
Kepler-1712 b,Kepler-1712,2021,Transit,13.81499958,0.0,,,0.2037407,0.0184,0.515,3732.0
Kepler-784 b,Kepler-784,2016,Transit,31.5922646,0.0,,,0.14095816,0.00982,1.0,5674.0
Kepler-1612 b,Kepler-1612,2016,Transit,3.91795101,0.0,,,0.09189045,0.0034,0.96,5643.0
TOI-1246 e,TOI-1246,2022,Transit,37.92548,0.0,,,0.31351535,0.0456221,0.8889,5213.0
Kepler-1335 b,Kepler-1335,2016,Transit,6.26406846,0.0,,,0.12936034,0.00849,0.77,4903.0
Kepler-612 b,Kepler-612,2016,Transit,3.722156413,0.0,,,0.25336783,0.0266,0.98,5693.0
Kepler-20 f,Kepler-20,2011,Transit,19.578328,0.094,,,0.0849319,0.00440489,0.929,5495.0
Kepler-383 c,Kepler-383,2014,Transit,31.200751,0.0,,,0.111,0.00651,0.669,4710.0
Kepler-228 c,Kepler-228,2014,Transit,4.134444,0.0,,,0.241,0.0244,1.006,6043.0
K2-32 b,K2-32,2016,Transit,8.992,0.03,0.032,-0.021,0.47274593,0.04719528,0.83,5271.0
GJ 2030 c,GJ 2030,2022,Radial Velocity,25533.11353,0.041,0.003,-0.008,1.1,12.803,0.96,5485.0
Kepler-1882 b,Kepler-1882,2021,Transit,13.78730011,0.0,,,0.13263865,0.00886,1.068,5691.0
Kepler-664 b,Kepler-664,2016,Transit,2.525593315,0.0,,,0.23730931,0.0238,1.01,5754.0
K2-25 b,K2-25,2015,Transit,3.48456408,0.428,0.05,-0.049,0.306,0.07708562,0.2634,3207.0
Kepler-450 b,Kepler-450,2015,Transit,28.454851,0.02,0.14,-0.02,0.54777411,0.06103892,1.19,6197.21
Kepler-1054 b,Kepler-1054,2016,Transit,4.30655689,0.0,,,0.23463288,0.0233,1.22,6209.0
TOI-5386 A b,TOI-5386 A,2025,Transit,3.62156552,0.072,,,1.312,0.488,1.165,6094.0
Kepler-387 c,Kepler-387,2014,Transit,11.837549,0.0,,,0.079,0.00201,0.85,5774.0
Kepler-157 c,Kepler-157,2014,Transit,13.5405,0.0,,,0.2,0.0178,0.95,5774.0
Kepler-680 b,Kepler-680,2016,Transit,3.689926291,0.0,,,0.21589794,0.0203,1.08,5890.0
Kepler-697 b,Kepler-697,2016,Transit,3.709870645,0.0,,,0.36845392,0.0502,0.92,5513.0
Kepler-616 b,Kepler-616,2016,Transit,9.99761851,0.0,,,0.21679008,0.0204,0.98,5753.0
Kepler-202 c,Kepler-202,2014,Transit,16.282493,0.0,,,0.165,0.0128,0.683,4668.0
HD 141399 e,HD 141399,2014,Radial Velocity,5000.0,0.26,0.22,-0.22,1.25,0.66,1.07,5600.0
TOI-2449 b,TOI-2449,2025,Transit,106.14468,0.098,0.028,-0.03,1.002,0.7,1.079,6021.0
Kepler-338 e,Kepler-338,2014,Transit Timing Variations,9.341,0.05,0.23,-0.05,0.139,0.027,1.14,5999.0
K2-229 c,K2-229,2018,Transit,8.32727,0.0,,,0.18110447,0.02202446,0.87,5315.0
tau Cet h,tau Cet,2017,Radial Velocity,49.41,0.23,0.16,-0.15,0.106,0.0057578,0.783,5310.0
Kepler-1749 b,Kepler-1749,2021,Transit,14.53409958,0.0,,,0.14390406,0.0102,0.551,3957.0
HD 3167 d,HD 3167,2017,Radial Velocity,8.3967,0.35,0.13,-0.12,0.233,0.02296837,0.864,5338.0
HIP 63242 b,HIP 63242,2013,Radial Velocity,124.6,0.23,,,1.12,9.18,1.54,4830.0
Kepler-1793 b,Kepler-1793,2021,Transit,8.779999733,0.0,,,0.33815521,0.0434,0.85,5191.0
TOI-1203 b,TOI-1203,2025,Radial Velocity,4.1572888,0.067,0.063,-0.045,0.13560555,0.0110437,0.886,5737.0
Kepler-1107 b,Kepler-1107,2016,Transit,0.571038518,0.0,,,0.11954679,0.00742,0.86,5268.0
HD 457 b,HD 457,2022,Radial Velocity,20324.58153,0.565,0.195,-0.245,1.07,26.572,1.15,6114.04
Kepler-80 g,Kepler-80,2017,Transit,14.64558,0.1303,0.0034,-0.0037,0.10081185,0.00020451,0.83,4540.0
HD 112640 b,HD 112640,2020,Radial Velocity,613.2,0.24,0.18,-0.18,1.15,5.0,1.8,4155.0
Kepler-166 c,Kepler-166,2014,Transit,34.260281,0.0,,,0.212,0.0197,0.811,5413.0
Kepler-1647 b,Kepler-1647,2016,Transit,1107.5923,0.0581,0.0689,-0.0689,1.0593184,1.51968033,1.2207,6210.0
HD 181234 b,HD 181234,2019,Radial Velocity,7593.40512,0.726,0.01,-0.01,1.12,9.379,0.94,5386.0
Kepler-349 b,Kepler-349,2014,Transit,5.929778,0.0,,,0.17,0.297,1.083,5956.0
Kepler-1815 b,Kepler-1815,2021,Transit,12.19139957,0.0,,,0.24524319,0.0251,0.856,5516.0
Kepler-1417 b,Kepler-1417,2016,Transit,20.3505213,0.0,,,0.08921402,0.00306,1.02,5839.0
Kepler-56 b,Kepler-56,2012,Transit,10.5016,0.04,0.01,-0.01,0.581,0.07,1.32,4840.0
HD 41004 B b,HD 41004 B,2003,Radial Velocity,1.3283,0.081,0.012,-0.012,1.08,18.37,0.4,5036.0
Kepler-1197 b,Kepler-1197,2016,Transit,2.03231845,0.0,,,0.11151753,0.0066,0.78,4708.0
Kepler-1921 b,Kepler-1921,2021,Transit,20.03479958,0.0,,,0.25823888,0.0274,1.251,6120.0
Kepler-1484 b,Kepler-1484,2016,Transit,30.4549136,0.0,,,0.18824159,0.016,0.94,5730.0
HD 47366 c,HD 47366,2016,Radial Velocity,677.53,0.161,0.045,-0.041,1.21,1.522,1.81,4866.0
Kepler-1210 b,Kepler-1210,2016,Transit,8.07124073,0.0,,,0.15166384,0.0111,0.94,5568.0
Kepler-159 b,Kepler-159,2014,Transit,10.139623,0.0,,,0.212,0.0197,0.628,4625.0
Kepler-91 b,Kepler-91,2013,Transit,6.24658,0.0519,0.0095,-0.0088,1.367,0.81,1.31,4550.0
Kepler-354 b,Kepler-354,2014,Transit,5.47666,0.0,,,0.164,0.0127,0.652,4648.0
K2-290 b,K2-290,2019,Transit,9.21165,0.0,,,0.27299491,0.03429506,1.194,6302.0
Kepler-1766 b,Kepler-1766,2021,Transit,105.0149994,0.0,,,0.20332313,0.0183,0.915,5868.0
Kepler-774 b,Kepler-774,2016,Transit,11.0895723,0.0,,,0.28280846,0.032,1.57,6403.0
Kepler-859 b,Kepler-859,2016,Transit,20.38177573,0.0,,,0.27567134,0.0307,0.81,5020.0
Kepler-1972 c,Kepler-1972,2022,Transit,11.3295,0.043,0.046,-0.028,0.07743791,0.0066388,1.12,5818.0
Kepler-1833 b,Kepler-1833,2021,Transit,6.892129898,0.0,,,0.11600284,0.00705,1.286,6164.0
Kepler-401 d,Kepler-401,2016,Transit,184.256405,0.0,,,0.20251584,0.0182,1.17,6184.0
TRAPPIST-1 f,TRAPPIST-1,2017,Transit,9.20754,0.01007,0.00068,-0.00068,0.09322882,0.00326906,0.0898,2566.0
TOI-4458 b,TOI-4458,2026,Transit,3.9393792,0.03,0.024,-0.02,1.107,1.737,1.47,6151.0
GJ 667 C b,GJ 667 C,2012,Radial Velocity,7.203,0.2,0.1,-0.1,0.201,0.01789,0.33,3350.0
Kepler-1621 b,Kepler-1621,2016,Transit,92.263714,0.0,,,0.19270229,0.0167,1.15,6158.0
HD 206893 b,HD 206893,2021,Imaging,11100.0,0.069,0.011,-0.012,1.25,19.5,1.31,6500.0
HD 238090 b,HD 238090,2020,Radial Velocity,13.671,0.3,0.16,-0.17,0.225,0.02167826,0.578,3933.0
Kepler-1840 b,Kepler-1840,2021,Transit,131.1900024,0.0,,,0.24781123,0.0256,0.774,4898.0
Kepler-1362 b,Kepler-1362,2016,Transit,136.205626,0.0,,,0.23195646,0.0229,0.8,4857.0
KOI-984 b,KOI-984,2022,Transit,4.2881785,0.12,0.02,-0.02,0.38362097,0.0537,0.928,5295.0
TOI-1420 b,TOI-1420,2023,Transit,6.9561063,0.17,,,1.06075658,0.07897343,0.987,5510.0
Kepler-37 c,Kepler-37,2013,Transit,21.301848,0.099,,,0.0673567,0.00409026,0.79,5357.0
Kepler-717 b,Kepler-717,2016,Transit,4.40840023,0.0,,,0.21589794,0.0203,0.88,5485.0
TOI-4791 b,TOI-4791,2023,Transit,4.28088,0.0,,,1.11,2.31,1.242,6058.0
Kepler-1566 b,Kepler-1566,2016,Transit,0.539915238,0.0,,,0.07047908,0.00131,0.84,5254.0
Kepler-1751 b,Kepler-1751,2021,Transit,7.017310143,0.0,,,0.16274216,0.0125,0.974,6052.0
WASP-132 d,WASP-132,2024,Radial Velocity,1816.6,0.12,0.078,-0.078,1.15,5.16,0.789,4686.0
Kepler-704 b,Kepler-704,2016,Transit,3.76182115,0.0,,,0.2328486,0.023,0.97,5616.0
TIC 147027702 b,TIC 147027702,2026,Transit,44.40523,0.127,0.055,-0.048,0.975,1.09,1.406,6410.0
HATS-56 b,HATS-56,2019,Transit,4.324799,0.019,,,1.688,0.602,1.573,6536.0
WASP-154 b,WASP-154,2025,Transit,3.811678,0.0,,,0.96,0.626,0.8,4774.0
Kepler-304 c,Kepler-304,2014,Transit,5.315946,0.0,,,0.194,0.0168,0.737,4731.0
HAT-P-43 b,HAT-P-43,2012,Transit,3.3326414,0.0,,,1.21598925,0.662,1.03,5693.0
Kepler-279 d,Kepler-279,2013,Transit,54.414,0.0,,,0.277,0.118,1.1,6689.45
NGTS-38 b,NGTS-38,2026,Transit,180.52797,0.3086,0.01,-0.01,1.081,4.77,1.46,6310.0
Kepler-49 e,Kepler-49,2014,Transit,18.596108,0.0,,,0.139,0.00326639,0.549,4252.0
Kepler-1432 b,Kepler-1432,2016,Transit,23.9109011,0.0,,,0.19805513,0.0175,1.09,6031.0
HAT-P-42 b,HAT-P-42,2012,Transit,4.641878,0.0,,,1.28,1.044,1.178,5743.0
Kepler-355 c,Kepler-355,2014,Transit,25.762294,0.0,,,0.242,0.0245,0.933,6184.0
TOI-6324 b,TOI-6324,2025,Transit,0.279221,0.0,,,0.09447781,0.00368123,0.269,3247.0
Kepler-326 c,Kepler-326,2014,Transit,4.580358,0.0,,,0.125,0.055,0.91,5105.0
Kepler-1299 b,Kepler-1299,2016,Transit,19.9400874,0.0,,,0.26585779,0.0288,0.94,5609.0
TOI-172 b,TOI-172,2019,Transit,9.47725,0.3806,0.0093,-0.009,0.965,5.42,1.128,5645.0
Kepler-741 b,Kepler-741,2016,Transit,7.03902374,0.0,,,0.26496565,0.0287,1.16,6129.0
Kepler-1806 b,Kepler-1806,2021,Transit,9.033320427,0.0,,,0.21015309,0.0193,0.884,5311.0
Kepler-353 c,Kepler-353,2014,Transit,8.410894,0.0,,,0.123,0.0078,0.553,3903.0
HD 2952 b,HD 2952,2013,Radial Velocity,312.08,0.269,0.165,-0.15,1.24,0.896,1.91,4853.0
Kepler-1226 b,Kepler-1226,2016,Transit,17.2923453,0.0,,,0.12936034,0.00849,1.02,5923.0
Kepler-560 b,Kepler-560,2016,Transit,18.47764449,0.17,0.07,-0.04,0.15344812,0.0113,0.34,3556.0
PZ Tel b,PZ Tel,2023,Imaging,44000.0,0.52,0.08,-0.1,1.07,27.0,1.36,5169.0
HD 164604 c,HD 164604,2026,Radial Velocity,5387.0,0.196,0.078,-0.078,1.12,9.5,0.77,4663.0
Kepler-1048 b,Kepler-1048,2016,Transit,6.92101021,0.0,,,0.14363458,0.0101,0.75,4651.0
Kepler-1422 b,Kepler-1422,2016,Transit,18.6051942,0.0,,,0.18021233,0.0149,1.15,6194.0
Kepler-1094 b,Kepler-1094,2016,Transit,78.1000231,0.0,,,0.2837006,0.0322,1.14,6112.0
HD 69830 c,HD 69830,2006,Radial Velocity,31.56,0.13,0.06,-0.06,0.309,0.0371,0.86,5385.0
HD 82943 c,HD 82943,2003,Radial Velocity,220.078,0.3663,0.0097,-0.0097,1.2,1.959,1.08,5935.0
TOI-1749 d,TOI-1749,2021,Transit,9.0497,0.062,,,0.22481973,0.04719528,0.58,3985.0
Kepler-954 b,Kepler-954,2016,Transit,16.78176602,0.0,,,0.20697654,0.0189,0.82,4990.0
HATS-38 b,HATS-38,2020,Transit,4.375021,0.0,,,0.614,0.074,0.89,5732.0
K2-36 c,K2-36,2016,Transit,5.340888,0.089,,,0.28548537,0.02485618,0.79,4916.0
Kepler-1388 c,Kepler-1388,2016,Transit,5.53608151,0.0,,,0.2016237,0.018,0.63,4098.0
Kepler-416 b,Kepler-416,2014,Transit Timing Variations,6.319,0.0,,,0.221,0.183,1.0,5718.0
Kepler-1567 b,Kepler-1567,2016,Transit,153.979578,0.0,,,0.24355429,0.0249,0.95,5655.0
HD 147873 c,HD 147873,2016,Radial Velocity,491.54,0.23,0.03,-0.03,1.19,2.3,1.38,5972.0
Kepler-290 b,Kepler-290,2014,Transit,14.589347,0.0,,,0.201,0.0179,0.756,5147.0
Kepler-1212 b,Kepler-1212,2016,Transit,12.94130146,0.0,,,0.19091801,0.0164,1.1,6051.0
Kepler-857 b,Kepler-857,2016,Transit,85.35129427,0.0,,,0.60665537,0.117,0.99,5773.0
Kepler-1626 b,Kepler-1626,2016,Transit,4.13962966,0.0,,,0.18021233,0.0149,1.51,6826.0
TOI-1836 c,TOI-1836,2024,Transit,1.7727471,0.0,,,0.23194578,0.02517081,1.2518,6237.0
Kepler-1336 b,Kepler-1336,2016,Transit,23.198681,0.0,,,0.17664377,0.0144,0.94,5512.0
Kepler-872 b,Kepler-872,2016,Transit,2.578855068,0.0,,,0.17753591,0.0145,1.05,5902.0
Kepler-1656 b,Kepler-1656,2018,Transit,31.562,0.838,0.045,-0.029,0.40806565,0.15,1.03,5569.0
Kepler-68 e,Kepler-68,2023,Radial Velocity,3455.0,0.33,0.11,-0.11,0.997,0.272,1.057,5847.0
HD 85426 c,TOI-1774,2026,Radial Velocity,35.73,0.06,0.07,-0.04,0.285,0.03240742,0.991,5746.0
Kepler-1406 b,Kepler-1406,2016,Transit,11.62905828,0.0,,,0.09813543,0.0043,1.05,5892.0
Kepler-758 e,Kepler-758,2016,Transit,8.1934719,0.0,,,0.13649746,0.0093,1.16,6228.0
Kepler-675 b,Kepler-675,2016,Transit,2.33743801,0.0,,,0.21768222,0.0205,0.79,4945.0
Kepler-77 b,Kepler-77,2013,Transit,3.57878087,0.0,,,0.96,0.43,0.95,5520.0
Kepler-679 b,Kepler-679,2016,Transit,12.39358604,0.0,,,0.26853421,0.0293,0.87,5403.0
K2-265 b,K2-265,2018,Transit,2.36902,0.16,0.16,-0.11,0.1524,0.0231,0.901,5420.0
Kepler-1682 b,Kepler-1682,2020,Transit,14.8334,0.0,,,0.25777575,0.0274,0.99,5619.12
Kepler-1907 c,Kepler-1907,2021,Transit,14.86390018,0.0,,,0.10308435,0.00513,0.752,5159.0
Kepler-996 b,Kepler-996,2016,Transit,3.770590584,0.0,,,0.17664377,0.0144,1.09,6014.0
Kepler-174 d,Kepler-174,2014,Transit,247.35373,0.0,,,0.195,0.0171,0.602,4880.0
Kepler-282 d,Kepler-282,2013,Transit,24.806,0.0,,,0.219,0.192,0.97,5656.0
HD 219828 c,HD 219828,2016,Radial Velocity,4789.87297,0.811,0.004,-0.004,1.09,16.054,1.04,5891.0
Kepler-758 d,Kepler-758,2016,Transit,20.4966197,0.0,,,0.18913373,0.0162,1.16,6228.0
K2-85 b,K2-85,2016,Transit,0.68453862616,0.24,0.20861,-0.194009,0.12489985,0.01006833,0.7,4232.0
TOI-2076 b,TOI-2076,2021,Transit,10.35504,0.0114,0.0054,-0.0054,0.23106472,0.02108056,0.849,5187.0
K2-3 d,K2-3,2015,Transit,44.55603,0.091,0.12,-0.064,0.13007427,0.00692197,0.549,3844.0
Kepler-360 b,Kepler-360,2014,Transit,3.289672,0.0,,,0.147,0.0106,0.994,6053.0
TOI-3664 b,TOI-3664,2026,Transit,3.2974839,0.159,0.074,-0.074,1.222,0.36,0.98,5593.0
Kepler-293 b,Kepler-293,2014,Transit,19.254196,0.0,,,0.274,0.0303,0.934,5804.0
HD 135625 b,HD 135625,2023,Radial Velocity,4055.0,0.16,0.04,-0.03,1.19,2.3,1.28,6040.64
K2-419 A b,K2-419 A,2024,Transit,20.35847252,0.042,0.045,-0.029,0.941,0.617,0.562,3711.0
HD 126105 b,HD 126105,2026,Radial Velocity,524.0,0.103,0.083,-0.069,1.2,1.67,1.2,4875.0
TOI-756 b,TOI-756,2025,Transit,1.2392495,0.0,,,0.25069184,0.03092864,0.505,3657.0
TOI-4794 b,TOI-4794,2025,Transit,3.5658116,0.1,,,1.281,0.97,1.25,6390.0
HD 52265 b,HD 52265,2000,Radial Velocity,119.27,0.27,0.02,-0.02,1.22,1.21,1.204,6136.0
TOI-451 d,TOI-451,2020,Transit,16.364962,0.0,,,0.35061172,0.03209279,0.93,5490.0
Kepler-974 b,Kepler-974,2016,Transit,4.194496514,0.0,,,0.14006602,0.00972,0.52,3687.0
TOI-5205 b,TOI-5205,2023,Transit,1.630757,0.02,0.02,-0.014,1.03,1.08,0.392,3430.0
Kepler-1008 b,Kepler-1008,2016,Transit,12.43931193,0.0,,,0.11419395,0.00687,0.81,5066.0
Kepler-1373 b,Kepler-1373,2016,Transit,1.29123275,0.0,,,0.10348827,0.00521,1.22,6299.0
Kepler-172 e,Kepler-172,2014,Transit,35.118736,0.0,,,0.246,0.0253,1.081,5526.0
TOI-1670 b,TOI-1670,2022,Transit,10.98462,0.59,0.17,-0.26,0.18378121,0.13,1.21,6170.0
TOI-2338 b,TOI-2338,2023,Transit,22.65398,0.676,0.002,-0.002,1.0,5.98,0.99,5581.0
Kepler-275 d,Kepler-275,2014,Transit,35.676062,0.0,,,0.297,0.0348,1.189,6165.0
Kepler-305 e,Kepler-305,2020,Transit,3.20538,0.0,,,0.16003348,0.0122,0.82,4974.0
Kepler-32 d,Kepler-32,2012,Transit,22.7802,0.0,,,0.24087787,0.12556744,0.58,3900.0
Qatar-3 b,Qatar-3,2017,Transit,2.5079204,0.0,,,1.096,4.31,1.145,6007.0
Kepler-1787 b,Kepler-1787,2021,Transit,39.31370163,0.0,,,0.20688606,0.0188,1.008,6060.0
Kepler-1979 b,Kepler-1979,2023,Transit,18.5084526,0.0,,,2.61665184,,1.028,5942.0
GJ 849 c,GJ 849,2014,Radial Velocity,5990.0,0.092,0.038,-0.036,1.23,0.99,0.45,3467.0
Kepler-231 c,Kepler-231,2014,Transit,19.271566,0.0,,,0.172,0.076,0.58,3767.0
HD 153557 b,HD 153557,2022,Radial Velocity,7.29903,0.065,0.053,-0.037,0.425,0.064,0.79,4837.0
Kepler-1939 b,Kepler-1939,2021,Transit,2.790659904,0.0,,,0.10391736,0.00528,0.648,4353.0
Kepler-1170 b,Kepler-1170,2016,Transit,9.98969327,0.0,,,0.2150058,0.0201,0.8,5069.0
Kepler-245 e,Kepler-245,2016,Transit,3.219821056,0.0,,,0.15612454,5.68344415,0.86,5174.0
HD 128356 b,HD 128356,2016,Radial Velocity,298.2,0.57,0.08,-0.08,1.24,0.89,0.65,4875.0
HD 219134 f,HD 219134,2015,Radial Velocity,22.717,0.148,0.047,-0.047,0.11687037,0.02296825,0.81,4699.0
Kepler-487 c,Kepler-487,2016,Transit,38.6519976,0.0,,,0.23909359,0.0241,0.91,5444.0
Kepler-157 b,Kepler-157,2014,Transit,1.732342,0.0,,,0.118,0.00724,0.95,5774.0
HD 20794 e,HD 20794,2017,Radial Velocity,147.02,0.29,0.14,-0.18,0.181,0.01500802,0.813,5401.0
Kepler-40 b,Kepler-40,2010,Transit,6.87349,0.0,,,1.17,2.2,1.48,6510.0
Kepler-621 b,Kepler-621,2016,Transit,2.628113746,0.0,,,0.20519226,0.0186,0.72,4521.0
Kepler-323 b,Kepler-323,2014,Transit,1.678328,0.095,,,0.12320478,0.01227077,1.015,6004.0
TOI-6651 b,TOI-6651,2024,Transit,5.056973,0.091,0.096,-0.062,0.45410017,0.19192746,1.323,5940.0
TOI-908 b,TOI-908,2023,Transit,3.183792,0.132,0.091,-0.091,0.28423637,0.05077268,0.95,5626.0
Kepler-1582 b,Kepler-1582,2016,Transit,4.83817712,0.0,,,0.1329289,0.00889,0.28,3208.0
HD 177565 b,HD 177565,2017,Radial Velocity,44.505,0.0593,0.1717,-0.05745,0.357,0.04750967,1.0,5627.0
WASP-90 b,WASP-90,2016,Transit,3.916243,0.0,,,1.63,0.63,1.55,6430.0
HD 211810 b,HD 211810,2018,Radial Velocity,1558.0,0.68,0.14,-0.14,1.25,0.67,1.03,5652.0
GJ 96 b,GJ 96,2018,Radial Velocity,73.94,0.44,0.09,-0.11,0.417,0.06185697,0.6,3785.0
Kepler-512 b,Kepler-512,2016,Transit,34.43587975,0.0,,,0.23998573,0.0242,1.17,5997.0
K2-138 b,K2-138,2017,Transit,2.35309,0.048,0.054,-0.033,0.13471318,0.00975364,0.935,5356.3
HD 191939 e,HD 191939,2022,Radial Velocity,101.12,0.031,0.008,-0.016,1.16,0.35302068,0.81,5348.0
Kepler-298 c,Kepler-298,2014,Transit,22.92881,0.0,,,0.172,0.0138,0.66,4465.0
GJ 896 A b,GJ 896 A,2022,Astrometry,284.39,0.35,0.19,-0.19,1.19,2.26,0.43599,3345.0
HD 72490 b,HD 72490,2018,Radial Velocity,858.0,0.124,0.046,-0.046,1.2,1.768,1.21,4934.0
GJ 433 c,GJ 433,2014,Radial Velocity,5094.105,0.12,0.07,-0.07,0.56,0.10201051,0.48,3461.0
HD 12661 c,HD 12661,2002,Radial Velocity,1708.0,0.031,0.022,-0.022,1.18,2.83,1.02,5748.0
KOI-351 g,KOI-351,2013,Transit,210.73514,0.0292,0.0038,-0.0038,0.68855503,0.04719528,1.242,6031.13
Kepler-1931 b,Kepler-1931,2021,Transit,38.5760994,0.0,,,0.23670619,0.0237,1.174,6167.0
TOI-519 b,TOI-519,2021,Transit,1.2652328,0.33,,,1.03,0.463,0.335,3322.0
Kepler-287 c,Kepler-287,2014,Transit,44.851896,0.0,,,0.291,0.20765922,0.963,5806.0
TOI-2578 b,TOI-2578,2026,Transit,3.4579667,0.098,0.043,-0.042,1.754,0.526,1.27,6333.0
HD 80653 b,HD 80653,2020,Transit,0.719573,0.0,,,0.14390247,0.01799713,1.18,5959.0
Kepler-1067 b,Kepler-1067,2016,Transit,0.762129261,0.0,,,0.07137122,0.00137,0.95,5592.0
Kepler-1753 b,Kepler-1753,2021,Transit,16.00460052,0.0,,,0.19866042,0.0176,0.86,5180.0
Kepler-570 b,Kepler-570,2016,Transit,4.301662003,0.0,,,0.21857436,0.0207,0.93,5496.0
Kepler-1049 b,Kepler-1049,2016,Transit,3.273460736,0.0,,,0.08475332,0.00254,0.51,3864.0
Kepler-663 b,Kepler-663,2016,Transit,4.99678284,0.0,,,0.23195646,0.0229,0.86,5264.0
TOI-2498 b,TOI-2498,2023,Transit,3.738252,0.089,0.075,-0.075,0.54063792,0.1089267,1.12,5905.0
Kepler-762 b,Kepler-762,2016,Transit,3.770552098,0.0,,,1.13123383,,1.06,5944.0
CoRoT-30 b,CoRoT-30,2020,Transit,9.06005,0.007,0.031,-0.031,1.009,2.9,0.98,5650.0
WASP-98 b,WASP-98,2014,Transit,2.96264036,0.0,,,1.144,0.922,0.809,5473.0
Kepler-10 c,Kepler-10,2011,Transit,45.294301,0.136,0.05,-0.05,0.21009939,0.03552231,0.91,5708.0
Kepler-337 b,Kepler-337,2014,Transit,3.292781,0.0,,,0.137,0.0094,1.081,5684.0
Kepler-108 b,Kepler-108,2014,Transit,49.183921,0.22,0.19,-0.12,0.772,0.176,1.247,5854.0
Kepler-707 b,Kepler-707,2016,Transit,2.237492751,0.0,,,0.11865465,0.00733,0.8,5099.0
Luhman 16 b,Luhman 16 A,2017,Imaging,9697.0,0.344,0.05,-0.09,1.06,29.4,0.0338,
Kepler-284 b,Kepler-284,2014,Transit,12.699149,0.0,,,0.2,0.0178,0.766,5615.0
Kepler-135 c,Kepler-135,2014,Transit,11.448708,0.0,,,0.103,0.00521,1.047,6090.0
GJ 3634 b,GJ 3634,2010,Radial Velocity,2.64561,0.08,0.094,-0.057,0.253,0.026,0.45,3517.0
Kepler-950 b,Kepler-950,2016,Transit,98.7180406,0.0,,,0.80114194,0.188,1.02,5857.0
HD 73526 b,HD 73526,2002,Radial Velocity,188.3,0.19,0.05,-0.05,1.17,3.08,1.14,5601.0
Kepler-102 d,Kepler-102,2014,Transit,10.311767,0.092,,,0.10295316,0.00943906,0.803,4909.0
WASP-47 d,WASP-47,2015,Transit,9.030501,0.001,0.0008,-0.0007,0.32563175,0.04876845,1.058,5565.0
Kepler-959 b,Kepler-959,2016,Transit,14.80074836,0.0,,,0.39075743,0.0555,1.6,7005.0
Kepler-1310 b,Kepler-1310,2016,Transit,0.679336272,0.0,,,0.1284682,0.00839,0.91,5549.0
HIP 74890 b,HIP 74890,2016,Radial Velocity,822.3,0.07,0.07,-0.07,1.18,2.4,1.74,4850.0
GJ 15 A c,GJ 15 A,2018,Radial Velocity,7600.0,0.27,0.28,-0.19,0.595,0.1132681,0.38,3607.0
Kepler-1509 b,Kepler-1509,2016,Transit,25.4338197,0.0,,,0.16504595,0.0128,1.0,5780.0
Kepler-749 b,Kepler-749,2016,Transit,17.31716585,0.0,,,0.27656348,0.0308,0.79,5009.0
HD 102329 b,HD 102329,2011,Radial Velocity,778.09998,0.21,0.04,-0.04,1.12,8.16,3.21,4745.0
TOI-1194 b,TOI-1194,2023,Transit,2.3106446,0.0,,,0.77764833,0.37756222,0.9835,5394.0
Barnard d,Barnard's star,2025,Radial Velocity,2.3402,0.04,0.05,-0.03,0.062,0.00082749,0.162,3195.0
Kepler-1951 b,Kepler-1951,2021,Transit,20.65780067,0.0,,,0.20707252,0.0189,0.923,5468.0
GJ 180 b,GJ 180,2014,Radial Velocity,17.133,0.07,0.04,-0.04,0.217,0.02041972,0.43,3371.0
Kepler-389 b,Kepler-389,2014,Transit,3.244107,0.0,,,0.135,0.00909,0.765,5376.0
HD 20794 d,HD 20794,2011,Radial Velocity,89.68,0.077,0.084,-0.055,0.182,0.015,0.79,5368.0
HU Aqr AB c,HU Aqr,2011,Eclipse Timing Variations,4368.0,0.51,0.15,-0.15,1.15,4.5,0.88,5952.0
TOI-837 b,TOI-837,2020,Transit,8.3249113,0.0,,,0.818,0.379,1.142,5995.0
Kepler-1877 b,Kepler-1877,2021,Transit,2.377569914,0.0,,,0.05567732,0.000564,1.022,5615.0
Kepler-543 b,Kepler-543,2016,Transit,13.89961966,0.0,,,0.22303506,0.0214,0.7,4671.0
HD 74698 b,HD 74698,2023,Radial Velocity,15.017,0.1,0.1,-0.1,0.457,0.07,1.039,5783.0
Kepler-152 c,Kepler-152,2014,Transit,88.255055,0.0,,,0.213,0.0198,0.779,5088.0
Gliese 12 b,Gliese 12,2024,Transit,12.761418,0.24,0.13,-0.13,0.08296919,0.00298903,0.255,3328.0
Kepler-266 c,Kepler-266,2014,Transit,107.723601,0.0,,,0.347,0.0453,0.947,5885.0
TOI-6130 b,TOI-6130,2024,Transit,2.392679,0.036,0.018,-0.018,1.28,1.05,1.31,6110.0
rho CrB b,rho CrB,1997,Radial Velocity,39.849,0.046,0.002,-0.002,1.23,1.09491472,1.0,5817.0
Kepler-1531 b,Kepler-1531,2016,Transit,1.138543376,0.0,,,0.09902757,0.00444,1.16,6260.0
K2-12 b,K2-12,2015,Transit,8.28246,0.5,,,0.21768259,0.01636103,0.965,5672.0
GJ 581 b,GJ 581,2005,Radial Velocity,5.3686,0.0342,0.009,-0.01,0.427,0.06450021,0.295,3500.0
Kepler-84 c,Kepler-84,2012,Transit,12.883,0.0,,,0.211,0.064,1.0,6039.0
TOI-5210 b,TOI-5210,2025,Transit,4.5661061,0.066,,,0.957,0.258,1.105,5723.0
NGTS-30 b,NGTS-30,2024,Transit,98.29838,0.294,0.014,-0.01,0.928,0.96,0.94,5455.0
CoRoT-16 b,CoRoT-16,2011,Transit,5.35227,0.33,0.09,-0.1,1.17,0.535,1.098,5650.0
HD 94890 b,HD 94890,2025,Radial Velocity,824.61,0.22,0.08,-0.09,1.19,2.13,1.74,4867.0
TOI-1533 b,TOI-1533,2026,Transit,3.6457974,0.0,,,0.25782897,0.08841249,0.88,5146.0
HD 31253 b,HD 31253,2010,Radial Velocity,466.0,0.3,0.2,-0.2,1.26,0.62,1.7,6130.0
HD 208527 b,HD 208527,2012,Radial Velocity,875.5,0.08,0.04,-0.04,1.11,9.9,1.6,4035.0
Kepler-326 b,Kepler-326,2014,Transit,2.248329,0.0,,,0.136,0.14,0.91,5105.0
HD 153557 d,HD 153557,2022,Radial Velocity,40654.64809,0.152,0.06,-0.047,1.06,27.454,0.79,4837.0
Kepler-1573 b,Kepler-1573,2016,Transit,2.6157554,0.0,,,0.10705683,0.00588,1.01,5808.0
HD 70642 b,HD 70642,2003,Radial Velocity,2124.54,0.175,0.044,-0.044,1.16,3.9,1.078,5732.0
Kepler-175 b,Kepler-175,2014,Transit,11.903515,0.0,,,0.228,0.0223,0.969,6064.0
Kepler-375 c,Kepler-375,2014,Transit,19.986326,0.0,,,0.236,0.0236,0.891,5826.0
GJ 3998 d,GJ 3998,2025,Radial Velocity,41.78,0.0,,,0.209,0.01909836,0.52,3726.0
HD 39194 c,HD 39194,2021,Radial Velocity,14.0309,0.078,,,0.236,0.02356618,0.86,5205.0
Kepler-1044 b,Kepler-1044,2016,Transit,6.77408868,0.0,,,0.23820145,0.0239,1.08,5985.0
HD 205158 b,HD 205158,2022,Radial Velocity,25.33798,0.145,0.075,-0.058,1.24,0.392,1.16,6133.55
Kepler-1714 b,Kepler-1714,2021,Transit,10.27530003,0.0,,,0.29122836,0.0337,1.448,6150.0
HD 219134 h,HD 219134,2015,Radial Velocity,2247.0,0.06,0.04,-0.04,1.14,0.34,0.794,4913.0
Kepler-1241 b,Kepler-1241,2016,Transit,18.5525701,0.0,,,0.23463288,0.0233,0.84,5261.0
Kepler-164 b,Kepler-164,2014,Transit,5.03503,0.0,,,0.126,0.00809,1.036,5888.0
WASP-116 b,WASP-116,2025,Transit,6.6132,0.0,,,1.22,0.64,1.25,6250.0
WASP-193 b,WASP-193,2023,Transit,6.2463475,0.081,0.076,-0.055,1.319,0.112,1.018,6080.0
TOI-1898 b,TOI-1898,2024,Transit,45.52234,0.485,0.039,-0.039,0.83821469,0.40587939,1.2484,6241.0
Kepler-1820 b,Kepler-1820,2021,Transit,31.03249931,0.0,,,0.27824391,0.0312,1.047,5841.0
HIP 8152 b,HIP 8152,2023,Transit,10.751014,0.0,,,0.22627021,0.02800253,0.9373,5618.0
Kepler-1722 b,Kepler-1722,2021,Transit,9.178569794,0.0,,,0.25579424,0.027,0.876,5506.0
TOI-1937 A b,TOI-1937 A,2023,Transit,0.94667944,0.0,,,1.247,2.01,1.072,5814.0
Kepler-1388 d,Kepler-1388,2016,Transit,20.9568158,0.0,,,0.25515211,0.0269,0.63,4098.0
Kepler-1130 c,Kepler-1130,2021,Transit,3.266639948,0.0,,,0.07069294,0.00133,0.944,5450.0
Kepler-114 b,Kepler-114,2014,Transit,5.188549,0.0,,,0.112,0.00342952,0.77,4605.0
HD 20782 b,HD 20782,2006,Radial Velocity,597.0643,0.95,0.001,-0.001,1.21,1.4878,1.04,5782.13
Kepler-410 A b,Kepler-410 A,2013,Transit,17.833648,0.17,0.1,-0.05,0.253,0.0265,1.214,6273.0
Kepler-254 b,Kepler-254,2014,Transit,5.826662,0.0,,,0.345,0.0449,0.849,5957.0
Kepler-1113 b,Kepler-1113,2016,Transit,42.3004954,0.0,,,0.25069141,0.0261,1.12,5931.0
Kepler-841 b,Kepler-841,2016,Transit,124.4198398,0.0,,,0.46658935,0.0749,0.85,5324.0
Kepler-331 b,Kepler-331,2014,Transit,8.457496,0.0,,,0.162,0.0125,0.653,4347.0
Kepler-25 d,Kepler-25,2014,Radial Velocity,122.4,0.13,0.13,-0.09,0.894,0.226,1.165,6354.0
Kepler-1792 b,Kepler-1792,2021,Transit,4.1957798,0.0,,,0.22481167,0.0217,0.878,5229.0
HD 136418 b,HD 136418,2009,Radial Velocity,464.29999,0.25,0.04,-0.04,1.19,2.14,1.48,4989.0
Kepler-1485 b,Kepler-1485,2016,Transit,19.9157725,0.0,,,0.13114462,0.00869,1.11,6087.0
HD 16417 b,HD 16417,2008,Radial Velocity,17.24,0.2,0.09,-0.09,0.446,0.0696,1.2,5841.0
Kepler-142 b,Kepler-142,2014,Transit,2.024152,0.0,,,0.178,0.0145,0.978,5790.0
TOI-1288 c,TOI-1288,2022,Radial Velocity,416.0,0.0,,,0.992,0.26964235,0.9552,5388.0
Kepler-103 b,Kepler-103,2014,Transit,15.9653287,0.171,0.288,-0.124,0.31097386,0.03671793,1.212,6047.0
Kepler-1415 b,Kepler-1415,2016,Transit,0.63642408,0.0,,,0.11508609,0.00696,0.89,5267.0
TOI-1338 b,TOI-1338 A,2020,Transit,95.4001,0.0331,0.0022,-0.0021,0.6835,0.0355,1.0936,5723.2
Kepler-662 b,Kepler-662,2016,Transit,21.67697486,0.0,,,0.19448657,0.017,0.79,4897.0
TOI-1235 b,TOI-1235,2020,Transit,3.444714,0.049,0.072,-0.035,0.15077196,0.02104909,0.63,3997.0
HD 68475 b,HD 68475,2026,Radial Velocity,7832.0,0.62,0.02,-0.02,1.15,5.16,0.83,5022.0
Kepler-754 b,Kepler-754,2016,Transit,14.5596237,0.0,,,0.17932019,0.0148,1.06,5935.0
HD 207897 b,HD 207897,2021,Transit,16.20166,0.0,,,0.20903072,0.04656601,0.8208,5106.0
Kepler-1667 b,Kepler-1667,2020,Transit,83.5781,0.0,,,0.2662015,0.0289,1.09,5941.54
TOI-905 b,TOI-905,2020,Transit,3.739494,0.024,0.025,-0.017,1.171,0.667,0.968,5570.0
Kepler-1468 d,Kepler-1468,2021,Transit,19.59059906,0.0,,,0.29725017,0.0349,1.072,5794.0
TOI-2000 c,TOI-2000,2023,Transit,9.127055,0.063,0.023,-0.022,0.727,0.257,1.082,5611.0
TOI-1333 b,TOI-1333,2021,Transit,4.720219,0.073,0.092,-0.052,1.396,2.37,1.464,6274.0
HD 75898 b,HD 75898,2007,Radial Velocity,422.82,0.105,0.009,-0.009,1.18,2.55,1.295,6122.0
Kepler-275 c,Kepler-275,2014,Transit,16.088134,0.0,,,0.302,0.0357,1.189,6165.0
Kepler-1459 b,Kepler-1459,2016,Transit,62.8691611,0.0,,,0.12133107,0.00761,0.78,4828.0
BD-210397 c,BD-210397,2023,Radial Velocity,6240.0,0.43,0.05,-0.05,1.15,4.8,0.69,4051.0
Kepler-671 b,Kepler-671,2016,Transit,4.280958588,0.0,,,0.23998573,0.0242,0.97,5624.0
Kepler-519 b,Kepler-519,2016,Transit,24.3078946,0.0,,,0.18734945,0.0159,0.89,5260.0
K2-24 b,K2-24,2016,Transit,20.88977,0.06,0.01,-0.01,0.48175573,0.05978039,1.07,5625.0
HD 1397 b,HD 1397,2018,Transit,11.53533,0.251,0.02,-0.019,1.026,0.415,1.324,5521.0
Kepler-320 b,Kepler-320,2014,Transit,8.371554,0.0,,,0.102,0.00489,1.072,6435.0
Kepler-1769 b,Kepler-1769,2021,Transit,89.1934967,0.0,,,0.39834131,0.0573,1.061,6071.0
Kepler-1726 b,Kepler-1726,2021,Transit,18.39629936,0.0,,,0.22380443,0.0215,0.876,5316.0
HD 42618 b,HD 42618,2016,Radial Velocity,149.61,0.19,0.15,-0.12,0.347,0.04530724,1.015,5727.0
GJ 338 B b,GJ 338 B,2020,Radial Velocity,24.422,0.109,0.1,-0.075,0.29,0.03335133,0.64,4014.0
GJ 1132 c,GJ 1132,2018,Radial Velocity,8.929,0.19,,,0.135,0.00915588,0.198,3090.0
Kepler-1772 b,Kepler-1772,2021,Transit,3.215090036,0.0,,,0.23963819,0.0242,0.942,5541.0
Kepler-1396 b,Kepler-1396,2016,Transit,18.2206421,0.0,,,0.18467303,0.0155,1.18,6195.0
Kepler-1165 c,Kepler-1165,2021,Transit,29.96870041,0.0,,,0.29984295,0.0354,1.13,6249.0
TOI-4582 b,TOI-4582,2023,Transit,31.034,0.51,0.05,-0.05,0.94,0.53,1.34,5190.0
NGTS-21 b,NGTS-21,2022,Transit,1.5433897,0.0,,,1.33,2.36,0.72,4660.0
Kepler-1519 b,Kepler-1519,2016,Transit,240.7989397,0.0,,,0.62985101,0.125,0.94,5644.0
Kepler-338 d,Kepler-338,2014,Transit,44.431014,0.03,0.22,-0.03,0.268,0.0292,1.105,5923.0
Kepler-121 c,Kepler-121,2014,Transit,41.008011,0.0,,,0.203,0.0182,0.859,5311.0
KELT-9 b,KELT-9,2017,Transit,1.4811235,0.0,,,1.936,2.88,2.32,9270.0
Kepler-262 b,Kepler-262,2014,Transit,13.060855,0.0,,,0.121,0.00761,0.816,5841.0
WASP-11 b,WASP-11,2008,Transit,3.72247,0.0,,,1.11,0.79,1.42,4800.0
Kepler-1821 b,Kepler-1821,2021,Transit,16.45809937,0.0,,,0.23128608,0.0228,0.946,5475.0
PH2 b,PH2,2013,Transit,282.52542,0.215,0.095,-0.082,0.833,0.274,0.966,5734.0
Kepler-124 b,Kepler-124,2014,Transit,3.410493,0.0,,,0.065,0.00099,0.706,4984.0
Kepler-380 b,Kepler-380,2014,Transit,3.930821,0.0,,,0.106,0.0057,0.99,6045.0
Kepler-1259 b,Kepler-1259,2016,Transit,0.663085258,0.0,,,0.12757605,0.00829,0.8,5053.0
Kepler-156 c,Kepler-156,2014,Transit,15.906801,0.0,,,0.227,0.0221,0.864,5094.0
Kepler-406 b,Kepler-406,2014,Transit,2.42629,0.0,,,0.1276,0.02,1.07,5538.0
HD 18143 b,HD 18143,2022,Radial Velocity,10.2851,0.224,0.171,-0.122,0.293,0.034,0.85,5078.0
Kepler-286 e,Kepler-286,2014,Transit,29.221289,0.0,,,0.158,0.0119,0.83,5580.0
HD 82886 b,HD 82886,2011,Radial Velocity,705.0,0.07,0.17,-0.17,1.19,2.33,2.53,4953.0
CoRoT-11 b,CoRoT-11,2010,Transit,2.99433,0.0,,,1.43,2.33,1.27,6440.0
HD 154857 b,HD 154857,2004,Radial Velocity,408.60001,0.46,0.02,-0.02,1.18,2.45,1.96,5589.0
Kepler-624 b,Kepler-624,2016,Transit,14.58649607,0.0,,,0.2060844,0.0187,1.1,6117.0
Kepler-1530 c,Kepler-1530,2016,Transit,5.3227406,0.0,,,0.14720314,0.0106,0.92,5477.0
TOI-5349 b,TOI-5349,2026,Transit,3.317921,0.03,0.03,-0.02,0.91,0.4,0.61,3751.0
HD 108202 b,HD 108202,2023,Radial Velocity,2990.0,0.52,0.04,-0.03,1.17,3.0,0.74,4556.03
K2-321 b,K2-321,2020,Transit,2.2979749,0.44,0.26,-0.23,0.183,0.0153,0.578,3750.0
Kepler-14 b,Kepler-14,2011,Transit,6.790123,0.035,0.02,-0.02,1.136,8.4,1.512,6395.0
Kepler-448 c,KOI-12,2017,Transit Timing Variations,2500.0,0.65,0.13,-0.09,1.07,22.0,1.5,6635.0
Kepler-1047 c,Kepler-1047,2016,Transit,3.18897601,0.0,,,0.08832188,0.00295,1.08,5754.0
TOI-1294 c,TOI-1294,2024,Radial Velocity,159.9,0.0,,,1.27,0.46251372,1.1578,5718.0
BD+49 828 b,BD+49 828,2015,Radial Velocity,2590.0,0.35,0.24,-0.1,1.21,1.6,1.52,4943.0
TOI-1117 b,TOI-1117,2025,Transit,2.22816,0.0,,,0.21946688,0.02800253,0.97,5635.0
Kepler-106 b,Kepler-106,2014,Transit,6.16486,0.0,,,0.073,0.01667558,1.0,5858.0
TOI-4406 b,TOI-4406,2023,Transit,30.08364,0.15,0.05,-0.04,1.0,0.3,1.19,6219.0
HD 108147 b,HD 108147,2002,Radial Velocity,10.8985,0.53,0.12,-0.12,0.973,0.261,1.22,6255.73
Kepler-1430 b,Kepler-1430,2016,Transit,2.46050993,0.0,,,0.10527255,0.00553,0.77,4796.0
Kepler-1388 e,Kepler-1388,2016,Transit,37.6327084,0.0,,,0.2194665,0.0208,0.63,4098.0
TOI-2322 b,TOI-2322,2025,Transit,11.30717,0.0,,,0.08867889,0.00726807,0.703,4664.0
Kepler-1311 b,Kepler-1311,2016,Transit,11.1726994,0.0,,,0.11062539,0.00651,1.05,5748.0
CoRoT-6 b,CoRoT-6,2009,Transit,8.886593,0.1,,,1.166,2.96,1.05,6090.0
K2-182 b,K2-182,2018,Transit,4.7369696,0.071,0.11,-0.051,0.242,0.066,0.823,5128.0
Kepler-1991 c,Kepler-1991,2023,Transit,22.79020351,0.0,,,0.22928044,0.0224,0.914,5478.0
Kepler-126 d,Kepler-126,2014,Transit,100.283134,0.02,0.09,-0.02,0.223,0.17175992,1.108,6239.0
HD 145377 b,HD 145377,2008,Radial Velocity,103.95,0.31,0.02,-0.02,1.14,6.02,1.2,6014.0
Kepler-445 c,Kepler-445,2015,Transit,4.871229,0.0,,,0.22,0.0215,0.18,3157.0
HD 25912 c,HD 25912,2022,Radial Velocity,26308.65619,0.051,0.048,-0.025,1.09,16.527,1.08,5920.58
Kepler-1635 b,Kepler-1635,2016,Transit,469.63111,0.0,,,0.32473905,0.0405,0.89,5347.0
Kepler-1709 b,Kepler-1709,2021,Transit,65.70459747,0.0,,,0.27872728,0.0312,1.003,5918.0
Kepler-611 b,Kepler-611,2016,Transit,2.437033302,0.0,,,0.14720314,0.0106,1.01,5761.0
Kepler-1904 b,Kepler-1904,2021,Transit,4.577020168,0.0,,,0.12405226,0.00791,0.526,3805.0
Kepler-473 b,Kepler-473,2016,Transit,14.55731705,0.0,,,0.36399322,0.0492,1.06,5816.0
Kepler-1061 b,Kepler-1061,2016,Transit,2.757982666,0.0,,,0.17664377,0.0144,1.09,6067.0
Kepler-9 d,Kepler-9,2010,Transit,1.592851,0.0,,,0.146,0.026473,1.07,5777.0
DMPP-6 b,DMPP-6,2026,Radial Velocity,7.6027,0.34,0.11,-0.14,0.203,0.01824884,1.079,6182.09
TOI-7510 d,TOI-7510,2025,Transit,48.864468,0.04,0.022,-0.022,0.939,0.597,1.063,5720.0
HD 83443 c,HD 83443,2022,Radial Velocity,8241.0,0.76,0.046,-0.047,1.21,1.5,1.0,5442.0
Kepler-802 b,Kepler-802,2016,Transit,40.0587473,0.0,,,0.31581765,0.0386,0.93,5507.0
Kepler-865 c,Kepler-865,2023,Transit,6.20920207,0.0,,,0.07940062,0.00201,0.782,5440.0
Kepler-316 b,Kepler-316,2014,Transit,2.240508,0.0,,,0.095,0.00377,0.587,4204.0
Kepler-329 b,Kepler-329,2014,Transit,7.416397,0.0,,,0.125,0.008,0.602,4257.0
Kepler-1085 c,Kepler-1085,2020,Transit,56.7771,0.0,,,0.29156726,0.0337,1.05,5816.0
Pr0211 c,Pr0211,2016,Radial Velocity,4850.0,0.71,0.11,-0.11,1.12,7.79,0.935,5300.0
Kepler-1068 b,Kepler-1068,2016,Transit,16.92344113,0.0,,,0.32384691,0.0403,1.01,5806.0
Kepler-1856 b,Kepler-1856,2021,Transit,1.302000046,0.0,,,0.15474009,0.0115,0.782,4948.0
Kepler-7 b,Kepler-7,2009,Transit,4.8854892,0.0,,,1.622,0.441,1.359,5933.0
Kepler-1799 b,Kepler-1799,2021,Transit,11.9296999,0.0,,,0.36827719,0.0501,1.016,5831.0
K2-146 c,K2-146,2019,Transit,4.00498,0.075,0.016,-0.016,0.19537871,0.02358,0.331,3385.0
HIP 114933 b,HIP 114933,2021,Radial Velocity,1481.6,0.21,0.08,-0.08,1.2,1.94,1.39,4823.0
Kepler-1305 b,Kepler-1305,2016,Transit,13.5630972,0.0,,,0.16772237,0.0132,0.97,5701.0
11 Com b,11 Com,2007,Radial Velocity,323.21,0.238,0.007,-0.007,1.09,15.464,2.09,4874.0
Kepler-1144 b,Kepler-1144,2016,Transit,17.14647302,0.0,,,0.17753591,0.0145,0.98,5753.0
Kepler-1162 c,Kepler-1162,2023,Transit,59.284064,0.0,,,0.16147766,0.0124,0.861,5225.0
HD 224693 b,HD 224693,2006,Radial Velocity,26.6904,0.104,0.017,-0.017,1.25,0.7,1.31,5894.0
PSR B1257+12 c,PSR B1257+12,1992,Pulsar Timing,66.5419,0.0186,0.0002,-0.0002,0.17,0.01352925,1.4,
Kepler-1088 b,Kepler-1088,2016,Transit,23.12748644,0.0,,,0.12668391,0.00819,1.08,5975.0
Kepler-393 c,Kepler-393,2014,Transit,14.613612,0.0,,,0.119,0.00733,1.256,6189.0
HD 202772 A b,HD 202772 A,2019,Transit,3.3088775,0.03,0.024,-0.019,1.627,1.018,1.721,6442.0
Kepler-1597 b,Kepler-1597,2016,Transit,2.94654179,0.0,,,0.09456687,0.00377,1.25,6377.0
TOI-480 b,TOI-480,2024,Transit,6.866196,0.0,,,0.2545923,0.06544412,1.2793,6174.0
Kepler-1560 b,Kepler-1560,2016,Transit,3.03195744,0.0,,,0.07940048,0.00201,1.02,5815.0
Kepler-1440 b,Kepler-1440,2016,Transit,39.859484,0.0,,,0.11240967,0.00669,0.98,5698.0
WASP-130 b,WASP-130,2016,Transit,11.55098,0.0,,,0.89,1.23,1.04,5625.0
HD 162020 b,HD 162020,2002,Radial Velocity,8.4282,0.28,0.0,0.0,1.11,9.84,0.42,4723.0
WASP-157 b,WASP-157,2016,Transit,3.951623,0.0,,,0.99830493,0.574,1.06,5772.0
Kepler-188 b,Kepler-188,2014,Transit,2.061897,0.0,,,0.15,0.0109,1.021,6021.0
HD 136352 b,HD 136352,2019,Radial Velocity,11.57797,0.0,,,0.14845239,0.01485078,0.87,5664.0
Kepler-588 b,Kepler-588,2016,Transit,4.221625357,0.0,,,0.23463288,0.0233,1.01,5835.0
HD 156279 b,HD 156279,2011,Radial Velocity,133.40355,0.647,0.0008,-0.0007,1.12,9.432,0.94,5453.0
Kepler-693 b,Kepler-693,2016,Transit,15.37563332,0.0,,,0.90819877,0.232,0.76,4881.0
Kepler-1380 b,Kepler-1380,2016,Transit,10.3108245,0.0,,,0.12757605,0.00829,0.96,5570.0
Kepler-387 b,Kepler-387,2014,Transit,6.791636,0.0,,,0.092,0.0034,0.85,5774.0
K2-54 b,K2-54,2016,Transit,9.7833,0.24,0.4,-0.18,0.233,0.0231,0.615,3990.0
Kepler-1126 c,Kepler-1126,2023,Transit,199.66876,0.0,,,0.12936056,0.00849,0.794,5678.0
K2-263 b,K2-263,2018,Transit,50.819172,0.08,0.089,-0.057,0.22419523,0.04845382,0.88,5368.0
Kepler-1469 b,Kepler-1469,2016,Transit,21.8635301,0.0,,,0.24979927,0.0259,0.92,5507.0
Kepler-462 b,Kepler-462,2016,Transit,84.6866,0.042,0.046,-0.008,0.26764207,0.16958752,1.59,7500.0
Kepler-1183 b,Kepler-1183,2016,Transit,28.5057189,0.0,,,0.25158355,0.0263,1.0,5765.0
TOI-1443 b,TOI-1443,2024,Transit,23.540678,0.0,,,0.20553252,0.09439056,0.7663,5224.0
Kepler-1900 b,Kepler-1900,2021,Transit,2.986229897,0.0,,,0.1448077,0.0103,1.104,6173.0
47 UMa d,47 UMa,2009,Radial Velocity,14002.0,0.16,0.09,-0.16,1.2,1.64,1.06,5872.0
TOI-5624 b,TOI-5624,2026,Transit,3.3903473,0.0,,,0.20644161,0.02957571,0.858,5327.0
Kepler-739 b,Kepler-739,2016,Transit,12.53248465,0.0,,,0.29619056,0.0346,0.93,5601.0
GJ 9066 c,GJ 9066,2020,Radial Velocity,771.36,0.46,0.04,-0.04,0.856,0.21,0.15,3154.0
gam Lib c,gam Lib,2018,Radial Velocity,966.49,0.065,0.033,-0.022,1.14,5.231,1.78,4879.0
Kepler-261 b,Kepler-261,2014,Transit,10.381227,0.0,,,0.194,0.017,0.834,5098.0
TrES-5 b,TrES-5,2011,Transit,1.48224686,0.0,,,1.194,1.79,0.901,5171.0
HD 204313 b,HD 204313,2010,Radial Velocity,2041.11539,0.1,0.003,-0.003,1.15,4.615,1.03,5767.0
Kepler-18 b,Kepler-18,2011,Transit,3.504725,0.0,,,0.178,0.022,0.972,5345.0
Kepler-1400 b,Kepler-1400,2016,Transit,9.06689421,0.0,,,0.14452672,0.0102,0.83,5044.0
Kepler-84 d,Kepler-84,2014,Transit,4.224537,0.0,,,0.123,0.0078,1.06,6031.0
TOI-561 c,TOI-561,2020,Transit,10.778838,0.023,0.034,-0.017,0.25559862,0.01865787,0.806,5342.0
Kepler-1855 b,Kepler-1855,2021,Transit,0.727330983,0.0,,,0.10850273,0.00617,0.385,3460.0
Kepler-1987 e,Kepler-1987,2023,Transit,8.74292005,0.0,,,0.17129122,0.0137,0.799,4769.0
LTT 1445 A c,LTT 1445 A,2022,Transit,3.1239035,0.223,,,0.10232866,0.00484538,0.257,3340.0
Kepler-415 c,Kepler-415,2014,Transit Timing Variations,8.708,0.0,,,0.1793205,0.0148,0.67,4362.0
K2-127 b,K2-127,2017,Transit,3.588163,0.12,0.142231,-0.096252,0.74672138,0.167,0.72,4575.0
WASP-119 b,WASP-119,2016,Transit,2.49979,0.058,,,1.4,1.23,1.02,5650.0
WTS-1 b,WTS-1,2012,Transit,3.352057,0.1,,,1.49,4.01,1.2,6250.0
Kepler-893 b,Kepler-893,2016,Transit,6.33855761,0.0,,,0.27031849,0.0297,1.0,5820.0
HD 103949 b,HD 103949,2019,Radial Velocity,120.878,0.19,0.12,-0.12,0.299,0.03523896,0.77,4792.0
Kepler-1487 c,Kepler-1487,2023,Transit,35.8007112,0.0,,,0.711037,0.153,1.801,5745.0
Kepler-1579 b,Kepler-1579,2016,Transit,0.849907889,0.0,,,0.07493978,0.00164,0.75,4584.0
K2-264 b,K2-264,2018,Transit,5.840002,0.5,,,0.19903649,0.0176,0.496,3660.0
Kepler-1351 b,Kepler-1351,2016,Transit,0.916140768,0.0,,,0.05798912,0.000653,0.7,4439.0
Kepler-8 b,Kepler-8,2010,Transit,3.5224991,0.0,,,1.416,0.59,1.213,6213.0
Kepler-1363 b,Kepler-1363,2016,Transit,2.94194094,0.0,,,0.11151753,0.0066,0.76,4839.0
HD 221420 b,HD 221420,2019,Radial Velocity,10090.0,0.14,0.04,-0.03,1.07,22.9,1.351,5847.0
HD 109833 b,HD 109833,2022,Transit,9.188526,0.18,0.24,-0.12,0.25765055,0.0273,1.08,5881.0
HD 117207 b,HD 117207,2004,Radial Velocity,2621.75,0.157,0.013,-0.013,1.19,2.106,1.053,5732.0
TOI-700 d,TOI-700,2020,Transit,37.42396,0.042,0.045,-0.03,0.09572681,0.00394,0.415,3459.0
HIP 71135 b,HIP 71135,2019,Radial Velocity,87.19,0.21,0.13,-0.13,0.406,0.05915112,0.66,4146.0
HATS-51 b,HATS-51,2017,Transit,3.3488702,0.33,,,1.41,0.768,1.187,5758.0
Kepler-168 b,Kepler-168,2014,Transit,4.425391,0.0,,,0.13,0.00859,1.113,6282.0
Kepler-382 c,Kepler-382,2014,Transit,12.162701,0.0,,,0.142,0.00993,1.002,5600.0
HAT-P-15 b,HAT-P-15,2010,Transit,10.8635,0.19,0.02,-0.02,1.06,1.94,1.0,5568.0
K2-238 b,K2-238,2018,Transit,3.20466,0.0,,,1.3,0.86,1.19,5630.0
Kepler-42 c,Kepler-42,2011,Transit,0.45328509,0.0,0.1,0.0,0.065,0.18984143,0.13,3068.0
HD 96700 c,HD 96700,2021,Radial Velocity,19.88,0.293,,,0.151,0.01101223,0.89,5845.0
K2-147 b,K2-147,2018,Transit,0.961939,0.38,0.26,-0.22,0.1314,0.00872,0.563,3690.0
Kepler-725 b,Kepler-725,2016,Transit,39.64372,0.231,0.05,-0.044,0.96351312,0.257,0.95,5395.0
CoRoT-5 b,CoRoT-5,2009,Transit,4.0378962,0.09,0.09,-0.04,1.388,0.467,1.0,6100.0
Kepler-1819 b,Kepler-1819,2021,Transit,16.48690033,0.0,,,0.34824866,0.0456,1.173,6090.0
CoRoT-29 b,CoRoT-29,2015,Transit,2.85057,0.082,0.081,-0.081,0.9,0.85,0.97,5260.0
BD+48 738 b,BD+48 738,2011,Radial Velocity,392.6,0.2,0.1,-0.1,1.24,0.91,0.74,4414.0
TOI-757 b,TOI-757,2024,Transit,17.46819,0.39,0.08,-0.07,0.22303545,0.03303669,0.8,5278.0
HD 156098 c,HD 156098,2022,Radial Velocity,7841.5839,0.391,0.04,-0.051,1.14,5.228,1.29,6419.19
HD 56957 b,HD 56957,2022,Radial Velocity,5859.08992,0.273,0.178,-0.136,1.14,5.918,1.03,5743.0
Kepler-1014 b,Kepler-1014,2016,Transit,16.57110363,0.0,,,0.21322152,0.0198,0.88,5388.0
TOI-1453 b,TOI-1453,2025,Transit,4.3135225,0.0,,,0.10464823,0.00729954,0.715,4975.0
Kepler-437 b,Kepler-437,2015,Transit,66.65062,0.02,0.08,-0.02,0.19,0.0164,0.707,4551.0
Kepler-395 c,Kepler-395,2014,Transit,34.989262,0.0,,,0.118,0.00724,0.622827,4262.0
BD+20 2457 b,BD+20 2457,2009,Radial Velocity,379.63,0.15,0.03,-0.03,1.08,21.42,2.8,4137.0
Kepler-1609 b,Kepler-1609,2016,Transit,114.34219,0.0,,,0.19805513,0.0175,1.18,6132.0
WASP-197 b,WASP-197,2025,Transit,5.167228,0.0,,,1.289,1.269,1.36,6050.0
Kepler-281 b,Kepler-281,2014,Transit,14.646008,0.0,,,0.252,1.019418,0.95,5723.0
Kepler-908 b,Kepler-908,2016,Transit,1.340597468,0.0,,,0.10884111,0.00624,1.11,5973.0
Kepler-1449 b,Kepler-1449,2016,Transit,13.2274528,0.0,,,0.14987956,0.0109,1.08,5979.0
TOI-451 c,TOI-451,2020,Transit,9.192463,0.0,,,0.26139754,0.0116415,0.93,5490.0
Kepler-1965 b,Kepler-1965,2021,Transit,41.86869812,0.0,,,0.1208095,0.00756,0.928,5852.0
HIP 38594 b,HIP 38594,2020,Radial Velocity,60.722,0.17,0.11,-0.11,0.247,0.02548532,0.61,4086.3
HD 38801 b,HD 38801,2009,Radial Velocity,685.25,0.017,0.013,-0.011,1.11,9.698,1.207,5338.0
55 Cnc e,55 Cnc,2004,Radial Velocity,0.7365474,0.05,0.03,-0.03,0.1672763,0.02513923,0.905,5172.0
Kepler-241 b,Kepler-241,2014,Transit,12.718092,0.0,,,0.208,0.019,0.671,4699.0
Kepler-129 d,Kepler-129,2021,Radial Velocity,2646.0,0.15,0.07,-0.05,1.12,8.3,1.178,5770.0
HAT-P-69 b,HAT-P-69,2019,Transit,4.7869491,0.0,,,1.676,3.58,1.648,7394.0
Kepler-389 c,Kepler-389,2014,Transit,14.51143,0.0,,,0.13,0.00859,0.765,5376.0
Kepler-286 c,Kepler-286,2014,Transit,3.468095,0.0,,,0.122,0.00771,0.83,5580.0
Kepler-864 c,Kepler-864,2023,Transit,2.42150341,0.0,,,0.14452697,0.0102,1.27,6213.0
Kepler-460 c,KIC 5437945,2016,Transit,220.1303357,0.0,,,0.49246141,0.0821,1.17,6146.0
EPIC 220674823 b,EPIC 220674823,2016,Transit,0.57130782,0.0,,,0.14327797,0.02372349,0.913,5578.0
OGLE-TR-111 b,OGLE-TR-111,2004,Transit,4.0144463,0.0,,,1.019,0.55,0.82,5040.0
6 Lyn b,6 Lyn,2008,Radial Velocity,919.86,0.042,0.024,-0.032,1.2,1.881,1.32,4941.0
Kepler-1763 b,Kepler-1763,2021,Transit,1.480280042,0.0,,,0.10228524,0.00499,1.026,5897.0
PSR B1257+12 d,PSR B1257+12,1992,Pulsar Timing,98.2114,0.0264,0.0009,-0.0009,0.161,0.01227071,1.4,
Kepler-961 b,Kepler-961,2016,Transit,16.87727414,0.0,,,0.22749576,0.0221,0.96,5582.0
TOI-1472 c,TOI-1472,2025,Radial Velocity,15.5381747,0.172,0.002,-0.002,0.298,0.067,0.87,5100.0
TOI-5153 b,TOI-5153,2022,Transit,20.33003,0.091,0.024,-0.026,1.06,3.26,1.24,6300.0
Kepler-1239 b,Kepler-1239,2016,Transit,5.19104016,0.0,,,0.25872067,0.0275,1.4,6564.0
KOI-7913 b,KOI-7913 A,2022,Transit,24.278553,0.0,,,0.209,0.0191,0.76,4324.0
Kepler-1312 c,Kepler-1312,2021,Transit,1.116119981,0.0,,,0.09165216,0.00337,0.983,5721.0
Kepler-1902 b,Kepler-1902,2021,Transit,3.822220087,0.0,,,0.10488341,0.00546,0.52,3729.0
Kepler-747 b,Kepler-747,2016,Transit,35.61760587,0.0,,,0.47015791,0.0759,0.82,5096.0
K2-264 c,K2-264,2018,Transit,19.660302,0.45,,,0.23802302,0.0239,0.496,3660.0
Kepler-297 b,Kepler-297,2014,Transit,38.871826,0.0,,,0.256,0.153,0.927,5619.0
Kepler-949 b,Kepler-949,2016,Transit,8.689307296,0.0,,,0.25961281,0.0277,0.89,5403.0
HD 12648 b,HD 12648,2015,Radial Velocity,133.60001,0.04,0.08,-0.08,1.2,1.96,0.67,4835.0
Kepler-53 b,Kepler-53,2012,Transit,18.6489525,0.0,,,0.258,0.34924506,0.98,5858.0
HD 159243 b,HD 159243,2013,Radial Velocity,12.62,0.02,0.018,-0.018,1.22,1.13,1.125,6123.0
HD 95127 b,HD 95127,2015,Radial Velocity,482.0,0.11,0.1,-0.1,1.11,10.63,3.7,4218.0
Kepler-105 b,Kepler-105,2013,Transit,5.4122034,0.02,0.02,-0.02,0.22571187,0.0339806,0.991,5933.0
GJ 876 d,GJ 876,2005,Radial Velocity,1.93778,0.207,0.055,-0.055,0.224,0.021,0.32,3293.74
Kepler-1177 b,Kepler-1177,2016,Transit,106.247547,0.0,,,0.16950665,0.0134,0.98,5712.0
TOI-1710 b,TOI-1710,2022,Transit,24.28336,0.05,0.04,-0.02,0.45142374,0.06009532,1.02,5775.0
HD 145675 c,14 Her,2021,Radial Velocity,15732.45889,0.52,0.16,-0.12,1.12,7.9,0.97,5338.0
TOI-1899 b,TOI-1899,2020,Transit,29.090312,0.044,0.029,-0.027,0.99,0.67,0.632,3926.0
BD+15 2940 b,BD+15 2940,2013,Radial Velocity,137.48,0.26,0.1,-0.1,1.23,1.11,1.1,4796.0
Kepler-1588 b,Kepler-1588,2016,Transit,7.84931739,0.0,,,0.06780266,0.00114,0.96,5817.0
Kepler-226 b,Kepler-226,2014,Transit,3.940997,0.0,,,0.138,0.076,0.904,5571.0
Kepler-11 d,Kepler-11,2010,Transit,22.6845,0.004,0.007,-0.002,0.278,0.023,0.961,5663.0
NGTS-14 A b,NGTS-14 A,2021,Transit,3.5357173,0.0,,,0.444,0.092,0.898,5187.0
K2-131 b,K2-131,2017,Transit,0.3693038,0.0,,,0.15077196,0.02485618,0.803,5120.0
Kepler-937 c,Kepler-937,2016,Transit,153.343364,0.0,,,0.23820145,0.0239,1.15,6095.0
Kepler-218 d,Kepler-218,2016,Transit,124.5244647,0.0,,,0.23730931,0.0238,1.01,5542.0
Kepler-487 b,Kepler-487,2016,Transit,15.358768403,0.0,,,1.01882416,,0.91,5444.0
TOI-6054.01,TOI-6054,2024,Transit,7.501428,0.164,0.052,-0.055,0.23552543,0.0393294,1.107,6047.0
HD 97658 b,HD 97658,2010,Radial Velocity,9.4897116,0.05,0.04,-0.03,0.18913406,0.02611472,0.85,5212.0
Kepler-135 b,Kepler-135,2014,Transit,6.00253,0.0,,,0.161,0.0124,1.047,6090.0
Kepler-501 b,Kepler-501,2016,Transit,5.640677572,0.0,,,0.38362031,0.0537,1.03,5904.0
K2-137 b,K2-137,2017,Transit,0.179719,0.0,,,0.05709707,0.5,0.463,3697.0
HD 208487 b,HD 208487,2004,Radial Velocity,129.36,0.37,0.01,-0.01,1.27,0.46,1.15,6134.0
DMPP-8 b,DMPP-8,2026,Radial Velocity,62.915,0.275,0.049,-0.049,0.96,0.25513767,0.99,6009.0
HAT-P-25 b,HAT-P-25,2012,Transit,3.65281514,0.023,0.022,-0.014,1.135,0.569,1.012,5519.0
Kepler-1416 b,Kepler-1416,2016,Transit,1.49514952,0.0,,,0.07850834,0.00193,1.09,6019.0
Kepler-100 d,Kepler-100,2014,Transit,35.3331,0.38,0.12,-0.16,0.144,0.00943901,1.08,5825.0
TOI-892 b,TOI-892,2020,Transit,10.62656,0.125,,,1.07,0.95,1.28,6261.0
Kepler-1466 b,Kepler-1466,2016,Transit,31.1750448,0.0,,,0.13828174,0.00951,1.01,5884.0
HD 221287 b,HD 221287,2007,Radial Velocity,456.1,0.08,0.17,-0.05,1.17,3.09,1.25,6304.0
K2-124 b,K2-124,2017,Transit,6.413651,0.08,0.15519,-0.06663,0.25872067,0.0275,0.39,3570.0
WASP-12 b,WASP-12,2008,Transit,1.091418901,0.0447,0.0043,-0.0043,1.965,1.47,1.325,6265.0
TOI-1203 c,TOI-1203,2025,Radial Velocity,13.0766,0.092,0.081,-0.063,0.196,0.01717908,0.886,5737.0
HD 145934 b,HD 145934,2015,Radial Velocity,2751.53433,0.078,0.009,-0.027,1.19,2.072,2.058,4823.75
Kepler-566 b,Kepler-566,2016,Transit,18.42794624,0.0,,,0.19181015,0.0166,0.83,5132.0
Kepler-648 b,Kepler-648,2016,Transit,17.4211749,0.0,,,0.28726916,0.0329,1.05,5741.0
TOI-5800 b,TOI-5800,2025,Transit,2.6278838,0.3,0.083,-0.082,0.21946688,0.02989034,0.778,4850.0
Kepler-1224 b,Kepler-1224,2016,Transit,13.32351601,0.0,,,0.11865465,0.00733,1.18,6155.0
TIC 88785435 b,TIC 88785435,2025,Transit,10.508843,0.131,0.06,-0.064,0.44874732,0.0701,0.724,3998.0
Kepler-770 c,Kepler-770,2016,Transit,1.475322314,0.0,,,0.10705683,0.00588,0.94,5598.0
Kepler-1946 b,Kepler-1946,2021,Transit,3.035190105,0.0,,,0.2219762,0.0212,0.887,5505.0
TOI-4507 b,TOI-4507,2025,Transit,104.61611,0.09,0.26,-0.06,0.73155626,0.06292704,1.11,6260.0
TOI-3540 A b,TOI-3540 A,2022,Transit,3.119999,0.0,,,2.1,1.18,1.081,5810.0
TOI-2803 A b,TOI-2803 A,2023,Transit,1.96229325,0.0,,,1.616,0.975,1.118,6280.0
Kepler-274 c,Kepler-274,2014,Transit,33.197861,0.0,,,0.164,0.0127,0.883,6023.0
Kepler-1884 b,Kepler-1884,2021,Transit,8.988320351,0.0,,,0.16184057,0.0124,0.993,5984.0
TOI-2420 b,TOI-2420,2024,Transit,5.842641,0.055,0.036,-0.031,1.34,0.927,1.158,5707.0
Wolf 1061 c,Wolf 1061,2015,Radial Velocity,17.8719,0.11,0.1,-0.07,0.148,0.01072901,0.294,3342.0
Kepler-1964 b,Kepler-1964,2021,Transit,2.440829992,0.0,,,0.15889569,0.012,0.752,4803.0
Kepler-1072 b,Kepler-1072,2016,Transit,1.569066502,0.0,,,0.14095816,0.00982,1.2,6199.0
Kepler-1462 b,Kepler-1462,2016,Transit,65.6488341,0.0,,,0.34079757,0.044,1.0,5756.0
HATS-25 b,HATS-25,2016,Transit,4.2986432,0.176,,,1.26,0.613,0.994,5715.0
HAT-P-50 b,HAT-P-50,2015,Transit,3.1220109,0.115,,,1.288,1.35,1.273,6280.0
K2-233 c,K2-233,2018,Transit,7.06024,0.0,,,0.11348043,0.01447322,0.79,4796.0
Kepler-351 d,Kepler-351,2016,Transit,142.544247,0.0,,,0.24266215,0.0247,0.81,5225.0
TOI-4465 b,TOI-4465,2025,Transit,101.94054,0.24,0.01,-0.01,1.25,5.89,0.93,5545.0
TOI-6255 b,TOI-6255,2024,Transit,0.23818244,0.0,,,0.0962621,0.00453075,0.353,3421.0
Kepler-1542 e,Kepler-1542,2016,Transit,5.10115756,0.0,,,0.06780266,0.00114,0.94,5564.0
Kepler-789 b,Kepler-789,2016,Transit,8.63847725,0.0,,,0.18913373,0.0162,1.01,5870.0
Kepler-328 c,Kepler-328,2013,Transit,71.312,0.0,,,0.482,0.124,1.15,6064.0
Kepler-311 d,Kepler-311,2023,Transit,232.040326,0.0,,,0.18288907,0.0153,0.974,5903.0
Kepler-285 b,Kepler-285,2014,Transit,2.633867,0.0,,,0.12,0.00742,0.915,5411.0
Kepler-1073 d,Kepler-1073,2021,Transit,2.504760027,0.0,,,0.13272478,0.00887,0.924,5509.0
Kepler-804 c,Kepler-804,2016,Transit,9.65185017,0.0,,,0.10170399,0.00489,1.01,5817.0
Kepler-55 f,Kepler-55,2014,Transit,10.198545,0.0,,,0.142,0.00993,0.631,4503.0
WASP-80 b,WASP-80,2012,Transit,3.06785234,0.002,0.01,-0.002,0.999,0.538,0.577,4143.0
WASP-149 b,WASP-149,2025,Transit,1.332813,0.0,,,1.36,0.991,1.05,5750.0
Kepler-173 b,Kepler-173,2014,Transit,4.263742,0.0,,,0.115,0.00696,1.067,6031.0
Kepler-1937 b,Kepler-1937,2021,Transit,9.688599586,0.0,,,0.26968673,0.0295,1.19,6457.0
TOI-942 b,TOI-942,2020,Transit,4.32421,0.34,0.1,-0.14,0.34704315,2.6,0.822,4969.0
Kepler-335 b,Kepler-335,2014,Transit,6.562331,0.0,,,0.302,0.0359,1.367,5877.0
Kepler-1393 b,Kepler-1393,2016,Transit,2.44357812,0.0,,,0.07137122,0.00137,0.95,5697.0
Kepler-1035 b,Kepler-1035,2016,Transit,2.714077555,0.0,,,0.10438041,0.00537,0.98,5763.0
HD 109286 b,HD 109286,2021,Radial Velocity,520.1,0.338,0.034,-0.035,1.17,2.99,0.98,5694.0
Kepler-1895 b,Kepler-1895,2021,Transit,6.070290089,0.0,,,0.18907583,0.0162,0.86,5076.0
TOI-2049 b,TOI-2049,2026,Transit,5.303468,0.054,0.068,-0.038,1.485,1.53,1.57,6164.0
Kepler-761 b,Kepler-761,2016,Transit,10.12804789,0.0,,,0.18110447,0.015,0.95,5706.0
Kepler-1985 b,Kepler-1985,2023,Transit,3.42064689,0.0,,,0.20251618,0.0182,0.877,5370.0
Kepler-1607 b,Kepler-1607,2016,Transit,13.6473676,0.0,,,0.0820769,0.00227,1.14,6116.0
Kepler-1464 c,Kepler-1464,2016,Transit,5.32786292,0.0,,,0.08921402,0.00306,1.02,5828.0
Kepler-1898 b,Kepler-1898,2021,Transit,4.765620232,0.0,,,0.08328458,0.00239,0.837,5702.0
Kepler-1801 c,Kepler-1801,2023,Transit,116.583183,0.0,,,0.25961326,0.0277,0.936,5738.0
Kepler-1274 b,Kepler-1274,2016,Transit,6.98152703,0.0,,,0.12668391,0.00819,1.45,6179.0
GJ 674 b,GJ 674,2007,Radial Velocity,4.6938,0.2,0.02,-0.02,0.297,0.035,0.35,3600.0
Kepler-428 b,Kepler-428,2014,Transit,3.52563254,0.22,,,1.08,1.27,0.87,5150.0
HIP 10090 b,HIP 10090,2026,Radial Velocity,2960.0,0.115,0.005,-0.033,1.16,3.87,0.94,5661.0
Kepler-1729 b,Kepler-1729,2021,Transit,4.220970154,0.0,,,0.34740374,0.0454,0.544,3837.0
K2-31 b,K2-31,2016,Transit,1.25785,0.0,,,1.06,1.774,0.91,5280.0
Kepler-147 c,Kepler-147,2014,Transit,33.416423,0.0,,,0.217,0.0204,1.145,6012.0
Kepler-1619 b,Kepler-1619,2016,Transit,23.6225913,0.0,,,0.06780266,0.00114,1.0,5852.0
GJ 1265 b,GJ 1265,2018,Radial Velocity,3.6511,0.04,0.04,-0.04,0.234,0.02328289,0.178,3236.0
HATS-47 b,HATS-47,2020,Transit,3.9228038,0.088,,,1.117,0.369,0.674,4512.0
HD 1502 b,HD 1502,2011,Radial Velocity,428.5,0.031,0.022,-0.022,1.18,2.75,1.46,4947.0
G 9-40 b,G 9-40,2019,Transit,5.7459982,0.0,,,0.16950694,0.01258541,0.2952,3395.0
Kepler-604 b,Kepler-604,2016,Transit,25.85501786,0.0,,,0.23106432,0.0227,1.02,5890.0
Kepler-220 d,Kepler-220,2014,Transit,28.122397,0.0,,,0.087,0.00284,0.729,4632.0
HD 191939 b,HD 191939,2020,Transit,8.8803256,0.031,0.01,-0.011,0.30422035,0.03146352,0.81,5348.0
Kepler-54 b,Kepler-54,2012,Transit,8.0109434,0.022,0.02,-0.015,0.187,0.00308342,0.51,3705.0
TOI-1107 b,TOI-1107,2022,Transit,4.0782387,0.025,0.023,-0.016,1.3,3.35,1.35,6311.0
TOI-6330 b,TOI-6330,2025,Transit,6.8500246,0.34,0.01,-0.01,0.972,10.0,0.531,3539.0
Kepler-111 c,Kepler-111,2014,Transit,224.77833,0.176,0.08,-0.085,0.632,0.7,1.118,5914.0
GJ 3293 e,GJ 3293,2017,Radial Velocity,13.2543,0.21,0.2,-0.14,0.145,0.01031998,0.42,3466.0
HIP 109384 b,HIP 109384,2016,Radial Velocity,499.48,0.549,0.003,-0.003,1.21,1.56,0.78,5180.0
Kepler-890 b,Kepler-890,2016,Transit,52.75875577,0.0,,,0.79311268,0.184,1.09,5954.0
HD 212771 b,HD 212771,2009,Radial Velocity,380.7,0.076,0.051,-0.051,1.18,2.39,1.56,5003.0
Kepler-591 b,Kepler-591,2016,Transit,81.1694299,0.0,,,0.30243554,0.0359,0.97,5677.0
Kepler-65 e,Kepler-65,2019,Radial Velocity,258.8,0.283,0.064,-0.071,1.24,0.82,1.248,6220.0
Kepler-1471 c,Kepler-1471,2023,Transit,11.6044881,0.0,,,0.16772265,0.0132,0.934,5533.0
HD 147018 c,HD 147018,2009,Radial Velocity,1008.0,0.133,0.011,-0.011,1.13,6.56,0.927,5441.0
Kepler-1695 b,Kepler-1695,2020,Transit,4.7329,0.0,,,0.09987412,0.00458,0.96,5473.19
Kepler-1728 b,Kepler-1728,2021,Transit,4.782999992,0.0,,,0.26362957,0.0284,0.891,5170.0
Kepler-32 c,Kepler-32,2011,Transit,8.7522,0.0,,,0.178,0.5,0.58,3900.0
nu Oph c,nu Oph,2012,Radial Velocity,3180.6,0.179,0.007,-0.005,1.07,24.662,2.61,4887.0
KELT-2 A b,KELT-2 A,2012,Transit,4.11379,0.0,,,1.35,1.7,1.54,6327.0
TOI-1751 b,TOI-1751,2024,Transit,37.46852,0.327,0.083,-0.083,0.26325181,0.06135386,0.9382,5970.0
TOI-1273 b,TOI-1273,2024,Transit,4.631296,0.055,0.032,-0.032,0.99,0.222,1.06,5690.0
Kepler-1370 c,Kepler-1370,2016,Transit,7.44142113,0.0,,,0.11330181,0.00678,1.19,6202.0
PH1 b,PH1,2012,Transit,138.317,0.0702,0.0029,-0.0039,0.551,0.531,1.528,6407.0
KOI-1599.02,KOI-1599,2019,Transit,13.6088,0.0114,,,0.16950665,0.02831702,1.02,5833.0
TOI-260 b,TOI-260,2024,Transit,13.475853,0.0,,,0.15255624,0.01330907,0.616,4026.0
Kepler-510 b,Kepler-510,2016,Transit,19.55659418,0.0,,,0.22035864,0.021,0.91,5746.0
HD 81817 c,HD 81817,2022,Radial Velocity,622.97802,0.095,0.058,-0.044,1.07,22.609,4.3,4140.0
GJ 433 d,GJ 433,2020,Radial Velocity,36.059,0.07,0.05,-0.05,0.191,0.01643331,0.48,3461.0
TOI-4487 A b,TOI-4487 A,2025,Transit,3.9540709,0.083,,,1.303,1.25,1.378,6206.0
TOI-2981 b,TOI-2981,2024,Transit,3.601501,0.035,,,1.19546999,2.00737249,1.03,5940.0
Kepler-145 b,Kepler-145,2013,Transit,22.951,0.43,0.18,-0.25,0.236,0.117,1.32,6022.0
HIP 79431 b,HIP 79431,2009,Radial Velocity,111.7,0.29,0.02,-0.02,1.19,2.1,0.49,3191.0
GJ 3512 b,GJ 3512,2019,Radial Velocity,203.109,0.4279,0.0036,-0.0035,1.27,0.461,0.123,3141.0
HAT-P-56 b,HAT-P-56,2015,Transit,2.79083,0.29,,,1.51,2.31,1.42,6566.0
GJ 163 d,GJ 163,2013,Radial Velocity,603.95116,0.373,0.077,-0.077,0.528,0.09250228,0.4,3500.0
HD 8574 b,HD 8574,2002,Radial Velocity,227.0,0.3,0.03,-0.03,1.19,2.03,1.34,6064.0
K2-138 e,K2-138,2017,Transit,8.26146,0.077,0.048,-0.049,0.30243554,0.04080798,0.935,5356.3
Kepler-1317 b,Kepler-1317,2016,Transit,0.568874427,0.0,,,0.13917388,0.00961,0.83,5144.0
HD 50554 b,HD 50554,2002,Radial Velocity,1293.0,0.501,0.03,-0.03,1.14,5.85,1.04,5987.0
CoRoT-20 c,CoRoT-20,2018,Radial Velocity,1675.0,0.6,0.03,-0.03,1.09,17.0,1.14,5880.0
Kepler-1477 b,Kepler-1477,2016,Transit,11.55530021,0.0,,,0.10527255,0.00553,0.81,5100.0
WASP-168 b,WASP-168,2018,Transit,4.153658,0.0,,,1.5,0.42,1.08,6000.0
Kepler-1199 b,Kepler-1199,2016,Transit,15.0447198,0.0,,,0.10259613,0.00505,0.94,5889.0
HATS-71 b,HATS-71,2020,Transit,3.7955202,0.0,,,1.024,0.37,0.4861,3405.0
Kepler-935 b,Kepler-935,2016,Transit,4.88083852,0.0,,,0.12043893,0.00752,0.78,4830.0
KELT-6 b,KELT-6,2014,Transit,7.8457,0.22,0.11,-0.11,1.3,0.52,1.42,6102.0
K2-72 c,K2-72,2016,Transit,15.189034,0.11,0.20197,-0.091536,0.10348827,0.00521,0.271365,3360.47
Kepler-15 b,Kepler-15,2011,Transit,4.942782,0.06,,,0.96,0.66,1.018,5515.0
HD 134606 f,HD 134606,2024,Radial Velocity,26.915,0.081,0.1,-0.059,0.2,0.01771396,1.046,5576.0
WASP-114 b,WASP-114,2016,Transit,1.5487743,0.012,0.022,-0.009,1.339,1.769,1.289,5940.0
Kepler-62 e,Kepler-62,2013,Transit,122.3874,0.0,,,0.144,0.113,0.69,4925.0
Kepler-1945 b,Kepler-1945,2021,Transit,6.080039978,0.0,,,0.11499708,0.00695,0.767,4991.0
TOI-6002 b,TOI-6002,2024,Transit,10.904821,0.15,0.42,-0.11,0.14720339,0.0106,0.2101,3229.0
Kepler-192 c,Kepler-192,2014,Transit,21.2234,0.0,,,0.249,0.0258,1.028,5479.0
Kepler-1777 b,Kepler-1777,2021,Transit,12.18420029,0.0,,,0.19019542,0.0163,0.984,5771.0
Kepler-1360 b,Kepler-1360,2016,Transit,40.5286413,0.0,,,0.30332768,0.0361,1.51,6778.0
Kepler-746 b,Kepler-746,2016,Transit,3.48159251,0.0,,,0.09902757,0.00444,0.91,5418.0
Kepler-270 b,Kepler-270,2014,Transit,11.476094,0.0,,,0.179,0.0148,1.17,6067.0
Kepler-1668 b,Kepler-1668,2020,Transit,15.434,0.0,,,0.38787082,0.0548,0.98,5542.0
Kepler-319 b,Kepler-319,2014,Transit,4.362705,0.0,,,0.145,0.0104,0.933,5526.0
K2-199 c,K2-199,2018,Transit,7.3744897,0.03,0.06,-0.03,0.25426041,0.03901476,0.711,4491.0
TOI-1723 b,TOI-1723,2024,Transit,13.727012643,0.0,,,0.3064507,0.03272206,1.04,5777.0
TOI-2005 b,TOI-2005,2025,Transit,17.305904,0.597,0.097,-0.065,1.07,6.4,1.59,7130.0
Kepler-95 b,Kepler-95,2014,Transit,11.5231,0.0,,,0.305,0.041,1.08,5699.0
TOI-674 b,TOI-674,2021,Transit,1.977143,0.0,,,0.46837443,0.0742539,0.42,3514.0
Kepler-482 b,Kepler-482,2016,Transit,56.35418576,0.0,,,0.2105451,0.0194,0.75,4871.0
Kepler-356 b,Kepler-356,2014,Transit,4.612696,0.0,,,0.14,0.00972,1.163,6133.0
Kepler-1065 b,Kepler-1065,2016,Transit,3.609308907,0.0,,,0.33276831,0.0422,0.94,5635.0
Kepler-2000 c,Kepler-2000,2023,Transit,20.6180348,0.0,,,0.14006626,0.00972,0.581,3757.0
WASP-148 c,WASP-148,2020,Radial Velocity,34.524,0.1809,0.018,-0.0072,1.24,0.392,0.954,5555.0
Kepler-511 b,Kepler-511,2016,Transit,296.637865,0.0,,,0.56650906,0.104,1.0,5770.0
Kepler-23 c,Kepler-23,2011,Transit,10.74,0.021,0.009,-0.014,0.26808861,0.02457301,1.078,5828.0
HD 68402 b,HD 68402,2016,Radial Velocity,1103.0,0.03,0.06,-0.06,1.12,7.9,1.12,5950.0
TrES-1 b,TrES-1,2004,Transit,3.03007,0.0,,,1.13,0.84,1.04,5230.0
Gliese 48 b,Gliese 48,2026,Radial Velocity,39.6299,0.0,,,0.247,0.02551691,0.47,3450.0
Kepler-111 b,Kepler-111,2014,Transit,3.341815,0.0,,,0.141,0.00982,1.171,5952.0
Kepler-119 c,Kepler-119,2014,Transit,4.125103,0.0,,,0.082,0.00227,0.918,5595.0
TOI-2202 b,TOI-2202,2021,Transit,11.9126075,0.022,0.022,-0.015,0.977,0.904,0.841,5169.0
OGLE-2018-BLG-0740L b,OGLE-2018-BLG-0740L,2019,Microlensing,5480.0,0.0,,,1.15,4.8,1.0,5912.0
Wendelstein-2 b,Wendelstein-2,2020,Transit,1.7522239,0.057,,,1.1592,0.731,0.73,4591.0
HD 112300 b,HD 112300,2023,Radial Velocity,466.63,0.36,0.06,-0.11,1.09,15.83,1.4,3657.0
Kepler-753 b,Kepler-753,2016,Transit,5.747725012,0.0,,,0.17039879,0.0136,0.68,4346.0
Kepler-399 b,Kepler-399,2014,Transit,14.425281,0.0,,,0.086,0.00264,0.902,5502.0
Kepler-466 b,Kepler-466,2016,Transit,51.07926307,0.0,,,0.25425997,0.0267,1.04,5927.0
Kepler-593 b,Kepler-593,2016,Transit,21.21708973,0.0,,,0.25604425,0.0271,1.08,5967.0
Kepler-793 b,Kepler-793,2016,Transit,4.24153639,0.0,,,0.12222321,0.00771,0.98,5745.0
DMPP-7 b,DMPP-7,2026,Radial Velocity,4.984,0.1,,,0.815,0.19315454,1.09,5996.82
Kepler-1967 b,Kepler-1967,2021,Transit,7.281690121,0.0,,,0.06514649,0.000991,0.996,4970.0
Kepler-1006 b,Kepler-1006,2016,Transit,19.76172042,0.0,,,0.1373896,0.0094,0.78,5328.0
Kepler-90 i,KOI-351,2017,Transit,14.44912,0.0,,,0.11776251,0.00724,1.12,6015.0
HD 194490 b,HD 194490,2022,Radial Velocity,13092.18348,0.251,0.105,-0.094,1.11,11.207,1.06,5861.32
Kepler-625 c,Kepler-625,2016,Transit,4.1653651,0.0,,,0.09367473,0.00364,1.04,5789.0
LTT 1445 A b,LTT 1445 A,2019,Transit,5.3587635,0.18,0.07,-0.06,0.119547,0.00858954,0.257,3562.0
Kepler-130 c,Kepler-130,2014,Transit,27.50868,0.0,0.07,0.0,0.259,0.0275,1.0,5879.0
Kepler-307 c,Kepler-307,2013,Transit,13.0729,0.0,,,0.19627085,0.01145266,0.907,5367.0
Kepler-393 b,Kepler-393,2014,Transit,9.182417,0.0,,,0.115,0.00696,1.256,6189.0
Kepler-613 b,Kepler-613,2016,Transit,15.77979614,0.0,,,0.20430012,0.0184,0.98,5723.0
HD 23472 f,HD 23472,2022,Transit,12.1621839,0.07,0.048,-0.051,0.10143652,0.00242269,0.67,4684.0
Kepler-1903 b,Kepler-1903,2021,Transit,17.0678997,0.0,,,0.20398143,0.0184,1.053,6347.0
HR 810 b,HR 810,1999,Radial Velocity,302.79999,0.14,0.13,-0.13,1.14,6.2,1.34,6167.0
HIP 41378 d,HIP 41378,2016,Transit,278.3618,0.063,0.027,-0.063,0.32563175,0.02054568,1.22,6290.0
Kepler-250 b,Kepler-250,2014,Transit,4.148141,0.0,,,0.101,0.00474,0.806,5160.0
Kepler-695 b,Kepler-695,2016,Transit,3.040330424,0.0,,,0.82166117,0.196,0.84,5181.0
Kepler-1052 c,Kepler-1052,2023,Transit,180.921729,0.0,,,0.20519261,0.0186,0.937,5818.0
K2-138 g,K2-138,2021,Transit,41.96797,0.059,0.063,-0.04,0.26880186,0.01359217,0.935,5356.3
HD 62364 b,HD 62364,2022,Radial Velocity,5138.0,0.607,0.005,-0.005,1.08,18.77,1.157,6255.0
HD 128311 b,HD 128311,2002,Radial Velocity,453.019,0.303,0.011,-0.011,1.2,1.769,0.828,4965.0
TOI-1749 b,TOI-1749,2021,Transit,2.38839,0.14,,,0.12400771,0.17934206,0.58,3985.0
Kepler-20 b,Kepler-20,2011,Transit,3.6961049,0.083,,,0.15817674,0.03051961,0.929,5495.0
CoRoT-4 b,CoRoT-4,2008,Transit,9.20205,0.0,0.1,-0.1,1.19,0.72,1.16,6190.0
Kepler-53 d,Kepler-53,2014,Transit,9.751962,0.0,,,0.189,0.52387702,0.966,6085.0
NGTS-20 b,NGTS-20,2022,Transit,54.18915,0.432,0.023,-0.023,1.07,2.98,1.47,5980.0
HD 63935 c,HD 63935,2021,Radial Velocity,21.4027,0.0,,,0.273398,0.03492451,0.9406,5513.0
Kepler-58 e,Kepler-58,2023,Transit,4.45814897,0.0,,,0.14363483,1.88087656,1.017,6100.0
Kepler-1622 b,Kepler-1622,2016,Transit,10.8118737,0.0,,,0.13114462,0.00869,1.31,6436.0
Kepler-1634 b,Kepler-1634,2016,Transit,374.876239,0.0,,,0.28459274,0.0324,0.92,5474.0
Kepler-294 b,Kepler-294,2014,Transit,3.701212,0.0,,,0.158,0.0119,0.947,5913.0
GJ 581 e,GJ 581,2009,Radial Velocity,3.1481,0.012,0.015,-0.008,0.123,0.00780295,0.295,3500.0
Kepler-1853 b,Kepler-1853,2021,Transit,48.88819885,0.0,,,0.13548268,0.00918,0.765,4821.0
Kepler-445 d,Kepler-445,2015,Transit,8.15275,0.0,,,0.11,0.0066,0.18,3157.0
Kepler-937 b,Kepler-937,2016,Transit,67.668827,0.0,,,0.33187617,0.042,1.15,6095.0
Kepler-1701 b,Kepler-1701,2020,Transit,169.134,0.0,,,0.19822126,0.0175,0.87,5146.0
Kepler-312 b,Kepler-312,2014,Transit,1.772419,0.0,,,0.115,0.00696,1.314,6115.0
Kepler-200 b,Kepler-200,2014,Transit,8.594805,0.0,,,0.19,0.0163,0.972,5678.0
HD 47186 b,HD 47186,2008,Radial Velocity,4.0845,0.04,0.02,-0.02,0.448,0.07,0.96,5657.0
Kepler-1024 b,Kepler-1024,2016,Transit,66.4162133,0.0,,,0.34882684,0.0457,0.81,5143.0
HD 285968 b,HD 285968,2008,Radial Velocity,8.7836,0.0,,,0.253,0.026,0.5,3703.49
HD 134606 e,HD 134606,2024,Radial Velocity,4.3203,0.2,0.14,-0.13,0.119,0.00736246,1.046,5576.0
Kepler-1835 b,Kepler-1835,2021,Transit,11.96409988,0.0,,,0.315272,0.0385,0.922,5903.0
WASP-162 b,WASP-162,2018,Transit,9.62468,0.434,0.005,-0.005,1.0,5.2,0.95,5300.0
HD 108874 c,HD 108874,2005,Radial Velocity,1624.0,0.239,0.031,-0.031,1.23,0.99,0.95,5551.0
TIC 172900988 b,TIC 172900988 Aa,2021,Transit,200.452,0.0271,0.0011,-0.0011,1.0036595,2.96386345,1.2384,6050.0
Kepler-1050 b,Kepler-1050,2016,Transit,15.3787546,0.0,,,0.14274244,0.01,1.09,6010.0
HD 93351 b,HD 93351,2022,Radial Velocity,2.45946,0.549,0.141,-0.286,0.151,0.011,0.94,5408.0
HD 28471 d,HD 28471,2025,Radial Velocity,11.681,0.093,0.064,-0.058,0.184,0.01544859,0.98,5766.0
Kepler-1545 b,Kepler-1545,2016,Transit,163.692349,0.0,,,0.24087787,0.0244,0.84,5201.0
Kepler-1811 b,Kepler-1811,2021,Transit,76.42230225,0.0,,,0.34332281,0.0445,0.946,5561.0
Kepler-1774 b,Kepler-1774,2021,Transit,59.77080154,0.0,,,0.28386127,0.0322,1.101,6214.0
Kepler-771 b,Kepler-771,2016,Transit,8.73485836,0.0,,,0.16236952,0.0125,1.03,5906.0
KOBE-1 b,KOBE-1,2025,Radial Velocity,8.5399,0.0,,,0.26,0.0276879,0.629,4135.0
Kepler-1196 b,Kepler-1196,2016,Transit,66.1849031,0.0,,,0.19894727,0.0176,0.98,5756.0
Kepler-1277 b,Kepler-1277,2016,Transit,40.8365012,0.0,,,0.14274244,0.01,0.94,5578.0
CoRoT-3 b,CoRoT-3,2008,Transit,4.2568,0.0,,,1.01,21.66,1.37,6740.0
Kepler-333 b,Kepler-333,2014,Transit,12.551158,0.0,,,0.118,0.089,0.601,4259.0
Kepler-562 b,Kepler-562,2016,Transit,18.009314436,0.0,,,0.46480507,0.0745,0.93,5575.0
Kepler-1671 b,Kepler-1671,2020,Transit,4.16787,0.0,,,0.11825977,0.00729,0.866,5135.55
HIP 34222 b,HIP 34222,2021,Radial Velocity,159.986,0.305,,,1.24,0.83,0.62,4050.0
TOI-1221 b,TOI-1221,2023,Transit,91.68278,0.21,,,0.25961326,3.5,0.93,5592.0
Kepler-206 b,Kepler-206,2014,Transit,7.781987,0.0,,,0.107,0.00588,0.957,5764.0
Kepler-1852 b,Kepler-1852,2021,Transit,7.970940113,0.0,,,0.16826739,0.0133,0.927,5237.0
BD+37 3172 b,BD+37 3172,2023,Radial Velocity,1887.76,0.59,0.01,-0.01,1.11,10.6,3.75,4500.0
Kepler-881 b,Kepler-881,2016,Transit,4.44448017,0.0,,,0.15880096,0.012,1.06,5961.0
Kepler-185 b,Kepler-185,2014,Transit,1.6329,0.0,,,0.104,0.00537,0.763,5208.0
Kepler-422 b,Kepler-422,2014,Transit,7.8914483,0.0,,,1.15,0.43,1.15,5972.0
Kepler-1294 b,Kepler-1294,2016,Transit,115.6862258,0.0,,,0.28459274,0.0324,0.99,5776.0
HD 153557 c,HD 153557,2022,Radial Velocity,15.27018,0.511,0.037,-0.029,0.389,0.055,0.79,4837.0
Kepler-324 c,Kepler-324,2014,Transit,51.805612,0.0,,,0.281,0.01950738,0.901,5194.0
Kepler-490 b,Kepler-490,2016,Transit,3.268695154,0.0,,,1.03934338,,1.08,6045.0
Gl 725 A b,Gl 725 A,2025,Radial Velocity,11.2201,0.0,,,0.132,0.00874686,0.33,3433.0
Kepler-1379 b,Kepler-1379,2016,Transit,0.881841146,0.0,,,0.11597823,0.00705,0.83,5188.0
Kepler-1122 b,Kepler-1122,2016,Transit,42.1917357,0.0,,,0.18199661,0.0152,0.92,5544.0
Kepler-1826 b,Kepler-1826,2021,Transit,1.615360022,0.0,,,0.13160797,0.00874,0.49,3821.0
Kepler-913 c,Kepler-913,2021,Transit,5.939119816,0.0,,,0.34419462,0.0447,1.294,6068.0
HD 134606 c,HD 134606,2024,Radial Velocity,58.883,0.055,0.062,-0.04,0.301,0.03558524,1.046,5576.0
Kepler-1847 b,Kepler-1847,2021,Transit,11.12969971,0.0,,,0.24490801,0.0251,1.041,6122.0
Kepler-770 d,Kepler-770,2016,Transit,4.15244722,0.0,,,0.12489963,0.008,0.94,5598.0
HATS-5 b,HATS-5,2014,Transit,4.763387,0.019,0.019,-0.019,0.912,0.237,0.936,5304.0
Kepler-46 c,Kepler-46,2012,Transit Timing Variations,57.011,0.0146,0.0034,-0.0036,1.21,0.376,0.902,5155.0
HD 10180 e,HD 10180,2010,Radial Velocity,49.748,0.051,0.033,-0.033,0.481,0.079,1.06,5911.0
Kepler-1027 b,Kepler-1027,2016,Transit,1.907805199,0.0,,,0.07940048,0.00201,0.91,5436.0
Kepler-276 c,Kepler-276,2013,Transit,31.884,0.0,,,0.259,0.052,1.1,5693.0
HIP 75092 b,HIP 75092,2021,Radial Velocity,926.4,0.42,0.1,-0.1,1.2,1.79,1.28,4891.0
Kepler-828 b,Kepler-828,2016,Transit,0.567857136,0.0,,,0.13471318,0.00909,0.81,5039.0
Kepler-1145 b,Kepler-1145,2016,Transit,3.97076766,0.0,,,0.12489963,0.008,0.79,5064.0
HIP 107773 b,HIP 107773,2015,Radial Velocity,144.3,0.09,0.06,-0.06,1.19,1.98,2.42,4945.0
WASP-50 b,WASP-50,2011,Transit,1.9551,0.009,0.011,-0.006,1.166,1.4688,0.892,5400.0
HD 145457 b,HD 145457,2010,Radial Velocity,176.13,0.111,0.039,-0.04,1.18,2.794,1.9,4757.0
Kepler-1925 b,Kepler-1925,2021,Transit,46.71640015,0.0,,,0.26780127,0.0292,1.057,5856.0
XO-7 b,XO-7,2019,Transit,2.8641424,0.038,0.033,-0.033,1.373,0.709,1.405,6250.0
K2-101 b,K2-101,2016,Transit,14.6762429,0.1,0.18,-0.08,0.17842836,0.0147,0.82,4927.0
WASP-47 b,WASP-47,2012,Transit,4.159151,0.0006,0.0005,-0.0002,1.14729433,1.1767356,1.058,5565.0
HN Lib b,HN Lib,2023,Radial Velocity,36.116,0.079,0.09,-0.055,0.196,0.01717908,0.291,3347.0
ups And d,ups And,1999,Radial Velocity,1276.46,0.2987,0.0072,-0.0072,1.11,10.25,1.3,6156.77
Kepler-1620 b,Kepler-1620,2016,Transit,101.951829,0.0,,,0.14363458,0.0101,1.15,6157.0
Kepler-1157 b,Kepler-1157,2016,Transit,4.45743164,0.0,,,0.09724329,0.00416,0.76,4679.0
Kepler-249 c,Kepler-249,2014,Transit,7.113702,0.0,,,0.135,0.00909,0.510238,3568.0
Kepler-1610 b,Kepler-1610,2016,Transit,8.70181574,0.0,,,0.14363458,0.0101,0.91,5383.0
Kepler-1245 c,Kepler-1245,2016,Transit,2.936584681,0.0,,,0.1284682,0.00839,0.86,5306.0
Kepler-1746 b,Kepler-1746,2021,Transit,321.2120056,0.0,,,0.79713267,0.186,1.09,6018.0
Kepler-297 d,Kepler-297,2023,Transit,150.0189511,0.0,,,2.9083822,,0.846,5618.0
HD 2638 b,HD 2638,2005,Radial Velocity,3.4442,0.0,,,1.28,0.42,0.77,5186.0
BD-13 2130 b,BD-13 2130,2007,Radial Velocity,714.29999,0.21,0.07,-0.07,1.11,9.78,2.12,4545.0
HD 19615 b,HD 19615,2022,Radial Velocity,402.0,0.2,0.1,-0.1,1.12,8.5,1.1,4263.0
Kepler-305 c,Kepler-305,2013,Transit,8.291,0.0,,,0.294,0.019,0.76,5080.0
HD 77338 b,HD 77338,2012,Radial Velocity,5.7361,0.09,0.22,-0.22,0.368,0.05,1.37,5341.0
TOI-4603 b,TOI-4603,2023,Transit,7.24599,0.325,0.02,-0.02,1.042,12.89,1.765,6264.0
Kepler-209 c,Kepler-209,2014,Transit,41.749882,0.0,,,0.277,0.0308,0.971,5513.0
Kepler-826 b,Kepler-826,2016,Transit,4.48758907,0.0,,,0.11151753,0.0066,1.05,6079.0
HD 66428 c,HD 66428,2021,Radial Velocity,10478.84437,0.207,0.097,-0.098,1.2,1.764,1.01,5716.0
TOI-1670 c,TOI-1670,2022,Transit,40.74976,0.09,0.05,-0.04,0.987,0.63,1.21,6170.0
Kepler-17 b,Kepler-17,2011,Transit,1.4857108,0.011,,,1.31,2.45,1.04,5781.0
HD 163607 c,HD 163607,2012,Radial Velocity,1272.0,0.08,0.014,-0.014,1.19,2.201,1.12,5522.0
TOI-132 b,TOI-132,2020,Transit,2.1097019,0.059,0.05,-0.037,0.30511196,0.07047793,0.97,5397.0
TOI-4633 c,TOI-4633,2024,Transit,271.9445,0.117,0.186,-0.085,0.28548537,0.38700128,1.1,5800.0
NGTS-10 b,NGTS-10,2020,Transit,0.7668944,0.0,,,1.205,2.162,0.696,4600.0
Kepler-1696 b,Kepler-1696,2020,Transit,65.9409,0.0,,,0.25067537,0.0261,1.02,5712.0
Kepler-1401 b,Kepler-1401,2016,Transit,11.20066445,0.0,,,0.14987956,0.0109,1.07,5964.0
Kepler-1996 b,Kepler-1996,2023,Transit,32.376183,0.0,,,0.20162404,0.018,0.748,4580.0
Kepler-928 b,Kepler-928,2016,Transit,3.932461302,0.0,,,0.1418503,0.00993,0.73,4700.0
HIP 107772 b,HIP 107772,2020,Radial Velocity,55.199,0.18,0.11,-0.11,0.325,0.04058774,0.63,4006.0
Kepler-153 c,Kepler-153,2014,Transit,46.90232,0.0,,,0.226,0.0218,0.756,5404.0
HD 73256 c,HD 73256,2023,Radial Velocity,2690.0,0.16,0.07,-0.07,1.09,16.0,1.0,5570.0
HD 149143 b,HD 149143,2005,Radial Velocity,4.07182,0.0167,0.004,-0.004,1.22,1.33,1.2,5856.0
Kepler-48 d,Kepler-48,2014,Transit,42.8961,0.0,,,0.182,0.025,0.88,5194.0
WASP-48 b,WASP-48,2011,Transit,2.14363,0.0,,,1.5,0.8,0.88,5920.0
Kepler-18 d,Kepler-18,2011,Transit,14.85888,0.0,,,0.623,0.052,0.972,5345.0
TOI-3856 b,TOI-3856,2025,Transit,2.04360352,0.083,,,1.213,0.54,1.096,5622.0
Kepler-106 c,Kepler-106,2014,Transit,13.5708,0.0,,,0.223,0.033,1.0,5858.0
Kepler-957 b,Kepler-957,2016,Transit,5.907413537,0.0,,,0.49067713,0.0816,0.81,4963.0
Kepler-309 b,Kepler-309,2014,Transit,5.923653,0.0,,,0.139,0.00961,0.816,4713.0
Kepler-1740 b,Kepler-1740,2021,Transit,8.172400475,0.0,,,0.29647782,0.0347,0.943,5705.0
Kepler-176 d,Kepler-176,2014,Transit,25.751974,0.0,,,0.224,0.00541173,0.86,5232.0
TOI-1695 b,TOI-1695,2022,Transit,3.1342791,0.097,,,0.16950694,0.0200108,0.513,3690.0
HATS-24 b,HATS-24,2017,Transit,1.3484978,0.0,,,1.395,2.26,1.07,6125.0
HD 20868 b,HD 20868,2008,Radial Velocity,380.85001,0.75,0.0,0.0,1.22,1.25,0.39,4802.0
Kepler-1829 b,Kepler-1829,2021,Transit,5.186719894,0.0,,,0.22115035,0.0211,0.873,5230.0
HD 37124 c,HD 37124,2002,Radial Velocity,885.5,0.125,0.055,-0.055,1.25,0.652,0.85,5698.64
HD 67087 c,HD 67087,2015,Radial Velocity,2374.0,0.76,0.17,-0.24,1.15,4.85,1.36,6330.0
Kepler-277 c,Kepler-277,2013,Transit,33.006,0.0,,,0.3,0.202,1.12,5946.0
K2-116 b,K2-116,2017,Transit,4.655411,0.06,0.141966,-0.053272,0.06155768,0.000809,0.694512,4348.35
Kepler-1350 b,Kepler-1350,2016,Transit,4.4968604,0.0,,,0.22481934,0.0217,0.55,3827.0
Kepler-995 b,Kepler-995,2016,Transit,28.26731672,0.0,,,0.24087787,0.0244,0.83,5206.0
Kepler-1174 b,Kepler-1174,2016,Transit,6.89225223,0.0,,,0.1418503,0.00993,1.04,5936.0
KOI-3503 c,KOI-3503,2021,Transit,31.828,0.0,,,0.10794916,0.03259621,0.858,6001.0
Kepler-269 c,Kepler-269,2014,Transit,8.127899,0.0,,,0.151,0.011,0.92,5847.0
TOI-6054.02,TOI-6054,2024,Transit,12.563636,0.332,0.071,-0.082,0.25158398,0.02926107,1.107,6047.0
TOI-5788 c,TOI-5788,2026,Transit,16.213362,0.046,0.051,-0.032,0.20269461,0.02013665,0.87,5615.0
Kepler-1719 b,Kepler-1719,2021,Transit,6.149559975,0.0,,,0.35239656,0.0465,1.08,5687.0
Kepler-122 b,Kepler-122,2014,Transit,5.766193,0.0,,,0.209,0.0191,0.982,6050.0
Kepler-607 b,Kepler-607,2016,Transit,0.638163204,0.0,,,0.0776162,0.00186,0.84,5196.0
Kepler-1981 b,Kepler-1981,2023,Transit,453.54212,0.0,,,0.82344686,0.197,1.519,5874.0
Kepler-430 b,Kepler-430,2015,Transit,35.968,0.0,,,0.29,0.0334,1.166,5884.0
Kepler-1229 b,Kepler-1229,2016,Transit,86.828989,0.0,,,0.12489963,0.008,0.54,3784.0
HD 37605 c,HD 37605,2012,Radial Velocity,2720.0,0.03,0.012,-0.012,1.17,3.19,0.94,5329.0
TOI-1431 b,TOI-1431,2021,Transit,2.650237,0.0022,0.003,-0.0016,1.49,3.12,1.9,7690.0
NGTS-2 b,NGTS-2,2018,Transit,4.511164,0.0,,,1.595,0.74,1.64,6478.0
Kepler-1266 c,Kepler-1266,2021,Transit,4.86631012,0.0,,,0.1499012,0.0109,0.791,4996.0
TOI-421 c,TOI-421,2020,Transit,16.067541,0.19,0.04,-0.04,0.45410017,0.04436356,0.833,5291.0
Kepler-32 e,Kepler-32,2012,Transit,2.896,0.0,,,0.13382104,0.01284281,0.58,3900.0
Kepler-1555 b,Kepler-1555,2016,Transit,8.10501635,0.0,,,0.14363458,0.0101,1.04,5866.0
Kepler-1725 b,Kepler-1725,2021,Transit,16.71990013,0.0,,,0.25091645,0.0261,1.049,6020.0
Kepler-155 c,Kepler-155,2014,Transit,52.661793,0.0,,,0.2,0.0178,0.635,4508.0
HD 38529 c,HD 38529,2000,Radial Velocity,2127.60566,0.357,0.005,-0.005,1.11,10.38,0.98,5697.0
TOI-6716 b,TOI-6716,2026,Transit,4.7185898,0.88,,,0.0876,0.00287,0.223,3110.0
Kepler-163 c,Kepler-163,2014,Transit,21.347262,0.0,,,0.202,0.018,0.882,5776.0
Kepler-52 b,Kepler-52,2012,Transit,7.8773565,0.0,,,0.187,0.4247575,0.54,4075.0
Kepler-439 b,Kepler-439,2015,Transit,178.1396,0.03,0.08,-0.03,0.2,0.0178,0.884,5431.0
Kepler-1491 c,Kepler-1491,2023,Transit,61.569765,0.0,,,0.21768259,0.0205,0.991,5626.0
WASP-194 b,WASP-194,2025,Transit,3.183387,0.0,,,1.381,1.174,1.29,6405.0
HIP 67522 b,HIP 67522,2020,Transit,6.9594731,0.064,0.187,-0.049,0.891,0.225,1.22,5675.0
Kepler-1758 b,Kepler-1758,2021,Transit,9.977210045,0.0,,,0.22933382,0.0224,1.035,5557.0
OGLE-2006-BLG-109L c,OGLE-2006-BLG-109L,2008,Microlensing,4927.5,0.15,0.17,-0.1,0.994,0.27,0.51,
Kepler-1158 b,Kepler-1158,2016,Transit,13.5396293,0.0,,,0.20876082,0.0191,1.41,6203.0
Kepler-311 b,Kepler-311,2014,Transit,9.176092,0.0,,,0.152,0.0111,0.994,5905.0
Kepler-1956 b,Kepler-1956,2021,Transit,5.943719864,0.0,,,0.09719014,0.00416,0.671,4391.0
Kepler-402 e,Kepler-402,2014,Transit,11.242861,0.0,,,0.13,0.00859,1.072,6090.0
Kepler-565 b,Kepler-565,2016,Transit,4.243747226,0.0,,,0.32473905,0.0405,0.98,5735.0
Kepler-750 b,Kepler-750,2016,Transit,9.42887179,0.0,,,0.27388706,0.0303,1.15,6160.0
TOI-1272 b,TOI-1272,2022,Transit,3.3159765,0.345,0.046,-0.041,0.3800524,0.07582708,0.828,4985.0
Kepler-238 e,Kepler-238,2013,Transit,23.654,0.0,,,0.5,0.534,1.06,5800.0
Kepler-1255 b,Kepler-1255,2016,Transit,36.2919336,0.0,,,0.20697654,0.0189,1.08,6018.0
Kepler-352 c,Kepler-352,2014,Transit,16.332995,0.0,,,0.111,0.00651,0.798,5212.0
Kepler-1742 b,Kepler-1742,2021,Transit,49.47819901,0.0,,,0.19433001,0.0169,0.939,5776.0
Kepler-127 b,Kepler-127,2014,Transit,14.435889,0.47,0.06,-0.39,0.125,0.008,1.248,6106.0
Kepler-568 b,Kepler-568,2016,Transit,11.02347475,0.0,,,0.2016237,0.018,0.55,3768.0
Kepler-1611 b,Kepler-1611,2016,Transit,5.1762429,0.0,,,0.07226336,0.00144,0.94,5605.0
Kepler-1923 b,Kepler-1923,2021,Transit,52.60969925,0.0,,,0.17482248,0.0142,1.109,5881.0
HD 63765 b,HD 63765,2011,Radial Velocity,358.0,0.24,0.04,-0.04,1.27,0.53,0.65,5449.0
Kepler-896 b,Kepler-896,2016,Transit,144.547396,0.0,,,0.22571148,0.0218,0.84,5262.0
Kepler-1208 b,Kepler-1208,2016,Transit,11.08507637,0.0,,,0.20697654,0.0189,0.8,5001.0
Kepler-499 b,Kepler-499,2016,Transit,5.632528453,0.0,,,0.19359443,0.0168,0.87,5312.0
HD 62549 b,HD 62549,2022,Radial Velocity,14306.88519,0.15,0.13,-0.099,1.12,8.519,1.08,5930.46
Kepler-155 b,Kepler-155,2014,Transit,5.931194,0.0,,,0.186,0.0158,0.635,4508.0
HD 111591 b,HD 111591,2017,Radial Velocity,1056.4,0.26,0.1,-0.1,1.15,4.4,1.94,4884.0
Kepler-45 b,Kepler-45,2011,Transit,2.455239,0.11,0.1,-0.09,0.96,0.505,0.59,3820.0
Kepler-406 c,Kepler-406,2014,Transit,4.62332,0.0,,,0.076,0.009,1.07,5538.0
GJ 3090 c,GJ 3090,2026,Radial Velocity,15.9407,0.0,,,0.28,0.03146352,0.519,3707.0
ups And c,ups And,1999,Radial Velocity,241.258,0.2596,0.0079,-0.0079,1.1,13.98,1.3,6156.77
Kepler-93 b,Kepler-93,2014,Transit,4.72673978,0.0,,,0.13185856,0.014662,0.911,5669.0
TOI-3464 b,TOI-3464,2025,Transit,3.6515568,0.25,,,1.228,1.25,1.363,6370.0
HAT-P-17 c,HAT-P-17,2012,Radial Velocity,5584.0,0.39,0.23,-0.17,1.17,3.4,0.92,5336.96
Kepler-596 b,Kepler-596,2016,Transit,21.30022655,0.0,,,0.30868052,0.0372,1.21,6267.0
Kepler-1757 b,Kepler-1757,2021,Transit,19.65640068,0.0,,,0.26287872,0.0283,0.828,5288.0
TOI-756 c,TOI-756,2025,Radial Velocity,149.4,0.445,0.008,-0.008,1.16,4.05,0.505,3657.0
Kepler-415 b,Kepler-415,2014,Transit Timing Variations,4.176,0.0,,,0.108,0.377,0.67,4362.0
Kepler-1686 b,Kepler-1686,2020,Transit,9.30987,0.0,,,0.12717728,0.00825,1.02,5714.96
Kepler-85 b,Kepler-85,2012,Transit,8.3,0.02,0.028,-0.016,0.15862281,0.00578929,0.928,5505.2
TOI-3593 b,TOI-3593,2025,Transit,3.8212867,0.105,0.052,-0.028,0.984,1.78,1.015,5550.0
Kepler-263 c,Kepler-263,2014,Transit,47.332773,0.0,,,0.22,0.021,0.793,5265.0
HAT-P-30 b,HAT-P-30,2011,Transit,2.8106,0.04,0.02,-0.02,1.44,0.83,1.55,6304.0
TOI-178 g,TOI-178,2021,Transit,20.71663,0.00043,0.00065,-0.00028,0.26220047,0.01384395,0.647,4316.0
Kepler-403 d,Kepler-403,2016,Transit,13.61159129,0.0,,,0.12668391,0.00819,1.25,6209.0
TOI-954 b,TOI-954,2020,Transit,3.6849729,0.14,0.18,-0.11,0.852,0.174,1.201,5710.0
HD 213519 b,HD 213519,2022,Radial Velocity,11.12214,0.413,0.172,-0.144,0.267,0.029,1.05,5840.0
Kepler-725 c,Kepler-725,2025,Transit Timing Variations,207.541,0.436,0.017,-0.017,0.275,0.03051961,0.95,5395.0
Kepler-378 b,Kepler-378,2014,Transit,16.092361,0.0,,,0.067,0.00109,0.78,4661.0
Kepler-82 d,Kepler-82,2014,Transit,2.382961,0.0,,,0.158,2.78482974,0.946,5428.0
Kepler-1375 b,Kepler-1375,2016,Transit,3.3004192,0.0,,,0.1552324,0.0116,1.47,6704.0
WASP-29 b,WASP-29,2010,Transit,3.92273,0.03,0.04,-0.04,0.77,0.23,0.77,4800.0
Kepler-1476 b,Kepler-1476,2016,Transit,10.35863224,0.0,,,0.14898742,0.0108,0.98,5663.0
Kepler-883 b,Kepler-883,2016,Transit,12.98495573,0.0,,,0.15880096,0.012,1.06,6116.0
TOI-1820 b,TOI-1820,2022,Transit,4.860674,0.043,0.008,-0.008,1.14,2.3,1.04,5734.0
Kepler-1220 b,Kepler-1220,2016,Transit,7.42693741,0.0,,,0.13560532,0.0092,1.0,5842.0
Kepler-1284 b,Kepler-1284,2016,Transit,0.664073806,0.0,,,0.10794897,0.00606,0.84,5123.0
HD 4760 b,HD 4760,2021,Radial Velocity,434.0,0.23,0.09,-0.06,1.1,13.9,1.05,4076.0
Kepler-1425 b,Kepler-1425,2016,Transit,14.4541302,0.0,,,0.08386118,0.00245,0.97,5718.0
TOI-2497 b,TOI-2497,2023,Transit,10.655669,0.195,0.043,-0.04,0.994,4.82,1.859,7360.0
HD 240210 b,HD 240210,2009,Radial Velocity,501.75,0.15,0.02,-0.02,1.14,5.21,0.82,4297.0
TOI-3362 b,TOI-3362,2021,Transit,18.09547,0.815,0.023,-0.032,1.142,5.029,1.445,6532.0
Kepler-146 b,Kepler-146,2014,Transit,31.158799,0.0,,,0.331,0.0418,1.079,5948.0
HIP 113103 c,HIP 113103,2023,Transit,14.245648,0.17,0.17,-0.13,0.21411403,0.02,0.761,4930.0
WASP-32 b,WASP-32,2010,Transit,2.71866,0.0,,,0.96,2.63,0.72,6140.0
Kepler-192 d,Kepler-192,2016,Transit,6.47027579,0.0,,,0.0909983,0.00328,0.94,5487.0
Kepler-1488 b,Kepler-1488,2016,Transit,39.8189932,0.0,,,0.16593809,0.013,1.05,5820.0
BD+14 4559 b,BD+14 4559,2009,Radial Velocity,268.94,0.29,0.03,-0.03,1.23,1.04,0.49,4864.0
TOI-2977 b,TOI-2977,2023,Transit,2.3505614,0.0,,,1.174,1.68,0.936,5691.0
Kepler-1873 b,Kepler-1873,2021,Transit,0.558842003,0.0,,,0.14503889,0.0103,0.903,5151.0
Kepler-52 d,Kepler-52,2014,Transit,36.445171,0.0,,,0.174,0.27963989,0.577,4263.0
K2-370 b,K2-370,2022,Transit,2.1408093,0.0,,,0.23820186,0.03492451,0.962,5662.0
Kepler-829 b,Kepler-829,2016,Transit,6.88337562,0.0,,,0.18824159,0.016,0.98,5698.0
nu Oct A b,nu Oct A,2016,Radial Velocity,402.4,0.195,0.05,-0.037,1.19,2.19,1.57,4910.0
TOI-4010 d,TOI-4010,2023,Transit,14.70886,0.07,0.03,-0.03,0.55134362,0.12003332,0.88,4960.0
Kepler-196 b,Kepler-196,2014,Transit,20.739886,0.0,,,0.17,0.0134,0.839,5128.0
Kepler-131 b,Kepler-131,2014,Transit,16.092,0.0,,,0.215,0.051,1.02,5685.0
Kepler-179 b,Kepler-179,2014,Transit,2.735926,0.0,,,0.146,0.0105,0.893,5302.0
Kepler-1745 b,Kepler-1745,2021,Transit,3.016190052,0.0,,,0.17206999,0.0138,0.995,5611.0
Kepler-251 c,Kepler-251,2014,Transit,16.514043,0.0,,,0.247,0.0255,0.891,5526.0
Kepler-806 b,Kepler-806,2016,Transit,8.09219642,0.0,,,0.10170399,0.00489,0.99,5770.0
HD 38529 b,HD 38529,2000,Radial Velocity,14.3099,0.256,0.009,-0.009,1.25,0.65,0.98,5697.0
Kepler-200 c,Kepler-200,2014,Transit,10.222157,0.0,,,0.142,0.00993,0.972,5678.0
Kepler-1854 b,Kepler-1854,2021,Transit,39.83110046,0.0,,,0.23083821,0.0227,0.8,5026.0
WASP-158 b,WASP-158,2018,Transit,3.656333,0.0,,,1.07,2.79,1.38,6350.0
HAT-P-17 b,HAT-P-17,2012,Transit,10.33852,0.35,0.01,-0.01,1.05,0.58,0.99,5246.0
TOI-500 d,TOI-500,2022,Radial Velocity,26.233,0.016,0.017,-0.011,0.567,0.10420717,0.74,4440.0
Kepler-438 b,Kepler-438,2015,Transit,35.23319,0.03,0.1,-0.03,0.1,0.00459,0.544,3748.0
TIC 139270665 c,TIC 139270665,2024,Radial Velocity,1010.0,0.566,0.12,-0.069,1.15,4.89,1.035,5844.0
HD 175541 b,HD 175541,2007,Radial Velocity,298.43,0.11,0.049,-0.049,1.26,0.598,1.39,5013.0
Kepler-1266 b,Kepler-1266,2016,Transit,28.474748,0.0,,,0.23017218,0.0226,0.8,5044.0
Kepler-255 b,Kepler-255,2014,Transit,5.714606,0.0,,,0.138,0.00951,0.867,5573.0
Kepler-1423 b,Kepler-1423,2016,Transit,23.955378,0.0,,,0.09456687,0.00377,0.79,4939.0
Kepler-1869 b,Kepler-1869,2021,Transit,8.167360306,0.0,,,0.09988005,0.00458,0.987,5808.0
Kepler-1831 b,Kepler-1831,2021,Transit,5.78387022,0.0,,,0.17576961,0.0143,1.117,6063.0
HD 219134 b,HD 219134,2015,Radial Velocity,3.092926,0.0,,,0.14292087,0.01491363,0.81,4699.0
TOI-6695 c,TOI-6695,2025,Radial Velocity,242.4,0.022,0.006,-0.007,1.21,1.45,1.338,6400.0
Kepler-1797 b,Kepler-1797,2021,Transit,23.3593998,0.0,,,0.27279416,0.0301,1.069,6244.0
HIP 35173 b,HIP 35173,2019,Radial Velocity,41.516,0.16,0.11,-0.11,0.322,0.03995847,0.79,4881.0
Kepler-1894 b,Kepler-1894,2021,Transit,2.762660027,0.0,,,0.10716207,0.0059,0.999,5772.0
Kepler-1223 b,Kepler-1223,2016,Transit,16.301259,0.0,,,0.10884111,0.00624,0.8,4870.0
K2-7 b,K2-7,2015,Transit,28.6781,0.24,0.4,-0.17,0.36,0.0482,1.056,5700.0
Kepler-307 b,Kepler-307,2013,Transit,10.4208,0.0,,,0.21679008,0.02340874,0.907,5367.0
Kepler-755 c,Kepler-755,2016,Transit,2.853133644,0.0,,,0.11240967,0.00669,0.82,5043.0
HAT-P-22 b,HAT-P-22,2010,Transit,3.21222,0.02,0.01,-0.01,1.15,2.47,1.13,5302.0
Kepler-268 b,Kepler-268,2014,Transit,25.934138,0.0,,,0.227,0.0221,1.109,6081.0
Kepler-1775 b,Kepler-1775,2021,Transit,85.65399933,0.0,,,0.32541956,0.0406,1.149,5818.0
HAT-P-20 b,HAT-P-20,2010,Transit,2.875317,0.015,0.005,-0.005,0.867,7.246,0.756,4595.0
Kepler-607 c,Kepler-607,2021,Transit,39.67679977,0.0,,,0.2462322,0.0253,0.808,5244.0
Kepler-730 b,Kepler-730,2016,Transit,6.491682808,0.0,,,1.1,,1.047,5620.0
Kepler-907 b,Kepler-907,2016,Transit,15.86621821,0.0,,,0.10705683,0.00588,1.08,6106.0
Kepler-318 c,Kepler-318,2014,Transit,11.815007,0.0,,,0.328,0.0413,1.073,5746.0
Kepler-823 b,Kepler-823,2016,Transit,4.16809082,0.0,,,0.14006602,0.00972,0.98,5643.0
HD 75302 b,HD 75302,2023,Radial Velocity,4356.0,0.39,0.1,-0.11,1.14,5.4,1.06,5697.46
TOI-540 b,TOI-540,2020,Transit,1.2391491,0.0,,,0.08056026,0.00212,0.159,3216.0
Kepler-225 b,Kepler-225,2014,Transit,6.738975,0.0,,,0.107,0.00588,0.593,3682.0
GJ 3323 c,GJ 3323,2017,Radial Velocity,40.54,0.17,0.21,-0.12,0.118,0.00726804,0.164,3159.0
Kepler-647 c,Kepler-647,2020,Transit,29.6663,0.0,,,0.35697654,0.0476,1.07,5906.74
HD 24085 b,HD 24085,2019,Radial Velocity,2.0455,0.22,0.12,-0.12,0.309,0.03712677,1.22,6034.0
TOI-1136 f,TOI-1136,2022,Transit,26.321,0.001,0.001,-0.001,0.33329657,0.03051961,1.022,5770.0
K2-360 c,EPIC 201595106,2024,Radial Velocity,9.79692,0.11,0.1,-0.08,0.359,0.04791894,0.958,5679.0
TOI-1468 c,TOI-1468,2022,Transit,15.532477,0.111,0.15,-0.084,0.18966934,0.01290004,0.3527,3376.0
Kepler-1513 c,Kepler-1513,2023,Transit Timing Variations,841.4,0.125,0.018,-0.019,0.984,0.266,0.943,5491.0
Kepler-314 b,Kepler-314,2014,Transit,2.461069,0.0,,,0.074,0.00157,0.99,5378.0
Kepler-1184 b,Kepler-1184,2016,Transit,53.5991044,0.0,,,0.23909359,0.0241,1.05,5983.0
TOI-1438 c,TOI-1438,2025,Transit,9.428089,0.0,,,0.24533899,0.03335133,0.876,5230.0
HD 155193 b,HD 155193,2021,Radial Velocity,352.65,0.21,0.08,-0.08,1.25,0.75,1.221,6239.0
Kepler-10 d,Kepler-10,2023,Radial Velocity,151.06,0.19,0.1,-0.1,0.312,0.03775622,0.91,5708.0
HIP 97233 b,HIP 97233,2014,Radial Velocity,1062.26506,0.63,0.044,-0.042,1.08,19.187,1.81,5020.0
HD 109833 c,HD 109833,2022,Transit,13.900148,0.3,0.21,-0.19,0.23106472,0.0227,1.08,5881.0
GJ 9827 d,GJ 9827,2017,Transit,6.20183,0.0,,,0.17664407,0.00950198,0.62,4236.0
HD 107148 c,HD 107148,2021,Radial Velocity,18.3267,0.34,0.13,-0.16,0.42,0.0626,1.105215,5752.92
Kepler-502 b,Kepler-502,2016,Transit,4.28686431,0.0,,,0.4255509,0.0641,1.15,6125.0
Kepler-1871 b,Kepler-1871,2021,Transit,1.952700019,0.0,,,0.21605255,0.0203,1.02,5741.0
HIP 67522 c,HIP 67522,2024,Transit,14.334892,0.077,0.195,-0.056,0.708,0.152,1.22,5675.0
Kepler-1235 b,Kepler-1235,2016,Transit,4.16055856,0.0,,,0.07047908,0.00131,0.93,5541.0
Kepler-1625 b,Kepler-1625,2016,Transit,287.378949,0.0,,,0.54063699,0.0962,0.96,5677.0
Kepler-302 c,Kepler-302,2014,Transit,127.282184,0.0,,,1.111,,1.021,5740.0
TOI-1669 c,TOI-1669,2024,Transit,2.6800535,0.0,,,0.20487123,0.04090257,0.9867,5497.0
WASP-39 b,WASP-39,2011,Transit,4.0552941,0.0,,,1.279,0.281,0.913,5485.0
Kepler-69 b,Kepler-69,2013,Transit,13.722341,0.16,0.17,-0.001,0.2,0.0178,0.81,5638.0
Kepler-120 b,Kepler-120,2014,Transit,6.312501,0.0,,,0.192,0.027,0.654,4096.0
WASP-153 b,WASP-153,2017,Transit,3.332609,0.009,,,1.55,0.39,1.336,5914.0
Kepler-341 e,Kepler-341,2014,Transit,42.473269,0.0,,,0.178,0.0145,0.976,6012.0
Kepler-627 b,Kepler-627,2016,Transit,40.6994443,0.0,,,0.33276831,0.0422,1.3,6424.0
TOI-778 b,TOI-778,2023,Transit,4.633611,0.21,0.04,-0.04,1.37,2.8,1.4,6643.0
55 Cnc d,55 Cnc,2002,Radial Velocity,4799.0,0.0913,0.0067,-0.0067,1.16,3.878,1.015,5198.0
Kepler-737 b,Kepler-737,2016,Transit,28.59915399,0.0,,,0.17485949,0.0142,0.51,3813.0
NGTS-13 b,NGTS-13,2021,Transit,4.119027,0.086,0.034,-0.034,1.142,4.84,1.3,5819.0
Kepler-1175 b,Kepler-1175,2016,Transit,37.94563,0.0,,,0.26674993,0.029,0.9,5453.0
HD 130322 b,HD 130322,1999,Radial Velocity,10.70871,0.029,0.016,-0.016,1.22,1.15,0.92,5387.0
K2-77 b,K2-77,2016,Transit,8.2000844,0.29,0.37,-0.19,0.223,1.9,0.847,5160.0
Gl 49 b,Gl 49,2019,Radial Velocity,13.8508,0.363,0.099,-0.096,0.2,0.01771387,0.515,3805.0
TOI-2416 b,TOI-2416,2023,Transit,8.275479,0.32,0.02,-0.02,0.88,3.0,1.118,5808.0
TOI-3523 A b,TOI-3523 A,2025,Transit,2.30458952,0.047,,,1.425,1.37,1.131,6450.0
Kepler-843 b,Kepler-843,2016,Transit,2.053879821,0.0,,,0.23106432,0.0227,1.02,5830.0
Kepler-249 b,Kepler-249,2014,Transit,3.306539,0.0,,,0.097,0.00416,0.510238,3568.0
TYC 1422-614-1 c,TYC 1422-614-1,2014,Radial Velocity,559.3,0.048,0.02,-0.014,1.11,10.0,1.15,4806.0
GJ 2056 b,GJ 2056,2020,Radial Velocity,69.971,0.72,0.1,-0.1,0.372,0.05097064,0.62,4069.95
Kepler-1910 b,Kepler-1910,2021,Transit,5.688769817,0.0,,,0.10562959,0.0056,0.636,4234.0
Kepler-1655 b,Kepler-1655,2018,Transit,11.8728787,0.19,,,0.19743098,0.0169903,1.03,6148.0
HAT-P-11 b,HAT-P-11,2010,Transit,4.888,0.251,0.045,-0.047,0.38897315,0.0787,0.811,4653.0
TOI-1453 c,TOI-1453,2025,Transit,6.5886982,0.0,,,0.19841233,0.00928174,0.715,4975.0
HD 191939 g,HD 191939,2022,Radial Velocity,284.0,0.03,0.025,-0.011,0.334,0.04247575,0.81,5348.0
Kepler-1237 b,Kepler-1237,2016,Transit,84.5733226,0.0,,,0.25515211,0.0269,0.94,5472.0
HAT-P-38 b,HAT-P-38,2012,Transit,4.640382,0.067,0.047,-0.047,0.825,0.267,0.886,5330.0
K2-55 b,K2-55,2016,Transit,2.849271,0.07,0.13,-0.06,0.39521881,0.13843948,0.688,4300.0
HD 21693 c,HD 21693,2019,Radial Velocity,53.7357,0.07,0.06,-0.05,0.387,0.0547,0.8,5430.0
TOI-7149 b,TOI-7149,2025,Transit,2.65206166,0.078,0.047,-0.048,1.18,0.705,0.344,3363.0
Kepler-852 b,Kepler-852,2016,Transit,44.9309804,0.0,,,0.22660362,0.022,1.19,6100.0
TOI-3976 A b,TOI-3976 A,2023,Transit,6.607662,0.0,,,1.095,0.175,1.254,5975.0
K2-232 b,K2-232,2018,Transit,11.168454,0.258,0.025,-0.025,1.0,0.398,1.188,6154.0
Kepler-1357 b,Kepler-1357,2016,Transit,3.0091324,0.0,,,0.11419395,0.00687,0.93,5597.0
Kepler-132 e,Kepler-132,2016,Transit,110.2869374,0.0,,,0.10527255,0.00553,1.03,6023.0
LTT 9779 b,LTT 9779,2020,Transit,0.792052,0.0,,,0.4210902,0.09225057,1.02,5443.0
TOI-763 b,TOI-763,2020,Transit,5.6057,0.04,0.04,-0.03,0.20340798,0.03080263,0.917,5450.0
HATS-14 b,HATS-14,2015,Transit,2.7667641,0.142,,,1.039,1.071,0.967,5346.0
Kepler-1320 b,Kepler-1320,2016,Transit,0.868386528,0.0,,,0.15166384,0.0111,0.8,4817.0
Kepler-1807 b,Kepler-1807,2021,Transit,10.86060047,0.0,,,0.24122908,0.0245,1.087,6455.0
rho CrB e,rho CrB,2023,Radial Velocity,12.904,0.082,0.047,-0.047,0.156,0.01167297,1.0,5817.0
Kepler-1613 b,Kepler-1613,2016,Transit,1.5184299,0.0,,,0.18556517,0.0157,1.08,6005.0
HD 20794 b,HD 20794,2011,Radial Velocity,18.314,0.064,0.065,-0.046,0.129,0.0085,0.79,5368.0
K2-277 b,K2-277,2018,Transit,6.326768,0.52,0.24,-0.26,0.195,0.023283,0.974,5680.0
Kepler-1032 b,Kepler-1032,2016,Transit,3.290117953,0.0,,,0.16683023,0.0131,0.77,4647.0
Wolf 327 b,Wolf 327,2024,Transit,0.5734745,0.0,,,0.11062558,0.00796027,0.405,3542.0
GJ 3378 b,GJ 3378,2026,Radial Velocity,21.45,0.0,,,0.118,0.00723661,0.262,3340.0
Kepler-62 f,Kepler-62,2013,Transit,267.291,0.0,,,0.126,0.11,0.69,4925.0
Kepler-294 c,Kepler-294,2014,Transit,6.6264,0.0,,,0.242,0.0245,0.947,5913.0
Kepler-21 b,Kepler-21,2012,Transit,2.7858212,0.0,,,0.14622204,0.02359764,1.408,6305.0
HD 161178 b,HD 161178,2021,Radial Velocity,279.3,0.044,0.132,-0.019,1.26,0.57,1.06,4786.0
Kepler-36 b,Kepler-36,2012,Transit,13.86825,0.0,,,0.13364261,0.01205047,1.034,5979.0
ups And b,ups And,1996,Radial Velocity,4.617033,0.0215,0.0007,-0.0007,1.25,0.6876,1.3,6156.77
Kepler-42 d,Kepler-42,2011,Transit,1.865169,0.02,0.22,-0.02,0.051,0.00112572,0.13,3068.0
Kepler-125 b,Kepler-125,2014,Transit,4.164389,0.0,,,0.211,0.0195,0.542101,3810.0
Kepler-1407 b,Kepler-1407,2016,Transit,20.0711504,0.0,,,0.20073156,0.0179,1.1,6010.0
HD 16760 b,HD 16760,2009,Radial Velocity,466.08,0.079,0.002,-0.002,1.08,21.5,0.93,5518.0
Kepler-167 e,Kepler-167,2016,Transit,1071.23205,0.29,,,0.90641605,1.01,0.777,4884.0
Kepler-471 b,Kepler-471,2016,Transit,5.014234575,0.0,,,1.33464181,,1.49,6733.0
TOI-3837 b,TOI-3837,2025,Transit,11.88865,0.221,0.042,-0.046,0.97,0.59,0.89,5905.0
Kepler-1561 b,Kepler-1561,2016,Transit,1.005207007,0.0,,,0.09724329,0.00416,1.07,5957.0
Kepler-1338 b,Kepler-1338,2016,Transit,0.935118057,0.0,,,0.0820769,0.00227,1.04,5909.0
HD 143361 b,HD 143361,2008,Radial Velocity,1039.15,0.197,0.006,-0.006,1.15,4.35,0.968,5507.0
WASP-59 b,WASP-59,2012,Transit,7.919585,0.1,0.042,-0.042,0.775,0.863,0.719,4650.0
Kepler-1293 b,Kepler-1293,2016,Transit,5.57654784,0.0,,,0.0865376,0.00274,1.18,6241.0
Kepler-59 c,Kepler-59,2012,Transit,17.9801235,0.0,,,0.177,0.0119876,1.04,6074.0
TOI-849 b,TOI-849,2020,Transit,0.765548,0.0,,,0.32473961,0.13151751,0.97,5257.0
Kepler-825 b,Kepler-825,2016,Transit,3.77360059,0.0,,,0.13649746,0.0093,1.03,5976.0
KELT-14 b,KELT-14,2016,Transit,1.7100566,0.0,,,1.743,1.284,1.239,5720.0
Kepler-339 d,Kepler-339,2014,Transit,10.558345,0.0,,,0.104,0.046,0.87,5631.0
Kepler-1280 b,Kepler-1280,2016,Transit,66.5579057,0.0,,,0.16683023,0.0131,1.2,6227.0
Kepler-245 c,Kepler-245,2014,Transit,17.460812,0.0,,,0.194,0.08400759,0.856,5100.0
Kepler-1481 b,Kepler-1481,2016,Transit,5.94220998,0.0,,,0.10973325,0.00642,0.8,4908.0
TOI-1266 c,TOI-1266,2020,Transit,18.8027,0.071,,,0.17664407,0.00997394,0.437,3563.0
Kepler-1838 b,Kepler-1838,2021,Transit,12.14680004,0.0,,,0.14813963,0.0107,1.187,5877.0
CoRoT-18 b,CoRoT-18,2011,Transit,1.9000693,0.08,,,1.31,3.47,0.95,5440.0
HD 76920 b,HD 76920,2017,Radial Velocity,415.891,0.8782,0.0025,-0.0025,1.17,3.13,1.0,4664.0
KOI-351 d,KOI-351,2013,Transit,59.73667,0.0,,,0.256,0.0271,1.2,6080.0
Kepler-1414 b,Kepler-1414,2016,Transit,3.51576315,0.0,,,0.10973325,0.00642,0.8,4951.0
alf Tau b,alf Tau,2015,Radial Velocity,628.96,0.1,0.05,-0.05,1.13,6.47,1.13,4055.0
Kepler-178 c,Kepler-178,2014,Transit,20.552802,0.0,,,0.257,0.0272,0.852,5676.0
Kepler-1731 b,Kepler-1731,2021,Transit,21.76129913,0.0,,,0.26166131,0.0281,0.781,4859.0
Kepler-710 b,Kepler-710,2016,Transit,4.347285527,0.0,,,0.16772237,0.0132,0.94,5611.0
HD 219134 g,HD 219134,2015,Radial Velocity,94.2,0.0,,,0.293,0.034,0.794,4913.0
Kepler-708 b,Kepler-708,2016,Transit,3.167891938,0.0,,,0.26139709,0.028,0.97,5692.0
HD 69123 b,HD 69123,2022,Radial Velocity,1193.3,0.19,0.06,-0.06,1.17,3.09,1.68,4842.0
WASP-54 b,WASP-54,2012,Transit,3.69364,0.07,0.03,-0.03,1.58,0.59,1.08,6100.0
Kepler-398 b,Kepler-398,2014,Transit,4.081423,0.0,,,0.083,0.00236,0.649,4493.0
Kepler-1018 b,Kepler-1018,2016,Transit,49.1013514,0.0,,,0.23017218,0.0226,0.91,5518.0
TOI-4734 b,TOI-4734,2025,Transit,6.235633,0.12,,,0.974,0.194,1.391,6070.0
K2-250 b,K2-250,2018,Transit,4.01392,0.21,0.39,-0.16,0.242,0.0246,0.809,5003.0
TOI-2842 b,TOI-2842,2023,Transit,3.5514058,0.0,,,1.146,0.37,1.135,5910.0
HD 105779 b,HD 105779,2022,Radial Velocity,2412.0,0.0,,,1.26,0.64,0.89,5792.0
Kepler-1181 c,Kepler-1181,2023,Transit,8.93484887,0.0,,,0.16326195,0.0126,1.336,6688.0
TOI-836 b,TOI-836,2023,Transit,3.81673,0.053,0.042,-0.042,0.15202096,0.01425297,0.678,4552.0
Kepler-31 b,Kepler-31,2011,Transit,20.8613,0.0,,,0.491,0.11560263,1.21,6340.0
Kepler-633 c,Kepler-633,2021,Transit,23.78319931,0.0,,,0.20483575,0.0185,0.997,5877.0
HD 114386 c,HD 114386,2026,Radial Velocity,444.0,0.1,0.03,-0.03,1.2,0.37,0.8,4895.0
Kepler-1523 b,Kepler-1523,2016,Transit,0.93875077,0.0,,,0.14095816,0.00982,0.97,5708.0
GJ 463 b,GJ 463,2022,Radial Velocity,3459.0,0.146,0.014,-0.015,1.17,3.4,0.486,3563.0
Kepler-1606 b,Kepler-1606,2016,Transit,196.435224,0.0,,,0.18467303,0.0155,0.9,5422.0
HD 33564 b,HD 33564,2005,Radial Velocity,388.0,0.34,0.02,-0.02,1.12,9.1,1.25,6250.0
Kepler-30 c,Kepler-30,2012,Transit,60.323105,0.0111,0.001,-0.001,1.097,2.01,0.99,5498.0
TOI-2886 b,TOI-2886,2025,Transit,1.60200105,0.11,,,1.663,1.4,1.229,6240.0
Kepler-62 c,Kepler-62,2013,Transit,12.4417,0.0,,,0.048,0.013,0.69,4925.0
Kepler-1016 c,Kepler-1016,2016,Transit,105.6551369,0.0,,,0.32830761,0.0413,0.99,5821.0
HD 125612 c,HD 125612,2009,Radial Velocity,4.15466,0.149,0.141,-0.093,0.363,0.049,1.05,5900.0
Kepler-1930 b,Kepler-1930,2021,Transit,13.02680016,0.0,,,0.13645803,0.00929,0.844,5083.0
Wolf 1061 d,Wolf 1061,2015,Radial Velocity,217.21,0.55,0.08,-0.09,0.24,0.02422679,0.294,3342.0
Kepler-270 c,Kepler-270,2014,Transit,25.262887,0.0,,,0.158,0.0119,1.17,6067.0
Kepler-589 b,Kepler-589,2016,Transit,16.54964934,0.0,,,0.20251584,0.0182,0.88,5296.0
Kepler-1082 b,Kepler-1082,2016,Transit,1.543206604,0.0,,,0.09991971,0.00459,1.03,5923.0
Kepler-431 d,Kepler-431,2015,Transit,11.922,0.0,,,0.1,0.00444,1.071,6004.0
Kepler-11 e,Kepler-11,2010,Transit,31.9996,0.012,0.006,-0.006,0.374,0.025,0.961,5663.0
Kepler-1824 b,Kepler-1824,2021,Transit,95.61100006,0.0,,,0.21244358,0.0197,1.135,6002.0
Kepler-544 b,Kepler-544,2016,Transit,21.41616926,0.0,,,0.18913373,0.0162,1.16,6206.0
TOI-1246 d,TOI-1246,2022,Transit,18.654874,0.0,,,0.3061293,0.0169903,0.8889,5213.0
HD 39194 d,HD 39194,2021,Radial Velocity,33.874,0.159,,,0.19,0.01623518,0.86,5205.0
Kepler-1326 b,Kepler-1326,2016,Transit,42.3514267,0.0,,,0.37291462,0.0512,1.45,6725.0
HATS-9 b,HATS-9,2015,Transit,1.915291,0.075,,,1.23561424,0.837,1.1,5599.0
Kepler-1563 b,Kepler-1563,2016,Transit,3.43276598,0.0,,,0.06691052,0.00109,1.0,5765.0
Kepler-1721 b,Kepler-1721,2021,Transit,4.592380047,0.0,,,0.27822044,0.0312,0.89,5351.0
Kepler-256 e,Kepler-256,2014,Transit,10.681572,0.0,,,0.21,0.0193,1.037,5551.0
TOI-1184 b,TOI-1184,2024,Transit,5.748433803,0.0,,,0.21322189,0.02139519,0.71,4534.0
G 192-15 b,G 192-15,2025,Radial Velocity,2.27476,0.0,,,0.0907,0.00324074,0.132,2999.0
TOI-2031 A b,TOI-2031 A,2025,Transit,5.71548654,0.076,,,1.267,0.8,1.174,6490.0
HD 168746 b,HD 168746,2002,Radial Velocity,6.404,0.11,0.08,-0.08,0.993,0.27,1.07,5570.0
HD 20781 c,HD 20781,2019,Radial Velocity,13.8905,0.09,0.09,-0.06,0.193,0.0168,0.7,5256.0
HATS-61 b,HATS-61,2018,Transit,7.817953,0.092,,,1.195,3.4,1.076,5542.0
HD 15337 c,HD 15337,2019,Transit,17.180546,0.096,0.059,-0.045,0.22535501,0.02137002,0.829,5131.0
Kepler-848 b,Kepler-848,2016,Transit,6.91134416,0.0,,,0.15166384,0.0111,1.01,5695.0
HD 184010 b,HD 184010,2022,Radial Velocity,286.6,0.0,,,1.08,0.31,1.35,4971.0
WASP-132 b,WASP-132,2016,Transit,7.1335164,0.0163,0.0067,-0.0069,0.901,0.428,0.789,4686.0
HD 23472 d,HD 23472,2022,Transit,3.97664,0.07,0.05,-0.047,0.06691063,0.00173049,0.67,4684.0
Kepler-1227 b,Kepler-1227,2016,Transit,94.2887577,0.0,,,0.20430012,0.0184,0.97,5747.0
Kepler-388 c,Kepler-388,2014,Transit,13.297004,0.0,,,0.077,0.00178,0.635,4498.0
HD 129445 b,HD 129445,2009,Radial Velocity,1840.0,0.7,0.1,-0.1,1.18,2.51,0.99,5646.0
WASP-141 b,WASP-141,2016,Transit,3.310651,0.0,,,1.21,2.69,1.25,5900.0
TrES-2 b,TrES-2,2006,Transit,2.47063,0.0,,,1.36,1.49,1.36,5850.0
HD 108863 b,HD 108863,2011,Radial Velocity,437.7,0.032,0.027,-0.027,1.18,2.414,1.59,4878.0
Kepler-1586 b,Kepler-1586,2016,Transit,15.6049212,0.0,,,0.13560532,0.0092,1.45,6681.0
HD 109749 b,HD 109749,2005,Radial Velocity,5.239891,0.0,,,0.993,0.27,1.13,5824.0
Kepler-1355 b,Kepler-1355,2016,Transit,1.289588112,0.0,,,0.13025248,0.00859,0.88,5352.0
TOI-2015 c,TOI-2015,2025,Transit Timing Variations,5.582796,0.00033,0.0003,-0.0002,0.261,0.028034,0.3041,3297.0
Kepler-1747 b,Kepler-1747,2021,Transit,6.230319977,0.0,,,0.38050561,0.053,0.983,5477.0
Kepler-411 d,Kepler-411,2018,Transit,58.02035,0.128,0.003,-0.003,0.29610135,0.04782431,0.87,4974.0
Kepler-909 b,Kepler-909,2016,Transit,13.93290318,0.0,,,0.13114462,0.00869,1.17,6154.0
Kepler-169 b,Kepler-169,2014,Transit,3.250619,0.0,,,0.101,0.00474,0.825,4997.0
Kepler-1557 b,Kepler-1557,2016,Transit,3.74032496,0.0,,,0.13649746,0.0093,1.11,6099.0
Kepler-30 b,Kepler-30,2012,Transit,29.33434,0.042,0.003,-0.003,0.348,0.036,0.99,5498.0
HD 87816 c,HD 87816,2025,Radial Velocity,7596.0,0.19,0.07,-0.07,1.1,12.2,2.41,4989.0
Kepler-1710 b,Kepler-1710,2021,Transit,14.91110039,0.0,,,0.28525707,0.01099626,0.932,5650.0
Kepler-842 b,Kepler-842,2016,Transit,1.21956827,0.0,,,0.14274244,0.01,0.78,4848.0
Kepler-185 c,Kepler-185,2014,Transit,20.729042,0.0,,,0.18,0.0149,0.763,5208.0
HD 168009 b,HD 168009,2021,Radial Velocity,15.1479,0.12,0.11,-0.082,0.272,0.03,0.986073,5778.33
Kepler-245 d,Kepler-245,2014,Transit,36.277108,0.0,,,0.27,0.068,0.856,5100.0
Kepler-81 c,Kepler-81,2012,Transit,12.04,0.0,,,0.211,0.014,0.64,4385.0
HIP 105854 b,HIP 105854,2014,Radial Velocity,184.2,0.02,0.03,-0.03,1.12,8.2,2.1,4780.0
Kepler-1001 c,Kepler-1001,2020,Transit,9.18186,0.0,,,0.14077909,0.0098,0.93,5376.0
Kepler-763 b,Kepler-763,2016,Transit,1.19655156,0.0,,,0.10884111,0.00624,0.84,5166.0
Kepler-738 b,Kepler-738,2016,Transit,24.58721573,0.0,,,0.22303506,0.0214,0.86,5327.0
EPIC 211945201 b,EPIC 211945201,2018,Transit,19.49221,0.0,,,0.51387278,0.03460987,1.17,6069.0
TOI-2796 b,TOI-2796,2023,Transit,4.8084983,0.0,,,1.54,0.44,1.063,5764.0
HD 6860 b,HD 6860,2023,Radial Velocity,663.87,0.28,0.1,-0.09,1.06,28.26,2.49,3802.0
HD 86081 b,HD 86081,2006,Radial Velocity,2.1378431,0.0119,0.0047,-0.0047,1.21,1.48,1.21,5939.0
Kepler-317 c,Kepler-317,2014,Transit,8.77501,0.0,,,0.153,0.0113,0.865,5497.0
HD 34445 b,HD 34445,2009,Radial Velocity,1049.0,0.27,0.07,-0.07,1.24,0.82,1.14,5879.0
NGTS-31 b,NGTS-31,2025,Transit,4.162734,0.0,,,1.61,1.12,0.96,5710.0
Kepler-1498 b,Kepler-1498,2016,Transit,48.051405,0.0,,,0.11865465,0.00733,0.86,5256.0
Kepler-256 b,Kepler-256,2014,Transit,1.620493,0.0,,,0.142,0.00993,1.037,5551.0
TOI-3984 A b,TOI-3984 A,2023,Transit,4.353326,0.23,,,0.71,0.14,0.49,3476.0
Kepler-801 b,Kepler-801,2016,Transit,11.41928253,0.0,,,0.17842805,0.0147,0.67,4435.0
TOI-2525 c,TOI-2525,2023,Transit,49.2519,0.157,0.008,-0.007,0.904,0.657,0.849,5096.0
KIC 3526061 b,KIC 3526061,2022,Radial Velocity,3552.0,0.85,0.01,-0.01,1.08,18.15,1.42,4829.0
Kepler-167 c,Kepler-167,2014,Transit,7.406106,0.0,,,0.14934453,0.0108,0.777,4884.0
TOI-1248 b,TOI-1248,2024,Transit,4.3601561,0.0,,,0.60741347,0.08621004,0.9042,5205.0
HD 23079 b,HD 23079,2001,Radial Velocity,735.74,0.07348,0.00651,-0.00651,1.18,2.66,1.16,5994.0
WASP-110 b,WASP-110,2021,Transit,3.7784022,0.0,,,1.177,0.487,0.814,5392.0
HD 11964 c,HD 11964,2008,Radial Velocity,37.91,0.3,0.17,-0.17,0.48,0.0788,0.91,5303.0
Kepler-219 d,Kepler-219,2014,Transit,47.903645,0.0,,,0.251,0.06,1.164,5786.0
Kepler-962 b,Kepler-962,2016,Transit,12.05707239,0.0,,,0.17575163,0.0143,0.93,5478.0
Kepler-1663 b,Kepler-1663,2020,Transit,17.6046,0.0,,,0.29475948,0.0344,0.610816,3844.0
TIC 52059926 b,TIC 52059926,2026,Transit,175.532,0.51,0.026,-0.026,0.955,16.9,0.73,4505.0
Kepler-1998 b,Kepler-1998,2023,Transit,3.03267135,0.0,,,0.05352851,0.00049,0.962,5640.0
Kepler-921 b,Kepler-921,2016,Transit,51.300634,0.0,,,0.25604425,0.0271,0.93,5663.0
Kepler-1137 b,Kepler-1137,2016,Transit,23.9210791,0.0,,,0.19627085,0.0172,1.5,6807.0
HD 224538 b,HD 224538,2016,Radial Velocity,1202.05199,0.476,0.014,-0.013,1.13,6.531,1.23,6097.0
TOI-3364 b,TOI-3364,2023,Transit,5.8768918,0.0,,,1.091,1.67,1.186,5706.0
Kepler-569 b,Kepler-569,2016,Transit,34.18890521,0.0,,,0.28191632,0.0319,0.95,5616.0
Kepler-1539 b,Kepler-1539,2016,Transit,133.3036741,0.0,,,0.24087787,0.0244,0.84,5176.0
HIP 4845 b,HIP 4845,2020,Radial Velocity,34.15,0.25,0.14,-0.14,0.347,0.04530724,0.62,4010.0
Kepler-1482 b,Kepler-1482,2016,Transit,12.25383217,0.0,,,0.09010616,0.00317,0.88,5381.0
HATS-53 b,HATS-53,2017,Transit,3.8537768,0.33,,,1.34,0.595,0.964,5644.0
TOI-5422 b,TOI-5422,2026,Transit,5.377219,0.094,0.0047,-0.0045,0.812,28.0,1.066,5820.0
Kepler-117 b,Kepler-117,2014,Transit,18.7959228,0.0493,0.0062,-0.0062,0.719,0.094,1.129,6150.0
Kepler-1976 b,Kepler-1976,2023,Transit Timing Variations,4.959319244,0.0,,,1.08930511,,0.976,5712.0
Kepler-1676 b,Kepler-1676,2020,Transit,29.9221,0.0,,,0.30127216,0.0357,1.07,5878.3
LHS 1678 d,LHS 1678,2024,Transit,4.9652229,0.036,0.06,-0.027,0.08751911,0.00285,0.345,3490.0
Kepler-289 c,Kepler-289,2014,Transit,125.8723,0.0,,,1.00187522,0.49,1.08,5990.0
Kepler-449 c,Kepler-449,2015,Transit,33.6727,0.05,0.24,-0.05,0.24658756,0.0254,1.02,5649.18
Kepler-169 e,Kepler-169,2014,Transit,13.767102,0.0,,,0.196,0.0172,0.825,4997.0
HD 86950 b,HD 86950,2016,Radial Velocity,1270.0,0.17,0.16,-0.16,1.16,3.6,1.66,4805.0
HD 127506 b,HD 127506,2022,Radial Velocity,65.78395,0.24,0.156,-0.15,0.506,0.086,0.73,4595.32
TOI-1347 c,TOI-1347,2024,Transit,4.841962,0.0,,,0.14274268,0.02013665,0.913,5464.0
Kepler-54 c,Kepler-54,2012,Transit,12.0717249,0.0,,,0.11,0.00220245,0.51,3705.0
Kepler-1150 b,Kepler-1150,2016,Transit,2.787868386,0.0,,,0.0909983,0.00328,0.76,4754.0
Kepler-390 c,Kepler-390,2014,Transit,13.060022,0.0,,,0.07,0.00131,0.787,5166.0
Kepler-1092 b,Kepler-1092,2016,Transit,58.6017925,0.0,,,0.18467303,0.0155,0.99,5862.0
Kepler-259 c,Kepler-259,2014,Transit,36.924931,0.0,,,0.241,0.0244,0.867,5938.0
Kepler-1765 b,Kepler-1765,2021,Transit,10.41889954,0.0,,,0.22259728,0.0213,0.946,5692.0
Kepler-138 b,Kepler-138,2014,Transit,10.3134,0.02,0.009,-0.009,0.05709707,0.00022024,0.535,3841.0
HD 219415 b,HD 219415,2012,Radial Velocity,2093.3,0.4,0.09,-0.09,1.23,1.0,1.0,4820.0
K2-285 d,K2-285,2018,Transit,10.45582,0.0,,,0.22125078,0.02045118,0.83,4975.0
HD 140901 c,HD 140901,2022,Radial Velocity,14386.0,0.77,0.06,-0.07,1.2,1.8,1.06,5610.0
Kepler-1536 b,Kepler-1536,2016,Transit,364.758031,0.0,,,0.28013204,0.0315,0.71,4434.0
TOI-1824 b,TOI-1824,2024,Transit,22.808533,0.0,,,0.24478826,0.05034163,0.8801,5165.0
Kepler-509 b,Kepler-509,2016,Transit,41.74600392,0.0,,,0.22214292,0.0213,1.1,6060.0
Kepler-431 b,Kepler-431,2015,Transit,6.803,0.0,,,0.068,0.00117,1.071,6004.0
GJ 649 b,GJ 649,2009,Radial Velocity,600.1,0.083,0.068,-0.055,0.966,0.258,0.51,3734.0
DMPP-4 b,DMPP-4,2023,Radial Velocity,3.4982,0.063,,,0.315,0.03838549,1.25,6400.0
Kepler-184 d,Kepler-184,2014,Transit,29.022358,0.0,,,0.222,0.0213,0.872,5788.0
Kepler-813 b,Kepler-813,2016,Transit,19.12947337,0.0,,,0.19091801,0.0164,0.95,5743.0
Kepler-1140 b,Kepler-1140,2016,Transit,24.0862707,0.0,,,0.24712285,0.0255,0.76,4850.0
TOI-1799 b,TOI-1799,2024,Transit,7.094570865,0.0,,,0.14648968,0.01258541,1.01,5690.0
Kepler-104 d,Kepler-104,2014,Transit,51.755394,0.0,,,0.319,0.01743092,0.818,5711.0
K2-72 d,K2-72,2016,Transit,7.760178,0.11,0.207832,-0.09233,0.09010616,0.00317,0.271365,3360.47
Kepler-11 g,Kepler-11,2010,Transit,118.3807,0.15,,,0.297,0.079,0.961,5663.0
HD 148164 b,HD 148164,2018,Radial Velocity,328.55,0.587,0.026,-0.026,1.22,1.23,1.21,6032.0
Kepler-402 b,Kepler-402,2014,Transit,4.028751,0.0,,,0.109,0.00624,1.072,6090.0
Kepler-372 d,Kepler-372,2014,Transit,30.092568,0.0,,,0.151,0.011,1.202,6509.0
HD 25723 b,HD 25723,2020,Radial Velocity,457.01,0.04,0.05,-0.03,1.18,2.5,2.12,4766.0
Kepler-1499 b,Kepler-1499,2016,Transit,44.2008,0.0,,,0.10616469,0.0057,0.82,5097.0
HD 187123 b,HD 187123,1998,Radial Velocity,3.0965828,0.0103,0.0059,-0.0059,1.27,0.523,1.04,5790.0
Kepler-1073 b,Kepler-1073,2016,Transit,8.67888593,0.0,,,0.20519226,0.0186,1.0,5792.0
HD 1666 b,HD 1666,2015,Radial Velocity,270.0,0.63,0.03,-0.02,1.13,6.43,1.5,6317.0
OGLE-TR-10 b,OGLE-TR-10,2004,Transit,3.101278,0.0,,,1.25,0.62,1.14,5950.0
Kepler-436 b,Kepler-436,2015,Transit,64.00205,0.19,0.13,-0.11,0.24,0.0249,0.729,4651.0
Kepler-84 b,Kepler-84,2012,Transit,8.726,0.0,,,0.199,0.126,1.0,6039.0
8 UMi b,8 UMi,2015,Radial Velocity,93.31,0.062,0.028,-0.03,1.2,1.65,1.51,4847.0
Kepler-1093 b,Kepler-1093,2016,Transit,25.0824626,0.0,,,0.17396735,0.014,1.13,6166.0
KOI-351 e,KOI-351,2013,Transit,91.93913,0.0,,,0.237,0.0238,1.2,6080.0
Kepler-778 b,Kepler-778,2016,Transit,3.75574426,0.0,,,0.14987956,0.0109,0.81,5102.0
TOI-1883 b,TOI-1883,2024,Transit,4.508,0.0,,,0.50406011,0.04310502,0.495,3554.0
Kepler-1522 b,Kepler-1522,2016,Transit,1.847889171,0.0,,,0.15434026,0.0115,0.96,5706.0
Kepler-1245 b,Kepler-1245,2016,Transit,4.35409304,0.0,,,0.1284682,0.00839,0.86,5306.0
HD 159868 b,HD 159868,2006,Radial Velocity,1184.1,0.024,0.019,-0.019,1.19,2.218,1.19,5534.0
Kepler-154 f,Kepler-154,2016,Transit,9.91935684,0.0,,,0.13382104,0.00899,0.98,5769.0
Kepler-1938 b,Kepler-1938,2021,Transit,13.06260014,0.0,,,0.16310932,0.0126,0.646,4522.0
TOI-2322 c,TOI-2322,2025,Transit,20.225528,0.0,,,0.16718737,0.05694897,0.703,4664.0
WASP-68 b,WASP-68,2014,Transit,5.0843,0.0,,,1.32,1.08,1.49,5910.0
Kepler-658 b,Kepler-658,2016,Transit,1.287076762,0.0,,,0.14541886,0.0104,0.63,4103.0
HD 76700 b,HD 76700,2002,Radial Velocity,3.97097,0.09,0.08,-0.08,0.856,0.21,0.99,5644.0
Kepler-227 b,Kepler-227,2014,Transit,9.488015,0.0,,,0.277,0.031,0.954,5854.0
Kepler-260 b,Kepler-260,2014,Transit,8.187399,0.0,,,0.179,0.0148,1.013,5250.0
Kepler-1089 b,Kepler-1089,2016,Transit,5.132485618,0.0,,,0.16326166,0.0126,0.52,3753.0
HD 235088 b,HD 235088,2023,Transit,7.4341325,0.0,,,0.1768225,0.01305736,0.849,5075.0
K2-138 f,K2-138,2017,Transit,12.75758,0.062,0.064,-0.043,0.25907753,0.00512853,0.935,5356.3
Kepler-18 c,Kepler-18,2011,Transit,7.64159,0.0,,,0.49,0.054,0.972,5345.0
Kepler-831 b,Kepler-831,2016,Transit,5.62153941,0.0,,,0.11330181,0.00678,0.99,5732.0
Kepler-221 c,Kepler-221,2014,Transit,5.690586,0.0,,,0.261,0.02926107,0.854,5243.0
Kepler-27 d,Kepler-27,2021,Transit,6.546289921,0.0,,,0.24143093,0.0245,0.926,5251.0
BD+55 362 b,BD+55 362,2021,Radial Velocity,265.59,0.27,0.06,-0.06,1.25,0.72,0.909,5012.0
TOI-270 c,TOI-270,2019,Transit,5.66051,0.0044,0.0005,-0.0006,0.20786903,0.01950738,0.386,3506.0
Kepler-412 b,Kepler-412,2014,Transit,1.7208604,0.0038,0.0087,-0.0032,1.341,0.941,1.167,5750.0
TOI-2158 b,TOI-2158,2022,Transit,8.60077,0.07,,,0.96,0.82,1.12,5673.0
Kepler-651 b,Kepler-651,2016,Transit,21.38521506,0.0,,,0.21143724,0.0195,0.92,5522.0
HD 151450 b,HD 151450,2022,Radial Velocity,21.89288,0.496,0.117,-0.104,0.619,0.121,1.14,6091.98
HD 134987 b,HD 134987,1999,Radial Velocity,258.17999,0.23,0.0,0.0,1.21,1.61,1.1,5736.0
CoRoT-8 b,CoRoT-8,2010,Transit,6.21229,0.0,,,0.57,0.22,0.88,5080.0
HD 3167 e,HD 3167,2022,Radial Velocity,91.9,0.128,0.11,-0.087,0.354,0.04688064,0.864,5338.0
Kepler-1381 b,Kepler-1381,2016,Transit,25.3842686,0.0,,,0.20073156,0.0179,0.96,5747.0
Kepler-1325 b,Kepler-1325,2016,Transit,33.8786838,0.0,,,0.25515211,0.0269,0.93,5550.0
Kepler-703 b,Kepler-703,2016,Transit,4.583521756,0.0,,,0.731555,0.161,1.18,6185.0
Kepler-616 c,Kepler-616,2016,Transit,90.4113556,0.0,,,0.30421982,0.0363,0.98,5753.0
TOI-1533 c,TOI-1533,2026,Transit,8.0637926,0.0,,,0.66910634,0.11515648,0.88,5146.0
TOI-1408 b,TOI-1408,2023,Transit,4.42587,0.0023,0.0005,-0.0005,2.23035445,1.86578665,1.312,6117.0
HAT-P-32 b,HAT-P-32,2011,Transit,2.1500082,0.159,0.051,-0.028,1.98,0.68,1.132,6001.0
HIP 91258 b,HIP 91258,2013,Radial Velocity,5.0505,0.02,0.01,-0.01,1.23,1.09,0.97,5519.0
K2-22 b,K2-22,2015,Transit,0.381073,0.19,0.221175,-0.152914,0.20519261,1.4,0.595292,3879.0
Kepler-1322 b,Kepler-1322,2016,Transit,0.962867382,0.0,,,0.14363458,0.0101,0.9,5488.0
HAT-P-16 b,HAT-P-16,2010,Transit,2.77596727,0.0462,0.0027,-0.0024,1.31,4.221,1.218,6140.0
Kepler-1999 b,Kepler-1999,2023,Transit,8.7396758,0.0,,,0.29351465,0.0341,0.632,4406.0
Kepler-1285 b,Kepler-1285,2016,Transit,14.7967458,0.0,,,0.0865376,0.00274,1.2,6170.0
TOI-3688 A b,TOI-3688 A,2023,Transit,3.246075,0.0,,,1.167,0.98,1.199,5950.0
HD 5278 c,HD 5278,2021,Radial Velocity,40.87,0.07,0.08,-0.04,0.401,0.05789287,1.126,6203.0
Kepler-1592 b,Kepler-1592,2016,Transit,3.05710069,0.0,,,0.1373896,0.0094,1.18,6213.0
HD 12484 b,HD 12484,2016,Radial Velocity,58.83,0.07,0.03,-0.03,1.17,2.98,1.01,5920.0
Kepler-1003 b,Kepler-1003,2016,Transit,3.554856915,0.0,,,0.15880096,0.012,1.11,6109.0
Kepler-213 b,Kepler-213,2014,Transit,2.46236,0.0,,,0.145,0.0102,1.07,5696.0
Kepler-305 b,Kepler-305,2013,Transit,5.487,0.005,0.0035,-0.0034,0.321,0.033,0.76,5080.0
GJ 536 b,GJ 536,2016,Radial Velocity,8.70874,0.0,,,0.215,0.02004226,0.528,3641.0
Kepler-361 c,Kepler-361,2014,Transit,55.188023,0.0,,,0.225,0.0217,1.191,6169.0
Kepler-1778 b,Kepler-1778,2021,Transit,10.08740044,0.0,,,0.26912881,0.0294,1.143,6310.0
Kepler-1005 b,Kepler-1005,2016,Transit,6.49801525,0.0,,,0.13382104,0.00899,1.0,5782.0
Kepler-346 b,Kepler-346,2014,Transit,6.511127,0.0,,,0.237,0.0238,0.943,6033.0
Kepler-421 b,Kepler-421,2014,Transit,704.1984,0.041,0.095,-0.034,0.371,0.0508,0.794,5308.0
Kepler-688 b,Kepler-688,2016,Transit,3.895936844,0.0,,,0.87072888,0.216,0.98,5715.0
Kepler-123 c,Kepler-123,2014,Transit,26.695074,0.0,,,0.132,0.00879,1.079,6089.0
Kepler-614 b,Kepler-614,2016,Transit,14.03491514,0.0,,,0.21322152,0.0198,0.85,5268.0
Kepler-1079 b,Kepler-1079,2016,Transit,13.24503188,0.0,,,0.14541886,0.0104,1.08,5758.0
Kepler-211 b,Kepler-211,2014,Transit,4.138575,0.0,,,0.112,0.00669,0.867,5123.0
Kepler-870 b,Kepler-870,2016,Transit,21.3587621,0.0,,,0.24801499,0.0256,1.01,5857.0
Kepler-257 c,Kepler-257,2014,Transit,6.581484,0.0,,,0.483,0.0794,0.916,5180.0
Kepler-1724 b,Kepler-1724,2021,Transit,6.45442009,0.0,,,0.25308032,0.0265,1.016,6092.0
TOI-5398 b,TOI-5398,2022,Transit,10.590547,0.13,,,0.91890603,0.18469085,1.146,6000.0
TOI-640 b,TOI-640,2021,Transit,5.003777,0.013,,,1.72,0.57,1.536,6460.0
Kepler-187 b,Kepler-187,2014,Transit,4.938864,0.0,,,0.126,0.00809,1.081,6105.0
HIP 66074 b,HIP 66074,2023,Astrometry,310.9,0.948,0.004,-0.004,1.15,5.0,0.705,4300.0
HD 147018 b,HD 147018,2009,Radial Velocity,44.236,0.4686,0.0081,-0.0081,1.19,2.12,0.927,5441.0
HD 216520 b,HD 216520,2020,Radial Velocity,35.45,0.09,0.06,-0.06,0.284,0.03228141,0.82,5103.0
Kepler-573 b,Kepler-573,2016,Transit,22.18329658,0.0,,,0.24890713,0.0258,0.99,5746.0
Kepler-975 b,Kepler-975,2016,Transit,1.970342457,0.0,,,0.13203676,0.00879,0.8,4897.0
Kepler-520 c,Kepler-520,2016,Transit,5.21104261,0.0,,,0.09545901,0.0039,1.1,6112.0
Kepler-476 b,Kepler-476,2016,Transit,14.00640607,0.0,,,0.2747792,0.0305,1.03,5837.0
Kepler-1073 c,Kepler-1073,2016,Transit,4.02582254,0.0,,,0.146311,0.0105,1.0,5792.0
Kepler-684 b,Kepler-684,2016,Transit,6.770302008,0.0,,,0.29975912,0.0354,0.89,5493.0
Kepler-351 b,Kepler-351,2014,Transit,37.054919,0.0,,,0.273,0.015,0.81,5643.0
Kepler-1295 b,Kepler-1295,2016,Transit,3.81371974,0.0,,,0.13828174,0.00951,0.92,5486.0
HATS-54 b,HATS-54,2019,Transit,2.5441765,0.0,,,1.015,0.753,1.05,5621.0
WASP-159 b,WASP-159,2018,Transit,3.840401,0.0,,,1.38,0.55,1.41,6120.0
TIC 9344899 b,TIC 9344899,2026,Transit,8.5821566,0.029,0.021,-0.018,0.817,19.4,0.98,5800.0
Kepler-670 b,Kepler-670,2016,Transit,2.816504852,0.0,,,1.17584084,,0.99,5709.0
Kepler-118 b,Kepler-118,2014,Transit,7.518496,0.0,,,0.175,0.0142,0.811,5274.0
BD-210397 b,BD-210397,2023,Radial Velocity,1891.0,0.1,0.1,-0.1,1.25,0.7,0.679,4051.0
LHS 1903 d,LHS 1903,2026,Transit,12.566287,0.112,0.055,-0.044,0.22303545,0.01875226,0.538,3664.0
CoRoT-24 b,CoRoT-24,2014,Transit,5.1134,0.0,,,0.33,0.018,0.91,4950.0
HIP 948 b,HIP 948,2022,Radial Velocity,24955.45756,0.23,0.161,-0.11,1.08,20.6,0.71,4497.0
Kepler-1062 b,Kepler-1062,2016,Transit,9.30412078,0.0,,,0.15701668,0.0118,0.75,4597.0
K2-167 b,K2-167,2018,Transit,9.978541,0.48,0.26,-0.26,0.211,0.02045129,1.084,6310.0
Kepler-495 b,Kepler-495,2016,Transit,3.413036221,0.0,,,0.46658935,0.0749,0.86,5346.0
Kepler-1151 b,Kepler-1151,2016,Transit,65.6478424,0.0,,,0.19805513,0.0175,0.88,5470.0
Kepler-574 b,Kepler-574,2016,Transit,7.65880414,0.0,,,0.21322152,0.0198,0.95,5612.0
TOI-3819 b,TOI-3819,2023,Transit,3.2443141,0.0,,,1.172,1.11,1.242,5859.0
Kepler-1162 b,Kepler-1162,2016,Transit,32.5637069,0.0,,,0.19716299,0.0174,0.89,5390.0
GJ 414 A c,GJ 414 A,2021,Radial Velocity,749.83,0.105,0.11,-0.703,0.74939781,0.16936727,0.65,4120.0
Kepler-401 b,Kepler-401,2014,Transit,14.383035,0.0,,,0.153,0.0112,1.173,6117.0
Kepler-37 e,Kepler-37,2014,Transit Timing Variations,51.196,0.0,,,0.03300925,0.02548545,0.8,5288.0
HD 28185 c,HD 28185,2022,Radial Velocity,9090.0,0.15,0.04,-0.04,1.14,6.0,0.974,5602.0
HAT-P-19 b,HAT-P-19,2010,Transit,4.00878322,0.07,0.04,-0.04,1.008,0.277,0.807,4962.0
TOI-1634 b,TOI-1634,2021,Transit,0.98934551,0.0,,,0.15692774,0.01541712,0.502,3550.0
HD 19994 b,HD 19994,2003,Radial Velocity,466.2,0.063,0.062,-0.062,1.21,1.37,1.365,6188.0
Kepler-82 b,Kepler-82,2012,Transit,26.44,0.0033,0.0019,-0.00017,0.36310108,0.03822798,0.91,5401.0
Kepler-446 c,Kepler-446,2015,Transit,3.036179,0.0,,,0.1,0.00444,0.22,3359.0
KOI-1257 b,KOI-1257,2014,Transit,86.647661,0.772,0.045,-0.045,0.94,1.45,0.99,5520.0
Kepler-138 e,Kepler-138,2022,Transit Timing Variations,38.23,0.112,0.018,-0.024,0.0711,0.00135293,0.535,3841.0
TOI-5789 c,TOI-5789,2026,Transit,12.927748,0.067,,,0.25515255,0.01573176,0.821,5185.0
HD 222582 b,HD 222582,1999,Radial Velocity,572.38,0.73,0.01,-0.01,1.12,8.37,1.12,5790.0
Kepler-1650 b,Kepler-1650,2017,Transit,1.53818001,0.01,0.15,-0.01,0.08564546,0.00264,0.326,3410.0
Kepler-210 c,Kepler-210,2014,Transit,7.972513,0.0,,,0.323,0.0401,0.77,4559.0
TOI-1269 b,TOI-1269,2024,Transit,4.2529913,0.0,,,0.21424275,0.02013665,0.9027,5499.0
Kepler-1551 b,Kepler-1551,2016,Transit,24.4973698,0.0,,,0.23730931,0.0238,1.14,6136.0
Kepler-1352 b,Kepler-1352,2016,Transit,1.877882748,0.0,,,0.07940048,0.00201,1.11,6118.0
TOI-2236 b,TOI-2236,2022,Transit,3.5315902,0.0,0.048,-0.052,1.282,1.58,1.343,6248.0
HD 132563 b,HD 132563,2011,Radial Velocity,1544.0,0.22,0.09,-0.09,1.21,1.49,1.231,6289.0
Kepler-1439 b,Kepler-1439,2016,Transit,8.07392849,0.0,,,0.13025248,0.00859,0.46,3578.0
Kepler-1202 b,Kepler-1202,2016,Transit,28.6851324,0.0,,,0.26228923,0.0282,1.03,5834.0
HIP 113103 b,HIP 113103,2023,Transit,7.610303,0.17,0.17,-0.13,0.16317273,0.0126,0.761,4930.0
HAT-P-44 c,HAT-P-44,2014,Radial Velocity,872.2,0.494,0.081,-0.081,1.16,4.0,0.942,5295.0
GJ 9827 c,GJ 9827,2017,Transit,3.648103,0.0,,,0.10081202,0.00585221,0.62,4236.0
Kepler-139 d,Kepler-139,2023,Transit,7.305699922,0.0,,,0.15121803,0.0062927,1.078,5622.0
Kepler-1474 b,Kepler-1474,2016,Transit,36.4333452,0.0,,,0.19270229,0.0167,1.04,5870.0
HD 14067 b,HD 14067,2014,Radial Velocity,2744.0,0.65,0.027,-0.028,1.09,15.3,2.4,4815.0
Kepler-128 c,Kepler-128,2013,Transit,22.8,0.037,0.026,-0.03,0.13569476,0.01063467,1.184,6072.0
Kepler-1639 b,Kepler-1639,2016,Transit,9.878482,0.0,,,0.23017218,0.0226,1.12,6150.0
TOI-2580 b,TOI-2580,2024,Transit,3.39775,0.08,0.04,-0.04,1.55,0.63,1.33,6120.0
Kepler-485 b,Kepler-485,2016,Transit,3.243259796,0.0,,,1.28557409,,1.07,5958.0
Kepler-1000 b,Kepler-1000,2016,Transit,120.0181272,0.0,,,0.42465876,0.0639,1.4,6453.0
HAT-P-7 b,HAT-P-7,2008,Transit,2.20474,0.0,,,1.51,1.84,1.56,6389.0
Kepler-33 b,Kepler-33,2011,Transit,5.66793,0.0,,,0.155,0.0116,1.291,5904.0
Kepler-1602 b,Kepler-1602,2016,Transit,11.17931605,0.0,,,0.11954679,0.00742,1.22,6296.0
LHS 1140 c,LHS 1140,2018,Transit,3.77794,0.05,,,0.11348043,0.00600953,0.1844,3096.0
K2-222 b,K2-222,2018,Transit,15.3889274,0.021,0.051,-0.017,0.20296226,0.02359764,0.94,5942.0
K2-72 e,K2-72,2016,Transit,24.158868,0.11,0.198676,-0.086832,0.11508609,0.00696,0.271365,3360.47
HD 25171 b,HD 25171,2010,Radial Velocity,1802.29,0.042,0.046,-0.029,1.24,0.915,1.076,6125.0
TOI-2458 b,TOI-2458,2024,Transit,3.73659,0.087,0.062,-0.056,0.25247612,0.04187794,1.05,6005.0
K2-146 b,K2-146,2018,Transit,2.6446,0.129,0.019,-0.019,0.18288875,0.01816,0.331,3385.0
Kepler-644 b,Kepler-644,2016,Transit,3.173917103,0.0,,,0.28102418,0.0317,1.49,6747.0
Kepler-120 c,Kepler-120,2014,Transit,12.794585,0.0,,,0.136,0.0093,0.654,4096.0
TIC 365102760 b,TIC 365102760,2024,Transit,4.21285367,0.406,,,0.55402005,0.06040996,1.17,4900.0
Kepler-1153 b,Kepler-1153,2016,Transit,1.755835327,0.0,,,0.15434026,0.0115,0.91,5470.0
TOI-5292 A b,TOI-5292 A,2026,Transit,2.02191,0.034,0.024,-0.02,1.128,1.299,0.596,3919.0
Kepler-1738 b,Kepler-1738,2021,Transit,7.674630165,0.0,,,0.25200586,0.0263,1.079,6063.0
WASP-7 b,WASP-7,2008,Transit,4.9546416,0.034,0.045,-0.024,1.33,0.96,1.276,6400.0
Kepler-226 d,Kepler-226,2014,Transit,8.109044,0.0,,,0.109,0.00624,0.904,5571.0
Kepler-327 b,Kepler-327,2014,Transit,2.549575,0.0,,,0.099,0.00444,0.591913,3799.0
TOI-1347 b,TOI-1347,2024,Transit,0.84742346,0.0,,,0.16058552,0.03492451,0.913,5464.0
HD 10975 b,HD 10975,2021,Radial Velocity,283.8,0.442,0.04,-0.389,1.28,0.45,1.41,4840.0
TOI-1173 b,TOI-1173,2024,Transit,7.06466,0.023,0.025,-0.016,0.8198783,0.08621004,0.911,5350.0
HIP 41378 c,HIP 41378,2016,Transit,31.70591,0.044,0.022,-0.044,0.24444685,0.01878372,1.22,6290.0
Kepler-109 b,Kepler-109,2014,Transit,6.4816307,0.11,,,0.2221433,0.01541712,1.094,5950.0
K2-28 b,K2-28,2016,Transit,2.260455,0.0,,,0.20697654,0.0189,0.257,3214.0
TOI-500 c,TOI-500,2022,Radial Velocity,6.6356,0.072,0.074,-0.05,0.187,0.01582615,0.74,4440.0
Kepler-952 b,Kepler-952,2016,Transit,130.3546919,0.0,,,0.68248729,0.143,1.0,5730.0
WASP-26 b,WASP-26,2010,Transit,2.7566,0.0,,,1.21,0.85,0.86,6034.0
Kepler-334 c,Kepler-334,2014,Transit,12.758005,0.0,,,0.128,0.00829,1.022,5828.0
Kepler-194 d,Kepler-194,2014,Transit,52.814973,0.0,,,0.214,0.02,0.94,6089.0
Kepler-272 c,Kepler-272,2014,Transit,6.057342,0.0,,,0.16,0.308,0.91,5297.0
WASP-87 b,WASP-87,2016,Transit,1.682795,0.0,,,1.385,2.18,1.204,6450.0
Kepler-92 d,Kepler-92,2015,Transit,49.3568,0.07,0.34,-0.04,0.18440539,0.0373364,1.07,5904.34
Kepler-945 b,Kepler-945,2016,Transit,31.0033814,0.0,,,0.23463288,0.0233,0.97,5718.0
Kepler-723 b,Kepler-723,2016,Transit,4.082275068,0.0,,,1.08751896,,0.92,5539.0
K2-90 b,K2-90,2016,Transit,13.733314,0.07,0.133697,-0.061103,0.23195646,0.0229,0.629,4484.0
WASP-77 A b,WASP-77 A,2012,Transit,1.360029395,0.01353,0.0006,-0.0006,1.21,1.6654,0.903,5617.0
GJ 1061 b,GJ 1061,2020,Radial Velocity,3.2073,0.05,0.5,-0.03,0.0926,0.00349245,0.12,2953.0
Kepler-102 b,Kepler-102,2014,Transit,5.286965,0.1,,,0.04103852,0.00346099,0.803,4909.0
HIP 9618 b,HIP 9618,2023,Transit,20.772858,0.0,,,0.34154589,0.02611472,0.942,5649.0
Kepler-1764 b,Kepler-1764,2021,Transit,70.46829987,0.0,,,0.40639545,0.0593,1.162,6461.0
Kepler-634 b,Kepler-634,2016,Transit,5.16950177,0.0,,,0.16861451,0.0133,1.03,6075.0
EPIC 211822797 b,EPIC 211822797,2016,Transit,21.1701963,0.06,0.13597,-0.048705,0.17129122,0.0137,0.62,4057.0
Kepler-681 b,Kepler-681,2016,Transit,26.39435646,0.0,,,0.2747792,0.0305,0.8,5021.0
Kepler-68 b,Kepler-68,2013,Transit,5.39875259,0.09,,,0.21027782,0.02526521,1.057,5847.0
Kepler-53 c,Kepler-53,2012,Transit,38.5583038,0.0,,,0.283,0.11326867,0.98,5858.0
Kepler-1652 b,Kepler-1652,2017,Transit,38.09722,0.0,,,0.14274244,0.01,0.404,3638.0
Kepler-352 b,Kepler-352,2014,Transit,10.05537,0.0,,,0.077,0.00178,0.798,5212.0
HD 18742 b,HD 18742,2011,Radial Velocity,766.0,0.04,0.035,-0.035,1.17,3.4,1.36,4940.0
Kepler-731 b,Kepler-731,2016,Transit,3.855603551,0.0,,,1.23829066,,1.03,5849.0
KOI-7368 b,KOI-7368,2022,Transit,6.8430344,0.0,,,0.198,0.0175,0.879,5241.0
TOI-2088 b,TOI-2088,2024,Transit,124.72997,0.0,,,0.32858634,0.11641502,0.9027,5081.0
Kepler-1192 b,Kepler-1192,2016,Transit,25.2034787,0.0,,,0.2105451,0.0194,0.86,5438.0
Kepler-214 b,Kepler-214,2014,Transit,15.660544,0.0,,,0.233,0.023,1.11,6169.0
Kepler-1354 b,Kepler-1354,2016,Transit,76.613377,0.0,,,0.26496565,0.0287,1.16,6168.0
Kepler-1897 b,Kepler-1897,2021,Transit,24.22030067,0.0,,,0.25105579,0.0262,0.859,5165.0
TOI-178 f,TOI-178,2021,Transit,15.23335,0.00045,0.0007,-0.00026,0.21563067,0.01771396,0.647,4316.0
Kepler-452 b,Kepler-452,2015,Transit,384.843,0.0,,,0.14541886,0.0104,1.037,5757.0
CI Tau c,CI Tau,2024,Radial Velocity,25.2,0.58,0.05,-0.06,1.16,3.6,0.9,3807.0
Kepler-259 b,Kepler-259,2014,Transit,8.115317,0.0,,,0.25,0.0259,0.867,5938.0
HIP 98599 b,HIP 98599,2026,Radial Velocity,2656.0,0.169,0.002,-0.055,1.13,6.85,1.19,5978.0
WASP-82 b,WASP-82,2015,Transit,2.70579,0.0,,,1.62,1.17,1.48,6480.0
WASP-15 b,WASP-15,2009,Transit,3.7521,0.0,,,1.41,0.54,1.18,6300.0
Kepler-1869 c,Kepler-1869,2023,Transit,1.716828304,0.0,,,0.06601849,0.00104,0.987,5808.0
Kepler-240 b,Kepler-240,2014,Transit,4.144495,0.0,,,0.122,0.00771,0.868,4985.0
Kepler-601 b,Kepler-601,2016,Transit,5.378868441,0.0,,,0.16950665,0.0134,0.85,5160.0
gam Lib b,gam Lib,2018,Radial Velocity,414.88,0.16,0.071,-0.107,1.22,1.126,1.78,4879.0
HD 136118 b,HD 136118,2022,Radial Velocity,1187.59765,0.344,0.014,-0.014,1.1,13.102,1.18,6097.0
Kepler-781 b,Kepler-781,2016,Transit,13.2140732,0.0,,,0.25782853,0.0274,0.81,5162.0
Kepler-1550 b,Kepler-1550,2016,Transit,225.582809,0.0,,,0.26942635,0.0295,1.07,5991.0
K2-72 b,K2-72,2016,Transit,5.577212,0.11,0.196982,-0.087659,0.09635115,0.00403,0.271365,3360.47
Kepler-743 b,Kepler-743,2016,Transit,3.179262921,0.0,,,0.10794897,0.00606,0.94,5486.0
NGTS-32 b,NGTS-32,2025,Transit,3.31211,0.0,,,1.42,0.57,1.07,5680.0
HD 155358 b,HD 155358,2007,Radial Velocity,194.3,0.17,0.03,-0.03,1.23,0.99,1.15,5905.0
TOI-5126 c,TOI-5126,2023,Transit,17.8999,0.0,,,0.34436673,0.0447,1.24,6150.0
TOI-406 c,TOI-406,2024,Transit,3.307441,0.032,0.037,-0.023,0.11776272,0.00654441,0.408,3392.0
Kepler-545 b,Kepler-545,2016,Transit,13.24934059,0.0,,,0.23998573,0.0242,1.04,5882.0
KPS-1 b,KPS-1,2018,Transit,1.706291,0.0,,,1.03,1.09,0.892,5165.0
Kepler-916 b,Kepler-916,2016,Transit,32.2968798,0.0,,,0.15701668,0.0118,0.85,5248.0
NGTS-25 b,NGTS-25,2022,Transit,2.823093,0.0,,,1.023,0.639,0.91,5321.0
Kepler-20 e,Kepler-20,2011,Transit,6.0984882,0.092,,,0.07324484,0.00239123,0.929,5495.0
L 98-59 f,L 98-59,2025,Radial Velocity,23.064,0.044,0.027,-0.028,0.132,0.00880979,0.2923,3415.0
HD 156846 b,HD 156846,2007,Radial Velocity,359.51001,0.85,0.0,0.0,1.11,10.67,1.38,6090.0
TOI-2025 b,TOI-2025,2022,Transit,8.8720982,0.394,0.035,-0.038,1.061,3.6,1.199,5977.0
Kepler-845 b,Kepler-845,2016,Transit,0.927859821,0.0,,,0.18199661,0.0152,0.79,4913.0
Kepler-1919 b,Kepler-1919,2021,Transit,37.88660049,0.0,,,0.23408967,0.0232,0.868,5513.0
HD 13808 b,HD 13808,2021,Radial Velocity,14.1815,0.071,0.027,-0.047,0.299,0.03523896,0.771,5035.0
HD 192310 c,HD 192310,2011,Radial Velocity,525.8,0.32,0.11,-0.11,0.469,0.076,0.8,5166.0
HIP 56640 b,HIP 56640,2021,Radial Velocity,2675.57603,0.118,0.062,-0.076,1.13,6.77,1.75,4769.0
Kepler-1878 b,Kepler-1878,2021,Transit,4.445879936,0.0,,,0.26052305,0.0279,0.956,5918.0
TOI-2443 b,TOI-2443,2023,Transit,15.66858,0.301,0.046,-0.034,0.2108131,0.01510249,0.642,4375.0
HD 219139 b,HD 219139,2021,Radial Velocity,275.5,0.11,0.087,-0.081,1.24,0.78,1.46,4831.0
TOI-2384 b,TOI-2384,2024,Transit,2.13570304,0.0,,,1.025,1.966,0.635,3943.0
Kepler-1020 b,Kepler-1020,2016,Transit,96.9151496,0.0,,,0.20340798,0.0183,0.87,5227.0
Kepler-1447 b,Kepler-1447,2016,Transit,56.6747285,0.0,,,0.25872067,0.0275,0.97,5722.0
TOI-1470 c,TOI-1470,2023,Transit,18.08816,0.5,,,0.22035902,0.02277959,0.471,3709.0
HD 74698 c,HD 74698,2023,Radial Velocity,3449.0,0.2,0.2,-0.1,1.24,0.4,1.039,5783.0
Kepler-915 b,Kepler-915,2016,Transit,4.59489604,0.0,,,0.13382104,0.00899,1.21,6173.0
TOI-4379 b,TOI-4379,2024,Transit,3.25352,0.018,0.029,-0.018,1.489,1.113,1.372,6020.0
HATS-58 A b,HATS-58 A,2019,Transit,4.2180896,0.168,,,1.095,1.03,1.461,7175.0
TIC 241249530 b,TIC 241249530,2024,Transit,165.7719,0.9412,0.0009,-0.0009,1.186,4.98,1.271,6166.0
TOI-3261 b,TOI-3261,2024,Transit,0.8831331,0.0,,,0.34079816,0.09533446,0.861,5068.0
HAT-P-59 b,HAT-P-59,2021,Transit,4.1419771,0.03,,,1.123,1.54,1.008,5678.0
Kepler-910 b,Kepler-910,2016,Transit,2.364369015,0.0,,,0.0731555,0.0015,1.26,6230.0
HD 102195 b,HD 102195,2006,Radial Velocity,4.11377,0.0,,,1.27,0.41,0.76,5301.0
Kepler-849 b,Kepler-849,2016,Transit,394.62508,0.078,0.069,-0.053,0.721,0.94,1.259,5950.0
Kepler-92 b,Kepler-92,2013,Transit,13.749,0.17,0.1,-0.17,0.313,0.202,1.21,5883.0
HD 17674 b,HD 17674,2017,Radial Velocity,623.8,0.13,,,1.24,0.87,0.98,5904.0
Kepler-405 c,Kepler-405,2014,Transit,29.726682,0.0,,,0.416,0.0616,0.873,5818.0
Kepler-1065 c,Kepler-1065,2016,Transit,2.37030743,0.0,,,0.14274244,0.01,0.94,5635.0
Kepler-46 b,Kepler-46,2012,Transit,33.60134,0.01,0.01,-0.01,0.808,6.0,0.902,5155.0
HIP 38594 c,HIP 38594,2020,Radial Velocity,3477.768,0.16,0.1,-0.1,0.708,0.15228267,0.61,4086.3
TOI-3071 b,TOI-3071,2024,Transit,1.266938,0.09,,,0.63877351,0.2145812,1.29,6177.0
HD 178911 B b,HD 178911 B,2001,Radial Velocity,71.484,0.11,0.0,0.0,1.12,8.03,1.24,5588.0
Kepler-145 c,Kepler-145,2013,Transit,42.882,0.11,0.11,-0.11,0.385,0.25,1.32,6022.0
GJ 682 c,GJ 682,2014,Radial Velocity,57.32,0.1,0.19,-0.1,0.258,0.02737312,0.27,3028.0
Kepler-144 b,Kepler-144,2014,Transit,5.885273,0.0,,,0.119,0.00733,1.154,6075.0
Kepler-251 e,Kepler-251,2014,Transit,99.640161,0.0,,,0.247,0.0255,0.891,5526.0
TOI-406.01,TOI-406,2024,Transit,13.175682,0.056,0.035,-0.034,0.18556549,0.02067153,0.408,3392.0
HD 216437 b,HD 216437,2002,Radial Velocity,1359.0,0.31,0.01,-0.01,1.16,4.2,1.22,5909.0
Kepler-196 d,Kepler-196,2021,Transit,122.0800018,0.0,,,0.2373683,0.0238,0.805,5132.0
HIP 65 A b,HIP 65 A,2020,Transit,0.9809734,0.0,,,2.03,3.213,0.781,4590.0
Kepler-549 d,Kepler-549,2023,Transit,24.61480613,0.0,,,0.37469955,0.0516,0.859,5312.0
Kepler-235 e,Kepler-235,2014,Transit,46.183669,0.0,,,0.198,0.0175,0.581,4255.0
Kepler-1013 b,Kepler-1013,2016,Transit,18.93054959,0.0,,,0.19181015,0.0166,0.81,4954.0
Kepler-451 d,2MASS J19383260+4603591,2022,Eclipse Timing Variations,43.0,0.0,,,1.2,1.76,0.48,29564.0
TOI-5789 e,TOI-5789,2026,Radial Velocity,62.98,0.071,,,0.306,0.03652915,0.821,5185.0
Kepler-405 b,Kepler-405,2014,Transit,10.613839,0.0,,,0.186,0.0157,0.873,5818.0
Kepler-1883 b,Kepler-1883,2021,Transit,103.427002,0.0,,,0.29004189,0.0334,1.086,6208.0
Kepler-313 b,Kepler-313,2014,Transit,14.970418,0.0,,,0.226,0.0218,1.114,5727.0
HD 210702 b,HD 210702,2007,Radial Velocity,355.5,0.071,0.019,-0.051,1.21,1.515,1.33,4912.0
Kepler-1421 b,Kepler-1421,2016,Transit,6.9131112,0.0,,,0.08296904,0.00236,1.25,6335.0
Kepler-1660 AB b,Kepler-1660 A,2023,Eclipse Timing Variations,239.5044,0.05541,0.00147,-0.00147,1.15,4.992,1.1366,6305.24
HD 36384 b,HD 36384,2023,Radial Velocity,490.0,0.2,0.1,-0.1,1.13,6.6,1.14,3940.0
TIC 139270665 b,TIC 139270665,2024,Transit,23.624,0.105,0.053,-0.05,0.645,0.463,1.035,5844.0
Kepler-1372 b,Kepler-1372,2016,Transit,1.311555568,0.0,,,0.11330181,0.00678,0.98,5677.0
Kepler-84 f,Kepler-84,2014,Transit,44.552169,0.0,,,0.196,0.0172,1.06,6031.0
Kepler-205 c,Kepler-205,2014,Transit,20.306546,0.0,,,0.146,0.0105,0.592,4321.0
Kepler-1507 b,Kepler-1507,2016,Transit,16.0506213,0.0,,,0.07493978,0.00164,0.89,5410.0
Kepler-702 b,Kepler-702,2016,Transit,10.526294063,0.0,,,0.8180926,0.194,0.9,5419.0
Kepler-186 c,Kepler-186,2014,Transit,7.267302,0.0,,,0.112,0.0066,0.478,3788.0
TOI-1794 b,TOI-1794,2024,Transit,8.765528,0.0,,,0.29414028,0.02737326,0.9698,5631.0
Kepler-339 b,Kepler-339,2014,Transit,4.977656,0.0,,,0.127,0.00819,0.87,5631.0
Kepler-1805 b,Kepler-1805,2021,Transit,8.847940445,0.0,,,0.13783851,0.00945,0.581,3867.0
TOI-1201 b,TOI-1201,2021,Transit,2.4919863,0.0,,,0.21545224,0.01975909,0.512,3476.0
TOI-421 b,TOI-421,2020,Transit,5.197576,0.13,0.05,-0.05,0.23552543,0.02108056,0.833,5291.0
Kepler-370 b,Kepler-370,2014,Transit,4.57953,0.0,,,0.142,0.00993,0.982,5852.0
TOI-125 b,TOI-125,2019,Transit,4.65382,0.194,0.041,-0.036,0.24319743,0.02989019,0.859,5320.0
TOI-559 b,TOI-559,2021,Transit,6.9839095,0.151,0.012,-0.011,1.091,6.01,1.026,5925.0
Kepler-224 c,Kepler-224,2014,Transit,5.925003,0.0,,,0.278,0.0312,0.777,5018.0
Kepler-956 b,Kepler-956,2016,Transit,5.248672631,0.0,,,0.26764207,0.0292,1.1,6040.0
Kepler-1052 b,Kepler-1052,2016,Transit,34.8538276,0.0,,,0.26139709,0.028,1.03,5888.0
Kepler-1405 b,Kepler-1405,2016,Transit,28.2274184,0.0,,,0.35328754,0.0467,1.05,5925.0
HATS-63 b,HATS-63,2018,Transit,3.0566527,0.136,,,1.207,0.96,0.931,5627.0
TOI-5795 b,TOI-5795,2025,Transit,6.1406325,0.25,,,0.50138368,0.07444269,0.901,5715.0
TOI-1052 b,TOI-1052,2023,Transit,9.139703,0.18,0.09,-0.071,0.25604469,0.05317335,1.204,6146.0
TOI-1174 b,TOI-1174,2024,Transit,8.953487683,0.0,,,0.22856672,0.10068326,0.85,5030.0
HD 200964 c,HD 200964,2010,Radial Velocity,852.5,0.243,0.047,-0.047,1.22,1.214,1.39,4982.0
Kepler-1315 b,Kepler-1315,2016,Transit,0.84338011,0.0,,,0.12311535,0.0078,0.8,4861.0
Kepler-425 b,Kepler-425,2014,Transit,3.79701816,0.33,,,0.978,0.25,0.93,5170.0
Kepler-197 b,Kepler-197,2014,Transit,5.599308,0.02,0.23,-0.02,0.091,0.00328,0.857,6004.0
Kepler-1271 b,Kepler-1271,2016,Transit,3.0255955,0.0,,,0.13203676,0.00879,1.13,6143.0
Kepler-790 b,Kepler-790,2016,Transit,13.73469807,0.0,,,0.19448657,0.017,0.84,5208.0
Kepler-395 b,Kepler-395,2014,Transit,7.054346,0.0,,,0.092,0.0034,0.622827,4262.0
TOI-1011 b,TOI-1011,2025,Transit,2.470498,0.0,,,0.12936056,0.01271126,0.91,5475.0
Kepler-1957 b,Kepler-1957,2021,Transit,2.186619997,0.0,,,0.08419576,0.00248,0.745,4904.0
Kepler-515 b,Kepler-515,2016,Transit,19.96371318,0.0,,,0.13025248,0.00859,0.9,5293.0
K2-98 b,K2-98,2016,Transit,10.1367349,0.119,0.15,-0.083,0.452,0.107,1.246,6260.0
HS Psc b,HS Psc,2024,Radial Velocity,3.986,0.27,0.21,-0.27,1.21,1.46,0.69,4203.0
Kepler-113 c,Kepler-113,2014,Transit,8.92507,0.0,,,0.194,0.02737312,0.75,4725.0
BD+42 2315 b,BD+42 2315,2023,Radial Velocity,123.05,0.73,0.03,-0.03,1.26,0.55,1.38,4500.0
Kepler-219 b,Kepler-219,2014,Transit,4.585512,0.0,,,0.263,0.0283,1.164,5786.0
Kepler-297 c,Kepler-297,2014,Transit,74.920137,0.0,,,0.583,0.132,0.927,5619.0
Kepler-1314 b,Kepler-1314,2016,Transit,5.424749281,0.0,,,0.45588366,0.072,0.6,4188.0
HD 10180 h,HD 10180,2010,Radial Velocity,2205.0,0.095,0.086,-0.086,0.838,0.203,1.06,5911.0
Kepler-1053 b,Kepler-1053,2016,Transit,2.414351654,0.0,,,0.08742974,0.00284,0.74,4529.0
HD 93351 c,HD 93351,2022,Radial Velocity,14010.2941,0.109,0.046,-0.041,1.1,13.07,0.94,5408.0
Kepler-1313 b,Kepler-1313,2016,Transit,3.833091178,0.0,,,0.15701668,0.0118,0.92,5453.0
Kepler-1791 b,Kepler-1791,2021,Transit,7.720860004,0.0,,,0.27844041,0.0312,0.985,5887.0
Kepler-340 c,Kepler-340,2014,Transit,22.824669,0.0,,,0.301,0.0355,1.65,6620.0
WASP-165 b,WASP-165,2018,Transit,3.465509,0.0,,,1.26,0.658,1.248,5599.0
Kepler-408 b,Kepler-408,2014,Transit,2.46502,0.0,,,0.073,0.01573168,1.08,6104.0
HD 217107 b,HD 217107,1998,Radial Velocity,7.1270166,0.1284,0.0015,-0.0014,1.21,1.446,1.045,5622.0
Kepler-1163 b,Kepler-1163,2016,Transit,6.11786898,0.0,,,0.09189045,0.0034,1.22,6302.0
HD 106515 A b,HD 106515 A,2012,Radial Velocity,3626.0,0.571,0.012,-0.012,1.08,18.9,0.89,5362.0
Kepler-1546 b,Kepler-1546,2016,Transit,19.5974971,0.0,,,0.2792399,0.0313,0.95,5623.0
Kepler-1288 b,Kepler-1288,2016,Transit,2.76122421,0.0,,,0.09991971,0.00459,1.2,6132.0
HD 10647 b,HD 10647,2006,Radial Velocity,989.2,0.15,0.08,-0.08,1.23,0.94,1.11,6218.0
Kepler-581 b,Kepler-581,2016,Transit,40.6069821,0.0,,,0.23463288,0.0233,1.0,5772.0
Kepler-1261 b,Kepler-1261,2016,Transit,48.4308991,0.0,,,0.2016237,0.018,0.82,5006.0
TOI-815 c,TOI-815,2024,Transit,34.976145,0.22,,,0.23374115,0.07393927,0.776,4869.0
WASP-171 b,WASP-171,2019,Transit,3.8186244,0.0,,,0.98,1.084,1.171,5965.0
Kepler-80 c,Kepler-80,2012,Transit,9.52355,0.0079,0.004,-0.0037,0.24444643,0.02120631,0.73,4540.0
HATS-49 b,HATS-49,2020,Transit,4.1480467,0.071,,,0.765,0.353,0.7133,4405.0
Kepler-925 b,Kepler-925,2016,Transit,33.8678531,0.0,,,0.20876082,0.0191,0.77,4673.0
HD 73267 b,HD 73267,2008,Radial Velocity,1257.99159,0.261,0.004,-0.004,1.16,4.158,0.93,5387.0
Kepler-1631 b,Kepler-1631,2016,Transit,4.09513932,0.0,,,0.12043893,0.00752,0.97,5679.0
Kepler-1893 b,Kepler-1893,2021,Transit,4.179369926,0.0,,,0.15216142,0.0112,0.973,5633.0
KELT-12 b,KELT-12,2017,Transit,5.031623,0.0,,,1.78,0.95,1.591,6279.0
HD 63433 b,HD 63433,2020,Transit,7.1079475,0.24,0.27,-0.18,0.191,0.06844888,0.956,5553.0
HD 72892 b,HD 72892,2016,Radial Velocity,39.44603,0.419,0.003,-0.003,1.14,5.468,1.01,5688.0
Kepler-1139 b,Kepler-1139,2016,Transit,0.813166719,0.0,,,0.10616469,0.0057,0.94,5550.0
HD 149806 b,HD 149806,2022,Radial Velocity,16521.52778,0.357,0.162,-0.236,1.1,12.597,0.93,5352.05
Kepler-231 b,Kepler-231,2014,Transit,10.065275,0.0,,,0.154,0.111,0.58,3767.0
HD 110082 b,HD 110082,2021,Transit,10.18271,0.2,0.2,-0.1,0.28548488,0.0325,1.21,6200.0
Kepler-1142 b,Kepler-1142,2016,Transit,18.3027248,0.0,,,0.13114462,0.00869,0.97,5685.0
Kepler-82 e,Kepler-82,2014,Transit,5.902206,0.0,,,0.22,0.7992363,0.946,5428.0
HD 167042 b,HD 167042,2007,Radial Velocity,417.67,0.01,0.033,-0.004,1.21,1.397,1.39,4919.0
TRAPPIST-1 h,TRAPPIST-1,2017,Transit,18.772866,0.00567,0.00121,-0.00121,0.0673567,0.00102571,0.0898,2566.0
HD 169830 b,HD 169830,2000,Radial Velocity,225.67372,0.294,0.012,-0.011,1.18,2.531,1.17,6300.0
Kepler-853 b,Kepler-853,2016,Transit,7.16892463,0.0,,,0.1507717,0.011,1.3,6350.0
Kepler-449 b,Kepler-449,2015,Transit,12.58242,0.03,0.28,-0.03,0.18342403,0.0154,1.02,5649.18
Kepler-906 b,Kepler-906,2016,Transit,41.6979976,0.0,,,0.18824159,0.016,1.06,6035.0
Kepler-1912 b,Kepler-1912,2021,Transit,6.059219837,0.0,,,0.12103733,0.00758,0.977,5734.0
HIP 57274 c,HIP 57274,2011,Radial Velocity,32.03,0.05,0.02,-0.02,1.27,0.40902369,0.73,4640.0
TOI-431 d,TOI-431,2021,Transit,12.46103,0.0,,,0.29351465,0.03114888,0.78,4850.0
HATS-1 b,HATS-1,2012,Transit,3.446459,0.12,0.092,-0.092,1.302,1.855,0.986,5870.0
Kepler-735 b,Kepler-735,2016,Transit,11.51516988,0.0,,,0.26318137,0.0283,0.85,5107.0
GJ 341 b,GJ 341,2025,Transit,7.57686,0.0,,,0.07850848,0.01258541,0.48,3770.0
HD 100655 b,HD 100655,2011,Radial Velocity,157.57001,0.09,0.05,-0.05,1.21,1.61,2.28,4891.0
GJ 676 A c,GJ 676 A,2016,Radial Velocity,13921.42302,0.295,0.033,-0.049,1.1,13.492,0.626,3734.0
HD 25463 b,HD 25463,2023,Transit,7.0491423,0.0,,,0.22708203,0.02737326,1.251,6353.0
TOI-1260 c,TOI-1260,2021,Transit,7.493134,0.0,,,0.24623113,0.04153184,0.679,4227.0
TOI-3235 b,TOI-3235,2023,Transit,2.59261842,0.029,,,1.017,0.665,0.3939,3388.8
Kepler-1730 b,Kepler-1730,2021,Transit,13.81019974,0.0,,,0.40014746,0.0577,1.009,5942.0
Kepler-1583 b,Kepler-1583,2016,Transit,9.32807355,0.0,,,0.05352841,0.00049,0.94,5645.0
Kepler-306 e,Kepler-306,2014,Transit,44.840975,0.0,,,0.203,0.0182,0.75,4954.0
HD 217958 b,HD 217958,2022,Radial Velocity,2560.19774,0.156,0.093,-0.081,1.27,0.524,1.08,5930.64
Kepler-1839 b,Kepler-1839,2021,Transit,5.056759834,0.0,,,0.17391197,0.014,1.03,5926.0
Kepler-694 b,Kepler-694,2016,Transit,6.365841612,0.0,,,0.24979927,0.0259,0.97,5700.0
Kepler-150 d,Kepler-150,2014,Transit,12.56093,0.0,,,0.249,0.0258,0.956,5560.0
Kepler-1994 b,Kepler-1994,2023,Transit,4.61225043,0.0,,,0.04549923,0.000274,0.932,5495.0
HD 10442 b,HD 10442,2014,Radial Velocity,1032.3,0.132,0.044,-0.044,1.21,1.487,1.01,4912.0
Kepler-148 c,Kepler-148,2014,Transit,4.180043,0.0,,,0.321,0.0398,0.86,5272.0
HATS-32 b,HATS-32,2016,Transit,2.8126548,0.471,,,1.249,0.92,1.099,5700.0
Kepler-547 b,Kepler-547,2016,Transit,6.010384289,0.0,,,0.3568561,0.0475,0.78,4828.0
WASP-38 b,WASP-38,2010,Transit,6.87188,0.03,0.0,0.0,1.23,3.44,1.76,6180.0
Kepler-1488 c,Kepler-1488,2021,Transit,6.158269882,0.0,,,0.14734324,0.0106,1.003,5710.0
Kepler-124 c,Kepler-124,2014,Transit,13.821375,0.0,,,0.156,0.0117,0.706,4984.0
Kepler-198 c,Kepler-198,2014,Transit,49.567416,0.0,,,0.22,0.021,0.995,5574.0
Kepler-129 b,Kepler-129,2014,Transit,15.79,0.01,0.24,-0.01,0.21411403,0.06292704,1.178,5770.0
LHS 1903 c,LHS 1903,2026,Transit,6.226185,0.089,0.036,-0.03,0.18253221,0.0143159,0.538,3664.0
HAT-P-57 b,HAT-P-57,2015,Transit,2.4653,0.0,,,1.74,1.41,2.77,6330.0
Kepler-446 b,Kepler-446,2015,Transit,1.565409,0.0,,,0.13,0.00899,0.22,3359.0
HD 8326 b,HD 8326,2019,Radial Velocity,158.991,0.2,0.11,-0.11,0.855,0.20954598,0.8,4914.0
K2-216 b,K2-216,2018,Transit,2.1748,0.0,,,0.15612454,0.02517069,0.7,4503.0
Kepler-167 d,Kepler-167,2016,Transit,21.80379,0.0,,,0.11044715,0.00649,0.777,4884.0
Kepler-1549 b,Kepler-1549,2016,Transit,214.886545,0.0,,,0.22928004,0.0224,0.88,5324.0
Kepler-1198 b,Kepler-1198,2016,Transit,7.6847716,0.0,,,0.13114462,0.00869,0.93,5517.0
HD 143811 AB b,HD 143811 A,2025,Imaging,117000.0,0.19,0.12,-0.12,1.4,6.1,1.32,6791.0
WASP-104 b,WASP-104,2014,Transit,1.7554137,0.0,,,1.137,1.272,1.076,5475.0
51 Peg b,51 Peg,1995,Radial Velocity,4.2307966,0.0063,,,1.26,0.61,1.07,5761.0
TOI-1801 b,TOI-1801,2023,Transit,10.64387,0.0,,,0.186,0.01805377,0.556,3863.0
TOI-762 A b,TOI-762 A,2024,Transit,3.4716826,0.083,,,0.744,0.251,0.442,3266.0
Kepler-1086 c,Kepler-1086,2016,Transit,161.5163345,0.0,,,0.26228923,0.0282,0.7,4350.0
K2-32 e,K2-32,2019,Transit,4.34934,0.043,0.048,-0.03,0.10812758,0.00660734,0.83,5271.0
Kepler-1800 b,Kepler-1800,2021,Transit,4.562029839,0.0,,,0.08892846,0.00302,1.33,5343.0
55 Cnc B c,55 Cnc B,2025,Radial Velocity,33.747,0.0,,,0.193,0.01667566,0.26,3286.0
Kepler-78 b,Kepler-78,2013,Transit,0.35500745,0.0,,,0.10714623,0.00528587,0.779,5058.0
Kepler-1944 b,Kepler-1944,2021,Transit,9.842579842,0.0,,,0.2462054,0.0253,1.064,5585.0
TOI-1742 b,TOI-1742,2024,Transit,21.269084,0.3,0.1,-0.1,0.21099831,0.03051961,1.0861,5815.0
K2-105 b,K2-105,2017,Transit,8.26726,0.0,,,0.30332821,0.04845382,0.94,5373.0
BD+45 564 b,BD+45 564,2021,Radial Velocity,307.88,0.12,0.06,-0.06,1.21,1.36,0.81,5004.0
WASP-60 b,WASP-60,2012,Transit,4.305,0.0,,,0.88,0.55,1.19,5900.0
HD 11343 c,HIP 8541,2022,Radial Velocity,228.53731,0.169,0.142,-0.102,1.24,0.804,2.009,4672.0
Kepler-1762 b,Kepler-1762,2021,Transit,29.53910065,0.0,,,0.24625157,0.0253,1.298,6572.0
HD 102329 c,HD 102329,2016,Radial Velocity,1123.0,0.209,0.231,-0.202,1.21,1.52,1.3,4830.0
HD 7449 b,HD 7449,2011,Radial Velocity,1270.55195,0.752,0.035,-0.032,1.12,8.174,1.196,6024.0
HD 197037 b,HD 197037,2012,Radial Velocity,1035.7,0.22,0.07,-0.07,1.24,0.79,1.11,6150.0
Kepler-1529 b,Kepler-1529,2016,Transit,5.33905686,0.0,,,0.18734945,0.0159,0.81,5048.0
Kepler-98 b,Kepler-98,2014,Transit,1.54168,0.0,,,0.178,0.011,0.99,5539.0
HD 140901 b,HD 140901,2022,Radial Velocity,9.02378,0.472,0.086,-0.151,0.363,0.049,0.99,5610.0
Pr0201 b,Pr0201,2012,Radial Velocity,4.4264,0.0,,,1.27,0.54,1.24,6174.0
WASP-6 b,WASP-6,2009,Transit,3.3610026,0.054,0.018,-0.015,1.119,0.467,0.854,5438.0
WASP-189 b,WASP-189,2020,Transit,2.724033,0.0,,,1.619,1.99,2.03,8000.0
Kepler-362 b,Kepler-362,2014,Transit,10.327186,0.0,,,0.079,0.00193,0.904,5788.0
TOI-2295 b,TOI-2295,2024,Transit,30.033302,0.334,0.012,-0.012,1.47,0.875,1.168,5730.0
HD 99283 b,HD 99283,2021,Radial Velocity,310.4,0.2,0.102,-0.146,1.23,0.97,1.76,4886.0
HD 39194 b,HD 39194,2021,Radial Velocity,5.63692,0.101,,,0.178,0.01453615,0.86,5205.0
Kepler-656 c,Kepler-656,2023,Transit,5.25449393,0.0,,,0.12579199,0.00809,1.05,5550.0
TOI-1295 b,TOI-1295,2024,Transit,3.1968838,0.024,0.02,-0.02,1.4,1.42,1.38,6280.0
NGTS-15 b,NGTS-15,2021,Transit,3.27623,0.0,,,1.1,0.751,0.995,5600.0
HD 62509 b,HD 62509,2006,Radial Velocity,589.64,0.02,0.03,-0.03,1.19,2.3,2.0,4892.63
HD 81817 b,HD 81817,2020,Radial Velocity,1021.20159,0.097,0.09,-0.057,1.07,24.128,4.3,4140.0
Kepler-1941 b,Kepler-1941,2021,Transit,31.33510017,0.0,,,0.23639701,0.0236,1.175,6404.0
Kepler-1691 b,Kepler-1691,2020,Transit,3.8482,0.0,,,0.16368185,0.0127,1.11,6000.0
TOI-2184 b,TOI-2184,2022,Transit,6.90683,0.08,0.07,-0.07,1.017,0.65,1.53,5966.0
Kepler-180 c,Kepler-180,2014,Transit,41.885775,0.0,,,0.269,0.0293,0.95,5731.0
Kepler-1316 b,Kepler-1316,2016,Transit,87.9732136,0.0,,,0.31581765,0.0386,1.04,5884.0
Kepler-1542 b,Kepler-1542,2016,Transit,3.95116882,0.0,,,0.06780266,0.00114,0.94,5564.0
Kepler-1311 d,Kepler-1311,2021,Transit,197.5110016,0.0,,,0.86166408,0.212,1.032,5616.0
Kepler-1866 b,Kepler-1866,2021,Transit,11.66009998,0.0,,,0.1857574,0.0157,1.03,5791.0
TOI-2018 b,TOI-2018,2023,Transit,7.435583,0.0,,,0.20233776,0.02894644,0.57,4174.0
HD 155918 b,HD 155918,2022,Radial Velocity,1.87567,0.194,0.197,-0.129,0.239,0.024,1.03,5771.84
DMPP-2 d,DMPP-2,2026,Radial Velocity,16.491,0.1,,,1.03,0.28880364,1.41,6500.0
Kepler-300 c,Kepler-300,2014,Transit,40.714955,0.0,,,0.201,0.0179,1.07,5986.0
Kepler-1392 b,Kepler-1392,2016,Transit,15.1410397,0.0,,,0.17485949,0.0142,0.88,5479.0
TOI-669 b,TOI-669,2023,Transit,3.945152,0.0,,,0.23071365,0.03146352,0.9245,5597.0
Kepler-347 b,Kepler-347,2014,Transit,12.79836,0.0,,,0.176,0.0143,0.922,6088.0
WASP-184 b,WASP-184,2019,Transit,5.1817,0.0,,,1.33,0.57,1.23,6000.0
WASP-25 b,WASP-25,2010,Transit,3.7648337,0.0,,,1.232,0.564,0.962,5697.0
Kepler-105 c,Kepler-105,2014,Transit,7.12592,0.02,0.02,-0.02,0.12846842,0.01761957,0.991,5933.0
TOI-199 b,TOI-199,2023,Transit,104.854,0.09,0.01,-0.02,0.81,0.17,0.936,5255.0
HD 34445 d,HD 34445,2017,Radial Velocity,117.87,0.027,0.051,-0.027,0.542,0.097,1.07,5836.0
TOI-700 c,TOI-700,2020,Transit,16.051137,0.068,0.07,-0.049,0.23195686,0.0229,0.415,3459.0
LHS 1903 e,LHS 1903,2026,Transit,29.31773,0.014,0.015,-0.01,0.15451896,0.01821738,0.538,3664.0
Kepler-504 b,Kepler-504,2016,Transit,9.549275422,0.0,,,0.1418503,0.00993,0.33,3519.0
HD 199509 b,HD 199509,2022,Radial Velocity,99.62167,0.373,0.09,-0.087,0.663,0.136,1.04,5796.02
Kepler-256 d,Kepler-256,2014,Transit,5.839172,0.0,,,0.221,0.0211,1.037,5551.0
Kepler-214 c,Kepler-214,2014,Transit,28.7798,0.0,,,0.19,0.0163,1.11,6169.0
Kepler-197 d,Kepler-197,2014,Transit,15.677563,0.03,0.2,-0.03,0.109,0.00624,0.857,6004.0
HIP 5158 b,HIP 5158,2009,Radial Velocity,345.72,0.52,0.08,-0.08,1.21,1.42,0.78,4962.0
HD 33142 b,HD 33142,2011,Radial Velocity,330.0,0.049,0.032,-0.03,1.22,1.26,1.52,5025.4
TOI-2421 b,TOI-2421,2022,Transit,4.3474032,0.0,0.048,-0.052,0.925,0.333,1.131,5607.0
Kepler-323 c,Kepler-323,2014,Transit,3.5538229,0.095,,,0.14006626,0.02139519,1.015,6004.0
TOI-7510 b,TOI-7510,2025,Transit,11.530869,0.0572,0.0033,-0.0033,0.652,0.0571,1.063,5720.0
HATS-17 b,HATS-17,2016,Transit,16.254611,0.029,0.022,-0.022,0.777,1.338,1.131,5846.0
K2-90 c,K2-90,2016,Transit,2.900706,0.19,0.211462,-0.153189,0.11597823,0.00705,0.704613,4421.98
Kepler-867 b,Kepler-867,2016,Transit,150.242127,0.0,,,0.41395307,0.0612,0.92,5541.0
Kepler-315 c,Kepler-315,2014,Transit,265.469335,0.0,,,0.37,0.0506,0.831,5796.0
HD 77946 b,HD 77946,2024,Transit,6.527363,0.211,0.072,-0.072,0.25840541,0.03429524,1.1973,6007.0
Kepler-768 b,Kepler-768,2016,Transit,11.3910025,0.0,,,0.1596931,0.0121,0.82,5108.0
TOI-2147 b,TOI-2147,2026,Transit,26.20518,0.29,0.07,-0.07,0.93674887,0.36497682,0.99,5983.0
KELT-6 c,KELT-6,2015,Radial Velocity,1276.0,0.21,0.039,-0.036,1.16,3.71,1.126,6272.0
Kepler-626 b,Kepler-626,2016,Transit,14.48585199,0.0,,,0.20430012,0.0184,1.01,5813.0
Kepler-94 b,Kepler-94,2014,Transit,2.50806,0.0,,,0.313,0.034,0.81,4781.0
Kepler-47 d,Kepler-47,2019,Transit,187.366,0.024,0.025,-0.017,0.62806673,0.05984331,0.957,5636.0
Kepler-325 d,Kepler-325,2014,Transit,38.715185,0.0,,,0.249,0.0258,0.914,5752.0
Kepler-298 b,Kepler-298,2014,Transit,10.475464,0.0,,,0.175,0.0142,0.66,4465.0
TOI-2136 b,TOI-2136,2022,Transit,7.851928,0.0,,,0.19537905,0.02004226,0.34,3342.0
TIC 279401253 c,TIC 279401253,2023,Transit,155.3,0.254,0.042,-0.036,1.12,8.02,1.13,5951.0
HD 11506 d,HD 11506,2022,Radial Velocity,26500.0,0.29,0.02,-0.03,1.1,12.8,1.22,6123.0
Kepler-282 c,Kepler-282,2014,Transit,13.638723,0.0,,,0.107,0.00588,0.86,5602.0
Kepler-811 b,Kepler-811,2016,Transit,23.58447697,0.0,,,0.24087787,0.0244,1.01,5747.0
Kepler-1493 b,Kepler-1493,2016,Transit,15.0217983,0.0,,,0.12579177,0.00809,1.06,5863.0
HAT-P-6 b,HAT-P-6,2007,Transit,3.85298,0.0,,,1.48,1.32,1.79,6570.0
Kepler-1118 b,Kepler-1118,2016,Transit,38.6715075,0.0,,,0.24444643,0.025,0.96,5688.0
TRAPPIST-1 g,TRAPPIST-1,2017,Transit,12.352446,0.00208,0.00058,-0.00058,0.10072281,0.00415633,0.0898,2566.0
WASP-185 b,WASP-185,2019,Transit,9.38755,0.24,0.04,-0.04,1.25,0.98,1.12,5900.0
Kepler-982 b,Kepler-982,2016,Transit,15.7738221,0.0,,,0.20073156,0.0179,1.16,6139.0
TOI-4336 A c,TOI-4336 A,2026,Transit,7.587266,0.0,,,0.11160694,0.00487685,0.306,3307.0
Kepler-1841 b,Kepler-1841,2021,Transit,25.88599968,0.0,,,0.13285111,0.00888,0.823,5190.0
TOI-5261 b,TOI-5261,2025,Transit,4.1509768,0.1585,0.01,-0.0078,1.035,11.49,1.037,5790.0
Kepler-1917 b,Kepler-1917,2021,Transit,12.90240002,0.0,,,0.16858918,0.0133,0.882,5530.0
HD 141004 b,HD 141004,2021,Radial Velocity,15.5083,0.16,0.11,-0.1,0.336,0.0429,1.051904,5885.38
HATS-44 b,HATS-44,2018,Transit,2.7439004,0.279,,,1.067,0.56,0.86,5080.0
Kepler-168 c,Kepler-168,2014,Transit,13.193242,0.0,,,0.24,0.0242,1.113,6282.0
Kepler-701 b,Kepler-701,2016,Transit,10.35533177,0.0,,,0.25336783,0.0266,0.88,5343.0
Kepler-1515 b,Kepler-1515,2016,Transit,214.3114164,0.0,,,0.85199393,0.208,1.3,6511.0
TOI-5616 b,TOI-5616,2024,Transit,2.002849,0.0,,,0.961,1.96332356,0.666,3996.0
Kepler-1723 b,Kepler-1723,2021,Transit,39.75289917,0.0,,,0.25697838,0.0272,0.96,6072.0
Kepler-990 c,Kepler-990,2016,Transit,0.538354308,0.0,,,0.13649746,0.0093,1.05,5948.0
TOI-4504 c,TOI-4504,2024,Transit,82.97213,0.032,0.0016,-0.0014,0.99,3.7672,0.89,5315.0
Kepler-386 c,Kepler-386,2014,Transit,25.193458,0.0,,,0.141,0.00982,0.825,5178.0
omi UMa b,omi UMa,2012,Radial Velocity,1569.81,0.149,0.044,-0.079,1.16,3.651,2.72,5075.0
Kepler-1993 b,Kepler-1993,2023,Transit,26.6565737,0.0,,,0.37023884,0.0506,1.373,5159.0
Kepler-795 b,Kepler-795,2016,Transit,29.6193421,0.0,,,0.14987956,0.0109,0.94,5631.0
Kepler-207 b,Kepler-207,2014,Transit,1.611865,0.0,,,0.14,0.00972,1.313,5920.0
Kepler-163 b,Kepler-163,2014,Transit,7.810937,0.0,,,0.094,0.00364,0.882,5776.0
HD 149026 b,HD 149026,2005,Radial Velocity,2.87589,0.0,,,0.74,0.38,1.42,6179.0
GJ 9689 b,GJ 9689,2020,Radial Velocity,18.27,0.29,0.11,-0.13,0.274,0.0303623,0.59,3836.0
GJ 179 b,GJ 179,2009,Radial Velocity,2288.0,0.21,0.08,-0.08,1.23,0.95,0.357,3370.0
Kepler-1987 c,Kepler-1987,2023,Transit,3.64830183,0.0,,,0.11865486,0.00733,0.799,4769.0
HATS-42 b,HATS-42,2018,Transit,2.292102,0.229,,,1.4,1.88,1.273,6060.0
Kepler-169 d,Kepler-169,2014,Transit,8.348125,0.0,,,0.112,0.0066,0.825,4997.0
Kepler-875 b,Kepler-875,2016,Transit,27.5073799,0.0,,,0.25872067,0.0275,1.06,5958.0
Kepler-653 c,Kepler-653,2016,Transit,0.900376476,0.0,,,0.06958694,0.00126,1.02,5665.0
Kepler-191 d,Kepler-191,2016,Transit,5.945041017,0.0,,,0.20340798,0.0183,0.84,5215.0
Kepler-400 b,Kepler-400,2014,Transit,9.024389,0.0,,,0.147,0.0106,1.08,5886.0
Kepler-1881 b,Kepler-1881,2021,Transit,159.3939972,0.0,,,0.26595138,0.0289,0.812,5135.0
TOI-329 b,TOI-329,2024,Transit,5.70439,0.39,0.033,-0.033,0.44076962,0.12711262,1.0678,5614.0
Kepler-308 c,Kepler-308,2014,Transit,15.38231,0.0,,,0.193,0.0167,0.92,5895.0
TOI-5788 b,TOI-5788,2026,Transit,6.340758,0.061,0.066,-0.042,0.13631926,0.01170443,0.87,5615.0
TrES-4 b,TrES-4,2007,Transit,3.55395,0.0,,,1.61,0.78,1.08,6200.0
TOI-1753 b,TOI-1753,2024,Transit,5.3846104,0.0,,,0.2211196,0.05222944,0.9483,5621.0
BD-08 2823 c,BD-08 2823,2009,Radial Velocity,237.6,0.19,0.09,-0.09,1.11,0.33,0.74,4746.0
BD-14 3065 b,BD-14 3065 A,2024,Transit,4.2889731,0.066,0.0098,-0.011,1.926,12.37,1.41,6935.0
HD 154857 c,HD 154857,2014,Radial Velocity,3452.0,0.06,0.05,-0.05,1.18,2.58,1.718,5605.0
HD 152079 b,HD 152079,2009,Radial Velocity,2918.92,0.532,0.015,-0.016,1.18,2.661,1.147,5907.0
Kepler-348 c,Kepler-348,2014,Transit,17.265427,0.0,,,0.119,0.00733,1.189,6177.0
Kepler-592 b,Kepler-592,2016,Transit,2.820192408,0.0,,,0.21322152,0.0198,1.04,5913.0
Kepler-1542 d,Kepler-1542,2016,Transit,5.99273738,0.0,,,0.0776162,0.00186,0.94,5564.0
Kepler-222 b,Kepler-222,2014,Transit,3.936981,0.0,,,0.282,0.0319,0.933,5433.0
Qatar-10 b,Qatar-10,2019,Transit,1.645321,0.0,,,1.543,0.736,1.156,6124.0
Kepler-1213 b,Kepler-1213,2016,Transit,5.34982412,0.0,,,0.10616469,0.0057,1.14,6050.0
Kepler-29 c,Kepler-29,2011,Transit,13.28613,0.0,,,0.20876082,0.01415851,0.761,5378.0
HD 86226 b,HD 86226,2009,Radial Velocity,1628.0,0.059,0.062,-0.039,1.28,0.45,1.019,5863.0
Kepler-554 b,Kepler-554,2016,Transit,1.902208556,0.0,,,0.38272816,0.0535,0.93,5447.0
Kepler-506 b,Kepler-506,2016,Transit,6.8834055,0.0,,,0.24355429,0.0249,1.19,6236.0
Kepler-1823 b,Kepler-1823,2021,Transit,21.10339928,0.0,,,0.18611209,0.0157,1.068,6000.0
Kepler-237 c,Kepler-237,2014,Transit,8.103636,0.0,,,0.186,0.0157,0.696,4861.0
Kepler-208 e,Kepler-208,2014,Transit,16.259458,0.0,,,0.132,0.00879,1.082,6092.0
HAT-P-5 b,HAT-P-5,2007,Transit,2.78849,0.0,,,1.21,0.98,1.04,5960.0
Kepler-254 c,Kepler-254,2014,Transit,12.412183,0.0,,,0.192,0.01,0.849,5957.0
Kepler-1287 b,Kepler-1287,2016,Transit,11.47685909,0.0,,,0.1373896,0.0094,0.96,5715.0
Kepler-337 c,Kepler-337,2014,Transit,9.693201,0.0,,,0.183,0.0153,1.081,5684.0
Kepler-1506 b,Kepler-1506,2016,Transit,14.0329154,0.0,,,0.11776251,0.00724,0.95,5676.0
TOI-3457 b,TOI-3457,2026,Transit,32.600268,0.59,,,0.949,2.51,1.04,6300.0
Kepler-1830 b,Kepler-1830,2021,Transit,56.49330139,0.0,,,0.29707691,0.0348,1.443,6160.0
7 CMa b,7 CMa,2011,Radial Velocity,735.1,0.06,0.03,-0.03,1.2,1.85,1.34,4826.0
Kepler-1390 b,Kepler-1390,2016,Transit,6.48021673,0.0,,,0.10527255,0.00553,0.98,5753.0
Kepler-913 b,Kepler-913,2016,Transit,10.29672521,0.0,,,0.18378089,0.0154,0.63,4687.0
Kepler-350 d,Kepler-350,2013,Transit,26.136,0.0,,,0.25,0.047,1.0,6492.3
K2-19 c,K2-19,2015,Transit,11.906,0.1,0.07,-0.05,0.36577813,0.03460987,0.88,5322.0
TOI-3160 A b,TOI-3160 A,2025,Transit,3.971281,0.18,,,1.228,1.19,1.088,6190.0
HAT-P-45 b,HAT-P-45,2014,Transit,3.128992,0.049,0.063,-0.063,1.426,0.892,1.259,6330.0
TOI-622 b,TOI-622,2023,Transit,6.402513,0.42,,,0.824,0.303,1.313,6400.0
HATS-59 c,HATS-59,2018,Radial Velocity,1422.0,0.083,,,1.1,12.7,1.038,5670.0
Kepler-1333 b,Kepler-1333,2016,Transit,109.6471842,0.0,,,0.25069141,0.0261,0.94,5628.0
Kepler-1605 b,Kepler-1605,2016,Transit,85.7565495,0.0,,,0.09635115,0.00403,0.86,5280.0
Kepler-1913 b,Kepler-1913,2021,Transit,14.1960001,0.0,,,0.13547357,0.00918,1.169,6214.0
Kepler-1465 b,Kepler-1465,2016,Transit,31.8277111,0.0,,,0.15790882,0.0119,0.75,4726.0
Kepler-16 b,Kepler-16,2011,Transit,228.776,0.0069,0.001,-0.0015,0.7538,0.333,0.6897,4450.0
55 Cnc f,55 Cnc,2007,Radial Velocity,260.58,0.063,0.048,-0.043,0.677,0.141,1.015,5198.0
K2-21 b,K2-21,2015,Transit,9.325038,0.1,0.148654,-0.084698,0.1641538,0.0127,0.676023,4222.06
Kepler-1918 b,Kepler-1918,2021,Transit,47.0564003,0.0,,,0.20498119,0.0185,0.967,5889.0
Kepler-577 b,Kepler-577,2016,Transit,25.69578251,0.0,,,0.22749576,0.0221,0.78,4984.0
Kepler-1120 b,Kepler-1120,2016,Transit,2.949029052,0.0,,,0.12311535,0.0078,0.78,4904.0
LP 791-18 c,LP 791-18,2019,Transit,4.98991,0.0001,0.0001,-0.0001,0.22196488,0.02252788,0.139,2960.0
Kepler-953 b,Kepler-953,2016,Transit,88.40655258,0.0,,,0.37559104,0.0519,0.95,5416.0
Kepler-149 b,Kepler-149,2014,Transit,29.198943,0.0,,,0.376,0.0519,1.013,5381.0
HD 124330 b,HD 124330,2021,Radial Velocity,270.66,0.34,0.05,-0.05,1.25,0.75,1.15,5873.0
KELT-23 A b,KELT-23 A,2019,Transit,2.255251,0.0,,,1.323,0.938,0.944,5899.0
Kepler-871 b,Kepler-871,2016,Transit,22.0459018,0.0,,,0.33366045,0.0424,1.11,5993.0
WASP-89 b,WASP-89,2015,Transit,3.3564227,0.193,0.009,-0.009,1.04,5.9,0.92,5130.0
Kepler-385 c,Kepler-385,2014,Transit,15.163161,0.0,,,0.271,0.042,0.992,6326.0
Kepler-942 b,Kepler-942,2016,Transit,44.96417488,0.0,,,0.19002587,0.0163,0.81,4861.0
WASP-55 b,WASP-55,2012,Transit,4.465631,0.0,,,1.314,0.586,1.071,6096.0
Kepler-1966 b,Kepler-1966,2021,Transit,8.617429733,0.0,,,0.09856322,0.00437,0.797,5009.0
Kepler-212 c,Kepler-212,2014,Transit,31.805174,0.0,,,0.244,0.025,1.166,5852.0
K2-285 e,K2-285,2018,Transit,14.76289,0.0,,,0.17396735,0.0336658,0.83,4975.0
K2-91 b,K2-91,2016,Transit,1.419549,0.09,0.168399,-0.072789,0.09813543,0.0043,0.292,3622.0
K2-329 b,K2-329,2020,Transit,12.4551225,0.0697,0.041,-0.04,0.774,0.26,0.901,5282.0
Kepler-819 b,Kepler-819,2016,Transit,33.1995648,0.0,,,0.24623071,0.0253,0.86,5279.0
DMPP-1 e,DMPP-1,2019,Radial Velocity,5.516,0.07,,,0.166,0.01299437,1.21,6196.0
HD 11505 b,HD 11505,2022,Radial Velocity,32669.22247,0.144,0.011,-0.056,1.12,7.899,1.03,5757.15
WASP-45 b,WASP-45,2011,Transit,3.126089,0.0,,,0.946,0.964,0.85,5150.0
75 Cet c,75 Cet,2023,Radial Velocity,2051.62,0.023,0.191,-0.003,1.24,0.912,1.92,4809.0
Kepler-195 b,Kepler-195,2014,Transit,8.307872,0.0,,,0.181,0.015,0.867,5329.0
TOI-1136 g,TOI-1136,2022,Transit,39.545,0.04,0.01,-0.01,0.22571187,0.01761957,1.022,5770.0
K2-83 c,K2-83,2016,Transit,9.99767,0.06,0.143856,-0.052509,0.1323044,0.00882,0.484,3910.0
Kepler-994 b,Kepler-994,2016,Transit,1.151166506,0.0,,,0.14274244,0.01,0.56,3934.0
Kepler-548 b,Kepler-548,2016,Transit,4.454194338,0.0,,,1.06967615,,0.93,5535.0
KELT-21 b,KELT-21,2018,Transit,3.6127647,0.0,,,1.586,3.91,1.458,7598.0
TOI-270 d,TOI-270,2019,Transit,11.38194,0.0066,0.002,-0.002,0.17842836,0.01321468,0.386,3506.0
GJ 9404 b,GJ 9404,2023,Radial Velocity,13.4586,0.49,0.11,-0.13,0.31,0.03744159,0.62,3811.0
Kepler-376 b,Kepler-376,2014,Transit,4.920199,0.0,,,0.095,0.0039,0.968,5900.0
Kepler-1517 b,Kepler-1517,2016,Transit,5.546083665,0.0,,,0.87072888,0.216,1.58,7010.0
Kepler-1876 b,Kepler-1876,2021,Transit,6.99205,0.098,,,0.07609969,0.00755124,1.187,6104.0
K2-226 b,K2-226,2018,Transit,3.27109,0.22,0.37,-0.16,0.1373,0.00939,0.856,5288.0
TOI-4860 b,TOI-4860,2023,Transit,1.5227591,0.008,0.013,-0.006,0.77,0.273,0.34,3260.0
HD 203387 b,HD 203387,2022,Radial Velocity,512.5352,0.732,0.049,-0.049,1.17,3.48,2.817,5174.32
Kepler-199 b,Kepler-199,2014,Transit,23.637604,0.0,,,0.277,0.031,0.96,5644.0
WASP-42 b,WASP-42,2012,Transit,4.9816819,0.062,0.013,-0.011,1.122,0.527,0.951,5315.0
HD 6061 b,HD 6061,2023,Transit,5.2549,0.0,,,0.21657951,0.03146352,1.0269,5934.0
Kepler-248 c,Kepler-248,2014,Transit,16.239494,0.0,,,0.363,0.049,0.838,5190.0
HD 13189 b,HD 13189,2005,Radial Velocity,471.60001,0.27,0.06,-0.06,1.11,10.95,2.24,4175.0
HD 1461 b,HD 1461,2010,Radial Velocity,5.77152,0.172,,,0.216,0.0202624,1.02,5765.0
TOI-5232 b,TOI-5232,2024,Transit,4.0966692,0.035,0.034,-0.024,1.14,2.34,1.389,6500.0
HD 133131 A c,HD 133131 A,2016,Radial Velocity,3568.0,0.49,0.22,-0.22,1.28,0.42,0.95,5799.0
TOI-333 b,TOI-333,2025,Transit,3.7852503,0.0,,,0.3800524,0.06324167,1.2,6241.0
HD 285507 b,HD 285507,2013,Radial Velocity,6.0881,0.09,0.02,-0.02,1.23,0.98,0.82,4503.0
Kepler-1319 b,Kepler-1319,2016,Transit,2.886762645,0.33,0.07,-0.08,0.11954679,0.00742,0.56,3655.0
Kepler-1047 b,Kepler-1047,2016,Transit,56.1886887,0.0,,,0.18645731,0.0158,1.08,5754.0
KOI-1833 d,Kepler-968,2021,Transit,7.685,0.0,,,0.23017258,0.0346728,0.681,4413.0
HD 16905 b,HD 16905,2022,Radial Velocity,10256.0,0.68,0.02,-0.01,1.11,11.3,0.85,4866.12
Kepler-1711 b,Kepler-1711,2021,Transit,21.06080055,0.0,,,0.17155886,0.0137,0.94,5706.0
Kepler-734 b,Kepler-734,2016,Transit,6.104852856,0.0,,,0.31760193,0.039,0.85,5326.0
Kepler-521 b,Kepler-521,2016,Transit,22.20813214,0.0,,,0.2837006,0.0322,1.34,6406.0
HD 104067 c,HD 104067,2024,Radial Velocity,13.8992,0.29,0.12,-0.13,0.33,0.04153184,0.82,4952.0
TOI-150.01,TOI-150,2019,Transit,5.857487,0.262,0.045,-0.037,1.255,2.51,1.351,6255.0
Kepler-514 b,Kepler-514,2016,Transit,5.65179605,0.0,,,0.15344812,0.0113,1.28,6106.0
Kepler-358 c,Kepler-358,2014,Transit,83.488369,0.0,,,0.254,0.0267,0.94,5908.0
Kepler-1377 b,Kepler-1377,2016,Transit,0.740928422,0.0,,,0.11151753,0.0066,0.86,5218.0
Kepler-1720 b,Kepler-1720,2021,Transit,12.70639992,0.0,,,0.28689968,0.0328,0.939,5573.0
Kepler-665 b,Kepler-665,2016,Transit,16.01310205,0.0,,,0.23195646,0.0229,0.79,4913.0
TOI-332 b,TOI-332,2023,Transit,0.777038,0.0,,,0.28548537,0.17997133,0.88,5251.0
K2-43 b,K2-43,2016,Transit,3.471149,0.07,0.149039,-0.057685,0.40235525,0.0583,0.571,3840.6
Kepler-223 e,Kepler-223,2014,Transit,19.72567,0.051,0.019,-0.019,0.41038451,0.01510241,1.125,5803.0
Kepler-1069 b,Kepler-1069,2016,Transit,23.8990296,0.0,,,0.14274244,0.01,0.99,5722.0
WASP-91 b,WASP-91,2017,Transit,2.798581,0.0,,,1.03,1.34,0.84,4920.0
Kepler-68 c,Kepler-68,2013,Transit,9.605027,0.099,,,0.08734068,0.00409026,1.057,5847.0
TOI-5301 b,TOI-5301,2024,Transit,5.858858,0.33,0.11,-0.1,1.168,3.72,1.483,6240.0
Kepler-253 d,Kepler-253,2014,Transit,18.119869,0.0,,,0.283,0.032,0.86,5208.0
TOI-500 e,TOI-500,2022,Radial Velocity,61.3,0.073,0.068,-0.051,0.356,0.0473526,0.74,4440.0
Kepler-1651 b,Kepler-1651,2017,Transit,9.87863917,0.13,0.06,-0.03,0.1641538,0.0127,0.522,3713.0
L 98-59 e,L 98-59,2021,Radial Velocity,12.8278,0.012,0.009,-0.008,0.133,0.00887271,0.2923,3415.0
TOI-2096 c,TOI-2096,2023,Transit,6.38784,0.1,0.17,-0.06,0.17075594,0.0136,0.231,3300.0
NGTS-11 b,NGTS-11,2020,Transit,35.45533,0.13,0.1,-0.09,0.817,0.344,0.862,5050.0
Kepler-369 b,Kepler-369,2014,Transit,2.732756,0.0,,,0.101,0.00474,0.5,3591.0
HD 183579 b,HD 183579,2021,Transit,17.471291,0.061,0.061,-0.042,0.31135748,0.06418558,0.996,5784.0
Kepler-657 b,Kepler-657,2016,Transit,24.54350418,0.0,,,0.31403337,0.0383,1.01,5808.0
Kepler-240 c,Kepler-240,2014,Transit,7.953528,0.0,,,0.196,0.322,0.868,4985.0
Kepler-403 c,Kepler-403,2014,Transit,54.280749,0.0,,,0.156,0.0117,1.299,6090.0
HD 219666 b,HD 219666,2018,Transit,6.034468,0.05,0.04,-0.04,0.437,0.055,1.02,5540.0
HAT-P-34 b,HAT-P-34,2011,Transit,5.452654,0.432,0.029,-0.027,1.197,3.33,1.392,6442.0
HD 170469 b,HD 170469,2007,Radial Velocity,1145.0,0.11,0.08,-0.08,1.25,0.66,1.1,5842.0
Kepler-292 b,Kepler-292,2014,Transit,2.580827,0.0,,,0.118,0.00724,0.865,5299.0
Kepler-769 b,Kepler-769,2016,Transit,7.42608998,0.0,,,0.26050495,0.0279,1.19,6186.0
BD+15 2375 b,BD+15 2375,2016,Radial Velocity,153.22,0.001,0.25,-0.001,1.23,1.061,1.08,4649.0
Kepler-1331 b,Kepler-1331,2016,Transit,0.789161653,0.0,,,0.09367473,0.00364,0.72,4508.0
Kepler-1369 b,Kepler-1369,2016,Transit,25.873148,0.0,,,0.23998573,0.0242,0.99,5761.0
HD 142245 b,HD 142245,2011,Radial Velocity,1299.0,0.0,,,1.17,3.07,3.5,4922.0
HD 4203 c,HD 4203,2014,Radial Velocity,6700.0,0.24,0.13,-0.13,1.19,2.17,0.99,5582.0
Kepler-1136 b,Kepler-1136,2016,Transit,2.361724329,0.0,,,0.146311,0.0105,0.72,4512.0
Kepler-289 e,Kepler-289,2025,Transit,330.0716,0.0,,,0.26228968,0.05474652,1.061,5990.0
HATS-33 b,HATS-33,2016,Transit,2.5495551,0.08,,,1.23,1.192,1.062,5659.0
Kepler-539 b,Kepler-539,2016,Transit,125.63243,0.39,,,0.747,0.97,1.048,5820.0
Kepler-80 d,Kepler-80,2014,Transit,3.07222,0.0041,0.0037,-0.0028,0.13649746,0.02123777,0.73,4540.0
pi Men d,HD 39091,2022,Radial Velocity,124.64,0.22,0.079,-0.079,0.332,0.04209819,1.07,5998.0
Kepler-1504 b,Kepler-1504,2016,Transit,82.304003,0.0,,,0.19002587,0.0163,0.85,5393.0
HD 206255 b,HD 206255,2019,Radial Velocity,96.045,0.23,0.11,-0.11,0.577,0.10760469,1.42,5635.0
HD 38283 b,HD 38283,2010,Radial Velocity,363.20001,0.41,0.16,-0.16,1.25,0.4,1.37,5981.0
Kepler-341 b,Kepler-341,2014,Transit,5.195528,0.0,,,0.105,0.00553,0.976,6012.0
Kepler-676 b,Kepler-676,2016,Transit,11.59822172,0.0,,,0.27121063,0.0298,0.51,3701.0
K2-199 b,K2-199,2018,Transit,3.2253993,0.02,0.03,-0.02,0.15434053,0.02170983,0.711,4491.0
Kepler-598 c,Kepler-598,2020,Transit,86.4945,0.0,,,0.26980189,0.0296,0.9,5245.0
Kepler-25 b,Kepler-25,2011,Transit,6.238297,0.0029,0.0023,-0.0017,0.24516014,0.0275,1.165,6354.0
Kepler-1669 b,Kepler-1669,2020,Transit,9.51216,0.0,,,0.24805408,0.0256,0.67,4303.0
Kepler-284 c,Kepler-284,2014,Transit,37.514456,0.0,,,0.233,0.023,0.766,5615.0
HD 55696 b,HD 55696,2018,Radial Velocity,1827.0,0.705,0.022,-0.022,1.16,4.27,1.29,6012.0
24 Sex b,24 Sex,2010,Radial Velocity,452.8,0.09,0.14,-0.06,1.19,1.99,1.54,5098.0
Kepler-895 b,Kepler-895,2016,Transit,2.806242328,0.0,,,0.1373896,0.0094,0.65,4315.0
Kepler-288 d,Kepler-288,2014,Transit,56.633742,0.0,,,0.238,0.0239,0.842,5918.0
Kepler-787 b,Kepler-787,2016,Transit,0.928310498,0.0,,,0.11419395,0.00687,0.65,4248.0
Kepler-295 c,Kepler-295,2014,Transit,21.526258,0.0,,,0.104,0.00537,0.89,5603.0
HD 8673 b,HD 8673,2009,Radial Velocity,1644.69097,0.73,0.042,-0.026,1.1,13.248,1.28,6389.05
Kepler-646 b,Kepler-646,2016,Transit,15.87364565,0.0,,,0.17753591,0.0145,0.93,5634.0
WASP-150 b,WASP-150,2020,Transit,5.644207,0.3775,0.0038,-0.0029,1.07,8.46,1.394,6218.0
TOI-2134 c,TOI-2134,2023,Transit,95.85284,0.3125,0.01,-0.01,0.65572421,0.18343231,0.744,4580.0
TOI-4010 e,TOI-4010,2023,Radial Velocity,762.0,0.26,0.04,-0.04,1.19,2.17727549,0.88,4960.0
Kepler-230 b,Kepler-230,2014,Transit,32.625555,0.0,,,0.38,0.0529,0.784,5588.0
HD 11506 b,HD 11506,2007,Radial Velocity,1617.7,0.379,0.009,-0.009,1.15,4.88,1.22,6123.0
Kepler-1880 b,Kepler-1880,2021,Transit,6.309219837,0.0,,,0.18885412,0.0161,0.524,4380.0
HD 9174 b,HD 9174,2016,Radial Velocity,1179.0,0.12,0.05,-0.05,1.23,1.11,1.03,5577.0
Kepler-149 d,Kepler-149,2014,Transit,160.018032,0.0,,,0.353,0.0467,1.013,5381.0
Kepler-523 b,Kepler-523,2016,Transit,5.835983111,0.0,,,0.17485949,0.0142,0.93,5515.0
GJ 724 b,GJ 724,2023,Radial Velocity,5.101284,0.577,0.055,-0.052,0.292,0.03382328,0.5271,3799.0
TOI-1994 b,TOI-1994,2024,Transit,4.0337142,0.341,0.054,-0.059,1.22,22.1,1.86,7700.0
TOI-3682 b,TOI-3682,2025,Transit,3.3462406,0.22,,,1.142,0.218,1.32,5703.0
GJ 667 C f,GJ 667 C,2013,Radial Velocity,39.026,0.03,0.16,-0.03,0.129,0.008,0.33,3350.0
Kepler-896 c,Kepler-896,2023,Transit,29.5422566,0.0,,,0.28102466,0.0317,0.877,5510.0
HD 34445 c,HD 34445,2017,Radial Velocity,214.67,0.036,0.071,-0.036,0.752,0.168,1.07,5836.0
TOI-1842 b,TOI-1842,2021,Transit,9.5739181,0.276,0.064,-0.064,1.10166148,0.28128386,1.4643,6039.0
Kepler-385 b,Kepler-385,2014,Transit,10.043686,0.0,,,0.244,0.04,0.992,6326.0
TOI-4588 b,TOI-4588,2026,Transit,13.11881173651,0.0,,,0.26132845,0.028,2.018,7746.12
Kepler-1715 b,Kepler-1715,2021,Transit,35.59730148,0.0,,,0.36938441,0.0504,1.082,6212.0
HD 151450 c,HD 151450,2022,Radial Velocity,18144.76236,0.138,0.108,-0.08,1.15,5.148,1.14,6091.98
Kepler-1885 b,Kepler-1885,2021,Transit,2.522559881,0.0,,,0.13481204,0.0091,0.977,5591.0
HD 27631 b,HD 27631,2012,Radial Velocity,2198.14,0.141,0.062,-0.065,1.21,1.56,0.944,5737.0
Kepler-635 b,Kepler-635,2016,Transit,23.44971004,0.0,,,0.23552502,0.0235,1.33,6174.0
TOI-1803 c,TOI-1803,2025,Transit,12.885779,0.0,,,0.38272882,0.02517081,0.756,4687.0
HD 204313 c,HD 204313,2015,Radial Velocity,34.95875,0.059,0.051,-0.041,0.385,0.054,1.03,5767.0
HD 141399 b,HD 141399,2014,Radial Velocity,94.44,0.04,0.02,-0.02,1.28,0.451,1.07,5600.0
Kepler-83 d,Kepler-83,2014,Transit,5.169796,0.0,,,0.173,0.01290004,0.58,4648.0
Kepler-31 c,Kepler-31,2011,Transit,42.6318,0.0,,,0.473,4.7,1.21,6340.0
Kepler-143 c,Kepler-143,2014,Transit,27.082511,0.0,,,0.301,0.0355,0.982,5848.0
HD 108341 b,HD 108341,2014,Radial Velocity,1129.0,0.85,0.09,-0.08,1.19,2.25,0.843,5122.0
Kepler-1116 b,Kepler-1116,2016,Transit,41.6977827,0.0,,,0.22660362,0.022,0.95,5641.0
ups Leo b,ups Leo,2021,Radial Velocity,385.2,0.32,0.134,-0.218,1.27,0.51,1.48,4836.0
Kepler-342 b,Kepler-342,2014,Transit,15.170318,0.0,,,0.201,0.0179,1.213,6175.0
Kepler-58 c,Kepler-58,2012,Transit,15.5741568,0.0,,,0.255,0.16675665,0.95,5843.0
HD 238914 b,HD 238914,2018,Radial Velocity,4100.0,0.56,0.07,-0.05,1.14,6.0,1.47,4769.0
TOI-500 b,TOI-500,2022,Transit,0.548177,0.063,0.073,-0.044,0.10402373,0.00446782,0.74,4440.0
TOI-3693 b,TOI-3693,2022,Transit,9.088516,0.0,0.048,-0.052,1.124,1.02,0.867,5321.0
TOI-2537 c,TOI-2537,2024,Radial Velocity,1920.0,0.287,0.06,-0.052,1.13,7.23,0.771,4870.0
Kepler-622 b,Kepler-622,2016,Transit,14.28226676,0.0,,,0.19002587,0.0163,0.64,4201.0
TOI-1408 c,TOI-1408,2024,Transit Timing Variations,2.1664,0.1353,0.0001,-0.0001,0.19805548,0.02391227,1.312,6117.0
Kepler-227 c,Kepler-227,2014,Transit,54.418694,0.0,,,0.271,0.0298,0.954,5854.0
HD 165131 b,HD 165131,2023,Radial Velocity,2342.6,0.6708,0.0019,-0.0019,1.08,18.7,1.06,5870.0
HIP 86221 b,HIP 86221,2021,Radial Velocity,2.224,0.086,,,1.25,0.71,0.79,
Kepler-1268 b,Kepler-1268,2016,Transit,40.9903986,0.0,,,0.18110447,0.015,1.06,5904.0
Kepler-44 b,Kepler-44,2011,Transit,3.2467293,0.066,,,1.09,1.0,1.12,5800.0
Kepler-1535 b,Kepler-1535,2016,Transit,138.9442,0.0,,,0.22749576,0.0221,1.08,6021.0
K2-266 c,K2-266,2018,Transit,7.814,0.042,0.043,-0.03,0.06289589,0.00091285,0.686,4285.0
Kepler-1460 b,Kepler-1460,2016,Transit,29.9633247,0.0,,,0.17485949,0.0142,0.7,4422.0
TOI-2346 b,TOI-2346,2025,Transit,3.3312029,0.086,,,1.438,1.24,1.271,6480.0
Kepler-260 c,Kepler-260,2014,Transit,76.050178,0.0,,,0.155,0.0116,1.013,5250.0
Kepler-41 b,Kepler-41,2011,Transit,1.8555582,0.0,,,1.29,0.56,1.15,5750.0
Kepler-94 c,Kepler-94,2014,Radial Velocity,820.3,0.345931,0.000239,-0.000239,1.11,9.836,0.81,4781.0
HAT-P-37 b,HAT-P-37,2011,Transit,2.797436,0.058,0.038,-0.038,1.178,1.169,0.929,5500.0
WASP-103 b,WASP-103,2014,Transit,0.925542,0.0,,,1.528,1.49,1.22,6110.0
Kepler-478 b,Kepler-478,2016,Transit,13.2217576,0.0,,,0.24177001,0.0245,0.85,5210.0
Kepler-1015 b,Kepler-1015,2016,Transit,16.00494214,0.0,,,0.31670979,0.0388,1.49,6769.0
Kepler-1789 b,Kepler-1789,2021,Transit,80.23190308,0.0,,,0.2525988,0.0264,0.92,5436.0
TOI-6564 b,TOI-6564,2026,Transit,3.985413,0.0,,,1.463,0.699,1.18,5943.0
HD 133131 B b,HD 133131 B,2016,Radial Velocity,5769.0,0.61,0.04,-0.04,1.18,2.5,0.93,5805.0
GJ 2030 b,GJ 2030,2022,Radial Velocity,2.38129,0.239,0.075,-0.058,0.181,0.015,0.96,5485.0
Kepler-19 c,Kepler-19,2011,Transit Timing Variations,28.731,0.21,0.05,-0.07,0.328,0.041217,0.936,5544.0
HD 79181 b,HD 79181,2021,Radial Velocity,273.1,0.259,0.067,-0.206,1.26,0.64,1.28,4862.0
HD 85390 b,HD 85390,2011,Radial Velocity,799.52,0.5,0.05,-0.05,0.55,0.099,0.758,5186.0
Kepler-1727 b,Kepler-1727,2021,Transit,9.029299736,0.0,,,0.28309588,0.0321,0.824,5349.0
TOI-1238 c,TOI-1238,2022,Transit,3.294736,0.15,,,0.18824192,0.02617765,0.59,4089.0
Kapteyn c,Kapteyn,2014,Radial Velocity,121.54,0.23,0.1,-0.12,0.227,0.022,0.281,3550.0
Kepler-1218 b,Kepler-1218,2016,Transit,22.9221266,0.0,,,0.1284682,0.00839,1.06,5986.0
HD 27894 d,HD 27894,2017,Radial Velocity,5019.54244,0.343,0.031,-0.026,1.13,6.493,0.81,4875.0
Kepler-1541 b,Kepler-1541,2016,Transit,8.40691199,0.0,,,0.10348827,0.00521,0.86,5282.0
Kepler-531 b,Kepler-531,2016,Transit,29.88485741,0.0,,,0.24801499,0.0256,0.78,4893.0
TOI-700 e,TOI-700,2023,Transit,27.80978,0.059,0.057,-0.042,0.08502111,0.00257,0.415,3459.0
Kepler-727 b,Kepler-727,2016,Transit,5.154484417,0.0,,,0.22571148,0.0218,0.89,5441.0
KELT-3 b,KELT-3,2013,Transit,2.70339,0.0,,,1.56,1.94,1.96,6304.0
Kepler-892 b,Kepler-892,2016,Transit,13.7521072,0.0,,,0.25069141,0.0261,0.75,4747.0
Kepler-1891 b,Kepler-1891,2021,Transit,4.02229023,0.0,,,0.1357297,0.00921,0.873,5516.0
TOI-201 d,TOI-201,2026,Transit,5.84889,0.3,0.1,-0.1,0.12400771,0.01824884,1.32,6423.0
Kepler-876 b,Kepler-876,2016,Transit,5.14438011,0.0,,,0.12757605,0.00829,0.81,5060.0
HD 81040 b,HD 81040,2005,Radial Velocity,1002.7,0.525,0.024,-0.026,1.13,7.24,0.99,5755.0
Kepler-1456 b,Kepler-1456,2016,Transit,18.1373829,0.0,,,0.10170399,0.00489,0.64,4231.0
GJ 1252 b,GJ 1252,2020,Transit,0.5182331,0.0,,,0.10643251,0.00415318,0.381,3458.0
Kepler-357 b,Kepler-357,2014,Transit,6.475434,0.0,,,0.164,0.0127,0.794,5036.0
Kepler-224 b,Kepler-224,2014,Transit,3.132924,0.0,,,0.124,0.0079,0.777,5018.0
Kepler-1366 b,Kepler-1366,2016,Transit,2.164570968,0.0,,,0.12757605,0.00829,0.62,4070.0
Kepler-23 d,Kepler-23,2014,Transit,15.27,0.01,0.014,-0.008,0.19680648,0.0139698,1.078,5828.0
LHS 475 b,LHS 475,2023,Transit,2.029088,0.0,,,0.08841125,0.00296,0.262,3300.0
Kepler-1510 b,Kepler-1510,2016,Transit,84.703921,0.0,,,0.29975912,0.0354,1.19,6200.0
TOI-2196 b,TOI-2196,2022,Transit,1.1947268,0.0,,,0.31314176,0.08180515,1.032,5634.0
Kepler-1814 b,Kepler-1814,2021,Transit,2.935359955,0.0,,,0.21140313,0.0195,0.79,4922.0
HD 66428 b,HD 66428,2005,Radial Velocity,2269.81726,0.471,0.012,-0.012,1.11,10.946,1.01,5716.0
HIP 8923 b,HIP 8923,2026,Radial Velocity,5160.0,0.011,0.032,-0.011,1.11,9.98,1.01,5980.0
TOI-1411 b,TOI-1411,2022,Transit,1.4520527,0.0,,,0.10695049,0.0062927,0.6045,4115.0
Kepler-1004 b,Kepler-1004,2016,Transit,5.28789787,0.0,,,0.56026407,0.102,1.11,4972.0
TYC 4282-00605-1 b,TYC 4282-00605-1,2017,Radial Velocity,101.54,0.28,0.01,-0.01,1.11,10.78,0.97,4300.0
Kepler-785 b,Kepler-785,2016,Transit,1.973760926,0.0,,,1.1615666,,0.77,4739.0
Kepler-165 c,Kepler-165,2014,Transit,15.31299,0.0,,,0.199,0.0176,0.746,5211.0
Kepler-1500 b,Kepler-1500,2016,Transit,15.0330105,0.0,,,0.10705683,0.00588,1.0,5845.0
Kepler-1911 b,Kepler-1911,2021,Transit,5.990799904,0.0,,,0.09019553,0.00318,0.954,5721.0
Kepler-371 b,Kepler-371,2014,Transit,34.763278,0.0,,,0.169,0.0133,0.876,5666.0
TOI-3023 b,TOI-3023,2023,Transit,3.9014971,0.0,,,1.466,0.62,1.12,5760.0
Kepler-46 d,Kepler-46,2014,Transit,6.766589,0.0,,,0.146,0.0105,0.883,5309.0
HD 13167 b,HD 13167,2018,Radial Velocity,2613.0,0.563,0.033,-0.033,1.17,3.31,1.35,5671.0
HD 148164 c,HD 148164,2018,Radial Velocity,5062.0,0.125,0.017,-0.017,1.15,5.16,1.21,6032.0
HD 207832 b,HD 207832,2012,Radial Velocity,160.07,0.197,0.053,-0.053,1.26,0.56,1.05,5726.0
Kepler-1598 b,Kepler-1598,2016,Transit,4.34195123,0.0,,,0.08475332,0.00254,1.07,5940.0
Kepler-256 c,Kepler-256,2014,Transit,3.38802,0.0,,,0.192,0.0166,1.037,5551.0
Kepler-1066 b,Kepler-1066,2016,Transit,1.931559839,0.0,,,0.2105451,0.0194,0.98,5762.0
Kepler-1464 b,Kepler-1464,2016,Transit,31.7785901,0.0,,,0.14809528,0.0107,1.02,5828.0
HD 187085 b,HD 187085,2006,Radial Velocity,1019.74,0.251,0.221,-0.191,1.24,0.836,1.189,6117.0
Kepler-262 c,Kepler-262,2014,Transit,21.853722,0.0,,,0.146,0.0105,0.816,5841.0
TOI-1811 b,TOI-1811,2023,Transit,3.7130765,0.052,0.062,-0.037,0.994,0.972,0.817,4766.0
Kepler-1012 b,Kepler-1012,2016,Transit,5.50860439,0.0,,,0.11508609,0.00696,0.95,5556.0
Kepler-1221 b,Kepler-1221,2016,Transit,12.00096042,0.0,,,0.16772237,0.0132,0.87,5194.0
TIC 393818343 b,TIC 393818343,2024,Transit,16.24921,0.6058,0.0023,-0.0023,1.087,4.34,1.082,5756.0
Kepler-805 b,Kepler-805,2016,Transit,30.8638931,0.0,,,0.25782853,0.0274,1.19,6112.0
Kepler-363 b,Kepler-363,2014,Transit,3.614568,0.0,,,0.103,0.00521,1.226,5593.0
17 Sco b,17 Sco,2020,Radial Velocity,578.38,0.06,0.03,-0.02,1.15,4.32,1.22,4157.0
TOI-733 b,TOI-733,2023,Transit,4.884765,0.046,0.056,-0.033,0.17771464,0.01799713,0.956,5585.0
Kepler-114 d,Kepler-114,2013,Transit,11.776,0.0,,,0.226,0.012,0.56,4660.0
Kepler-264 c,Kepler-264,2014,Transit,140.101261,0.0,,,0.252,0.0264,1.426,6158.0
Kepler-1084 b,Kepler-1084,2016,Transit,2.05333679,0.0,,,0.09902757,0.00444,1.12,6113.0
Kepler-1242 b,Kepler-1242,2016,Transit,13.62798432,0.0,,,0.2016237,0.018,0.77,4895.0
Kepler-319 c,Kepler-319,2014,Transit,6.941357,0.0,,,0.235,0.0233,0.933,5526.0
Kepler-85 d,Kepler-85,2014,Transit,17.91323,0.0,,,0.107,0.02736316,0.947,5436.0
NN Ser c,NN Ser,2010,Eclipse Timing Variations,6987.0,0.089,0.03,-0.03,1.13,7.33,0.535,57000.0
HD 93385 b,HD 93385,2021,Radial Velocity,7.3426,0.295,,,0.168,0.01321468,1.04,5977.0
TOI-2257 b,TOI-2257,2021,Transit,35.189346,0.496,0.216,-0.133,0.19573591,0.0171,0.328,3430.0
Kepler-1802 b,Kepler-1802,2021,Transit,15.45020008,0.0,,,0.14907689,0.0108,0.649,4245.0
TOI-469.01,TOI-469,2021,Transit,13.6308205,0.0,,,0.30422035,0.0286318,0.901,5289.0
Kepler-1437 b,Kepler-1437,2016,Transit,10.9295461,0.0,,,0.12222321,0.00771,0.93,5557.0
TOI-3757 b,TOI-3757,2022,Transit,3.438753,0.14,0.06,-0.06,1.07057014,0.26838381,0.64,3913.0
Kepler-1099 b,Kepler-1099,2016,Transit,2.168452593,0.0,,,0.25247569,0.0264,1.01,5837.0
Kepler-87 b,Kepler-87,2013,Transit,114.73635,0.036,0.009,-0.009,1.204,1.02,1.1,5600.0
TOI-3980 b,TOI-3980,2025,Transit,3.6089254,0.16,,,1.29,0.59,1.24,5840.0
Kepler-330 b,Kepler-330,2014,Transit,8.25978,0.0,,,0.12,0.00752,0.848,5117.0
Kepler-226 c,Kepler-226,2014,Transit,5.349555,0.0,,,0.203,0.142,0.904,5571.0
BD+03 2562 b,BD+03 2562,2017,Radial Velocity,481.9,0.2,0.12,-0.08,1.13,6.4,1.14,4095.0
Kepler-587 b,Kepler-587,2016,Transit,10.94027841,0.0,,,0.19894727,0.0176,0.92,5549.0
Kepler-154 d,Kepler-154,2016,Transit,20.54981883,0.0,,,0.34258185,0.0444,0.98,5769.0
Kepler-279 e,Kepler-279,2025,Transit,98.3531,0.0,,,0.36845456,0.1761957,1.164,6689.45
HD 28192 b,HD 28192,2022,Radial Velocity,14.23283,0.104,0.042,-0.023,1.08,0.314,1.08,5919.87
Kepler-20 g,Kepler-20,2016,Radial Velocity,34.94,0.15,0.01,-0.1,0.42,0.06280087,0.948,5495.0
TYC 3667-1280-1 b,TYC 3667-1280-1,2016,Radial Velocity,26.468,0.036,0.043,-0.014,1.14,5.4,1.87,5130.0
Kepler-215 b,Kepler-215,2014,Transit,9.360672,0.0,,,0.145,0.0102,0.788,5739.0
Kepler-1172 b,Kepler-1172,2016,Transit,26.0204423,0.0,,,0.28548488,0.0325,0.92,5558.0
Kepler-195 c,Kepler-195,2014,Transit,34.096863,0.0,,,0.138,0.00951,0.867,5329.0
HD 190228 b,HD 190228,2022,Radial Velocity,1143.59858,0.559,0.01,-0.01,1.15,5.03,1.415,5360.0
Kepler-442 b,Kepler-442,2015,Transit,112.3053,0.04,0.08,-0.04,0.12,0.00742,0.609,4402.0
Kepler-1495 b,Kepler-1495,2016,Transit,85.273256,0.0,,,0.26228923,0.0282,1.03,5831.0
HD 164509 b,HD 164509,2012,Radial Velocity,280.17,0.238,0.062,-0.062,1.28,0.443,1.12,5859.0
TOI-815 b,TOI-815,2024,Transit,11.197259,0.2,,,0.26228968,0.02391227,0.776,4869.0
Kepler-232 b,Kepler-232,2014,Transit,4.431222,0.0,,,0.275,0.0305,0.97,5847.0
HD 141399 d,HD 141399,2014,Radial Velocity,1069.8,0.074,0.025,-0.025,1.22,1.18,1.07,5600.0
Kepler-159 c,Kepler-159,2014,Transit,43.595792,0.0,,,0.304,0.0363,0.628,4625.0
HIP 67851 b,HIP 67851,2015,Radial Velocity,89.23,0.13,0.04,-0.04,1.22,1.15,1.28,4840.0
KOI-3680 b,KOI-3680,2018,Transit,141.241671,0.496,0.031,-0.031,0.99,1.93,1.01,5830.0
G 268-110 b,G 268-110,2025,Radial Velocity,1.43263,0.0,,,0.101,0.00478245,0.137,
Kepler-1463 b,Kepler-1463,2016,Transit,25.15864,0.0,,,0.16593809,0.013,0.96,5679.0
Kepler-712 c,Kepler-712,2016,Transit,226.89047,0.0,,,0.43268802,0.0659,0.84,5148.0
Kepler-1983 b,Kepler-1983,2023,Transit,7.32851947,0.0,,,0.20786903,0.019,0.812,5135.0
TOI-1231 b,TOI-1231,2021,Transit,24.245586,0.087,0.12,-0.061,0.32563175,0.04845382,0.485,3553.0
HATS-36 b,HATS-36,2018,Transit,4.175186,0.105,0.028,-0.028,1.1526452,3.216,1.1,5950.0
GJ 3138 c,GJ 3138,2017,Radial Velocity,5.974,0.11,0.11,-0.07,0.167,0.01315168,0.681,3717.0
PSR B1257+12 b,PSR B1257+12,1994,Pulsar Timing,25.262,0.0,,,0.0302,6.293e-05,1.4,
HD 203387 c,HD 203387,2022,Radial Velocity,2481.07227,0.202,0.125,-0.101,1.13,7.485,2.817,5174.32
Kepler-55 b,Kepler-55,2012,Transit,27.9481449,0.0,,,0.217,0.135,0.62,4362.0
Kepler-158 b,Kepler-158,2014,Transit,16.709184,0.0,,,0.189,0.0162,0.655,4623.0
Kepler-1926 b,Kepler-1926,2021,Transit,42.87770081,0.0,,,0.20652722,0.0188,0.768,5256.0
TOI-2154 b,TOI-2154,2023,Transit,3.8240801,0.117,0.1,-0.079,1.453,0.92,1.233,6280.0
HU Aqr AB b,HU Aqr,2011,Eclipse Timing Variations,2390.0,0.0,,,1.14,5.9,0.88,5952.0
HD 116029 b,HD 116029,2011,Radial Velocity,670.0,0.0,,,1.21,1.4,0.83,4819.0
TOI-4666 b,TOI-4666,2025,Transit,2.9089165,0.023,0.033,-0.016,1.118,0.489,0.576,3793.0
K2-32 c,K2-32,2016,Transit,20.66093,0.049,0.046,-0.035,0.27959723,0.02548545,0.83,5271.0
Kepler-1532 b,Kepler-1532,2016,Transit,1.093663559,0.0,,,0.12043893,0.00752,0.91,5559.0
K2-81 b,K2-81,2016,Transit,6.102325,0.06,0.144406,-0.051854,0.17575163,0.0143,0.745273,4674.13
WASP-160 B b,WASP-160 B,2018,Transit,3.7684952,0.0,,,1.09,0.278,0.87,5298.0
TrES-3 b,TrES-3,2007,Transit,1.30618581,0.0,,,1.336,1.91,0.928,5650.0
Kepler-1130 d,Kepler-1130,2021,Transit,4.272250175,0.0,,,0.05751841,0.000634,0.944,5450.0
HD 5608 b,HD 5608,2012,Radial Velocity,768.7,0.11,0.029,-0.08,1.22,1.168,1.29,4807.0
HIP 39017 b,HIP 39017,2024,Imaging,31000.0,0.55,0.35,-0.39,1.07,23.6,1.52,7201.0
K2-287 b,K2-287,2018,Transit,14.893291,0.478,0.025,-0.026,0.847,0.315,1.056,5695.0
TOI-5027 b,TOI-5027,2025,Transit,10.24368,0.385,0.025,-0.026,0.96,2.02,1.02,5909.0
Kepler-1185 b,Kepler-1185,2016,Transit,104.3518976,0.0,,,0.11865465,0.00733,0.96,5622.0
WASP-148 b,WASP-148,2020,Transit,8.803809,0.208,0.02,-0.025,0.756,0.287,0.954,5555.0
TOI-5181 A b,TOI-5181 A,2025,Transit,3.8922295,0.15,,,1.191,1.04,1.25,6060.0
Kepler-599 b,Kepler-599,2016,Transit,15.65562652,0.0,,,0.25336783,0.0266,0.83,5127.0
Kepler-1033 b,Kepler-1033,2016,Transit,7.56052806,0.0,,,0.2239272,0.0215,0.94,5547.0
TOI-2285 b,TOI-2285,2021,Transit,13.635109,0.3,0.1,-0.09,0.1579091,0.06135386,0.454,3491.0
HD 37124 b,HD 37124,2002,Radial Velocity,154.378,0.054,0.028,-0.028,1.25,0.675,0.85,5698.64
Kepler-730 c,Kepler-730,2018,Transit,2.85188338,0.0,,,0.14,0.00971,1.047,5620.0
Kepler-513 b,Kepler-513,2016,Transit,28.86235584,0.0,,,0.19627085,0.0172,1.02,5849.0
Kepler-1520 b,Kepler-1520,2016,Transit,0.653553572,0.0,,,0.51476492,0.0885,0.76,4677.0
GJ 3293 b,GJ 3293,2015,Radial Velocity,30.5987,0.06,0.04,-0.04,0.463,0.07406475,0.42,3466.0
TOI-1180 b,TOI-1180,2024,Transit,9.686760378,0.0,,,0.27406595,0.03146352,0.75,4738.0
WASP-178 b,WASP-178,2019,Transit,3.3448285,0.0,,,1.81,1.66,2.07,9360.0
TOI-4994 b,TOI-4994,2024,Transit,21.491984,0.319,0.048,-0.047,0.762,0.28,1.005,5640.0
Kepler-782 b,Kepler-782,2016,Transit,158.6853308,0.0,,,0.28637702,0.0327,0.98,5867.0
Kepler-63 b,Kepler-63,2013,Transit,9.4341505,0.45,,,0.545,0.378,0.984,5576.0
Kepler-132 b,Kepler-132,2014,Transit,6.178196,0.0,,,0.108,0.00606,0.929,6003.0
Kepler-529 b,Kepler-529,2016,Transit,1.980357663,0.0,,,0.16593809,0.013,1.07,6087.0
11 UMi b,11 UMi,2009,Radial Velocity,516.21997,0.08,0.03,-0.03,1.09,14.74,2.78,4213.0
Kepler-60 c,Kepler-60,2012,Transit,8.9187,0.039,0.002,-0.0027,0.16950665,0.01211339,1.041,5905.0
Kepler-330 c,Kepler-330,2014,Transit,15.955387,0.0,,,0.174,0.014,0.848,5117.0
Kepler-243 c,Kepler-243,2014,Transit,20.026218,0.0,,,0.178,0.0145,0.904,5228.0
TOI-1452 b,TOI-1452,2022,Transit,11.06201,0.0,,,0.14916611,0.01516542,0.249,3185.0
Kepler-264 b,Kepler-264,2014,Transit,40.806231,0.0,,,0.297,0.0348,1.426,6158.0
Kepler-110 b,Kepler-110,2014,Transit,12.691112,0.0,,,0.163,0.0126,0.989,5960.0
Kepler-809 b,Kepler-809,2016,Transit,55.63934,0.0,,,0.26853421,0.0293,0.99,5734.0
Kepler-301 d,Kepler-301,2014,Transit,13.751243,0.0,,,0.156,0.0117,1.022,5815.0
TOI-1136 b,TOI-1136,2022,Transit,4.1727,0.027,0.009,-0.009,0.16950694,0.01101223,1.022,5770.0
Kepler-1614 b,Kepler-1614,2016,Transit,3.9466141,0.0,,,0.1329289,0.00889,0.79,5121.0
HD 136925 b,HD 136925,2021,Radial Velocity,4540.0,0.103,0.094,-0.07,1.24,0.84,0.875104,5773.19
Kepler-1296 b,Kepler-1296,2016,Transit,8.3839865,0.0,,,0.08118476,0.00218,0.87,5359.0
Kepler-1114 b,Kepler-1114,2016,Transit,14.97435694,0.0,,,0.12043893,0.00752,0.87,5374.0
Kepler-210 b,Kepler-210,2014,Transit,2.453234,0.0,,,0.262,0.0282,0.77,4559.0
Kepler-306 c,Kepler-306,2014,Transit,7.240193,0.0,,,0.21,0.0193,0.75,4954.0
CoRoT-20 b,CoRoT-20,2011,Transit,9.24285,0.59,0.02,-0.02,0.84,4.3,1.14,5880.0
WASP-95 b,WASP-95,2014,Transit,2.18467,0.0,,,1.23,1.44,1.46,5830.0
Kepler-162 c,Kepler-162,2014,Transit,19.446355,0.0,,,0.27,0.0297,1.053,5816.0
Kepler-1848 b,Kepler-1848,2021,Transit,5.604020119,0.0,,,0.12568974,0.00808,0.756,4847.0
Kepler-197 e,Kepler-197,2014,Transit,25.209715,0.38,0.25,-0.17,0.081,0.00218,0.857,6004.0
HAT-P-68 b,HAT-P-68,2020,Transit,2.29840551,0.041,,,1.072,0.724,0.6785,4508.0
KIC 9663113 b,KIC 9663113,2015,Transit,572.3847,0.0,,,0.41038451,0.0603,0.98,6065.0
L 98-59 d,L 98-59,2019,Transit,7.450729,0.006,0.007,-0.004,0.14515147,0.00516002,0.2923,3415.0
HAT-P-58 b,HAT-P-58,2021,Transit,4.0138379,0.073,,,1.332,0.372,1.031,6078.0
Kepler-1315 c,Kepler-1315,2021,Transit,6.566060066,0.0,,,0.16450995,0.0128,0.809,4818.0
Kepler-169 c,Kepler-169,2014,Transit,6.195469,0.0,,,0.108,0.00606,0.825,4997.0
Kepler-1698 b,Kepler-1698,2020,Transit,1.2107,0.0,,,0.09574064,0.00394,0.822,4975.03
Kepler-383 b,Kepler-383,2014,Transit,12.904532,0.0,,,0.118,0.00724,0.669,4710.0
L 168-9 b,L 168-9,2020,Transit,1.40152604,0.0,,,0.14541911,0.01280565,0.614,3842.0
HD 32518 b,HD 32518,2009,Radial Velocity,157.35,0.028,0.034,-0.019,1.18,2.849,1.13,4580.0
NGTS-12 b,NGTS-12,2020,Transit,7.532806,0.0,,,1.048,0.208,1.021,5690.0
Kepler-933 b,Kepler-933,2016,Transit,14.20443009,0.0,,,0.2194665,0.0208,0.87,5346.0
Kepler-493 b,Kepler-493,2016,Transit,3.003876581,0.0,,,1.34980819,,1.36,6457.0
Kepler-1240 b,Kepler-1240,2016,Transit,4.8663815,0.0,,,0.10259613,0.00505,0.98,5682.0
Kepler-1119 b,Kepler-1119,2016,Transit,8.3265153,0.0,,,0.17129093,0.0137,1.11,6083.0
WASP-21 b,WASP-21,2010,Transit,4.322482,0.0,,,1.07,0.3,1.01,5800.0
Kepler-991 b,Kepler-991,2016,Transit,82.5342519,0.0,,,0.22660362,0.022,0.64,4392.0
HD 148156 b,HD 148156,2009,Radial Velocity,1027.0,0.52,0.04,-0.09,1.24,0.85,1.22,6308.0
Kepler-79 c,Kepler-79,2012,Transit,27.4026,0.038,0.019,-0.014,0.33544531,0.01447322,1.244,6389.0
HD 4208 b,HD 4208,2001,Radial Velocity,832.97,0.042,0.039,-0.029,1.24,0.81,0.883,5717.0
Kepler-411 e,Kepler-411,2018,Transit Timing Variations,31.509728,0.016,0.002,-0.001,0.293,0.03398043,0.87,4974.0
HD 188015 b,HD 188015,2004,Radial Velocity,461.2,0.137,0.026,-0.026,1.21,1.5,1.09,5746.0
GJ 687 c,GJ 687,2020,Radial Velocity,727.562,0.4,0.22,-0.22,0.369,0.05034138,0.4,3413.0
HD 221416 b,HD 221416,2019,Transit,14.2767,0.115,0.034,-0.03,0.836,0.19,1.212,5080.0
HATS-57 b,HATS-57,2019,Transit,2.350621,0.028,,,1.139,3.147,1.026,5587.0
HD 48948 c,HD 48948,2024,Radial Velocity,38.06,0.55,0.044,-0.044,0.232,0.02287398,0.686,4593.0
Kepler-390 b,Kepler-390,2014,Transit,6.738088,0.0,,,0.073,0.0015,0.787,5166.0
Kepler-603 c,Kepler-603,2016,Transit,127.9075774,0.0,,,0.57989116,0.108,1.01,5808.0
TOI-431 c,TOI-431,2021,Radial Velocity,4.8494,0.0,,,0.133,0.00890418,0.78,4850.0
HD 45652 b,HD 45652,2008,Radial Velocity,44.073,0.607,0.026,-0.026,1.28,0.433,0.92,5294.0
Kepler-332 b,Kepler-332,2014,Transit,7.626324,0.0,,,0.104,0.00537,0.743,4955.0
Kepler-508 b,Kepler-508,2016,Transit,25.30889748,0.0,,,0.146311,0.0105,1.16,6025.0
HATS-75 b,HATS-75,2021,Transit,2.7886556,0.064,,,0.884,0.491,0.6017,3790.4
HD 191939 f,HD 191939,2022,Radial Velocity,2898.0,0.0,,,1.18,2.88,0.81,5348.0
WASP-31 b,WASP-31,2010,Transit,3.4059096,0.0,,,1.549,0.478,1.163,6302.0
TOI-2368 b,TOI-2368,2024,Transit,5.1750073,0.061,0.066,-0.042,0.967,0.65,0.897,5360.0
TOI-4336 A b,TOI-4336 A,2024,Transit,16.336351,0.0,,,0.1906507,0.01047735,0.306,3307.0
Kepler-43 b,Kepler-43,2011,Transit,3.0240949,0.017,0.027,-0.009,1.219,3.23,1.32,6041.0
KOI-351 h,KOI-351,2013,Transit,331.60296,0.0276,0.0031,-0.0031,1.00383793,0.63870943,1.242,6031.13
TOI-3331 A b,TOI-3331 A,2022,Transit,2.0180231,0.0,0.048,-0.052,1.158,2.27,1.016,5609.0
WASP-85 A b,WASP-85 A,2016,Transit,2.6556777,0.0,,,1.24,1.265,1.09,6112.0
YZ Cet d,YZ Cet,2017,Radial Velocity,4.65626,0.07,0.04,-0.05,0.0921,0.00342952,0.142,3151.0
HD 222237 b,HD 222237,2024,Radial Velocity,14892.0,0.56,0.03,-0.03,1.15,5.19,0.76,4751.0
HD 99492 b,HD 99492,2004,Radial Velocity,17.0503,0.034,0.025,-0.021,0.486,0.08023197,0.85,4929.0
Kepler-251 b,Kepler-251,2014,Transit,4.790936,0.0,,,0.119,0.00733,0.891,5526.0
WASP-195 b,WASP-195,2025,Transit,5.051928,0.0,,,0.92,0.104,1.3,6300.0
Kepler-359 d,Kepler-359,2014,Transit,77.095691,0.0,,,0.358,0.00849511,0.827,6248.0
Kepler-830 b,Kepler-830,2016,Transit,11.29695137,0.0,,,0.15166384,0.0111,1.07,6037.0
Kepler-672 b,Kepler-672,2016,Transit,38.3774623,0.0,,,0.22303506,0.0214,0.95,5627.0
Kepler-198 b,Kepler-198,2014,Transit,17.790037,0.0,,,0.252,0.0263,0.995,5574.0
Kepler-444 d,Kepler-444,2015,Transit,6.189392,0.18,0.16,-0.12,0.047,0.00062927,0.758,5046.0
Kepler-575 b,Kepler-575,2016,Transit,9.37891944,0.0,,,0.21322152,0.0198,0.97,5710.0
Kepler-1131 b,Kepler-1131,2016,Transit,3.53232449,0.0,,,0.1418503,0.00993,1.03,5851.0
Kepler-808 b,Kepler-808,2016,Transit,0.631332353,0.0,,,0.13025248,0.00859,0.76,4653.0
LHS 1903 b,LHS 1903,2026,Transit,2.1555098,0.015,0.014,-0.01,0.12329399,0.01032003,0.538,3664.0
DMPP-6 c,DMPP-6,2026,Radial Velocity,36.441,0.31,,,0.334,0.04238136,1.079,6182.09
Kepler-885 b,Kepler-885,2016,Transit,18.11472949,0.0,,,0.22303506,0.0214,1.21,6187.0
TOI-286 c,TOI-286,2024,Transit,39.361826,0.0,,,0.16772265,0.01170443,0.832,5152.0
KIC 7917485 b,KIC 7917485,2016,Pulsation Timing Variations,840.0,0.15,0.13,-0.1,1.1,11.8,1.63,7067.0
KELT-18 b,KELT-18,2017,Transit,2.8717518,0.0,,,1.57,1.18,1.524,6670.0
HD 152843 b,HD 152843,2021,Transit,11.62071,0.046,0.058,-0.033,0.27210324,0.03089718,1.15,6310.0
HD 26161 b,HD 26161,2021,Radial Velocity,10942.29013,0.922,0.037,-0.099,1.06,28.46,1.12,6057.62
Kepler-1323 b,Kepler-1323,2016,Transit,0.929906678,0.0,,,0.13560532,0.0092,1.18,6169.0
Kepler-151 c,Kepler-151,2014,Transit,24.674612,0.0,,,0.186,0.0158,0.87,5460.0
HIP 14810 c,HIP 14810,2006,Radial Velocity,147.747,0.1566,0.0099,-0.0099,1.22,1.31,1.01,5544.0
Kepler-80 b,Kepler-80,2012,Transit,7.05246,0.0049,0.0036,-0.0036,0.23820145,0.02180411,0.73,4540.0
HD 40307 f,HD 40307,2013,Radial Velocity,51.76,0.02,0.2,-0.02,0.19,0.0164,0.77,4956.0
HD 89345 b,HD 89345,2018,Transit,11.8143,0.22,0.095,-0.13,0.66,0.11,1.157,5576.0
HIP 97166 c,HIP 97166,2021,Radial Velocity,16.432,0.0,,,0.245,0.02517081,0.9342,5216.0
HD 25463 c,HD 25463,2023,Transit,3.04405,0.0,,,0.12164795,0.01352931,1.251,6353.0
TOI-2379 b,TOI-2379,2024,Transit,5.4693827,0.342,0.0039,-0.0039,1.046,5.76,0.645,3707.0
HD 96167 b,HD 96167,2009,Radial Velocity,498.04,0.685,0.029,-0.029,1.25,0.717,1.27,5733.0
Kepler-571 b,Kepler-571,2016,Transit,4.798599388,0.0,,,0.23552502,0.0235,0.93,5527.0
K2-24 c,K2-24,2016,Transit,42.3391,0.07,,,0.66910518,0.04845358,1.07,5625.0
HR 858 b,HR 858,2019,Transit,3.585287,0.0,,,0.17878521,0.01116955,1.204,6354.0
Kepler-342 e,Kepler-342,2016,Transit,1.644224613,0.0,,,0.07850834,0.00193,1.26,6366.0
Kepler-941 b,Kepler-941,2016,Transit,17.42395198,0.0,,,0.2747792,0.0305,0.89,5539.0
TOI-4145 A b,TOI-4145 A,2023,Transit,4.0664428,0.0,,,1.187,0.43,0.905,5281.0
Kepler-709 b,Kepler-709,2016,Transit,16.08524954,0.0,,,0.26050495,0.0279,0.8,5071.0
Kepler-1832 b,Kepler-1832,2021,Transit,3.138789892,0.0,,,0.10948324,0.00637,0.684,5242.0
HAT-P-54 b,HAT-P-54,2015,Transit,3.799847,0.074,,,0.944,0.76,0.645,4390.0
HD 3167 b,HD 3167,2016,Transit,0.95965451,0.0,,,0.1428319,0.01524093,0.864,5338.0
Kepler-306 b,Kepler-306,2014,Transit,4.646186,0.0,,,0.136,0.0092,0.75,4954.0
Kepler-690 b,Kepler-690,2016,Transit,7.748094374,0.0,,,0.53082345,0.0933,1.11,5913.0
Kepler-1217 b,Kepler-1217,2016,Transit,2.032325072,0.0,,,0.17753591,0.0145,1.06,5905.0
Kepler-1842 b,Kepler-1842,2021,Transit,14.02639961,0.0,,,0.21000008,0.0193,1.057,5970.0
Kepler-711 b,Kepler-711,2016,Transit,23.58914398,0.0,,,0.30421982,0.0363,0.84,5222.0
K2-141 b,K2-141,2018,Transit,0.2803244,0.0,,,0.13471341,0.01563737,0.708,4570.0
TOI-3568 b,TOI-3568,2024,Transit,4.417965,0.035,0.021,-0.021,0.483,0.083,0.78,4969.0
K2-280 b,K2-280,2018,Transit,19.89526,0.35,0.05,-0.04,0.66910634,0.11672965,1.03,5500.0
Kepler-1080 b,Kepler-1080,2016,Transit,77.2548396,0.0,,,0.292622,0.0339,1.1,5956.0
Kepler-1228 b,Kepler-1228,2016,Transit,0.577369579,0.0,,,0.1373896,0.0094,0.78,5063.0
Kepler-1203 b,Kepler-1203,2016,Transit,0.588000765,0.0,,,0.09456687,0.00377,0.64,4105.0
Kepler-1501 b,Kepler-1501,2016,Transit,14.5564533,0.0,,,0.13917388,0.00961,1.2,6229.0
TRAPPIST-1 b,TRAPPIST-1,2016,Transit,1.510826,0.00622,0.00304,-0.00304,0.09956302,0.00432309,0.0898,2566.0
Kepler-1164 b,Kepler-1164,2016,Transit,3.97599768,0.0,,,0.09991971,0.00459,0.85,5183.0
TOI-1117 c,TOI-1117,2025,Radial Velocity,4.579,0.0,,,0.259,0.02762497,0.97,5635.0
Kepler-757 b,Kepler-757,2016,Transit,1.022678821,0.0,,,0.12133107,0.00761,1.08,6014.0
GJ 720 A b,GJ 720 A,2021,Radial Velocity,19.466,0.12,0.05,-0.06,0.336,0.04291624,0.57,3837.0
Kepler-1850 b,Kepler-1850,2021,Transit,1.385800004,0.0,,,0.06504576,0.000985,0.611,4239.0
KOI-1783.02,KOI-1783,2020,Transit,284.215,0.0,,,0.48532429,0.04719504,1.076,5922.0
Kepler-229 d,Kepler-229,2014,Transit,41.194912,0.0,,,0.343,0.0445,0.808,5120.0
Gl 686 b,Gl 686,2018,Radial Velocity,15.53,0.05,0.03,-0.03,0.22,0.02084133,0.426,3656.0
HD 44219 b,HD 44219,2010,Radial Velocity,472.0,0.41,0.12,-0.14,1.26,0.58,1.2,5752.0
Kepler-484 b,Kepler-484,2016,Transit,10.045569313,0.0,,,0.20340798,0.0183,0.96,5668.0
Kepler-142 c,Kepler-142,2014,Transit,4.761702,0.0,,,0.255,0.0269,0.978,5790.0
HD 72659 b,HD 72659,2002,Radial Velocity,3549.0,0.2393,0.0098,-0.0098,1.17,2.988,1.033,5929.0
Kepler-257 d,Kepler-257,2014,Transit,24.664551,0.0,,,0.442,0.0683,0.916,5180.0
TOI-6029 b,TOI-6029,2024,Transit,5.7987,0.091,0.017,-0.015,1.284,1.635,1.548,6223.0
K2-138 c,K2-138,2017,Transit,3.56004,0.045,0.051,-0.032,0.20510304,0.01985338,0.935,5356.3
TOI-2570 b,TOI-2570,2022,Transit,2.9887615,0.0,0.048,-0.052,1.217,0.82,1.063,5771.0
Kepler-629 b,Kepler-629,2016,Transit,7.2385854,0.0,,,0.12311535,0.0078,0.93,5444.0
Kepler-11 b,Kepler-11,2010,Transit,10.3039,0.045,0.068,-0.042,0.161,0.006,0.961,5663.0
HD 179949 b,HD 179949,2000,Radial Velocity,3.092514,0.022,0.015,-0.015,1.24,0.916,1.21,6168.0
kap CrB b,kap CrB,2007,Radial Velocity,1253.68,0.04,0.013,-0.032,1.19,2.17,1.33,4840.0
Kepler-1353 b,Kepler-1353,2016,Transit,24.7543966,0.0,,,0.16058524,0.0123,0.76,4776.0
Kepler-652 b,Kepler-652,2016,Transit,4.182002531,0.0,,,0.22214292,0.0213,0.97,5490.0
Kepler-386 b,Kepler-386,2014,Transit,12.31043,0.0,,,0.124,0.0079,0.825,5178.0
NGTS-26 b,NGTS-26,2024,Transit,4.5199279,0.0,,,1.328,0.292,0.96,5550.0
Kepler-1502 b,Kepler-1502,2016,Transit,41.7083629,0.0,,,0.2837006,0.0322,1.44,6666.0
HD 106315 c,HD 106315,2017,Transit,21.05704,0.22,0.15,-0.15,0.38808101,0.04782431,1.091,6327.0
Kepler-1548 b,Kepler-1548,2016,Transit,124.828679,0.0,,,0.23552502,0.0235,0.99,5706.0
HD 60532 c,HD 60532,2008,Radial Velocity,600.1,0.03,0.02,-0.02,1.18,2.51,1.5,6245.0
WASP-166 b,WASP-166,2019,Transit,5.44354,0.0,,,0.63,0.101,1.19,6050.0
Kepler-175 c,Kepler-175,2014,Transit,34.035257,0.0,,,0.277,0.0308,0.969,6064.0
WASP-84 b,WASP-84,2014,Transit,8.52349648,0.0,,,0.956,0.692,0.853,5280.0
Kepler-1861 b,Kepler-1861,2021,Transit,40.0306015,0.0,,,0.19687554,0.0173,1.161,5855.0
Kepler-398 d,Kepler-398,2016,Transit,6.83437001,0.0,,,0.07850834,0.00193,0.72,4557.0
TOI-2295 c,TOI-2295,2024,Radial Velocity,966.5,0.194,0.012,-0.012,1.14,5.61,1.168,5730.0
TOI-6448 b,TOI-6448,2025,Transit,14.844261,0.2,0.26,-0.12,0.756,0.17,1.03,5910.0
TOI-1064 c,TOI-1064,2022,Transit,12.226574,0.088,0.081,-0.064,0.23650679,0.00786588,0.748,4734.0
WASP-101 b,WASP-101,2014,Transit,3.58572,0.0,,,1.43,0.51,1.41,6380.0
55 Cnc B b,55 Cnc B,2025,Radial Velocity,6.7994,0.0,,,0.151,0.01101223,0.26,3286.0
KELT-20 b,KELT-20,2017,Transit,3.4741085,0.0,,,1.741,3.382,1.76,8720.0
Kepler-62 b,Kepler-62,2013,Transit,5.714932,0.0,,,0.117,0.03,0.69,4925.0
Kepler-987 b,Kepler-987,2016,Transit,105.3033148,0.0,,,0.29083772,0.0336,0.97,5637.0
Kepler-385 d,Kepler-385,2020,Transit,56.4159,0.0,,,0.23361984,0.0232,1.05,5829.0
HD 21520 b,HD 21520,2024,Transit,25.1292,0.0,,,0.24061064,0.05569043,1.09,5871.0
HD 28471 c,HD 28471,2025,Radial Velocity,6.1245,0.088,0.058,-0.054,0.201,0.01799713,0.98,5766.0
TOI-4641 b,TOI-4641,2023,Transit,22.09341,0.074,,,0.73,3.87,1.41,6560.0
WASP-107 c,WASP-107,2020,Radial Velocity,1066.0,0.27,0.08,-0.08,1.16,0.35,0.683,4425.0
Kepler-49 b,Kepler-49,2012,Transit,7.2,0.0,,,0.23008337,0.03073986,0.607,4095.6
Kepler-115 c,Kepler-115,2014,Transit,8.990889,0.0,,,0.232,0.0229,1.042,5979.0
ome Ser b,ome Ser,2013,Radial Velocity,278.59,0.18,0.066,-0.127,1.25,0.736,1.01,4724.0
Kepler-79 b,Kepler-79,2012,Transit,13.48451,0.022,0.01,-0.007,0.31314176,0.02391227,1.244,6389.0
Kepler-777 b,Kepler-777,2016,Transit,5.72812599,0.0,,,0.13114462,0.00869,0.58,4043.0
CoRoT-2 b,CoRoT-2,2008,Transit,1.7429935,0.0143,0.0077,-0.0076,1.466,3.47,0.96,5625.0
TYC 1422-614-1 b,TYC 1422-614-1,2014,Radial Velocity,198.4,0.06,0.06,-0.02,1.18,2.5,1.15,4806.0
TOI-2120 b,TOI-2120,2024,Transit,5.7998164,0.32,0.08,-0.08,0.18931249,0.02139519,0.211,3131.0
Kepler-265 b,Kepler-265,2014,Transit,6.846262,0.0,,,0.166,0.013,0.97,5835.0
Kepler-1384 b,Kepler-1384,2016,Transit,15.36262753,0.0,,,0.17307521,0.0139,0.78,4919.0
Kepler-343 b,Kepler-343,2014,Transit,8.96855,0.0,,,0.215,0.0201,1.055,5807.0
Kepler-1257 b,Kepler-1257,2016,Transit,2.668313762,0.0,,,0.13560532,0.0092,0.9,5502.0
TOI-4010 c,TOI-4010,2023,Transit,5.414654,0.03,0.03,-0.02,0.52904008,0.06390241,0.88,4960.0
HD 94890 c,HD 94890,2025,Radial Velocity,2492.19,0.05,0.03,-0.03,1.12,8.91,1.74,4867.0
Kepler-967 c,Kepler-967,2016,Transit,198.7112502,0.0,,,0.32563119,0.0407,0.84,5178.0
Kepler-100 c,Kepler-100,2014,Transit,12.8159,0.02,0.15,-0.01,0.196,0.02218167,1.08,5825.0
TOI-700 b,TOI-700,2020,Transit,9.977219,0.075,0.093,-0.054,0.08154176,0.00222,0.415,3459.0
HD 104067 b,HD 104067,2011,Radial Velocity,55.851,0.123,0.048,-0.051,0.82,0.19538845,0.82,4952.0
Kepler-1260 b,Kepler-1260,2016,Transit,19.1187753,0.0,,,0.15790882,0.0119,1.06,5961.0
Kepler-11 f,Kepler-11,2010,Transit,46.6888,0.013,0.011,-0.009,0.222,0.006,0.961,5663.0
Kepler-1960 b,Kepler-1960,2021,Transit,2.297940016,0.0,,,0.11664727,0.00712,1.117,6371.0
Kepler-1252 b,Kepler-1252,2016,Transit,15.0540329,0.0,,,0.14898742,0.0108,1.06,5949.0
Kepler-217 d,Kepler-217,2016,Transit,3.88689525,0.0,,,0.11776251,0.00724,1.37,6341.0
Kepler-1007 b,Kepler-1007,2016,Transit,5.185002073,0.0,,,0.1284682,0.00839,0.73,4587.0
Kepler-659 b,Kepler-659,2016,Transit,17.671796,0.0,,,0.22303506,0.0214,0.79,4870.0
HD 12661 b,HD 12661,2000,Radial Velocity,262.70862,0.38,0.01,-0.01,1.18,2.43,1.2,5645.0
Kepler-305 d,Kepler-305,2014,Transit,16.74,0.0,,,0.24623113,0.01950738,0.827,5090.0
Kepler-609 b,Kepler-609,2016,Transit,6.521210666,0.0,,,0.29886698,0.0352,1.09,5971.0
HD 40956 b,HD 40956,2017,Radial Velocity,578.6,0.24,0.05,-0.05,1.18,2.7,2.0,4869.0
GJ 27.1 b,GJ 27.1,2014,Radial Velocity,15.819,0.08,0.18,-0.08,0.327,0.04090237,0.53,3542.0
Kepler-794 b,Kepler-794,2016,Transit,11.13125132,0.0,,,0.18824159,0.016,1.19,5839.0
Kepler-218 c,Kepler-218,2014,Transit,44.699576,0.0,,,0.28,0.0315,1.019,5502.0
TOI-4495 c,TOI-4495,2024,Transit,5.18553,0.023,0.043,-0.016,0.35953314,0.07299536,1.247,6210.0
Kepler-1666 b,Kepler-1666,2020,Transit,25.8476,0.0,,,0.25718064,0.0273,1.23,6293.0
Kepler-798 b,Kepler-798,2016,Transit,13.71933369,0.0,,,0.21322152,0.0198,1.19,6224.0
GJ 3470 b,GJ 3470,2012,Radial Velocity,3.3366496,0.017,0.016,-0.012,0.40770809,0.04373407,0.539,3600.0
Kepler-392 b,Kepler-392,2014,Transit,5.341853,0.0,,,0.089,0.00306,0.874,5938.0
HD 183263 b,HD 183263,2004,Radial Velocity,624.87404,0.383,0.007,-0.007,1.17,3.471,1.06,5948.0
K2-136 b,K2-136,2017,Transit,7.97525,0.14,0.12,-0.11,0.09046318,0.01352931,0.742,4500.0
HD 107148 b,HD 107148,2005,Radial Velocity,48.056,0.05,0.17,-0.17,0.856,0.21,1.12,5797.0
Kepler-1514 b,Kepler-1514,2016,Transit,217.83184,0.401,0.013,-0.014,1.108,5.28,1.196,6145.0
Kepler-1837 b,Kepler-1837,2021,Transit,5.906089783,0.0,,,0.18438237,0.0155,1.049,5966.0
Kepler-1986 b,Kepler-1986,2023,Transit,19.5489666,0.0,,,0.1686148,0.0133,0.776,5549.0
Kepler-114 c,Kepler-114,2013,Transit,8.041,0.0,,,0.143,0.009,0.56,4660.0
Kepler-20 c,Kepler-20,2011,Transit,10.8540774,0.076,,,0.25818583,0.03492451,0.929,5495.0
Kepler-1093 c,Kepler-1093,2016,Transit,89.722292,0.0,,,0.17485949,0.0142,1.13,6166.0
Kepler-934 b,Kepler-934,2016,Transit,55.6738309,0.0,,,0.18645731,0.0158,0.81,5001.0
Kepler-946 b,Kepler-946,2016,Transit,11.79162572,0.0,,,0.17218307,0.0138,0.94,5665.0
Kepler-696 b,Kepler-696,2016,Transit,4.190425575,0.0,,,0.54777411,0.0984,1.06,5903.0
Kepler-1448 b,Kepler-1448,2016,Transit,12.27065865,0.0,,,0.14363458,0.0101,0.95,5774.0
TOI-4551 b,TOI-4551,2023,Transit,9.95581,0.101,0.034,-0.033,1.058,1.49,1.31,4896.0
Kepler-189 c,Kepler-189,2014,Transit,20.134866,0.0,,,0.212,0.071,0.803,5235.0
HD 46375 b,HD 46375,2000,Radial Velocity,3.023573,0.063,0.026,-0.026,0.894,0.226,0.92,5285.0
HD 95872 b,HD 95872,2015,Radial Velocity,4375.0,0.06,0.04,-0.04,1.16,3.74,0.7,5312.0
Kepler-1754 b,Kepler-1754,2021,Transit,8.195949554,0.0,,,0.21767948,0.0205,0.734,4723.0
TIC 4672985 b,TIC 4672985,2024,Transit,69.048,0.018,0.004,-0.004,1.026,12.74,1.01,5757.0
K2-100 b,K2-100,2016,Transit,1.6739035,0.0,,,0.34615101,0.06859047,1.15,5945.0
Kepler-1387 b,Kepler-1387,2016,Transit,2.279526656,0.0,,,0.08296904,0.00236,0.82,5046.0
Kepler-1412 b,Kepler-1412,2016,Transit,3.6146051,0.0,,,0.07404764,0.00157,1.06,5880.0
Kepler-1222 b,Kepler-1222,2016,Transit,1.916944254,0.0,,,0.07047908,0.00131,0.84,5239.0
Kepler-760 c,Kepler-760,2016,Transit,2.46697439,0.0,,,0.13203676,0.00879,0.89,5322.0
Kepler-463 b,Kepler-463,2016,Transit,8.981016833,0.0,,,0.27210277,0.03,0.87,5661.0
Kepler-186 d,Kepler-186,2014,Transit,13.342996,0.0,,,0.125,0.008,0.478,3788.0
AU Mic b,AU Mic,2020,Transit,8.463446,0.07,0.09,-0.04,0.42733591,0.0282857,0.635,3540.0
K2-4 b,K2-4,2015,Transit,10.003417,0.08,0.161192,-0.068641,0.18734945,0.0159,0.635026,4014.73
TOI-2337 b,TOI-2337,2022,Transit,2.99432,0.019,0.017,-0.017,0.9,1.6,1.325,4780.0
Kepler-451 c,2MASS J19383260+4603591,2022,Eclipse Timing Variations,1460.0,0.29,0.07,-0.07,1.21,1.61,0.48,29564.0
Kepler-446 d,Kepler-446,2015,Transit,5.148921,0.0,,,0.12,0.00752,0.22,3359.0
TOI-2015 b,TOI-2015,2023,Transit,3.348237,0.0789,0.0018,-0.0016,0.29520972,0.02894644,0.3041,3297.0
HAT-P-53 b,HAT-P-53,2015,Transit,1.9616241,0.134,,,1.318,1.484,1.093,5956.0
TOI-411 c,HD 22946,2022,Transit,9.573083,0.16,0.17,-0.1,0.20769061,0.03058254,1.098,6169.0
TOI-2529 b,TOI-2529,2024,Transit,64.5949,0.021,0.024,-0.015,1.03,2.34,1.11,5802.0
HD 139357 b,HD 139357,2008,Radial Velocity,1124.79139,0.099,0.023,-0.023,1.08,19.871,2.69,4700.0
TOI-3862 b,TOI-3862,2026,Transit,1.55745774,0.0232,0.0071,-0.0054,0.493,0.1688,0.9,5300.0
K2-34 b,K2-34,2016,Transit,2.9956348,0.0,,,1.22669495,1.698,1.16,6168.0
KOI-1599.01,KOI-1599,2019,Transit,20.4415,0.014,,,0.16950665,0.01447315,1.02,5833.0
Kepler-1687 b,Kepler-1687,2020,Transit,5.77954,0.0,,,0.14775973,0.0106,0.65,4132.0
Kepler-1346 b,Kepler-1346,2016,Transit,3.40165668,0.0,,,0.14095816,0.00982,1.14,6133.0
Kepler-187 c,Kepler-187,2014,Transit,10.640263,0.0,,,0.238,0.0239,1.081,6105.0
Kepler-364 c,Kepler-364,2014,Transit,59.980627,0.0,,,0.192,0.0166,1.076,6108.0
GJ 3021 b,GJ 3021,2000,Radial Velocity,133.71,0.511,0.017,-0.017,1.17,3.37,0.9,5540.0
Kepler-361 b,Kepler-361,2014,Transit,8.486616,0.0,,,0.129,0.00849,1.191,6169.0
Kepler-286 b,Kepler-286,2014,Transit,1.796302,0.0,,,0.111,0.00651,0.83,5580.0
Kepler-47 c,Kepler-47,2012,Transit,303.227,0.044,0.029,-0.019,0.41484521,0.00997389,0.957,5636.0
HD 190984 b,HD 190984,2009,Radial Velocity,4885.0,0.57,0.1,-0.1,1.16,3.58,0.91,5988.0
Kepler-1042 b,Kepler-1042,2016,Transit,10.13202575,0.0,,,0.19537871,0.0171,0.75,4815.0
Kepler-516 b,Kepler-516,2016,Transit,24.85462415,0.0,,,0.5120885,0.0878,1.62,7099.0
TOI-1260 d,TOI-1260,2022,Transit,16.608164,0.0,,,0.27834824,0.03725281,0.679,4227.0
HD 16141 b,HD 16141,2000,Radial Velocity,75.523,0.25,0.05,-0.05,0.971,0.26,1.11,5757.0
Kepler-1343 b,Kepler-1343,2016,Transit,3.35183158,0.0,,,0.17218307,0.0138,0.95,5759.0
Kepler-119 b,Kepler-119,2014,Transit,2.422082,0.0,,,0.321,0.0398,0.918,5595.0
Kepler-1591 b,Kepler-1591,2016,Transit,8.18504949,0.0,,,0.11330181,0.00678,1.1,6082.0
HD 103720 b,HD 103720,2014,Radial Velocity,4.5557,0.086,0.024,-0.024,1.26,0.62,0.794,5017.0
TOI-564 b,TOI-564,2020,Transit,1.651144,0.072,0.083,-0.05,1.02,1.463,0.998,5640.0
Kepler-1057 b,Kepler-1057,2016,Transit,14.08827448,0.0,,,0.29975912,0.0354,1.07,5987.0
Kepler-1378 b,Kepler-1378,2016,Transit,11.95398936,0.0,,,0.19627085,0.0172,0.7,4407.0
TOI-481 b,TOI-481,2020,Transit,10.33111,0.153,0.006,-0.007,0.99,1.53,1.14,5735.0
Kepler-847 b,Kepler-847,2016,Transit,2.343231895,0.0,,,0.10527255,0.00553,0.83,4940.0
Kepler-742 b,Kepler-742,2016,Transit,8.360868238,0.0,,,0.28905344,0.0332,0.76,4642.0
HD 23472 e,HD 23472,2022,Transit,7.90754,0.07,0.052,-0.047,0.0729772,0.00226537,0.67,4684.0
HD 73344 c,HD 73344,2025,Radial Velocity,65.94,0.124,0.052,-0.053,1.2,0.373,1.19,6148.0
Kepler-936 b,Kepler-936,2016,Transit,10.56134221,0.0,,,0.12936034,0.00849,0.92,5482.0
TOI-257 b,TOI-257,2021,Transit,18.38818,0.0,,,0.639,0.138,1.407,6095.0
HD 105618 b,HD 105618,2022,Radial Velocity,10.02245,0.455,0.041,-0.038,0.485,0.08,1.01,5671.0
K2-208 b,K2-208,2018,Transit,4.19097,0.37,0.31,-0.21,0.1494,0.0108,0.881,5500.0
Kepler-616 d,Kepler-616,2021,Transit,51.06740189,0.0,,,0.23668521,0.0237,1.061,6004.0
Kepler-1497 b,Kepler-1497,2016,Transit,8.74199772,0.0,,,0.14809528,0.0107,0.96,5675.0
Kepler-981 b,Kepler-981,2016,Transit,4.469757736,0.0,,,0.2060844,0.0187,0.98,5718.0
K2-111 b,K2-111,2017,Transit,5.3518963,0.134,0.093,-0.071,0.16388645,0.01683298,0.84,5775.0
Kepler-176 b,Kepler-176,2014,Transit,5.433074,0.0,,,0.128,0.91413163,0.86,5232.0
Kepler-290 c,Kepler-290,2014,Transit,36.77031,0.0,,,0.241,0.0244,0.756,5147.0
TOI-544 b,TOI-544,2022,Transit,1.548352,0.0,,,0.18003421,0.00909296,0.631,4169.0
HD 220842 b,HD 220842,2016,Radial Velocity,218.47,0.404,0.009,-0.009,1.17,3.18,1.13,5960.0
Kepler-726 b,Kepler-726,2016,Transit,21.80451088,0.0,,,0.29083772,0.0336,0.88,5452.0
Kepler-1540 b,Kepler-1540,2016,Transit,125.4131177,0.0,,,0.22214292,0.0213,0.74,4540.0
Kepler-594 b,Kepler-594,2016,Transit,13.64618192,0.0,,,0.19448657,0.017,0.91,5485.0
Kepler-803 b,Kepler-803,2016,Transit,50.28638192,0.0,,,0.33812115,0.0434,1.05,5919.0
Kepler-1732 b,Kepler-1732,2021,Transit,32.31240082,0.0,,,0.36569184,0.0496,1.043,5821.0
61 Vir d,61 Vir,2009,Radial Velocity,123.01,0.35,0.09,-0.09,0.456,0.072,0.942,5577.0
HD 156668 c,HD 156668,2021,Radial Velocity,811.3,0.089,0.084,-0.061,0.55,0.0991,0.785167,4903.69
WASP-126 b,WASP-126,2016,Transit,3.28883,0.18,,,0.93796109,0.28411415,1.12,5800.0
Kepler-225 c,Kepler-225,2014,Transit,18.794234,0.0,,,0.164,0.0127,0.593,3682.0
Kepler-143 b,Kepler-143,2014,Transit,16.007583,0.0,,,0.215,0.0201,0.982,5848.0
Kepler-269 b,Kepler-269,2014,Transit,5.326718,0.0,,,0.22,0.021,0.92,5847.0
Kepler-1759 b,Kepler-1759,2021,Transit,3.720230103,0.0,,,0.08062991,0.00213,0.76,5017.0
Kepler-927 b,Kepler-927,2016,Transit,9.1149903,0.0,,,0.15344812,0.0113,0.99,5743.0
Kepler-1215 b,Kepler-1215,2016,Transit,4.76703963,0.0,,,0.10884111,0.00624,0.95,5616.0
Kepler-83 c,Kepler-83,2012,Transit,20.09,0.0,,,0.211,0.00638709,0.66,4082.0
Kepler-321 b,Kepler-321,2014,Transit,4.915379,0.0,,,0.158,0.0119,1.024,5740.0
Kepler-1733 b,Kepler-1733,2021,Transit,9.229579926,0.0,,,0.32436701,0.0404,1.273,6320.0
HIP 14810 d,HIP 14810,2009,Radial Velocity,981.8,0.185,0.035,-0.035,1.26,0.59,1.01,5544.0
Kepler-367 c,Kepler-367,2014,Transit,53.578637,0.0,,,0.107,0.00588,0.768,4710.0
Kepler-176 e,Kepler-176,2016,Transit,51.16579,0.0,,,0.12936034,0.00163846,0.87,5295.0
Kepler-357 c,Kepler-357,2014,Transit,16.85837,0.0,,,0.238,0.0239,0.794,5036.0
Kepler-462 c,Kepler-462,2018,Transit,207.62,0.11,0.05,-0.02,0.3568561,0.01887802,1.59,7500.0
Kepler-865 b,Kepler-865,2016,Transit,14.16399294,0.0,,,0.22214292,0.0213,0.93,5570.0
Kepler-194 c,Kepler-194,2014,Transit,17.308032,0.0,,,0.231,0.0227,0.94,6089.0
TOI-763 c,TOI-763,2020,Transit,12.2737,0.04,0.04,-0.03,0.23463288,0.02932385,0.917,5450.0
Kepler-1244 b,Kepler-1244,2016,Transit,3.70428172,0.0,,,0.12043893,0.00752,1.46,6680.0
HD 50499 b,HD 50499,2005,Radial Velocity,2447.1,0.266,0.044,-0.044,1.2,1.636,1.253,6102.0
HD 108236 c,HD 108236,2020,Transit,6.203449,0.034,0.042,-0.025,0.18476224,0.0155,0.869,5660.0
Kepler-312 c,Kepler-312,2014,Transit,19.747412,0.0,,,0.281,0.0317,1.314,6115.0
HD 20794 f,HD 20794,2025,Radial Velocity,647.6,0.45,0.1,-0.11,0.203,0.01831177,0.79,5368.0
Proxima Cen b,Proxima Cen,2016,Radial Velocity,11.18465,0.0,,,0.0913,0.0033194,0.1221,2900.0
Kepler-374 b,Kepler-374,2014,Transit,1.897806,0.0,,,0.092,0.0034,1.033,5977.0
Kepler-744 b,Kepler-744,2016,Transit,12.06222443,0.0,,,0.14452672,0.0102,0.94,5594.0
Kepler-1761 b,Kepler-1761,2021,Transit,4.043540001,0.0,,,0.12410549,0.00791,0.573,3871.0
Kepler-1282 b,Kepler-1282,2016,Transit,2.131946513,0.0,,,0.13828174,0.00951,0.92,5504.0
Qatar-6 b,Qatar-6,2017,Transit,3.506195,0.0,,,1.062,0.668,0.822,5052.0
Kepler-1595 b,Kepler-1595,2016,Transit,4.56380468,0.0,,,0.10973325,0.00642,0.84,5203.0
HD 68988 c,HD 68988,2021,Radial Velocity,16000.0,0.45,0.13,-0.081,1.09,15.03,1.171665,5883.41
Kepler-1479 b,Kepler-1479,2016,Transit,14.53261362,0.0,,,0.16326166,0.0126,0.99,5796.0
KOI-984 c,KOI-984,2022,Transit Timing Variations,21.512,0.38,0.02,-0.02,1.25,0.66010462,0.928,5295.0
HD 99109 b,HD 99109,2005,Radial Velocity,439.29999,0.09,0.12,-0.12,1.28,0.44,0.76,5282.0
HD 22532 b,HD 22532,2022,Radial Velocity,872.6,0.03,0.03,-0.03,1.19,2.12,1.57,5038.0
Kepler-194 b,Kepler-194,2014,Transit,2.092281,0.0,,,0.135,0.00909,0.94,6089.0
Kepler-157 d,Kepler-157,2016,Transit,7.02573474,0.0,,,0.13025248,0.00859,1.02,5866.0
HD 70573 b,HD 70573,2007,Radial Velocity,851.8,0.4,0.1,-0.1,1.14,6.1,1.0,5737.0
Kepler-1418 b,Kepler-1418,2016,Transit,22.4764425,0.0,,,0.14809528,0.0107,0.77,4770.0
HD 115404 A b,HD 115404 A,2022,Radial Velocity,10.49488,0.232,0.197,-0.138,0.543,0.097,0.83,5019.17
LHS 3154 b,LHS 3154,2023,Radial Velocity,3.71778,0.076,0.057,-0.047,0.329,0.04137453,0.1118,2861.0
K2-33 b,K2-33,2016,Transit,5.424865,0.0,,,0.44963868,3.7,0.56,3540.0
Kepler-344 b,Kepler-344,2014,Transit,21.963945,0.0,,,0.233,0.023,0.931,5774.0
Kepler-661 b,Kepler-661,2016,Transit,6.029301321,0.0,,,0.27388706,0.0303,0.7,4483.0
HD 112570 b,HD 112570,2023,Radial Velocity,2615.0,0.2,0.16,-0.14,1.17,3.42,1.15,4750.0
K2-35 b,K2-35,2016,Transit,2.399964,0.13,0.173535,-0.105654,0.11776251,0.00724,0.701968,4402.71
Kepler-1468 c,Kepler-1468,2016,Transit,3.54553021,0.0,,,0.10259613,0.00505,1.04,5893.0
Kepler-96 b,Kepler-96,2014,Transit,16.2385,0.0,,,0.238,0.027,1.0,5690.0
Kepler-1371 b,Kepler-1371,2016,Transit,3.4462039,0.0,,,0.06512624,0.00099,0.87,5361.0
Kepler-180 b,Kepler-180,2014,Transit,13.817124,0.0,,,0.134,0.00899,0.95,5731.0
Kepler-1468 b,Kepler-1468,2016,Transit,8.23984869,0.0,,,0.15434026,0.0115,1.04,5893.0
Kepler-1104 b,Kepler-1104,2016,Transit,5.03728015,0.0,,,0.10973325,0.00642,1.3,6417.0
HATS-22 b,HATS-22,2017,Transit,4.7228124,0.079,0.026,-0.026,0.953,2.74,0.759,4803.0
HD 22781 b,HD 22781,2011,Radial Velocity,528.07,0.8191,0.0023,-0.0023,1.1,13.65,0.75,5027.0
NGTS-6 b,NGTS-6,2019,Transit,0.882059,0.0,,,1.326,1.339,0.767,4730.0
Kepler-1907 b,Kepler-1907,2021,Transit,5.652450085,0.0,,,0.07759227,0.00185,0.752,5159.0
Kepler-291 b,Kepler-291,2014,Transit,3.546511,0.0,,,0.193,0.0167,1.023,6002.0
Kepler-525 b,Kepler-525,2016,Transit,18.68404933,0.0,,,0.23463288,0.0233,0.95,5573.0
Kepler-1168 b,Kepler-1168,2016,Transit,55.8226539,0.0,,,0.22303506,0.0214,0.87,5157.0
TOI-5624 c,TOI-5624,2026,Transit,7.885385,0.0,,,0.22071588,0.01510249,0.858,5327.0
HD 18438 b,HD 18438,2023,Radial Velocity,803.0,0.1,0.1,-0.1,1.08,21.0,1.84,3860.0
HD 154088 b,HD 154088,2021,Radial Velocity,18.56,0.344,,,0.219,0.02076592,0.91,5374.0
Kepler-148 d,Kepler-148,2016,Transit,51.84688575,0.0,,,0.77437773,0.177,0.86,5172.0
Kepler-1056 b,Kepler-1056,2016,Transit,27.495606,0.0,,,0.26853421,0.0293,1.12,6127.0
CoRoT-9 b,CoRoT-9,2009,Transit,95.272656,0.133,0.042,-0.037,1.066,0.84,0.96,5625.0
Kepler-1180 b,Kepler-1180,2016,Transit,16.8601286,0.0,,,0.17753591,0.0145,1.09,6077.0
Kepler-1554 b,Kepler-1554,2016,Transit,198.088774,0.0,,,0.25872067,0.0275,0.84,5297.0
Kepler-1424 b,Kepler-1424,2016,Transit,29.6091744,0.0,,,0.10348827,0.00521,1.02,5838.0
Kepler-1768 b,Kepler-1768,2021,Transit,15.13589954,0.0,,,0.1992566,0.0177,1.24,6050.0
Kepler-1642 c,Kepler-1642,2016,Transit,6.6513802,0.0,,,0.23730931,0.0238,0.88,5355.0
Kepler-1534 b,Kepler-1534,2016,Transit,5.71668872,0.0,,,0.16861451,0.0133,0.9,5442.0
Kepler-234 c,Kepler-234,2014,Transit,7.21205,0.0,,,0.313,0.0381,1.129,6224.0
HAT-P-35 b,HAT-P-35,2011,Transit,3.646706,0.02,,,1.332,1.056,1.236,6096.0
Kepler-1935 b,Kepler-1935,2021,Transit,3.951400042,0.0,,,0.22327784,0.0214,0.845,5570.0
Kepler-343 c,Kepler-343,2014,Transit,23.22182,0.0,,,0.18,0.0149,1.055,5807.0
Kepler-920 c,Kepler-920,2016,Transit,100.8274113,0.0,,,0.33901329,0.0436,0.89,5403.0
Kepler-304 e,Kepler-304,2016,Transit,1.499146953,0.0,,,0.10705683,0.00588,0.8,4817.0
HD 190360 b,HD 190360,2003,Radial Velocity,2887.5,0.3342,0.0061,-0.0062,1.2,1.68959095,0.996,5560.0
Kepler-1526 b,Kepler-1526,2016,Transit,3.908632005,0.0,,,0.21679008,0.0204,0.73,4601.0
HAT-P-64 b,HAT-P-64,2021,Transit,4.007232,0.101,,,1.703,0.58,1.298,6457.0
HD 92788 b,HD 92788,2000,Radial Velocity,325.803,0.35,0.004,-0.005,1.16,3.76,1.15,5744.0
KOI-3503 b,KOI-3503,2021,Transit,21.185,0.0,,,0.10616487,0.02894644,0.858,6001.0
Kepler-1879 b,Kepler-1879,2021,Transit,10.61340046,0.0,,,0.184238,0.0155,1.023,5865.0
Kepler-526 b,Kepler-526,2016,Transit,5.458498316,0.0,,,0.17753591,0.0145,1.15,5894.0
Kepler-541 b,Kepler-541,2016,Transit,5.08005848,0.0,,,0.29975912,0.0354,1.41,6166.0
CoRoT-23 b,CoRoT-23,2011,Transit,3.6313,0.16,0.02,-0.02,1.05,2.8,1.14,5900.0
HD 28109 c,HD 28109,2022,Transit,55.99712,0.0039,0.0041,-0.0037,0.36845456,0.02894644,1.227,6189.0
Kepler-246 b,Kepler-246,2014,Transit,4.60182,0.0,,,0.209,0.0191,0.853,5206.0
Kepler-22 b,Kepler-22,2011,Transit,289.863876,0.72,,,0.18734977,0.0286318,0.857,5596.0
Kepler-818 b,Kepler-818,2016,Transit,10.035385814,0.0,,,0.45588366,0.072,0.94,5638.0
Kepler-1189 b,Kepler-1189,2016,Transit,3.78858982,0.0,,,0.15790882,0.0119,1.11,6012.0
WASP-20 b,WASP-20,2015,Transit,4.89964477,0.0,,,1.38,0.311,1.2,5940.0
WASP-182 b,WASP-182,2019,Transit,3.3769848,0.0,,,0.85,0.148,1.076,5638.0
EPIC 249893012 c,EPIC 249893012,2020,Transit,15.624,0.07,0.08,-0.05,0.32741547,0.04615675,1.05,5430.0
WASP-35 b,WASP-35,2011,Transit,3.16158,0.0,,,1.3,0.71,1.05,5990.0
Kepler-529 c,Kepler-529,2016,Transit,12.8345022,0.0,,,0.17842805,0.0147,1.07,6087.0
HD 65216 c,HD 65216,2013,Radial Velocity,5370.0,0.17,0.04,-0.04,1.19,2.03,0.874,5612.0
Kepler-313 c,Kepler-313,2014,Transit,32.273273,0.0,,,0.229,0.0224,1.114,5727.0
GJ 180 c,GJ 180,2014,Radial Velocity,24.329,0.09,0.2,-0.09,0.215,0.02013655,0.43,3371.0
TOI-3629 b,TOI-3629,2022,Transit,3.936551,0.05,0.05,-0.04,0.74,0.26,0.63,3870.0
HD 31527 d,HD 31527,2019,Radial Velocity,271.6737,0.24,0.13,-0.13,0.309,0.0372,0.96,5898.0
HAT-P-61 b,HAT-P-61,2021,Transit,1.90231289,0.113,,,0.899,1.057,1.004,5587.0
TOI-712 c,TOI-712,2022,Transit,51.69906,0.089,0.083,-0.056,0.24096749,0.0244,0.732,4622.0
TOI-2589 b,TOI-2589,2023,Transit,61.6277,0.522,0.006,-0.006,1.08,3.5,0.93,5579.0
NGTS-27 b,NGTS-27,2024,Transit,3.3704181,0.0,,,1.396,0.593,1.07,5700.0
Kepler-84 e,Kepler-84,2014,Transit,27.434389,0.0,,,0.232,0.0229,1.06,6031.0
Kepler-1011 b,Kepler-1011,2016,Transit,5.753221974,0.0,,,0.25604425,0.0271,0.91,5416.0
HD 137496 b,HD 137496,2021,Transit,1.62116,0.0,,,0.11687057,0.01271126,1.04,5799.0
Kepler-1600 b,Kepler-1600,2016,Transit,386.370548,0.0,,,0.2792399,0.0313,0.86,5214.0
Kepler-49 c,Kepler-49,2012,Transit,10.91,0.008,0.023,-0.005,0.21803945,0.02636643,0.607,4095.6
HD 24064 b,HD 24064,2015,Radial Velocity,535.59998,0.35,0.08,-0.08,1.1,12.89,1.61,4052.0
Kepler-441 b,Kepler-441,2015,Transit,207.2482,0.1,0.11,-0.1,0.15,0.0105,0.572,4340.0
Kepler-126 c,Kepler-126,2014,Transit,21.869741,0.19,0.18,-0.19,0.141,0.00402415,1.108,6239.0
OGLE-2016-BLG-1190L b,OGLE-2016-BLG-1190L,2017,Microlensing,1220.0,0.42,0.13,-0.23,1.1,13.38,0.88,
K2-14 b,K2-14,2015,Transit,8.36802,0.14,0.157139,-0.112926,0.42911946,0.065,0.47,3789.0
Kepler-748 b,Kepler-748,2016,Transit,7.40742793,0.0,,,0.22481934,0.0217,1.07,5934.0
GJ 367 c,GJ 367,2023,Radial Velocity,11.5301,0.09,0.07,-0.07,0.166,0.01299443,0.455,3522.0
Kepler-1349 b,Kepler-1349,2016,Transit,2.12823928,0.0,,,0.06244982,0.000852,1.16,6086.0
Kepler-394 d,Kepler-394,2021,Transit,5.613580227,0.0,,,0.13388087,0.009,1.141,6398.0
TOI-2048 b,TOI-2048,2022,Transit,13.79019,0.13,0.18,-0.09,0.232849,0.023,0.83,5185.0
Kepler-619 c,Kepler-619,2016,Transit,1.208465026,0.0,,,0.1507717,0.011,1.09,5980.0
Kepler-253 b,Kepler-253,2014,Transit,3.783986,0.0,,,0.145,0.0104,0.86,5208.0
K2-113 b,K2-113,2017,Transit,5.817685,0.0,,,1.08305826,1.29,1.04,5660.0
Kepler-898 b,Kepler-898,2016,Transit,5.8706191,0.0,,,0.1329289,0.00889,0.65,4223.0
TOI-2107 b,TOI-2107,2024,Transit,2.4545467,0.033,0.038,-0.023,1.211,0.83,0.961,5627.0
WASP-58 b,WASP-58,2012,Transit,5.01718,0.0,,,1.43,0.97,1.06,5800.0
HD 33844 c,HD 33844,2015,Radial Velocity,916.0,0.13,0.1,-0.1,1.2,1.75,1.78,4861.0
Kepler-139 c,Kepler-139,2014,Transit,157.072878,0.0,,,0.302,0.04090257,1.078,5594.0
DP Leo b,DP Leo,2009,Eclipse Timing Variations,10220.0,0.39,0.13,-0.13,1.14,6.28,0.69,13500.0
G 192-15 c,G 192-15,2025,Radial Velocity,1219.0,0.676,0.063,-0.073,0.345,0.04499283,0.132,2999.0
Kepler-641 b,Kepler-641,2016,Transit,9.48961571,0.0,,,0.16504595,0.0128,1.02,5713.0
75 Cet b,75 Cet,2012,Radial Velocity,696.62,0.093,0.026,-0.042,1.18,2.479,1.92,4809.0
HD 164595 b,HD 164595,2015,Radial Velocity,40.0,0.088,0.12,-0.066,0.371,0.05078186,0.99,5790.0
GJ 3473 c,GJ 3473,2020,Radial Velocity,15.509,0.0,,,0.235,0.02331435,0.36,3347.0
Kepler-217 c,Kepler-217,2014,Transit,8.586004,0.0,,,0.165,0.0128,1.342,6171.0
Kepler-235 d,Kepler-235,2014,Transit,20.060548,0.0,,,0.183,0.0153,0.581,4255.0
Kepler-642 b,Kepler-642,2016,Transit,4.41745855,0.0,,,0.25872067,0.0275,1.4,6570.0
Kepler-457 d,KOI-7892,2021,Transit,10.6906004,0.0,,,0.26627511,0.0289,1.148,6474.0
HD 180314 b,HD 180314,2010,Radial Velocity,394.73,0.247,0.009,-0.009,1.07,22.707,2.6,4917.0
Kepler-868 b,Kepler-868,2016,Transit,5.03251791,0.0,,,0.18288875,0.0153,0.93,5614.0
Kepler-551 b,Kepler-551,2016,Transit,12.3764661,0.0,,,0.24355429,0.0249,0.65,4286.0
bet Cnc b,bet Cnc,2014,Radial Velocity,605.2,0.08,0.02,-0.02,1.12,7.8,1.7,4092.1
Kepler-153 b,Kepler-153,2014,Transit,18.870227,0.0,,,0.261,0.0279,0.756,5404.0
Kepler-181 c,Kepler-181,2014,Transit,4.302149,0.0,,,0.178,0.0145,0.81,5333.0
KOI-217 b,KOI-217,2010,Transit,3.90512,0.0,,,1.11,,0.95,5545.0
HD 97037 b,HD 97037,2022,Radial Velocity,6449.08337,0.357,0.027,-0.03,1.08,21.105,1.06,5874.1
Kepler-776 b,Kepler-776,2016,Transit,4.89718784,0.0,,,0.11419395,0.00687,0.83,5071.0
HD 30177 c,HD 30177,2016,Radial Velocity,11320.0,0.21,0.01,-0.02,1.15,4.67,0.98,5680.0
TOI-712 b,TOI-712,2022,Transit,9.531361,0.54,0.26,-0.2,0.18279985,0.0153,0.732,4622.0
V1298 Tau b,V1298 Tau,2019,Transit,24.140006,0.0079,0.0041,-0.0041,0.83950542,0.04121721,1.1,4970.0
DMPP-2 b,DMPP-2,2019,Radial Velocity,5.203,0.06,,,1.27,0.53953642,1.41,6500.0
TOI-3288 b,TOI-3288,2025,Transit,1.4338647,0.021,0.026,-0.015,1.092,1.687,0.643,4072.0
Kepler-1413 b,Kepler-1413,2016,Transit,13.1829642,0.0,,,0.16236952,0.0125,0.84,5196.0
HIP 5158 c,HIP 5158,2011,Radial Velocity,9017.76,0.14,0.1,-0.1,1.09,15.04,0.78,4813.0
HATS-60 b,HATS-60,2018,Transit,3.560829,0.191,,,1.153,0.662,1.097,5688.0
Kepler-465 b,Kepler-465,2016,Transit,9.940672466,0.0,,,0.26318137,0.0283,1.23,6310.0
Kepler-953 c,Kepler-953,2016,Transit,9.10967112,0.0,,,0.10616469,0.0057,0.95,5416.0
HD 189567 b,HD 189567,2021,Radial Velocity,14.288,0.189,,,0.254,0.02674399,0.83,5726.0
Wolf 503 b,Wolf 503,2018,Transit,6.00127,0.41,0.05,-0.05,0.18226457,0.01969616,0.688,4716.0
Kepler-1525 b,Kepler-1525,2016,Transit,2.416601183,0.0,,,0.08118476,0.00218,1.07,5748.0
Kepler-1009 b,Kepler-1009,2016,Transit,11.35011917,0.0,,,0.19359443,0.0168,0.59,4027.0
TOI-1075 b,TOI-1075,2022,Transit,0.6047328,0.0,,,0.15978259,0.0313062,0.604,3875.0
Kepler-250 c,Kepler-250,2014,Transit,7.156804,0.0,,,0.203,0.0183,0.806,5160.0
HD 215497 c,HD 215497,2009,Radial Velocity,566.0,0.47,0.03,-0.04,1.16,0.35,0.92,5113.0
Kepler-1420 b,Kepler-1420,2016,Transit,6.69960006,0.0,,,0.11419395,0.00687,0.82,5187.0
TOI-672 b,TOI-672,2023,Transit,3.633581,0.0,,,0.47372729,0.16014931,0.54,3810.0
TOI-1696 b,TOI-1696,2022,Transit,2.500311,0.0,,,0.27567181,0.15354197,0.255,3185.0
Kepler-1514 c,Kepler-1514,2020,Transit,10.514181,0.32,0.35,-0.19,0.1049,0.00546,1.196,6145.0
HD 95089 c,HD 95089,2016,Radial Velocity,1785.0,0.284,0.042,-0.042,1.17,3.45,1.54,4918.0
Kepler-1562 b,Kepler-1562,2016,Transit,64.2737752,0.0,,,0.31670979,0.0388,1.02,5760.0
HD 20781 d,HD 20781,2019,Radial Velocity,29.158,0.11,0.05,-0.06,0.29,0.0334,0.7,5256.0
Kepler-79 e,Kepler-79,2014,Transit,81.0665,0.025,0.013,-0.011,0.31492605,0.01195614,1.244,6389.0
Kepler-235 c,Kepler-235,2014,Transit,7.824904,0.0,,,0.114,0.00687,0.581,4255.0
HATS-31 b,HATS-31,2016,Transit,3.37796,0.233,,,1.64,0.88,1.275,6050.0
Kepler-20 d,Kepler-20,2011,Transit,77.611455,0.082,,,0.23249215,0.04216111,0.929,5495.0
HD 69830 b,HD 69830,2006,Radial Velocity,8.667,0.1,0.04,-0.04,0.283,0.0321,0.86,5385.0
TOI-1130 b,TOI-1130,2020,Transit,4.074554,0.052162,0.000956,-2e-06,0.32652389,0.06229777,0.745,4360.0
DMPP-1 c,DMPP-1,2019,Radial Velocity,10.03,0.22,,,0.295,0.03442109,1.21,6196.0
TOI-1268 b,TOI-1268,2022,Transit,8.1577094,0.105,0.04,-0.039,0.81184902,0.30330832,0.96,5300.0
Kepler-947 b,Kepler-947,2016,Transit,26.9644317,0.0,,,0.20340798,0.0183,0.9,5508.0
TOI-1246 c,TOI-1246,2022,Transit,5.904137,0.0,,,0.21867273,0.0286318,0.8889,5213.0
Kepler-1402 b,Kepler-1402,2016,Transit,2.03387914,0.0,,,0.06780266,0.00114,0.9,5416.0
HD 204313 e,HD 204313,2022,Radial Velocity,7325.64666,0.253,0.071,-0.065,1.09,15.317,1.03,5767.0
Kepler-454 d,Kepler-454,2023,Radial Velocity,4073.0,0.089,0.036,-0.027,1.19,2.31,1.03,5687.0
K2-27 b,K2-27,2016,Transit,6.771347,0.251,0.088,-0.088,0.4228752,0.09501983,0.88,5246.0
gam1 Leo b,gam1 Leo,2009,Radial Velocity,428.5,0.144,0.046,-0.046,1.12,8.78,1.23,4330.0
Kepler-689 b,Kepler-689,2016,Transit,22.36656079,0.0,,,0.25782853,0.0274,0.91,5518.0
TOI-677 b,TOI-677,2020,Transit,11.2365985,0.46,0.019,-0.018,1.17,1.234,1.181,6295.0
NGC 2682 YBP 1194 b,NGC 2682 YBP 1194,2014,Radial Velocity,6.959,0.3,0.08,-0.08,1.1,0.32,1.01,5780.0
HD 211970 b,HD 211970,2019,Radial Velocity,25.201,0.15,0.1,-0.1,0.327,0.04090237,0.61,4127.0
Kepler-271 b,Kepler-271,2014,Transit,10.43547805,0.0,,,0.10973325,0.00642,0.9,5555.0
CoRoT-24 c,CoRoT-24,2014,Transit,11.759,0.0,,,0.44,0.088,0.91,4950.0
K2-21 c,K2-21,2015,Transit,15.50192,0.21,0.20677,-0.173719,0.22214292,0.0213,0.676023,4222.06
Kepler-1205 b,Kepler-1205,2016,Transit,1.078390352,0.0,,,0.12579177,0.00809,0.84,5226.0
Kepler-1814 c,Kepler-1814,2023,Transit,0.626281766,0.0,,,0.15701695,0.0118,0.79,4922.0
HD 73526 c,HD 73526,2005,Radial Velocity,379.1,0.28,0.05,-0.05,1.19,2.25,1.014,5601.0
Kepler-1067 c,Kepler-1067,2021,Transit,5.425839901,0.0,,,0.15584149,0.0116,0.981,5594.0
HD 94771 b,HD 94771,2023,Radial Velocity,2164.0,0.39,0.05,-0.04,1.27,0.53,1.2,5631.0
Kepler-336 c,Kepler-336,2014,Transit,9.600001,0.0,,,0.187,0.0159,1.09,5867.0
Kepler-252 b,Kepler-252,2014,Transit,6.668391,0.0,,,0.11,0.00642,0.61,4208.0
WASP-75 b,WASP-75,2013,Transit,2.484193,0.0,,,1.27,1.07,1.14,6100.0
Kepler-1181 b,Kepler-1181,2016,Transit,4.89337519,0.0,,,0.14006602,0.00972,1.17,6176.0
TOI-6884 b,TOI-6884,2026,Transit,4.808264,0.067,0.01,-0.012,0.927,26.32,1.41,6330.0
Kepler-423 b,Kepler-423,2014,Transit,2.6843285,0.019,0.028,-0.014,1.192,0.595,0.85,5560.0
HD 47366 b,HD 47366,2016,Radial Velocity,360.08,0.071,0.03,-0.046,1.19,2.082,1.81,4866.0
Kepler-65 d,Kepler-65,2012,Transit,8.13123,0.014,0.016,-0.01,0.136,0.013,1.25,6211.0
K2-79 b,K2-79,2016,Transit,10.995039,0.032,0.057,-0.025,0.37023884,0.01856348,1.06,5897.0
Kepler-1395 b,Kepler-1395,2016,Transit,3.78470649,0.0,,,0.07137122,0.00137,1.17,6138.0
HD 122562 c,HD 122562,2022,Radial Velocity,84.96276,0.228,0.139,-0.113,0.903,0.23,1.241,4956.0
Kepler-201 b,Kepler-201,2014,Transit,25.672083,0.0,,,0.219,0.0208,1.098,6065.0
Kepler-1518 b,Kepler-1518,2016,Transit,5.11177904,0.0,,,0.27210277,0.03,1.54,6846.0
Kepler-1383 b,Kepler-1383,2016,Transit,13.9093583,0.0,,,0.12579177,0.00809,1.26,6370.0
Kepler-229 c,Kepler-229,2014,Transit,16.068638,0.0,,,0.439,0.0676,0.808,5120.0
Kepler-800 b,Kepler-800,2016,Transit,14.13176026,0.0,,,0.25425997,0.0267,0.85,5315.0
Kepler-561 b,Kepler-561,2016,Transit,58.3620495,0.0,,,0.62092961,0.122,0.96,5646.0
HD 21693 b,HD 21693,2019,Radial Velocity,22.6786,0.12,0.09,-0.08,0.25,0.0259,0.8,5430.0
GJ 4276 b,GJ 4276,2019,Radial Velocity,13.352,0.37,0.03,-0.03,0.377,0.05213479,0.406,3387.0
14 Her b,14 Her,2002,Radial Velocity,1766.41,0.3683,0.0029,-0.0029,1.12,8.9,0.97,5338.0
Kepler-1272 b,Kepler-1272,2016,Transit,51.1309704,0.0,,,0.21143724,0.0195,1.06,5926.0
GJ 229 b,GJ 229,2014,Radial Velocity,579.47495,0.404,0.105,-0.124,0.354,0.047,0.509,3564.0
WASP-47 e,WASP-47,2015,Transit,0.78961,0.0,,,0.16326195,0.02831717,1.058,5565.0
Kepler-137 c,Kepler-137,2014,Transit,18.735753,0.0,,,0.168,0.0132,0.85,5187.0
HD 47536 b,HD 47536,2002,Radial Velocity,712.13,0.2,0.08,-0.08,1.13,7.32,2.1,4380.0
TOI-782 b,TOI-782,2024,Transit,8.0240015,0.19,0.09,-0.11,0.24391156,0.06009532,0.397,3370.0
GJ 414 A b,GJ 414 A,2021,Radial Velocity,50.8,0.45,0.19,-0.22,0.23463288,0.02391215,0.65,4120.0
Kepler-309 c,Kepler-309,2014,Transit,105.356383,0.0,,,0.224,0.0215,0.816,4713.0
HAT-P-65 b,HAT-P-65,2016,Transit,2.60544751,0.304,,,1.611,0.554,1.297,5872.0
GJ 422 b,GJ 422,2014,Radial Velocity,20.129,0.11,0.04,-0.04,0.297,0.03482994,0.35,3323.0
HD 48948 b,HD 48948,2024,Radial Velocity,7.34013,0.055,0.043,-0.043,0.183,0.0153542,0.686,4593.0
Kepler-722 b,Kepler-722,2016,Transit,4.093573252,0.0,,,0.23463288,0.0233,1.03,5863.0
HD 220074 b,HD 220074,2012,Radial Velocity,672.09998,0.14,0.05,-0.05,1.09,16.64,2.2,3787.0
24 Boo b,24 Boo,2018,Radial Velocity,30.33,0.032,0.039,-0.023,1.24,0.883,1.05,4816.0
HD 180617 b,HD 180617,2018,Radial Velocity,105.911,0.101,0.053,-0.053,0.315,0.03842935,0.484,3534.0
HD 74156 c,HD 74156,2003,Radial Velocity,2448.48726,0.377,0.006,-0.006,1.12,8.665,1.1,6068.0
Kepler-1478 b,Kepler-1478,2016,Transit,26.0840594,0.0,,,0.15434026,0.0115,1.04,5904.0
Kepler-418 c,Kepler-418,2021,Transit,12.21829987,0.0,,,0.46579494,0.0747,0.957,5822.0
Kepler-333 c,Kepler-333,2014,Transit,24.08821,0.0,,,0.099,0.00444,0.601,4259.0
HD 79498 b,HD 79498,2011,Radial Velocity,1807.0,0.575,0.023,-0.023,1.22,1.34,1.08,5748.0
Kepler-203 c,Kepler-203,2014,Transit,5.370647,0.0,,,0.22,2.36,1.06,5821.0
TOI-1203.01,TOI-1203,2021,Transit,25.502672,0.032,0.034,-0.023,0.26032697,0.02325154,0.886,5737.0
Kepler-238 d,Kepler-238,2014,Transit,13.233549,0.0,,,0.274,0.07268073,1.229,5751.0
Kepler-221 b,Kepler-221,2014,Transit,2.795906,0.0,,,0.153,0.01873889,0.854,5243.0
Kepler-745 b,Kepler-745,2016,Transit,9.93143556,0.0,,,0.19270229,0.0167,1.04,5849.0
Kepler-810 b,Kepler-810,2016,Transit,4.59725385,0.0,,,0.17218307,0.0138,1.03,5803.0
Kepler-1365 c,Kepler-1365,2016,Transit,4.77468005,0.0,,,0.07137122,0.00137,1.0,5770.0
Kepler-353 b,Kepler-353,2014,Transit,5.795278,0.0,,,0.079,0.00201,0.553,3903.0
HD 28109 d,HD 28109,2022,Transit,84.2899,0.0054,0.0027,-0.0036,0.27745609,0.01824884,1.227,6189.0
CoRoT-21 b,CoRoT-21,2012,Transit,2.72474,0.0,,,1.3,2.26,1.29,6200.0
HD 20003 c,HD 20003,2019,Radial Velocity,33.9239,0.1,0.08,-0.07,0.347,0.0454,0.875,5494.0
Kepler-716 b,Kepler-716,2016,Transit,10.37168453,0.0,,,0.25872067,0.0275,0.83,5099.0
TOI-4034 b,TOI-4034,2026,Transit,1.8020932,0.0,,,1.58,0.87,1.19,5891.0
Kepler-101 b,Kepler-101,2014,Transit,3.4876812,0.086,0.08,-0.059,0.51,0.16,1.17,5667.0
GJ 367 d,GJ 367,2023,Radial Velocity,34.369,0.14,0.09,-0.09,0.208,0.0189725,0.455,3522.0
HAT-P-4 b,HAT-P-4,2007,Transit,3.056536,0.0,,,1.274,0.671,1.248,5860.0
Kepler-619 d,Kepler-619,2023,Transit,11.67894236,0.0,,,0.37202312,0.051,1.041,6122.0
Kepler-411 c,Kepler-411,2016,Transit,7.834435,0.108,0.003,-0.004,0.3944152,0.08306327,0.87,4974.0
Kepler-1601 b,Kepler-1601,2016,Transit,2.20921951,0.0,,,0.0731555,0.0015,1.04,5869.0
HD 134606 b,HD 134606,2024,Radial Velocity,12.089,0.092,0.054,-0.053,0.265,0.02860034,1.046,5576.0
K2-66 b,K2-66,2016,Transit,5.06963,0.0,,,0.22214292,0.06701696,1.11,5887.0
TOI-1691 b,TOI-1691,2024,Transit,16.736888935,0.0,,,0.32652389,0.04593674,1.03,5759.0
HD 20003 b,HD 20003,2019,Radial Velocity,11.8482,0.36,0.05,-0.05,0.306,0.0367,0.875,5494.0
GJ 667 C g,GJ 667 C,2013,Radial Velocity,256.2,0.08,0.41,-0.08,0.177,0.014,0.33,3350.0
Kepler-1026 b,Kepler-1026,2016,Transit,36.5156053,0.0,,,0.19716299,0.0174,0.79,4948.0
Kepler-445 b,Kepler-445,2015,Transit,2.984151,0.0,,,0.14,0.00982,0.18,3157.0
K2-117 b,K2-117,2017,Transit,1.2916,0.06,0.138304,-0.053132,0.18110447,0.015,0.54,3778.0
Kepler-138 d,Kepler-138,2014,Transit,23.0923,0.01,0.005,-0.005,0.13471341,0.00660734,0.535,3841.0
Kepler-540 b,Kepler-540,2016,Transit,172.7049784,0.0,,,0.24177001,0.0245,1.02,5946.0
Kepler-33 c,Kepler-33,2011,Transit,13.17562,0.0,,,0.285,0.00122707,1.291,5904.0
Kepler-583 b,Kepler-583,2016,Transit,6.5100253,0.0,,,0.20340798,0.0183,0.94,5523.0
HD 62364 c,HD 62364,2022,Radial Velocity,74839.94555,0.773,0.009,-0.009,1.07,24.93,1.19,6255.0
Kepler-1649 c,Kepler-1649,2020,Transit,19.53527,0.0,,,0.09456687,0.00377,0.1977,3240.0
Kepler-1167 b,Kepler-1167,2016,Transit,1.003933739,0.0,,,0.15255598,0.0112,0.79,4971.0
HD 100508 b,HD 100508,2026,Radial Velocity,5681.0,0.42,0.02,-0.02,1.22,1.2,0.94,5419.0
WASP-57 b,WASP-57,2012,Transit,2.83891856,0.0,,,1.05,0.644,0.886,5600.0
Kepler-1779 b,Kepler-1779,2021,Transit,16.34359932,0.0,,,0.27058275,0.0297,1.008,5730.0
Kepler-1770 b,Kepler-1770,2021,Transit,16.84189987,0.0,,,0.25349473,0.0266,0.941,5602.0
Kepler-216 b,Kepler-216,2014,Transit,7.693641,0.0,,,0.21,0.0193,1.126,6091.0
Kepler-529 d,Kepler-529,2021,Transit,35.86619949,0.0,,,0.24935595,0.0259,1.005,6078.0
Kepler-381 d,Kepler-381,2021,Transit,8.256299973,0.0,,,0.09517248,0.00386,1.198,6197.0
Kepler-296 d,Kepler-296,2014,Transit,19.850291,0.33,,,0.18645731,0.0158,0.498,3740.0
Kepler-1739 b,Kepler-1739,2021,Transit,7.343709946,0.0,,,0.21684115,0.0204,0.865,5757.0
Kepler-278 b,Kepler-278,2014,Transit,30.1556,0.696,0.017,-0.026,0.35284207,0.1761957,1.227,4965.0
Kepler-615 b,Kepler-615,2016,Transit,10.35584657,0.0,,,0.1552324,0.0116,0.73,4655.0
TOI-6383 A b,TOI-6383 A,2024,Transit,1.79058695,0.05,0.042,-0.033,1.008,1.04,0.458,3444.0
Kepler-1638 b,Kepler-1638,2016,Transit,259.33683,0.0,,,0.16683023,0.0131,0.97,5710.0
Kepler-1254 d,Kepler-1254,2016,Transit,5.72717226,0.0,,,0.11687037,0.00714,0.78,4985.0
Kepler-752 b,Kepler-752,2016,Transit,18.82747265,0.0,,,0.25069141,0.0261,0.87,5373.0
Kepler-1692 b,Kepler-1692,2020,Transit,5.95966,0.0,,,0.09918564,0.00447,0.87,5146.0
K2-45 b,K2-45,2016,Transit,1.7292684,0.1,0.142951,-0.084953,0.5986261,0.114,0.503,4103.0
TOI-4504 b,TOI-4504,2024,Transit,2.42614,0.0,,,0.24007535,0.0243,0.89,5315.0
Kepler-148 b,Kepler-148,2014,Transit,1.729366,0.0,,,0.161,0.0123,0.86,5272.0
Kepler-1760 b,Kepler-1760,2021,Transit,38.3260994,0.0,,,0.20429649,0.0184,0.821,5229.0
HD 167768 b,HD 167768,2022,Radial Velocity,20.6532,0.149,0.101,-0.096,1.24,0.85,1.08,4851.0
Kepler-6 b,Kepler-6,2009,Transit,3.2346996,0.0,,,1.304,0.668,1.209,5647.0
Kepler-1756 b,Kepler-1756,2021,Transit,2.355750084,0.0,,,0.13132322,0.00871,0.781,4915.0
TOI-4504 d,TOI-4504,2024,Transit Timing Variations,40.5634,0.0445,0.001,-0.0009,1.21,1.4166,0.89,5315.0
Kepler-299 e,Kepler-299,2014,Transit,38.285489,0.0,,,0.167,0.0131,1.004,5617.0
Kepler-1064 b,Kepler-1064,2016,Transit,16.54080322,0.0,,,0.13828174,0.00951,0.85,5153.0
Kepler-766 b,Kepler-766,2016,Transit,6.10027804,0.0,,,0.30243554,0.0359,1.1,5992.0
HD 96700 b,HD 96700,2021,Radial Velocity,8.1245,0.138,,,0.261,0.02800253,0.89,5845.0
Kepler-373 b,Kepler-373,2014,Transit,5.535309,0.0,,,0.121,0.00761,0.981,5787.0
GJ 876 b,GJ 876,1998,Radial Velocity,61.1166,0.0324,0.0013,-0.0013,1.19,2.2756,0.32,3293.74
HD 164604 b,HD 164604,2009,Radial Velocity,653.9,0.479,0.027,-0.021,1.1,13.2,0.77,4663.0
NN Ser d,NN Ser,2010,Eclipse Timing Variations,2880.0,0.24,0.03,-0.03,1.19,2.28,0.535,57000.0
Kepler-208 b,Kepler-208,2014,Transit,4.22864,0.0,,,0.145,0.0104,1.082,6092.0
HATS-13 b,HATS-13,2015,Transit,3.0440499,0.181,,,1.212,0.543,0.962,5523.0
Kepler-1146 b,Kepler-1146,2016,Transit,2.352265797,0.0,,,0.10973325,0.00642,0.74,4692.0
TOI-5300 b,TOI-5300,2025,Transit,2.262196,0.0,,,0.88,0.6,0.67,4610.0
WASP-100 b,WASP-100,2014,Transit,2.84938,0.0,,,1.33,1.26,0.77,6900.0
Kepler-1643 b,Kepler-1643,2016,Transit,5.342657,0.0,,,0.207,0.0189,0.845,4916.0
XO-4 b,XO-4,2010,Transit,4.12508,0.0,,,1.25,1.42,1.1,6397.0
Kepler-1969 b,Kepler-1969,2021,Transit,6.647520065,0.0,,,0.15002345,0.0109,1.111,6046.0
WASP-13 b,WASP-13,2009,Transit,4.35301,0.0,,,1.22,0.36,0.72,5950.0
Kepler-1963 b,Kepler-1963,2021,Transit,1.962260008,0.0,,,0.06640838,0.00106,0.915,5726.0
Kepler-48 f,Kepler-48,2023,Radial Velocity,5219.681854,0.015283,0.13506,-0.13506,1.23,0.93944088,0.916,5190.0
Kepler-426 b,Kepler-426,2014,Transit,3.21751883,0.18,,,1.09,0.34,0.91,5725.0
Kepler-82 f,Kepler-82,2019,Transit Timing Variations,75.732,0.0014,0.0018,-0.001,0.432,0.06575842,0.91,5401.0
NGTS-33 b,NGTS-33,2024,Transit,2.827972,0.0,,,1.64,3.63,1.6,7437.0
HD 113337 b,HD 113337,2013,Radial Velocity,317.58639,0.28,0.036,-0.041,1.17,3.259,1.41,6774.0
Kepler-1834 b,Kepler-1834,2021,Transit,4.603010178,0.0,,,0.13019769,0.00858,0.765,4821.0
GJ 411 b,GJ 411,2019,Radial Velocity,12.9394,0.063,0.061,-0.043,0.129,0.00846369,0.3899,3719.0
Kepler-122 e,Kepler-122,2014,Transit,37.993273,0.0,,,0.232,0.087,0.982,6050.0
Kepler-1276 b,Kepler-1276,2016,Transit,12.5720095,0.0,,,0.10616469,0.0057,1.14,6188.0
Kepler-1653 b,Kepler-1653,2017,Transit,140.2524,0.0,,,0.19359443,0.0168,0.719,4807.0
Kepler-1410 b,Kepler-1410,2016,Transit,60.866168,0.0,,,0.15880096,0.012,0.63,4092.0
Kepler-1864 b,Kepler-1864,2021,Transit,3.881510019,0.0,,,0.06727495,0.00111,1.03,5854.0
Kepler-1750 b,Kepler-1750,2021,Transit,205.9120026,0.0,,,0.53567283,0.0947,0.981,5644.0
WASP-24 b,WASP-24,2010,Transit,2.34121,0.0,,,1.38,1.24,1.43,6075.0
KELT-8 b,KELT-8,2015,Transit,3.24406,0.04,0.05,-0.05,1.62,0.66,0.81,5754.0
Kepler-304 d,Kepler-304,2014,Transit,9.653471,0.0,,,0.245,0.0252,0.737,4731.0
HD 331093 b,HD 331093,2021,Radial Velocity,621.62,0.59,0.03,-0.03,1.21,1.5,1.03,5544.0
K2-110 b,K2-110,2017,Transit,13.86375,0.13,,,0.23124315,0.05002699,0.738,5010.0
K2-32 d,K2-32,2016,Transit,31.71701,0.05,0.053,-0.035,0.3108222,0.02108056,0.83,5271.0
Kepler-1101 b,Kepler-1101,2016,Transit,81.3151059,0.0,,,0.22035864,0.021,0.94,5614.0
Kepler-58 d,Kepler-58,2014,Transit,40.101371,0.0,,,0.262,0.7719354,1.024,6099.0
Kepler-1090 b,Kepler-1090,2016,Transit,198.680179,0.0,,,0.20073156,0.0179,0.86,5321.0
DMPP-1 b,DMPP-1,2019,Radial Velocity,17.812,0.2,,,0.38,0.05285871,1.21,6196.0
Kepler-1110 b,Kepler-1110,2016,Transit,9.69312032,0.0,,,0.23730931,0.0238,0.73,4781.0
HD 67087 b,HD 67087,2015,Radial Velocity,352.2,0.17,0.07,-0.07,1.17,3.06,1.36,6330.0
Kepler-334 d,Kepler-334,2014,Transit,25.09849,0.0,,,0.126,0.00809,1.022,5828.0
HD 204941 b,HD 204941,2011,Radial Velocity,1733.0,0.37,0.08,-0.08,0.903,0.23,0.58,5026.0
TOI-1470 b,TOI-1470,2023,Transit,2.527093,0.3,,,0.19448691,0.0230313,0.471,3709.0
TOI-4342 c,TOI-4342,2023,Transit,10.688662,0.0,,,0.2095641,0.01510249,0.587,3866.0
HD 68988 b,HD 68988,2001,Radial Velocity,6.27711,0.12,0.01,-0.01,1.2,1.97,1.28,5932.0
TOI-2207 b,TOI-2207,2022,Transit,8.001968,0.174,0.048,-0.052,0.995,0.64,1.296,6101.0
HD 48265 c,HD 48265,2026,Radial Velocity,10418.0,0.41,0.08,-0.06,1.15,4.45,1.38,5805.0
K2-3 b,K2-3,2015,Transit,10.0546535,0.107,0.057,-0.059,0.18538706,0.01607786,0.549,3844.0
OGLE-TR-182 b,OGLE-TR-182,2007,Transit,3.9791,0.0,,,1.13,1.01,1.14,5924.0
HD 96700 d,HD 96700,2021,Radial Velocity,103.5,0.27,0.08,-0.08,0.322,0.03995867,0.89,5845.0
Kepler-208 d,Kepler-208,2014,Transit,11.131786,0.0,,,0.107,0.00588,1.082,6092.0
Kepler-1129 c,Kepler-1129,2016,Transit,76.5369586,0.0,,,0.24355429,0.0249,1.0,5831.0
Kepler-1553 b,Kepler-1553,2016,Transit,4.24261881,0.0,,,0.10259613,0.00505,0.85,5288.0
Kepler-1374 b,Kepler-1374,2016,Transit,10.65276707,0.0,,,0.20430012,0.0184,0.85,5323.0
WASP-139 b,WASP-139,2016,Transit,5.924262,0.0,,,0.8,0.117,0.92,5310.0
HD 4113 b,HD 4113,2007,Radial Velocity,526.5239,0.899,0.004,-0.003,1.2,1.703,1.008,5688.0
Kepler-639 b,Kepler-639,2016,Transit,10.21420496,0.0,,,0.21232938,0.0197,1.14,5896.0
Kepler-655 b,Kepler-655,2016,Transit,46.4063358,0.0,,,0.24177001,0.0245,1.15,6170.0
HAT-P-14 b,HAT-P-14,2010,Transit,4.62767,0.11,0.01,-0.01,1.42,3.44,2.65,6600.0
Kepler-1461 b,Kepler-1461,2016,Transit,29.3494775,0.0,,,0.18110447,0.015,0.79,4919.0
GJ 251 b,GJ 251,2020,Radial Velocity,14.237,0.0,,,0.16,0.01211345,0.35,3342.0
NGTS-23 b,NGTS-23,2022,Transit,4.0764326,0.0,,,1.267,0.613,1.01,6057.0
HD 13808 c,HD 13808,2021,Radial Velocity,53.753,0.156,0.05,-0.061,0.279,0.03133751,0.771,5035.0
HD 125136 b,HD 125136,2026,Radial Velocity,849.77,0.05,0.06,-0.04,1.19,2.26,1.55,4959.0
HD 108874 b,HD 108874,2002,Radial Velocity,394.48123,0.13,0.02,-0.02,1.21,1.42,1.1,5600.0
Kepler-340 b,Kepler-340,2014,Transit,14.844387,0.0,,,0.226,0.0218,1.65,6620.0
Kepler-252 c,Kepler-252,2014,Transit,10.848463,0.0,,,0.192,0.0166,0.61,4208.0
HD 125271 b,HD 125271,2022,Radial Velocity,14901.99295,0.165,0.066,-0.061,1.11,10.904,0.75,4703.93
TOI-2669 b,TOI-2669,2022,Transit,6.2034,0.09,0.05,-0.05,1.76,0.61,1.19,4800.0
WASP-93 b,WASP-93,2016,Transit,2.7325321,0.0,,,1.597,1.47,1.334,6700.0
Kepler-299 b,Kepler-299,2014,Transit,2.927128,0.0,,,0.118,0.00724,1.004,5617.0
Kepler-276 b,Kepler-276,2014,Transit,14.12841,0.0,,,0.256,2.3006408,0.845,6105.0
Kepler-958 b,Kepler-958,2016,Transit,9.7678805,0.0,,,0.18378089,0.0154,0.91,5421.0
Kepler-381 b,Kepler-381,2014,Transit,5.629021,0.0,,,0.088,0.00295,1.144,6152.0
Kepler-202 b,Kepler-202,2014,Transit,4.069427,0.0,,,0.145,0.0104,0.683,4668.0
Kepler-1624 b,Kepler-1624,2016,Transit,3.290314,0.0,,,0.58792143,0.111,0.541,3768.0
TOI-198 b,TOI-198,2023,Transit,10.215213,0.15,,,0.12133128,0.00997394,0.417,3801.0
Kepler-963 b,Kepler-963,2016,Transit,9.97683705,0.0,,,0.23730931,0.0238,0.91,5461.0
Kepler-846 b,Kepler-846,2016,Transit,19.80792185,0.0,,,0.22125078,0.0211,0.94,5579.0
TOI-561 b,TOI-561,2020,Transit,0.4465697,0.0,,,0.12463221,0.00635563,0.806,5342.0
YZ Cet b,YZ Cet,2017,Radial Velocity,2.02087,0.06,0.06,-0.04,0.0814,0.00220245,0.142,3151.0
HD 135872 b,HD 135872,2022,Radial Velocity,2422.32597,0.164,0.075,-0.064,1.14,5.489,1.646,4992.0
WASP-188 b,WASP-188,2025,Transit,5.748916,0.0,,,1.322,1.443,1.5,6850.0
K2-36 b,K2-36,2016,Transit,1.422614,0.093,,,0.12757627,0.01352931,0.79,4916.0
WASP-97 b,WASP-97,2014,Transit,2.07276,0.0,,,1.14,1.36,1.18,5640.0
Kepler-1798 b,Kepler-1798,2021,Transit,16.85589981,0.0,,,0.20600557,0.0187,0.593,3967.0
TOI-2992 b,TOI-2992,2025,Transit,3.007812,0.089,,,1.227,3.33,1.21,6000.0
TOI-4201 b,TOI-4201,2023,Transit,3.5819194,0.041,0.015,-0.015,1.22,2.48,0.61,3794.0
HD 168863 b,HD 168863,2022,Radial Velocity,14773.93272,0.187,0.181,-0.064,1.13,6.78,0.8,4905.0
Kepler-495 c,Kepler-495,2021,Transit,5.896609783,0.0,,,0.10878457,0.00622,0.888,5392.0
Kepler-268 c,Kepler-268,2014,Transit,83.446393,0.0,,,0.302,0.0357,1.109,6081.0
Kepler-1584 b,Kepler-1584,2016,Transit,13.3997099,0.0,,,0.14363458,0.0101,1.1,6069.0
Kepler-1368 b,Kepler-1368,2016,Transit,0.675649486,0.0,,,0.14720314,0.0106,1.07,5906.0
Kepler-924 b,Kepler-924,2016,Transit,61.0370117,0.0,,,0.27388706,0.0303,1.14,6167.0
Kepler-1542 c,Kepler-1542,2016,Transit,2.89223021,0.0,,,0.05798912,0.000653,0.94,5564.0
K2-102 b,K2-102,2016,Transit,9.915615,0.1,0.16,-0.07,0.11597823,0.00705,0.77,4695.0
Kepler-331 c,Kepler-331,2014,Transit,17.28111,0.0,,,0.164,0.0127,0.653,4347.0
Kepler-1096 b,Kepler-1096,2016,Transit,2.892217506,0.0,,,0.11062539,0.00651,0.66,4306.0
TOI-615 b,TOI-615,2023,Transit,4.6615983,0.39,,,1.693,0.435,1.449,6850.0
Kepler-303 c,Kepler-303,2014,Transit,7.061149,0.0,,,0.102,0.00489,0.575,3944.0
HD 150010 b,HD 150010,2022,Radial Velocity,562.0,0.2,0.1,-0.1,1.18,2.4,1.3,4153.0
WASP-99 b,WASP-99,2014,Transit,5.75251,0.0,,,1.02,2.43,1.21,6150.0
HD 56414 b,HD 56414,2022,Transit,29.04992,0.68,,,0.3309846,0.0418,1.89,8500.0
Kepler-1388 b,Kepler-1388,2016,Transit,12.2854603,0.0,,,0.23106432,0.0227,0.63,4098.0
GJ 514 b,GJ 514,2022,Radial Velocity,140.43,0.45,0.15,-0.14,0.19,0.01636103,0.51,3728.0
TOI-628 b,TOI-628,2021,Transit,3.4095675,0.072,0.021,-0.023,1.06,6.33,1.311,6250.0
Kepler-92 c,Kepler-92,2013,Transit,26.723,0.04,0.22,-0.04,0.232,0.019,1.21,5883.0
Kepler-552 b,Kepler-552,2016,Transit,5.263415765,0.0,,,0.3523954,0.0465,1.03,5863.0
MASCARA-4 b,MASCARA-4,2020,Transit,2.8240932,0.0,,,1.515,1.675,1.75,7800.0
Kepler-1846 b,Kepler-1846,2021,Transit,14.82009983,0.0,,,0.15735492,0.0118,0.785,4825.0
HD 82943 b,HD 82943,2003,Radial Velocity,441.47,0.162,0.036,-0.036,1.2,1.681,1.08,5935.0
EPIC 248847494 b,EPIC 248847494,2018,Transit,3650.0,0.0,,,1.11,13.0,0.9,4898.0
HD 147873 b,HD 147873,2016,Radial Velocity,116.596,0.207,0.013,-0.013,1.15,5.14,1.38,5972.0
HAT-P-24 b,HAT-P-24,2010,Transit,3.35524,0.07,0.02,-0.02,1.3,0.75,1.37,6373.0
KOI-94 e,KOI-94,2013,Transit,54.32031,0.019,0.23,-0.23,0.585,0.11,1.277,6182.0
NGTS-24 b,NGTS-24,2022,Transit,3.4678796,0.0,,,1.214,0.52,1.26,5820.0
Qatar-8 b,Qatar-8,2019,Transit,3.71495,0.0,,,1.285,0.371,1.029,5738.0
Kepler-288 c,Kepler-288,2014,Transit,19.305772,0.0,,,0.254,0.0267,0.842,5918.0
alf Ari b,alf Ari,2010,Radial Velocity,380.8,0.25,0.03,-0.03,1.2,1.8,1.5,4553.0
b Cen AB b,b Cen A,2021,Imaging,1790000.0,0.4,,,1.11,10.9,5.5,
GJ 160.2 b,GJ 160.2,2014,Radial Velocity,5.2354,0.06,0.2,-0.06,0.283,0.03209263,0.69,4347.0
HIP 5763 b,HIP 5763,2021,Radial Velocity,30.014,0.054,,,1.27,0.51,0.72,4352.0
Kepler-1258 b,Kepler-1258,2016,Transit,0.984940167,0.0,,,0.07672406,0.00178,0.99,5839.0
TOI-159 b,TOI-159,2026,Transit,3.7628396,0.24,0.03,-0.04,1.622,3.49,1.661,7287.0
TOI-6628 b,TOI-6628,2025,Transit,18.18424,0.67,0.015,-0.016,0.98,0.74,0.97,5463.0
NSVS 14256825 b,NSVS 14256825,2019,Eclipse Timing Variations,3225.0,0.12,0.02,-0.02,1.1,14.15,0.419,40000.0
TOI-2093 c,TOI-2093,2025,Transit,53.81149,0.0,,,0.20519261,0.04971236,0.745,4426.0
Kepler-33 f,Kepler-33,2011,Transit,41.02902,0.0,,,0.3979,0.03020483,1.291,5904.0
HD 233604 b,HD 233604,2013,Radial Velocity,192.0,0.05,0.03,-0.03,1.13,6.575,1.5,4791.0
TOI-1266 b,TOI-1266,2020,Transit,10.8945,0.039,0.035,-0.025,0.22481973,0.01403273,0.437,3563.0
TOI-1836 b,TOI-1836,2024,Transit,20.380799,0.0,,,0.714,0.121,1.307,6380.0
Kepler-1103 b,Kepler-1103,2016,Transit,19.79191978,0.0,,,0.20251584,0.0182,1.11,6092.0
WASP-127 b,WASP-127,2016,Transit,4.17806203,0.0,,,1.311,0.1647,0.95,5620.0
Kepler-32 f,Kepler-32,2012,Transit,0.74296,0.0,,,0.0731555,5.85885326,0.58,3900.0
HD 167677 b,HD 167677,2023,Radial Velocity,1820.0,0.182,0.031,-0.026,1.18,2.85,0.96,5474.0
Kepler-1915 b,Kepler-1915,2021,Transit,13.83539963,0.0,,,0.28708981,0.0329,1.03,6020.0
NGC 2682 YBP 1514 b,NGC 2682 YBP 1514,2014,Radial Velocity,5.118,0.28,0.09,-0.09,1.25,0.4,0.96,5725.0
WASP-121 b,WASP-121,2016,Transit,1.27492504,0.0085,0.0013,-0.0012,1.742,1.17,1.33,6628.0
Kepler-968 b,Kepler-968,2016,Transit,3.692983728,0.0,,,0.17842805,0.0147,0.76,4598.0
HD 93963 A b,HD 93963 A,2022,Transit,1.0376109,0.0,,,0.13110413,0.00880979,1.0844,5908.0
Kepler-1734 b,Kepler-1734,2021,Transit,6.796850204,0.0,,,0.27553896,0.0306,1.05,6061.0
Kepler-1669 d,Kepler-1669,2023,Transit,4.72941177,0.0,,,0.1088413,0.00624,0.609,4224.0
Kepler-993 b,Kepler-993,2016,Transit,22.08557563,0.0,,,0.26496565,0.0287,0.57,3843.0
Kepler-288 b,Kepler-288,2014,Transit,6.097326,0.0,,,0.149,0.0108,0.842,5918.0
KELT-4 A b,KELT-4 A,2016,Transit,2.9895932,0.0,,,1.699,0.902,1.201,6206.0
Kepler-215 d,Kepler-215,2014,Transit,30.864423,0.0,,,0.213,0.074,0.788,5739.0
Kepler-1867 b,Kepler-1867,2021,Transit,9.887359619,0.0,,,0.10347595,0.0052,0.911,5693.0
EPIC 212737443 b,EPIC 212737443,2019,Transit,13.603,0.2,0.2,-0.2,0.23070747,0.0227,0.69,4684.0
HD 4203 b,HD 4203,2001,Radial Velocity,431.88,0.52,0.03,-0.03,1.19,2.23,1.25,5596.0
Kepler-48 b,Kepler-48,2012,Transit,4.778,0.0,,,0.16772237,0.01239656,0.88,5194.0
Kepler-550 b,Kepler-550,2016,Transit,8.600104109,0.0,,,0.39432599,0.0563,0.87,5322.0
HD 106315 b,HD 106315,2017,Transit,9.55237,0.093,0.11,-0.068,0.21768222,0.03964383,1.091,6327.0
HD 111232 b,HD 111232,2003,Radial Velocity,1169.13202,0.214,0.005,-0.003,1.12,7.965,0.96,5512.0
Kepler-215 c,Kepler-215,2014,Transit,14.667108,0.0,,,0.158,0.0119,0.788,5739.0
TOI-2169 A b,TOI-2169 A,2025,Transit,8.2148282,0.045,,,1.116,1.037,1.42,6270.0
Kepler-763 d,Kepler-763,2023,Transit,6.50327035,0.0,,,0.14898768,0.0108,0.8,4999.0
HATS-50 b,HATS-50,2017,Transit,3.8297015,0.516,,,1.13,0.39,1.168,5990.0
Kepler-407 c,Kepler-407,2014,Radial Velocity,3000.0,0.221479,0.000308,-0.000308,1.1,12.6,1.0,5476.0
Kepler-1134 b,Kepler-1134,2016,Transit,17.13263989,0.0,,,0.23552502,0.0235,0.84,5281.0
Kepler-1989 b,Kepler-1989,2023,Transit,10.161023528,0.0,,,0.4121695,0.0607,0.999,6032.0
HD 18015 b,HD 18015,2018,Radial Velocity,2278.0,0.148,0.061,-0.061,1.17,3.3,1.49,5603.0
Kepler-211 c,Kepler-211,2014,Transit,6.04045,0.0,,,0.115,0.058,0.867,5123.0
TOI-1798.02,TOI-1798,2024,Transit,0.437811822,0.0,,,0.13060956,0.01761957,0.87,5165.0
TOI-4600 b,TOI-4600,2023,Transit,82.6869,0.25,0.33,-0.17,0.607,3.02,0.89,5170.0
Kepler-567 b,Kepler-567,2016,Transit,16.54297375,0.0,,,0.20073156,0.0179,0.84,5148.0
TOI-2019 b,TOI-2019,2024,Transit,15.3444,0.0,,,0.47575721,0.1082345,1.1832,5626.0
Kepler-24 b,Kepler-24,2011,Transit,8.14,0.023,0.014,-0.016,0.20947489,0.03505036,1.06,6028.0
HD 103774 b,HD 103774,2013,Radial Velocity,5.8881,0.09,0.04,-0.04,1.19,0.367,1.335,6489.0
Kepler-161 b,Kepler-161,2014,Transit,4.921355,0.0,,,0.189,0.00827491,0.853,5078.0
GJ 3293 d,GJ 3293,2017,Radial Velocity,48.1345,0.12,0.13,-0.09,0.238,0.02391215,0.42,3466.0
Kepler-1670 b,Kepler-1670,2020,Transit,20.4998,0.0,,,0.2994451,0.0353,1.05,5838.0
K2-225 b,K2-225,2018,Transit,15.8723,0.23,0.39,-0.16,0.322,0.0399,1.482,5520.0
Kepler-1308 b,Kepler-1308,2016,Transit,2.104338119,0.0,,,0.04639129,0.000293,0.35,3468.0
47 UMa b,47 UMa,1996,Radial Velocity,1078.0,0.032,0.014,-0.014,1.18,2.53,1.06,5872.0
HD 142022 A b,HD 142022 A,2005,Radial Velocity,1928.0,0.53,0.2,-0.2,1.15,4.51,0.9,5421.0
Kepler-24 c,Kepler-24,2011,Transit,12.33,0.014,0.011,-0.011,0.22428444,0.03143206,1.06,6028.0
Kepler-404 c,Kepler-404,2014,Transit,14.751166,0.0,,,0.153,0.0113,0.86,5654.0
Kepler-1254 b,Kepler-1254,2016,Transit,9.99113313,0.0,,,0.13828174,0.00951,0.78,4985.0
WASP-135 b,WASP-135,2015,Transit,1.4013794,0.0,,,1.3,1.9,0.98,5675.0
HATS-15 b,HATS-15,2016,Transit,1.74748753,0.126,,,1.105,2.17,0.871,5311.0
HD 37124 d,HD 37124,2005,Radial Velocity,1862.0,0.16,0.14,-0.14,1.25,0.696,0.85,5698.64
Ross 128 b,Ross 128,2017,Radial Velocity,9.8658,0.116,0.097,-0.097,0.0988,0.00440487,0.168,3192.0
WASP-3 b,WASP-3,2007,Transit,1.84683,0.0,,,1.42,2.43,1.62,6400.0
Kepler-170 c,Kepler-170,2014,Transit,16.665863,0.0,,,0.255,0.0269,1.066,5679.0
Kepler-1936 b,Kepler-1936,2021,Transit,126.5569992,0.0,,,0.282466,0.032,1.419,6501.0
KELT-1 b,KELT-1,2012,Transit,1.217514,0.0099,0.01,-0.0069,1.11,27.23,1.335,6516.0
Kepler-640 b,Kepler-640,2016,Transit,22.24813967,0.0,,,0.2283879,0.0223,1.01,5653.0
Kepler-1045 b,Kepler-1045,2016,Transit,26.41045478,0.0,,,0.23998573,0.0242,0.86,5301.0
Kepler-1862 b,Kepler-1862,2021,Transit,16.05730057,0.0,,,0.19653883,0.0173,0.9,5644.0
HD 103197 b,HD 103197,2011,Radial Velocity,47.84,0.0,,,0.52,0.09,0.8,5250.0
psi1 Dra B b,psi1 Dra B,2015,Radial Velocity,3117.0,0.4,0.05,-0.05,1.21,1.53,1.19,6212.0
Kepler-990 b,Kepler-990,2016,Transit,9.91723428,0.0,,,0.23195646,0.0229,1.05,5948.0
Kepler-50 b,Kepler-50,2012,Transit,7.81254,0.0,,,0.153,0.02800253,1.24,6225.0
K2-260 b,K2-260,2018,Transit,2.62669762,0.053,0.051,-0.036,1.643,1.72,1.637,6860.0
WASP-144 b,WASP-144,2018,Transit,2.2783152,0.0,,,0.85,0.44,0.81,5200.0
Kepler-1304 b,Kepler-1304,2016,Transit,16.1288853,0.0,,,0.20430012,0.0184,0.85,5259.0
Kepler-1128 b,Kepler-1128,2016,Transit,61.6178167,0.0,,,0.32563119,0.0407,0.94,5543.0
Kepler-1537 b,Kepler-1537,2016,Transit,1.444453798,0.0,,,0.10527255,0.00553,0.81,5079.0
HATS-70 b,HATS-70,2019,Transit,1.8882378,0.18,,,1.384,12.9,1.78,7930.0
Kepler-1043 b,Kepler-1043,2016,Transit,38.5053398,0.0,,,0.22749576,0.0221,0.92,5629.0
NGTS-35 b,NGTS-35,2025,Transit,25.241192,0.192,0.037,-0.033,0.97243454,0.47824548,0.789,4717.0
Kepler-368 c,Kepler-368,2014,Transit,72.379334,0.0,,,0.346,0.0451,1.165,5502.0
Kepler-479 b,Kepler-479,2016,Transit,12.49341307,0.0,,,0.18913373,0.0162,0.86,5247.0
Kepler-1404 b,Kepler-1404,2016,Transit,15.9314739,0.0,,,0.17932019,0.0148,0.84,5261.0
Kepler-1987 b,Kepler-1987,2023,Transit,2.345863002,0.0,,,0.10973344,0.00642,0.799,4769.0
K2-99 c,K2-99,2022,Radial Velocity,522.2,0.21,0.009,-0.009,1.12,8.4,1.44,6069.0
Kepler-1085 b,Kepler-1085,2016,Transit,219.3217528,0.0,,,0.64412526,0.13,1.11,6000.0
HD 156668 b,HD 156668,2010,Radial Velocity,4.6455,0.0,,,0.167,0.013,0.772,4850.0
TOI-1728 b,TOI-1728,2020,Transit,3.49151,0.057,0.054,-0.039,0.45053082,0.08425888,0.646,3980.0
Kepler-28 c,Kepler-28,2011,Transit,8.99,0.017,0.023,-0.014,0.16567073,0.00648148,0.684,4499.3
Kepler-1135 b,Kepler-1135,2016,Transit,76.957857,0.0,,,0.16504595,0.0128,0.96,5656.0
HD 30856 b,HD 30856,2011,Radial Velocity,847.0,0.061,0.058,-0.058,1.21,1.547,1.17,4895.0
Kepler-173 c,Kepler-173,2014,Transit,8.005777,0.0,,,0.217,0.0204,1.067,6031.0
Kepler-1445 b,Kepler-1445,2016,Transit,10.60052251,0.0,,,0.08564546,0.00264,1.13,6150.0
Kepler-796 b,Kepler-796,2016,Transit,6.40087618,0.0,,,0.11597823,0.00705,0.93,5475.0
WASP-52 b,WASP-52,2012,Transit,1.7497798,0.0,,,1.27,0.46,0.87,5000.0
XO-2 S b,XO-2 S,2014,Radial Velocity,18.22,0.15,0.02,-0.02,0.971,0.26,0.98,5325.0
Kepler-1095 b,Kepler-1095,2016,Transit,4.27103091,0.0,,,0.10794897,0.00606,0.94,5658.0
Kepler-1105 b,Kepler-1105,2016,Transit,4.421572182,0.0,,,0.17932019,0.0148,0.71,4299.0
LP 791-18 d,LP 791-18,2023,Transit,2.75485,0.0011,0.001,-0.0008,0.09206903,0.00286318,0.139,2960.0
TIC 257060897 b,TIC 257060897,2021,Transit,3.66003639,0.039,0.038,-0.023,1.54,0.634,1.187,5993.0
Kepler-181 b,Kepler-181,2014,Transit,3.137873,0.0,,,0.113,0.00678,0.81,5333.0
Kepler-1748 b,Kepler-1748,2021,Transit,5.823520184,0.0,,,0.24201578,0.0246,0.916,5774.0
K2-29 b,K2-29,2016,Transit,3.2588321,0.066,0.022,-0.022,1.19,0.73,0.94,5358.0
Kepler-1347 b,Kepler-1347,2016,Transit,14.00947528,0.0,,,0.09189045,0.0034,0.82,5193.0
Kepler-336 d,Kepler-336,2014,Transit,20.678772,0.0,,,0.211,0.0195,1.09,5867.0
OGLE-TR-56 b,OGLE-TR-56,2002,Transit,1.2119189,0.0,,,1.36301421,1.39,1.228,6050.0
Kepler-1616 b,Kepler-1616,2016,Transit,6.76284377,0.0,,,0.0909983,0.00328,1.21,6266.0
14 And b,14 And,2008,Radial Velocity,186.76,0.0,,,1.16,3.559,1.78,4888.0
xi Aql b,xi Aql,2007,Radial Velocity,136.97,0.059,0.087,-0.037,1.2,1.941,1.74,4841.0
Kepler-37 d,Kepler-37,2013,Transit,39.7922622,0.1,,,0.18110478,0.0062927,0.79,5357.0
HD 69830 d,HD 69830,2006,Radial Velocity,197.0,0.07,0.07,-0.07,0.397,0.057,0.86,5385.0
TOI-776 b,TOI-776,2020,Transit,8.24662,0.052,0.037,-0.035,0.16040709,0.01573176,0.542,3725.0
Kepler-719 b,Kepler-719,2016,Transit,5.007317779,0.0,,,0.76010349,0.172,0.99,5777.0
HAT-P-28 b,HAT-P-28,2011,Transit,3.257215,0.051,0.033,-0.033,1.212,0.626,1.025,5680.0
TOI-1232 c,TOI-1232,2026,Transit Timing Variations,30.356,0.027,0.027,-0.016,0.792,0.184,1.058,5823.0
Kepler-667 b,Kepler-667,2016,Transit,41.43962808,0.0,,,0.42198234,0.0632,0.91,5327.0
Kepler-772 b,Kepler-772,2016,Transit,12.99207337,0.0,,,0.16236952,0.0125,0.98,5714.0
Kepler-4 b,Kepler-4,2009,Transit,3.21346,0.0,,,0.357,0.077,1.223,5857.0
WASP-56 b,WASP-56,2012,Transit,4.6171,0.0,,,0.94,0.45,0.71,5600.0
Kepler-557 b,Kepler-557,2016,Transit,3.705989551,0.0,,,0.23820145,0.0239,1.11,6068.0
Kepler-374 c,Kepler-374,2014,Transit,3.282807,0.0,,,0.098,0.0043,1.033,5977.0
Kepler-186 f,Kepler-186,2014,Transit,129.9441,0.04,0.07,-0.04,0.104,0.00537,0.544,3755.0
HD 147513 b,HD 147513,2003,Radial Velocity,528.4,0.26,0.05,-0.05,1.22,1.21,1.11,5883.0
Kepler-351 c,Kepler-351,2014,Transit,57.24809,0.0,,,0.285,0.035,0.81,5643.0
HD 93385 d,HD 93385,2021,Radial Velocity,45.85,0.09,0.15,-0.05,0.258,0.02737326,1.04,5977.0
TOI-5007 b,TOI-5007,2026,Transit,2.543371,0.074,0.026,-0.03,0.988,0.664,0.632,3793.0
rho CrB c,rho CrB,2016,Radial Velocity,102.036,0.048,0.034,-0.034,0.507,0.08634219,1.0,5817.0
GPX-1 b,GPX-1,2021,Transit,1.744579,0.0,,,1.47,19.7,1.68,7000.0
EPIC 249893012 b,EPIC 249893012,2020,Transit,3.5951,0.06,0.08,-0.04,0.17396735,0.02753044,1.05,5430.0
Kepler-310 d,Kepler-310,2014,Transit,92.876125,0.0,,,0.22,0.02202435,0.854,5797.0
Kepler-1585 b,Kepler-1585,2016,Transit,3.5827463,0.0,,,0.1596931,0.0121,0.94,5538.0
HD 23596 b,HD 23596,2003,Radial Velocity,1535.11912,0.282,0.017,-0.014,1.1,11.914,1.1,6040.0
Kepler-161 c,Kepler-161,2014,Transit,7.06424,0.0,,,0.183,0.01135833,0.853,5078.0
Kepler-553 c,Kepler-553,2016,Transit,328.24017,0.346,0.02,-0.024,1.033,6.7,0.889,5191.0
HIP 9618 c,HIP 9618,2023,Transit,52.56363,0.0,,,0.3058761,0.02202446,0.942,5649.0
Kepler-1169 b,Kepler-1169,2016,Transit,6.11009134,0.0,,,0.08386118,0.00245,1.24,6191.0
HD 25015 b,HD 25015,2019,Radial Velocity,6134.427,0.341,0.085,-0.077,1.12,9.077,0.86,5160.0
Kepler-861 b,Kepler-861,2016,Transit,3.949631375,0.0,,,0.20340798,0.0183,0.82,5047.0
TOI-269 b,TOI-269,2021,Transit,3.6977104,0.425,0.082,-0.086,0.24712327,0.0276879,0.3917,3514.0
IC 4651 9122 b,IC 4651 9122,2018,Radial Velocity,734.0,0.18,0.09,-0.09,1.14,6.3,2.1,4740.1
K2-115 b,K2-115,2017,Transit,20.2729914,0.063,0.061,-0.042,1.053,1.01,0.918,5870.0
Kepler-489 b,Kepler-489,2016,Transit,17.276296119,0.0,,,0.68873227,0.145,0.82,5014.0
Kepler-839 b,Kepler-839,2016,Transit,37.8144514,0.0,,,0.22928004,0.0224,1.22,6058.0
HD 11506 c,HD 11506,2008,Radial Velocity,223.92,0.228,0.054,-0.054,1.25,0.4,1.22,6123.0
TOI-5542 b,TOI-5542,2022,Transit,75.12375,0.018,0.026,-0.013,1.009,1.32,0.89,5700.0
Kepler-960 b,Kepler-960,2016,Transit,3.12686223,0.0,,,0.20430012,0.0184,0.77,4755.0
Kepler-261 c,Kepler-261,2014,Transit,24.570858,0.0,,,0.178,0.0147,0.834,5098.0
Kepler-348 b,Kepler-348,2014,Transit,7.05677,0.0,,,0.136,0.0092,1.189,6177.0
18 Del b,18 Del,2008,Radial Velocity,982.85,0.024,0.007,-0.018,1.12,9.207,2.1,4980.0
HD 208897 b,HD 208897,2017,Radial Velocity,358.27,0.02,0.049,-0.01,1.22,1.194,1.25,4860.0
Kepler-1386 b,Kepler-1386,2016,Transit,6.73972381,0.0,,,0.11062539,0.00651,1.02,5733.0
Kepler-528 b,Kepler-528,2016,Transit,19.78297415,0.0,,,0.18556517,0.0157,1.01,5807.0
TOI-5573 b,TOI-5573,2025,Transit,8.79758977,0.072,0.067,-0.048,0.87,0.35,0.619,3790.0
HATS-26 b,HATS-26,2016,Transit,3.3023881,0.245,,,1.75,0.65,1.299,6071.0
Kepler-1533 b,Kepler-1533,2016,Transit,308.5471,0.0,,,0.30868052,0.0372,1.31,6431.0
Kepler-102 c,Kepler-102,2014,Transit,7.071392,0.094,,,0.05058444,0.0053488,0.803,4909.0
Kepler-215 e,Kepler-215,2014,Transit,68.16101,0.0,,,0.156,0.0117,0.788,5739.0
Kepler-394 b,Kepler-394,2014,Transit,8.005013,0.0,,,0.143,0.01,0.87,6402.0
Kepler-820 b,Kepler-820,2016,Transit,127.8338098,0.0,,,0.54331341,0.097,1.23,6260.0
Kepler-1942 b,Kepler-1942,2021,Transit,4.626049995,0.0,,,0.18886898,0.0161,0.852,5834.0
Kepler-416 c,Kepler-416,2014,Transit Timing Variations,12.209,0.0,,,0.20983175,0.0193,1.0,5718.0
Kepler-401 c,Kepler-401,2014,Transit,47.318218,0.0,,,0.192,0.0166,1.173,6117.0
HD 202206 c,HD 202206,2004,Radial Velocity,1260.0,0.22,0.03,-0.03,1.08,17.9,1.07,5766.0
Kepler-769 c,Kepler-769,2016,Transit,15.9870174,0.0,,,0.1596931,0.0121,1.19,6186.0
Kepler-417 b,Kepler-417,2014,Transit Timing Variations,12.331,0.0,,,0.206,0.035,0.9,5177.0
Kepler-1483 b,Kepler-1483,2016,Transit,9.5085156,0.0,,,0.13560532,0.0092,1.25,6337.0
HD 13931 b,HD 13931,2009,Radial Velocity,4218.0,0.02,0.04,-0.04,1.18,2.8,1.3,5867.0
Kepler-608 b,Kepler-608,2016,Transit,6.412515037,0.0,,,0.32473905,0.0405,1.0,5820.0
Kepler-59 b,Kepler-59,2012,Transit,11.8681707,0.0,,,0.098,0.01290004,1.04,6074.0
GJ 433 b,GJ 433,2013,Radial Velocity,7.3705,0.04,0.03,-0.03,0.208,0.01901331,0.48,3461.0
Kepler-193 b,Kepler-193,2014,Transit,11.38848,0.0,,,0.213,0.0198,1.051,6335.0
Kepler-888 b,Kepler-888,2016,Transit,70.6979061,0.0,,,0.15701668,0.0118,0.97,5875.0
Kepler-1972 b,Kepler-1972,2022,Transit,7.54425,0.067,0.071,-0.04,0.07154977,0.00635563,1.12,5818.0
HD 86065 b,HD 86065,2022,Radial Velocity,25775.78859,0.219,0.156,-0.152,1.12,9.053,0.81,4927.56
Kepler-799 c,Kepler-799,2021,Transit,15.19419956,0.0,,,0.24807657,0.0256,1.031,5588.0
HD 171028 b,HD 171028,2007,Radial Velocity,550.0,0.59,0.01,-0.01,1.18,2.62,1.53,5671.0
Kepler-228 d,Kepler-228,2014,Transit,11.094286,0.0,,,0.36,0.0483,1.006,6043.0
HIP 19976 b,HIP 19976,2022,Radial Velocity,50.65905,0.304,0.2,-0.145,0.441,0.068,0.67,4316.0
HD 89744 b,HD 89744,1999,Radial Velocity,256.78,0.677,0.003,-0.003,1.12,8.35,1.86,6291.0
HD 96992 b,HD 96992,2021,Radial Velocity,514.0,0.41,0.24,-0.12,1.22,1.14,0.96,4725.0
Kepler-1875 b,Kepler-1875,2021,Transit,34.45859909,0.0,,,0.28788228,0.033,0.95,6161.0
Kepler-326 d,Kepler-326,2014,Transit,6.766888,0.0,,,0.108,0.022,0.91,5105.0
bet Pic b,bet Pic,2008,Imaging,8682.0,0.105,0.004,-0.003,1.65,8.7,1.789,8038.68
Kepler-1642 b,Kepler-1642,2016,Transit,12.2057513,0.0,,,0.28548488,0.0325,0.88,5355.0
Kepler-125 c,Kepler-125,2014,Transit,5.774464,0.0,,,0.066,0.00104,0.542101,3810.0
HD 33142 c,HD 33142,2016,Radial Velocity,810.2,0.081,0.055,-0.047,1.24,0.89,1.52,5025.4
Kepler-174 c,Kepler-174,2014,Transit,44.000529,0.0,,,0.133,0.00889,0.602,4880.0
WASP-1 b,WASP-1,2007,Transit,2.5199454,0.0,,,1.483,0.854,1.24,6110.0
Wendelstein-1 b,Wendelstein-1,2020,Transit,2.663416,0.012,,,1.0314,0.592,0.65,4251.0
Kepler-1752 b,Kepler-1752,2021,Transit,56.35850143,0.0,,,0.40508631,0.059,0.824,5446.0
KOI-351 f,KOI-351,2013,Transit,124.9144,0.0,,,0.257,0.0272,1.2,6080.0
K2-138 d,K2-138,2017,Transit,5.40479,0.043,0.041,-0.03,0.21322152,0.02491898,0.935,5356.3
Kepler-1615 b,Kepler-1615,2016,Transit,47.3126192,0.0,,,0.18378089,0.0154,1.04,5865.0
Kepler-1289 b,Kepler-1289,2016,Transit,7.99019627,0.0,,,0.13560532,0.0092,1.1,6080.0
HD 34445 g,HD 34445,2017,Radial Velocity,5700.0,0.032,0.08,-0.032,1.21,0.38,1.07,5836.0
WASP-41 b,WASP-41,2011,Transit,3.0524,0.0,,,1.1,0.85,0.81,5545.0
TOI-1136 d,TOI-1136,2022,Transit,12.5199,0.042,0.004,-0.004,0.412794,0.02627204,1.022,5770.0
Kepler-327 d,Kepler-327,2014,Transit,13.969457,0.0,,,0.154,0.0115,0.591913,3799.0
Kepler-722 c,Kepler-722,2016,Transit,105.144749,0.0,,,0.25158355,0.0263,1.03,5863.0
TOI-1803 b,TOI-1803,2025,Transit,6.293287,0.0,,,0.26675039,0.03247035,0.756,4687.0
HD 164922 b,HD 164922,2005,Radial Velocity,1207.0,0.08,0.06,-0.05,1.19,0.36497499,0.926,5390.0
TOI-2485 b,TOI-2485,2024,Transit,11.23479,0.0341,0.0109,-0.0087,1.083,2.412,1.163,6016.4
HATS-28 b,HATS-28,2016,Transit,3.1810781,0.202,,,1.194,0.672,0.929,5498.0
Kepler-1186 b,Kepler-1186,2016,Transit,16.07677615,0.0,,,0.19894727,0.0176,0.95,5635.0
Kepler-618 b,Kepler-618,2016,Transit,3.595769645,0.0,,,0.23195646,0.0229,1.05,5860.0
WASP-192 b,WASP-192,2019,Transit,2.8786765,0.0,,,1.23,2.3,1.09,5910.0
Kepler-342 d,Kepler-342,2014,Transit,39.459357,0.0,,,0.222,0.0213,1.213,6175.0
HD 108236 b,HD 108236,2020,Transit,3.795963,0.045,0.039,-0.033,0.14408065,0.0102,0.869,5660.0
TOI-1758 b,TOI-1758,2024,Transit,20.705074685,0.0,,,0.32295532,0.02170983,0.88,5169.0
HD 98649 b,HD 98649,2012,Radial Velocity,5384.0,0.852,0.033,-0.022,1.11,9.7,0.97,5759.0
HR 858 d,HR 858,2019,Transit,11.230511,0.0,,,0.17851757,0.0223391,1.204,6354.0
HD 59686 A b,HD 59686 A,2016,Radial Velocity,299.36,0.05,0.03,-0.02,1.13,6.92,1.9,4658.0
Kepler-979 b,Kepler-979,2016,Transit,8.0880135,0.0,,,0.24266215,0.0247,0.87,5310.0
TOI-1135 b,TOI-1135,2024,Transit,8.0277327,0.062,0.12,-0.045,0.885,0.185,1.119,6320.0
TOI-270 b,TOI-270,2019,Transit,3.35992,0.0167,0.0084,-0.0089,0.11419415,0.0046566,0.386,3506.0
TOI-2193 A b,TOI-2193 A,2022,Transit,2.1225735,0.0,,,1.77,0.94,1.082,5966.0
Kepler-1492 b,Kepler-1492,2016,Transit,16.75255007,0.0,,,0.1329289,0.00889,0.77,4712.0
DS Tuc A b,DS Tuc A,2019,Transit,8.138268,0.0,,,0.50851994,1.3,1.01,5428.0
HATS-74 A b,HATS-74 A,2021,Transit,1.73185606,0.044,,,1.032,1.46,0.601,3776.9
Kepler-222 d,Kepler-222,2014,Transit,28.081912,0.0,,,0.329,0.0415,0.933,5433.0
Kepler-1568 b,Kepler-1568,2016,Transit,20.925392,0.0,,,0.11597823,0.00705,1.09,5956.0
Kepler-1207 b,Kepler-1207,2016,Transit,13.68237119,0.0,,,0.14452672,0.0102,1.06,5909.0
HATS-23 b,HATS-23,2017,Transit,2.1605156,0.114,,,1.86,1.47,1.121,5780.0
Kepler-1636 b,Kepler-1636,2016,Transit,425.47785,0.0,,,0.2881613,0.0331,1.01,5797.0
Kepler-1822 b,Kepler-1822,2021,Transit,22.13339996,0.0,,,0.23619984,0.0236,0.782,5165.0
HD 28678 b,HD 28678,2011,Radial Velocity,380.2,0.149,0.047,-0.047,1.21,1.542,1.53,4972.0
HD 189733 b,HD 189733,2005,Radial Velocity,2.21857567,0.0,,,1.13,1.13,0.79,5052.0
Kepler-164 c,Kepler-164,2014,Transit,10.945723,0.0,,,0.244,0.0249,1.036,5888.0
HD 20781 b,HD 20781,2019,Radial Velocity,5.3135,0.1,0.11,-0.07,0.108,0.0061,0.7,5256.0
Kepler-712 b,Kepler-712,2016,Transit,21.02247699,0.0,,,0.30421982,0.0363,0.84,5148.0
Kepler-208 c,Kepler-208,2014,Transit,7.466623,0.0,,,0.124,0.0079,1.082,6092.0
Kepler-1123 b,Kepler-1123,2016,Transit,4.33946454,0.0,,,0.14898742,0.0108,0.93,5500.0
HD 114082 b,HD 114082,2022,Radial Velocity,109.75,0.395,0.037,-0.039,1.0,8.0,1.47,6651.0
TOI-1238 b,TOI-1238,2022,Transit,0.764597,0.25,,,0.10794916,0.01183028,0.59,4089.0
HD 121504 b,HD 121504,2003,Radial Velocity,63.33,0.03,0.01,-0.01,1.21,1.51,1.62,6027.0
Kepler-38 b,Kepler-38,2012,Transit,105.599,0.032,,,0.384,0.384,0.941,5623.0
WASP-133 b,WASP-133,2016,Transit,2.176423,0.17,,,1.21,1.16,1.16,5700.0
HAT-P-1 b,HAT-P-1,2006,Transit,4.46529976,0.0,,,1.319,0.525,1.151,5980.0
TIC 46432937 b,TIC 46432937,2024,Transit,1.44044527,0.009,,,1.188,3.2,0.563,3572.0
Kepler-255 d,Kepler-255,2016,Transit,1.045622658,0.0,,,0.11776251,0.00724,0.9,5431.0
HD 63454 b,HD 63454,2005,Radial Velocity,2.81805,0.0,,,1.098,0.25,0.42,4812.0
HD 6718 b,HD 6718,2009,Radial Velocity,2476.0,0.06,0.03,-0.03,1.18,2.4,0.96,5746.0
Kepler-167 b,Kepler-167,2014,Transit,4.3931539,0.0,,,0.15326996,0.0113,0.777,4884.0
Kepler-483 b,Kepler-483,2016,Transit,30.229104,0.0,,,0.28637702,0.0327,1.28,6346.0
BD+20 594 b,BD+20 594,2016,Transit,41.6855,0.0,,,0.23,0.07,1.67,5766.0
TYC 0434-04538-1 b,TYC 0434-04538-1,2021,Radial Velocity,193.2,0.08,0.05,-0.03,1.14,6.1,1.04,4679.0
Kepler-1243 b,Kepler-1243,2016,Transit,16.8320729,0.0,,,0.15612454,0.0117,0.96,5667.0
HD 73534 b,HD 73534,2008,Radial Velocity,1750.0,0.126,0.057,-0.057,1.23,1.112,1.16,4917.0
Kepler-1494 b,Kepler-1494,2016,Transit,91.080482,0.0,,,0.27388706,0.0303,0.96,5659.0
Kepler-186 e,Kepler-186,2014,Transit,22.407704,0.0,,,0.113,0.00678,0.478,3788.0
24 Sex c,24 Sex,2010,Radial Velocity,883.0,0.29,0.16,-0.09,1.24,0.86,1.54,5098.0
TIC 87422071 b,TIC 87422071,2026,Transit,11.364929,0.124,0.073,-0.06,0.969,1.29,1.239,6150.0
GJ 3988 b,GJ 3988,2023,Radial Velocity,6.9442,0.0,,,0.156,0.01161004,0.1842,3273.0
HD 9446 c,HD 9446,2009,Radial Velocity,192.9,0.06,0.06,-0.06,1.2,1.82,1.0,5793.0
HD 35843 b,HD 35843,2025,Radial Velocity,9.8991,0.0,,,0.204,0.01837469,0.94,5666.0
Kepler-116 b,Kepler-116,2014,Transit,5.968734,0.0,,,0.305,0.0364,1.198,6142.0
K2-284 b,K2-284,2018,Transit,4.795069,0.078,0.108,-0.055,0.24801499,0.0256,0.63,4140.0
LP 714-47 b,LP 714-47,2020,Transit,4.052037,0.04,0.02,-0.02,0.41930591,0.09690715,0.59,3950.0
Kepler-1958 b,Kepler-1958,2021,Transit,9.328619957,0.0,,,0.18299997,0.0153,0.961,5749.0
HD 152581 b,HD 152581,2011,Radial Velocity,686.5,0.04,0.031,-0.031,1.2,1.869,1.3,5027.0
Kepler-74 b,Kepler-74,2013,Transit,7.340711,0.0,,,0.96,0.63,1.18,6000.0
Kepler-87 c,Kepler-87,2013,Transit,191.2318,0.039,0.012,-0.012,0.548,0.02,1.1,5600.0
Kepler-812 b,Kepler-812,2016,Transit,10.11716531,0.0,,,0.31670979,0.0388,1.45,6761.0
Kepler-80 e,Kepler-80,2014,Transit,4.64489,0.0035,0.0032,-0.0024,0.14274244,0.01299437,0.73,4540.0
WASP-23 b,WASP-23,2010,Transit,2.9444256,0.062,,,0.962,0.884,0.78,5150.0
Kepler-1265 b,Kepler-1265,2016,Transit,6.49441289,0.0,,,0.12043893,0.00752,0.71,4630.0
NGTS-1 b,NGTS-1,2017,Transit,2.647298,0.016,0.023,-0.012,1.33,0.812,0.617,3916.0
Kepler-686 b,Kepler-686,2016,Transit,1.594745463,0.0,,,1.0839504,,0.94,5649.0
Kepler-1187 b,Kepler-1187,2016,Transit,18.87064068,0.0,,,0.2328486,0.023,1.06,5975.0
Kepler-164 e,Kepler-164,2023,Transit,94.886902,0.0,,,0.37826811,0.0525,0.966,5888.0
Kepler-184 b,Kepler-184,2014,Transit,10.687576,0.0,,,0.211,0.0194,0.872,5788.0
HD 332231 b,HD 332231,2020,Transit,18.712024,0.0,,,0.80944319,0.23314467,1.1642,6128.0
TOI-1199 b,TOI-1199,2024,Transit,3.671463,0.03,0.029,-0.029,0.938,0.239,1.23,5710.0
TOI-4961 b,TOI-4961,2025,Transit,7.479182,0.182,0.04,-0.048,1.101,1.8,0.912,5380.0
Kepler-75 b,Kepler-75,2013,Transit,8.8849116,0.57,0.01,-0.01,1.05,10.1,0.91,5200.0
HD 39091 b,HD 39091,2001,Radial Velocity,2088.8,0.642,0.001,-0.001,1.1,14.1,1.07,5998.0
HAT-P-3 b,HAT-P-3,2007,Transit,2.8997,0.0,,,0.94,0.65,1.06,5185.0
HD 30562 b,HD 30562,2009,Radial Velocity,1157.0,0.76,0.05,-0.05,1.21,1.47,1.12,5882.0
Kepler-233 c,Kepler-233,2014,Transit,60.418955,0.0,,,0.242,0.0245,0.855,5360.0
BD-10 3166 b,BD-10 3166,2000,Radial Velocity,3.48777,0.02,0.02,-0.02,1.26,0.59,1.47,5393.0
HAT-P-11 c,HAT-P-11,2018,Radial Velocity,3361.0,0.652,0.017,-0.017,1.18,2.68,0.811,4653.0
Kepler-1834 c,Kepler-1834,2023,Transit,0.766691517,0.0,,,0.1088413,0.00624,0.765,4821.0
Kepler-207 c,Kepler-207,2014,Transit,3.071571,0.0,,,0.134,0.00899,1.313,5920.0
Kepler-118 c,Kepler-118,2014,Transit,20.17202,0.0,,,0.685,0.144,0.811,5274.0
HATS-55 b,HATS-55,2019,Transit,4.2042001,0.092,,,1.251,0.921,1.1955,6214.0
Kepler-822 b,Kepler-822,2016,Transit,3.222969273,0.0,,,0.15790882,0.0119,1.06,5928.0
Kepler-292 e,Kepler-292,2014,Transit,11.97901,0.0,,,0.238,0.0239,0.865,5299.0
Kepler-444 e,Kepler-444,2015,Transit,7.743493,0.1,0.2,-0.07,0.049,0.00031463,0.758,5046.0
bet Pic d,bet Pic,2026,Imaging,33200.0,0.44,,,1.26,2.4,1.789,8038.68
HD 183263 c,HD 183263,2008,Radial Velocity,4667.97841,0.051,0.01,-0.01,1.12,9.31,1.06,5948.0
Kepler-654 b,Kepler-654,2016,Transit,13.72465129,0.0,,,0.18467303,0.0155,1.04,5865.0
91 Aqr b,91 Aqr,2013,Radial Velocity,181.4,0.027,0.026,-0.026,1.17,3.2,1.4,4665.0
Kepler-864 b,Kepler-864,2016,Transit,5.83376092,0.0,,,0.21411366,0.02,1.0,5754.0
Kepler-1628 b,Kepler-1628,2016,Transit,76.378033,0.0,,,0.57364618,0.106,0.55,3724.0
Kepler-944 b,Kepler-944,2016,Transit,43.3167737,0.0,,,0.23463288,0.0233,0.86,5409.0
HD 181720 b,HD 181720,2009,Radial Velocity,956.0,0.26,0.06,-0.06,1.25,0.4,1.03,5736.0
Kepler-322 b,Kepler-322,2014,Transit,1.653888,0.0,,,0.09,0.00317,0.908,5388.0
Kepler-1394 b,Kepler-1394,2016,Transit,3.93766373,0.0,,,0.12400749,0.0079,1.64,6481.0
HD 109246 b,HD 109246,2010,Radial Velocity,68.27,0.12,0.04,-0.04,1.24,0.86,1.2,5844.0
Kepler-1672 b,Kepler-1672,2020,Transit,150.878,0.0,,,0.26498596,0.0287,1.16,6131.95
Kepler-1744 b,Kepler-1744,2021,Transit,37.10110092,0.0,,,0.33611799,0.0429,0.886,5986.0
TOI-4515 b,TOI-4515,2024,Transit,15.266446,0.461,0.007,-0.007,1.086,2.005,0.949,5433.0
Ross 176 b,Ross 176,2025,Transit,5.0066338,0.25,0.04,-0.04,0.16415409,0.01437883,0.577,4041.0
CoRoT-31 b,CoRoT-31,2020,Transit,4.62941,0.02,0.16,-0.16,1.46,0.84,1.25,5700.0
TOI-1775 b,TOI-1775,2024,Transit,10.2405549,0.0,,,0.71793227,0.30204978,0.9218,5284.0
HAT-P-18 b,HAT-P-18,2010,Transit,5.508023,0.084,0.048,-0.048,0.995,0.197,0.77,4803.0
Kepler-129 c,Kepler-129,2014,Transit,82.2,0.2,0.15,-0.2,0.22481973,0.13529313,1.178,5770.0
Kepler-1267 b,Kepler-1267,2016,Transit,13.0313945,0.0,,,0.26853421,0.0293,1.15,6096.0
Kepler-1795 b,Kepler-1795,2021,Transit,13.36019993,0.0,,,0.14836462,0.0107,0.768,4500.0
Kepler-903 c,Kepler-903,2016,Transit,62.9228557,0.0,,,0.22571148,0.0218,0.98,5682.0
K2-312 c,HD 80653,2023,Radial Velocity,921.2,0.853,0.011,-0.011,1.14,5.41,1.18,5959.0
GJ 3293 c,GJ 3293,2015,Radial Velocity,122.6196,0.11,0.1,-0.08,0.434,0.06635623,0.42,3466.0
TOI-5713 b,TOI-5713,2024,Transit,10.441989,0.24,0.4,-0.17,0.1579091,0.0119,0.2653,3225.0
K2-285 b,K2-285,2018,Transit,3.471745,0.0,,,0.23106432,0.03045653,0.83,4975.0
Kepler-220 c,Kepler-220,2014,Transit,9.034199,0.0,,,0.14,0.00972,0.729,4632.0
Kepler-880 b,Kepler-880,2016,Transit,7.71468975,0.0,,,0.23730931,0.0238,1.46,6761.0
HD 35843 c,HD 35843,2025,Transit,46.9622,0.153,0.07,-0.064,0.22660401,0.0356167,0.94,5666.0
HATS-68 b,HATS-68,2018,Transit,3.5862202,0.036,,,1.232,1.29,1.351,6147.0
Kepler-324 b,Kepler-324,2014,Transit,4.385315,0.0,,,0.102,7.59655193,0.901,5194.0
Kepler-1547 b,Kepler-1547,2016,Transit,0.692979676,0.0,,,0.08029262,0.0021,1.12,6078.0
Kepler-116 c,Kepler-116,2014,Transit,13.07163,0.0,,,0.205,0.0186,1.198,6142.0
Kepler-1076 b,Kepler-1076,2016,Transit,6.14727918,0.0,,,0.07137122,0.00137,0.79,4868.0
nu Oph b,nu Oph,2012,Radial Velocity,529.93,0.126,0.003,-0.004,1.07,22.206,2.61,4887.0
Kepler-170 b,Kepler-170,2014,Transit,7.930592,0.0,,,0.285,0.26,1.066,5679.0
HD 134987 c,HD 134987,2009,Radial Velocity,5000.0,0.12,0.02,-0.02,1.24,0.82,1.1,5585.0
Kepler-530 b,Kepler-530,2016,Transit,39.30941904,0.0,,,0.26853421,0.0293,0.97,5697.0
Kepler-1596 b,Kepler-1596,2016,Transit,66.373379,0.0,,,0.16950665,0.0134,0.95,5706.0
Kepler-396 c,Kepler-396,2013,Transit,88.505,0.0,,,0.473,0.056,0.85,5656.0
WASP-88 b,WASP-88,2014,Transit,4.954,0.0,,,1.46,0.42,0.94,6430.0
Kepler-1438 b,Kepler-1438,2016,Transit,2.31942009,0.0,,,0.08386118,0.00245,0.97,5530.0
GJ 15 A b,GJ 15 A,2014,Radial Velocity,11.4407,0.094,0.091,-0.065,0.139,0.0095334,0.38,3607.0
TOI-157 b,TOI-157,2020,Transit,2.0845435,0.0,,,1.286,1.18,0.948,5404.0
K2-114 b,K2-114,2017,Transit,11.390931,0.079,0.03,-0.03,0.945,2.01,0.863,4899.0
Kepler-100 b,Kepler-100,2014,Transit,6.88734,0.13,0.27,-0.13,0.119547,0.01261687,1.13,5837.0
tau Gem b,tau Gem,2013,Radial Velocity,305.5,0.031,0.009,-0.009,1.08,20.6,2.3,4388.0
Kepler-265 c,Kepler-265,2014,Transit,17.028937,0.0,,,0.235,0.0233,0.97,5835.0
Kepler-1921 c,Kepler-1921,2023,Transit,3.15722086,0.0,,,0.12579199,0.00809,1.251,6120.0
CoRoT-19 b,CoRoT-19,2011,Transit,3.89713,0.047,0.045,-0.045,1.29,1.11,1.21,6090.0
HD 110537 b,HD 110537,2022,Radial Velocity,24469.67342,0.401,0.115,-0.152,1.06,27.099,1.02,5718.0
Kepler-788 b,Kepler-788,2016,Transit,8.39846269,0.0,,,0.22749576,0.0221,1.16,6159.0
WASP-69 b,WASP-69,2014,Transit,3.86813881,0.0,,,1.0,0.26,0.83,4792.0
Kepler-336 b,Kepler-336,2014,Transit,2.024823,0.0,,,0.091,0.00328,1.09,5867.0
HIP 48714 b,HIP 48714,2020,Radial Velocity,17.818,0.5,0.08,-0.08,0.456,0.0720511,0.58,4015.5
Kepler-154 b,Kepler-154,2014,Transit,33.040532,0.0,,,0.202,0.018,0.933,5690.0
Kepler-1225 b,Kepler-1225,2016,Transit,7.01075434,0.0,,,0.16236952,0.0125,1.13,6140.0
Kepler-1708 b,Kepler-1708,2021,Transit,737.1131,0.4,,,0.88857321,4.6,1.088,6157.0
Kepler-332 c,Kepler-332,2014,Transit,15.995622,0.0,,,0.097,0.00416,0.743,4955.0
WASP-173 A b,WASP-173 A,2018,Transit,1.38665318,0.0,,,1.2,3.69,1.05,5800.0
TOI-4010 b,TOI-4010,2023,Transit,1.348335,0.03,0.03,-0.02,0.26942682,0.03460987,0.88,4960.0
WASP-71 b,WASP-71,2012,Transit,2.90367,0.0,,,1.18,1.39,0.76,6050.0
Kepler-66 b,Kepler-66,2013,Transit,17.815815,0.0,,,0.25,0.0259,1.038,5962.0
Kepler-755 b,Kepler-755,2016,Transit,1.269090374,0.0,,,0.15701668,0.0118,0.82,5043.0
Kepler-1785 b,Kepler-1785,2021,Transit,19.58550072,0.0,,,0.24125516,0.0245,0.911,5618.0
GJ 9773 b,GJ 9773,2025,Radial Velocity,2965.0,0.218,0.02,-0.02,1.26,0.543,0.358,3528.0
Kepler-247 d,Kepler-247,2014,Transit,20.477912,0.0,,,0.352,0.0463,0.887,5100.0
Kepler-1552 b,Kepler-1552,2016,Transit,184.771853,0.0,,,0.22035864,0.021,0.85,5202.0
Kepler-549 c,Kepler-549,2016,Transit,117.040498,0.0,,,0.26139709,0.028,0.88,5360.0
Kepler-130 d,Kepler-130,2014,Transit,87.517905,0.8,0.09,-0.4,0.146,0.0105,0.927,5884.0
HD 24040 c,HD 24040,2021,Radial Velocity,515.4,0.11,0.12,-0.079,0.834,0.201,1.10394,5776.49
Kepler-304 b,Kepler-304,2014,Transit,3.295709,0.0,,,0.255,0.0269,0.737,4731.0
TOI-1416 b,TOI-1416,2023,Transit,1.0697568,0.0,,,0.14452697,0.0109493,0.798,4884.0
Kepler-2000 b,Kepler-2000,2023,Transit,6.383159135,0.0,,,0.24355471,0.0249,0.581,3757.0
Kepler-327 c,Kepler-327,2014,Transit,5.212333,0.0,,,0.092,0.064,0.591913,3799.0
LSPM J2116+0234 b,LSPM J2116+0234,2019,Radial Velocity,14.4399,0.183,0.062,-0.063,0.331,0.04184627,0.43,3475.0
Kepler-1371 c,Kepler-1371,2016,Transit,2.00541269,0.0,,,0.05709698,0.000618,0.87,5361.0
BD+20 274 b,BD+20 274,2012,Radial Velocity,578.2,0.21,0.06,-0.06,1.16,4.2,0.8,4296.0
Kepler-538 b,Kepler-538,2016,Transit,81.73778,0.21,,,0.1976094,0.04058794,0.892,5534.0
HD 189567 c,HD 189567,2021,Radial Velocity,33.688,0.16,0.09,-0.09,0.227,0.02202446,0.83,5726.0
HAT-P-62 b,HAT-P-62,2021,Transit,2.6453235,0.101,,,1.073,0.761,1.023,5629.0
Kepler-443 b,Kepler-443,2015,Transit,177.6693,0.11,0.15,-0.11,0.21,0.019,0.738,4723.0
TOI-530 b,TOI-530,2021,Transit,6.387597,0.0,,,0.83,0.4,0.53,3659.0
GJ 676 A b,GJ 676 A,2010,Radial Velocity,1051.44521,0.319,0.003,-0.003,1.14,5.792,0.626,3734.0
WASP-175 b,WASP-175,2019,Transit,3.0652907,0.0,,,1.208,0.99,1.212,6229.0
Kepler-127 c,Kepler-127,2014,Transit,29.393195,0.03,0.14,-0.03,0.237,0.0238,1.248,6106.0
HD 1605 c,HD 1605,2015,Radial Velocity,2149.0,0.099,0.011,-0.011,1.16,3.62,1.33,4915.0
HIP 14810 b,HIP 14810,2005,Radial Velocity,6.673892,0.14399,0.00087,-0.00087,1.16,3.9,1.01,5544.0
LHS 1678 b,LHS 1678,2021,Transit,0.8602325,0.033,0.035,-0.023,0.06111171,0.00110122,0.345,3490.0
Kepler-42 b,Kepler-42,2011,Transit,1.2137672,0.04,0.2,-0.04,0.07,0.00222115,0.13,3068.0
HD 141937 b,HD 141937,2002,Radial Velocity,662.37,0.46,0.004,-0.004,1.11,11.3,1.09,5870.0
TOI-1518 b,TOI-1518,2021,Transit,1.90261131,0.01,,,1.878,1.83,1.88,7299.0
Kepler-388 b,Kepler-388,2014,Transit,3.173315,0.0,,,0.072,0.00144,0.635,4498.0
TOI-2458 c,TOI-2458,2024,Radial Velocity,16.553,0.29,0.16,-0.16,0.283,0.03215572,1.05,6005.0
HD 18599 b,HD 18599,2022,Transit,4.1374354,0.34,0.07,-0.09,0.23195686,0.07582708,0.863,5145.0
Kepler-1301 b,Kepler-1301,2016,Transit,9.08237046,0.0,,,0.12489963,0.008,0.85,5188.0
HD 73583 b,HD 73583,2022,Transit,6.398042,0.09,0.09,-0.06,0.24890756,0.03209279,0.73,4511.0
Kepler-784 c,Kepler-784,2023,Transit,17.157236,0.0,,,0.13828198,0.00951,1.016,5676.0
Kepler-1216 b,Kepler-1216,2016,Transit,4.37034536,0.0,,,0.12400749,0.0079,0.99,5743.0
Kepler-149 c,Kepler-149,2014,Transit,55.328328,0.0,,,0.144,0.0101,1.013,5381.0
HD 33142 d,HD 33142,2022,Radial Velocity,89.9,0.191,0.14,-0.128,0.832,0.2,1.52,5025.4
Kepler-1896 b,Kepler-1896,2021,Transit,44.87020111,0.0,,,0.27650685,0.0308,1.07,6122.0
TOI-5218 b,TOI-5218,2024,Transit,4.291452,0.0,,,0.879,2.06715317,0.739,4230.0
Kepler-653 b,Kepler-653,2016,Transit,14.70748976,0.0,,,0.17396735,0.014,1.02,5665.0
TOI-771 c,TOI-771,2025,Radial Velocity,7.61,0.065,0.062,-0.045,0.134,0.00903003,0.22,3370.0
Kepler-714 b,Kepler-714,2016,Transit,8.098887986,0.0,,,0.86269962,0.213,1.09,5995.0
Kepler-1458 b,Kepler-1458,2016,Transit,47.9872764,0.0,,,0.24623071,0.0253,0.96,5653.0
TOI-4364 b,TOI-4364,2025,Transit,5.424019,0.29,0.38,-0.17,0.1793205,0.0148,0.487,3528.0
K2-57 b,K2-57,2016,Transit,9.0073,0.25,0.38,-0.17,0.206,0.0187,0.699,4413.0
Kepler-481 b,Kepler-481,2016,Transit,10.06082567,0.0,,,0.22303506,0.0214,1.01,5802.0
Kepler-1419 b,Kepler-1419,2016,Transit,42.5215895,0.0,,,0.25515211,0.0269,1.01,5796.0
HD 95338 b,HD 95338,2020,Radial Velocity,55.082694,0.197,0.029,-0.024,0.3811,0.135,0.848,5097.0
Kepler-1112 b,Kepler-1112,2016,Transit,14.36267939,0.0,,,0.26942635,0.0295,1.34,6496.0
Kepler-345 c,Kepler-345,2014,Transit,9.387427,0.0,,,0.107,0.00692194,0.61,4504.0
KOI-142 c,KOI-142,2013,Transit Timing Variations,22.26492,0.05724,0.00045,-0.00045,1.25,0.674,0.99,5466.0
HD 148427 b,HD 148427,2009,Radial Velocity,331.9,0.12,0.09,-0.08,1.22,1.2,1.64,5025.0
Kepler-271 c,Kepler-271,2014,Transit,7.41086267,0.0,,,0.08475332,0.00254,0.9,5555.0
Pr0211 b,Pr0211,2012,Radial Velocity,2.1461,0.011,0.012,-0.008,1.2,1.88,0.935,5300.0
Kepler-372 c,Kepler-372,2014,Transit,20.053763,0.0,,,0.186,0.0158,1.202,6509.0
Kepler-338 c,Kepler-338,2014,Transit,24.310856,0.03,0.24,-0.03,0.209,0.0191,1.105,5923.0
GJ 3998 c,GJ 3998,2016,Radial Velocity,13.727,0.0,,,0.223,0.02145812,0.52,3726.0
HD 137388 b,HD 137388,2011,Radial Velocity,330.0,0.36,0.12,-0.12,0.832,0.2,0.68,5181.0
Kepler-1673 b,Kepler-1673,2020,Transit,33.7888,0.0,,,0.2618895,0.0281,1.11,6014.95
Kepler-1868 b,Kepler-1868,2021,Transit,211.0339966,0.0,,,0.28098015,0.0317,0.743,4658.0
HD 87883 b,HD 87883,2009,Radial Velocity,3006.0,0.72,0.038,-0.027,1.14,6.31,0.8,4980.0
Kepler-740 b,Kepler-740,2016,Transit,3.584101216,0.0,,,0.40770809,0.0596,0.91,5438.0
Kepler-1322 c,Kepler-1322,2021,Transit,6.459980011,0.0,,,0.19224989,0.0166,0.897,5704.0
HD 63935 b,HD 63935,2021,Transit,9.058807,0.0,,,0.26012646,0.03303669,0.9406,5513.0
Kepler-379 b,Kepler-379,2014,Transit,20.09838,0.0,,,0.148,0.0107,1.125,6054.0
HD 216435 b,HD 216435,2002,Radial Velocity,1311.0,0.07,0.078,-0.078,1.22,1.26,1.3,5999.0
HATS-76 b,HATS-76,2021,Transit,1.9416423,0.062,,,1.079,2.629,0.662,4016.0
Kepler-1211 b,Kepler-1211,2016,Transit,11.01816836,0.0,,,0.22749576,0.0221,0.96,5705.0
HAT-P-33 b,HAT-P-33,2011,Transit,3.47447,0.0,,,1.85,0.92,1.82,6446.0
HD 12235 c,HD 12235,2022,Radial Velocity,36336.70679,0.174,0.11,-0.154,1.11,9.866,1.1,5986.0
CoRoT-26 b,CoRoT-26,2013,Transit,4.20474,0.0,,,1.26,0.52,1.09,5590.0
Kepler-1161 b,Kepler-1161,2016,Transit,10.71252541,0.0,,,0.19002587,0.0163,0.59,4253.0
Kepler-224 e,Kepler-224,2014,Transit,18.643577,0.0,,,0.176,0.0143,0.777,5018.0
mu Leo b,mu Leo,2014,Radial Velocity,357.8,0.09,0.06,-0.06,1.18,2.4,1.5,4538.2
WASP-176 b,WASP-176,2020,Transit,3.899052,0.0,,,1.505,0.855,1.345,5941.0
WASP-65 b,WASP-65,2013,Transit,2.3114243,0.0,,,1.112,1.55,0.93,5600.0
HD 60292 b,HD 60292,2020,Radial Velocity,495.4,0.27,0.1,-0.1,1.13,6.5,1.7,4348.0
HD 2685 b,HD 2685,2019,Transit,4.12688,0.091,0.039,-0.047,1.44,1.17,1.43,6801.0
HIP 12961 b,HIP 12961,2010,Radial Velocity,57.435,0.17,0.03,-0.03,1.18,0.36,0.69,3901.0
WASP-117 b,WASP-117,2014,Transit,10.02165,0.3,0.02,-0.02,1.06,0.3,1.29,6040.0
Kepler-363 d,Kepler-363,2014,Transit,11.932125,0.0,,,0.183,0.0153,1.226,5593.0
Kepler-12 b,Kepler-12,2011,Transit,4.4379629,0.0,,,1.754,0.432,1.166,5947.0
Kepler-1594 b,Kepler-1594,2016,Transit,2.71603809,0.0,,,0.09456687,0.00377,1.06,5946.0
HD 4917 b,HD 4917,2018,Radial Velocity,400.5,0.066,0.041,-0.041,1.21,1.615,1.32,4802.0
DENIS-P J082303.1-491201 b,DENIS-P J082303.1-491201,2013,Astrometry,246.36,0.345,0.068,-0.064,1.06,28.5,0.075,
HIP 65407 b,HIP 65407,2016,Radial Velocity,28.125,0.14,0.07,-0.07,1.28,0.428,0.93,5460.0
Kepler-1149 b,Kepler-1149,2016,Transit,3.73089898,0.0,,,0.1284682,0.00839,1.02,5833.0
Kepler-1527 b,Kepler-1527,2016,Transit,160.129918,0.0,,,0.4255509,0.0641,1.21,6224.0
Kepler-986 b,Kepler-986,2016,Transit,56.4349938,0.0,,,0.2105451,0.0194,0.96,5642.0
Kepler-1070 b,Kepler-1070,2016,Transit,6.2216147,0.0,,,0.15434026,0.0115,1.21,6261.0
HD 31527 b,HD 31527,2019,Radial Velocity,16.5535,0.1,0.05,-0.05,0.288,0.0329,0.96,5898.0
Kepler-286 d,Kepler-286,2014,Transit,5.914323,0.0,,,0.119,0.00733,0.83,5580.0
Kepler-1141 b,Kepler-1141,2016,Transit,2.344511944,0.0,,,0.0731555,0.0015,1.01,5791.0
Kepler-1980 b,Kepler-1980,2023,Transit,33.0257179,0.0,,,0.19716333,0.0174,1.049,5819.0
Kepler-733 b,Kepler-733,2016,Transit,20.83424726,0.0,,,0.25158355,0.0263,0.9,5418.0
LTT 3780 c,LTT 3780,2020,Transit,12.252284,0.024,0.032,-0.017,0.21322189,0.02529667,0.381,3358.0
Kepler-1845 b,Kepler-1845,2021,Transit,11.60649967,0.0,,,0.21753691,0.0205,0.686,4703.0
HD 168443 b,HD 168443,1998,Radial Velocity,58.11187,0.53,0.002,-0.001,1.13,7.628,0.98,5491.0
TOI-561 e,TOI-561,2020,Transit,77.144,0.074,0.044,-0.039,0.22455209,0.03901476,0.806,5342.0
Kepler-1034 b,Kepler-1034,2016,Transit,12.12400943,0.0,,,0.2016237,0.018,0.83,5198.0
Kepler-1286 b,Kepler-1286,2016,Transit,11.25402929,0.0,,,0.19181015,0.0166,1.0,5753.0
HD 13724 c,HD 13724,2022,Radial Velocity,142.22895,0.651,0.078,-0.092,0.729,0.16,1.004,5835.31
Kepler-643 b,Kepler-643,2016,Transit,16.33889626,0.37,0.06,-0.06,0.90641449,1.01,1.0,4908.0
CoRoT-7 c,CoRoT-7,2009,Radial Velocity,3.698,0.0,,,0.253,0.02642922,0.899,5256.0
Kepler-51 b,Kepler-51,2012,Transit,45.154,0.04,0.01,-0.01,0.633,0.007,1.04,6018.0
Kepler-318 b,Kepler-318,2014,Transit,4.662715,0.0,,,0.42,0.0627,1.073,5746.0
HD 185269 b,HD 185269,2006,Radial Velocity,6.83776,0.229,0.014,-0.014,1.23,1.01,1.3,5923.0
Kepler-47 b,Kepler-47,2012,Transit,49.4643,0.021,0.0025,-0.0022,0.27210277,0.00651292,0.957,5636.0
HD 156098 b,HD 156098,2022,Radial Velocity,21.85849,0.109,0.101,-0.048,0.368,0.05,1.29,6419.19
HD 190007 b,HD 190007,2020,Radial Velocity,11.724128,0.136,0.085,-0.08,0.362,0.04876845,0.77,4610.0
TOI-2095 c,TOI-2095,2023,Transit,28.17232,0.0,,,0.11865486,0.023283,0.44,3759.0
HD 155358 c,HD 155358,2007,Radial Velocity,391.9,0.16,0.1,-0.1,1.24,0.82,0.92,5900.0
Kepler-1603 b,Kepler-1603,2016,Transit,2.27163926,0.0,,,0.11508609,0.00696,1.21,6241.0
Kepler-732 b,Kepler-732,2016,Transit,9.467814048,0.0,,,0.19448657,0.017,0.49,3631.0
HATS-27 b,HATS-27,2016,Transit,4.637038,0.581,,,1.5,0.53,1.415,6438.0
HD 32963 b,HD 32963,2015,Radial Velocity,2372.0,0.07,0.04,-0.04,1.19,2.07,0.94,5727.0
Kepler-1860 b,Kepler-1860,2021,Transit,12.73719978,0.0,,,0.10158262,0.00487,0.874,5420.0
HD 29399 b,HD 29399,2022,Radial Velocity,892.7,0.05,0.05,-0.05,1.21,1.57,1.17,4845.0
XO-3 b,XO-3,2007,Transit,3.19152309,0.2791,0.0024,-0.0022,1.32,13.27,1.449,6970.0
Kepler-1040 b,Kepler-1040,2016,Transit,201.1214,0.0,,,0.18556517,0.0157,0.98,5694.0
TOI-5882 b,TOI-5882,2025,Transit,7.148972,0.0339,0.0041,-0.0041,1.023,22.01,1.334,5920.0
KOI-134 c,KOI-134,2025,Transit Timing Variations,33.95,0.24,0.12,-0.03,0.88,0.22,1.407,6160.0
Kepler-542 b,Kepler-542,2016,Transit,13.14497566,0.0,,,0.14006602,0.00972,0.93,5526.0
Kepler-1683 b,Kepler-1683,2020,Transit,15.0337,0.0,,,0.16725646,0.0131,0.95,5429.0
HD 23472 c,HD 23472,2019,Transit,29.79749,0.063,0.054,-0.043,0.16683051,0.01072906,0.67,4684.0
Kepler-285 c,Kepler-285,2014,Transit,6.186676,0.0,,,0.1,0.00459,0.915,5411.0
HD 17092 b,HD 17092,2007,Radial Velocity,359.89999,0.17,0.05,-0.05,1.11,10.13,6.73,4326.0
Kepler-339 c,Kepler-339,2014,Transit,6.988055,0.0,,,0.103,0.023,0.87,5631.0
Kepler-310 c,Kepler-310,2014,Transit,56.47542,0.0,,,0.302,0.0357,0.854,5797.0
HD 1690 b,HD 1690,2010,Radial Velocity,533.0,0.64,0.04,-0.04,1.12,8.79,1.86,4374.0
Kepler-1398 b,Kepler-1398,2016,Transit,2.78815679,0.0,,,0.08029262,0.0021,1.13,6126.0
NGTS-8 b,NGTS-8,2019,Transit,2.4997,0.01,0.014,-0.01,1.09,0.93,0.89,5241.0
HD 3765 b,HD 3765,2021,Radial Velocity,1211.0,0.298,0.078,-0.071,0.764,0.173,0.851785,5049.8
KOBE-1 c,KOBE-1,2025,Radial Velocity,29.671,0.0,,,0.318,0.03901476,0.629,4135.0
TOI-6420 b,TOI-6420,2025,Transit,6.961508,0.078,0.014,-0.013,1.065,8.2,1.165,6020.0
Kepler-970 b,Kepler-970,2016,Transit,16.736525,0.34,0.18,-0.22,0.23275979,0.023,0.67,4290.0
HD 45364 c,HD 45364,2008,Radial Velocity,345.43,0.019,0.011,-0.01,1.26,0.549,0.82,5466.0
HAT-P-70 b,HAT-P-70,2019,Transit,2.74432452,0.0,,,1.87,6.78,1.89,8450.0
Kepler-69 c,Kepler-69,2013,Transit,242.4613,0.14,0.18,-0.1,0.153,0.0112,0.81,5638.0
HD 218566 b,HD 218566,2010,Radial Velocity,225.7,0.3,0.1,-0.1,0.832,0.2,0.76,4730.0
Kepler-454 b,Kepler-454,2015,Transit,10.5737534,0.32,,,0.2114376,0.0169903,1.03,5687.0
BD+63 1405 b,BD+63 1405,2021,Radial Velocity,1198.48,0.88,0.02,-0.02,1.11,10.4,0.816,5000.0
Kepler-311 c,Kepler-311,2014,Transit,19.738286,0.0,,,0.128,0.00829,0.994,5905.0
Kepler-943 b,Kepler-943,2016,Transit,49.7701438,0.0,,,0.52903916,0.0928,0.93,5612.0
HD 113538 c,HD 113538,2010,Radial Velocity,1818.0,0.2,0.04,-0.04,1.24,0.93,0.585,4462.0
Kepler-836 b,Kepler-836,2016,Transit,11.36112327,0.0,,,0.24355429,0.0249,1.03,5895.0
TOI-122 b,TOI-122,2020,Transit,5.07803,0.0,,,0.24266215,0.0247,0.312,3403.0
Kepler-223 c,Kepler-223,2014,Transit,9.84564,0.15,0.019,-0.051,0.30689624,0.01604631,1.125,5803.0
Kepler-137 b,Kepler-137,2014,Transit,8.436387,0.0,,,0.131,0.00869,0.85,5187.0
HD 27894 c,HD 27894,2017,Radial Velocity,36.07,0.015,0.02,-0.002,0.735,0.162,0.8,4875.0
TOI-5076 b,TOI-5076,2024,Transit,23.443162,0.0,,,0.3113,0.0508,0.789,4780.0
KOI-94 c,KOI-94,2013,Transit,10.423648,0.43,0.23,-0.23,0.385,0.049,1.277,6182.0
HD 196067 c,HD 196067,2025,Radial Velocity,4.601088,0.235,0.118,-0.118,0.286,0.03272206,1.16,6072.0
HATS-52 b,HATS-52,2017,Transit,1.36665436,0.246,,,1.382,2.24,1.111,6010.0
Kepler-250 d,Kepler-250,2014,Transit,17.648312,0.0,,,0.194,0.017,0.806,5160.0
LHS 3844 b,LHS 3844,2019,Transit,0.462929709,0.0,,,0.11472943,0.00745685,0.151,3080.0
HD 240237 b,HD 240237,2011,Radial Velocity,745.70001,0.4,0.1,-0.1,1.09,15.89,8.76,3926.0
TOI-1601 b,TOI-1601,2021,Transit,5.33175,0.0,,,1.2667542,1.21763817,1.5055,5982.0
Kepler-1298 b,Kepler-1298,2016,Transit,7.12811928,0.0,,,0.11687037,0.00714,1.45,6339.0
HD 4732 b,HD 4732,2012,Radial Velocity,371.74,0.266,0.081,-0.068,1.19,1.986,1.39,4898.0
TOI-237 b,TOI-237,2020,Transit,5.436098,0.0,,,0.1284682,0.00839,0.179,3212.0
HATS-48 A b,HATS-48 A,2020,Transit,3.1316666,0.162,,,0.8,0.243,0.7279,4546.0
TOI-1694 b,TOI-1694,2023,Transit,3.7701389,0.122,0.025,-0.024,0.47015872,0.08885298,0.828,5005.0
Kepler-289 b,Kepler-289,2014,Transit,34.5383,0.0,,,0.2221433,0.0116415,1.08,5990.0
HIP 109600 b,HIP 109600,2016,Radial Velocity,232.08,0.163,0.006,-0.006,1.18,2.68,0.87,5530.0
HAT-P-44 b,HAT-P-44,2014,Transit,4.301219,0.044,0.052,-0.052,1.242,0.352,0.942,5295.0
eps Ind A b,eps Ind A,2019,Radial Velocity,25450.0,0.25,0.09,-0.09,1.13,6.5,0.8,4700.0
Kepler-407 b,Kepler-407,2014,Transit,0.6693124,0.0,,,0.10616487,0.00607246,0.99,5487.0
HD 48265 b,HD 48265,2008,Radial Velocity,778.51,0.211,0.089,-0.096,1.13,7.4,1.312,5733.0
Kepler-263 b,Kepler-263,2014,Transit,16.568087,0.0,,,0.238,0.0239,0.793,5265.0
Kepler-1219 b,Kepler-1219,2016,Transit,16.10467749,0.0,,,0.18913373,0.0162,1.25,5944.0
Kepler-9 b,Kepler-9,2010,Transit,19.23891,0.0609,0.001,-0.0013,0.73958426,0.13655099,1.022,5774.0
TOI-836.01,TOI-836,2021,Transit,8.59545,0.078,0.056,-0.056,0.23079708,0.03020498,0.678,4552.0
Kepler-1574 b,Kepler-1574,2016,Transit,6.9424334,0.0,,,0.11508609,0.00696,1.06,5892.0
Kepler-1411 b,Kepler-1411,2016,Transit,86.1150888,0.0,,,0.25158355,0.0263,0.95,5664.0
TOI-2180 b,TOI-2180,2022,Transit,260.79,0.3683,0.0073,-0.0073,1.01,2.755,1.111,5695.0
61 Vir c,61 Vir,2009,Radial Velocity,38.021,0.14,0.06,-0.06,0.398,0.057,0.942,5577.0
Kepler-1050 c,Kepler-1050,2016,Transit,21.1284569,0.0,,,0.13203676,0.00879,1.09,6010.0
Kepler-1306 b,Kepler-1306,2016,Transit,16.29595382,0.0,,,0.17039879,0.0136,0.98,5727.0
K2-285 c,K2-285,2018,Transit,7.138048,0.0,,,0.31492551,0.04933455,0.83,4975.0
Kepler-201 c,Kepler-201,2014,Transit,151.884058,0.0,,,0.254,0.0267,1.098,6065.0
K2-291 b,K2-291,2019,Transit,2.225177,0.0,,,0.14176108,0.02041972,0.934,5520.0
HD 220773 b,HD 220773,2011,Radial Velocity,3724.7,0.51,0.1,-0.1,1.21,1.45,1.16,5940.0
BD-11 4672 b,BD-11 4672,2014,Radial Velocity,1634.0,0.05,0.05,-0.03,1.25,0.65,0.651,4550.0
PSR B0329+54 b,PSR B0329+54,2017,Pulsar Timing,10140.0,0.236,0.011,-0.011,0.109,0.00619828,1.44,
TOI-169 b,TOI-169,2020,Transit,2.2554477,0.0,,,1.086,0.791,1.147,5880.0
Kepler-1564 b,Kepler-1564,2016,Transit,18.0540381,0.0,,,0.13114462,0.00869,0.93,5528.0
GJ 536 c,GJ 536,2025,Radial Velocity,32.761,0.0,,,0.205,0.01853201,0.528,3641.0
Kepler-332 d,Kepler-332,2014,Transit,34.21154,0.0,,,0.105,0.00553,0.743,4955.0
Kepler-26 c,Kepler-26,2011,Transit,17.2559,0.013,0.013,-0.01,0.24266215,0.01950728,0.544,3914.0
Kepler-102 f,Kepler-102,2014,Transit,27.453592,0.1,,,0.07681341,0.01352931,0.803,4909.0
Kepler-1147 b,Kepler-1147,2016,Transit,10.62784997,0.0,,,0.2328486,0.023,1.09,5941.0
Kepler-10 b,Kepler-10,2011,Transit,0.8374907,0.0,,,0.13114484,0.01019418,0.91,5708.0
HD 94834 b,HD 94834,2018,Radial Velocity,1576.0,0.14,0.1,-0.1,1.22,1.26,1.11,4798.0
Kepler-271 d,Kepler-271,2016,Transit,5.24972541,0.0,,,0.05888126,0.00069,0.9,5555.0
TOI-1233.01,HD 108236,2021,Transit,14.175685,0.055,0.038,-0.035,0.22651441,0.022,0.869,5660.0
K2-292 b,K2-292,2019,Transit,16.9841,0.04,0.06,-0.03,0.23463288,0.07708523,1.0,5725.0
K2-157 c,K2-157,2025,Radial Velocity,25.942,0.2,,,0.543,0.0967,0.89,5334.0
Kepler-736 b,Kepler-736,2016,Transit,3.60147201,0.0,,,0.26139709,0.028,0.86,5217.0
HD 221585 b,HD 221585,2016,Radial Velocity,1173.0,0.123,0.069,-0.069,1.21,1.61,1.19,5620.0
XO-2 N b,XO-2 N,2007,Transit,2.61585906,0.0,,,0.993,0.629,0.96,5290.0
4 UMa b,4 UMa,2006,Radial Velocity,270.27,0.453,0.021,-0.036,1.12,7.902,1.234,4415.0
Kepler-1318 b,Kepler-1318,2016,Transit,213.257663,0.0,,,0.27745562,0.031,0.73,4598.0
HD 43197 c,HD 43197,2022,Radial Velocity,9295.9735,0.149,0.112,-0.087,1.12,7.868,0.96,5508.0
TOI-712 d,TOI-712,2022,Transit,84.8396,0.073,0.064,-0.049,0.22071588,0.021,0.732,4622.0
NGTS-18 b,NGTS-18,2021,Transit,3.05125,0.0,,,1.21,0.409,1.003,5610.0
Kepler-1046 b,Kepler-1046,2016,Transit,14.37508035,0.0,,,0.15255598,0.0112,1.04,5913.0
Kepler-1361 b,Kepler-1361,2016,Transit,3.57554956,0.0,,,0.07672406,0.00178,0.83,5131.0
Kepler-1454 b,Kepler-1454,2016,Transit,47.0319479,0.0,,,0.16772237,0.0132,0.9,5448.0
Kepler-301 c,Kepler-301,2014,Transit,5.419026,0.0,,,0.12,0.00752,1.022,5815.0
K2-229 b,K2-229,2018,Transit,0.584216,0.0,,,0.08921418,0.0080232,0.87,5315.0
Kepler-536 b,Kepler-536,2016,Transit,1.827082299,0.0,,,0.27656348,0.0308,0.92,5524.0
Kepler-971 b,Kepler-971,2016,Transit,9.59070716,0.0,,,0.19002587,0.0163,0.88,5431.0
Kepler-1148 b,Kepler-1148,2016,Transit,1.104463509,0.0,,,0.1507717,0.011,0.81,5054.0
Kepler-1927 b,Kepler-1927,2021,Transit,73.75039673,0.0,,,0.30388764,0.0362,1.408,6056.0
TOI-5293 A b,TOI-5293 A,2023,Transit,2.930289,0.38,,,1.06,0.54,0.54,3586.0
Kepler-619 b,Kepler-619,2016,Transit,5.404272197,0.0,,,0.28191632,0.0319,1.09,5980.0
Kepler-844 b,Kepler-844,2016,Transit,2.613020856,0.0,,,0.14987956,0.0109,0.59,4128.0
K2-99 b,K2-99,2016,Transit,18.24783,0.22,0.01,-0.01,1.06,0.87,1.44,6069.0
Kepler-124 d,Kepler-124,2014,Transit,30.950851,0.0,,,0.099,0.00444,0.706,4984.0
Kepler-1433 b,Kepler-1433,2016,Transit,4.13592271,0.0,,,0.13917388,0.00961,1.14,6097.0
Kepler-419 b,Kepler-419,2014,Transit,69.7546,0.833,0.013,-0.013,0.96,2.5,1.39,6430.0
Kepler-81 b,Kepler-81,2012,Transit,5.955,0.0,,,0.216,0.054,0.64,4385.0
HD 142 A d,HD 142,2022,Radial Velocity,108.45299,0.13,0.103,-0.085,0.971,0.26,1.21,6245.0
Kepler-713 b,Kepler-713,2016,Transit,7.411141,0.0,,,0.22125078,0.0211,0.98,5785.0
Wolf 1061 b,Wolf 1061,2015,Radial Velocity,4.8869,0.15,0.13,-0.1,0.108,0.0060095,0.294,3342.0
Kepler-107 d,Kepler-107,2014,Transit,7.95839,0.11,,,0.07672419,0.02422691,1.238,5854.0
Kepler-238 f,Kepler-238,2013,Transit,50.447,0.0,,,0.178,0.042,1.06,5800.0
Kepler-758 b,Kepler-758,2016,Transit,12.1097104,0.0,,,0.22125078,0.0211,1.16,6228.0
WASP-41 c,WASP-41,2015,Radial Velocity,421.0,0.294,0.024,-0.024,1.17,3.18,0.93,5545.0
GJ 1148 c,GJ 1148,2017,Radial Velocity,532.58,0.342,0.05,-0.062,0.866,0.21413963,0.344045,3287.0
Kepler-1029 b,Kepler-1029,2016,Transit,4.417696479,0.0,,,0.11240967,0.00669,0.82,5030.0
Kepler-897 b,Kepler-897,2016,Transit,8.0472642,0.0,,,0.21322152,0.0198,1.03,5839.0
TOI-2040 b,TOI-2040,2026,Transit,3.8608576,0.109,0.021,-0.02,0.921,0.781,0.92,5132.0
Kepler-317 b,Kepler-317,2014,Transit,5.524242,0.0,,,0.186,0.345,0.865,5497.0
Kepler-435 b,Kepler-435,2015,Transit,8.6001536,0.114,0.077,-0.077,1.99,0.84,1.538,6161.0
Kepler-65 c,Kepler-65,2012,Transit,5.859944,0.02,0.022,-0.013,0.23,0.017,1.25,6211.0
Kepler-901 b,Kepler-901,2016,Transit,3.517494394,0.0,,,0.12222321,0.00771,0.59,4184.0
HAT-P-9 b,HAT-P-9,2008,Transit,3.92281072,0.084,0.052,-0.047,1.393,0.749,1.281,6350.0
7 CMa c,7 CMa,2019,Radial Velocity,996.0,0.08,0.05,-0.04,1.24,0.87,1.34,4826.0
Kepler-345 b,Kepler-345,2014,Transit,7.415563,0.0,,,0.066,0.00151025,0.61,4504.0
Kepler-186 b,Kepler-186,2014,Transit,3.8867907,0.0,,,0.095,0.0039,0.478,3788.0
Kepler-1487 b,Kepler-1487,2016,Transit,7.31946363,0.0,,,0.19002587,0.0163,1.38,6541.0
Kepler-539 c,Kepler-539,2016,Transit Timing Variations,1000.0,0.5,0.1,-0.1,1.18,2.4,1.048,5820.0
TOI-5916 b,TOI-5916,2026,Transit,2.367128,0.09,0.114,-0.062,1.013,0.713,0.477,3613.0
Kepler-150 e,Kepler-150,2014,Transit,30.826557,0.0,,,0.278,0.0312,0.956,5560.0
HD 33844 b,HD 33844,2015,Radial Velocity,551.40002,0.15,0.07,-0.07,1.19,2.01,1.84,4861.0
Kepler-1928 b,Kepler-1928,2021,Transit,19.57783,0.43,0.18,-0.14,0.17771464,0.0146,1.01,5720.0
Kepler-373 c,Kepler-373,2014,Transit,16.725948,0.0,,,0.111,0.00651,0.981,5787.0
Kepler-394 c,Kepler-394,2014,Transit,12.130686,0.0,,,0.148,0.0107,0.87,6402.0
HD 136352 d,HD 136352,2019,Radial Velocity,107.245,0.0,,,0.22856672,0.02775082,0.87,5664.0
HD 213240 b,HD 213240,2001,Radial Velocity,882.70001,0.42,0.01,-0.01,1.14,5.21,1.57,5979.0
Kepler-517 b,Kepler-517,2016,Transit,60.92832271,0.0,,,0.23820145,0.0239,0.95,5690.0
Kepler-1640 b,Kepler-1640,2016,Transit,7.5844126,0.0,,,0.4300116,0.0652,1.27,6324.0
Gaia-5 b,Gaia-5,2025,Astrometry,358.62,0.6423,0.0026,-0.0026,1.08,20.87,0.339,3447.0
Kepler-217 b,Kepler-217,2014,Transit,5.374943,0.0,,,0.199,0.0176,1.342,6171.0
TOI-4153 b,TOI-4153,2024,Transit,4.6174141,0.039,0.047,-0.028,1.438,1.15,1.572,6860.0
Kepler-589 c,Kepler-589,2021,Transit,3.52466011,0.0,,,0.09967654,0.00455,0.832,5372.0
WASP-73 b,WASP-73,2014,Transit,4.08722,0.0,,,1.42,2.86,2.52,6030.0
Kepler-647 b,Kepler-647,2016,Transit,16.2254649,0.0,,,0.10438041,0.00537,1.03,6020.0
Kepler-1784 b,Kepler-1784,2021,Transit,13.59049988,0.0,,,0.24974304,0.0259,0.887,5442.0
Kepler-126 b,Kepler-126,2014,Transit,10.495711,0.07,0.1,-0.07,0.136,0.0129436,1.108,6239.0
Kepler-1559 b,Kepler-1559,2016,Transit,0.971915428,0.0,,,0.0642341,0.000942,0.86,5316.0
HATS-39 b,HATS-39,2018,Transit,4.5776348,0.275,,,1.57,0.63,1.379,6572.0
TOI-2076 d,TOI-2076,2021,Transit,35.12803,0.027,,,0.29173036,0.02296837,0.849,5187.0
Kepler-815 b,Kepler-815,2016,Transit,8.57503552,0.0,,,0.36666964,0.0498,1.25,5028.0
HD 210277 b,HD 210277,1998,Radial Velocity,442.19,0.48,0.02,-0.02,1.22,1.29,1.01,5538.0
Kepler-783 c,Kepler-783,2020,Transit,7.05395,0.0,,,0.20800582,0.019,0.94,5411.49
Kepler-602 b,Kepler-602,2016,Transit,15.28469497,0.0,,,0.18645731,0.0158,1.08,6062.0
TOI-532 b,TOI-532,2021,Transit,2.3266508,0.0,,,0.51922652,0.19350064,0.639,3927.0
Kepler-372 b,Kepler-372,2014,Transit,6.849692,0.0,,,0.121,0.00761,1.202,6509.0
Kepler-174 b,Kepler-174,2014,Transit,13.98179,0.0,,,0.175,0.0142,0.602,4880.0
Kepler-178 b,Kepler-178,2014,Transit,9.576694,0.0,,,0.259,0.0275,0.852,5676.0
Kepler-107 e,Kepler-107,2014,Transit,14.749143,0.1,,,0.25898876,0.04436356,1.238,5854.0
Kepler-1348 b,Kepler-1348,2016,Transit,27.5722742,0.0,,,0.17307521,0.0139,1.04,5911.0
Kepler-1117 b,Kepler-1117,2016,Transit,4.79028459,0.0,,,0.09902757,0.00444,0.95,5612.0
Kepler-1604 b,Kepler-1604,2016,Transit,0.683684256,0.0,,,0.12579177,0.00809,0.81,4976.0
Kepler-984 b,Kepler-984,2016,Transit,43.0342272,0.0,,,0.18913373,0.0162,0.96,5610.0
TOI-411 b,HD 22946,2022,Transit,4.040295,0.126,0.19,-0.009,0.12150971,0.04313648,1.098,6169.0
K2-118 b,K2-118,2017,Transit,50.92092,0.2,0.183774,-0.159064,0.22660362,0.022,0.756446,4726.29
Kepler-11 c,Kepler-11,2010,Transit,13.0241,0.026,0.063,-0.013,0.256,0.009,0.961,5663.0
Kepler-632 b,Kepler-632,2016,Transit,30.99660733,0.0,,,0.19716299,0.0174,0.91,5322.0
Kepler-57 b,Kepler-57,2012,Transit,5.72,0.0162,0.0024,-0.0021,0.27968645,0.07884758,0.859,5187.9
HD 141399 c,HD 141399,2014,Radial Velocity,201.99,0.048,0.009,-0.009,1.22,1.33,1.07,5600.0
Kepler-277 b,Kepler-277,2013,Transit,17.324,0.0,,,0.261,0.275,1.12,5946.0
Kepler-461 b,Kepler-461,2016,Transit,8.313783059,0.0,,,0.23017218,0.0226,0.98,5634.0
TOI-4600 c,TOI-4600,2023,Transit,482.8191,0.21,0.29,-0.14,0.841,9.27,0.89,5170.0
Kepler-1098 b,Kepler-1098,2016,Transit,2.543072855,0.0,,,0.11597823,0.00705,0.99,5794.0
HD 184010 d,HD 184010,2022,Radial Velocity,836.4,0.0,,,1.28,0.45,1.35,4971.0
Kepler-450 c,Kepler-450,2015,Transit,15.413135,0.02,0.17,-0.02,0.23374074,0.0393292,1.19,6197.21
HD 231701 b,HD 231701,2007,Radial Velocity,141.63,0.13,0.032,-0.032,1.22,1.13,1.21,6101.0
Kepler-1736 b,Kepler-1736,2021,Transit,37.81029892,0.0,,,0.3458464,0.0451,0.976,6085.0
Kepler-1888 b,Kepler-1888,2021,Transit,11.39169979,0.0,,,0.11827901,0.00729,0.897,5557.0
TYC 3318-01333-1 b,TYC 3318-01333-1,2018,Radial Velocity,562.0,0.098,0.082,-0.032,1.17,3.42,1.19,4776.0
WASP-70 A b,WASP-70 A,2014,Transit,3.7130203,0.0,,,1.164,0.59,1.106,5763.0
HD 86226 c,HD 86226,2020,Transit,3.98442,0.075,0.065,-0.048,0.19270229,0.02281094,1.019,5863.0
TOI-1798.01,TOI-1798,2024,Transit,8.021522331,0.0,,,0.21839631,0.02045129,0.87,5165.0
GJ 317 c,GJ 317,2016,Radial Velocity,6500.0,0.217,0.014,-0.014,1.21,1.43,0.402,3496.0
TOI-1117 d,TOI-1117,2025,Radial Velocity,8.665,0.0,,,0.291,0.03369743,0.97,5635.0
NGTS-39 b,NGTS-39,2026,Transit,58.20472,0.386,0.019,-0.019,1.088,1.467,1.16,6053.0
Kepler-1409 b,Kepler-1409,2016,Transit,0.764864926,0.0,,,0.09278259,0.00352,0.83,5160.0
Kepler-1017 b,Kepler-1017,2016,Transit,7.23400469,0.0,,,0.17753591,0.0145,0.93,5473.0
Kepler-467 b,Kepler-467,2016,Transit,24.99324193,0.0,,,0.20073156,0.0179,1.05,5809.0
Kepler-1364 b,Kepler-1364,2016,Transit,13.32196237,0.0,,,0.19181015,0.0166,1.49,6805.0
HD 118203 c,HD 118203,2024,Radial Velocity,5103.0,0.26,0.03,-0.02,1.1,11.79,1.27,5742.0
Kepler-964 b,Kepler-964,2016,Transit,13.5225106,0.0,,,0.18913373,0.0162,0.93,5427.0
Kepler-1097 b,Kepler-1097,2016,Transit,187.747029,0.0,,,0.29083772,0.0336,0.82,5211.0
HD 110113 b,HD 110113,2021,Transit,2.541,0.093,0.079,-0.064,0.18288875,0.01431583,0.997,5732.0
Kepler-220 e,Kepler-220,2014,Transit,45.902733,0.0,,,0.119,0.00733,0.729,4632.0
TOI-1386 c,TOI-1386,2024,Radial Velocity,232.0,0.38,0.17,-0.17,0.918,0.23660566,1.0363,5735.0
TOI-3486 b,TOI-3486,2025,Transit,2.21778105,0.078,,,0.943,0.312,0.837,4930.0
Kepler-315 b,Kepler-315,2014,Transit,96.101141,0.0,,,0.336,0.043,0.831,5796.0
Kepler-1078 b,Kepler-1078,2016,Transit,3.00725242,0.0,,,0.16950665,0.0134,0.94,5612.0
Kepler-1452 b,Kepler-1452,2016,Transit,42.913751,0.0,,,0.24087787,0.0244,1.41,6101.0
Kepler-1055 b,Kepler-1055,2016,Transit,2.295036233,0.0,,,0.10973325,0.00642,0.98,5723.0
Kepler-60 d,Kepler-60,2012,Transit,11.8981,0.002,0.0051,-0.0015,0.17753591,0.01308876,1.041,5905.0
HD 99706 c,HD 99706,2016,Radial Velocity,1278.0,0.411,0.231,-0.178,1.14,5.69,1.72,4891.0
WASP-14 b,WASP-14,2008,Transit,2.24375,0.09,0.0,0.0,1.38,8.84,1.62,6475.0
Kepler-402 c,Kepler-402,2014,Transit,6.124821,0.0,,,0.139,0.00961,1.072,6090.0
Kepler-1109 b,Kepler-1109,2016,Transit,37.6467384,0.0,,,0.19537871,0.0171,1.05,5893.0
Kepler-1262 b,Kepler-1262,2016,Transit,8.67900242,0.0,,,0.16236952,0.0125,0.99,5771.0
Kepler-122 c,Kepler-122,2014,Transit,12.465988,0.0,,,0.524,0.0912,0.982,6050.0
BEBOP-3 b,BEBOP-3,2025,Radial Velocity,547.0,0.247,0.077,-0.089,1.26,0.558,1.083,6033.0
Kepler-1677 b,Kepler-1677,2020,Transit,22.064,0.0,,,0.24107073,0.0244,1.11,6013.72
WASP-180 A b,WASP-180 A,2019,Transit,3.409264,0.0,,,1.24,0.9,1.3,6600.0
GJ 163 b,GJ 163,2013,Radial Velocity,8.63182,0.073,0.05,-0.05,0.29,0.03335116,0.4,3500.0
Kepler-1071 b,Kepler-1071,2016,Transit,6.1799844,0.0,,,0.21232938,0.0197,0.86,5215.0
TOI-2374 b,TOI-2374,2024,Transit,4.3136193,0.13,,,0.668,0.194,0.802,5002.0
TOI-1855 b,TOI-1855,2024,Transit,1.36414864,0.033,0.038,-0.023,1.65,1.133,0.987,5359.0
WTS-2 b,WTS-2,2014,Transit,1.0187068,0.0,,,1.363,1.12,0.82,5000.0
Kepler-779 b,Kepler-779,2016,Transit,7.09714223,0.0,,,0.0820769,0.00227,0.46,3804.0
Kepler-1809 b,Kepler-1809,2021,Transit,3.7572999,0.0,,,0.13498105,0.00912,0.807,4901.0
TRAPPIST-1 e,TRAPPIST-1,2017,Transit,6.101013,0.0051,0.00058,-0.00058,0.08207704,0.00217728,0.0898,2566.0
Kepler-1929 b,Kepler-1929,2021,Transit,59.36249924,0.0,,,0.27411124,0.0304,1.006,5786.0
Kepler-1081 b,Kepler-1081,2016,Transit,3.856918547,0.0,,,0.09010616,0.00317,0.88,5345.0
GJ 685 b,GJ 685,2019,Radial Velocity,24.16,0.0,,,0.263,0.02831702,0.55,3816.0
TOI-5398 c,TOI-5398,2023,Transit,4.77271,0.14,,,0.31403391,0.03712695,1.146,6000.0
Kepler-603 b,Kepler-603,2016,Transit,21.05358596,0.0,,,0.23641716,0.0236,1.01,5808.0
omi CrB b,omi CrB,2012,Radial Velocity,187.01,0.105,0.036,-0.079,1.23,1.12,1.3,4769.0
TOI-2818 b,TOI-2818,2023,Transit,4.039709,0.0,,,1.363,0.71,0.977,5721.0
Kepler-1214 b,Kepler-1214,2016,Transit,18.82634264,0.0,,,0.2105451,0.0194,0.85,5130.0
TOI-2128 b,TOI-2128,2024,Transit,16.34136,0.0,,,0.18634597,0.01415858,1.0251,5968.0
TOI-3321 b,TOI-3321,2024,Transit,3.6525145,0.054,0.057,-0.038,1.388,0.554,1.041,5850.0
Kepler-1051 b,Kepler-1051,2016,Transit,25.96200249,0.0,,,0.30332768,0.0361,1.43,6675.0
Kepler-649 b,Kepler-649,2016,Transit,29.90722674,0.0,,,0.2016237,0.018,0.97,5871.0
HAT-P-55 b,HAT-P-55,2015,Transit,3.5852313,0.17,,,1.324,0.596,1.028,5804.0
TOI-451 b,TOI-451,2020,Transit,1.8587033,0.0,,,0.16415409,0.01478785,0.93,5490.0
Kepler-912 b,Kepler-912,2016,Transit,2.534756273,0.0,,,0.24979927,0.0259,1.07,5998.0
HD 205739 b,HD 205739,2008,Radial Velocity,279.8,0.27,0.07,-0.07,1.21,1.37,1.22,6176.0
Kepler-939 b,Kepler-939,2016,Transit,14.878296,0.0,,,0.15612454,0.0117,0.88,5471.0
Kepler-1291 b,Kepler-1291,2016,Transit,8.63043276,0.0,,,0.14809528,0.0107,0.84,5216.0
Kepler-1002 b,Kepler-1002,2016,Transit,4.336429331,0.0,,,0.15255598,0.0112,1.22,6144.0
Kepler-344 c,Kepler-344,2014,Transit,125.596809,0.0,,,0.263,0.0283,0.931,5774.0
HIP 65891 b,HIP 65891,2015,Radial Velocity,1089.6,0.09,0.05,-0.05,1.14,6.1,2.5,5000.0
Kepler-992 b,Kepler-992,2016,Transit,20.16034462,0.0,,,0.14452672,0.0102,0.8,4944.0
Kepler-246 c,Kepler-246,2014,Transit,11.187161,0.0,,,0.134,0.00899,0.853,5206.0
WASP-62 b,WASP-62,2012,Transit,4.41195,0.0,,,1.32,0.52,1.11,6230.0
Kepler-1111 b,Kepler-1111,2016,Transit,8.79617863,0.0,,,0.17842805,0.0147,1.1,6077.0
HATS-45 b,HATS-45,2018,Transit,4.1876244,0.24,,,1.286,0.7,1.272,6450.0
Kepler-923 b,Kepler-923,2016,Transit,6.93366476,0.0,,,0.12311535,0.0078,1.11,5988.0
Kepler-1273 b,Kepler-1273,2016,Transit,28.625653,0.0,,,0.22214292,0.0213,0.94,5566.0
Kepler-36 c,Kepler-36,2012,Transit,16.21865,0.0,,,0.3282184,0.02243338,1.034,5979.0
Kepler-172 b,Kepler-172,2014,Transit,2.940309,0.0,,,0.21,0.0193,1.081,5526.0
TOI-784 b,HD 307842,2023,Transit,2.7970365,0.0,,,0.17218336,0.03042522,0.91,5558.0
HATS-7 b,HATS-7,2015,Transit,3.185315,0.17,,,0.563,0.12,0.849,4985.0
HATS-37 A b,HATS-37 A,2020,Transit,4.3315366,0.0,,,0.606,0.099,0.843,5326.0
Kepler-183 c,Kepler-183,2014,Transit,11.637071,0.0,,,0.203,0.112,0.99,5888.0
K2-139 b,K2-139,2017,Transit,28.380619,0.12,0.12,-0.08,0.81273976,0.387,0.96,5370.0
Kepler-258 c,Kepler-258,2014,Transit,33.653079,0.0,,,0.322,0.0399,0.82,4942.0
Kepler-1311 c,Kepler-1311,2016,Transit,2.53573424,0.0,,,0.10884111,0.00624,1.05,5748.0
K2-233 b,K2-233,2018,Transit,2.467583,0.0,,,0.11731664,0.00755124,0.79,4796.0
Kepler-902 b,Kepler-902,2016,Transit,40.1099547,0.0,,,0.22660362,0.022,0.95,5647.0
Kepler-171 d,Kepler-171,2014,Transit,39.595519,0.0,,,0.169,0.0133,0.978,5642.0
Kepler-894 b,Kepler-894,2016,Transit,9.803224,0.0,,,0.24801499,0.0256,0.87,5603.0
HD 64121 b,HD 64121,2022,Radial Velocity,623.0,0.11,0.07,-0.07,1.18,2.56,1.64,5078.0
Kepler-1794 b,Kepler-1794,2021,Transit,9.762980461,0.0,,,0.16007368,0.0122,0.773,5052.0
TOI-561 d,TOI-561,2020,Transit,25.71268,0.111,0.05,-0.039,0.23329508,0.04194087,0.806,5342.0
iot Dra b,iot Dra,2002,Radial Velocity,510.8544,0.701,0.0016,-0.0017,1.1,11.82,1.54,4504.0
Kepler-817 b,Kepler-817,2016,Transit,3.990106229,0.0,,,0.80560264,0.189,1.03,5861.0
Kepler-298 d,Kepler-298,2014,Transit,77.473633,0.0,,,0.223,0.0214,0.66,4465.0
Kepler-1165 b,Kepler-1165,2016,Transit,9.478522,0.0,,,0.13828174,0.00951,1.13,6080.0
Kepler-1693 c,Kepler-1693,2021,Transit,5.363709927,0.0,,,0.08716073,0.00281,0.941,5553.0
Kepler-1894 c,Kepler-1894,2023,Transit,5.05368985,0.0,,,0.10794916,0.00606,0.999,5772.0
Kepler-1669 c,Kepler-1669,2021,Transit,1.609320045,0.0,,,0.16961486,0.0134,0.609,4224.0
TOI-1064 b,TOI-1064,2022,Transit,6.443868,0.047,0.038,-0.03,0.23079708,0.04247575,0.748,4734.0
HD 216520 c,HD 216520,2020,Radial Velocity,154.43,0.12,0.08,-0.08,0.271,0.02970141,0.82,5103.0
GJ 1137 c,HD 93083,2026,Radial Velocity,9.6412,0.0,,,0.189,0.01610932,0.836,5033.8
Kepler-884 b,Kepler-884,2016,Transit,5.69919514,0.0,,,0.10973325,0.00642,1.0,5715.0
K2-140 b,K2-140,2017,Transit,6.569188,0.0,,,1.21,0.93,0.96,5585.0
Kepler-191 c,Kepler-191,2014,Transit,17.738506,0.0,,,0.166,0.013,0.857,5282.0
HD 224018 c,HD 224018,2025,Transit,36.57669,0.02,0.02,-0.02,0.21589831,0.03272206,1.013,5784.0
Kepler-1019 b,Kepler-1019,2016,Transit,1.411229847,0.0,,,0.13025248,0.00859,0.7,4433.0
Kepler-904 b,Kepler-904,2016,Transit,3.021668632,0.0,,,0.15790882,0.0119,1.16,6160.0
Gaia-4 b,Gaia-4,2025,Astrometry,571.3,0.338,0.026,-0.023,1.1,11.8,0.644,4034.0
HD 192310 b,HD 192310,2011,Radial Velocity,74.72,0.13,0.04,-0.04,0.381,0.0532,0.8,5166.0
TOI-178 c,TOI-178,2021,Transit,3.238486,0.00032,0.00065,-0.0002,0.15648167,0.01459907,0.647,4316.0
TOI-1136 e,TOI-1136,2022,Transit,18.801,0.0425,0.004,-0.004,0.23543622,0.01909836,1.022,5770.0
Kepler-97 b,Kepler-97,2014,Transit,2.58664,0.0,,,0.132,0.011,0.94,5779.0
Kepler-1909 b,Kepler-1909,2021,Transit,2.391609907,0.0,,,0.09743742,0.00419,0.663,4935.0
Kepler-169 f,Kepler-169,2014,Transit,87.090195,0.0,,,0.23,0.0226,0.825,4997.0
HD 134606 d,HD 134606,2024,Radial Velocity,966.5,0.092,0.045,-0.045,0.677,0.14095656,1.046,5576.0
KELT-7 b,KELT-7,2015,Transit,2.73477,0.0,,,1.6,1.39,1.76,6768.0
Kepler-905 b,Kepler-905,2016,Transit,5.082746517,0.0,,,0.12579177,0.00809,0.95,5461.0
WASP-28 b,WASP-28,2014,Transit,3.40883495,0.0,,,1.219,0.889,0.993,6084.0
GJ 3341 b,GJ 3341,2015,Radial Velocity,14.207,0.31,0.11,-0.11,0.219,0.0208,0.47,3526.0
WASP-113 b,WASP-113,2016,Transit,4.54216874538,0.0,,,1.409,0.475,1.318,5890.0
Kepler-558 b,Kepler-558,2016,Transit,29.00790538,0.0,,,0.21143724,0.0195,0.85,5242.0
TOI-1736 b,TOI-1736,2023,Transit,7.073076,0.0,,,0.28385769,0.03870013,1.0373,5636.0
Kepler-5 b,Kepler-5,2009,Transit,3.5484657,0.0,,,1.426,2.111,1.374,6297.0
Kepler-1263 b,Kepler-1263,2016,Transit,4.55139967,0.0,,,0.10170399,0.00489,0.84,5213.0
BD-17 63 b,BD-17 63,2008,Radial Velocity,655.57,0.5439,0.0052,-0.0052,1.15,5.16,0.741,4714.0
Kepler-130 b,Kepler-130,2014,Transit,8.457458,0.15,0.14,-0.15,0.091,0.00328,0.927,5884.0
WASP-172 b,WASP-172,2018,Transit,5.477433,0.0,,,1.57,0.47,1.49,6900.0
WASP-18 b,WASP-18,2009,Transit,0.94145223,0.0051,0.007,-0.0037,1.24,10.2,1.294,6432.0
TOI-4552 b,TOI-4552,2026,Transit,0.30110032,0.0,,,0.09902774,0.00575782,0.2619,3258.0
Kepler-1843 b,Kepler-1843,2021,Transit,25.54339981,0.0,,,0.24168996,0.0245,1.02,5422.0
GJ 1289 b,GJ 1289,2024,Radial Velocity,111.74,0.0,,,0.213,0.01972763,0.21,3296.0
Kepler-1741 b,Kepler-1741,2021,Transit,2.757590055,0.0,,,0.11356965,0.00681,0.454,3683.0
Kepler-955 b,Kepler-955,2016,Transit,14.53244172,0.0,,,0.2792399,0.0313,0.89,5350.0
Kepler-223 d,Kepler-223,2014,Transit,14.78869,0.037,0.018,-0.017,0.46748149,0.02517069,1.125,5803.0
Kepler-224 d,Kepler-224,2014,Transit,11.349393,0.0,,,0.205,0.0186,0.777,5018.0
HD 184010 c,HD 184010,2022,Radial Velocity,484.3,0.0,,,1.06,0.3,1.35,4971.0
Kepler-365 b,Kepler-365,2014,Transit,10.664903,0.0,,,0.182,0.0152,1.02,6012.0
Kepler-532 b,Kepler-532,2016,Transit,12.92491623,0.0,,,0.22928004,0.0224,0.87,5192.0
TOI-2714 b,TOI-2714,2024,Transit,2.499387,0.164,,,1.22401852,0.71736822,1.07,5665.0
Kepler-403 b,Kepler-403,2014,Transit,7.031462,0.0,,,0.112,0.0066,1.299,6090.0
Kepler-474 b,Kepler-474,2016,Transit,5.660672935,0.0,,,0.27299491,0.0302,0.99,5785.0
TOI-1472 b,TOI-1472,2024,Transit,6.36338574,0.041,0.002,-0.002,0.362,0.057,0.87,5100.0
Kepler-555 b,Kepler-555,2016,Transit,16.21775407,0.0,,,0.25247569,0.0264,1.03,5894.0
TIC 245076932 b,TIC 245076932,2026,Transit,21.61389,0.428,0.022,-0.019,0.97,0.51,1.117,6130.0
CoRoT-1 b,CoRoT-1,2008,Transit,1.5089557,0.0,,,1.49,1.03,0.95,5950.0
TOI-125 c,TOI-125,2019,Transit,9.15059,0.066,0.07,-0.047,0.24614149,0.02086021,0.859,5320.0
Kepler-683 b,Kepler-683,2016,Transit,2.539183179,0.0,,,0.17575163,0.0143,0.96,5703.0
TOI-3714 b,TOI-3714,2022,Transit,2.154849,0.03,0.03,-0.02,1.01,0.7,0.53,3660.0
Kepler-272 d,Kepler-272,2014,Transit,10.937304,0.0,,,0.201,0.0179,0.91,5297.0
HATS-10 b,HATS-10,2015,Transit,3.312846,0.501,,,0.969,0.526,1.101,5880.0
Kepler-229 b,Kepler-229,2014,Transit,6.252972,0.0,,,0.196,0.0172,0.808,5120.0
Kepler-1977 b,Kepler-1977,2023,Transit,4.53702121,0.0,,,0.14809554,0.0107,0.769,4805.0
Kepler-814 b,Kepler-814,2016,Transit,6.1469851,0.0,,,0.18913373,0.0162,1.15,6162.0
WASP-2 b,WASP-2,2007,Transit,2.152175,0.0054,0.009,-0.0044,1.081,0.931,0.895,5180.0
Kepler-1038 b,Kepler-1038,2016,Transit,148.4603382,0.0,,,0.31492551,0.0384,0.87,5335.0
Kepler-1802 c,Kepler-1802,2021,Transit,33.13610077,0.0,,,0.20715532,0.0189,0.649,4245.0
Kepler-56 c,Kepler-56,2012,Transit,21.40239,0.0,0.01,-0.01,0.874,0.57,1.32,4840.0
bet Pic c,bet Pic,2019,Radial Velocity,1202.0,0.307,0.019,-0.025,1.12,8.7,1.789,8038.68
HD 171238 b,HD 171238,2009,Radial Velocity,1515.0,0.358,0.028,-0.026,1.12,8.8,0.92,5467.0
Kepler-595 c,Kepler-595,2020,Transit,12.38602,0.0,,,0.09001695,0.01038291,0.93,5138.5
HD 137496 c,HD 137496,2021,Radial Velocity,479.9,0.477,0.004,-0.004,1.13,7.66,1.04,5799.0
WASP-145 A b,WASP-145 A,2018,Transit,1.7690381,0.0,,,0.9,0.89,0.76,4900.0
TOI-3785 b,TOI-3785,2023,Transit,4.6747373,0.11,0.1,-0.08,0.45856088,0.04703796,0.52,3576.0
HD 40307 g,HD 40307,2013,Radial Velocity,197.8,0.29,0.31,-0.29,0.229,0.0223,0.77,4956.0
HD 113538 b,HD 113538,2010,Radial Velocity,663.2,0.14,0.08,-0.08,1.18,0.36,0.585,4462.0
Kepler-1138 b,Kepler-1138,2016,Transit,3.17060005,0.0,,,0.15166384,0.0111,0.95,5582.0
HIP 21152 b,HIP 21152,2022,Imaging,22000.0,0.36,0.37,-0.25,1.07,24.0,1.4,6655.0
PDS 70 b,PDS 70,2018,Imaging,43500.0,0.17,0.06,-0.06,1.96,3.2,0.982,4109.0
TOI-5344 b,TOI-5344,2023,Transit,3.792622,0.054,,,0.946,0.412,0.612,3747.0
TOI-2382 b,TOI-2382,2025,Transit,4.6612061,0.18,,,1.093,0.74,1.26,6033.0
TOI-2010 b,TOI-2010,2023,Transit,141.834025,0.212,0.022,-0.021,1.054,1.286,1.112,5929.0
WASP-136 b,WASP-136,2016,Transit,5.21536178778,0.0,,,1.5,1.51,1.41,6250.0
HD 11977 b,HD 11977,2005,Radial Velocity,711.0,0.4,0.07,-0.07,1.13,6.54,1.91,4970.0
HD 102272 b,HD 102272,2008,Radial Velocity,127.58,0.05,0.04,-0.04,1.15,4.94,1.45,4790.0
Kepler-1949 b,Kepler-1949,2021,Transit,2.208280087,0.0,,,0.19802384,0.0175,1.194,6028.0
Kepler-1496 b,Kepler-1496,2016,Transit,64.6588017,0.0,,,0.19805513,0.0175,1.18,6182.0
HD 128311 c,HD 128311,2005,Radial Velocity,921.538,0.159,0.006,-0.006,1.16,3.789,0.828,4965.0
Kepler-1954 b,Kepler-1954,2021,Transit,5.883430004,0.0,,,0.16079601,0.0123,0.942,5840.0
HD 181342 b,HD 181342,2009,Radial Velocity,564.1,0.022,0.051,-0.051,1.18,2.54,1.69,4945.0
Kepler-362 c,Kepler-362,2014,Transit,37.866281,0.0,,,0.129,0.00849,0.904,5788.0
K2-204 b,K2-204,2018,Transit,7.055908,0.28,0.37,-0.19,0.283,0.0321,1.076,5783.0
Kepler-366 c,Kepler-366,2014,Transit,12.51616,0.0,,,0.16,0.0121,1.088,6209.0
Kepler-416 d,Kepler-416,2023,Transit,3.07644709,0.0,,,0.14363483,0.0101,0.949,5670.0
KOI-2513.01,KOI-2513,2023,Transit,19.00547,0.36,0.03,-0.03,0.25,23.0,0.91,5900.0
K2-233 d,K2-233,2018,Transit,24.3681,0.18,0.09,-0.09,0.2108131,0.03240742,0.79,4796.0
WASP-187 b,WASP-187,2020,Transit,5.147878,0.0,,,1.64,0.8,1.54,6150.0
Kepler-1587 b,Kepler-1587,2016,Transit,9.4060467,0.0,,,0.11865465,0.00733,1.08,5933.0
eps CrB b,eps CrB,2012,Radial Velocity,417.9,0.11,0.03,-0.03,1.13,6.7,1.7,4406.0
EPIC 201595106 b,EPIC 201595106,2021,Transit,0.87724,0.0,,,0.13962019,0.02413252,0.958,5679.0
Kepler-1398 c,Kepler-1398,2016,Transit,4.13827595,0.0,,,0.09189045,0.0034,1.13,6126.0
WASP-169 b,WASP-169,2019,Transit,5.6114118,0.0,,,1.304,0.561,1.337,6110.0
WASP-83 b,WASP-83,2015,Transit,4.971252,0.0,,,1.04,0.3,1.11,5510.0
HD 564 b,HD 564,2014,Radial Velocity,492.3,0.096,0.067,-0.067,1.12,0.33,0.961,5902.0
HD 116029 c,HD 116029,2016,Radial Velocity,907.0,0.038,0.127,-0.075,1.22,1.27,1.33,4951.0
Kepler-301 b,Kepler-301,2014,Transit,2.508553,0.0,,,0.12,0.00752,1.022,5815.0
TOI-521 b,TOI-521,2025,Transit,1.54285047,0.0,,,0.17664407,0.01667566,0.42,3544.0
HD 211403 b,HD 211403,2021,Radial Velocity,223.8,0.084,0.057,-0.044,1.14,5.54,1.2,6273.0
HR 8799 d,HR 8799,2008,Imaging,37000.0,0.6,,,1.2,10.0,1.5,7204.58
Kepler-282 e,Kepler-282,2013,Transit,44.347,0.0,,,0.277,0.177,0.97,5656.0
TOI-4602.01,TOI-4602,2024,Transit,3.9812999,0.0,,,0.219,0.0174,0.9,5966.0
HD 8535 b,HD 8535,2010,Radial Velocity,1313.0,0.15,0.09,-0.05,1.25,0.68,1.13,6136.0
tau Cet f,tau Cet,2017,Radial Velocity,636.13,0.16,0.07,-0.16,0.161,0.0123651,0.783,5310.0
Kepler-380 c,Kepler-380,2014,Transit,7.630004,0.0,,,0.113,0.00678,0.99,6045.0
Kepler-756 b,Kepler-756,2016,Transit,1.224866322,0.0,,,0.09991971,0.00459,0.82,5282.0
HD 110014 b,HD 110014,2009,Radial Velocity,835.477,0.462,0.069,-0.069,1.11,11.09,2.17,4445.0
EPIC 229004835 b,EPIC 229004835,2023,Transit,16.141132,0.23,,,0.20804746,0.03272206,0.97,5868.0
Kepler-1283 b,Kepler-1283,2016,Transit,12.9460978,0.0,,,0.17039879,0.0136,1.16,6175.0
TOI-178 d,TOI-178,2021,Transit,6.557569,0.0068,0.0016,-0.0016,0.24043221,0.01636103,0.647,4316.0
TOI-1439 b,TOI-1439,2024,Transit,27.644,0.157,0.083,-0.083,0.37851667,0.12113455,1.2313,5841.0
HAT-P-8 b,HAT-P-8,2008,Transit,3.07634,0.0,,,1.4,1.28,1.27,6200.0
Kepler-1705 c,Kepler-1705,2021,Transit,11.28,0.028,0.064,-0.018,0.18288907,0.01705323,1.139,6312.0
K2-295 b,K2-295,2018,Transit,4.024867,0.0,,,0.897,0.335,0.74,4444.0
Kepler-1899 b,Kepler-1899,2021,Transit,4.095779896,0.0,,,0.13836967,0.00952,0.759,4791.0
TOI-2567 b,TOI-2567,2022,Transit,5.983944,0.0,0.048,-0.052,0.975,0.201,1.13,5611.0
Kepler-600 b,Kepler-600,2016,Transit,23.67517607,0.0,,,0.25872067,0.0275,0.84,5279.0
GJ 1061 c,GJ 1061,2020,Radial Velocity,6.6821,0.02,0.03,-0.02,0.106,0.0056949,0.12,2953.0
iot Dra c,iot Dra,2021,Radial Velocity,25000.0,0.455,0.12,-0.084,1.09,15.6,1.54,4504.0
HD 99492 c,HD 99492,2023,Radial Velocity,95.233,0.063,0.06,-0.04,0.394,0.0563197,0.85,4929.0
Qatar-9 b,Qatar-9,2019,Transit,1.540731,0.0,,,1.009,1.19,0.719,4309.0
HD 10697 b,HD 10697,1999,Radial Velocity,1075.3799,0.104,0.009,-0.008,1.14,5.743,0.99,5641.0
Kepler-1453 b,Kepler-1453,2016,Transit,47.1611696,0.0,,,0.23820145,0.0239,0.97,5665.0
Kepler-951 b,Kepler-951,2016,Transit,71.52530845,0.0,,,0.4987064,0.0839,0.77,4834.0
Kepler-108 c,Kepler-108,2014,Transit,190.323494,0.04,0.19,-0.04,0.73,0.16,1.247,5854.0
HD 191939 d,HD 191939,2020,Transit,38.353037,0.031,0.018,-0.012,0.26719646,0.00880979,0.81,5348.0
Kepler-302 b,Kepler-302,2014,Transit,30.184104,0.0,,,0.362,0.0488,1.021,5740.0
WASP-44 b,WASP-44,2011,Transit,2.423804,0.0,,,1.1,0.87,0.935,5420.0
Kepler-213 c,Kepler-213,2014,Transit,4.822962,0.0,,,0.209,0.0191,1.07,5696.0
Kepler-1702 b,Kepler-1702,2020,Transit,18.5012,0.0,,,0.14291265,0.0101,0.85,5093.0
Kepler-827 b,Kepler-827,2016,Transit,51.92927591,0.0,,,0.50227496,0.0849,0.93,5602.0
Kepler-26 e,Kepler-26,2014,Transit,46.827915,0.0,,,0.215,0.0201,0.593,4486.0
Kepler-1359 b,Kepler-1359,2016,Transit,59.4970952,0.0,,,0.25247569,0.0264,0.78,4709.0
Kepler-1512 b,Kepler-1512,2016,Transit,20.35972599,0.0,,,0.10527255,0.00553,0.73,4372.0
HD 206610 b,HD 206610,2009,Radial Velocity,673.2,0.1,0.042,-0.042,1.19,2.036,1.55,4842.0
Kepler-99 b,Kepler-99,2014,Transit,4.60358,0.0,,,0.132,0.019,0.79,4782.0
Kepler-158 c,Kepler-158,2014,Transit,28.551383,0.0,,,0.17,0.0134,0.655,4623.0
Kepler-1010 b,Kepler-1010,2016,Transit,34.2685705,0.0,,,0.20697654,0.0189,0.86,5253.0
Kepler-1233 b,Kepler-1233,2016,Transit,45.1263042,0.0,,,0.23195646,0.0229,1.16,6198.0
Kepler-1230 b,Kepler-1230,2016,Transit,9.95661537,0.0,,,0.24177001,0.0245,1.06,5961.0
Kepler-300 b,Kepler-300,2014,Transit,10.446347,0.0,,,0.149,0.0108,1.07,5986.0
GJ 3779 b,GJ 3779,2018,Radial Velocity,3.0232,0.07,0.05,-0.05,0.245,0.02517069,0.27,3324.0
TOI-1422 c,TOI-1422,2025,Radial Velocity,34.5633,0.2,,,0.232849,0.04404893,0.9903,5840.0
Kepler-920 b,Kepler-920,2016,Transit,6.53192704,0.0,,,0.21589794,0.0203,0.89,5403.0
TOI-1386 b,TOI-1386,2024,Transit,25.8401,0.0,,,0.55458981,0.14410292,1.0363,5735.0
Kepler-687 b,Kepler-687,2016,Transit,20.50586978,0.0,,,0.31403337,0.0383,0.77,4841.0
TOI-1669 b,TOI-1669,2023,Radial Velocity,500.0,0.0,,,1.26,0.60095321,0.9867,5497.0
HD 111232 c,HD 111232,2022,Radial Velocity,26472.44623,0.558,0.027,-0.028,1.08,18.063,0.96,5512.0
Kepler-1991 b,Kepler-1991,2023,Transit,13.26079792,0.0,,,0.13114484,0.00869,0.914,5478.0
70 Vir b,70 Vir,1996,Radial Velocity,116.688,0.3988,0.0019,-0.0019,1.13,7.49,1.09,5495.0
HD 134060 c,HD 134060,2019,Radial Velocity,1291.5646,0.11,0.13,-0.07,0.527,0.0922,1.095,5966.0
HIP 116454 b,HIP 116454,2014,Transit,9.1004157,0.215,0.056,-0.094,0.22026981,0.03051961,0.8,5048.0
Kepler-1646 b,Kepler-1646,2016,Transit,4.48558383,0.0,,,0.10973325,0.00642,0.24,3299.0
Kepler-1637 b,Kepler-1637,2016,Transit,6.10960324,0.0,,,0.07940048,0.00201,1.02,5789.0
Kepler-50 c,Kepler-50,2012,Transit,9.37647,0.0,,,0.194,0.02580009,1.24,6225.0
Kepler-1990 b,Kepler-1990,2023,Transit,1.73513619,0.0,,,0.29173036,0.0338,1.028,5751.0
TOI-1749 c,TOI-1749,2021,Transit,4.4929,0.019,,,0.18913406,0.04404893,0.58,3985.0
Kepler-804 b,Kepler-804,2016,Transit,14.37457351,0.0,,,0.17307521,0.0139,1.01,5817.0
HD 160691 d,HD 160691,2004,Radial Velocity,9.6392,0.0,0.02,-0.02,0.288,0.03300523,1.13,5773.0
HD 191806 b,HD 191806,2016,Radial Velocity,1603.38923,0.213,0.029,-0.028,1.12,9.334,1.07,6010.0
Kepler-985 b,Kepler-985,2016,Transit,116.331901,0.0,,,0.26585779,0.0288,0.91,5434.0
GJ 9714 b,GJ 9714,2022,Radial Velocity,19240.75467,0.155,0.073,-0.041,1.12,9.403,0.67,4263.0
Kepler-930 b,Kepler-930,2016,Transit,71.4517775,0.0,,,0.19002587,0.0163,1.25,6335.0
Kepler-834 b,Kepler-834,2016,Transit,13.32388301,0.0,,,0.18021233,0.0149,0.7,4554.0
HATS-46 b,HATS-46,2018,Transit,4.7423729,0.559,,,0.903,0.173,0.917,5495.0
Kepler-1887 b,Kepler-1887,2021,Transit,19.94750023,0.0,,,0.26091075,0.0279,0.961,5749.0
HD 5891 b,HD 5891,2011,Radial Velocity,177.11,0.07,0.02,-0.02,1.13,7.63,1.93,4673.0
Kepler-454 c,Kepler-454,2015,Radial Velocity,524.19,0.0053,,,1.15,4.51,1.03,5687.0
Kepler-1565 b,Kepler-1565,2016,Transit,1.538188437,0.0,,,0.10616469,0.0057,0.76,4940.0
Kepler-355 b,Kepler-355,2014,Transit,11.03189,0.0,,,0.13,0.00859,0.933,6184.0
LP 791-18 b,LP 791-18,2019,Transit,0.9479981,0.0,,,0.10812758,0.00609,0.139,2960.0
Kepler-1632 b,Kepler-1632,2016,Transit,448.303558,0.0,,,0.22035864,0.021,1.12,6137.0
HD 93963 A c,HD 93963 A,2022,Transit,3.6451389,0.0,,,0.27832688,0.05789287,1.0844,5908.0
Kepler-103 c,Kepler-103,2014,Transit,179.60978,0.103,0.092,-0.068,0.48656521,0.18396719,1.212,6047.0
Kepler-85 e,Kepler-85,2014,Transit,25.216751,0.0,,,0.113,0.0018878,0.947,5436.0
HD 154672 b,HD 154672,2008,Radial Velocity,163.94,0.61,0.03,-0.03,1.14,5.37,1.18,5743.0
Kepler-938 b,Kepler-938,2016,Transit,52.6298417,0.0,,,0.19805513,0.0175,0.92,5533.0
GJ 163 c,GJ 163,2013,Radial Velocity,25.63058,0.099,0.086,-0.086,0.223,0.02139509,0.4,3500.0
TOI-620 b,TOI-620,2022,Transit,5.0988179,0.22,0.28,-0.12,0.33544531,0.0428,0.577,3708.0
Kepler-1457 b,Kepler-1457,2016,Transit,51.1110243,0.0,,,0.17753591,0.0145,1.01,5866.0
GJ 3512 c,GJ 3512,2020,Radial Velocity,2354.0,0.089,0.012,-0.012,1.27,0.453,0.123,3141.0
HD 45184 c,HD 45184,2019,Radial Velocity,13.1354,0.07,0.07,-0.05,0.26,0.0277,1.03,5869.0
GJ 436 b,GJ 436,2004,Radial Velocity,2.64388312,0.13827,0.00018,-0.00018,0.372,0.07,0.47,3586.11
Kepler-1943 b,Kepler-1943,2021,Transit,4.850180149,0.0,,,0.13816527,0.00949,1.055,6032.0
GJ 3138 b,GJ 3138,2017,Radial Velocity,1.22003,0.19,0.18,-0.13,0.106,0.00560048,0.681,3717.0
GJ 486 b,GJ 486,2021,Radial Velocity,1.46712127,0.00086,0.0016,-0.00043,0.11499708,0.00871539,0.312,3317.0
Kepler-27 b,Kepler-27,2011,Transit,15.3348,0.0,,,0.357,9.11,0.65,5400.0
HAT-P-2 c,HAT-P-2,2023,Radial Velocity,8500.0,0.37,0.13,-0.12,1.11,10.7,1.33,6412.0
HD 114783 c,HD 114783,2016,Radial Velocity,4352.0,0.05,0.04,-0.03,1.2,1.9,0.9,5135.0
TOI-6894 b,TOI-6894,2025,Transit,3.37077196,0.029,0.03,-0.03,0.855,0.168,0.207,3007.0
NGTS-9 b,NGTS-9,2019,Transit,4.43527,0.06,0.076,-0.052,1.07,2.9,1.34,6330.0
Kepler-584 b,Kepler-584,2016,Transit,35.1810304,0.0,,,0.37559104,0.0519,1.17,6195.0
Kepler-799 b,Kepler-799,2016,Transit,133.4605235,0.0,,,0.61379249,0.119,0.95,5681.0
Kepler-132 d,Kepler-132,2014,Transit,18.010199,0.0,,,0.138,0.00951,0.929,6003.0
Kepler-1961 b,Kepler-1961,2021,Transit,5.604710102,0.0,,,0.1444182,0.0102,0.871,5401.0
HIP 54597 b,HIP 54597,2023,Radial Velocity,3274.0,0.03,0.03,-0.02,1.18,2.4,0.8,4799.0
WASP-5 b,WASP-5,2008,Transit,1.6284279,0.038,0.026,-0.018,1.087,1.58,0.96,5700.0
HD 195019 b,HD 195019,1998,Radial Velocity,18.20132,0.01,0.0,0.0,1.16,3.98,1.21,5751.0
HD 75289 b,HD 75289,1999,Radial Velocity,3.50927,0.03,0.03,-0.03,1.27,0.49,1.29,6117.0
Kepler-102 e,Kepler-102,2013,Transit,16.1456994,0.089,,,0.19359477,0.01478785,0.803,4909.0
Kepler-334 b,Kepler-334,2014,Transit,5.470319,0.0,,,0.1,0.00459,1.022,5828.0
Kepler-623 b,Kepler-623,2016,Transit,9.07097734,0.0,,,0.26853421,0.0293,0.9,5443.0
Kepler-248 b,Kepler-248,2014,Transit,6.308205,0.0,,,0.269,0.0295,0.838,5190.0
K2-180 b,K2-180,2018,Transit,8.865663,0.075,0.08,-0.051,0.22,0.0359,0.735,5365.0
K2-122 b,K2-122,2017,Transit,2.2193023,0.21,0.182563,-0.167694,0.10348845,0.00521,0.63,4009.0
TOI-654.01,TOI-654,2024,Transit,1.527561,0.0,,,0.21215132,0.02740472,0.419,3521.0
Kepler-295 d,Kepler-295,2014,Transit,33.884054,0.0,,,0.121,0.00761,0.89,5603.0
Kepler-1689 b,Kepler-1689,2020,Transit,8.483,0.0,,,0.08446663,0.00251,1.023,5731.43
HD 73583 c,HD 73583,2022,Transit,18.87974,0.08,0.11,-0.06,0.21322189,0.03051961,0.73,4511.0
