galactic_latitude_approx_deg,feh_approx,pixel_x,pixel_y
35.825274725274724,0.34284253578732105,95,43
47.72967032967033,0.1996932515337423,566,63
47.80549450549451,0.1996932515337423,569,63
47.754945054945054,0.19253578732106336,567,64
47.70439560439561,0.18537832310838442,565,65
47.78021978021978,0.18537832310838442,568,65
47.72967032967033,0.1782208588957055,566,66
47.80549450549451,0.1782208588957055,569,66
47.754945054945054,0.17106339468302656,567,67
38.12527472527472,0.10664621676891611,186,76
38.2010989010989,0.10664621676891611,189,76
38.15054945054945,0.09948875255623718,187,77
38.22637362637362,0.09948875255623718,190,77
38.175824175824175,0.09233128834355825,188,78
38.12527472527472,0.08517382413087932,186,79
38.2010989010989,0.08517382413087932,189,79
47.93186813186813,0.08517382413087932,574,79
48.00769230769231,0.08517382413087932,577,79
38.175824175824175,0.07801635991820038,188,80
47.90659340659341,0.07801635991820038,573,80
47.98241758241758,0.07801635991820038,576,80
47.93186813186813,0.07085889570552145,574,81
48.00769230769231,0.07085889570552145,577,81
47.957142857142856,0.06370143149284252,575,82
47.90659340659341,0.05654396728016359,573,83
47.98241758241758,0.05654396728016359,576,83
40.450549450549445,0.006441717791411006,278,90
40.526373626373626,0.006441717791411006,281,90
49.776923076923076,0.006441717791411006,647,90
37.26593406593406,-0.0007157464212679265,152,91
37.34175824175824,-0.0007157464212679265,155,91
40.450549450549445,-0.0007157464212679265,278,91
40.526373626373626,-0.0007157464212679265,281,91
49.751648351648356,-0.0007157464212679265,646,91
49.82747252747253,-0.0007157464212679265,649,91
37.316483516483515,-0.007873210633946859,154,92
40.425274725274726,-0.007873210633946859,277,92
40.5010989010989,-0.007873210633946859,280,92
49.72637362637363,-0.007873210633946859,645,92
49.8021978021978,-0.007873210633946859,648,92
37.29120879120879,-0.015030674846625791,153,93
37.36703296703296,-0.015030674846625791,156,93
40.47582417582417,-0.015030674846625791,279,93
40.55164835164835,-0.015030674846625791,282,93
49.776923076923076,-0.015030674846625791,647,93
37.26593406593406,-0.022188139059304723,152,94
37.34175824175824,-0.022188139059304723,155,94
40.450549450549445,-0.022188139059304723,278,94
40.526373626373626,-0.022188139059304723,281,94
49.751648351648356,-0.022188139059304723,646,94
49.82747252747253,-0.022188139059304723,649,94
37.316483516483515,-0.029345603271983656,154,95
40.450549450549445,-0.029345603271983656,278,95
40.526373626373626,-0.029345603271983656,281,95
51.723076923076924,-0.05081799591002045,724,98
51.7989010989011,-0.05081799591002045,727,98
39.61648351648351,-0.057975460122699385,245,99
40.4,-0.057975460122699385,276,99
40.47582417582417,-0.057975460122699385,279,99
40.57692307692307,-0.057975460122699385,283,99
40.652747252747254,-0.057975460122699385,286,99
51.74835164835165,-0.057975460122699385,725,99
37.114285714285714,-0.06513292433537832,146,100
37.19010989010989,-0.06513292433537832,149,100
39.59120879120879,-0.06513292433537832,244,100
39.667032967032966,-0.06513292433537832,247,100
40.450549450549445,-0.06513292433537832,278,100
40.526373626373626,-0.06513292433537832,281,100
40.6021978021978,-0.06513292433537832,284,100
51.697802197802204,-0.06513292433537832,723,100
51.77362637362638,-0.06513292433537832,726,100
37.13956043956044,-0.0722903885480573,147,101
37.215384615384615,-0.0722903885480573,150,101
39.61648351648351,-0.0722903885480573,245,101
40.4,-0.0722903885480573,276,101
40.47582417582417,-0.0722903885480573,279,101
40.55164835164835,-0.0722903885480573,282,101
40.62747252747253,-0.0722903885480573,285,101
51.723076923076924,-0.0722903885480573,724,101
51.7989010989011,-0.0722903885480573,727,101
37.16483516483516,-0.07944785276073624,148,102
39.565934065934066,-0.07944785276073624,243,102
39.64175824175824,-0.07944785276073624,246,102
40.425274725274726,-0.07944785276073624,277,102
40.5010989010989,-0.07944785276073624,280,102
40.57692307692307,-0.07944785276073624,283,102
40.652747252747254,-0.07944785276073624,286,102
51.74835164835165,-0.07944785276073624,725,102
37.114285714285714,-0.08660531697341517,146,103
37.19010989010989,-0.08660531697341517,149,103
39.59120879120879,-0.08660531697341517,244,103
39.667032967032966,-0.08660531697341517,247,103
40.450549450549445,-0.08660531697341517,278,103
40.55164835164835,-0.08660531697341517,282,103
40.62747252747253,-0.08660531697341517,285,103
37.13956043956044,-0.0937627811860941,147,104
37.215384615384615,-0.0937627811860941,150,104
43.28131868131868,-0.10092024539877303,390,105
43.230769230769226,-0.10807770961145202,388,106
43.30659340659341,-0.10807770961145202,391,106
50.004395604395604,-0.10807770961145202,656,106
50.08021978021978,-0.10807770961145202,659,106
51.06593406593407,-0.10807770961145202,698,106
43.230769230769226,-0.11523517382413084,388,107
43.30659340659341,-0.11523517382413084,391,107
50.004395604395604,-0.11523517382413084,656,107
50.08021978021978,-0.11523517382413084,659,107
51.06593406593407,-0.11523517382413084,698,107
40.4,-0.12239263803680983,276,108
40.47582417582417,-0.12239263803680983,279,108
43.25604395604395,-0.12239263803680983,389,108
43.331868131868134,-0.12239263803680983,392,108
50.02967032967033,-0.12239263803680983,657,108
51.01538461538462,-0.12239263803680983,696,108
51.09120879120879,-0.12239263803680983,699,108
40.425274725274726,-0.12955010224948882,277,109
40.5010989010989,-0.12955010224948882,280,109
43.28131868131868,-0.12955010224948882,390,109
49.979120879120885,-0.12955010224948882,655,109
50.05494505494506,-0.12955010224948882,658,109
51.040659340659346,-0.12955010224948882,697,109
51.11648351648352,-0.12955010224948882,700,109
40.450549450549445,-0.13670756646216775,278,110
49.979120879120885,-0.13670756646216775,655,110
50.05494505494506,-0.13670756646216775,658,110
51.040659340659346,-0.13670756646216775,697,110
51.11648351648352,-0.13670756646216775,700,110
52.38021978021978,-0.13670756646216775,750,110
40.4,-0.14386503067484663,276,111
40.47582417582417,-0.14386503067484663,279,111
52.35494505494506,-0.14386503067484663,749,111
52.43076923076923,-0.14386503067484663,752,111
38.15054945054945,-0.15102249488752562,187,112
40.4,-0.15102249488752562,276,112
40.47582417582417,-0.15102249488752562,279,112
52.35494505494506,-0.15102249488752562,749,112
52.43076923076923,-0.15102249488752562,752,112
38.15054945054945,-0.15817995910020455,187,113
52.329670329670336,-0.15817995910020455,748,113
52.40549450549451,-0.15817995910020455,751,113
38.12527472527472,-0.16533742331288348,186,114
38.2010989010989,-0.16533742331288348,189,114
52.38021978021978,-0.16533742331288348,750,114
38.099999999999994,-0.1724948875255624,185,115
38.175824175824175,-0.1724948875255624,188,115
45.83406593406593,-0.1724948875255624,491,115
45.909890109890114,-0.1724948875255624,494,115
38.15054945054945,-0.17965235173824134,187,116
45.808791208791206,-0.17965235173824134,490,116
45.88461538461539,-0.17965235173824134,493,116
45.83406593406593,-0.18680981595092028,491,117
45.909890109890114,-0.18680981595092028,494,117
45.85934065934066,-0.1939672801635992,492,118
45.808791208791206,-0.20112474437627814,490,119
45.88461538461539,-0.20112474437627814,493,119
46.94615384615385,-0.20828220858895707,535,120
47.02197802197802,-0.20828220858895707,538,120
42.7,-0.215439672801636,367,121
46.92087912087912,-0.215439672801636,534,121
46.996703296703295,-0.215439672801636,537,121
41.66373626373626,-0.22259713701431494,326,122
41.739560439560435,-0.22259713701431494,329,122
42.7,-0.22259713701431494,367,122
46.92087912087912,-0.22259713701431494,534,122
46.996703296703295,-0.22259713701431494,537,122
41.66373626373626,-0.22975460122699387,326,123
41.739560439560435,-0.22975460122699387,329,123
42.7,-0.22975460122699387,367,123
46.92087912087912,-0.22975460122699387,534,123
46.996703296703295,-0.22975460122699387,537,123
41.66373626373626,-0.2369120654396728,326,124
41.739560439560435,-0.2369120654396728,329,124
42.7,-0.2369120654396728,367,124
46.92087912087912,-0.2369120654396728,534,124
46.996703296703295,-0.2369120654396728,537,124
47.72967032967033,-0.2369120654396728,566,124
47.80549450549451,-0.2369120654396728,569,124
41.68901098901099,-0.24406952965235174,327,125
42.64945054945055,-0.24406952965235174,365,125
42.72527472527472,-0.24406952965235174,368,125
47.72967032967033,-0.24406952965235174,566,125
47.80549450549451,-0.24406952965235174,569,125
48.285714285714285,-0.24406952965235174,588,125
51.06593406593407,-0.24406952965235174,698,125
51.14175824175825,-0.24406952965235174,701,125
40.096703296703296,-0.2512269938650308,264,126
40.17252747252747,-0.2512269938650308,267,126
41.68901098901099,-0.2512269938650308,327,126
47.70439560439561,-0.2512269938650308,565,126
47.78021978021978,-0.2512269938650308,568,126
48.260439560439565,-0.2512269938650308,587,126
48.33626373626374,-0.2512269938650308,590,126
51.11648351648352,-0.2512269938650308,700,126
40.07142857142857,-0.2583844580777096,263,127
40.14725274725274,-0.2583844580777096,266,127
47.72967032967033,-0.2583844580777096,566,127
47.80549450549451,-0.2583844580777096,569,127
48.285714285714285,-0.2583844580777096,588,127
51.06593406593407,-0.2583844580777096,698,127
51.14175824175825,-0.2583844580777096,701,127
40.096703296703296,-0.26554192229038853,264,128
40.17252747252747,-0.26554192229038853,267,128
47.754945054945054,-0.26554192229038853,567,128
48.23516483516484,-0.26554192229038853,586,128
48.31098901098901,-0.26554192229038853,589,128
51.09120879120879,-0.26554192229038853,699,128
51.167032967032966,-0.26554192229038853,702,128
40.12197802197802,-0.27269938650306746,265,129
48.23516483516484,-0.27269938650306746,586,129
48.31098901098901,-0.27269938650306746,589,129
51.09120879120879,-0.27269938650306746,699,129
51.167032967032966,-0.27269938650306746,702,129
40.12197802197802,-0.2798568507157465,265,130
40.5010989010989,-0.2798568507157465,280,130
40.57692307692307,-0.2798568507157465,283,130
46.61758241758242,-0.2798568507157465,522,130
46.69340659340659,-0.2798568507157465,525,130
40.55164835164835,-0.28701431492842544,282,131
46.59230769230769,-0.28701431492842544,521,131
46.668131868131866,-0.28701431492842544,524,131
40.526373626373626,-0.29417177914110426,281,132
40.6021978021978,-0.29417177914110426,284,132
46.642857142857146,-0.29417177914110426,523,132
39.64175824175824,-0.3013292433537832,246,133
39.71758241758241,-0.3013292433537832,249,133
40.526373626373626,-0.3013292433537832,281,133
40.6021978021978,-0.3013292433537832,284,133
46.642857142857146,-0.3013292433537832,523,133
39.64175824175824,-0.30848670756646224,246,134
39.71758241758241,-0.30848670756646224,249,134
40.526373626373626,-0.30848670756646224,281,134
40.6021978021978,-0.30848670756646224,284,134
46.642857142857146,-0.30848670756646224,523,134
39.64175824175824,-0.31564417177914117,246,135
39.71758241758241,-0.31564417177914117,249,135
39.667032967032966,-0.32280163599182,247,136
39.74285714285714,-0.32280163599182,250,136
39.69230769230769,-0.32995910020449903,248,137
41.58791208791209,-0.32995910020449903,323,137
41.66373626373626,-0.32995910020449903,326,137
43.357142857142854,-0.32995910020449903,393,137
43.432967032967035,-0.32995910020449903,396,137
41.638461538461534,-0.33711656441717797,325,138
43.331868131868134,-0.33711656441717797,392,138
43.40769230769231,-0.33711656441717797,395,138
44.646153846153844,-0.33711656441717797,444,138
44.72197802197802,-0.33711656441717797,447,138
41.638461538461534,-0.3442740286298569,325,139
43.331868131868134,-0.3442740286298569,392,139
43.40769230769231,-0.3442740286298569,395,139
44.646153846153844,-0.3442740286298569,444,139
44.72197802197802,-0.3442740286298569,447,139
53.16373626373627,-0.3442740286298569,781,139
41.58791208791209,-0.35143149284253583,323,140
41.66373626373626,-0.35143149284253583,326,140
43.357142857142854,-0.35143149284253583,393,140
43.432967032967035,-0.35143149284253583,396,140
44.67142857142857,-0.35143149284253583,445,140
48.715384615384615,-0.35143149284253583,605,140
48.791208791208796,-0.35143149284253583,608,140
53.13846153846154,-0.35143149284253583,780,140
53.214285714285715,-0.35143149284253583,783,140
37.72087912087912,-0.35858895705521476,170,141
39.363736263736264,-0.35858895705521476,235,141
39.43956043956044,-0.35858895705521476,238,141
41.613186813186815,-0.35858895705521476,324,141
41.68901098901099,-0.35858895705521476,327,141
43.38241758241758,-0.35858895705521476,394,141
44.620879120879124,-0.35858895705521476,443,141
44.6967032967033,-0.35858895705521476,446,141
45.278021978021975,-0.35858895705521476,469,141
45.353846153846156,-0.35858895705521476,472,141
48.76593406593407,-0.35858895705521476,607,141
52.986813186813194,-0.35858895705521476,774,141
53.06263736263736,-0.35858895705521476,777,141
53.13846153846154,-0.35858895705521476,780,141
53.214285714285715,-0.35858895705521476,783,141
37.72087912087912,-0.3657464212678937,170,142
39.363736263736264,-0.3657464212678937,235,142
39.43956043956044,-0.3657464212678937,238,142
44.646153846153844,-0.3657464212678937,444,142
44.72197802197802,-0.3657464212678937,447,142
45.3032967032967,-0.3657464212678937,470,142
48.715384615384615,-0.3657464212678937,605,142
48.791208791208796,-0.3657464212678937,608,142
51.21758241758242,-0.3657464212678937,704,142
51.293406593406594,-0.3657464212678937,707,142
53.03736263736264,-0.3657464212678937,776,142
53.113186813186815,-0.3657464212678937,779,142
53.189010989010995,-0.3657464212678937,782,142
37.69560439560439,-0.3729038854805726,169,143
37.77142857142857,-0.3729038854805726,172,143
39.41428571428571,-0.3729038854805726,237,143
45.252747252747255,-0.3729038854805726,468,143
45.32857142857143,-0.3729038854805726,471,143
48.74065934065934,-0.3729038854805726,606,143
48.816483516483515,-0.3729038854805726,609,143
51.24285714285715,-0.3729038854805726,705,143
51.824175824175825,-0.3729038854805726,728,143
51.900000000000006,-0.3729038854805726,731,143
53.012087912087914,-0.3729038854805726,775,143
53.08791208791209,-0.3729038854805726,778,143
53.16373626373627,-0.3729038854805726,781,143
37.67032967032967,-0.38006134969325156,168,144
37.746153846153845,-0.38006134969325156,171,144
39.389010989010984,-0.38006134969325156,236,144
39.464835164835165,-0.38006134969325156,239,144
45.3032967032967,-0.38006134969325156,470,144
48.715384615384615,-0.38006134969325156,605,144
48.791208791208796,-0.38006134969325156,608,144
51.21758241758242,-0.38006134969325156,704,144
51.293406593406594,-0.38006134969325156,707,144
51.36923076923077,-0.38006134969325156,710,144
51.44505494505495,-0.38006134969325156,713,144
51.87472527472528,-0.38006134969325156,730,144
52.986813186813194,-0.38006134969325156,774,144
53.06263736263736,-0.38006134969325156,777,144
37.69560439560439,-0.3872188139059305,169,145
37.77142857142857,-0.3872188139059305,172,145
39.41428571428571,-0.3872188139059305,237,145
45.252747252747255,-0.3872188139059305,468,145
45.32857142857143,-0.3872188139059305,471,145
51.21758241758242,-0.3872188139059305,704,145
51.293406593406594,-0.3872188139059305,707,145
51.36923076923077,-0.3872188139059305,710,145
51.44505494505495,-0.3872188139059305,713,145
51.87472527472528,-0.3872188139059305,730,145
52.986813186813194,-0.3872188139059305,774,145
53.06263736263736,-0.3872188139059305,777,145
37.39230769230769,-0.3943762781186094,157,146
37.46813186813186,-0.3943762781186094,160,146
38.32747252747252,-0.3943762781186094,194,146
39.11098901098901,-0.3943762781186094,225,146
39.18681318681318,-0.3943762781186094,228,146
39.91978021978022,-0.3943762781186094,257,146
39.995604395604396,-0.3943762781186094,260,146
47.70439560439561,-0.3943762781186094,565,146
51.19230769230769,-0.3943762781186094,703,146
51.268131868131874,-0.3943762781186094,706,146
51.34395604395605,-0.3943762781186094,709,146
51.41978021978022,-0.3943762781186094,712,146
51.84945054945055,-0.3943762781186094,729,146
51.92527472527473,-0.3943762781186094,732,146
37.417582417582416,-0.40153374233128836,158,147
37.49340659340659,-0.40153374233128836,161,147
38.32747252747252,-0.40153374233128836,194,147
39.11098901098901,-0.40153374233128836,225,147
39.18681318681318,-0.40153374233128836,228,147
39.91978021978022,-0.40153374233128836,257,147
39.995604395604396,-0.40153374233128836,260,147
41.86593406593406,-0.40153374233128836,334,147
47.65384615384615,-0.40153374233128836,563,147
47.72967032967033,-0.40153374233128836,566,147
51.36923076923077,-0.40153374233128836,710,147
51.44505494505495,-0.40153374233128836,713,147
51.87472527472528,-0.40153374233128836,730,147
37.36703296703296,-0.4086912065439673,156,148
37.44285714285714,-0.4086912065439673,159,148
37.51868131868132,-0.4086912065439673,162,148
38.3021978021978,-0.4086912065439673,193,148
38.37802197802198,-0.4086912065439673,196,148
38.605494505494505,-0.4086912065439673,205,148
39.11098901098901,-0.4086912065439673,225,148
39.18681318681318,-0.4086912065439673,228,148
39.91978021978022,-0.4086912065439673,257,148
39.995604395604396,-0.4086912065439673,260,148
40.47582417582417,-0.4086912065439673,279,148
41.815384615384616,-0.4086912065439673,332,148
41.89120879120879,-0.4086912065439673,335,148
45.050549450549454,-0.4086912065439673,460,148
45.12637362637363,-0.4086912065439673,463,148
47.70439560439561,-0.4086912065439673,565,148
51.34395604395605,-0.4086912065439673,709,148
51.41978021978022,-0.4086912065439673,712,148
37.39230769230769,-0.4158486707566462,157,149
37.46813186813186,-0.4158486707566462,160,149
37.543956043956044,-0.4158486707566462,163,149
38.32747252747252,-0.4158486707566462,194,149
38.55494505494505,-0.4158486707566462,203,149
38.63076923076923,-0.4158486707566462,206,149
39.136263736263736,-0.4158486707566462,226,149
39.21208791208791,-0.4158486707566462,229,149
39.94505494505494,-0.4158486707566462,258,149
40.425274725274726,-0.4158486707566462,277,149
40.5010989010989,-0.4158486707566462,280,149
41.84065934065934,-0.4158486707566462,333,149
41.91648351648352,-0.4158486707566462,336,149
45.075824175824174,-0.4158486707566462,461,149
47.65384615384615,-0.4158486707566462,563,149
47.72967032967033,-0.4158486707566462,566,149
37.39230769230769,-0.42300613496932515,157,150
37.46813186813186,-0.42300613496932515,160,150
37.543956043956044,-0.42300613496932515,163,150
38.32747252747252,-0.42300613496932515,194,150
38.55494505494505,-0.42300613496932515,203,150
38.63076923076923,-0.42300613496932515,206,150
39.136263736263736,-0.42300613496932515,226,150
39.21208791208791,-0.42300613496932515,229,150
39.94505494505494,-0.42300613496932515,258,150
40.425274725274726,-0.42300613496932515,277,150
40.5010989010989,-0.42300613496932515,280,150
41.84065934065934,-0.42300613496932515,333,150
41.91648351648352,-0.42300613496932515,336,150
42.44725274725275,-0.42300613496932515,357,150
45.02527472527473,-0.42300613496932515,459,150
45.1010989010989,-0.42300613496932515,462,150
47.67912087912088,-0.42300613496932515,564,150
47.754945054945054,-0.42300613496932515,567,150
37.46813186813186,-0.4301635991820042,160,151
37.543956043956044,-0.4301635991820042,163,151
38.605494505494505,-0.4301635991820042,205,151
40.425274725274726,-0.4301635991820042,277,151
40.5010989010989,-0.4301635991820042,280,151
41.84065934065934,-0.4301635991820042,333,151
41.91648351648352,-0.4301635991820042,336,151
42.44725274725275,-0.4301635991820042,357,151
45.02527472527473,-0.4301635991820042,459,151
45.1010989010989,-0.4301635991820042,462,151
51.24285714285715,-0.4301635991820042,705,151
51.31868131868132,-0.4301635991820042,708,151
37.49340659340659,-0.437321063394683,161,152
38.55494505494505,-0.437321063394683,203,152
38.63076923076923,-0.437321063394683,206,152
39.035164835164835,-0.437321063394683,222,152
39.11098901098901,-0.437321063394683,225,152
40.47582417582417,-0.437321063394683,279,152
42.39670329670329,-0.437321063394683,355,152
42.472527472527474,-0.437321063394683,358,152
43.887912087912085,-0.437321063394683,414,152
43.963736263736266,-0.437321063394683,417,152
45.075824175824174,-0.437321063394683,461,152
46.112087912087915,-0.437321063394683,502,152
46.18791208791209,-0.437321063394683,505,152
51.24285714285715,-0.437321063394683,705,152
51.31868131868132,-0.437321063394683,708,152
39.06043956043956,-0.44447852760736195,223,153
42.39670329670329,-0.44447852760736195,355,153
42.472527472527474,-0.44447852760736195,358,153
43.887912087912085,-0.44447852760736195,414,153
43.963736263736266,-0.44447852760736195,417,153
46.16263736263736,-0.44447852760736195,504,153
47.527472527472526,-0.44447852760736195,558,153
47.60329670329671,-0.44447852760736195,561,153
51.24285714285715,-0.44447852760736195,705,153
51.31868131868132,-0.44447852760736195,708,153
37.847252747252746,-0.4516359918200409,175,154
39.00989010989011,-0.4516359918200409,221,154
39.08571428571428,-0.4516359918200409,224,154
42.42197802197802,-0.4516359918200409,356,154
42.497802197802194,-0.4516359918200409,359,154
43.91318681318681,-0.4516359918200409,415,154
45.353846153846156,-0.4516359918200409,472,154
45.42967032967033,-0.4516359918200409,475,154
46.137362637362635,-0.4516359918200409,503,154
46.213186813186816,-0.4516359918200409,506,154
47.57802197802198,-0.4516359918200409,560,154
51.21758241758242,-0.4516359918200409,704,154
51.293406593406594,-0.4516359918200409,707,154
36.886813186813185,-0.4587934560327199,137,155
36.96263736263736,-0.4587934560327199,140,155
37.847252747252746,-0.4587934560327199,175,155
39.00989010989011,-0.4587934560327199,221,155
39.08571428571428,-0.4587934560327199,224,155
43.887912087912085,-0.4587934560327199,414,155
43.963736263736266,-0.4587934560327199,417,155
45.4043956043956,-0.4587934560327199,474,155
46.112087912087915,-0.4587934560327199,502,155
46.18791208791209,-0.4587934560327199,505,155
47.55274725274725,-0.4587934560327199,559,155
47.62857142857143,-0.4587934560327199,562,155
50.105494505494505,-0.4587934560327199,660,155
51.21758241758242,-0.4587934560327199,704,155
51.293406593406594,-0.4587934560327199,707,155
36.886813186813185,-0.46595092024539875,137,156
36.96263736263736,-0.46595092024539875,140,156
37.847252747252746,-0.46595092024539875,175,156
39.00989010989011,-0.46595092024539875,221,156
39.08571428571428,-0.46595092024539875,224,156
40.956043956043956,-0.46595092024539875,298,156
41.03186813186813,-0.46595092024539875,301,156
43.91318681318681,-0.46595092024539875,415,156
45.353846153846156,-0.46595092024539875,472,156
45.42967032967033,-0.46595092024539875,475,156
46.137362637362635,-0.46595092024539875,503,156
46.213186813186816,-0.46595092024539875,506,156
47.57802197802198,-0.46595092024539875,560,156
50.05494505494506,-0.46595092024539875,658,156
50.13076923076923,-0.46595092024539875,661,156
36.886813186813185,-0.4731083844580777,137,157
36.96263736263736,-0.4731083844580777,140,157
37.08901098901099,-0.4731083844580777,145,157
37.79670329670329,-0.4731083844580777,173,157
37.87252747252747,-0.4731083844580777,176,157
40.956043956043956,-0.4731083844580777,298,157
41.03186813186813,-0.4731083844580777,301,157
43.60989010989011,-0.4731083844580777,403,157
44.519780219780216,-0.4731083844580777,439,157
44.5956043956044,-0.4731083844580777,442,157
45.379120879120876,-0.4731083844580777,473,157
45.45494505494506,-0.4731083844580777,476,157
47.57802197802198,-0.4731083844580777,560,157
50.05494505494506,-0.4731083844580777,658,157
50.13076923076923,-0.4731083844580777,661,157
36.886813186813185,-0.4802658486707566,137,158
36.96263736263736,-0.4802658486707566,140,158
37.08901098901099,-0.4802658486707566,145,158
37.79670329670329,-0.4802658486707566,173,158
37.87252747252747,-0.4802658486707566,176,158
40.82967032967033,-0.4802658486707566,293,158
40.9054945054945,-0.4802658486707566,296,158
40.98131868131868,-0.4802658486707566,299,158
43.331868131868134,-0.4802658486707566,392,158
43.40769230769231,-0.4802658486707566,395,158
43.58461538461538,-0.4802658486707566,402,158
43.660439560439556,-0.4802658486707566,405,158
44.57032967032967,-0.4802658486707566,441,158
45.353846153846156,-0.4802658486707566,472,158
45.42967032967033,-0.4802658486707566,475,158
48.53846153846154,-0.4802658486707566,598,158
48.614285714285714,-0.4802658486707566,601,158
49.7010989010989,-0.4802658486707566,644,158
50.05494505494506,-0.4802658486707566,658,158
50.13076923076923,-0.4802658486707566,661,158
36.886813186813185,-0.48742331288343566,137,159
36.96263736263736,-0.48742331288343566,140,159
37.08901098901099,-0.48742331288343566,145,159
39.23736263736264,-0.48742331288343566,230,159
39.31318681318681,-0.48742331288343566,233,159
40.47582417582417,-0.48742331288343566,279,159
40.55164835164835,-0.48742331288343566,282,159
40.854945054945055,-0.48742331288343566,294,159
40.93076923076923,-0.48742331288343566,297,159
41.0065934065934,-0.48742331288343566,300,159
43.357142857142854,-0.48742331288343566,393,159
43.432967032967035,-0.48742331288343566,396,159
43.60989010989011,-0.48742331288343566,403,159
44.519780219780216,-0.48742331288343566,439,159
44.5956043956044,-0.48742331288343566,442,159
48.53846153846154,-0.48742331288343566,598,159
48.614285714285714,-0.48742331288343566,601,159
49.7010989010989,-0.48742331288343566,644,159
50.05494505494506,-0.48742331288343566,658,159
50.13076923076923,-0.48742331288343566,661,159
50.25714285714286,-0.48742331288343566,666,159
50.332967032967034,-0.48742331288343566,669,159
37.08901098901099,-0.4945807770961146,145,160
39.23736263736264,-0.4945807770961146,230,160
39.31318681318681,-0.4945807770961146,233,160
40.47582417582417,-0.4945807770961146,279,160
40.55164835164835,-0.4945807770961146,282,160
40.854945054945055,-0.4945807770961146,294,160
40.93076923076923,-0.4945807770961146,297,160
41.0065934065934,-0.4945807770961146,300,160
41.91648351648352,-0.4945807770961146,336,160
41.99230769230769,-0.4945807770961146,339,160
43.38241758241758,-0.4945807770961146,394,160
43.55934065934066,-0.4945807770961146,401,160
43.63516483516484,-0.4945807770961146,404,160
44.54505494505494,-0.4945807770961146,440,160
44.620879120879124,-0.4945807770961146,443,160
46.16263736263736,-0.4945807770961146,504,160
48.51318681318681,-0.4945807770961146,597,160
48.58901098901099,-0.4945807770961146,600,160
49.675824175824175,-0.4945807770961146,643,160
49.751648351648356,-0.4945807770961146,646,160
50.15604395604396,-0.4945807770961146,662,160
50.23186813186813,-0.4945807770961146,665,160
50.30769230769231,-0.4945807770961146,668,160
37.06373626373626,-0.5017382413087934,144,161
37.13956043956044,-0.5017382413087934,147,161
38.90879120879121,-0.5017382413087934,217,161
39.23736263736264,-0.5017382413087934,230,161
39.31318681318681,-0.5017382413087934,233,161
40.47582417582417,-0.5017382413087934,279,161
40.55164835164835,-0.5017382413087934,282,161
40.82967032967033,-0.5017382413087934,293,161
40.9054945054945,-0.5017382413087934,296,161
41.94175824175824,-0.5017382413087934,337,161
43.331868131868134,-0.5017382413087934,392,161
43.40769230769231,-0.5017382413087934,395,161
43.58461538461538,-0.5017382413087934,402,161
43.660439560439556,-0.5017382413087934,405,161
44.57032967032967,-0.5017382413087934,441,161
45.02527472527473,-0.5017382413087934,459,161
45.1010989010989,-0.5017382413087934,462,161
46.137362637362635,-0.5017382413087934,503,161
46.213186813186816,-0.5017382413087934,506,161
48.56373626373627,-0.5017382413087934,599,161
49.65054945054945,-0.5017382413087934,642,161
49.72637362637363,-0.5017382413087934,645,161
50.13076923076923,-0.5017382413087934,661,161
50.206593406593406,-0.5017382413087934,664,161
50.28241758241758,-0.5017382413087934,667,161
38.85824175824175,-0.5088957055214725,215,162
38.934065934065934,-0.5088957055214725,218,162
39.26263736263736,-0.5088957055214725,231,162
39.33846153846154,-0.5088957055214725,234,162
40.5010989010989,-0.5088957055214725,280,162
40.652747252747254,-0.5088957055214725,286,162
40.72857142857143,-0.5088957055214725,289,162
40.8043956043956,-0.5088957055214725,292,162
40.880219780219775,-0.5088957055214725,295,162
41.89120879120879,-0.5088957055214725,335,162
41.967032967032964,-0.5088957055214725,338,162
43.331868131868134,-0.5088957055214725,392,162
43.40769230769231,-0.5088957055214725,395,162
45.050549450549454,-0.5088957055214725,460,162
45.12637362637363,-0.5088957055214725,463,162
46.16263736263736,-0.5088957055214725,504,162
46.87032967032967,-0.5088957055214725,532,162
46.94615384615385,-0.5088957055214725,535,162
48.53846153846154,-0.5088957055214725,598,162
48.614285714285714,-0.5088957055214725,601,162
49.7010989010989,-0.5088957055214725,644,162
50.105494505494505,-0.5088957055214725,660,162
50.181318681318686,-0.5088957055214725,663,162
50.25714285714286,-0.5088957055214725,666,162
50.332967032967034,-0.5088957055214725,669,162
38.90879120879121,-0.5160531697341514,217,163
39.23736263736264,-0.5160531697341514,230,163
39.31318681318681,-0.5160531697341514,233,163
40.47582417582417,-0.5160531697341514,279,163
40.55164835164835,-0.5160531697341514,282,163
40.7032967032967,-0.5160531697341514,288,163
40.779120879120875,-0.5160531697341514,291,163
40.854945054945055,-0.5160531697341514,294,163
41.91648351648352,-0.5160531697341514,336,163
41.99230769230769,-0.5160531697341514,339,163
45.050549450549454,-0.5160531697341514,460,163
45.12637362637363,-0.5160531697341514,463,163
46.137362637362635,-0.5160531697341514,503,163
46.213186813186816,-0.5160531697341514,506,163
46.92087912087912,-0.5160531697341514,534,163
48.10879120879121,-0.5160531697341514,581,163
48.184615384615384,-0.5160531697341514,584,163
50.13076923076923,-0.5160531697341514,661,163
50.206593406593406,-0.5160531697341514,664,163
50.28241758241758,-0.5160531697341514,667,163
51.167032967032966,-0.5160531697341514,702,163
51.24285714285715,-0.5160531697341514,705,163
52.026373626373626,-0.5160531697341514,736,163
52.10219780219781,-0.5160531697341514,739,163
38.90879120879121,-0.5232106339468303,217,164
40.47582417582417,-0.5232106339468303,279,164
40.652747252747254,-0.5232106339468303,286,164
40.72857142857143,-0.5232106339468303,289,164
40.8043956043956,-0.5232106339468303,292,164
41.89120879120879,-0.5232106339468303,335,164
41.967032967032964,-0.5232106339468303,338,164
45.02527472527473,-0.5232106339468303,459,164
45.1010989010989,-0.5232106339468303,462,164
46.112087912087915,-0.5232106339468303,502,164
46.18791208791209,-0.5232106339468303,505,164
46.56703296703297,-0.5232106339468303,520,164
46.642857142857146,-0.5232106339468303,523,164
46.92087912087912,-0.5232106339468303,534,164
48.08351648351648,-0.5232106339468303,580,164
48.15934065934066,-0.5232106339468303,583,164
48.66483516483517,-0.5232106339468303,603,164
48.74065934065934,-0.5232106339468303,606,164
50.13076923076923,-0.5232106339468303,661,164
50.206593406593406,-0.5232106339468303,664,164
51.21758241758242,-0.5232106339468303,704,164
52.0010989010989,-0.5232106339468303,735,164
52.07692307692308,-0.5232106339468303,738,164
52.152747252747254,-0.5232106339468303,741,164
37.94835164835165,-0.5303680981595092,179,165
38.85824175824175,-0.5303680981595092,215,165
38.934065934065934,-0.5303680981595092,218,165
40.47582417582417,-0.5303680981595092,279,165
40.55164835164835,-0.5303680981595092,282,165
40.7032967032967,-0.5303680981595092,288,165
40.779120879120875,-0.5303680981595092,291,165
41.89120879120879,-0.5303680981595092,335,165
41.967032967032964,-0.5303680981595092,338,165
45.050549450549454,-0.5303680981595092,460,165
45.12637362637363,-0.5303680981595092,463,165
46.56703296703297,-0.5303680981595092,520,165
46.642857142857146,-0.5303680981595092,523,165
46.92087912087912,-0.5303680981595092,534,165
48.00769230769231,-0.5303680981595092,577,165
48.08351648351648,-0.5303680981595092,580,165
48.15934065934066,-0.5303680981595092,583,165
48.285714285714285,-0.5303680981595092,588,165
48.36153846153846,-0.5303680981595092,591,165
48.690109890109895,-0.5303680981595092,604,165
48.76593406593407,-0.5303680981595092,607,165
51.19230769230769,-0.5303680981595092,703,165
51.268131868131874,-0.5303680981595092,706,165
52.05164835164835,-0.5303680981595092,737,165
52.127472527472534,-0.5303680981595092,740,165
37.92307692307692,-0.5375255623721882,178,166
37.998901098901094,-0.5375255623721882,181,166
40.5010989010989,-0.5375255623721882,280,166
40.652747252747254,-0.5375255623721882,286,166
40.72857142857143,-0.5375255623721882,289,166
40.8043956043956,-0.5375255623721882,292,166
41.68901098901099,-0.5375255623721882,327,166
41.76483516483516,-0.5375255623721882,330,166
41.94175824175824,-0.5375255623721882,337,166
45.02527472527473,-0.5375255623721882,459,166
45.1010989010989,-0.5375255623721882,462,166
46.541758241758245,-0.5375255623721882,519,166
46.61758241758242,-0.5375255623721882,522,166
46.895604395604394,-0.5375255623721882,533,166
46.971428571428575,-0.5375255623721882,536,166
48.058241758241756,-0.5375255623721882,579,166
48.13406593406593,-0.5375255623721882,582,166
48.20989010989011,-0.5375255623721882,585,166
48.33626373626374,-0.5375255623721882,590,166
48.66483516483517,-0.5375255623721882,603,166
48.74065934065934,-0.5375255623721882,606,166
51.167032967032966,-0.5375255623721882,702,166
51.24285714285715,-0.5375255623721882,705,166
52.026373626373626,-0.5375255623721882,736,166
52.10219780219781,-0.5375255623721882,739,166
36.96263736263736,-0.5446830265848671,140,167
37.03846153846153,-0.5446830265848671,143,167
37.92307692307692,-0.5446830265848671,178,167
37.998901098901094,-0.5446830265848671,181,167
39.71758241758241,-0.5446830265848671,249,167
39.793406593406594,-0.5446830265848671,252,167
39.86923076923077,-0.5446830265848671,255,167
39.94505494505494,-0.5446830265848671,258,167
40.47582417582417,-0.5446830265848671,279,167
40.55164835164835,-0.5446830265848671,282,167
41.714285714285715,-0.5446830265848671,328,167
45.050549450549454,-0.5446830265848671,460,167
45.12637362637363,-0.5446830265848671,463,167
46.56703296703297,-0.5446830265848671,520,167
46.642857142857146,-0.5446830265848671,523,167
48.058241758241756,-0.5446830265848671,579,167
48.13406593406593,-0.5446830265848671,582,167
48.20989010989011,-0.5446830265848671,585,167
48.33626373626374,-0.5446830265848671,590,167
48.66483516483517,-0.5446830265848671,603,167
48.74065934065934,-0.5446830265848671,606,167
51.167032967032966,-0.5446830265848671,702,167
51.24285714285715,-0.5446830265848671,705,167
52.026373626373626,-0.5446830265848671,736,167
52.10219780219781,-0.5446830265848671,739,167
36.96263736263736,-0.551840490797546,140,168
37.03846153846153,-0.551840490797546,143,168
37.92307692307692,-0.551840490797546,178,168
37.998901098901094,-0.551840490797546,181,168
38.2010989010989,-0.551840490797546,189,168
39.667032967032966,-0.551840490797546,247,168
39.74285714285714,-0.551840490797546,250,168
39.818681318681314,-0.551840490797546,253,168
39.894505494505495,-0.551840490797546,256,168
39.97032967032967,-0.551840490797546,259,168
40.5010989010989,-0.551840490797546,280,168
41.284615384615385,-0.551840490797546,311,168
41.36043956043956,-0.551840490797546,314,168
41.68901098901099,-0.551840490797546,327,168
41.76483516483516,-0.551840490797546,330,168
45.1010989010989,-0.551840490797546,462,168
46.541758241758245,-0.551840490797546,519,168
46.61758241758242,-0.551840490797546,522,168
48.032967032967036,-0.551840490797546,578,168
48.10879120879121,-0.551840490797546,581,168
48.31098901098901,-0.551840490797546,589,168
48.386813186813185,-0.551840490797546,592,168
48.715384615384615,-0.551840490797546,605,168
49.473626373626374,-0.551840490797546,635,168
49.549450549450555,-0.551840490797546,638,168
51.14175824175825,-0.551840490797546,701,168
51.21758241758242,-0.551840490797546,704,168
52.05164835164835,-0.551840490797546,737,168
52.127472527472534,-0.551840490797546,740,168
36.6087912087912,-0.558997955010225,126,169
36.684615384615384,-0.558997955010225,129,169
37.01318681318681,-0.558997955010225,142,169
37.89780219780219,-0.558997955010225,177,169
37.973626373626374,-0.558997955010225,180,169
38.175824175824175,-0.558997955010225,188,169
38.25164835164835,-0.558997955010225,191,169
38.403296703296704,-0.558997955010225,197,169
39.667032967032966,-0.558997955010225,247,169
39.74285714285714,-0.558997955010225,250,169
39.818681318681314,-0.558997955010225,253,169
39.894505494505495,-0.558997955010225,256,169
39.97032967032967,-0.558997955010225,259,169
40.5010989010989,-0.558997955010225,280,169
41.284615384615385,-0.558997955010225,311,169
41.36043956043956,-0.558997955010225,314,169
41.68901098901099,-0.558997955010225,327,169
41.76483516483516,-0.558997955010225,330,169
48.058241758241756,-0.558997955010225,579,169
48.285714285714285,-0.558997955010225,588,169
48.36153846153846,-0.558997955010225,591,169
49.4989010989011,-0.558997955010225,636,169
49.574725274725274,-0.558997955010225,639,169
49.65054945054945,-0.558997955010225,642,169
51.19230769230769,-0.558997955010225,703,169
36.58351648351648,-0.566155419222904,125,170
36.65934065934066,-0.566155419222904,128,170
36.987912087912086,-0.566155419222904,141,170
37.06373626373626,-0.566155419222904,144,170
38.2010989010989,-0.566155419222904,189,170
38.35274725274725,-0.566155419222904,195,170
38.42857142857142,-0.566155419222904,198,170
39.69230769230769,-0.566155419222904,248,170
39.76813186813187,-0.566155419222904,251,170
39.84395604395604,-0.566155419222904,254,170
39.91978021978022,-0.566155419222904,257,170
40.27362637362637,-0.566155419222904,271,170
40.34945054945055,-0.566155419222904,274,170
41.309890109890105,-0.566155419222904,312,170
41.385714285714286,-0.566155419222904,315,170
41.714285714285715,-0.566155419222904,328,170
43.07912087912088,-0.566155419222904,382,170
43.15494505494505,-0.566155419222904,385,170
45.935164835164834,-0.566155419222904,495,170
49.4989010989011,-0.566155419222904,636,170
49.574725274725274,-0.566155419222904,639,170
49.65054945054945,-0.566155419222904,642,170
51.19230769230769,-0.566155419222904,703,170
36.58351648351648,-0.5733128834355827,125,171
36.65934065934066,-0.5733128834355827,128,171
36.987912087912086,-0.5733128834355827,141,171
37.06373626373626,-0.5733128834355827,144,171
38.2010989010989,-0.5733128834355827,189,171
38.35274725274725,-0.5733128834355827,195,171
38.42857142857142,-0.5733128834355827,198,171
39.69230769230769,-0.5733128834355827,248,171
39.76813186813187,-0.5733128834355827,251,171
39.84395604395604,-0.5733128834355827,254,171
39.91978021978022,-0.5733128834355827,257,171
40.27362637362637,-0.5733128834355827,271,171
40.34945054945055,-0.5733128834355827,274,171
41.284615384615385,-0.5733128834355827,311,171
41.36043956043956,-0.5733128834355827,314,171
43.104395604395606,-0.5733128834355827,383,171
43.18021978021978,-0.5733128834355827,386,171
44.8989010989011,-0.5733128834355827,454,171
45.85934065934066,-0.5733128834355827,492,171
45.935164835164834,-0.5733128834355827,495,171
46.01098901098901,-0.5733128834355827,498,171
49.52417582417583,-0.5733128834355827,637,171
49.6,-0.5733128834355827,640,171
36.58351648351648,-0.5804703476482617,125,172
36.65934065934066,-0.5804703476482617,128,172
38.175824175824175,-0.5804703476482617,188,172
38.25164835164835,-0.5804703476482617,191,172
38.403296703296704,-0.5804703476482617,197,172
40.27362637362637,-0.5804703476482617,271,172
40.34945054945055,-0.5804703476482617,274,172
40.425274725274726,-0.5804703476482617,277,172
40.5010989010989,-0.5804703476482617,280,172
41.33516483516483,-0.5804703476482617,313,172
43.07912087912088,-0.5804703476482617,382,172
43.15494505494505,-0.5804703476482617,385,172
44.87362637362637,-0.5804703476482617,453,172
44.949450549450546,-0.5804703476482617,456,172
45.909890109890114,-0.5804703476482617,494,172
45.98571428571429,-0.5804703476482617,497,172
49.4989010989011,-0.5804703476482617,636,172
49.574725274725274,-0.5804703476482617,639,172
49.65054945054945,-0.5804703476482617,642,172
50.25714285714286,-0.5804703476482617,666,172
53.13846153846154,-0.5804703476482617,780,172
53.214285714285715,-0.5804703476482617,783,172
36.6087912087912,-0.5876278118609407,126,173
36.684615384615384,-0.5876278118609407,129,173
38.403296703296704,-0.5876278118609407,197,173
39.28791208791208,-0.5876278118609407,232,173
39.363736263736264,-0.5876278118609407,235,173
40.2989010989011,-0.5876278118609407,272,173
40.37472527472527,-0.5876278118609407,275,173
40.450549450549445,-0.5876278118609407,278,173
40.526373626373626,-0.5876278118609407,281,173
43.104395604395606,-0.5876278118609407,383,173
43.18021978021978,-0.5876278118609407,386,173
44.8989010989011,-0.5876278118609407,454,173
44.97472527472527,-0.5876278118609407,457,173
45.050549450549454,-0.5876278118609407,460,173
45.85934065934066,-0.5876278118609407,492,173
45.935164835164834,-0.5876278118609407,495,173
46.01098901098901,-0.5876278118609407,498,173
49.145054945054945,-0.5876278118609407,622,173
49.52417582417583,-0.5876278118609407,637,173
49.6,-0.5876278118609407,640,173
50.206593406593406,-0.5876278118609407,664,173
50.28241758241758,-0.5876278118609407,667,173
50.58571428571429,-0.5876278118609407,679,173
50.66153846153846,-0.5876278118609407,682,173
53.189010989010995,-0.5876278118609407,782,173
38.504395604395604,-0.5947852760736196,201,174
38.58021978021978,-0.5947852760736196,204,174
39.31318681318681,-0.5947852760736196,233,174
39.389010989010984,-0.5947852760736196,236,174
40.324175824175825,-0.5947852760736196,273,174
40.4,-0.5947852760736196,276,174
40.47582417582417,-0.5947852760736196,279,174
40.55164835164835,-0.5947852760736196,282,174
43.129670329670326,-0.5947852760736196,384,174
44.848351648351645,-0.5947852760736196,452,174
44.924175824175826,-0.5947852760736196,455,174
45.0,-0.5947852760736196,458,174
45.075824175824174,-0.5947852760736196,461,174
45.88461538461539,-0.5947852760736196,493,174
45.96043956043956,-0.5947852760736196,496,174
48.08351648351648,-0.5947852760736196,580,174
48.15934065934066,-0.5947852760736196,583,174
49.119780219780225,-0.5947852760736196,621,174
49.1956043956044,-0.5947852760736196,624,174
50.25714285714286,-0.5947852760736196,666,174
50.56043956043956,-0.5947852760736196,678,174
50.636263736263736,-0.5947852760736196,681,174
53.16373626373627,-0.5947852760736196,781,174
53.23956043956044,-0.5947852760736196,784,174
38.55494505494505,-0.6019427402862986,203,175
39.28791208791208,-0.6019427402862986,232,175
39.363736263736264,-0.6019427402862986,235,175
40.37472527472527,-0.6019427402862986,275,175
40.450549450549445,-0.6019427402862986,278,175
40.526373626373626,-0.6019427402862986,281,175
40.93076923076923,-0.6019427402862986,297,175
41.0065934065934,-0.6019427402862986,300,175
42.52307692307692,-0.6019427402862986,360,175
44.848351648351645,-0.6019427402862986,452,175
44.924175824175826,-0.6019427402862986,455,175
45.0,-0.6019427402862986,458,175
45.075824175824174,-0.6019427402862986,461,175
45.88461538461539,-0.6019427402862986,493,175
45.96043956043956,-0.6019427402862986,496,175
48.08351648351648,-0.6019427402862986,580,175
48.15934065934066,-0.6019427402862986,583,175
49.119780219780225,-0.6019427402862986,621,175
49.1956043956044,-0.6019427402862986,624,175
50.25714285714286,-0.6019427402862986,666,175
50.40879120879121,-0.6019427402862986,672,175
50.48461538461539,-0.6019427402862986,675,175
50.56043956043956,-0.6019427402862986,678,175
50.636263736263736,-0.6019427402862986,681,175
53.16373626373627,-0.6019427402862986,781,175
53.23956043956044,-0.6019427402862986,784,175
37.13956043956044,-0.6091002044989776,147,176
38.504395604395604,-0.6091002044989776,201,176
38.58021978021978,-0.6091002044989776,204,176
39.31318681318681,-0.6091002044989776,233,176
39.389010989010984,-0.6091002044989776,236,176
40.425274725274726,-0.6091002044989776,277,176
40.5010989010989,-0.6091002044989776,280,176
40.9054945054945,-0.6091002044989776,296,176
40.98131868131868,-0.6091002044989776,299,176
42.497802197802194,-0.6091002044989776,359,176
42.573626373626375,-0.6091002044989776,362,176
45.050549450549454,-0.6091002044989776,460,176
45.909890109890114,-0.6091002044989776,494,176
48.08351648351648,-0.6091002044989776,580,176
48.15934065934066,-0.6091002044989776,583,176
49.119780219780225,-0.6091002044989776,621,176
49.1956043956044,-0.6091002044989776,624,176
50.25714285714286,-0.6091002044989776,666,176
50.40879120879121,-0.6091002044989776,672,176
50.48461538461539,-0.6091002044989776,675,176
50.56043956043956,-0.6091002044989776,678,176
50.636263736263736,-0.6091002044989776,681,176
53.16373626373627,-0.6091002044989776,781,176
53.23956043956044,-0.6091002044989776,784,176
37.13956043956044,-0.6162576687116565,147,177
38.504395604395604,-0.6162576687116565,201,177
38.58021978021978,-0.6162576687116565,204,177
39.31318681318681,-0.6162576687116565,233,177
39.389010989010984,-0.6162576687116565,236,177
40.450549450549445,-0.6162576687116565,278,177
40.526373626373626,-0.6162576687116565,281,177
40.93076923076923,-0.6162576687116565,297,177
41.0065934065934,-0.6162576687116565,300,177
41.36043956043956,-0.6162576687116565,314,177
42.472527472527474,-0.6162576687116565,358,177
42.54835164835165,-0.6162576687116565,361,177
45.02527472527473,-0.6162576687116565,459,177
45.1010989010989,-0.6162576687116565,462,177
48.13406593406593,-0.6162576687116565,582,177
49.0945054945055,-0.6162576687116565,620,177
49.17032967032967,-0.6162576687116565,623,177
50.434065934065934,-0.6162576687116565,673,177
50.50989010989011,-0.6162576687116565,676,177
50.58571428571429,-0.6162576687116565,679,177
50.66153846153846,-0.6162576687116565,682,177
37.13956043956044,-0.6234151329243355,147,178
38.504395604395604,-0.6234151329243355,201,178
38.58021978021978,-0.6234151329243355,204,178
40.425274725274726,-0.6234151329243355,277,178
40.5010989010989,-0.6234151329243355,280,178
40.956043956043956,-0.6234151329243355,298,178
41.309890109890105,-0.6234151329243355,312,178
41.385714285714286,-0.6234151329243355,315,178
42.497802197802194,-0.6234151329243355,359,178
42.573626373626375,-0.6234151329243355,362,178
48.13406593406593,-0.6234151329243355,582,178
50.40879120879121,-0.6234151329243355,672,178
50.48461538461539,-0.6234151329243355,675,178
37.114285714285714,-0.6305725971370143,146,179
37.19010989010989,-0.6305725971370143,149,179
40.956043956043956,-0.6305725971370143,298,179
41.309890109890105,-0.6305725971370143,312,179
41.385714285714286,-0.6305725971370143,315,179
42.497802197802194,-0.6305725971370143,359,179
42.573626373626375,-0.6305725971370143,362,179
50.45934065934066,-0.6305725971370143,674,179
37.08901098901099,-0.6377300613496932,145,180
37.16483516483516,-0.6377300613496932,148,180
38.959340659340654,-0.6377300613496932,219,180
39.035164835164835,-0.6377300613496932,222,180
41.36043956043956,-0.6377300613496932,314,180
38.934065934065934,-0.6448875255623722,218,181
39.00989010989011,-0.6448875255623722,221,181
41.33516483516483,-0.6448875255623722,313,181
41.41098901098901,-0.6448875255623722,316,181
44.97472527472527,-0.6448875255623722,457,181
38.934065934065934,-0.6520449897750512,218,182
39.00989010989011,-0.6520449897750512,221,182
44.5956043956044,-0.6520449897750512,442,182
44.67142857142857,-0.6520449897750512,445,182
44.97472527472527,-0.6520449897750512,457,182
38.934065934065934,-0.65920245398773,218,183
39.00989010989011,-0.65920245398773,221,183
40.678021978021974,-0.65920245398773,287,183
40.753846153846155,-0.65920245398773,290,183
43.68571428571428,-0.65920245398773,406,183
44.57032967032967,-0.65920245398773,441,183
44.646153846153844,-0.65920245398773,444,183
44.949450549450546,-0.65920245398773,456,183
45.02527472527473,-0.65920245398773,459,183
36.785714285714285,-0.6663599182004091,133,184
38.934065934065934,-0.6663599182004091,218,184
39.00989010989011,-0.6663599182004091,221,184
40.678021978021974,-0.6663599182004091,287,184
40.753846153846155,-0.6663599182004091,290,184
43.68571428571428,-0.6663599182004091,406,184
44.26703296703297,-0.6663599182004091,429,184
44.34285714285714,-0.6663599182004091,432,184
44.5956043956044,-0.6663599182004091,442,184
44.67142857142857,-0.6663599182004091,445,184
44.97472527472527,-0.6663599182004091,457,184
46.137362637362635,-0.6663599182004091,503,184
46.213186813186816,-0.6663599182004091,506,184
50.66153846153846,-0.6663599182004091,682,184
50.73736263736264,-0.6663599182004091,685,184
36.785714285714285,-0.6735173824130879,133,185
40.652747252747254,-0.6735173824130879,286,185
40.72857142857143,-0.6735173824130879,289,185
43.660439560439556,-0.6735173824130879,405,185
43.73626373626374,-0.6735173824130879,408,185
44.317582417582415,-0.6735173824130879,431,185
44.57032967032967,-0.6735173824130879,441,185
44.646153846153844,-0.6735173824130879,444,185
44.949450549450546,-0.6735173824130879,456,185
45.02527472527473,-0.6735173824130879,459,185
45.58131868131868,-0.6735173824130879,481,185
46.137362637362635,-0.6735173824130879,503,185
46.213186813186816,-0.6735173824130879,506,185
50.66153846153846,-0.6735173824130879,682,185
50.73736263736264,-0.6735173824130879,685,185
51.293406593406594,-0.6735173824130879,707,185
36.73516483516483,-0.6806748466257669,131,186
36.81098901098901,-0.6806748466257669,134,186
40.678021978021974,-0.6806748466257669,287,186
40.753846153846155,-0.6806748466257669,290,186
43.68571428571428,-0.6806748466257669,406,186
44.26703296703297,-0.6806748466257669,429,186
44.34285714285714,-0.6806748466257669,432,186
44.5956043956044,-0.6806748466257669,442,186
44.67142857142857,-0.6806748466257669,445,186
45.58131868131868,-0.6806748466257669,481,186
46.137362637362635,-0.6806748466257669,503,186
46.213186813186816,-0.6806748466257669,506,186
46.440659340659344,-0.6806748466257669,515,186
46.51648351648352,-0.6806748466257669,518,186
50.68681318681319,-0.6806748466257669,683,186
51.24285714285715,-0.6806748466257669,705,186
51.31868131868132,-0.6806748466257669,708,186
36.76043956043956,-0.687832310838446,132,187
36.83626373626373,-0.687832310838446,135,187
40.7032967032967,-0.687832310838446,288,187
43.63516483516484,-0.687832310838446,404,187
43.71098901098901,-0.687832310838446,407,187
44.292307692307695,-0.687832310838446,430,187
44.36813186813187,-0.687832310838446,433,187
45.58131868131868,-0.687832310838446,481,187
46.112087912087915,-0.687832310838446,502,187
46.18791208791209,-0.687832310838446,505,187
46.41538461538462,-0.687832310838446,514,187
46.49120879120879,-0.687832310838446,517,187
47.401098901098905,-0.687832310838446,553,187
47.47692307692308,-0.687832310838446,556,187
50.68681318681319,-0.687832310838446,683,187
51.24285714285715,-0.687832310838446,705,187
51.31868131868132,-0.687832310838446,708,187
52.0010989010989,-0.687832310838446,735,187
52.07692307692308,-0.687832310838446,738,187
36.785714285714285,-0.6949897750511248,133,188
44.26703296703297,-0.6949897750511248,429,188
44.34285714285714,-0.6949897750511248,432,188
45.55604395604396,-0.6949897750511248,480,188
45.63186813186813,-0.6949897750511248,483,188
46.137362637362635,-0.6949897750511248,503,188
46.213186813186816,-0.6949897750511248,506,188
46.440659340659344,-0.6949897750511248,515,188
46.51648351648352,-0.6949897750511248,518,188
47.426373626373625,-0.6949897750511248,554,188
50.636263736263736,-0.6949897750511248,681,188
50.71208791208791,-0.6949897750511248,684,188
51.268131868131874,-0.6949897750511248,706,188
51.34395604395605,-0.6949897750511248,709,188
52.026373626373626,-0.6949897750511248,736,188
43.887912087912085,-0.7021472392638036,414,189
43.963736263736266,-0.7021472392638036,417,189
44.03956043956044,-0.7021472392638036,420,189
45.53076923076923,-0.7021472392638036,479,189
45.606593406593404,-0.7021472392638036,482,189
46.112087912087915,-0.7021472392638036,502,189
46.18791208791209,-0.7021472392638036,505,189
46.440659340659344,-0.7021472392638036,515,189
46.51648351648352,-0.7021472392638036,518,189
47.426373626373625,-0.7021472392638036,554,189
51.24285714285715,-0.7021472392638036,705,189
51.31868131868132,-0.7021472392638036,708,189
52.0010989010989,-0.7021472392638036,735,189
52.07692307692308,-0.7021472392638036,738,189
39.43956043956044,-0.7093047034764827,238,190
43.887912087912085,-0.7093047034764827,414,190
43.963736263736266,-0.7093047034764827,417,190
44.03956043956044,-0.7093047034764827,420,190
46.08681318681319,-0.7093047034764827,501,190
46.16263736263736,-0.7093047034764827,504,190
46.440659340659344,-0.7093047034764827,515,190
46.51648351648352,-0.7093047034764827,518,190
46.61758241758242,-0.7093047034764827,522,190
47.37582417582418,-0.7093047034764827,552,190
47.45164835164835,-0.7093047034764827,555,190
51.11648351648352,-0.7093047034764827,700,190
51.19230769230769,-0.7093047034764827,703,190
52.026373626373626,-0.7093047034764827,736,190
38.63076923076923,-0.7164621676891615,206,191
38.706593406593406,-0.7164621676891615,209,191
39.41428571428571,-0.7164621676891615,237,191
39.49010989010989,-0.7164621676891615,240,191
43.93846153846154,-0.7164621676891615,416,191
44.01428571428571,-0.7164621676891615,419,191
44.090109890109886,-0.7164621676891615,422,191
46.137362637362635,-0.7164621676891615,503,191
46.56703296703297,-0.7164621676891615,520,191
46.642857142857146,-0.7164621676891615,523,191
47.401098901098905,-0.7164621676891615,553,191
47.47692307692308,-0.7164621676891615,556,191
48.08351648351648,-0.7164621676891615,580,191
51.09120879120879,-0.7164621676891615,699,191
51.167032967032966,-0.7164621676891615,702,191
52.0010989010989,-0.7164621676891615,735,191
52.07692307692308,-0.7164621676891615,738,191
38.68131868131868,-0.7236196319018405,208,192
39.389010989010984,-0.7236196319018405,236,192
39.464835164835165,-0.7236196319018405,239,192
42.19450549450549,-0.7236196319018405,347,192
42.27032967032967,-0.7236196319018405,350,192
43.93846153846154,-0.7236196319018405,416,192
44.01428571428571,-0.7236196319018405,419,192
44.090109890109886,-0.7236196319018405,422,192
44.8989010989011,-0.7236196319018405,454,192
46.08681318681319,-0.7236196319018405,501,192
46.16263736263736,-0.7236196319018405,504,192
46.59230769230769,-0.7236196319018405,521,192
46.668131868131866,-0.7236196319018405,524,192
48.08351648351648,-0.7236196319018405,580,192
51.09120879120879,-0.7236196319018405,699,192
51.167032967032966,-0.7236196319018405,702,192
38.65604395604395,-0.7307770961145196,207,193
38.73186813186813,-0.7307770961145196,210,193
39.43956043956044,-0.7307770961145196,238,193
42.169230769230765,-0.7307770961145196,346,193
42.245054945054946,-0.7307770961145196,349,193
43.30659340659341,-0.7307770961145196,391,193
43.38241758241758,-0.7307770961145196,394,193
43.93846153846154,-0.7307770961145196,416,193
44.01428571428571,-0.7307770961145196,419,193
44.090109890109886,-0.7307770961145196,422,193
44.8989010989011,-0.7307770961145196,454,193
46.56703296703297,-0.7307770961145196,520,193
46.642857142857146,-0.7307770961145196,523,193
48.032967032967036,-0.7307770961145196,578,193
48.10879120879121,-0.7307770961145196,581,193
51.11648351648352,-0.7307770961145196,700,193
51.19230769230769,-0.7307770961145196,703,193
52.986813186813194,-0.7307770961145196,774,193
38.63076923076923,-0.7379345603271984,206,194
38.706593406593406,-0.7379345603271984,209,194
39.41428571428571,-0.7379345603271984,237,194
39.49010989010989,-0.7379345603271984,240,194
41.082417582417584,-0.7379345603271984,303,194
42.169230769230765,-0.7379345603271984,346,194
42.245054945054946,-0.7379345603271984,349,194
43.30659340659341,-0.7379345603271984,391,194
43.38241758241758,-0.7379345603271984,394,194
44.01428571428571,-0.7379345603271984,419,194
44.090109890109886,-0.7379345603271984,422,194
44.8989010989011,-0.7379345603271984,454,194
46.56703296703297,-0.7379345603271984,520,194
46.642857142857146,-0.7379345603271984,523,194
46.81978021978022,-0.7379345603271984,530,194
46.895604395604394,-0.7379345603271984,533,194
47.04725274725275,-0.7379345603271984,539,194
48.00769230769231,-0.7379345603271984,577,194
48.08351648351648,-0.7379345603271984,580,194
50.68681318681319,-0.7379345603271984,683,194
50.76263736263736,-0.7379345603271984,686,194
51.11648351648352,-0.7379345603271984,700,194
51.19230769230769,-0.7379345603271984,703,194
52.986813186813194,-0.7379345603271984,774,194
38.63076923076923,-0.7450920245398774,206,195
38.706593406593406,-0.7450920245398774,209,195
39.43956043956044,-0.7450920245398774,238,195
39.51538461538461,-0.7450920245398774,241,195
41.082417582417584,-0.7450920245398774,303,195
42.169230769230765,-0.7450920245398774,346,195
42.245054945054946,-0.7450920245398774,349,195
43.30659340659341,-0.7450920245398774,391,195
43.38241758241758,-0.7450920245398774,394,195
44.03956043956044,-0.7450920245398774,420,195
44.848351648351645,-0.7450920245398774,452,195
44.924175824175826,-0.7450920245398774,455,195
45.75824175824176,-0.7450920245398774,488,195
45.83406593406593,-0.7450920245398774,491,195
46.84505494505495,-0.7450920245398774,531,195
46.996703296703295,-0.7450920245398774,537,195
47.072527472527476,-0.7450920245398774,540,195
48.032967032967036,-0.7450920245398774,578,195
48.10879120879121,-0.7450920245398774,581,195
50.71208791208791,-0.7450920245398774,684,195
50.78791208791209,-0.7450920245398774,687,195
50.863736263736264,-0.7450920245398774,690,195
51.900000000000006,-0.7450920245398774,731,195
51.97582417582418,-0.7450920245398774,734,195
52.986813186813194,-0.7450920245398774,774,195
39.41428571428571,-0.7522494887525563,237,196
39.49010989010989,-0.7522494887525563,240,196
40.9054945054945,-0.7522494887525563,296,196
40.98131868131868,-0.7522494887525563,299,196
41.05714285714286,-0.7522494887525563,302,196
41.13296703296703,-0.7522494887525563,305,196
42.21978021978022,-0.7522494887525563,348,196
43.28131868131868,-0.7522494887525563,390,196
43.357142857142854,-0.7522494887525563,393,196
44.01428571428571,-0.7522494887525563,419,196
44.090109890109886,-0.7522494887525563,422,196
44.8989010989011,-0.7522494887525563,454,196
45.73296703296703,-0.7522494887525563,487,196
45.808791208791206,-0.7522494887525563,490,196
46.81978021978022,-0.7522494887525563,530,196
46.895604395604394,-0.7522494887525563,533,196
47.04725274725275,-0.7522494887525563,539,196
48.00769230769231,-0.7522494887525563,577,196
48.08351648351648,-0.7522494887525563,580,196
50.71208791208791,-0.7522494887525563,684,196
50.78791208791209,-0.7522494887525563,687,196
50.863736263736264,-0.7522494887525563,690,196
51.900000000000006,-0.7522494887525563,731,196
51.97582417582418,-0.7522494887525563,734,196
52.986813186813194,-0.7522494887525563,774,196
39.41428571428571,-0.7594069529652351,237,197
39.49010989010989,-0.7594069529652351,240,197
40.55164835164835,-0.7594069529652351,282,197
40.62747252747253,-0.7594069529652351,285,197
40.93076923076923,-0.7594069529652351,297,197
41.0065934065934,-0.7594069529652351,300,197
41.082417582417584,-0.7594069529652351,303,197
43.28131868131868,-0.7594069529652351,390,197
43.357142857142854,-0.7594069529652351,393,197
44.01428571428571,-0.7594069529652351,419,197
44.090109890109886,-0.7594069529652351,422,197
45.55604395604396,-0.7594069529652351,480,197
45.73296703296703,-0.7594069529652351,487,197
45.808791208791206,-0.7594069529652351,490,197
46.59230769230769,-0.7594069529652351,521,197
46.668131868131866,-0.7594069529652351,524,197
46.84505494505495,-0.7594069529652351,531,197
46.996703296703295,-0.7594069529652351,537,197
47.072527472527476,-0.7594069529652351,540,197
48.032967032967036,-0.7594069529652351,578,197
48.10879120879121,-0.7594069529652351,581,197
50.73736263736264,-0.7594069529652351,685,197
50.81318681318682,-0.7594069529652351,688,197
50.88901098901099,-0.7594069529652351,691,197
51.92527472527473,-0.7594069529652351,732,197
52.93626373626374,-0.7594069529652351,772,197
53.012087912087914,-0.7594069529652351,775,197
38.504395604395604,-0.7665644171779141,201,198
38.58021978021978,-0.7665644171779141,204,198
39.464835164835165,-0.7665644171779141,239,198
40.526373626373626,-0.7665644171779141,281,198
40.6021978021978,-0.7665644171779141,284,198
40.9054945054945,-0.7665644171779141,296,198
40.98131868131868,-0.7665644171779141,299,198
41.05714285714286,-0.7665644171779141,302,198
41.13296703296703,-0.7665644171779141,305,198
45.55604395604396,-0.7665644171779141,480,198
45.73296703296703,-0.7665644171779141,487,198
45.808791208791206,-0.7665644171779141,490,198
46.59230769230769,-0.7665644171779141,521,198
46.668131868131866,-0.7665644171779141,524,198
46.84505494505495,-0.7665644171779141,531,198
46.996703296703295,-0.7665644171779141,537,198
47.072527472527476,-0.7665644171779141,540,198
50.71208791208791,-0.7665644171779141,684,198
50.78791208791209,-0.7665644171779141,687,198
50.863736263736264,-0.7665644171779141,690,198
51.900000000000006,-0.7665644171779141,731,198
51.97582417582418,-0.7665644171779141,734,198
38.529670329670324,-0.7737218813905932,202,199
39.41428571428571,-0.7737218813905932,237,199
39.49010989010989,-0.7737218813905932,240,199
40.55164835164835,-0.7737218813905932,282,199
40.62747252747253,-0.7737218813905932,285,199
40.93076923076923,-0.7737218813905932,297,199
45.505494505494504,-0.7737218813905932,478,199
45.58131868131868,-0.7737218813905932,481,199
45.75824175824176,-0.7737218813905932,488,199
45.83406593406593,-0.7737218813905932,491,199
46.61758241758242,-0.7737218813905932,522,199
50.78791208791209,-0.7737218813905932,687,199
50.863736263736264,-0.7737218813905932,690,199
51.900000000000006,-0.7737218813905932,731,199
51.97582417582418,-0.7737218813905932,734,199
38.3021978021978,-0.780879345603272,193,200
38.47912087912088,-0.780879345603272,200,200
38.55494505494505,-0.780879345603272,203,200
40.55164835164835,-0.780879345603272,282,200
40.62747252747253,-0.780879345603272,285,200
40.93076923076923,-0.780879345603272,297,200
45.505494505494504,-0.780879345603272,478,200
45.58131868131868,-0.780879345603272,481,200
46.59230769230769,-0.780879345603272,521,200
46.668131868131866,-0.780879345603272,524,200
47.14835164835165,-0.780879345603272,543,200
51.34395604395605,-0.780879345603272,709,200
51.41978021978022,-0.780879345603272,712,200
38.276923076923076,-0.788036809815951,192,201
38.35274725274725,-0.788036809815951,195,201
38.529670329670324,-0.788036809815951,202,201
40.526373626373626,-0.788036809815951,281,201
40.6021978021978,-0.788036809815951,284,201
42.042857142857144,-0.788036809815951,341,201
42.11868131868132,-0.788036809815951,344,201
44.823076923076925,-0.788036809815951,451,201
45.505494505494504,-0.788036809815951,478,201
45.58131868131868,-0.788036809815951,481,201
46.59230769230769,-0.788036809815951,521,201
46.668131868131866,-0.788036809815951,524,201
47.14835164835165,-0.788036809815951,543,201
48.462637362637366,-0.788036809815951,595,201
48.53846153846154,-0.788036809815951,598,201
51.36923076923077,-0.788036809815951,710,201
51.44505494505495,-0.788036809815951,713,201
38.3021978021978,-0.7951942740286299,193,202
38.47912087912088,-0.7951942740286299,200,202
38.55494505494505,-0.7951942740286299,203,202
42.042857142857144,-0.7951942740286299,341,202
42.11868131868132,-0.7951942740286299,344,202
42.472527472527474,-0.7951942740286299,358,202
44.77252747252747,-0.7951942740286299,449,202
44.848351648351645,-0.7951942740286299,452,202
47.12307692307692,-0.7951942740286299,542,202
47.1989010989011,-0.7951942740286299,545,202
48.51318681318681,-0.7951942740286299,597,202
51.34395604395605,-0.7951942740286299,709,202
51.41978021978022,-0.7951942740286299,712,202
37.19010989010989,-0.8023517382413089,149,203
37.26593406593406,-0.8023517382413089,152,203
38.3021978021978,-0.8023517382413089,193,203
42.01758241758242,-0.8023517382413089,340,203
42.09340659340659,-0.8023517382413089,343,203
42.44725274725275,-0.8023517382413089,357,203
42.52307692307692,-0.8023517382413089,360,203
44.494505494505496,-0.8023517382413089,438,203
44.77252747252747,-0.8023517382413089,449,203
44.848351648351645,-0.8023517382413089,452,203
46.79450549450549,-0.8023517382413089,529,203
46.87032967032967,-0.8023517382413089,532,203
47.14835164835165,-0.8023517382413089,543,203
48.462637362637366,-0.8023517382413089,595,203
48.53846153846154,-0.8023517382413089,598,203
51.36923076923077,-0.8023517382413089,710,203
51.44505494505495,-0.8023517382413089,713,203
51.74835164835165,-0.8023517382413089,725,203
37.16483516483516,-0.8095092024539877,148,204
37.24065934065934,-0.8095092024539877,151,204
38.276923076923076,-0.8095092024539877,192,204
38.35274725274725,-0.8095092024539877,195,204
38.42857142857142,-0.8095092024539877,198,204
42.01758241758242,-0.8095092024539877,340,204
42.09340659340659,-0.8095092024539877,343,204
42.44725274725275,-0.8095092024539877,357,204
42.52307692307692,-0.8095092024539877,360,204
44.494505494505496,-0.8095092024539877,438,204
44.77252747252747,-0.8095092024539877,449,204
44.848351648351645,-0.8095092024539877,452,204
46.79450549450549,-0.8095092024539877,529,204
46.87032967032967,-0.8095092024539877,532,204
47.14835164835165,-0.8095092024539877,543,204
48.462637362637366,-0.8095092024539877,595,204
48.53846153846154,-0.8095092024539877,598,204
49.3978021978022,-0.8095092024539877,632,204
49.473626373626374,-0.8095092024539877,635,204
51.394505494505495,-0.8095092024539877,711,204
51.697802197802204,-0.8095092024539877,723,204
51.77362637362638,-0.8095092024539877,726,204
53.214285714285715,-0.8095092024539877,783,204
53.29010989010989,-0.8095092024539877,786,204
37.215384615384615,-0.8166666666666665,150,205
38.074725274725274,-0.8166666666666665,184,205
38.15054945054945,-0.8166666666666665,187,205
38.403296703296704,-0.8166666666666665,197,205
38.47912087912088,-0.8166666666666665,200,205
42.068131868131864,-0.8166666666666665,342,205
42.42197802197802,-0.8166666666666665,356,205
42.497802197802194,-0.8166666666666665,359,205
44.24175824175824,-0.8166666666666665,428,205
44.317582417582415,-0.8166666666666665,431,205
44.494505494505496,-0.8166666666666665,438,205
44.77252747252747,-0.8166666666666665,449,205
44.848351648351645,-0.8166666666666665,452,205
46.79450549450549,-0.8166666666666665,529,205
46.87032967032967,-0.8166666666666665,532,205
48.51318681318681,-0.8166666666666665,597,205
49.37252747252747,-0.8166666666666665,631,205
49.44835164835165,-0.8166666666666665,634,205
51.723076923076924,-0.8166666666666665,724,205
51.7989010989011,-0.8166666666666665,727,205
53.23956043956044,-0.8166666666666665,784,205
37.16483516483516,-0.8238241308793456,148,206
37.24065934065934,-0.8238241308793456,151,206
38.099999999999994,-0.8238241308793456,185,206
38.175824175824175,-0.8238241308793456,188,206
38.42857142857142,-0.8238241308793456,198,206
39.59120879120879,-0.8238241308793456,244,206
39.667032967032966,-0.8238241308793456,247,206
42.44725274725275,-0.8238241308793456,357,206
42.52307692307692,-0.8238241308793456,360,206
44.26703296703297,-0.8238241308793456,429,206
44.44395604395604,-0.8238241308793456,436,206
44.519780219780216,-0.8238241308793456,439,206
45.02527472527473,-0.8238241308793456,459,206
45.1010989010989,-0.8238241308793456,462,206
46.81978021978022,-0.8238241308793456,530,206
49.37252747252747,-0.8238241308793456,631,206
49.44835164835165,-0.8238241308793456,634,206
50.535164835164835,-0.8238241308793456,677,206
50.610989010989016,-0.8238241308793456,680,206
51.74835164835165,-0.8238241308793456,725,206
52.05164835164835,-0.8238241308793456,737,206
52.127472527472534,-0.8238241308793456,740,206
53.214285714285715,-0.8238241308793456,783,206
53.29010989010989,-0.8238241308793456,786,206
37.215384615384615,-0.8309815950920246,150,207
38.074725274725274,-0.8309815950920246,184,207
38.15054945054945,-0.8309815950920246,187,207
38.403296703296704,-0.8309815950920246,197,207
38.47912087912088,-0.8309815950920246,200,207
39.64175824175824,-0.8309815950920246,246,207
44.216483516483514,-0.8309815950920246,427,207
44.292307692307695,-0.8309815950920246,430,207
44.46923076923077,-0.8309815950920246,437,207
44.54505494505494,-0.8309815950920246,440,207
45.050549450549454,-0.8309815950920246,460,207
46.769230769230774,-0.8309815950920246,528,207
46.84505494505495,-0.8309815950920246,531,207
49.3978021978022,-0.8309815950920246,632,207
49.473626373626374,-0.8309815950920246,635,207
50.56043956043956,-0.8309815950920246,678,207
51.697802197802204,-0.8309815950920246,723,207
51.77362637362638,-0.8309815950920246,726,207
52.07692307692308,-0.8309815950920246,738,207
52.152747252747254,-0.8309815950920246,741,207
52.83516483516484,-0.8309815950920246,768,207
53.189010989010995,-0.8309815950920246,782,207
53.26483516483516,-0.8309815950920246,785,207
38.099999999999994,-0.8381390593047034,185,208
38.175824175824175,-0.8381390593047034,188,208
38.42857142857142,-0.8381390593047034,198,208
39.59120879120879,-0.8381390593047034,244,208
39.667032967032966,-0.8381390593047034,247,208
44.24175824175824,-0.8381390593047034,428,208
44.317582417582415,-0.8381390593047034,431,208
45.050549450549454,-0.8381390593047034,460,208
47.072527472527476,-0.8381390593047034,540,208
47.14835164835165,-0.8381390593047034,543,208
47.830769230769235,-0.8381390593047034,570,208
47.90659340659341,-0.8381390593047034,573,208
48.96813186813187,-0.8381390593047034,615,208
49.37252747252747,-0.8381390593047034,631,208
49.44835164835165,-0.8381390593047034,634,208
50.535164835164835,-0.8381390593047034,677,208
50.610989010989016,-0.8381390593047034,680,208
52.10219780219781,-0.8381390593047034,739,208
52.78461538461539,-0.8381390593047034,766,208
52.86043956043956,-0.8381390593047034,769,208
53.214285714285715,-0.8381390593047034,783,208
53.29010989010989,-0.8381390593047034,786,208
38.12527472527472,-0.8452965235173825,186,209
39.59120879120879,-0.8452965235173825,244,209
39.667032967032966,-0.8452965235173825,247,209
44.24175824175824,-0.8452965235173825,428,209
44.317582417582415,-0.8452965235173825,431,209
44.72197802197802,-0.8452965235173825,447,209
45.0,-0.8452965235173825,458,209
45.075824175824174,-0.8452965235173825,461,209
47.097802197802196,-0.8452965235173825,541,209
47.17362637362638,-0.8452965235173825,544,209
47.856043956043955,-0.8452965235173825,571,209
48.91758241758242,-0.8452965235173825,613,209
48.9934065934066,-0.8452965235173825,616,209
50.535164835164835,-0.8452965235173825,677,209
50.610989010989016,-0.8452965235173825,680,209
52.10219780219781,-0.8452965235173825,739,209
52.63296703296703,-0.8452965235173825,760,209
52.70879120879121,-0.8452965235173825,763,209
52.78461538461539,-0.8452965235173825,766,209
52.86043956043956,-0.8452965235173825,769,209
38.099999999999994,-0.8524539877300615,185,210
39.61648351648351,-0.8524539877300615,245,210
39.69230769230769,-0.8524539877300615,248,210
40.779120879120875,-0.8524539877300615,291,210
41.05714285714286,-0.8524539877300615,302,210
41.13296703296703,-0.8524539877300615,305,210
44.6967032967033,-0.8524539877300615,446,210
44.77252747252747,-0.8524539877300615,449,210
45.050549450549454,-0.8524539877300615,460,210
47.072527472527476,-0.8524539877300615,540,210
47.14835164835165,-0.8524539877300615,543,210
47.830769230769235,-0.8524539877300615,570,210
47.90659340659341,-0.8524539877300615,573,210
48.96813186813187,-0.8524539877300615,615,210
50.50989010989011,-0.8524539877300615,676,210
50.58571428571429,-0.8524539877300615,679,210
51.41978021978022,-0.8524539877300615,712,210
52.10219780219781,-0.8524539877300615,739,210
52.63296703296703,-0.8524539877300615,760,210
52.70879120879121,-0.8524539877300615,763,210
52.78461538461539,-0.8524539877300615,766,210
52.86043956043956,-0.8524539877300615,769,210
38.04945054945055,-0.8596114519427404,183,211
38.12527472527472,-0.8596114519427404,186,211
40.779120879120875,-0.8596114519427404,291,211
41.05714285714286,-0.8596114519427404,302,211
41.13296703296703,-0.8596114519427404,305,211
42.042857142857144,-0.8596114519427404,341,211
42.11868131868132,-0.8596114519427404,344,211
43.71098901098901,-0.8596114519427404,407,211
44.67142857142857,-0.8596114519427404,445,211
44.747252747252745,-0.8596114519427404,448,211
46.440659340659344,-0.8596114519427404,515,211
46.51648351648352,-0.8596114519427404,518,211
47.12307692307692,-0.8596114519427404,542,211
47.80549450549451,-0.8596114519427404,569,211
47.88131868131868,-0.8596114519427404,572,211
48.94285714285714,-0.8596114519427404,614,211
49.01868131868132,-0.8596114519427404,617,211
51.394505494505495,-0.8596114519427404,711,211
51.470329670329676,-0.8596114519427404,714,211
52.683516483516485,-0.8596114519427404,762,211
52.759340659340666,-0.8596114519427404,765,211
52.83516483516484,-0.8596114519427404,768,211
38.02417582417582,-0.8667689161554192,182,212
38.099999999999994,-0.8667689161554192,185,212
40.450549450549445,-0.8667689161554192,278,212
40.526373626373626,-0.8667689161554192,281,212
40.779120879120875,-0.8667689161554192,291,212
41.05714285714286,-0.8667689161554192,302,212
41.13296703296703,-0.8667689161554192,305,212
42.042857142857144,-0.8667689161554192,341,212
42.11868131868132,-0.8667689161554192,344,212
43.71098901098901,-0.8667689161554192,407,212
44.44395604395604,-0.8667689161554192,436,212
44.519780219780216,-0.8667689161554192,439,212
44.6967032967033,-0.8667689161554192,446,212
44.77252747252747,-0.8667689161554192,449,212
46.465934065934064,-0.8667689161554192,516,212
47.072527472527476,-0.8667689161554192,540,212
47.14835164835165,-0.8667689161554192,543,212
47.830769230769235,-0.8667689161554192,570,212
47.90659340659341,-0.8667689161554192,573,212
48.816483516483515,-0.8667689161554192,609,212
48.91758241758242,-0.8667689161554192,613,212
48.9934065934066,-0.8667689161554192,616,212
51.36923076923077,-0.8667689161554192,710,212
51.44505494505495,-0.8667689161554192,713,212
52.65824175824176,-0.8667689161554192,761,212
52.73406593406594,-0.8667689161554192,764,212
38.074725274725274,-0.873926380368098,184,213
40.425274725274726,-0.873926380368098,277,213
40.5010989010989,-0.873926380368098,280,213
40.753846153846155,-0.873926380368098,290,213
40.82967032967033,-0.873926380368098,293,213
41.107692307692304,-0.873926380368098,304,213
42.01758241758242,-0.873926380368098,340,213
42.09340659340659,-0.873926380368098,343,213
43.68571428571428,-0.873926380368098,406,213
43.761538461538464,-0.873926380368098,409,213
44.494505494505496,-0.873926380368098,438,213
44.67142857142857,-0.873926380368098,445,213
44.747252747252745,-0.873926380368098,448,213
46.440659340659344,-0.873926380368098,515,213
46.51648351648352,-0.873926380368098,518,213
48.816483516483515,-0.873926380368098,609,213
51.34395604395605,-0.873926380368098,709,213
51.41978021978022,-0.873926380368098,712,213
52.63296703296703,-0.873926380368098,760,213
52.70879120879121,-0.873926380368098,763,213
38.04945054945055,-0.881083844580777,183,214
38.12527472527472,-0.881083844580777,186,214
40.47582417582417,-0.881083844580777,279,214
40.72857142857143,-0.881083844580777,289,214
40.8043956043956,-0.881083844580777,292,214
41.082417582417584,-0.881083844580777,303,214
41.15824175824176,-0.881083844580777,306,214
42.068131868131864,-0.881083844580777,342,214
43.660439560439556,-0.881083844580777,405,214
43.73626373626374,-0.881083844580777,408,214
44.46923076923077,-0.881083844580777,437,214
44.54505494505494,-0.881083844580777,440,214
45.78351648351648,-0.881083844580777,489,214
46.41538461538462,-0.881083844580777,514,214
46.49120879120879,-0.881083844580777,517,214
48.791208791208796,-0.881083844580777,608,214
48.86703296703297,-0.881083844580777,611,214
51.394505494505495,-0.881083844580777,711,214
51.470329670329676,-0.881083844580777,714,214
38.074725274725274,-0.8882413087934561,184,215
40.425274725274726,-0.8882413087934561,277,215
40.5010989010989,-0.8882413087934561,280,215
42.042857142857144,-0.8882413087934561,341,215
42.11868131868132,-0.8882413087934561,344,215
43.71098901098901,-0.8882413087934561,407,215
44.44395604395604,-0.8882413087934561,436,215
44.519780219780216,-0.8882413087934561,439,215
45.75824175824176,-0.8882413087934561,488,215
45.83406593406593,-0.8882413087934561,491,215
46.465934065934064,-0.8882413087934561,516,215
48.76593406593407,-0.8882413087934561,607,215
48.84175824175824,-0.8882413087934561,610,215
51.36923076923077,-0.8882413087934561,710,215
51.44505494505495,-0.8882413087934561,713,215
40.450549450549445,-0.8953987730061349,278,216
40.526373626373626,-0.8953987730061349,281,216
44.494505494505496,-0.8953987730061349,438,216
45.73296703296703,-0.8953987730061349,487,216
45.808791208791206,-0.8953987730061349,490,216
48.791208791208796,-0.8953987730061349,608,216
48.86703296703297,-0.8953987730061349,611,216
50.91428571428572,-0.8953987730061349,692,216
51.394505494505495,-0.8953987730061349,711,216
40.55164835164835,-0.902556237218814,282,217
40.62747252747253,-0.902556237218814,285,217
42.62417582417582,-0.902556237218814,364,217
44.6967032967033,-0.902556237218814,446,217
44.77252747252747,-0.902556237218814,449,217
45.75824175824176,-0.902556237218814,488,217
45.83406593406593,-0.902556237218814,491,217
50.91428571428572,-0.902556237218814,692,217
40.526373626373626,-0.909713701431493,281,218
40.6021978021978,-0.909713701431493,284,218
41.79010989010989,-0.909713701431493,331,218
41.86593406593406,-0.909713701431493,334,218
42.42197802197802,-0.909713701431493,356,218
42.573626373626375,-0.909713701431493,362,218
42.64945054945055,-0.909713701431493,365,218
44.57032967032967,-0.909713701431493,441,218
44.646153846153844,-0.909713701431493,444,218
44.747252747252745,-0.909713701431493,448,218
45.73296703296703,-0.909713701431493,487,218
45.808791208791206,-0.909713701431493,490,218
50.88901098901099,-0.909713701431493,691,218
50.964835164835165,-0.909713701431493,694,218
51.21758241758242,-0.909713701431493,704,218
37.973626373626374,-0.9168711656441718,180,219
38.04945054945055,-0.9168711656441718,183,219
40.55164835164835,-0.9168711656441718,282,219
40.62747252747253,-0.9168711656441718,285,219
41.815384615384616,-0.9168711656441718,332,219
42.371428571428574,-0.9168711656441718,354,219
42.44725274725275,-0.9168711656441718,357,219
42.598901098901095,-0.9168711656441718,363,219
42.674725274725276,-0.9168711656441718,366,219
44.5956043956044,-0.9168711656441718,442,219
44.67142857142857,-0.9168711656441718,445,219
44.747252747252745,-0.9168711656441718,448,219
46.08681318681319,-0.9168711656441718,501,219
46.16263736263736,-0.9168711656441718,504,219
50.88901098901099,-0.9168711656441718,691,219
50.964835164835165,-0.9168711656441718,694,219
51.21758241758242,-0.9168711656441718,704,219
51.293406593406594,-0.9168711656441718,707,219
38.02417582417582,-0.9240286298568509,182,220
39.23736263736264,-0.9240286298568509,230,220
39.31318681318681,-0.9240286298568509,233,220
40.55164835164835,-0.9240286298568509,282,220
40.62747252747253,-0.9240286298568509,285,220
41.815384615384616,-0.9240286298568509,332,220
42.371428571428574,-0.9240286298568509,354,220
42.44725274725275,-0.9240286298568509,357,220
42.598901098901095,-0.9240286298568509,363,220
42.674725274725276,-0.9240286298568509,366,220
44.5956043956044,-0.9240286298568509,442,220
44.67142857142857,-0.9240286298568509,445,220
44.747252747252745,-0.9240286298568509,448,220
46.08681318681319,-0.9240286298568509,501,220
46.16263736263736,-0.9240286298568509,504,220
47.17362637362638,-0.9240286298568509,544,220
47.24945054945055,-0.9240286298568509,547,220
50.91428571428572,-0.9240286298568509,692,220
51.167032967032966,-0.9240286298568509,702,220
51.24285714285715,-0.9240286298568509,705,220
51.31868131868132,-0.9240286298568509,708,220
38.02417582417582,-0.9311860940695297,182,221
39.23736263736264,-0.9311860940695297,230,221
39.31318681318681,-0.9311860940695297,233,221
40.55164835164835,-0.9311860940695297,282,221
40.62747252747253,-0.9311860940695297,285,221
41.815384615384616,-0.9311860940695297,332,221
42.371428571428574,-0.9311860940695297,354,221
42.44725274725275,-0.9311860940695297,357,221
42.598901098901095,-0.9311860940695297,363,221
42.674725274725276,-0.9311860940695297,366,221
44.5956043956044,-0.9311860940695297,442,221
44.6967032967033,-0.9311860940695297,446,221
44.77252747252747,-0.9311860940695297,449,221
46.112087912087915,-0.9311860940695297,502,221
46.18791208791209,-0.9311860940695297,505,221
47.1989010989011,-0.9311860940695297,545,221
51.167032967032966,-0.9311860940695297,702,221
51.24285714285715,-0.9311860940695297,705,221
51.31868131868132,-0.9311860940695297,708,221
37.998901098901094,-0.9383435582822085,181,222
38.074725274725274,-0.9383435582822085,184,222
39.28791208791208,-0.9383435582822085,232,222
41.76483516483516,-0.9383435582822085,330,222
41.84065934065934,-0.9383435582822085,333,222
42.39670329670329,-0.9383435582822085,355,222
42.472527472527474,-0.9383435582822085,358,222
44.5956043956044,-0.9383435582822085,442,222
46.08681318681319,-0.9383435582822085,501,222
46.16263736263736,-0.9383435582822085,504,222
47.17362637362638,-0.9383435582822085,544,222
47.24945054945055,-0.9383435582822085,547,222
51.21758241758242,-0.9383435582822085,704,222
51.293406593406594,-0.9383435582822085,707,222
37.973626373626374,-0.9455010224948875,180,223
38.04945054945055,-0.9455010224948875,183,223
39.26263736263736,-0.9455010224948875,231,223
39.33846153846154,-0.9455010224948875,234,223
46.137362637362635,-0.9455010224948875,503,223
47.14835164835165,-0.9455010224948875,543,223
47.22417582417582,-0.9455010224948875,546,223
50.78791208791209,-0.9455010224948875,687,223
50.863736263736264,-0.9455010224948875,690,223
51.24285714285715,-0.9455010224948875,705,223
51.31868131868132,-0.9455010224948875,708,223
39.26263736263736,-0.9526584867075664,231,224
39.33846153846154,-0.9526584867075664,234,224
47.02197802197802,-0.9526584867075664,538,224
47.14835164835165,-0.9526584867075664,543,224
47.22417582417582,-0.9526584867075664,546,224
50.78791208791209,-0.9526584867075664,687,224
50.863736263736264,-0.9526584867075664,690,224
51.268131868131874,-0.9526584867075664,706,224
46.971428571428575,-0.9598159509202454,536,225
47.04725274725275,-0.9598159509202454,539,225
50.78791208791209,-0.9598159509202454,687,225
50.863736263736264,-0.9598159509202454,690,225
51.293406593406594,-0.9598159509202454,707,225
51.36923076923077,-0.9598159509202454,710,225
43.50879120879121,-0.9669734151329245,399,226
43.58461538461538,-0.9669734151329245,402,226
46.996703296703295,-0.9669734151329245,537,226
47.072527472527476,-0.9669734151329245,540,226
50.81318681318682,-0.9669734151329245,688,226
50.88901098901099,-0.9669734151329245,691,226
51.36923076923077,-0.9669734151329245,710,226
43.50879120879121,-0.9741308793456033,399,227
43.58461538461538,-0.9741308793456033,402,227
46.996703296703295,-0.9741308793456033,537,227
47.072527472527476,-0.9741308793456033,540,227
50.81318681318682,-0.9741308793456033,688,227
50.88901098901099,-0.9741308793456033,691,227
50.964835164835165,-0.9741308793456033,694,227
51.36923076923077,-0.9741308793456033,710,227
43.50879120879121,-0.9812883435582823,399,228
43.58461538461538,-0.9812883435582823,402,228
46.996703296703295,-0.9812883435582823,537,228
47.072527472527476,-0.9812883435582823,540,228
50.88901098901099,-0.9812883435582823,691,228
50.964835164835165,-0.9812883435582823,694,228
51.36923076923077,-0.9812883435582823,710,228
52.38021978021978,-0.9812883435582823,750,228
52.456043956043956,-0.9812883435582823,753,228
42.52307692307692,-0.9884458077709611,360,229
42.598901098901095,-0.9884458077709611,363,229
43.55934065934066,-0.9884458077709611,401,229
50.863736263736264,-0.9884458077709611,690,229
50.93956043956044,-0.9884458077709611,693,229
51.167032967032966,-0.9884458077709611,702,229
51.24285714285715,-0.9884458077709611,705,229
51.34395604395605,-0.9884458077709611,709,229
51.41978021978022,-0.9884458077709611,712,229
52.43076923076923,-0.9884458077709611,752,229
42.497802197802194,-0.99560327198364,359,230
42.573626373626375,-0.99560327198364,362,230
43.534065934065936,-0.99560327198364,400,230
43.60989010989011,-0.99560327198364,403,230
46.213186813186816,-0.99560327198364,506,230
50.863736263736264,-0.99560327198364,690,230
50.93956043956044,-0.99560327198364,693,230
51.167032967032966,-0.99560327198364,702,230
51.24285714285715,-0.99560327198364,705,230
51.31868131868132,-0.99560327198364,708,230
52.43076923076923,-0.99560327198364,752,230
42.497802197802194,-1.002760736196319,359,231
42.573626373626375,-1.002760736196319,362,231
46.18791208791209,-1.002760736196319,505,231
46.26373626373626,-1.002760736196319,508,231
50.91428571428572,-1.002760736196319,692,231
51.14175824175825,-1.002760736196319,701,231
51.21758241758242,-1.002760736196319,704,231
51.293406593406594,-1.002760736196319,707,231
52.40549450549451,-1.002760736196319,751,231
52.48131868131868,-1.002760736196319,754,231
42.19450549450549,-1.0099182004089982,347,232
42.497802197802194,-1.0099182004089982,359,232
42.573626373626375,-1.0099182004089982,362,232
45.96043956043956,-1.0099182004089982,496,232
46.036263736263734,-1.0099182004089982,499,232
46.213186813186816,-1.0099182004089982,506,232
51.14175824175825,-1.0099182004089982,701,232
51.21758241758242,-1.0099182004089982,704,232
51.293406593406594,-1.0099182004089982,707,232
52.40549450549451,-1.0099182004089982,751,232
52.48131868131868,-1.0099182004089982,754,232
53.214285714285715,-1.0099182004089982,783,232
42.143956043956045,-1.017075664621677,345,233
42.21978021978022,-1.017075664621677,348,233
42.52307692307692,-1.017075664621677,360,233
42.598901098901095,-1.017075664621677,363,233
45.98571428571429,-1.017075664621677,497,233
46.137362637362635,-1.017075664621677,503,233
46.213186813186816,-1.017075664621677,506,233
46.28901098901099,-1.017075664621677,509,233
51.19230769230769,-1.017075664621677,703,233
51.268131868131874,-1.017075664621677,706,233
53.16373626373627,-1.017075664621677,781,233
53.23956043956044,-1.017075664621677,784,233
42.169230769230765,-1.0242331288343558,346,234
42.245054945054946,-1.0242331288343558,349,234
45.98571428571429,-1.0242331288343558,497,234
46.112087912087915,-1.0242331288343558,502,234
46.18791208791209,-1.0242331288343558,505,234
46.26373626373626,-1.0242331288343558,508,234
51.19230769230769,-1.0242331288343558,703,234
51.268131868131874,-1.0242331288343558,706,234
53.16373626373627,-1.0242331288343558,781,234
53.23956043956044,-1.0242331288343558,784,234
42.169230769230765,-1.0313905930470346,346,235
42.245054945054946,-1.0313905930470346,349,235
45.98571428571429,-1.0313905930470346,497,235
46.112087912087915,-1.0313905930470346,502,235
46.18791208791209,-1.0313905930470346,505,235
46.26373626373626,-1.0313905930470346,508,235
52.329670329670336,-1.0313905930470346,748,235
52.40549450549451,-1.0313905930470346,751,235
53.189010989010995,-1.0313905930470346,782,235
53.26483516483516,-1.0313905930470346,785,235
42.19450549450549,-1.0385480572597139,347,236
45.935164835164834,-1.0385480572597139,495,236
46.01098901098901,-1.0385480572597139,498,236
46.137362637362635,-1.0385480572597139,503,236
46.213186813186816,-1.0385480572597139,506,236
46.28901098901099,-1.0385480572597139,509,236
52.35494505494506,-1.0385480572597139,749,236
52.43076923076923,-1.0385480572597139,752,236
53.214285714285715,-1.0385480572597139,783,236
43.68571428571428,-1.0457055214723927,406,237
43.761538461538464,-1.0457055214723927,409,237
46.137362637362635,-1.0457055214723927,503,237
46.213186813186816,-1.0457055214723927,506,237
46.28901098901099,-1.0457055214723927,509,237
47.70439560439561,-1.0457055214723927,565,237
47.78021978021978,-1.0457055214723927,568,237
51.62197802197802,-1.0457055214723927,720,237
52.329670329670336,-1.0457055214723927,748,237
52.40549450549451,-1.0457055214723927,751,237
38.85824175824175,-1.0528629856850715,215,238
38.934065934065934,-1.0528629856850715,218,238
43.73626373626374,-1.0528629856850715,408,238
46.112087912087915,-1.0528629856850715,502,238
46.18791208791209,-1.0528629856850715,505,238
46.26373626373626,-1.0528629856850715,508,238
47.67912087912088,-1.0528629856850715,564,238
47.754945054945054,-1.0528629856850715,567,238
49.72637362637363,-1.0528629856850715,645,238
49.8021978021978,-1.0528629856850715,648,238
51.62197802197802,-1.0528629856850715,720,238
52.329670329670336,-1.0528629856850715,748,238
52.40549450549451,-1.0528629856850715,751,238
38.85824175824175,-1.0600204498977503,215,239
38.934065934065934,-1.0600204498977503,218,239
43.73626373626374,-1.0600204498977503,408,239
46.238461538461536,-1.0600204498977503,507,239
47.70439560439561,-1.0600204498977503,565,239
47.78021978021978,-1.0600204498977503,568,239
49.751648351648356,-1.0600204498977503,646,239
51.57142857142857,-1.0600204498977503,718,239
51.64725274725275,-1.0600204498977503,721,239
52.35494505494506,-1.0600204498977503,749,239
52.43076923076923,-1.0600204498977503,752,239
52.885714285714286,-1.0600204498977503,770,239
38.832967032967034,-1.0671779141104296,214,240
38.90879120879121,-1.0671779141104296,217,240
43.71098901098901,-1.0671779141104296,407,240
43.786813186813184,-1.0671779141104296,410,240
46.238461538461536,-1.0671779141104296,507,240
47.65384615384615,-1.0671779141104296,563,240
47.72967032967033,-1.0671779141104296,566,240
49.7010989010989,-1.0671779141104296,644,240
49.776923076923076,-1.0671779141104296,647,240
51.596703296703296,-1.0671779141104296,719,240
51.67252747252748,-1.0671779141104296,722,240
52.885714285714286,-1.0671779141104296,770,240
38.832967032967034,-1.0743353783231084,214,241
38.90879120879121,-1.0743353783231084,217,241
43.71098901098901,-1.0743353783231084,407,241
43.786813186813184,-1.0743353783231084,410,241
46.238461538461536,-1.0743353783231084,507,241
46.31428571428572,-1.0743353783231084,510,241
47.65384615384615,-1.0743353783231084,563,241
47.72967032967033,-1.0743353783231084,566,241
49.7010989010989,-1.0743353783231084,644,241
49.776923076923076,-1.0743353783231084,647,241
51.596703296703296,-1.0743353783231084,719,241
51.67252747252748,-1.0743353783231084,722,241
52.885714285714286,-1.0743353783231084,770,241
38.832967032967034,-1.0814928425357873,214,242
38.90879120879121,-1.0814928425357873,217,242
46.213186813186816,-1.0814928425357873,506,242
46.28901098901099,-1.0814928425357873,509,242
46.769230769230774,-1.0814928425357873,528,242
46.84505494505495,-1.0814928425357873,531,242
47.65384615384615,-1.0814928425357873,563,242
47.72967032967033,-1.0814928425357873,566,242
49.751648351648356,-1.0814928425357873,646,242
52.83516483516484,-1.0814928425357873,768,242
52.91098901098901,-1.0814928425357873,771,242
44.848351648351645,-1.0886503067484665,452,243
44.924175824175826,-1.0886503067484665,455,243
46.238461538461536,-1.0886503067484665,507,243
46.31428571428572,-1.0886503067484665,510,243
46.79450549450549,-1.0886503067484665,529,243
47.60329670329671,-1.0886503067484665,561,243
47.67912087912088,-1.0886503067484665,564,243
52.86043956043956,-1.0886503067484665,769,243
52.93626373626374,-1.0886503067484665,772,243
44.14065934065934,-1.0958077709611453,424,244
44.823076923076925,-1.0958077709611453,451,244
44.8989010989011,-1.0958077709611453,454,244
46.213186813186816,-1.0958077709611453,506,244
46.28901098901099,-1.0958077709611453,509,244
46.769230769230774,-1.0958077709611453,528,244
46.84505494505495,-1.0958077709611453,531,244
47.65384615384615,-1.0958077709611453,563,244
48.285714285714285,-1.0958077709611453,588,244
48.36153846153846,-1.0958077709611453,591,244
44.11538461538461,-1.1029652351738242,423,245
44.191208791208794,-1.1029652351738242,426,245
44.57032967032967,-1.1029652351738242,441,245
44.823076923076925,-1.1029652351738242,451,245
44.8989010989011,-1.1029652351738242,454,245
46.238461538461536,-1.1029652351738242,507,245
46.31428571428572,-1.1029652351738242,510,245
46.79450549450549,-1.1029652351738242,529,245
47.60329670329671,-1.1029652351738242,561,245
47.67912087912088,-1.1029652351738242,564,245
48.31098901098901,-1.1029652351738242,589,245
48.386813186813185,-1.1029652351738242,592,245
44.14065934065934,-1.110122699386503,424,246
44.519780219780216,-1.110122699386503,439,246
44.5956043956044,-1.110122699386503,442,246
44.823076923076925,-1.110122699386503,451,246
44.8989010989011,-1.110122699386503,454,246
46.769230769230774,-1.110122699386503,528,246
46.84505494505495,-1.110122699386503,531,246
48.33626373626374,-1.110122699386503,590,246
44.090109890109886,-1.1172801635991818,422,247
44.16593406593407,-1.1172801635991818,425,247
44.54505494505494,-1.1172801635991818,440,247
44.620879120879124,-1.1172801635991818,443,247
44.77252747252747,-1.1172801635991818,449,247
44.848351648351645,-1.1172801635991818,452,247
44.924175824175826,-1.1172801635991818,455,247
48.33626373626374,-1.1172801635991818,590,247
44.090109890109886,-1.124437627811861,422,248
44.16593406593407,-1.124437627811861,425,248
44.54505494505494,-1.124437627811861,440,248
44.620879120879124,-1.124437627811861,443,248
44.77252747252747,-1.124437627811861,449,248
44.848351648351645,-1.124437627811861,452,248
46.51648351648352,-1.124437627811861,518,248
48.285714285714285,-1.124437627811861,588,248
48.36153846153846,-1.124437627811861,591,248
43.25604395604395,-1.13159509202454,389,249
43.331868131868134,-1.13159509202454,392,249
44.57032967032967,-1.13159509202454,441,249
44.72197802197802,-1.13159509202454,447,249
44.7978021978022,-1.13159509202454,450,249
46.49120879120879,-1.13159509202454,517,249
46.56703296703297,-1.13159509202454,520,249
43.28131868131868,-1.1387525562372187,390,250
43.68571428571428,-1.1387525562372187,406,250
43.761538461538464,-1.1387525562372187,409,250
44.747252747252745,-1.1387525562372187,448,250
44.823076923076925,-1.1387525562372187,451,250
46.51648351648352,-1.1387525562372187,518,250
43.230769230769226,-1.145910020449898,388,251
43.30659340659341,-1.145910020449898,391,251
43.71098901098901,-1.145910020449898,407,251
43.786813186813184,-1.145910020449898,410,251
44.77252747252747,-1.145910020449898,449,251
46.465934065934064,-1.145910020449898,516,251
46.541758241758245,-1.145910020449898,519,251
48.08351648351648,-1.145910020449898,580,251
48.15934065934066,-1.145910020449898,583,251
49.44835164835165,-1.145910020449898,634,251
43.230769230769226,-1.1530674846625768,388,252
43.30659340659341,-1.1530674846625768,391,252
43.71098901098901,-1.1530674846625768,407,252
43.786813186813184,-1.1530674846625768,410,252
46.18791208791209,-1.1530674846625768,505,252
46.465934065934064,-1.1530674846625768,516,252
46.541758241758245,-1.1530674846625768,519,252
47.70439560439561,-1.1530674846625768,565,252
47.78021978021978,-1.1530674846625768,568,252
48.10879120879121,-1.1530674846625768,581,252
49.3978021978022,-1.1530674846625768,632,252
49.473626373626374,-1.1530674846625768,635,252
43.25604395604395,-1.1602249488752556,389,253
43.331868131868134,-1.1602249488752556,392,253
43.73626373626374,-1.1602249488752556,408,253
46.137362637362635,-1.1602249488752556,503,253
46.213186813186816,-1.1602249488752556,506,253
47.70439560439561,-1.1602249488752556,565,253
47.78021978021978,-1.1602249488752556,568,253
48.08351648351648,-1.1602249488752556,580,253
48.15934065934066,-1.1602249488752556,583,253
49.44835164835165,-1.1602249488752556,634,253
43.68571428571428,-1.1673824130879344,406,254
43.761538461538464,-1.1673824130879344,409,254
44.16593406593407,-1.1673824130879344,425,254
44.24175824175824,-1.1673824130879344,428,254
44.77252747252747,-1.1673824130879344,449,254
46.137362637362635,-1.1673824130879344,503,254
46.213186813186816,-1.1673824130879344,506,254
47.70439560439561,-1.1673824130879344,565,254
47.78021978021978,-1.1673824130879344,568,254
47.856043956043955,-1.1673824130879344,571,254
48.08351648351648,-1.1673824130879344,580,254
48.15934065934066,-1.1673824130879344,583,254
49.44835164835165,-1.1673824130879344,634,254
41.23406593406593,-1.1745398773006133,309,255
41.309890109890105,-1.1745398773006133,312,255
44.16593406593407,-1.1745398773006133,425,255
44.24175824175824,-1.1745398773006133,428,255
44.77252747252747,-1.1745398773006133,449,255
46.137362637362635,-1.1745398773006133,503,255
46.213186813186816,-1.1745398773006133,506,255
47.70439560439561,-1.1745398773006133,565,255
47.78021978021978,-1.1745398773006133,568,255
47.856043956043955,-1.1745398773006133,571,255
48.08351648351648,-1.1745398773006133,580,255
48.15934065934066,-1.1745398773006133,583,255
49.44835164835165,-1.1745398773006133,634,255
38.55494505494505,-1.1816973415132925,203,256
38.63076923076923,-1.1816973415132925,206,256
41.25934065934066,-1.1816973415132925,310,256
41.33516483516483,-1.1816973415132925,313,256
44.191208791208794,-1.1816973415132925,426,256
44.72197802197802,-1.1816973415132925,447,256
44.7978021978022,-1.1816973415132925,450,256
46.16263736263736,-1.1816973415132925,504,256
46.238461538461536,-1.1816973415132925,507,256
47.72967032967033,-1.1816973415132925,566,256
47.80549450549451,-1.1816973415132925,569,256
47.88131868131868,-1.1816973415132925,572,256
48.13406593406593,-1.1816973415132925,582,256
38.55494505494505,-1.1888548057259714,203,257
38.63076923076923,-1.1888548057259714,206,257
41.25934065934066,-1.1888548057259714,310,257
41.33516483516483,-1.1888548057259714,313,257
44.191208791208794,-1.1888548057259714,426,257
44.72197802197802,-1.1888548057259714,447,257
44.7978021978022,-1.1888548057259714,450,257
47.72967032967033,-1.1888548057259714,566,257
47.80549450549451,-1.1888548057259714,569,257
47.88131868131868,-1.1888548057259714,572,257
48.13406593406593,-1.1888548057259714,582,257
49.85274725274725,-1.1888548057259714,650,257
49.92857142857143,-1.1888548057259714,653,257
38.58021978021978,-1.1960122699386502,204,258
38.65604395604395,-1.1960122699386502,207,258
41.284615384615385,-1.1960122699386502,311,258
44.14065934065934,-1.1960122699386502,424,258
44.216483516483514,-1.1960122699386502,427,258
44.747252747252745,-1.1960122699386502,448,258
44.823076923076925,-1.1960122699386502,451,258
47.754945054945054,-1.1960122699386502,567,258
47.830769230769235,-1.1960122699386502,570,258
48.08351648351648,-1.1960122699386502,580,258
48.15934065934066,-1.1960122699386502,583,258
49.87802197802198,-1.1960122699386502,651,258
49.95384615384616,-1.1960122699386502,654,258
38.605494505494505,-1.2031697341513294,205,259
40.82967032967033,-1.2031697341513294,293,259
40.9054945054945,-1.2031697341513294,296,259
41.25934065934066,-1.2031697341513294,310,259
41.33516483516483,-1.2031697341513294,313,259
46.642857142857146,-1.2031697341513294,523,259
47.70439560439561,-1.2031697341513294,565,259
47.78021978021978,-1.2031697341513294,568,259
48.08351648351648,-1.2031697341513294,580,259
48.15934065934066,-1.2031697341513294,583,259
49.87802197802198,-1.2031697341513294,651,259
49.95384615384616,-1.2031697341513294,654,259
38.605494505494505,-1.2103271983640083,205,260
40.82967032967033,-1.2103271983640083,293,260
40.9054945054945,-1.2103271983640083,296,260
46.61758241758242,-1.2103271983640083,522,260
46.69340659340659,-1.2103271983640083,525,260
47.754945054945054,-1.2103271983640083,567,260
48.08351648351648,-1.2103271983640083,580,260
48.15934065934066,-1.2103271983640083,583,260
49.87802197802198,-1.2103271983640083,651,260
49.95384615384616,-1.2103271983640083,654,260
40.880219780219775,-1.217484662576687,295,261
45.909890109890114,-1.217484662576687,494,261
45.98571428571429,-1.217484662576687,497,261
46.61758241758242,-1.217484662576687,522,261
46.69340659340659,-1.217484662576687,525,261
47.754945054945054,-1.217484662576687,567,261
49.85274725274725,-1.217484662576687,650,261
49.92857142857143,-1.217484662576687,653,261
40.07142857142857,-1.224642126789366,263,262
40.14725274725274,-1.224642126789366,266,262
40.880219780219775,-1.224642126789366,295,262
45.909890109890114,-1.224642126789366,494,262
45.98571428571429,-1.224642126789366,497,262
46.61758241758242,-1.224642126789366,522,262
46.69340659340659,-1.224642126789366,525,262
51.01538461538462,-1.224642126789366,696,262
37.82197802197802,-1.2317995910020447,174,263
37.89780219780219,-1.2317995910020447,177,263
40.07142857142857,-1.2317995910020447,263,263
40.14725274725274,-1.2317995910020447,266,263
40.880219780219775,-1.2317995910020447,295,263
45.909890109890114,-1.2317995910020447,494,263
45.98571428571429,-1.2317995910020447,497,263
46.61758241758242,-1.2317995910020447,522,263
46.69340659340659,-1.2317995910020447,525,263
51.01538461538462,-1.2317995910020447,696,263
51.900000000000006,-1.2317995910020447,731,263
51.97582417582418,-1.2317995910020447,734,263
37.847252747252746,-1.238957055214724,175,264
37.92307692307692,-1.238957055214724,178,264
40.096703296703296,-1.238957055214724,264,264
44.54505494505494,-1.238957055214724,440,264
44.620879120879124,-1.238957055214724,443,264
45.935164835164834,-1.238957055214724,495,264
46.01098901098901,-1.238957055214724,498,264
51.01538461538462,-1.238957055214724,696,264
51.900000000000006,-1.238957055214724,731,264
51.97582417582418,-1.238957055214724,734,264
37.847252747252746,-1.2461145194274028,175,265
37.92307692307692,-1.2461145194274028,178,265
39.64175824175824,-1.2461145194274028,246,265
40.04615384615384,-1.2461145194274028,262,265
40.12197802197802,-1.2461145194274028,265,265
44.57032967032967,-1.2461145194274028,441,265
44.646153846153844,-1.2461145194274028,444,265
45.96043956043956,-1.2461145194274028,496,265
46.92087912087912,-1.2461145194274028,534,265
46.996703296703295,-1.2461145194274028,537,265
50.964835164835165,-1.2461145194274028,694,265
51.040659340659346,-1.2461145194274028,697,265
51.900000000000006,-1.2461145194274028,731,265
51.97582417582418,-1.2461145194274028,734,265
37.82197802197802,-1.2532719836400816,174,266
37.89780219780219,-1.2532719836400816,177,266
39.61648351648351,-1.2532719836400816,245,266
39.69230769230769,-1.2532719836400816,248,266
40.096703296703296,-1.2532719836400816,264,266
40.956043956043956,-1.2532719836400816,298,266
41.03186813186813,-1.2532719836400816,301,266
44.57032967032967,-1.2532719836400816,441,266
44.646153846153844,-1.2532719836400816,444,266
46.971428571428575,-1.2532719836400816,536,266
50.88901098901099,-1.2532719836400816,691,266
50.964835164835165,-1.2532719836400816,694,266
51.040659340659346,-1.2532719836400816,697,266
51.11648351648352,-1.2532719836400816,700,266
51.19230769230769,-1.2532719836400816,703,266
51.900000000000006,-1.2532719836400816,731,266
51.97582417582418,-1.2532719836400816,734,266
52.05164835164835,-1.2532719836400816,737,266
37.82197802197802,-1.260429447852761,174,267
37.89780219780219,-1.260429447852761,177,267
39.61648351648351,-1.260429447852761,245,267
39.69230769230769,-1.260429447852761,248,267
41.0065934065934,-1.260429447852761,300,267
43.15494505494505,-1.260429447852761,385,267
43.230769230769226,-1.260429447852761,388,267
44.57032967032967,-1.260429447852761,441,267
44.646153846153844,-1.260429447852761,444,267
46.971428571428575,-1.260429447852761,536,267
50.88901098901099,-1.260429447852761,691,267
50.964835164835165,-1.260429447852761,694,267
51.09120879120879,-1.260429447852761,699,267
51.167032967032966,-1.260429447852761,702,267
51.87472527472528,-1.260429447852761,730,267
51.95054945054945,-1.260429447852761,733,267
52.026373626373626,-1.260429447852761,736,267
52.10219780219781,-1.260429447852761,739,267
39.64175824175824,-1.2675869120654397,246,268
40.956043956043956,-1.2675869120654397,298,268
41.03186813186813,-1.2675869120654397,301,268
43.18021978021978,-1.2675869120654397,386,268
43.25604395604395,-1.2675869120654397,389,268
44.5956043956044,-1.2675869120654397,442,268
46.92087912087912,-1.2675869120654397,534,268
46.996703296703295,-1.2675869120654397,537,268
49.17032967032967,-1.2675869120654397,623,268
49.246153846153845,-1.2675869120654397,626,268
50.93956043956044,-1.2675869120654397,693,268
51.09120879120879,-1.2675869120654397,699,268
51.167032967032966,-1.2675869120654397,702,268
51.87472527472528,-1.2675869120654397,730,268
51.95054945054945,-1.2675869120654397,733,268
52.026373626373626,-1.2675869120654397,736,268
52.10219780219781,-1.2675869120654397,739,268
39.64175824175824,-1.2747443762781185,246,269
40.956043956043956,-1.2747443762781185,298,269
41.03186813186813,-1.2747443762781185,301,269
43.18021978021978,-1.2747443762781185,386,269
43.25604395604395,-1.2747443762781185,389,269
46.971428571428575,-1.2747443762781185,536,269
49.145054945054945,-1.2747443762781185,622,269
49.22087912087912,-1.2747443762781185,625,269
50.91428571428572,-1.2747443762781185,692,269
50.99010989010989,-1.2747443762781185,695,269
51.14175824175825,-1.2747443762781185,701,269
51.84945054945055,-1.2747443762781185,729,269
51.92527472527473,-1.2747443762781185,732,269
52.0010989010989,-1.2747443762781185,735,269
52.07692307692308,-1.2747443762781185,738,269
39.91978021978022,-1.2819018404907974,257,270
39.995604395604396,-1.2819018404907974,260,270
41.0065934065934,-1.2819018404907974,300,270
43.15494505494505,-1.2819018404907974,385,270
43.230769230769226,-1.2819018404907974,388,270
49.145054945054945,-1.2819018404907974,622,270
49.22087912087912,-1.2819018404907974,625,270
50.66153846153846,-1.2819018404907974,682,270
50.73736263736264,-1.2819018404907974,685,270
50.91428571428572,-1.2819018404907974,692,270
50.99010989010989,-1.2819018404907974,695,270
51.14175824175825,-1.2819018404907974,701,270
51.84945054945055,-1.2819018404907974,729,270
51.92527472527473,-1.2819018404907974,732,270
52.026373626373626,-1.2819018404907974,736,270
52.10219780219781,-1.2819018404907974,739,270
52.70879120879121,-1.2819018404907974,763,270
39.894505494505495,-1.2890593047034766,256,271
39.97032967032967,-1.2890593047034766,259,271
40.27362637362637,-1.2890593047034766,271,271
40.34945054945055,-1.2890593047034766,274,271
43.20549450549451,-1.2890593047034766,387,271
46.339560439560444,-1.2890593047034766,511,271
46.41538461538462,-1.2890593047034766,514,271
49.145054945054945,-1.2890593047034766,622,271
49.22087912087912,-1.2890593047034766,625,271
50.66153846153846,-1.2890593047034766,682,271
50.73736263736264,-1.2890593047034766,685,271
51.87472527472528,-1.2890593047034766,730,271
51.95054945054945,-1.2890593047034766,733,271
52.70879120879121,-1.2890593047034766,763,271
39.894505494505495,-1.2962167689161554,256,272
39.97032967032967,-1.2962167689161554,259,272
40.27362637362637,-1.2962167689161554,271,272
40.34945054945055,-1.2962167689161554,274,272
46.39010989010989,-1.2962167689161554,513,272
47.93186813186813,-1.2962167689161554,574,272
48.00769230769231,-1.2962167689161554,577,272
49.145054945054945,-1.2962167689161554,622,272
49.22087912087912,-1.2962167689161554,625,272
50.66153846153846,-1.2962167689161554,682,272
50.73736263736264,-1.2962167689161554,685,272
51.87472527472528,-1.2962167689161554,730,272
51.95054945054945,-1.2962167689161554,733,272
52.70879120879121,-1.2962167689161554,763,272
39.894505494505495,-1.3033742331288343,256,273
39.97032967032967,-1.3033742331288343,259,273
40.27362637362637,-1.3033742331288343,271,273
40.34945054945055,-1.3033742331288343,274,273
44.77252747252747,-1.3033742331288343,449,273
46.339560439560444,-1.3033742331288343,511,273
46.41538461538462,-1.3033742331288343,514,273
47.17362637362638,-1.3033742331288343,544,273
47.24945054945055,-1.3033742331288343,547,273
47.98241758241758,-1.3033742331288343,576,273
49.145054945054945,-1.3033742331288343,622,273
49.22087912087912,-1.3033742331288343,625,273
50.68681318681319,-1.3033742331288343,683,273
50.76263736263736,-1.3033742331288343,686,273
51.900000000000006,-1.3033742331288343,731,273
52.65824175824176,-1.3033742331288343,761,273
52.73406593406594,-1.3033742331288343,764,273
39.91978021978022,-1.310531697341513,257,274
39.995604395604396,-1.310531697341513,260,274
40.2989010989011,-1.310531697341513,272,274
44.064835164835166,-1.310531697341513,421,274
44.14065934065934,-1.310531697341513,424,274
44.747252747252745,-1.310531697341513,448,274
44.823076923076925,-1.310531697341513,451,274
46.39010989010989,-1.310531697341513,513,274
47.14835164835165,-1.310531697341513,543,274
47.22417582417582,-1.310531697341513,546,274
47.957142857142856,-1.310531697341513,575,274
48.032967032967036,-1.310531697341513,578,274
49.1956043956044,-1.310531697341513,624,274
50.66153846153846,-1.310531697341513,682,274
50.73736263736264,-1.310531697341513,685,274
51.87472527472528,-1.310531697341513,730,274
51.95054945054945,-1.310531697341513,733,274
52.70879120879121,-1.310531697341513,763,274
38.78241758241758,-1.3176891615541924,212,275
38.85824175824175,-1.3176891615541924,215,275
40.27362637362637,-1.3176891615541924,271,275
40.34945054945055,-1.3176891615541924,274,275
44.11538461538461,-1.3176891615541924,423,275
44.72197802197802,-1.3176891615541924,447,275
44.7978021978022,-1.3176891615541924,450,275
46.36483516483516,-1.3176891615541924,512,275
46.440659340659344,-1.3176891615541924,515,275
47.1989010989011,-1.3176891615541924,545,275
47.93186813186813,-1.3176891615541924,574,275
48.00769230769231,-1.3176891615541924,577,275
51.87472527472528,-1.3176891615541924,730,275
51.95054945054945,-1.3176891615541924,733,275
38.832967032967034,-1.3248466257668712,214,276
41.58791208791209,-1.3248466257668712,323,276
41.66373626373626,-1.3248466257668712,326,276
44.090109890109886,-1.3248466257668712,422,276
44.16593406593407,-1.3248466257668712,425,276
44.77252747252747,-1.3248466257668712,449,276
47.14835164835165,-1.3248466257668712,543,276
47.22417582417582,-1.3248466257668712,546,276
47.957142857142856,-1.3248466257668712,575,276
48.032967032967036,-1.3248466257668712,578,276
38.832967032967034,-1.33200408997955,214,277
41.58791208791209,-1.33200408997955,323,277
41.66373626373626,-1.33200408997955,326,277
44.090109890109886,-1.33200408997955,422,277
44.16593406593407,-1.33200408997955,425,277
44.77252747252747,-1.33200408997955,449,277
47.14835164835165,-1.33200408997955,543,277
47.22417582417582,-1.33200408997955,546,277
49.751648351648356,-1.33200408997955,646,277
49.82747252747253,-1.33200408997955,649,277
51.040659340659346,-1.33200408997955,697,277
38.78241758241758,-1.3391615541922293,212,278
38.85824175824175,-1.3391615541922293,215,278
41.613186813186815,-1.3391615541922293,324,278
41.68901098901099,-1.3391615541922293,327,278
44.11538461538461,-1.3391615541922293,423,278
44.292307692307695,-1.3391615541922293,430,278
44.36813186813187,-1.3391615541922293,433,278
47.17362637362638,-1.3391615541922293,544,278
49.751648351648356,-1.3391615541922293,646,278
49.82747252747253,-1.3391615541922293,649,278
51.040659340659346,-1.3391615541922293,697,278
38.25164835164835,-1.346319018404908,191,279
38.32747252747252,-1.346319018404908,194,279
38.80769230769231,-1.346319018404908,213,279
38.88351648351648,-1.346319018404908,216,279
41.638461538461534,-1.346319018404908,325,279
44.292307692307695,-1.346319018404908,430,279
44.36813186813187,-1.346319018404908,433,279
47.12307692307692,-1.346319018404908,542,279
47.1989010989011,-1.346319018404908,545,279
49.776923076923076,-1.346319018404908,647,279
50.99010989010989,-1.346319018404908,695,279
51.06593406593407,-1.346319018404908,698,279
38.276923076923076,-1.353476482617587,192,280
38.35274725274725,-1.353476482617587,195,280
40.27362637362637,-1.353476482617587,271,280
41.58791208791209,-1.353476482617587,323,280
41.66373626373626,-1.353476482617587,326,280
42.42197802197802,-1.353476482617587,356,280
42.497802197802194,-1.353476482617587,359,280
44.34285714285714,-1.353476482617587,432,280
47.097802197802196,-1.353476482617587,541,280
47.17362637362638,-1.353476482617587,544,280
49.751648351648356,-1.353476482617587,646,280
49.82747252747253,-1.353476482617587,649,280
51.040659340659346,-1.353476482617587,697,280
38.25164835164835,-1.3606339468302657,191,281
38.32747252747252,-1.3606339468302657,194,281
40.248351648351644,-1.3606339468302657,270,281
40.324175824175825,-1.3606339468302657,273,281
42.44725274725275,-1.3606339468302657,357,281
44.292307692307695,-1.3606339468302657,430,281
44.36813186813187,-1.3606339468302657,433,281
46.94615384615385,-1.3606339468302657,535,281
47.02197802197802,-1.3606339468302657,538,281
47.14835164835165,-1.3606339468302657,543,281
47.5021978021978,-1.3606339468302657,557,281
47.57802197802198,-1.3606339468302657,560,281
49.751648351648356,-1.3606339468302657,646,281
49.82747252747253,-1.3606339468302657,649,281
49.95384615384616,-1.3606339468302657,654,281
50.99010989010989,-1.3606339468302657,695,281
51.06593406593407,-1.3606339468302657,698,281
38.276923076923076,-1.367791411042945,192,282
38.35274725274725,-1.367791411042945,195,282
40.27362637362637,-1.367791411042945,271,282
42.39670329670329,-1.367791411042945,355,282
42.472527472527474,-1.367791411042945,358,282
44.317582417582415,-1.367791411042945,431,282
44.393406593406596,-1.367791411042945,434,282
46.971428571428575,-1.367791411042945,536,282
47.097802197802196,-1.367791411042945,541,282
47.17362637362638,-1.367791411042945,544,282
47.527472527472526,-1.367791411042945,558,282
47.60329670329671,-1.367791411042945,561,282
49.95384615384616,-1.367791411042945,654,282
50.02967032967033,-1.367791411042945,657,282
50.105494505494505,-1.367791411042945,660,282
50.99010989010989,-1.367791411042945,695,282
51.06593406593407,-1.367791411042945,698,282
38.3021978021978,-1.3749488752556238,193,283
40.223076923076924,-1.3749488752556238,269,283
40.2989010989011,-1.3749488752556238,272,283
42.42197802197802,-1.3749488752556238,356,283
42.497802197802194,-1.3749488752556238,359,283
46.971428571428575,-1.3749488752556238,536,283
47.097802197802196,-1.3749488752556238,541,283
47.17362637362638,-1.3749488752556238,544,283
47.527472527472526,-1.3749488752556238,558,283
47.60329670329671,-1.3749488752556238,561,283
49.95384615384616,-1.3749488752556238,654,283
50.02967032967033,-1.3749488752556238,657,283
50.105494505494505,-1.3749488752556238,660,283
50.99010989010989,-1.3749488752556238,695,283
51.06593406593407,-1.3749488752556238,698,283
40.27362637362637,-1.3821063394683026,271,284
42.39670329670329,-1.3821063394683026,355,284
42.472527472527474,-1.3821063394683026,358,284
46.94615384615385,-1.3821063394683026,535,284
47.02197802197802,-1.3821063394683026,538,284
47.55274725274725,-1.3821063394683026,559,284
48.56373626373627,-1.3821063394683026,599,284
48.63956043956044,-1.3821063394683026,602,284
49.92857142857143,-1.3821063394683026,653,284
50.004395604395604,-1.3821063394683026,656,284
50.08021978021978,-1.3821063394683026,659,284
50.964835164835165,-1.3821063394683026,694,284
51.040659340659346,-1.3821063394683026,697,284
37.19010989010989,-1.3892638036809815,149,285
37.26593406593406,-1.3892638036809815,152,285
44.24175824175824,-1.3892638036809815,428,285
46.137362637362635,-1.3892638036809815,503,285
46.213186813186816,-1.3892638036809815,506,285
46.94615384615385,-1.3892638036809815,535,285
47.02197802197802,-1.3892638036809815,538,285
47.55274725274725,-1.3892638036809815,559,285
48.56373626373627,-1.3892638036809815,599,285
48.63956043956044,-1.3892638036809815,602,285
49.92857142857143,-1.3892638036809815,653,285
50.004395604395604,-1.3892638036809815,656,285
50.08021978021978,-1.3892638036809815,659,285
50.964835164835165,-1.3892638036809815,694,285
51.040659340659346,-1.3892638036809815,697,285
37.19010989010989,-1.3964212678936607,149,286
37.26593406593406,-1.3964212678936607,152,286
44.24175824175824,-1.3964212678936607,428,286
46.137362637362635,-1.3964212678936607,503,286
46.213186813186816,-1.3964212678936607,506,286
48.58901098901099,-1.3964212678936607,600,286
48.66483516483517,-1.3964212678936607,603,286
50.08021978021978,-1.3964212678936607,659,286
50.964835164835165,-1.3964212678936607,694,286
51.040659340659346,-1.3964212678936607,697,286
37.19010989010989,-1.4035787321063395,149,287
37.26593406593406,-1.4035787321063395,152,287
43.104395604395606,-1.4035787321063395,383,287
44.16593406593407,-1.4035787321063395,425,287
44.24175824175824,-1.4035787321063395,428,287
45.96043956043956,-1.4035787321063395,496,287
46.036263736263734,-1.4035787321063395,499,287
46.16263736263736,-1.4035787321063395,504,287
46.238461538461536,-1.4035787321063395,507,287
48.614285714285714,-1.4035787321063395,601,287
51.14175824175825,-1.4035787321063395,701,287
51.21758241758242,-1.4035787321063395,704,287
37.19010989010989,-1.4107361963190184,149,288
37.26593406593406,-1.4107361963190184,152,288
40.425274725274726,-1.4107361963190184,277,288
43.05384615384615,-1.4107361963190184,381,288
43.129670329670326,-1.4107361963190184,384,288
44.11538461538461,-1.4107361963190184,423,288
44.191208791208794,-1.4107361963190184,426,288
44.26703296703297,-1.4107361963190184,429,288
45.98571428571429,-1.4107361963190184,497,288
46.06153846153846,-1.4107361963190184,500,288
46.18791208791209,-1.4107361963190184,505,288
48.56373626373627,-1.4107361963190184,599,288
48.63956043956044,-1.4107361963190184,602,288
51.167032967032966,-1.4107361963190184,702,288
51.24285714285715,-1.4107361963190184,705,288
37.215384615384615,-1.4178936605316976,150,289
40.096703296703296,-1.4178936605316976,264,289
40.17252747252747,-1.4178936605316976,267,289
40.4,-1.4178936605316976,276,289
40.47582417582417,-1.4178936605316976,279,289
43.104395604395606,-1.4178936605316976,383,289
44.090109890109886,-1.4178936605316976,422,289
44.16593406593407,-1.4178936605316976,425,289
44.24175824175824,-1.4178936605316976,428,289
45.96043956043956,-1.4178936605316976,496,289
46.036263736263734,-1.4178936605316976,499,289
46.16263736263736,-1.4178936605316976,504,289
46.238461538461536,-1.4178936605316976,507,289
46.51648351648352,-1.4178936605316976,518,289
49.82747252747253,-1.4178936605316976,649,289
49.903296703296704,-1.4178936605316976,652,289
51.167032967032966,-1.4178936605316976,702,289
51.24285714285715,-1.4178936605316976,705,289
38.68131868131868,-1.4250511247443765,208,290
40.096703296703296,-1.4250511247443765,264,290
40.17252747252747,-1.4250511247443765,267,290
40.4,-1.4250511247443765,276,290
40.47582417582417,-1.4250511247443765,279,290
43.104395604395606,-1.4250511247443765,383,290
44.090109890109886,-1.4250511247443765,422,290
44.16593406593407,-1.4250511247443765,425,290
45.96043956043956,-1.4250511247443765,496,290
46.036263736263734,-1.4250511247443765,499,290
46.49120879120879,-1.4250511247443765,517,290
46.56703296703297,-1.4250511247443765,520,290
48.9934065934066,-1.4250511247443765,616,290
49.82747252747253,-1.4250511247443765,649,290
49.903296703296704,-1.4250511247443765,652,290
51.167032967032966,-1.4250511247443765,702,290
51.24285714285715,-1.4250511247443765,705,290
38.68131868131868,-1.4322085889570548,208,291
40.096703296703296,-1.4322085889570548,264,291
40.17252747252747,-1.4322085889570548,267,291
40.4,-1.4322085889570548,276,291
40.47582417582417,-1.4322085889570548,279,291
43.104395604395606,-1.4322085889570548,383,291
44.090109890109886,-1.4322085889570548,422,291
44.16593406593407,-1.4322085889570548,425,291
45.98571428571429,-1.4322085889570548,497,291
46.06153846153846,-1.4322085889570548,500,291
46.51648351648352,-1.4322085889570548,518,291
48.94285714285714,-1.4322085889570548,614,291
49.01868131868132,-1.4322085889570548,617,291
49.85274725274725,-1.4322085889570548,650,291
49.92857142857143,-1.4322085889570548,653,291
51.19230769230769,-1.4322085889570548,703,291
38.63076923076923,-1.439366053169734,206,292
38.706593406593406,-1.439366053169734,209,292
40.12197802197802,-1.439366053169734,265,292
40.1978021978022,-1.439366053169734,268,292
40.425274725274726,-1.439366053169734,277,292
44.090109890109886,-1.439366053169734,422,292
44.16593406593407,-1.439366053169734,425,292
46.49120879120879,-1.439366053169734,517,292
46.56703296703297,-1.439366053169734,520,292
48.9934065934066,-1.439366053169734,616,292
49.82747252747253,-1.439366053169734,649,292
49.903296703296704,-1.439366053169734,652,292
52.127472527472534,-1.439366053169734,740,292
52.20329670329671,-1.439366053169734,743,292
38.68131868131868,-1.446523517382413,208,293
40.096703296703296,-1.446523517382413,264,293
40.17252747252747,-1.446523517382413,267,293
46.49120879120879,-1.446523517382413,517,293
46.56703296703297,-1.446523517382413,520,293
48.9934065934066,-1.446523517382413,616,293
49.82747252747253,-1.446523517382413,649,293
49.903296703296704,-1.446523517382413,652,293
52.127472527472534,-1.446523517382413,740,293
52.20329670329671,-1.446523517382413,743,293
38.68131868131868,-1.4536809815950922,208,294
47.856043956043955,-1.4536809815950922,571,294
47.93186813186813,-1.4536809815950922,574,294
48.96813186813187,-1.4536809815950922,615,294
49.043956043956044,-1.4536809815950922,618,294
52.152747252747254,-1.4536809815950922,741,294
46.971428571428575,-1.460838445807771,536,295
47.04725274725275,-1.460838445807771,539,295
47.88131868131868,-1.460838445807771,572,295
47.957142857142856,-1.460838445807771,575,295
51.52087912087912,-1.460838445807771,716,295
52.10219780219781,-1.460838445807771,739,295
52.17802197802198,-1.460838445807771,742,295
46.996703296703295,-1.4679959100204498,537,296
47.072527472527476,-1.4679959100204498,540,296
47.90659340659341,-1.4679959100204498,573,296
51.470329670329676,-1.4679959100204498,714,296
51.54615384615385,-1.4679959100204498,717,296
52.127472527472534,-1.4679959100204498,740,296
52.20329670329671,-1.4679959100204498,743,296
47.02197802197802,-1.4751533742331286,538,297
47.856043956043955,-1.4751533742331286,571,297
47.93186813186813,-1.4751533742331286,574,297
51.495604395604396,-1.4751533742331286,715,297
51.57142857142857,-1.4751533742331286,718,297
38.80769230769231,-1.482310838445808,213,298
39.667032967032966,-1.482310838445808,247,298
39.74285714285714,-1.482310838445808,250,298
45.73296703296703,-1.482310838445808,487,298
45.808791208791206,-1.482310838445808,490,298
47.02197802197802,-1.482310838445808,538,298
47.856043956043955,-1.482310838445808,571,298
47.93186813186813,-1.482310838445808,574,298
51.495604395604396,-1.482310838445808,715,298
51.57142857142857,-1.482310838445808,718,298
38.80769230769231,-1.4894683026584867,213,299
39.667032967032966,-1.4894683026584867,247,299
39.74285714285714,-1.4894683026584867,250,299
45.73296703296703,-1.4894683026584867,487,299
45.808791208791206,-1.4894683026584867,490,299
47.02197802197802,-1.4894683026584867,538,299
50.08021978021978,-1.4894683026584867,659,299
50.15604395604396,-1.4894683026584867,662,299
51.495604395604396,-1.4894683026584867,715,299
51.57142857142857,-1.4894683026584867,718,299
38.80769230769231,-1.4966257668711656,213,300
39.667032967032966,-1.4966257668711656,247,300
39.74285714285714,-1.4966257668711656,250,300
45.73296703296703,-1.4966257668711656,487,300
45.808791208791206,-1.4966257668711656,490,300
47.12307692307692,-1.4966257668711656,542,300
50.08021978021978,-1.4966257668711656,659,300
50.15604395604396,-1.4966257668711656,662,300
51.596703296703296,-1.4966257668711656,719,300
51.67252747252748,-1.4966257668711656,722,300
38.80769230769231,-1.5037832310838448,213,301
39.667032967032966,-1.5037832310838448,247,301
39.74285714285714,-1.5037832310838448,250,301
45.73296703296703,-1.5037832310838448,487,301
45.808791208791206,-1.5037832310838448,490,301
47.12307692307692,-1.5037832310838448,542,301
50.08021978021978,-1.5037832310838448,659,301
50.15604395604396,-1.5037832310838448,662,301
51.596703296703296,-1.5037832310838448,719,301
51.67252747252748,-1.5037832310838448,722,301
38.80769230769231,-1.5109406952965232,213,302
39.667032967032966,-1.5109406952965232,247,302
39.74285714285714,-1.5109406952965232,250,302
41.94175824175824,-1.5109406952965232,337,302
42.01758241758242,-1.5109406952965232,340,302
42.573626373626375,-1.5109406952965232,362,302
44.26703296703297,-1.5109406952965232,429,302
44.34285714285714,-1.5109406952965232,432,302
45.73296703296703,-1.5109406952965232,487,302
45.808791208791206,-1.5109406952965232,490,302
47.12307692307692,-1.5109406952965232,542,302
50.08021978021978,-1.5109406952965232,659,302
50.15604395604396,-1.5109406952965232,662,302
51.596703296703296,-1.5109406952965232,719,302
51.67252747252748,-1.5109406952965232,722,302
41.967032967032964,-1.5180981595092025,338,303
42.52307692307692,-1.5180981595092025,360,303
42.598901098901095,-1.5180981595092025,363,303
44.292307692307695,-1.5180981595092025,430,303
44.36813186813187,-1.5180981595092025,433,303
47.12307692307692,-1.5180981595092025,542,303
50.08021978021978,-1.5180981595092025,659,303
50.15604395604396,-1.5180981595092025,662,303
51.596703296703296,-1.5180981595092025,719,303
51.67252747252748,-1.5180981595092025,722,303
52.53186813186814,-1.5180981595092025,756,303
41.89120879120879,-1.5252556237218813,335,304
41.967032967032964,-1.5252556237218813,338,304
42.042857142857144,-1.5252556237218813,341,304
42.573626373626375,-1.5252556237218813,362,304
44.26703296703297,-1.5252556237218813,429,304
44.34285714285714,-1.5252556237218813,432,304
47.097802197802196,-1.5252556237218813,541,304
47.17362637362638,-1.5252556237218813,544,304
51.62197802197802,-1.5252556237218813,720,304
52.48131868131868,-1.5252556237218813,754,304
52.557142857142864,-1.5252556237218813,757,304
41.91648351648352,-1.5324130879345605,336,305
41.99230769230769,-1.5324130879345605,339,305
42.52307692307692,-1.5324130879345605,360,305
42.598901098901095,-1.5324130879345605,363,305
44.292307692307695,-1.5324130879345605,430,305
44.36813186813187,-1.5324130879345605,433,305
46.440659340659344,-1.5324130879345605,515,305
52.48131868131868,-1.5324130879345605,754,305
52.557142857142864,-1.5324130879345605,757,305
39.21208791208791,-1.5395705521472394,229,306
39.28791208791208,-1.5395705521472394,232,306
41.94175824175824,-1.5395705521472394,337,306
42.01758241758242,-1.5395705521472394,340,306
42.54835164835165,-1.5395705521472394,361,306
42.62417582417582,-1.5395705521472394,364,306
44.317582417582415,-1.5395705521472394,431,306
46.39010989010989,-1.5395705521472394,513,306
46.465934065934064,-1.5395705521472394,516,306
52.50659340659341,-1.5395705521472394,755,306
52.582417582417584,-1.5395705521472394,758,306
39.23736263736264,-1.5467280163599182,230,307
41.91648351648352,-1.5467280163599182,336,307
41.99230769230769,-1.5467280163599182,339,307
46.41538461538462,-1.5467280163599182,514,307
46.49120879120879,-1.5467280163599182,517,307
52.53186813186814,-1.5467280163599182,756,307
39.18681318681318,-1.553885480572597,228,308
39.26263736263736,-1.553885480572597,231,308
41.94175824175824,-1.553885480572597,337,308
42.01758241758242,-1.553885480572597,340,308
46.440659340659344,-1.553885480572597,515,308
39.18681318681318,-1.5610429447852758,228,309
39.26263736263736,-1.5610429447852758,231,309
46.26373626373626,-1.5610429447852758,508,309
46.339560439560444,-1.5610429447852758,511,309
46.440659340659344,-1.5610429447852758,515,309
39.18681318681318,-1.568200408997955,228,310
39.26263736263736,-1.568200408997955,231,310
46.26373626373626,-1.568200408997955,508,310
46.339560439560444,-1.568200408997955,511,310
46.28901098901099,-1.575357873210634,509,311
46.238461538461536,-1.5825153374233132,507,312
46.31428571428572,-1.5825153374233132,510,312
46.26373626373626,-1.5896728016359916,508,313
46.339560439560444,-1.5896728016359916,511,313
51.52087912087912,-1.5968302658486708,716,314
37.67032967032967,-1.6039877300613496,168,315
37.746153846153845,-1.6039877300613496,171,315
51.495604395604396,-1.6039877300613496,715,315
51.57142857142857,-1.6039877300613496,718,315
37.72087912087912,-1.6111451942740285,170,316
51.470329670329676,-1.6111451942740285,714,316
51.54615384615385,-1.6111451942740285,717,316
37.69560439560439,-1.6183026584867077,169,317
37.77142857142857,-1.6183026584867077,172,317
51.52087912087912,-1.6183026584867077,716,317
37.67032967032967,-1.6254601226993866,168,318
37.746153846153845,-1.6254601226993866,171,318
46.69340659340659,-1.6254601226993866,525,318
46.769230769230774,-1.6254601226993866,528,318
49.52417582417583,-1.6254601226993866,637,318
49.72637362637363,-1.6254601226993866,645,318
49.8021978021978,-1.6254601226993866,648,318
51.495604395604396,-1.6254601226993866,715,318
51.57142857142857,-1.6254601226993866,718,318
37.72087912087912,-1.6326175869120654,170,319
46.668131868131866,-1.6326175869120654,524,319
46.74395604395605,-1.6326175869120654,527,319
49.4989010989011,-1.6326175869120654,636,319
49.574725274725274,-1.6326175869120654,639,319
49.776923076923076,-1.6326175869120654,647,319
46.668131868131866,-1.6397750511247442,524,320
46.74395604395605,-1.6397750511247442,527,320
46.996703296703295,-1.6397750511247442,537,320
47.072527472527476,-1.6397750511247442,540,320
49.52417582417583,-1.6397750511247442,637,320
49.72637362637363,-1.6397750511247442,645,320
49.8021978021978,-1.6397750511247442,648,320
50.56043956043956,-1.6397750511247442,678,320
50.636263736263736,-1.6397750511247442,681,320
46.71868131868132,-1.6469325153374235,526,321
46.971428571428575,-1.6469325153374235,536,321
47.04725274725275,-1.6469325153374235,539,321
49.4989010989011,-1.6469325153374235,636,321
49.574725274725274,-1.6469325153374235,639,321
49.776923076923076,-1.6469325153374235,647,321
50.535164835164835,-1.6469325153374235,677,321
50.610989010989016,-1.6469325153374235,680,321
46.69340659340659,-1.6540899795501023,525,322
46.769230769230774,-1.6540899795501023,528,322
47.02197802197802,-1.6540899795501023,538,322
49.473626373626374,-1.6540899795501023,635,322
49.549450549450555,-1.6540899795501023,638,322
49.751648351648356,-1.6540899795501023,646,322
49.82747252747253,-1.6540899795501023,649,322
50.58571428571429,-1.6540899795501023,679,322
46.971428571428575,-1.661247443762781,536,323
47.04725274725275,-1.661247443762781,539,323
47.27472527472528,-1.661247443762781,548,323
47.35054945054945,-1.661247443762781,551,323
50.58571428571429,-1.661247443762781,679,323
46.971428571428575,-1.66840490797546,536,324
47.04725274725275,-1.66840490797546,539,324
47.27472527472528,-1.66840490797546,548,324
47.35054945054945,-1.66840490797546,551,324
50.58571428571429,-1.66840490797546,679,324
47.24945054945055,-1.6755623721881387,547,325
47.325274725274724,-1.6755623721881387,550,325
38.706593406593406,-1.682719836400818,209,326
38.78241758241758,-1.682719836400818,212,326
45.65714285714286,-1.682719836400818,484,326
47.24945054945055,-1.682719836400818,547,326
47.325274725274724,-1.682719836400818,550,326
38.706593406593406,-1.6898773006134968,209,327
38.78241758241758,-1.6898773006134968,212,327
45.65714285714286,-1.6898773006134968,484,327
47.24945054945055,-1.6898773006134968,547,327
47.325274725274724,-1.6898773006134968,550,327
38.706593406593406,-1.6970347648261757,209,328
38.78241758241758,-1.6970347648261757,212,328
45.65714285714286,-1.6970347648261757,484,328
46.41538461538462,-1.6970347648261757,514,328
46.49120879120879,-1.6970347648261757,517,328
38.706593406593406,-1.7041922290388545,209,329
38.78241758241758,-1.7041922290388545,212,329
45.65714285714286,-1.7041922290388545,484,329
46.41538461538462,-1.7041922290388545,514,329
46.49120879120879,-1.7041922290388545,517,329
38.706593406593406,-1.7113496932515337,209,330
38.78241758241758,-1.7113496932515337,212,330
41.68901098901099,-1.7113496932515337,327,330
45.606593406593404,-1.7113496932515337,482,330
45.682417582417585,-1.7113496932515337,485,330
46.440659340659344,-1.7113496932515337,515,330
46.51648351648352,-1.7113496932515337,518,330
41.68901098901099,-1.7185071574642126,327,331
46.41538461538462,-1.7185071574642126,514,331
46.49120879120879,-1.7185071574642126,517,331
41.66373626373626,-1.7256646216768918,326,332
41.739560439560435,-1.7256646216768918,329,332
46.465934065934064,-1.7256646216768918,516,332
41.638461538461534,-1.7328220858895707,325,333
41.714285714285715,-1.7328220858895707,328,333
51.21758241758242,-1.7328220858895707,704,333
51.293406593406594,-1.7328220858895707,707,333
41.68901098901099,-1.7399795501022495,327,334
51.19230769230769,-1.7399795501022495,703,334
51.268131868131874,-1.7399795501022495,706,334
51.21758241758242,-1.7471370143149283,704,335
51.293406593406594,-1.7471370143149283,707,335
38.73186813186813,-1.7542944785276071,210,336
51.19230769230769,-1.7542944785276071,703,336
51.268131868131874,-1.7542944785276071,706,336
38.706593406593406,-1.7614519427402864,209,337
38.78241758241758,-1.7614519427402864,212,337
51.24285714285715,-1.7614519427402864,705,337
52.026373626373626,-1.7614519427402864,736,337
52.10219780219781,-1.7614519427402864,739,337
38.706593406593406,-1.7686094069529652,209,338
38.78241758241758,-1.7686094069529652,212,338
51.74835164835165,-1.7686094069529652,725,338
51.824175824175825,-1.7686094069529652,728,338
51.900000000000006,-1.7686094069529652,731,338
52.05164835164835,-1.7686094069529652,737,338
52.127472527472534,-1.7686094069529652,740,338
38.73186813186813,-1.775766871165644,210,339
51.697802197802204,-1.775766871165644,723,339
51.77362637362638,-1.775766871165644,726,339
51.84945054945055,-1.775766871165644,729,339
51.92527472527473,-1.775766871165644,732,339
52.07692307692308,-1.775766871165644,738,339
38.68131868131868,-1.7829243353783228,208,340
38.75714285714285,-1.7829243353783228,211,340
51.723076923076924,-1.7829243353783228,724,340
51.7989010989011,-1.7829243353783228,727,340
51.87472527472528,-1.7829243353783228,730,340
52.026373626373626,-1.7829243353783228,736,340
52.10219780219781,-1.7829243353783228,739,340
51.723076923076924,-1.7900817995910017,724,341
51.7989010989011,-1.7900817995910017,727,341
51.87472527472528,-1.7900817995910017,730,341
52.026373626373626,-1.7900817995910017,736,341
52.10219780219781,-1.7900817995910017,739,341
51.723076923076924,-1.797239263803681,724,342
51.7989010989011,-1.797239263803681,727,342
51.87472527472528,-1.797239263803681,730,342
47.57802197802198,-1.8043967280163598,560,343
47.65384615384615,-1.8043967280163598,563,343
47.60329670329671,-1.811554192229039,561,344
47.67912087912088,-1.811554192229039,564,344
46.84505494505495,-1.8187116564417178,531,345
47.57802197802198,-1.8187116564417178,560,345
47.65384615384615,-1.8187116564417178,563,345
50.08021978021978,-1.8187116564417178,659,345
50.15604395604396,-1.8187116564417178,662,345
46.84505494505495,-1.8258691206543967,531,346
47.57802197802198,-1.8258691206543967,560,346
47.65384615384615,-1.8258691206543967,563,346
50.08021978021978,-1.8258691206543967,659,346
50.15604395604396,-1.8258691206543967,662,346
46.84505494505495,-1.8330265848670755,531,347
47.57802197802198,-1.8330265848670755,560,347
47.65384615384615,-1.8330265848670755,563,347
49.87802197802198,-1.8330265848670755,651,347
49.95384615384616,-1.8330265848670755,654,347
50.105494505494505,-1.8330265848670755,660,347
46.79450549450549,-1.8401840490797547,529,348
46.87032967032967,-1.8401840490797547,532,348
49.87802197802198,-1.8401840490797547,651,348
49.95384615384616,-1.8401840490797547,654,348
50.105494505494505,-1.8401840490797547,660,348
50.76263736263736,-1.8401840490797547,686,348
50.838461538461544,-1.8401840490797547,689,348
46.81978021978022,-1.8473415132924336,530,349
46.895604395604394,-1.8473415132924336,533,349
49.903296703296704,-1.8473415132924336,652,349
50.05494505494506,-1.8473415132924336,658,349
50.13076923076923,-1.8473415132924336,661,349
50.78791208791209,-1.8473415132924336,687,349
50.863736263736264,-1.8473415132924336,690,349
49.903296703296704,-1.8544989775051124,652,350
50.76263736263736,-1.8544989775051124,686,350
50.838461538461544,-1.8544989775051124,689,350
49.87802197802198,-1.8616564417177912,651,351
49.95384615384616,-1.8616564417177912,654,351
50.66153846153846,-1.8616564417177912,682,351
50.76263736263736,-1.8616564417177912,686,351
50.838461538461544,-1.8616564417177912,689,351
50.636263736263736,-1.86881390593047,681,352
50.71208791208791,-1.86881390593047,684,352
50.81318681318682,-1.86881390593047,688,352
50.610989010989016,-1.8759713701431493,680,353
50.68681318681319,-1.8759713701431493,683,353
50.636263736263736,-1.8831288343558281,681,354
50.71208791208791,-1.8831288343558281,684,354
50.66153846153846,-1.8902862985685074,682,355
45.96043956043956,-1.8974437627811862,496,356
46.036263736263734,-1.8974437627811862,499,356
45.98571428571429,-1.9046012269938646,497,357
46.06153846153846,-1.9046012269938646,500,357
48.74065934065934,-1.9046012269938646,606,357
45.96043956043956,-1.9117586912065438,496,358
46.036263736263734,-1.9117586912065438,499,358
48.715384615384615,-1.9117586912065438,605,358
48.791208791208796,-1.9117586912065438,608,358
50.56043956043956,-1.9117586912065438,678,358
51.824175824175825,-1.9117586912065438,728,358
51.900000000000006,-1.9117586912065438,731,358
45.98571428571429,-1.9189161554192227,497,359
46.06153846153846,-1.9189161554192227,500,359
48.74065934065934,-1.9189161554192227,606,359
50.50989010989011,-1.9189161554192227,676,359
50.58571428571429,-1.9189161554192227,679,359
51.84945054945055,-1.9189161554192227,729,359
51.92527472527473,-1.9189161554192227,732,359
43.28131868131868,-1.926073619631902,390,360
45.96043956043956,-1.926073619631902,496,360
46.036263736263734,-1.926073619631902,499,360
48.715384615384615,-1.926073619631902,605,360
48.791208791208796,-1.926073619631902,608,360
50.56043956043956,-1.926073619631902,678,360
51.824175824175825,-1.926073619631902,728,360
51.900000000000006,-1.926073619631902,731,360
43.25604395604395,-1.9332310838445808,389,361
43.331868131868134,-1.9332310838445808,392,361
48.74065934065934,-1.9332310838445808,606,361
50.50989010989011,-1.9332310838445808,676,361
50.58571428571429,-1.9332310838445808,679,361
51.84945054945055,-1.9332310838445808,729,361
51.92527472527473,-1.9332310838445808,732,361
43.28131868131868,-1.9403885480572596,390,362
50.50989010989011,-1.9403885480572596,676,362
50.58571428571429,-1.9403885480572596,679,362
51.84945054945055,-1.9403885480572596,729,362
51.92527472527473,-1.9403885480572596,732,362
43.28131868131868,-1.9475460122699384,390,363
43.98901098901099,-1.9475460122699384,418,363
44.064835164835166,-1.9475460122699384,421,363
43.25604395604395,-1.9547034764826177,389,364
43.331868131868134,-1.9547034764826177,392,364
44.03956043956044,-1.9547034764826177,420,364
43.98901098901099,-1.9618609406952965,418,365
44.064835164835166,-1.9618609406952965,421,365
44.01428571428571,-1.9690184049079753,419,366
44.090109890109886,-1.9690184049079753,422,366
44.03956043956044,-1.9761758691206546,420,367
51.470329670329676,-1.997648261758691,714,370
51.54615384615385,-1.997648261758691,717,370
53.34065934065934,-1.997648261758691,788,370
53.416483516483524,-1.997648261758691,791,370
41.20879120879121,-2.0048057259713703,308,371
51.470329670329676,-2.0048057259713703,714,371
51.54615384615385,-2.0048057259713703,717,371
53.34065934065934,-2.0048057259713703,788,371
53.416483516483524,-2.0048057259713703,791,371
41.20879120879121,-2.011963190184049,308,372
51.470329670329676,-2.011963190184049,714,372
51.54615384615385,-2.011963190184049,717,372
53.34065934065934,-2.011963190184049,788,372
53.416483516483524,-2.011963190184049,791,372
41.20879120879121,-2.019120654396728,308,373
48.66483516483517,-2.019120654396728,603,373
48.74065934065934,-2.019120654396728,606,373
51.495604395604396,-2.019120654396728,715,373
51.57142857142857,-2.019120654396728,718,373
53.36593406593407,-2.019120654396728,789,373
41.15824175824176,-2.0262781186094068,306,374
41.23406593406593,-2.0262781186094068,309,374
48.690109890109895,-2.0262781186094068,604,374
48.76593406593407,-2.0262781186094068,607,374
51.52087912087912,-2.0262781186094068,716,374
53.315384615384616,-2.0262781186094068,787,374
53.3912087912088,-2.0262781186094068,790,374
41.183516483516485,-2.0334355828220856,307,375
41.25934065934066,-2.0334355828220856,310,375
48.715384615384615,-2.0334355828220856,605,375
46.895604395604394,-2.040593047034765,533,376
46.971428571428575,-2.040593047034765,536,376
48.690109890109895,-2.040593047034765,604,376
48.76593406593407,-2.040593047034765,607,376
46.94615384615385,-2.0477505112474437,535,377
48.66483516483517,-2.0477505112474437,603,377
48.74065934065934,-2.0477505112474437,606,377
46.92087912087912,-2.054907975460123,534,378
46.996703296703295,-2.054907975460123,537,378
47.93186813186813,-2.054907975460123,574,378
46.238461538461536,-2.0620654396728013,507,379
46.31428571428572,-2.0620654396728013,510,379
46.92087912087912,-2.0620654396728013,534,379
46.996703296703295,-2.0620654396728013,537,379
47.93186813186813,-2.0620654396728013,574,379
50.434065934065934,-2.0620654396728013,673,379
50.50989010989011,-2.0620654396728013,676,379
46.26373626373626,-2.0692229038854806,508,380
46.339560439560444,-2.0692229038854806,511,380
46.94615384615385,-2.0692229038854806,535,380
47.88131868131868,-2.0692229038854806,572,380
47.957142857142856,-2.0692229038854806,575,380
50.45934065934066,-2.0692229038854806,674,380
50.535164835164835,-2.0692229038854806,677,380
50.91428571428572,-2.0692229038854806,692,380
46.238461538461536,-2.0763803680981594,507,381
46.31428571428572,-2.0763803680981594,510,381
47.90659340659341,-2.0763803680981594,573,381
47.98241758241758,-2.0763803680981594,576,381
50.48461538461539,-2.0763803680981594,675,381
50.863736263736264,-2.0763803680981594,690,381
50.93956043956044,-2.0763803680981594,693,381
51.87472527472528,-2.0763803680981594,730,381
51.95054945054945,-2.0763803680981594,733,381
46.28901098901099,-2.0835378323108382,509,382
47.88131868131868,-2.0835378323108382,572,382
47.957142857142856,-2.0835378323108382,575,382
50.45934065934066,-2.0835378323108382,674,382
50.535164835164835,-2.0835378323108382,677,382
50.91428571428572,-2.0835378323108382,692,382
51.84945054945055,-2.0835378323108382,729,382
51.92527472527473,-2.0835378323108382,732,382
53.23956043956044,-2.0835378323108382,784,382
53.315384615384616,-2.0835378323108382,787,382
46.28901098901099,-2.0906952965235175,509,383
50.434065934065934,-2.0906952965235175,673,383
50.50989010989011,-2.0906952965235175,676,383
50.88901098901099,-2.0906952965235175,691,383
50.964835164835165,-2.0906952965235175,694,383
51.900000000000006,-2.0906952965235175,731,383
53.214285714285715,-2.0906952965235175,783,383
53.29010989010989,-2.0906952965235175,786,383
50.88901098901099,-2.097852760736196,691,384
50.964835164835165,-2.097852760736196,694,384
51.900000000000006,-2.097852760736196,731,384
53.214285714285715,-2.097852760736196,783,384
53.29010989010989,-2.097852760736196,786,384
47.22417582417582,-2.105010224948875,546,385
47.3,-2.105010224948875,549,385
51.900000000000006,-2.105010224948875,731,385
53.214285714285715,-2.105010224948875,783,385
53.29010989010989,-2.105010224948875,786,385
47.22417582417582,-2.112167689161554,546,386
47.3,-2.112167689161554,549,386
53.26483516483516,-2.112167689161554,785,386
47.1989010989011,-2.119325153374233,545,387
47.27472527472528,-2.119325153374233,548,387
47.22417582417582,-2.126482617586912,546,388
47.3,-2.126482617586912,549,388
47.24945054945055,-2.1336400817995913,547,389
36.63406593406593,-2.1407975460122697,127,390
36.709890109890104,-2.1407975460122697,130,390
36.65934065934066,-2.1479550102249485,128,391
36.73516483516483,-2.1479550102249485,131,391
36.684615384615384,-2.1551124744376278,129,392
48.48791208791209,-2.1551124744376278,596,392
48.56373626373627,-2.1551124744376278,599,392
36.65934065934066,-2.1622699386503066,128,393
36.73516483516483,-2.1622699386503066,131,393
48.53846153846154,-2.1622699386503066,598,393
36.63406593406593,-2.169427402862986,127,394
36.709890109890104,-2.169427402862986,130,394
40.7032967032967,-2.169427402862986,288,394
40.779120879120875,-2.169427402862986,291,394
48.53846153846154,-2.169427402862986,598,394
40.678021978021974,-2.1765848670756642,287,395
40.753846153846155,-2.1765848670756642,290,395
48.51318681318681,-2.1765848670756642,597,395
48.58901098901099,-2.1765848670756642,600,395
40.72857142857143,-2.1837423312883435,289,396
48.48791208791209,-2.1837423312883435,596,396
48.56373626373627,-2.1837423312883435,599,396
40.7032967032967,-2.1908997955010223,288,397
40.779120879120875,-2.1908997955010223,291,397
49.145054945054945,-2.1908997955010223,622,397
40.678021978021974,-2.1980572597137016,287,398
40.753846153846155,-2.1980572597137016,290,398
49.119780219780225,-2.1980572597137016,621,398
49.1956043956044,-2.1980572597137016,624,398
51.24285714285715,-2.1980572597137016,705,398
49.0945054945055,-2.2052147239263804,620,399
49.17032967032967,-2.2052147239263804,623,399
51.21758241758242,-2.2052147239263804,704,399
51.293406593406594,-2.2052147239263804,707,399
49.145054945054945,-2.2123721881390592,622,400
51.19230769230769,-2.2123721881390592,703,400
51.268131868131874,-2.2123721881390592,706,400
49.119780219780225,-2.219529652351738,621,401
49.1956043956044,-2.219529652351738,624,401
51.24285714285715,-2.219529652351738,705,401
51.19230769230769,-2.226687116564417,703,402
51.268131868131874,-2.226687116564417,706,402
52.026373626373626,-2.2553169734151326,736,406
52.10219780219781,-2.2553169734151326,739,406
52.05164835164835,-2.2624744376278114,737,407
52.0010989010989,-2.2696319018404907,735,408
52.07692307692308,-2.2696319018404907,738,408
52.026373626373626,-2.2767893660531695,736,409
52.10219780219781,-2.2767893660531695,739,409
49.119780219780225,-2.2839468302658488,621,410
52.0010989010989,-2.2839468302658488,735,410
52.07692307692308,-2.2839468302658488,738,410
49.0945054945055,-2.2911042944785276,620,411
49.17032967032967,-2.2911042944785276,623,411
49.119780219780225,-2.2982617586912064,621,412
49.06923076923077,-2.3054192229038852,619,413
49.145054945054945,-2.3054192229038852,622,413
49.0945054945055,-2.3125766871165645,620,414
49.17032967032967,-2.3125766871165645,623,414
45.85934065934066,-2.4342535787321062,492,431
45.808791208791206,-2.441411042944785,490,432
45.88461538461539,-2.441411042944785,493,432
45.83406593406593,-2.4485685071574643,491,433
45.909890109890114,-2.4485685071574643,494,433
45.85934065934066,-2.455725971370143,492,434
45.808791208791206,-2.462883435582822,490,435
45.88461538461539,-2.462883435582822,493,435
46.971428571428575,-2.462883435582822,536,435
47.04725274725275,-2.462883435582822,539,435
45.32857142857143,-2.470040899795501,471,436
46.94615384615385,-2.470040899795501,535,436
47.02197802197802,-2.470040899795501,538,436
45.3032967032967,-2.47719836400818,470,437
45.379120879120876,-2.47719836400818,473,437
46.996703296703295,-2.47719836400818,537,437
45.278021978021975,-2.484355828220859,469,438
45.353846153846156,-2.484355828220859,472,438
46.971428571428575,-2.484355828220859,536,438
47.04725274725275,-2.484355828220859,539,438
45.32857142857143,-2.4915132924335377,471,439
46.94615384615385,-2.4915132924335377,535,439
47.02197802197802,-2.4915132924335377,538,439
49.776923076923076,-2.4915132924335377,647,439
49.85274725274725,-2.4915132924335377,650,439
45.32857142857143,-2.4986707566462165,471,440
49.751648351648356,-2.4986707566462165,646,440
49.82747252747253,-2.4986707566462165,649,440
49.776923076923076,-2.5058282208588953,647,441
49.85274725274725,-2.5058282208588953,650,441
38.58021978021978,-2.5129856850715746,204,442
49.751648351648356,-2.5129856850715746,646,442
49.82747252747253,-2.5129856850715746,649,442
38.55494505494505,-2.5201431492842534,203,443
38.63076923076923,-2.5201431492842534,206,443
40.17252747252747,-2.5201431492842534,267,443
49.751648351648356,-2.5201431492842534,646,443
49.82747252747253,-2.5201431492842534,649,443
38.55494505494505,-2.5273006134969327,203,444
38.63076923076923,-2.5273006134969327,206,444
40.17252747252747,-2.5273006134969327,267,444
38.529670329670324,-2.5344580777096115,202,445
38.605494505494505,-2.5344580777096115,205,445
40.14725274725274,-2.5344580777096115,266,445
40.223076923076924,-2.5344580777096115,269,445
38.58021978021978,-2.5416155419222903,204,446
40.12197802197802,-2.5416155419222903,265,446
40.1978021978022,-2.5416155419222903,268,446
40.14725274725274,-2.548773006134969,266,447
40.223076923076924,-2.548773006134969,269,447
44.6967032967033,-2.591717791411043,446,453
44.646153846153844,-2.598875255623722,444,454
44.72197802197802,-2.598875255623722,447,454
44.67142857142857,-2.606032719836401,445,455
44.747252747252745,-2.606032719836401,448,455
51.697802197802204,-2.606032719836401,723,455
44.646153846153844,-2.61319018404908,444,456
44.72197802197802,-2.61319018404908,447,456
51.67252747252748,-2.61319018404908,722,456
51.74835164835165,-2.61319018404908,725,456
44.6967032967033,-2.6203476482617583,446,457
51.64725274725275,-2.6203476482617583,721,457
51.723076923076924,-2.6203476482617583,724,457
51.67252747252748,-2.6275051124744375,722,458
51.74835164835165,-2.6275051124744375,725,458
51.697802197802204,-2.6346625766871163,723,459
42.34615384615385,-2.6489775051124744,353,461
42.42197802197802,-2.6489775051124744,356,461
42.371428571428574,-2.6561349693251532,354,462
42.44725274725275,-2.6561349693251532,357,462
42.39670329670329,-2.663292433537832,355,463
42.34615384615385,-2.6704498977505113,353,464
42.42197802197802,-2.6704498977505113,356,464
42.371428571428574,-2.67760736196319,354,465
42.44725274725275,-2.67760736196319,357,465
37.19010989010989,-2.7634969325153373,149,477
42.62417582417582,-2.7634969325153373,364,477
42.7,-2.7634969325153373,367,477
37.16483516483516,-2.7706543967280166,148,478
37.24065934065934,-2.7706543967280166,151,478
42.674725274725276,-2.7706543967280166,366,478
37.13956043956044,-2.777811860940695,147,479
37.215384615384615,-2.777811860940695,150,479
42.64945054945055,-2.777811860940695,365,479
42.72527472527472,-2.777811860940695,368,479
37.19010989010989,-2.7849693251533743,149,480
42.62417582417582,-2.7849693251533743,364,480
42.7,-2.7849693251533743,367,480
37.16483516483516,-2.792126789366053,148,481
37.24065934065934,-2.792126789366053,151,481
42.674725274725276,-2.792126789366053,366,481
40.98131868131868,-2.835071574642127,299,487
41.05714285714286,-2.835071574642127,302,487
52.91098901098901,-2.835071574642127,771,487
52.986813186813194,-2.835071574642127,774,487
41.03186813186813,-2.8422290388548057,301,488
52.885714285714286,-2.8422290388548057,770,488
52.96153846153847,-2.8422290388548057,773,488
41.0065934065934,-2.849386503067485,300,489
41.082417582417584,-2.849386503067485,303,489
52.93626373626374,-2.849386503067485,772,489
40.98131868131868,-2.8565439672801634,299,490
41.05714285714286,-2.8565439672801634,302,490
52.91098901098901,-2.8565439672801634,771,490
52.986813186813194,-2.8565439672801634,774,490
41.03186813186813,-2.863701431492842,301,491
52.885714285714286,-2.863701431492842,770,491
52.96153846153847,-2.863701431492842,773,491
44.8989010989011,-2.9710633946830263,454,506
44.97472527472527,-2.9710633946830263,457,506
44.924175824175826,-2.978220858895705,455,507
44.87362637362637,-2.9853783231083844,453,508
44.949450549450546,-2.9853783231083844,456,508
44.8989010989011,-2.992535787321063,454,509
44.97472527472527,-2.992535787321063,457,509
44.924175824175826,-2.9996932515337424,455,510
35.825274725274724,-3.135685071574642,95,529
37.49340659340659,-3.15,161,531
40.04615384615384,-3.15,262,531
44.97472527472527,-3.15,457,531
47.527472527472526,-3.15,558,531
52.48131868131868,-3.15,754,531
