u_g_approx,g_r_approx,pixel_x,pixel_y,class
-2.2252419354838713,2.0525471698113207,108,63,QSO
-2.2334005376344086,2.0431446540880502,107,64,QSO
-2.2089247311827958,2.0431446540880502,110,64,QSO
-2.2252419354838713,2.03374213836478,108,65,QSO
-2.2007661290322584,2.03374213836478,111,65,QSO
-2.2170833333333335,2.0243396226415094,109,66,QSO
-2.2252419354838713,2.014937106918239,108,67,QSO
1.176895161290323,2.0055345911949685,525,68,QSO
1.1687365591397851,1.996132075471698,524,69,QSO
1.193212365591398,1.996132075471698,527,69,QSO
1.176895161290323,1.9867295597484276,525,70,QSO
1.2013709677419357,1.9867295597484276,528,70,QSO
1.1850537634408602,1.9773270440251571,526,71,QSO
1.176895161290323,1.9679245283018867,525,72,QSO
2.9065188172043013,1.6482389937106916,737,106,QSO
2.898360215053763,1.6388364779874212,736,107,QSO
2.922836021505376,1.6388364779874212,739,107,QSO
2.9065188172043013,1.6294339622641507,737,108,QSO
2.930994623655914,1.6294339622641507,740,108,QSO
2.9146774193548386,1.6200314465408803,738,109,QSO
2.9065188172043013,1.6106289308176098,737,110,QSO
-1.2135752688172043,1.460188679245283,232,126,QSO
-1.221733870967742,1.4507861635220125,231,127,QSO
-1.197258064516129,1.4507861635220125,234,127,QSO
-1.2135752688172043,1.441383647798742,232,128,QSO
-1.1890994623655915,1.441383647798742,235,128,QSO
-1.2054166666666668,1.4319811320754716,233,129,QSO
-1.2135752688172043,1.4225786163522012,232,130,QSO
0.9566129032258068,1.39437106918239,498,133,QSO
0.9484543010752691,1.3849685534591196,497,134,QSO
0.9729301075268819,1.3849685534591196,500,134,QSO
0.9810887096774197,1.3755660377358492,501,135,QSO
0.4589381720430108,1.1875157232704403,437,155,QSO
0.45077956989247303,1.1781132075471699,436,156,QSO
0.43446236559139795,1.1687106918238994,434,157,QSO
0.4589381720430108,1.1687106918238994,437,157,QSO
0.4426209677419357,1.159308176100629,435,158,QSO
0.46709677419354856,1.159308176100629,438,158,QSO
0.4589381720430108,1.1499056603773585,437,159,QSO
0.9239784946236558,1.0934905660377356,494,165,QSO
0.9076612903225802,1.0840880503144652,492,166,QSO
0.9321370967741931,1.0840880503144652,495,166,QSO
0.9076612903225802,1.0746855345911948,492,167,QSO
0.9321370967741931,1.0746855345911948,495,167,QSO
0.9076612903225802,1.0652830188679243,492,168,QSO
0.9321370967741931,1.0652830188679243,495,168,QSO
0.915819892473118,1.0558805031446539,493,169,QSO
0.8913440860215052,1.018270440251572,490,173,QSO
0.8831854838709674,1.0088679245283017,489,174,QSO
0.9076612903225802,1.0088679245283017,492,174,QSO
0.8995026881720425,0.9994654088050312,491,175,QSO
0.8995026881720425,0.9900628930817608,491,176,QSO
0.8995026881720425,0.9806603773584903,491,177,QSO
0.7200134408602148,0.8960377358490565,469,186,QSO
0.7036962365591397,0.8866352201257861,467,187,QSO
0.7281720430107526,0.8866352201257861,470,187,QSO
0.7036962365591397,0.8772327044025157,467,188,QSO
0.7281720430107526,0.8772327044025157,470,188,QSO
0.711854838709677,0.8678301886792452,468,189,QSO
0.7363306451612903,0.8678301886792452,471,189,QSO
0.7281720430107526,0.8584276729559748,470,190,QSO
0.8342338709677417,0.8114150943396226,483,195,QSO
0.826075268817204,0.8020125786163521,482,196,QSO
0.4997311827956987,0.7926100628930817,442,197,QSO
0.5486827956989249,0.7926100628930817,448,197,QSO
0.8097580645161289,0.7926100628930817,480,197,QSO
0.8342338709677417,0.7926100628930817,483,197,QSO
0.3447177419354839,0.7832075471698112,423,198,QSO
0.4997311827956987,0.7832075471698112,442,198,QSO
0.524206989247312,0.7832075471698112,445,198,QSO
0.5568413978494622,0.7832075471698112,449,198,QSO
0.8097580645161289,0.7832075471698112,480,198,QSO
0.8342338709677417,0.7832075471698112,483,198,QSO
0.3365591397849461,0.7738050314465408,422,199,QSO
0.36103494623655896,0.7738050314465408,425,199,QSO
0.5078897849462365,0.7738050314465408,443,199,QSO
0.5405241935483871,0.7738050314465408,447,199,QSO
0.565,0.7738050314465408,450,199,QSO
0.826075268817204,0.7738050314465408,482,199,QSO
0.3365591397849461,0.7644025157232703,422,200,QSO
0.36103494623655896,0.7644025157232703,425,200,QSO
0.5078897849462365,0.7644025157232703,443,200,QSO
0.5405241935483871,0.7644025157232703,447,200,QSO
0.565,0.7644025157232703,450,200,QSO
0.3365591397849461,0.7549999999999999,422,201,QSO
0.36103494623655896,0.7549999999999999,425,201,QSO
0.5160483870967743,0.7549999999999999,444,201,QSO
0.565,0.7549999999999999,450,201,QSO
0.3528763440860212,0.7455974842767294,424,202,QSO
0.6629032258064513,0.736194968553459,462,203,QSO
0.7444892473118276,0.7267924528301886,472,204,QSO
0.7363306451612903,0.7173899371069181,471,205,QSO
0.7608064516129032,0.7173899371069181,474,205,QSO
0.5405241935483871,0.7079874213836477,447,206,QSO
0.7444892473118276,0.7079874213836477,472,206,QSO
0.7689650537634405,0.7079874213836477,475,206,QSO
0.4099865591397851,0.6985849056603772,431,207,QSO
0.5405241935483871,0.6985849056603772,447,207,QSO
0.7363306451612903,0.6985849056603772,471,207,QSO
0.7608064516129032,0.6985849056603772,474,207,QSO
0.3936693548387096,0.6891823899371068,429,208,QSO
0.41814516129032286,0.6891823899371068,432,208,QSO
0.5405241935483871,0.6891823899371068,447,208,QSO
0.7444892473118276,0.6891823899371068,472,208,QSO
0.38551075268817225,0.6797798742138363,428,209,QSO
0.4099865591397851,0.6797798742138363,431,209,QSO
0.5323655913978493,0.6797798742138363,446,209,QSO
0.5568413978494622,0.6797798742138363,449,209,QSO
0.40182795698924734,0.6703773584905659,430,210,QSO
0.5323655913978493,0.6703773584905659,446,210,QSO
0.6384274193548385,0.6703773584905659,459,210,QSO
0.3936693548387096,0.6609748427672955,429,211,QSO
0.6302688172043012,0.6609748427672955,458,211,QSO
0.654744623655914,0.6609748427672955,461,211,QSO
0.06732526881720435,0.651572327044025,389,212,QSO
0.32840053763440835,0.651572327044025,421,212,QSO
0.5976344086021506,0.651572327044025,454,212,QSO
0.6384274193548385,0.651572327044025,459,212,QSO
0.6629032258064513,0.651572327044025,462,212,QSO
0.06732526881720435,0.6421698113207546,389,213,QSO
0.2549731182795698,0.6421698113207546,412,213,QSO
0.31208333333333327,0.6421698113207546,419,213,QSO
0.3365591397849461,0.6421698113207546,422,213,QSO
0.4752553763440859,0.6421698113207546,439,213,QSO
0.5894758064516128,0.6421698113207546,453,213,QSO
0.6139516129032256,0.6421698113207546,456,213,QSO
0.6465860215053763,0.6421698113207546,460,213,QSO
0.05100806451612927,0.6327672955974841,387,214,QSO
0.24681451612903205,0.6327672955974841,411,214,QSO
0.2712903225806449,0.6327672955974841,414,214,QSO
0.3202419354838706,0.6327672955974841,420,214,QSO
0.3447177419354839,0.6327672955974841,423,214,QSO
0.4752553763440859,0.6327672955974841,439,214,QSO
0.581317204301075,0.6327672955974841,452,214,QSO
0.6057930107526879,0.6327672955974841,455,214,QSO
0.6465860215053763,0.6327672955974841,460,214,QSO
0.05916666666666659,0.6233647798742137,388,215,QSO
0.2631317204301076,0.6233647798742137,413,215,QSO
0.31208333333333327,0.6233647798742137,419,215,QSO
0.3365591397849461,0.6233647798742137,422,215,QSO
0.46709677419354856,0.6233647798742137,438,215,QSO
0.4915725806451614,0.6233647798742137,441,215,QSO
0.5976344086021506,0.6233647798742137,454,215,QSO
0.05916666666666659,0.6139622641509432,388,216,QSO
0.2631317204301076,0.6139622641509432,413,216,QSO
0.3202419354838706,0.6139622641509432,420,216,QSO
0.45077956989247303,0.6139622641509432,436,216,QSO
0.4752553763440859,0.6139622641509432,439,216,QSO
0.5894758064516128,0.6139622641509432,453,216,QSO
0.654744623655914,0.6139622641509432,461,216,QSO
0.2549731182795698,0.6045597484276728,412,217,QSO
0.45077956989247303,0.6045597484276728,436,217,QSO
0.4752553763440859,0.6045597484276728,439,217,QSO
0.6465860215053763,0.6045597484276728,460,217,QSO
0.6710618279569891,0.6045597484276728,463,217,QSO
0.7036962365591397,0.6045597484276728,467,217,QSO
-0.11216397849462378,0.5951572327044024,367,218,QSO
0.4589381720430108,0.5951572327044024,437,218,QSO
0.48341397849462364,0.5951572327044024,440,218,QSO
0.6629032258064513,0.5951572327044024,462,218,QSO
0.6873790322580642,0.5951572327044024,465,218,QSO
0.711854838709677,0.5951572327044024,468,218,QSO
-0.12032258064516155,0.5857547169811319,366,219,QSO
-0.0958467741935487,0.5857547169811319,369,219,QSO
0.45077956989247303,0.5857547169811319,436,219,QSO
0.4752553763440859,0.5857547169811319,439,219,QSO
0.6629032258064513,0.5857547169811319,462,219,QSO
0.6873790322580642,0.5857547169811319,465,219,QSO
0.711854838709677,0.5857547169811319,468,219,QSO
-0.12032258064516155,0.5763522012578615,366,220,QSO
-0.0958467741935487,0.5763522012578615,369,220,QSO
0.43446236559139795,0.5763522012578615,434,220,QSO
0.4589381720430108,0.5763522012578615,437,220,QSO
0.565,0.5763522012578615,450,220,QSO
0.654744623655914,0.5763522012578615,461,220,QSO
0.6792204301075269,0.5763522012578615,464,220,QSO
0.7036962365591397,0.5763522012578615,467,220,QSO
-0.12848118279569887,0.566949685534591,365,221,QSO
-0.10400537634408602,0.566949685534591,368,221,QSO
0.1733870967741935,0.566949685534591,402,221,QSO
0.31208333333333327,0.566949685534591,419,221,QSO
0.41814516129032286,0.566949685534591,432,221,QSO
0.4426209677419357,0.566949685534591,435,221,QSO
0.5486827956989249,0.566949685534591,448,221,QSO
0.5731586021505377,0.566949685534591,451,221,QSO
0.654744623655914,0.566949685534591,461,221,QSO
0.695537634408602,0.566949685534591,466,221,QSO
-0.177432795698925,0.5575471698113206,359,222,QSO
-0.12032258064516155,0.5575471698113206,366,222,QSO
0.15706989247311842,0.5575471698113206,400,222,QSO
0.18154569892473127,0.5575471698113206,403,222,QSO
0.2223387096774192,0.5575471698113206,408,222,QSO
0.3039247311827955,0.5575471698113206,418,222,QSO
0.32840053763440835,0.5575471698113206,421,222,QSO
0.4263037634408602,0.5575471698113206,433,222,QSO
0.4915725806451614,0.5575471698113206,441,222,QSO
0.5160483870967743,0.5575471698113206,444,222,QSO
0.5568413978494622,0.5575471698113206,449,222,QSO
0.6384274193548385,0.5575471698113206,459,222,QSO
0.6629032258064513,0.5575471698113206,462,222,QSO
-0.177432795698925,0.5481446540880501,359,223,QSO
-0.15295698924731216,0.5481446540880501,362,223,QSO
0.1733870967741935,0.5481446540880501,402,223,QSO
0.20602150537634412,0.5481446540880501,406,223,QSO
0.23049731182795696,0.5481446540880501,409,223,QSO
0.27944892473118266,0.5481446540880501,415,223,QSO
0.3039247311827955,0.5481446540880501,418,223,QSO
0.32840053763440835,0.5481446540880501,421,223,QSO
0.4263037634408602,0.5481446540880501,433,223,QSO
0.4915725806451614,0.5481446540880501,441,223,QSO
0.5160483870967743,0.5481446540880501,444,223,QSO
0.5568413978494622,0.5481446540880501,449,223,QSO
0.6465860215053763,0.5481446540880501,460,223,QSO
-0.18559139784946233,0.5387421383647799,358,224,QSO
-0.16111559139784948,0.5387421383647799,361,224,QSO
0.05100806451612927,0.5387421383647799,387,224,QSO
0.16522849462365574,0.5387421383647799,401,224,QSO
0.1897043010752686,0.5387421383647799,404,224,QSO
0.2223387096774192,0.5387421383647799,408,224,QSO
0.2631317204301076,0.5387421383647799,413,224,QSO
0.2876075268817204,0.5387421383647799,416,224,QSO
0.31208333333333327,0.5387421383647799,419,224,QSO
0.41814516129032286,0.5387421383647799,432,224,QSO
0.4915725806451614,0.5387421383647799,441,224,QSO
0.5160483870967743,0.5387421383647799,444,224,QSO
0.565,0.5387421383647799,450,224,QSO
-0.16927419354838724,0.5293396226415095,360,225,QSO
0.03469086021505374,0.5293396226415095,385,225,QSO
0.05916666666666659,0.5293396226415095,388,225,QSO
0.1733870967741935,0.5293396226415095,402,225,QSO
0.21418010752688144,0.5293396226415095,407,225,QSO
0.23865591397849473,0.5293396226415095,410,225,QSO
0.27944892473118266,0.5293396226415095,415,225,QSO
0.3039247311827955,0.5293396226415095,418,225,QSO
0.4997311827956987,0.5293396226415095,442,225,QSO
0.524206989247312,0.5293396226415095,445,225,QSO
-0.16927419354838724,0.519937106918239,360,226,QSO
0.042849462365591506,0.519937106918239,386,226,QSO
0.06732526881720435,0.519937106918239,389,226,QSO
0.16522849462365574,0.519937106918239,401,226,QSO
0.23049731182795696,0.519937106918239,409,226,QSO
0.27944892473118266,0.519937106918239,415,226,QSO
0.4997311827956987,0.519937106918239,442,226,QSO
0.524206989247312,0.519937106918239,445,226,QSO
0.6302688172043012,0.519937106918239,458,226,QSO
0.05100806451612927,0.5105345911949686,387,227,QSO
0.1407526881720429,0.5105345911949686,398,227,QSO
0.16522849462365574,0.5105345911949686,401,227,QSO
0.27944892473118266,0.5105345911949686,415,227,QSO
0.5078897849462365,0.5105345911949686,443,227,QSO
0.5976344086021506,0.5105345911949686,454,227,QSO
0.6221102150537634,0.5105345911949686,457,227,QSO
0.8668682795698923,0.5105345911949686,487,227,QSO
0.042849462365591506,0.5011320754716981,386,228,QSO
0.1407526881720429,0.5011320754716981,398,228,QSO
0.16522849462365574,0.5011320754716981,401,228,QSO
0.4915725806451614,0.5011320754716981,441,228,QSO
0.5160483870967743,0.5011320754716981,444,228,QSO
0.6057930107526879,0.5011320754716981,455,228,QSO
0.8668682795698923,0.5011320754716981,487,228,QSO
0.8913440860215052,0.5011320754716981,490,228,QSO
0.05100806451612927,0.4917295597484277,387,229,QSO
0.14891129032258066,0.4917295597484277,399,229,QSO
0.1733870967741935,0.4917295597484277,402,229,QSO
0.48341397849462364,0.4917295597484277,440,229,QSO
0.6057930107526879,0.4917295597484277,455,229,QSO
0.8750268817204296,0.4917295597484277,488,229,QSO
0.02653225806451598,0.48232704402515725,384,230,QSO
0.05100806451612927,0.48232704402515725,387,230,QSO
0.07548387096774212,0.48232704402515725,390,230,QSO
0.16522849462365574,0.48232704402515725,401,230,QSO
0.6057930107526879,0.48232704402515725,455,230,QSO
0.8750268817204296,0.48232704402515725,488,230,QSO
0.03469086021505374,0.4729245283018868,385,231,QSO
0.05916666666666659,0.4729245283018868,388,231,QSO
0.08364247311827944,0.4729245283018868,391,231,QSO
0.1733870967741935,0.4729245283018868,402,231,QSO
0.3039247311827955,0.4729245283018868,418,231,QSO
0.5976344086021506,0.4729245283018868,454,231,QSO
0.8750268817204296,0.4729245283018868,488,231,QSO
0.03469086021505374,0.46352201257861636,385,232,QSO
0.05916666666666659,0.46352201257861636,388,232,QSO
0.08364247311827944,0.46352201257861636,391,232,QSO
0.10811827956989228,0.46352201257861636,394,232,QSO
0.18154569892473127,0.46352201257861636,403,232,QSO
0.2223387096774192,0.46352201257861636,408,232,QSO
0.29576612903225774,0.46352201257861636,417,232,QSO
0.3202419354838706,0.46352201257861636,420,232,QSO
0.3528763440860212,0.46352201257861636,424,232,QSO
0.6139516129032256,0.46352201257861636,456,232,QSO
0.8423924731182795,0.46352201257861636,484,232,QSO
0.05100806451612927,0.4541194968553459,387,233,QSO
0.07548387096774212,0.4541194968553459,390,233,QSO
0.09995967741935496,0.4541194968553459,393,233,QSO
0.1733870967741935,0.4541194968553459,402,233,QSO
0.19786290322580635,0.4541194968553459,405,233,QSO
0.2223387096774192,0.4541194968553459,408,233,QSO
0.24681451612903205,0.4541194968553459,411,233,QSO
0.31208333333333327,0.4541194968553459,419,233,QSO
0.3365591397849461,0.4541194968553459,422,233,QSO
0.36103494623655896,0.4541194968553459,425,233,QSO
0.6139516129032256,0.4541194968553459,456,233,QSO
0.6384274193548385,0.4541194968553459,459,233,QSO
0.8342338709677417,0.4541194968553459,483,233,QSO
1.4869220430107526,0.4541194968553459,563,233,QSO
0.05916666666666659,0.4447169811320755,388,234,QSO
0.08364247311827944,0.4447169811320755,391,234,QSO
0.10811827956989228,0.4447169811320755,394,234,QSO
0.18154569892473127,0.4447169811320755,403,234,QSO
0.20602150537634412,0.4447169811320755,406,234,QSO
0.23049731182795696,0.4447169811320755,409,234,QSO
0.29576612903225774,0.4447169811320755,417,234,QSO
0.3202419354838706,0.4447169811320755,420,234,QSO
0.3447177419354839,0.4447169811320755,423,234,QSO
0.3691935483870967,0.4447169811320755,426,234,QSO
0.4589381720430108,0.4447169811320755,437,234,QSO
0.6302688172043012,0.4447169811320755,458,234,QSO
0.8342338709677417,0.4447169811320755,483,234,QSO
1.4787634408602148,0.4447169811320755,562,234,QSO
1.5032392473118277,0.4447169811320755,565,234,QSO
0.0918010752688172,0.43531446540880503,392,235,QSO
0.18154569892473127,0.43531446540880503,403,235,QSO
0.20602150537634412,0.43531446540880503,406,235,QSO
0.23049731182795696,0.43531446540880503,409,235,QSO
0.2549731182795698,0.43531446540880503,412,235,QSO
0.27944892473118266,0.43531446540880503,415,235,QSO
0.3039247311827955,0.43531446540880503,418,235,QSO
0.3365591397849461,0.43531446540880503,422,235,QSO
0.36103494623655896,0.43531446540880503,425,235,QSO
0.4426209677419357,0.43531446540880503,435,235,QSO
0.46709677419354856,0.43531446540880503,438,235,QSO
0.8342338709677417,0.43531446540880503,483,235,QSO
1.4787634408602148,0.43531446540880503,562,235,QSO
1.5032392473118277,0.43531446540880503,565,235,QSO
0.18154569892473127,0.4259119496855346,403,236,QSO
0.20602150537634412,0.4259119496855346,406,236,QSO
0.23049731182795696,0.4259119496855346,409,236,QSO
0.2549731182795698,0.4259119496855346,412,236,QSO
0.27944892473118266,0.4259119496855346,415,236,QSO
0.3039247311827955,0.4259119496855346,418,236,QSO
0.3447177419354839,0.4259119496855346,423,236,QSO
0.43446236559139795,0.4259119496855346,434,236,QSO
0.4589381720430108,0.4259119496855346,437,236,QSO
0.8342338709677417,0.4259119496855346,483,236,QSO
1.4869220430107526,0.4259119496855346,563,236,QSO
1.5113978494623654,0.4259119496855346,566,236,QSO
0.11627688172043005,0.41650943396226414,395,237,QSO
0.19786290322580635,0.41650943396226414,405,237,QSO
0.2223387096774192,0.41650943396226414,408,237,QSO
0.24681451612903205,0.41650943396226414,411,237,QSO
0.29576612903225774,0.41650943396226414,417,237,QSO
0.3202419354838706,0.41650943396226414,420,237,QSO
0.43446236559139795,0.41650943396226414,434,237,QSO
0.4589381720430108,0.41650943396226414,437,237,QSO
0.4997311827956987,0.41650943396226414,442,237,QSO
1.4950806451612904,0.41650943396226414,564,237,QSO
0.09995967741935496,0.4071069182389937,393,238,QSO
0.12443548387096781,0.4071069182389937,396,238,QSO
0.19786290322580635,0.4071069182389937,405,238,QSO
0.2223387096774192,0.4071069182389937,408,238,QSO
0.2876075268817204,0.4071069182389937,416,238,QSO
0.31208333333333327,0.4071069182389937,419,238,QSO
0.3365591397849461,0.4071069182389937,422,238,QSO
0.36103494623655896,0.4071069182389937,425,238,QSO
0.4426209677419357,0.4071069182389937,435,238,QSO
0.48341397849462364,0.4071069182389937,440,238,QSO
0.5078897849462365,0.4071069182389937,443,238,QSO
0.8505510752688168,0.4071069182389937,485,238,QSO
0.010215053763440896,0.39770440251572325,382,239,QSO
0.10811827956989228,0.39770440251572325,394,239,QSO
0.13259408602150513,0.39770440251572325,397,239,QSO
0.21418010752688144,0.39770440251572325,407,239,QSO
0.23865591397849473,0.39770440251572325,410,239,QSO
0.3039247311827955,0.39770440251572325,418,239,QSO
0.32840053763440835,0.39770440251572325,421,239,QSO
0.3528763440860212,0.39770440251572325,424,239,QSO
0.3773521505376345,0.39770440251572325,427,239,QSO
0.41814516129032286,0.39770440251572325,432,239,QSO
0.4915725806451614,0.39770440251572325,441,239,QSO
0.5160483870967743,0.39770440251572325,444,239,QSO
-0.014260752688172396,0.3883018867924528,379,240,QSO
0.010215053763440896,0.3883018867924528,382,240,QSO
0.03469086021505374,0.3883018867924528,385,240,QSO
0.09995967741935496,0.3883018867924528,393,240,QSO
0.12443548387096781,0.3883018867924528,396,240,QSO
0.14891129032258066,0.3883018867924528,399,240,QSO
0.20602150537634412,0.3883018867924528,406,240,QSO
0.23049731182795696,0.3883018867924528,409,240,QSO
0.29576612903225774,0.3883018867924528,417,240,QSO
0.3202419354838706,0.3883018867924528,420,240,QSO
0.3447177419354839,0.3883018867924528,423,240,QSO
0.3691935483870967,0.3883018867924528,426,240,QSO
0.40182795698924734,0.3883018867924528,430,240,QSO
0.4263037634408602,0.3883018867924528,433,240,QSO
0.4915725806451614,0.3883018867924528,441,240,QSO
0.5160483870967743,0.3883018867924528,444,240,QSO
-0.014260752688172396,0.37889937106918237,379,241,QSO
0.010215053763440896,0.37889937106918237,382,241,QSO
0.03469086021505374,0.37889937106918237,385,241,QSO
0.09995967741935496,0.37889937106918237,393,241,QSO
0.12443548387096781,0.37889937106918237,396,241,QSO
0.14891129032258066,0.37889937106918237,399,241,QSO
0.1897043010752686,0.37889937106918237,404,241,QSO
0.21418010752688144,0.37889937106918237,407,241,QSO
0.23865591397849473,0.37889937106918237,410,241,QSO
0.3202419354838706,0.37889937106918237,420,241,QSO
0.3447177419354839,0.37889937106918237,423,241,QSO
0.3691935483870967,0.37889937106918237,426,241,QSO
0.3936693548387096,0.37889937106918237,429,241,QSO
0.41814516129032286,0.37889937106918237,432,241,QSO
0.48341397849462364,0.37889937106918237,440,241,QSO
0.5078897849462365,0.37889937106918237,443,241,QSO
0.5486827956989249,0.37889937106918237,448,241,QSO
0.8423924731182795,0.37889937106918237,484,241,QSO
1.674569892473118,0.37889937106918237,586,241,QSO
-0.006102150537634632,0.3694968553459119,380,242,QSO
0.01837365591397866,0.3694968553459119,383,242,QSO
0.042849462365591506,0.3694968553459119,386,242,QSO
0.09995967741935496,0.3694968553459119,393,242,QSO
0.12443548387096781,0.3694968553459119,396,242,QSO
0.16522849462365574,0.3694968553459119,401,242,QSO
0.1897043010752686,0.3694968553459119,404,242,QSO
0.21418010752688144,0.3694968553459119,407,242,QSO
0.23865591397849473,0.3694968553459119,410,242,QSO
0.2631317204301076,0.3694968553459119,413,242,QSO
0.2876075268817204,0.3694968553459119,416,242,QSO
0.3528763440860212,0.3694968553459119,424,242,QSO
0.3773521505376345,0.3694968553459119,427,242,QSO
0.40182795698924734,0.3694968553459119,430,242,QSO
0.4263037634408602,0.3694968553459119,433,242,QSO
0.45077956989247303,0.3694968553459119,436,242,QSO
0.4997311827956987,0.3694968553459119,442,242,QSO
0.5323655913978493,0.3694968553459119,446,242,QSO
0.5568413978494622,0.3694968553459119,449,242,QSO
0.8423924731182795,0.3694968553459119,484,242,QSO
0.9321370967741931,0.3694968553459119,495,242,QSO
1.674569892473118,0.3694968553459119,586,242,QSO
-0.006102150537634632,0.3600943396226415,380,243,QSO
0.01837365591397866,0.3600943396226415,383,243,QSO
0.042849462365591506,0.3600943396226415,386,243,QSO
0.0918010752688172,0.3600943396226415,392,243,QSO
0.11627688172043005,0.3600943396226415,395,243,QSO
0.1733870967741935,0.3600943396226415,402,243,QSO
0.19786290322580635,0.3600943396226415,405,243,QSO
0.2223387096774192,0.3600943396226415,408,243,QSO
0.24681451612903205,0.3600943396226415,411,243,QSO
0.2712903225806449,0.3600943396226415,414,243,QSO
0.29576612903225774,0.3600943396226415,417,243,QSO
0.3202419354838706,0.3600943396226415,420,243,QSO
0.3447177419354839,0.3600943396226415,423,243,QSO
0.38551075268817225,0.3600943396226415,428,243,QSO
0.4099865591397851,0.3600943396226415,431,243,QSO
0.43446236559139795,0.3600943396226415,434,243,QSO
0.4589381720430108,0.3600943396226415,437,243,QSO
0.4997311827956987,0.3600943396226415,442,243,QSO
0.5323655913978493,0.3600943396226415,446,243,QSO
0.5568413978494622,0.3600943396226415,449,243,QSO
0.6629032258064513,0.3600943396226415,462,243,QSO
0.9239784946236558,0.3600943396226415,494,243,QSO
1.0055645161290325,0.3600943396226415,504,243,QSO
1.6664112903225807,0.3600943396226415,585,243,QSO
1.6908870967741936,0.3600943396226415,588,243,QSO
1.731680107526882,0.3600943396226415,593,243,QSO
0.010215053763440896,0.35069182389937104,382,244,QSO
0.03469086021505374,0.35069182389937104,385,244,QSO
0.0918010752688172,0.35069182389937104,392,244,QSO
0.11627688172043005,0.35069182389937104,395,244,QSO
0.16522849462365574,0.35069182389937104,401,244,QSO
0.1897043010752686,0.35069182389937104,404,244,QSO
0.21418010752688144,0.35069182389937104,407,244,QSO
0.23865591397849473,0.35069182389937104,410,244,QSO
0.2631317204301076,0.35069182389937104,413,244,QSO
0.2876075268817204,0.35069182389937104,416,244,QSO
0.31208333333333327,0.35069182389937104,419,244,QSO
0.3365591397849461,0.35069182389937104,422,244,QSO
0.3691935483870967,0.35069182389937104,426,244,QSO
0.3936693548387096,0.35069182389937104,429,244,QSO
0.41814516129032286,0.35069182389937104,432,244,QSO
0.4426209677419357,0.35069182389937104,435,244,QSO
0.48341397849462364,0.35069182389937104,440,244,QSO
0.5078897849462365,0.35069182389937104,443,244,QSO
0.5405241935483871,0.35069182389937104,447,244,QSO
0.565,0.35069182389937104,450,244,QSO
0.6629032258064513,0.35069182389937104,462,244,QSO
0.785282258064516,0.35069182389937104,477,244,QSO
0.826075268817204,0.35069182389937104,482,244,QSO
0.9321370967741931,0.35069182389937104,495,244,QSO
1.0137231182795703,0.35069182389937104,505,244,QSO
1.674569892473118,0.35069182389937104,586,244,QSO
1.707204301075269,0.35069182389937104,590,244,QSO
1.731680107526882,0.35069182389937104,593,244,QSO
0.002056451612903132,0.3412893081761006,381,245,QSO
0.02653225806451598,0.3412893081761006,384,245,QSO
0.0918010752688172,0.3412893081761006,392,245,QSO
0.11627688172043005,0.3412893081761006,395,245,QSO
0.16522849462365574,0.3412893081761006,401,245,QSO
0.1897043010752686,0.3412893081761006,404,245,QSO
0.21418010752688144,0.3412893081761006,407,245,QSO
0.23865591397849473,0.3412893081761006,410,245,QSO
0.2631317204301076,0.3412893081761006,413,245,QSO
0.2876075268817204,0.3412893081761006,416,245,QSO
0.31208333333333327,0.3412893081761006,419,245,QSO
0.3365591397849461,0.3412893081761006,422,245,QSO
0.36103494623655896,0.3412893081761006,425,245,QSO
0.38551075268817225,0.3412893081761006,428,245,QSO
0.4099865591397851,0.3412893081761006,431,245,QSO
0.43446236559139795,0.3412893081761006,434,245,QSO
0.4589381720430108,0.3412893081761006,437,245,QSO
0.4997311827956987,0.3412893081761006,442,245,QSO
0.5405241935483871,0.3412893081761006,447,245,QSO
0.6139516129032256,0.3412893081761006,456,245,QSO
0.6465860215053763,0.3412893081761006,460,245,QSO
0.6710618279569891,0.3412893081761006,463,245,QSO
0.7934408602150533,0.3412893081761006,478,245,QSO
0.8179166666666662,0.3412893081761006,481,245,QSO
0.915819892473118,0.3412893081761006,493,245,QSO
0.9974059139784948,0.3412893081761006,503,245,QSO
1.0218817204301076,0.3412893081761006,506,245,QSO
1.6827284946236554,0.3412893081761006,587,245,QSO
1.7235215053763446,0.3412893081761006,592,245,QSO
-0.014260752688172396,0.33188679245283015,379,246,QSO
0.010215053763440896,0.33188679245283015,382,246,QSO
0.042849462365591506,0.33188679245283015,386,246,QSO
0.10811827956989228,0.33188679245283015,394,246,QSO
0.16522849462365574,0.33188679245283015,401,246,QSO
0.1897043010752686,0.33188679245283015,404,246,QSO
0.21418010752688144,0.33188679245283015,407,246,QSO
0.23865591397849473,0.33188679245283015,410,246,QSO
0.2631317204301076,0.33188679245283015,413,246,QSO
0.2876075268817204,0.33188679245283015,416,246,QSO
0.31208333333333327,0.33188679245283015,419,246,QSO
0.3365591397849461,0.33188679245283015,422,246,QSO
0.3691935483870967,0.33188679245283015,426,246,QSO
0.3936693548387096,0.33188679245283015,429,246,QSO
0.43446236559139795,0.33188679245283015,434,246,QSO
0.4589381720430108,0.33188679245283015,437,246,QSO
0.4997311827956987,0.33188679245283015,442,246,QSO
0.6057930107526879,0.33188679245283015,455,246,QSO
0.6302688172043012,0.33188679245283015,458,246,QSO
0.654744623655914,0.33188679245283015,461,246,QSO
0.6792204301075269,0.33188679245283015,464,246,QSO
0.7934408602150533,0.33188679245283015,478,246,QSO
0.8179166666666662,0.33188679245283015,481,246,QSO
1.0137231182795703,0.33188679245283015,505,246,QSO
1.7153629032258064,0.33188679245283015,591,246,QSO
1.7398387096774193,0.33188679245283015,594,246,QSO
0.002056451612903132,0.3224842767295597,381,247,QSO
0.02653225806451598,0.3224842767295597,384,247,QSO
0.15706989247311842,0.3224842767295597,400,247,QSO
0.18154569892473127,0.3224842767295597,403,247,QSO
0.20602150537634412,0.3224842767295597,406,247,QSO
0.23049731182795696,0.3224842767295597,409,247,QSO
0.2549731182795698,0.3224842767295597,412,247,QSO
0.27944892473118266,0.3224842767295597,415,247,QSO
0.3039247311827955,0.3224842767295597,418,247,QSO
0.32840053763440835,0.3224842767295597,421,247,QSO
0.3528763440860212,0.3224842767295597,424,247,QSO
0.3936693548387096,0.3224842767295597,429,247,QSO
0.4426209677419357,0.3224842767295597,435,247,QSO
0.46709677419354856,0.3224842767295597,438,247,QSO
0.4997311827956987,0.3224842767295597,442,247,QSO
0.5568413978494622,0.3224842767295597,449,247,QSO
0.6057930107526879,0.3224842767295597,455,247,QSO
0.6302688172043012,0.3224842767295597,458,247,QSO
0.6629032258064513,0.3224842767295597,462,247,QSO
0.7771236559139783,0.3224842767295597,476,247,QSO
0.8015994623655911,0.3224842767295597,479,247,QSO
0.826075268817204,0.3224842767295597,482,247,QSO
1.7235215053763446,0.3224842767295597,592,247,QSO
-0.006102150537634632,0.31308176100628926,380,248,QSO
0.01837365591397866,0.31308176100628926,383,248,QSO
0.16522849462365574,0.31308176100628926,401,248,QSO
0.1897043010752686,0.31308176100628926,404,248,QSO
0.21418010752688144,0.31308176100628926,407,248,QSO
0.23865591397849473,0.31308176100628926,410,248,QSO
0.2631317204301076,0.31308176100628926,413,248,QSO
0.2876075268817204,0.31308176100628926,416,248,QSO
0.31208333333333327,0.31308176100628926,419,248,QSO
0.3365591397849461,0.31308176100628926,422,248,QSO
0.36103494623655896,0.31308176100628926,425,248,QSO
0.4263037634408602,0.31308176100628926,433,248,QSO
0.45077956989247303,0.31308176100628926,436,248,QSO
0.4752553763440859,0.31308176100628926,439,248,QSO
0.5568413978494622,0.31308176100628926,449,248,QSO
0.581317204301075,0.31308176100628926,452,248,QSO
0.6221102150537634,0.31308176100628926,457,248,QSO
0.7036962365591397,0.31308176100628926,467,248,QSO
0.7689650537634405,0.31308176100628926,475,248,QSO
0.7934408602150533,0.31308176100628926,478,248,QSO
0.8179166666666662,0.31308176100628926,481,248,QSO
1.4787634408602148,0.31308176100628926,562,248,QSO
0.002056451612903132,0.3036792452830188,381,249,QSO
0.05916666666666659,0.3036792452830188,388,249,QSO
0.18154569892473127,0.3036792452830188,403,249,QSO
0.20602150537634412,0.3036792452830188,406,249,QSO
0.23049731182795696,0.3036792452830188,409,249,QSO
0.2549731182795698,0.3036792452830188,412,249,QSO
0.27944892473118266,0.3036792452830188,415,249,QSO
0.3039247311827955,0.3036792452830188,418,249,QSO
0.3528763440860212,0.3036792452830188,424,249,QSO
0.3773521505376345,0.3036792452830188,427,249,QSO
0.43446236559139795,0.3036792452830188,434,249,QSO
0.4589381720430108,0.3036792452830188,437,249,QSO
0.48341397849462364,0.3036792452830188,440,249,QSO
0.5486827956989249,0.3036792452830188,448,249,QSO
0.5731586021505377,0.3036792452830188,451,249,QSO
0.6139516129032256,0.3036792452830188,456,249,QSO
0.6384274193548385,0.3036792452830188,459,249,QSO
0.711854838709677,0.3036792452830188,468,249,QSO
0.7363306451612903,0.3036792452830188,471,249,QSO
0.7771236559139783,0.3036792452830188,476,249,QSO
0.8015994623655911,0.3036792452830188,479,249,QSO
1.470604838709677,0.3036792452830188,561,249,QSO
1.4950806451612904,0.3036792452830188,564,249,QSO
0.1407526881720429,0.2942767295597484,398,250,QSO
0.16522849462365574,0.2942767295597484,401,250,QSO
0.1897043010752686,0.2942767295597484,404,250,QSO
0.21418010752688144,0.2942767295597484,407,250,QSO
0.23865591397849473,0.2942767295597484,410,250,QSO
0.2631317204301076,0.2942767295597484,413,250,QSO
0.3039247311827955,0.2942767295597484,418,250,QSO
0.36103494623655896,0.2942767295597484,425,250,QSO
0.38551075268817225,0.2942767295597484,428,250,QSO
0.45077956989247303,0.2942767295597484,436,250,QSO
0.4752553763440859,0.2942767295597484,439,250,QSO
0.4997311827956987,0.2942767295597484,442,250,QSO
0.5568413978494622,0.2942767295597484,449,250,QSO
0.581317204301075,0.2942767295597484,452,250,QSO
0.6221102150537634,0.2942767295597484,457,250,QSO
0.6629032258064513,0.2942767295597484,462,250,QSO
0.6873790322580642,0.2942767295597484,465,250,QSO
0.711854838709677,0.2942767295597484,468,250,QSO
0.7363306451612903,0.2942767295597484,471,250,QSO
0.7608064516129032,0.2942767295597484,474,250,QSO
0.785282258064516,0.2942767295597484,477,250,QSO
1.1524193548387096,0.2942767295597484,522,250,QSO
1.4624462365591397,0.2942767295597484,560,250,QSO
1.4869220430107526,0.2942767295597484,563,250,QSO
0.12443548387096781,0.28487421383647793,396,251,QSO
0.14891129032258066,0.28487421383647793,399,251,QSO
0.1733870967741935,0.28487421383647793,402,251,QSO
0.19786290322580635,0.28487421383647793,405,251,QSO
0.2223387096774192,0.28487421383647793,408,251,QSO
0.2712903225806449,0.28487421383647793,414,251,QSO
0.3528763440860212,0.28487421383647793,424,251,QSO
0.3773521505376345,0.28487421383647793,427,251,QSO
0.45077956989247303,0.28487421383647793,436,251,QSO
0.4752553763440859,0.28487421383647793,439,251,QSO
0.4997311827956987,0.28487421383647793,442,251,QSO
0.565,0.28487421383647793,450,251,QSO
0.6139516129032256,0.28487421383647793,456,251,QSO
0.6384274193548385,0.28487421383647793,459,251,QSO
0.6710618279569891,0.28487421383647793,463,251,QSO
0.695537634408602,0.28487421383647793,466,251,QSO
0.7200134408602148,0.28487421383647793,469,251,QSO
0.7444892473118276,0.28487421383647793,472,251,QSO
0.7689650537634405,0.28487421383647793,475,251,QSO
0.7934408602150533,0.28487421383647793,478,251,QSO
0.8750268817204296,0.28487421383647793,488,251,QSO
1.1605779569892474,0.28487421383647793,523,251,QSO
1.4624462365591397,0.28487421383647793,560,251,QSO
1.4869220430107526,0.28487421383647793,563,251,QSO
0.09995967741935496,0.2754716981132075,393,252,QSO
0.12443548387096781,0.2754716981132075,396,252,QSO
0.14891129032258066,0.2754716981132075,399,252,QSO
0.1733870967741935,0.2754716981132075,402,252,QSO
0.19786290322580635,0.2754716981132075,405,252,QSO
0.2223387096774192,0.2754716981132075,408,252,QSO
0.2631317204301076,0.2754716981132075,413,252,QSO
0.2876075268817204,0.2754716981132075,416,252,QSO
0.3528763440860212,0.2754716981132075,424,252,QSO
0.3773521505376345,0.2754716981132075,427,252,QSO
0.4752553763440859,0.2754716981132075,439,252,QSO
0.4997311827956987,0.2754716981132075,442,252,QSO
0.6302688172043012,0.2754716981132075,458,252,QSO
0.6710618279569891,0.2754716981132075,463,252,QSO
0.695537634408602,0.2754716981132075,466,252,QSO
0.7200134408602148,0.2754716981132075,469,252,QSO
0.7444892473118276,0.2754716981132075,472,252,QSO
0.7689650537634405,0.2754716981132075,475,252,QSO
0.7934408602150533,0.2754716981132075,478,252,QSO
0.8668682795698923,0.2754716981132075,487,252,QSO
1.1442607526881723,0.2754716981132075,521,252,QSO
1.1687365591397851,0.2754716981132075,524,252,QSO
1.4787634408602148,0.2754716981132075,562,252,QSO
0.0918010752688172,0.26606918238993704,392,253,QSO
0.11627688172043005,0.26606918238993704,395,253,QSO
0.1407526881720429,0.26606918238993704,398,253,QSO
0.16522849462365574,0.26606918238993704,401,253,QSO
0.1897043010752686,0.26606918238993704,404,253,QSO
0.21418010752688144,0.26606918238993704,407,253,QSO
0.23865591397849473,0.26606918238993704,410,253,QSO
0.27944892473118266,0.26606918238993704,415,253,QSO
0.3447177419354839,0.26606918238993704,423,253,QSO
0.3691935483870967,0.26606918238993704,426,253,QSO
0.46709677419354856,0.26606918238993704,438,253,QSO
0.4915725806451614,0.26606918238993704,441,253,QSO
0.654744623655914,0.26606918238993704,461,253,QSO
0.6792204301075269,0.26606918238993704,464,253,QSO
0.7036962365591397,0.26606918238993704,467,253,QSO
0.7281720430107526,0.26606918238993704,470,253,QSO
0.7526478494623654,0.26606918238993704,473,253,QSO
0.7771236559139783,0.26606918238993704,476,253,QSO
0.8015994623655911,0.26606918238993704,479,253,QSO
0.8668682795698923,0.26606918238993704,487,253,QSO
1.1442607526881723,0.26606918238993704,521,253,QSO
1.1687365591397851,0.26606918238993704,524,253,QSO
1.6827284946236554,0.26606918238993704,587,253,QSO
2.000913978494624,0.26606918238993704,626,253,QSO
0.03469086021505374,0.2566666666666666,385,254,QSO
0.0918010752688172,0.2566666666666666,392,254,QSO
0.11627688172043005,0.2566666666666666,395,254,QSO
0.1407526881720429,0.2566666666666666,398,254,QSO
0.16522849462365574,0.2566666666666666,401,254,QSO
0.1897043010752686,0.2566666666666666,404,254,QSO
0.21418010752688144,0.2566666666666666,407,254,QSO
0.23865591397849473,0.2566666666666666,410,254,QSO
0.27944892473118266,0.2566666666666666,415,254,QSO
0.36103494623655896,0.2566666666666666,425,254,QSO
0.3936693548387096,0.2566666666666666,429,254,QSO
0.43446236559139795,0.2566666666666666,434,254,QSO
0.4589381720430108,0.2566666666666666,437,254,QSO
0.48341397849462364,0.2566666666666666,440,254,QSO
0.5078897849462365,0.2566666666666666,443,254,QSO
0.5323655913978493,0.2566666666666666,446,254,QSO
0.5568413978494622,0.2566666666666666,449,254,QSO
0.6221102150537634,0.2566666666666666,457,254,QSO
0.6465860215053763,0.2566666666666666,460,254,QSO
0.6710618279569891,0.2566666666666666,463,254,QSO
0.695537634408602,0.2566666666666666,466,254,QSO
0.7200134408602148,0.2566666666666666,469,254,QSO
0.7444892473118276,0.2566666666666666,472,254,QSO
0.7689650537634405,0.2566666666666666,475,254,QSO
0.7934408602150533,0.2566666666666666,478,254,QSO
0.8505510752688168,0.2566666666666666,485,254,QSO
0.8750268817204296,0.2566666666666666,488,254,QSO
1.1605779569892474,0.2566666666666666,523,254,QSO
1.674569892473118,0.2566666666666666,586,254,QSO
1.699045698924731,0.2566666666666666,589,254,QSO
2.000913978494624,0.2566666666666666,626,254,QSO
0.01837365591397866,0.24726415094339638,383,255,QSO
0.042849462365591506,0.24726415094339638,386,255,QSO
0.0918010752688172,0.24726415094339638,392,255,QSO
0.11627688172043005,0.24726415094339638,395,255,QSO
0.1407526881720429,0.24726415094339638,398,255,QSO
0.16522849462365574,0.24726415094339638,401,255,QSO
0.1897043010752686,0.24726415094339638,404,255,QSO
0.21418010752688144,0.24726415094339638,407,255,QSO
0.23865591397849473,0.24726415094339638,410,255,QSO
0.2631317204301076,0.24726415094339638,413,255,QSO
0.3528763440860212,0.24726415094339638,424,255,QSO
0.3773521505376345,0.24726415094339638,427,255,QSO
0.40182795698924734,0.24726415094339638,430,255,QSO
0.4263037634408602,0.24726415094339638,433,255,QSO
0.45077956989247303,0.24726415094339638,436,255,QSO
0.4752553763440859,0.24726415094339638,439,255,QSO
0.4997311827956987,0.24726415094339638,442,255,QSO
0.524206989247312,0.24726415094339638,445,255,QSO
0.5486827956989249,0.24726415094339638,448,255,QSO
0.5731586021505377,0.24726415094339638,451,255,QSO
0.6221102150537634,0.24726415094339638,457,255,QSO
0.6465860215053763,0.24726415094339638,460,255,QSO
0.7200134408602148,0.24726415094339638,469,255,QSO
0.7444892473118276,0.24726415094339638,472,255,QSO
0.7771236559139783,0.24726415094339638,476,255,QSO
0.8015994623655911,0.24726415094339638,479,255,QSO
0.8750268817204296,0.24726415094339638,488,255,QSO
1.6827284946236554,0.24726415094339638,587,255,QSO
1.9845967741935486,0.24726415094339638,624,255,QSO
2.0090725806451615,0.24726415094339638,627,255,QSO
0.010215053763440896,0.23786163522012593,382,256,QSO
0.03469086021505374,0.23786163522012593,385,256,QSO
0.10811827956989228,0.23786163522012593,394,256,QSO
0.13259408602150513,0.23786163522012593,397,256,QSO
0.15706989247311842,0.23786163522012593,400,256,QSO
0.18154569892473127,0.23786163522012593,403,256,QSO
0.20602150537634412,0.23786163522012593,406,256,QSO
0.23049731182795696,0.23786163522012593,409,256,QSO
0.2549731182795698,0.23786163522012593,412,256,QSO
0.3202419354838706,0.23786163522012593,420,256,QSO
0.3447177419354839,0.23786163522012593,423,256,QSO
0.3691935483870967,0.23786163522012593,426,256,QSO
0.3936693548387096,0.23786163522012593,429,256,QSO
0.41814516129032286,0.23786163522012593,432,256,QSO
0.4426209677419357,0.23786163522012593,435,256,QSO
0.46709677419354856,0.23786163522012593,438,256,QSO
0.4915725806451614,0.23786163522012593,441,256,QSO
0.5160483870967743,0.23786163522012593,444,256,QSO
0.5405241935483871,0.23786163522012593,447,256,QSO
0.565,0.23786163522012593,450,256,QSO
0.6139516129032256,0.23786163522012593,456,256,QSO
0.6384274193548385,0.23786163522012593,459,256,QSO
0.711854838709677,0.23786163522012593,468,256,QSO
0.7771236559139783,0.23786163522012593,476,256,QSO
0.8015994623655911,0.23786163522012593,479,256,QSO
1.6827284946236554,0.23786163522012593,587,256,QSO
1.9845967741935486,0.23786163522012593,624,256,QSO
2.0090725806451615,0.23786163522012593,627,256,QSO
0.002056451612903132,0.2284591194968555,381,257,QSO
0.02653225806451598,0.2284591194968555,384,257,QSO
0.05100806451612927,0.2284591194968555,387,257,QSO
0.13259408602150513,0.2284591194968555,397,257,QSO
0.15706989247311842,0.2284591194968555,400,257,QSO
0.18154569892473127,0.2284591194968555,403,257,QSO
0.20602150537634412,0.2284591194968555,406,257,QSO
0.23049731182795696,0.2284591194968555,409,257,QSO
0.2549731182795698,0.2284591194968555,412,257,QSO
0.3202419354838706,0.2284591194968555,420,257,QSO
0.3447177419354839,0.2284591194968555,423,257,QSO
0.3691935483870967,0.2284591194968555,426,257,QSO
0.3936693548387096,0.2284591194968555,429,257,QSO
0.41814516129032286,0.2284591194968555,432,257,QSO
0.4426209677419357,0.2284591194968555,435,257,QSO
0.48341397849462364,0.2284591194968555,440,257,QSO
0.5078897849462365,0.2284591194968555,443,257,QSO
0.5323655913978493,0.2284591194968555,446,257,QSO
0.5568413978494622,0.2284591194968555,449,257,QSO
0.581317204301075,0.2284591194968555,452,257,QSO
0.6302688172043012,0.2284591194968555,458,257,QSO
0.654744623655914,0.2284591194968555,461,257,QSO
0.6792204301075269,0.2284591194968555,464,257,QSO
0.711854838709677,0.2284591194968555,468,257,QSO
0.7363306451612903,0.2284591194968555,471,257,QSO
0.8015994623655911,0.2284591194968555,479,257,QSO
1.6908870967741936,0.2284591194968555,588,257,QSO
2.0090725806451615,0.2284591194968555,627,257,QSO
0.010215053763440896,0.21905660377358505,382,258,QSO
0.03469086021505374,0.21905660377358505,385,258,QSO
0.05916666666666659,0.21905660377358505,388,258,QSO
0.12443548387096781,0.21905660377358505,396,258,QSO
0.14891129032258066,0.21905660377358505,399,258,QSO
0.1733870967741935,0.21905660377358505,402,258,QSO
0.19786290322580635,0.21905660377358505,405,258,QSO
0.2223387096774192,0.21905660377358505,408,258,QSO
0.24681451612903205,0.21905660377358505,411,258,QSO
0.2712903225806449,0.21905660377358505,414,258,QSO
0.3202419354838706,0.21905660377358505,420,258,QSO
0.3447177419354839,0.21905660377358505,423,258,QSO
0.3691935483870967,0.21905660377358505,426,258,QSO
0.3936693548387096,0.21905660377358505,429,258,QSO
0.41814516129032286,0.21905660377358505,432,258,QSO
0.4426209677419357,0.21905660377358505,435,258,QSO
0.4915725806451614,0.21905660377358505,441,258,QSO
0.5160483870967743,0.21905660377358505,444,258,QSO
0.5405241935483871,0.21905660377358505,447,258,QSO
0.565,0.21905660377358505,450,258,QSO
0.6139516129032256,0.21905660377358505,456,258,QSO
0.6384274193548385,0.21905660377358505,459,258,QSO
0.6629032258064513,0.21905660377358505,462,258,QSO
0.6873790322580642,0.21905660377358505,465,258,QSO
0.711854838709677,0.21905660377358505,468,258,QSO
0.7363306451612903,0.21905660377358505,471,258,QSO
0.7771236559139783,0.21905660377358505,476,258,QSO
1.454287634408602,0.21905660377358505,559,258,QSO
1.4787634408602148,0.21905660377358505,562,258,QSO
-0.006102150537634632,0.2096540880503146,380,259,QSO
0.01837365591397866,0.2096540880503146,383,259,QSO
0.042849462365591506,0.2096540880503146,386,259,QSO
0.06732526881720435,0.2096540880503146,389,259,QSO
0.13259408602150513,0.2096540880503146,397,259,QSO
0.15706989247311842,0.2096540880503146,400,259,QSO
0.20602150537634412,0.2096540880503146,406,259,QSO
0.23049731182795696,0.2096540880503146,409,259,QSO
0.2549731182795698,0.2096540880503146,412,259,QSO
0.27944892473118266,0.2096540880503146,415,259,QSO
0.3202419354838706,0.2096540880503146,420,259,QSO
0.3447177419354839,0.2096540880503146,423,259,QSO
0.3691935483870967,0.2096540880503146,426,259,QSO
0.3936693548387096,0.2096540880503146,429,259,QSO
0.41814516129032286,0.2096540880503146,432,259,QSO
0.4426209677419357,0.2096540880503146,435,259,QSO
0.46709677419354856,0.2096540880503146,438,259,QSO
0.4997311827956987,0.2096540880503146,442,259,QSO
0.524206989247312,0.2096540880503146,445,259,QSO
0.5486827956989249,0.2096540880503146,448,259,QSO
0.5731586021505377,0.2096540880503146,451,259,QSO
0.6139516129032256,0.2096540880503146,456,259,QSO
0.6384274193548385,0.2096540880503146,459,259,QSO
0.6629032258064513,0.2096540880503146,462,259,QSO
0.6873790322580642,0.2096540880503146,465,259,QSO
0.711854838709677,0.2096540880503146,468,259,QSO
0.7363306451612903,0.2096540880503146,471,259,QSO
0.7608064516129032,0.2096540880503146,474,259,QSO
0.785282258064516,0.2096540880503146,477,259,QSO
0.9484543010752691,0.2096540880503146,497,259,QSO
1.4461290322580642,0.2096540880503146,558,259,QSO
1.470604838709677,0.2096540880503146,561,259,QSO
1.4950806451612904,0.2096540880503146,564,259,QSO
0.010215053763440896,0.20025157232704416,382,260,QSO
0.03469086021505374,0.20025157232704416,385,260,QSO
0.05916666666666659,0.20025157232704416,388,260,QSO
0.10811827956989228,0.20025157232704416,394,260,QSO
0.13259408602150513,0.20025157232704416,397,260,QSO
0.19786290322580635,0.20025157232704416,405,260,QSO
0.2223387096774192,0.20025157232704416,408,260,QSO
0.24681451612903205,0.20025157232704416,411,260,QSO
0.2712903225806449,0.20025157232704416,414,260,QSO
0.29576612903225774,0.20025157232704416,417,260,QSO
0.3365591397849461,0.20025157232704416,422,260,QSO
0.36103494623655896,0.20025157232704416,425,260,QSO
0.38551075268817225,0.20025157232704416,428,260,QSO
0.45077956989247303,0.20025157232704416,436,260,QSO
0.4752553763440859,0.20025157232704416,439,260,QSO
0.4997311827956987,0.20025157232704416,442,260,QSO
0.524206989247312,0.20025157232704416,445,260,QSO
0.5486827956989249,0.20025157232704416,448,260,QSO
0.5731586021505377,0.20025157232704416,451,260,QSO
0.6139516129032256,0.20025157232704416,456,260,QSO
0.6384274193548385,0.20025157232704416,459,260,QSO
0.6629032258064513,0.20025157232704416,462,260,QSO
0.6873790322580642,0.20025157232704416,465,260,QSO
0.711854838709677,0.20025157232704416,468,260,QSO
0.7363306451612903,0.20025157232704416,471,260,QSO
0.7608064516129032,0.20025157232704416,474,260,QSO
0.785282258064516,0.20025157232704416,477,260,QSO
0.9402956989247309,0.20025157232704416,496,260,QSO
0.9647715053763442,0.20025157232704416,499,260,QSO
1.454287634408602,0.20025157232704416,559,260,QSO
1.4787634408602148,0.20025157232704416,562,260,QSO
1.5032392473118277,0.20025157232704416,565,260,QSO
0.03469086021505374,0.19084905660377371,385,261,QSO
0.05916666666666659,0.19084905660377371,388,261,QSO
0.09995967741935496,0.19084905660377371,393,261,QSO
0.12443548387096781,0.19084905660377371,396,261,QSO
0.14891129032258066,0.19084905660377371,399,261,QSO
0.1897043010752686,0.19084905660377371,404,261,QSO
0.21418010752688144,0.19084905660377371,407,261,QSO
0.23865591397849473,0.19084905660377371,410,261,QSO
0.2631317204301076,0.19084905660377371,413,261,QSO
0.2876075268817204,0.19084905660377371,416,261,QSO
0.3447177419354839,0.19084905660377371,423,261,QSO
0.3691935483870967,0.19084905660377371,426,261,QSO
0.4589381720430108,0.19084905660377371,437,261,QSO
0.48341397849462364,0.19084905660377371,440,261,QSO
0.5078897849462365,0.19084905660377371,443,261,QSO
0.5323655913978493,0.19084905660377371,446,261,QSO
0.5731586021505377,0.19084905660377371,451,261,QSO
0.6221102150537634,0.19084905660377371,457,261,QSO
0.6710618279569891,0.19084905660377371,463,261,QSO
0.695537634408602,0.19084905660377371,466,261,QSO
0.7200134408602148,0.19084905660377371,469,261,QSO
0.7444892473118276,0.19084905660377371,472,261,QSO
0.7689650537634405,0.19084905660377371,475,261,QSO
0.7934408602150533,0.19084905660377371,478,261,QSO
0.9484543010752691,0.19084905660377371,497,261,QSO
1.437970430107527,0.19084905660377371,557,261,QSO
1.4624462365591397,0.19084905660377371,560,261,QSO
1.4869220430107526,0.19084905660377371,563,261,QSO
0.01837365591397866,0.18144654088050327,383,262,QSO
0.042849462365591506,0.18144654088050327,386,262,QSO
0.06732526881720435,0.18144654088050327,389,262,QSO
0.11627688172043005,0.18144654088050327,395,262,QSO
0.1407526881720429,0.18144654088050327,398,262,QSO
0.16522849462365574,0.18144654088050327,401,262,QSO
0.1897043010752686,0.18144654088050327,404,262,QSO
0.21418010752688144,0.18144654088050327,407,262,QSO
0.23865591397849473,0.18144654088050327,410,262,QSO
0.2631317204301076,0.18144654088050327,413,262,QSO
0.2876075268817204,0.18144654088050327,416,262,QSO
0.31208333333333327,0.18144654088050327,419,262,QSO
0.3365591397849461,0.18144654088050327,422,262,QSO
0.36103494623655896,0.18144654088050327,425,262,QSO
0.38551075268817225,0.18144654088050327,428,262,QSO
0.4752553763440859,0.18144654088050327,439,262,QSO
0.4997311827956987,0.18144654088050327,442,262,QSO
0.524206989247312,0.18144654088050327,445,262,QSO
0.6710618279569891,0.18144654088050327,463,262,QSO
0.695537634408602,0.18144654088050327,466,262,QSO
0.7200134408602148,0.18144654088050327,469,262,QSO
0.7444892473118276,0.18144654088050327,472,262,QSO
0.7689650537634405,0.18144654088050327,475,262,QSO
0.9321370967741931,0.18144654088050327,495,262,QSO
0.9566129032258068,0.18144654088050327,498,262,QSO
1.454287634408602,0.18144654088050327,559,262,QSO
1.4787634408602148,0.18144654088050327,562,262,QSO
0.01837365591397866,0.17204402515723283,383,263,QSO
0.042849462365591506,0.17204402515723283,386,263,QSO
0.10811827956989228,0.17204402515723283,394,263,QSO
0.13259408602150513,0.17204402515723283,397,263,QSO
0.15706989247311842,0.17204402515723283,400,263,QSO
0.18154569892473127,0.17204402515723283,403,263,QSO
0.20602150537634412,0.17204402515723283,406,263,QSO
0.23049731182795696,0.17204402515723283,409,263,QSO
0.2549731182795698,0.17204402515723283,412,263,QSO
0.27944892473118266,0.17204402515723283,415,263,QSO
0.3039247311827955,0.17204402515723283,418,263,QSO
0.32840053763440835,0.17204402515723283,421,263,QSO
0.3528763440860212,0.17204402515723283,424,263,QSO
0.3773521505376345,0.17204402515723283,427,263,QSO
0.46709677419354856,0.17204402515723283,438,263,QSO
0.4915725806451614,0.17204402515723283,441,263,QSO
0.5160483870967743,0.17204402515723283,444,263,QSO
0.6710618279569891,0.17204402515723283,463,263,QSO
0.695537634408602,0.17204402515723283,466,263,QSO
0.7363306451612903,0.17204402515723283,471,263,QSO
0.7608064516129032,0.17204402515723283,474,263,QSO
0.9566129032258068,0.17204402515723283,498,263,QSO
0.042849462365591506,0.16264150943396238,386,264,QSO
0.11627688172043005,0.16264150943396238,395,264,QSO
0.1407526881720429,0.16264150943396238,398,264,QSO
0.16522849462365574,0.16264150943396238,401,264,QSO
0.1897043010752686,0.16264150943396238,404,264,QSO
0.21418010752688144,0.16264150943396238,407,264,QSO
0.23865591397849473,0.16264150943396238,410,264,QSO
0.2712903225806449,0.16264150943396238,414,264,QSO
0.29576612903225774,0.16264150943396238,417,264,QSO
0.3202419354838706,0.16264150943396238,420,264,QSO
0.3447177419354839,0.16264150943396238,423,264,QSO
0.3691935483870967,0.16264150943396238,426,264,QSO
0.3936693548387096,0.16264150943396238,429,264,QSO
0.5160483870967743,0.16264150943396238,444,264,QSO
0.6710618279569891,0.16264150943396238,463,264,QSO
0.695537634408602,0.16264150943396238,466,264,QSO
1.3727016129032257,0.16264150943396238,549,264,QSO
-0.006102150537634632,0.15323899371069194,380,265,QSO
0.09995967741935496,0.15323899371069194,393,265,QSO
0.12443548387096781,0.15323899371069194,396,265,QSO
0.14891129032258066,0.15323899371069194,399,265,QSO
0.1733870967741935,0.15323899371069194,402,265,QSO
0.19786290322580635,0.15323899371069194,405,265,QSO
0.2223387096774192,0.15323899371069194,408,265,QSO
0.2712903225806449,0.15323899371069194,414,265,QSO
0.29576612903225774,0.15323899371069194,417,265,QSO
0.3202419354838706,0.15323899371069194,420,265,QSO
0.3447177419354839,0.15323899371069194,423,265,QSO
0.3691935483870967,0.15323899371069194,426,265,QSO
0.3936693548387096,0.15323899371069194,429,265,QSO
0.5160483870967743,0.15323899371069194,444,265,QSO
0.5486827956989249,0.15323899371069194,448,265,QSO
0.5731586021505377,0.15323899371069194,451,265,QSO
0.6629032258064513,0.15323899371069194,462,265,QSO
0.6873790322580642,0.15323899371069194,465,265,QSO
1.3563844086021506,0.15323899371069194,547,265,QSO
1.3808602150537634,0.15323899371069194,550,265,QSO
-0.014260752688172396,0.1438364779874215,379,266,QSO
0.07548387096774212,0.1438364779874215,390,266,QSO
0.09995967741935496,0.1438364779874215,393,266,QSO
0.12443548387096781,0.1438364779874215,396,266,QSO
0.16522849462365574,0.1438364779874215,401,266,QSO
0.1897043010752686,0.1438364779874215,404,266,QSO
0.2549731182795698,0.1438364779874215,412,266,QSO
0.27944892473118266,0.1438364779874215,415,266,QSO
0.3039247311827955,0.1438364779874215,418,266,QSO
0.32840053763440835,0.1438364779874215,421,266,QSO
0.36103494623655896,0.1438364779874215,425,266,QSO
0.38551075268817225,0.1438364779874215,428,266,QSO
0.41814516129032286,0.1438364779874215,432,266,QSO
0.4915725806451614,0.1438364779874215,441,266,QSO
0.5160483870967743,0.1438364779874215,444,266,QSO
0.5405241935483871,0.1438364779874215,447,266,QSO
0.565,0.1438364779874215,450,266,QSO
0.6057930107526879,0.1438364779874215,455,266,QSO
0.6302688172043012,0.1438364779874215,458,266,QSO
0.654744623655914,0.1438364779874215,461,266,QSO
0.6792204301075269,0.1438364779874215,464,266,QSO
1.3482258064516128,0.1438364779874215,546,266,QSO
1.3727016129032257,0.1438364779874215,549,266,QSO
-0.022419354838709715,0.13443396226415105,378,267,QSO
0.002056451612903132,0.13443396226415105,381,267,QSO
0.0918010752688172,0.13443396226415105,392,267,QSO
0.11627688172043005,0.13443396226415105,395,267,QSO
0.16522849462365574,0.13443396226415105,401,267,QSO
0.1897043010752686,0.13443396226415105,404,267,QSO
0.2549731182795698,0.13443396226415105,412,267,QSO
0.27944892473118266,0.13443396226415105,415,267,QSO
0.3039247311827955,0.13443396226415105,418,267,QSO
0.3691935483870967,0.13443396226415105,426,267,QSO
0.40182795698924734,0.13443396226415105,430,267,QSO
0.4263037634408602,0.13443396226415105,433,267,QSO
0.48341397849462364,0.13443396226415105,440,267,QSO
0.5078897849462365,0.13443396226415105,443,267,QSO
0.5323655913978493,0.13443396226415105,446,267,QSO
0.5568413978494622,0.13443396226415105,449,267,QSO
0.581317204301075,0.13443396226415105,452,267,QSO
0.6139516129032256,0.13443396226415105,456,267,QSO
0.6384274193548385,0.13443396226415105,459,267,QSO
0.6629032258064513,0.13443396226415105,462,267,QSO
0.6873790322580642,0.13443396226415105,465,267,QSO
0.8179166666666662,0.13443396226415105,481,267,QSO
1.3563844086021506,0.13443396226415105,547,267,QSO
1.3808602150537634,0.13443396226415105,550,267,QSO
-0.014260752688172396,0.1250314465408806,379,268,QSO
0.02653225806451598,0.1250314465408806,384,268,QSO
0.07548387096774212,0.1250314465408806,390,268,QSO
0.09995967741935496,0.1250314465408806,393,268,QSO
0.12443548387096781,0.1250314465408806,396,268,QSO
0.19786290322580635,0.1250314465408806,405,268,QSO
0.2712903225806449,0.1250314465408806,414,268,QSO
0.29576612903225774,0.1250314465408806,417,268,QSO
0.36103494623655896,0.1250314465408806,425,268,QSO
0.4099865591397851,0.1250314465408806,431,268,QSO
0.43446236559139795,0.1250314465408806,434,268,QSO
0.46709677419354856,0.1250314465408806,438,268,QSO
0.4915725806451614,0.1250314465408806,441,268,QSO
0.5160483870967743,0.1250314465408806,444,268,QSO
0.5405241935483871,0.1250314465408806,447,268,QSO
0.565,0.1250314465408806,450,268,QSO
0.5976344086021506,0.1250314465408806,454,268,QSO
0.6221102150537634,0.1250314465408806,457,268,QSO
0.6465860215053763,0.1250314465408806,460,268,QSO
0.6710618279569891,0.1250314465408806,463,268,QSO
0.695537634408602,0.1250314465408806,466,268,QSO
1.3563844086021506,0.1250314465408806,547,268,QSO
-0.022419354838709715,0.11562893081761016,378,269,QSO
0.01837365591397866,0.11562893081761016,383,269,QSO
0.042849462365591506,0.11562893081761016,386,269,QSO
0.0918010752688172,0.11562893081761016,392,269,QSO
0.2712903225806449,0.11562893081761016,414,269,QSO
0.29576612903225774,0.11562893081761016,417,269,QSO
0.36103494623655896,0.11562893081761016,425,269,QSO
0.40182795698924734,0.11562893081761016,430,269,QSO
0.4263037634408602,0.11562893081761016,433,269,QSO
0.45077956989247303,0.11562893081761016,436,269,QSO
0.4752553763440859,0.11562893081761016,439,269,QSO
0.4997311827956987,0.11562893081761016,442,269,QSO
0.524206989247312,0.11562893081761016,445,269,QSO
0.5486827956989249,0.11562893081761016,448,269,QSO
0.5731586021505377,0.11562893081761016,451,269,QSO
0.5976344086021506,0.11562893081761016,454,269,QSO
0.6221102150537634,0.11562893081761016,457,269,QSO
0.6465860215053763,0.11562893081761016,460,269,QSO
0.6710618279569891,0.11562893081761016,463,269,QSO
0.695537634408602,0.11562893081761016,466,269,QSO
0.785282258064516,0.11562893081761016,477,269,QSO
0.01837365591397866,0.10622641509433972,383,270,QSO
0.042849462365591506,0.10622641509433972,386,270,QSO
0.2712903225806449,0.10622641509433972,414,270,QSO
0.29576612903225774,0.10622641509433972,417,270,QSO
0.36103494623655896,0.10622641509433972,425,270,QSO
0.4099865591397851,0.10622641509433972,431,270,QSO
0.43446236559139795,0.10622641509433972,434,270,QSO
0.4589381720430108,0.10622641509433972,437,270,QSO
0.48341397849462364,0.10622641509433972,440,270,QSO
0.5078897849462365,0.10622641509433972,443,270,QSO
0.5323655913978493,0.10622641509433972,446,270,QSO
0.5568413978494622,0.10622641509433972,449,270,QSO
0.5894758064516128,0.10622641509433972,453,270,QSO
0.6139516129032256,0.10622641509433972,456,270,QSO
0.6384274193548385,0.10622641509433972,459,270,QSO
0.6629032258064513,0.10622641509433972,462,270,QSO
0.6873790322580642,0.10622641509433972,465,270,QSO
0.7771236559139783,0.10622641509433972,476,270,QSO
0.8015994623655911,0.10622641509433972,479,270,QSO
-0.06321236559139809,0.09682389937106928,373,271,QSO
0.03469086021505374,0.09682389937106928,385,271,QSO
0.19786290322580635,0.09682389937106928,405,271,QSO
0.2631317204301076,0.09682389937106928,413,271,QSO
0.2876075268817204,0.09682389937106928,416,271,QSO
0.3447177419354839,0.09682389937106928,423,271,QSO
0.3691935483870967,0.09682389937106928,426,271,QSO
0.41814516129032286,0.09682389937106928,432,271,QSO
0.4426209677419357,0.09682389937106928,435,271,QSO
0.46709677419354856,0.09682389937106928,438,271,QSO
0.4915725806451614,0.09682389937106928,441,271,QSO
0.5160483870967743,0.09682389937106928,444,271,QSO
0.5405241935483871,0.09682389937106928,447,271,QSO
0.581317204301075,0.09682389937106928,452,271,QSO
0.6057930107526879,0.09682389937106928,455,271,QSO
0.6302688172043012,0.09682389937106928,458,271,QSO
0.654744623655914,0.09682389937106928,461,271,QSO
0.6792204301075269,0.09682389937106928,464,271,QSO
0.7771236559139783,0.09682389937106928,476,271,QSO
0.8015994623655911,0.09682389937106928,479,271,QSO
0.8913440860215052,0.09682389937106928,490,271,QSO
-0.07137096774193585,0.08742138364779883,372,272,QSO
0.02653225806451598,0.08742138364779883,384,272,QSO
0.1897043010752686,0.08742138364779883,404,272,QSO
0.21418010752688144,0.08742138364779883,407,272,QSO
0.27944892473118266,0.08742138364779883,415,272,QSO
0.3039247311827955,0.08742138364779883,418,272,QSO
0.3528763440860212,0.08742138364779883,424,272,QSO
0.4099865591397851,0.08742138364779883,431,272,QSO
0.43446236559139795,0.08742138364779883,434,272,QSO
0.4589381720430108,0.08742138364779883,437,272,QSO
0.48341397849462364,0.08742138364779883,440,272,QSO
0.5405241935483871,0.08742138364779883,447,272,QSO
0.565,0.08742138364779883,450,272,QSO
0.5894758064516128,0.08742138364779883,453,272,QSO
0.6139516129032256,0.08742138364779883,456,272,QSO
0.6629032258064513,0.08742138364779883,462,272,QSO
0.7608064516129032,0.08742138364779883,474,272,QSO
0.785282258064516,0.08742138364779883,477,272,QSO
0.8097580645161289,0.08742138364779883,480,272,QSO
0.8831854838709674,0.08742138364779883,489,272,QSO
-0.08768817204301094,0.07801886792452839,370,273,QSO
-0.06321236559139809,0.07801886792452839,373,273,QSO
0.06732526881720435,0.07801886792452839,389,273,QSO
0.19786290322580635,0.07801886792452839,405,273,QSO
0.2223387096774192,0.07801886792452839,408,273,QSO
0.2876075268817204,0.07801886792452839,416,273,QSO
0.32840053763440835,0.07801886792452839,421,273,QSO
0.3528763440860212,0.07801886792452839,424,273,QSO
0.41814516129032286,0.07801886792452839,432,273,QSO
0.4426209677419357,0.07801886792452839,435,273,QSO
0.46709677419354856,0.07801886792452839,438,273,QSO
0.5486827956989249,0.07801886792452839,448,273,QSO
0.5731586021505377,0.07801886792452839,451,273,QSO
0.5976344086021506,0.07801886792452839,454,273,QSO
0.654744623655914,0.07801886792452839,461,273,QSO
0.7689650537634405,0.07801886792452839,475,273,QSO
0.7934408602150533,0.07801886792452839,478,273,QSO
0.8179166666666662,0.07801886792452839,481,273,QSO
0.8831854838709674,0.07801886792452839,489,273,QSO
-0.08768817204301094,0.06861635220125795,370,274,QSO
-0.06321236559139809,0.06861635220125795,373,274,QSO
0.05916666666666659,0.06861635220125795,388,274,QSO
0.08364247311827944,0.06861635220125795,391,274,QSO
0.16522849462365574,0.06861635220125795,401,274,QSO
0.20602150537634412,0.06861635220125795,406,274,QSO
0.2712903225806449,0.06861635220125795,414,274,QSO
0.29576612903225774,0.06861635220125795,417,274,QSO
0.3365591397849461,0.06861635220125795,422,274,QSO
0.36103494623655896,0.06861635220125795,425,274,QSO
0.43446236559139795,0.06861635220125795,434,274,QSO
0.5405241935483871,0.06861635220125795,447,274,QSO
0.565,0.06861635220125795,450,274,QSO
0.5894758064516128,0.06861635220125795,453,274,QSO
0.6465860215053763,0.06861635220125795,460,274,QSO
0.6710618279569891,0.06861635220125795,463,274,QSO
0.7200134408602148,0.06861635220125795,469,274,QSO
0.785282258064516,0.06861635220125795,477,274,QSO
0.8097580645161289,0.06861635220125795,480,274,QSO
0.8831854838709674,0.06861635220125795,489,274,QSO
-0.08768817204301094,0.0592138364779875,370,275,QSO
-0.06321236559139809,0.0592138364779875,373,275,QSO
0.05916666666666659,0.0592138364779875,388,275,QSO
0.08364247311827944,0.0592138364779875,391,275,QSO
0.15706989247311842,0.0592138364779875,400,275,QSO
0.19786290322580635,0.0592138364779875,405,275,QSO
0.27944892473118266,0.0592138364779875,415,275,QSO
0.3202419354838706,0.0592138364779875,420,275,QSO
0.3447177419354839,0.0592138364779875,423,275,QSO
0.5078897849462365,0.0592138364779875,443,275,QSO
0.5323655913978493,0.0592138364779875,446,275,QSO
0.5568413978494622,0.0592138364779875,449,275,QSO
0.581317204301075,0.0592138364779875,452,275,QSO
0.6057930107526879,0.0592138364779875,455,275,QSO
0.6384274193548385,0.0592138364779875,459,275,QSO
0.6629032258064513,0.0592138364779875,462,275,QSO
0.7036962365591397,0.0592138364779875,467,275,QSO
0.7281720430107526,0.0592138364779875,470,275,QSO
0.7934408602150533,0.0592138364779875,478,275,QSO
0.8913440860215052,0.0592138364779875,490,275,QSO
-0.06321236559139809,0.04981132075471706,373,276,QSO
0.06732526881720435,0.04981132075471706,389,276,QSO
0.1407526881720429,0.04981132075471706,398,276,QSO
0.16522849462365574,0.04981132075471706,401,276,QSO
0.2712903225806449,0.04981132075471706,414,276,QSO
0.32840053763440835,0.04981132075471706,421,276,QSO
0.3528763440860212,0.04981132075471706,424,276,QSO
0.5078897849462365,0.04981132075471706,443,276,QSO
0.5323655913978493,0.04981132075471706,446,276,QSO
0.5568413978494622,0.04981132075471706,449,276,QSO
0.581317204301075,0.04981132075471706,452,276,QSO
0.6057930107526879,0.04981132075471706,455,276,QSO
0.6302688172043012,0.04981132075471706,458,276,QSO
0.654744623655914,0.04981132075471706,461,276,QSO
0.695537634408602,0.04981132075471706,466,276,QSO
0.7200134408602148,0.04981132075471706,469,276,QSO
0.7689650537634405,0.04981132075471706,475,276,QSO
0.05916666666666659,0.040408805031446615,388,277,QSO
0.08364247311827944,0.040408805031446615,391,277,QSO
0.15706989247311842,0.040408805031446615,400,277,QSO
0.2549731182795698,0.040408805031446615,412,277,QSO
0.27944892473118266,0.040408805031446615,415,277,QSO
0.32840053763440835,0.040408805031446615,421,277,QSO
0.3528763440860212,0.040408805031446615,424,277,QSO
0.4997311827956987,0.040408805031446615,442,277,QSO
0.524206989247312,0.040408805031446615,445,277,QSO
0.6057930107526879,0.040408805031446615,455,277,QSO
0.6302688172043012,0.040408805031446615,458,277,QSO
0.6629032258064513,0.040408805031446615,462,277,QSO
0.711854838709677,0.040408805031446615,468,277,QSO
0.7526478494623654,0.040408805031446615,473,277,QSO
0.7771236559139783,0.040408805031446615,476,277,QSO
0.05916666666666659,0.03100628930817617,388,278,QSO
0.08364247311827944,0.03100628930817617,391,278,QSO
0.16522849462365574,0.03100628930817617,401,278,QSO
0.2712903225806449,0.03100628930817617,414,278,QSO
0.32840053763440835,0.03100628930817617,421,278,QSO
0.3528763440860212,0.03100628930817617,424,278,QSO
0.3773521505376345,0.03100628930817617,427,278,QSO
0.5160483870967743,0.03100628930817617,444,278,QSO
0.5976344086021506,0.03100628930817617,454,278,QSO
0.6221102150537634,0.03100628930817617,457,278,QSO
0.711854838709677,0.03100628930817617,468,278,QSO
0.7608064516129032,0.03100628930817617,474,278,QSO
0.785282258064516,0.03100628930817617,477,278,QSO
0.07548387096774212,0.021603773584905728,390,279,QSO
0.2712903225806449,0.021603773584905728,414,279,QSO
0.3447177419354839,0.021603773584905728,423,279,QSO
0.3691935483870967,0.021603773584905728,426,279,QSO
0.5160483870967743,0.021603773584905728,444,279,QSO
0.6139516129032256,0.021603773584905728,456,279,QSO
0.7608064516129032,0.021603773584905728,474,279,QSO
0.785282258064516,0.021603773584905728,477,279,QSO
0.27944892473118266,0.012201257861635284,415,280,QSO
0.36103494623655896,0.012201257861635284,425,280,QSO
0.38551075268817225,0.012201257861635284,428,280,QSO
0.5323655913978493,0.012201257861635284,446,280,QSO
0.7608064516129032,0.012201257861635284,474,280,QSO
0.3528763440860212,0.0027987421383643962,424,281,QSO
0.3773521505376345,0.0027987421383643962,427,281,QSO
0.40182795698924734,0.0027987421383643962,430,281,QSO
0.5323655913978493,0.0027987421383643962,446,281,QSO
0.5568413978494622,0.0027987421383643962,449,281,QSO
0.3773521505376345,-0.0066037735849060475,427,282,QSO
0.40182795698924734,-0.0066037735849060475,430,282,QSO
0.5323655913978493,-0.0066037735849060475,446,282,QSO
0.5568413978494622,-0.0066037735849060475,449,282,QSO
0.3773521505376345,-0.01600628930817649,427,283,QSO
0.40182795698924734,-0.01600628930817649,430,283,QSO
0.5323655913978493,-0.01600628930817649,446,283,QSO
0.5568413978494622,-0.01600628930817649,449,283,QSO
0.3691935483870967,-0.025408805031446935,426,284,QSO
0.3936693548387096,-0.025408805031446935,429,284,QSO
0.5405241935483871,-0.025408805031446935,447,284,QSO
0.6221102150537634,-0.025408805031446935,457,284,QSO
0.3528763440860212,-0.03481132075471738,424,285,QSO
0.3773521505376345,-0.03481132075471738,427,285,QSO
0.6221102150537634,-0.03481132075471738,457,285,QSO
0.3447177419354839,-0.04421383647798782,423,286,QSO
0.3691935483870967,-0.04421383647798782,426,286,QSO
0.6139516129032256,-0.04421383647798782,456,286,QSO
0.6384274193548385,-0.04421383647798782,459,286,QSO
0.24681451612903205,-0.053616352201258266,411,287,QSO
0.36103494623655896,-0.053616352201258266,425,287,QSO
0.6057930107526879,-0.053616352201258266,455,287,QSO
0.6302688172043012,-0.053616352201258266,458,287,QSO
0.23049731182795696,-0.06301886792452871,409,288,QSO
0.2549731182795698,-0.06301886792452871,412,288,QSO
0.3691935483870967,-0.06301886792452871,426,288,QSO
0.6302688172043012,-0.06301886792452871,458,288,QSO
0.23865591397849473,-0.07242138364779915,410,289,QSO
0.03469086021505374,-0.0818238993710696,385,290,QSO
0.2223387096774192,-0.0818238993710696,408,290,QSO
0.24681451612903205,-0.0818238993710696,411,290,QSO
0.03469086021505374,-0.09122641509434004,385,291,QSO
0.05916666666666659,-0.09122641509434004,388,291,QSO
0.1407526881720429,-0.09122641509434004,398,291,QSO
0.24681451612903205,-0.09122641509434004,411,291,QSO
0.042849462365591506,-0.10062893081761048,386,292,QSO
0.11627688172043005,-0.10062893081761048,395,292,QSO
0.1407526881720429,-0.10062893081761048,398,292,QSO
0.03469086021505374,-0.11003144654088093,385,293,QSO
0.05916666666666659,-0.11003144654088093,388,293,QSO
0.13259408602150513,-0.11003144654088093,397,293,QSO
0.03469086021505374,-0.11943396226415137,385,294,QSO
0.11627688172043005,-0.11943396226415137,395,294,QSO
0.1407526881720429,-0.11943396226415137,398,294,QSO
0.13259408602150513,-0.12883647798742182,397,295,QSO
-2.4618413978494624,2.2405974842767296,79,43,GALAXY
-1.9478494623655915,2.099559748427673,142,58,GALAXY
-1.8825806451612905,2.099559748427673,150,58,GALAXY
-1.8173118279569893,2.099559748427673,158,58,GALAXY
-1.7520430107526883,2.0901572327044025,166,59,GALAXY
-1.7765188172043014,2.0713522012578616,163,61,GALAXY
-1.7765188172043014,2.061949685534591,163,62,GALAXY
-1.7765188172043014,2.0525471698113207,163,63,GALAXY
-1.7602016129032259,2.0431446540880502,165,64,GALAXY
-1.8744220430107528,2.0243396226415094,151,66,GALAXY
-1.9233736559139787,2.014937106918239,145,67,GALAXY
-1.825470430107527,2.014937106918239,157,67,GALAXY
-1.719408602150538,2.014937106918239,170,67,GALAXY
-1.7520430107526883,2.0055345911949685,166,68,GALAXY
-1.7520430107526883,1.8833018867924527,166,81,GALAXY
-1.450174731182796,1.8833018867924527,203,81,GALAXY
-1.9233736559139787,1.8738993710691823,145,82,GALAXY
-1.8988978494623656,1.8738993710691823,148,82,GALAXY
-1.490967741935484,1.8738993710691823,198,82,GALAXY
2.8575672043010756,1.8738993710691823,731,82,GALAXY
-1.8091532258064518,1.8644968553459118,159,83,GALAXY
-1.6378225806451616,1.8644968553459118,180,83,GALAXY
0.7363306451612903,1.8644968553459118,471,83,GALAXY
2.8494086021505374,1.8644968553459118,730,83,GALAXY
-1.7520430107526883,1.8550943396226414,166,84,GALAXY
-1.556236559139785,1.8550943396226414,190,84,GALAXY
0.711854838709677,1.8550943396226414,468,84,GALAXY
0.7363306451612903,1.8550943396226414,471,84,GALAXY
2.84125,1.8550943396226414,729,84,GALAXY
2.865725806451613,1.8550943396226414,732,84,GALAXY
-1.4746505376344088,1.845691823899371,200,85,GALAXY
0.7281720430107526,1.845691823899371,470,85,GALAXY
0.7526478494623654,1.845691823899371,473,85,GALAXY
2.8330913978494627,1.845691823899371,728,85,GALAXY
2.8575672043010756,1.845691823899371,731,85,GALAXY
-2.2170833333333335,1.8362893081761005,109,86,GALAXY
-1.7520430107526883,1.8362893081761005,166,86,GALAXY
0.0918010752688172,1.8362893081761005,392,86,GALAXY
0.7200134408602148,1.8362893081761005,469,86,GALAXY
0.7444892473118276,1.8362893081761005,472,86,GALAXY
0.7689650537634405,1.8362893081761005,475,86,GALAXY
2.8494086021505374,1.8362893081761005,730,86,GALAXY
-2.2252419354838713,1.82688679245283,108,87,GALAXY
-2.2007661290322584,1.82688679245283,111,87,GALAXY
-1.5480779569892476,1.82688679245283,191,87,GALAXY
0.08364247311827944,1.82688679245283,391,87,GALAXY
0.10811827956989228,1.82688679245283,394,87,GALAXY
0.7363306451612903,1.82688679245283,471,87,GALAXY
0.7608064516129032,1.82688679245283,474,87,GALAXY
-2.2334005376344086,1.8174842767295598,107,88,GALAXY
-2.2089247311827958,1.8174842767295598,110,88,GALAXY
-1.8744220430107528,1.8174842767295598,151,88,GALAXY
-1.7928360215053765,1.8174842767295598,161,88,GALAXY
-1.6378225806451616,1.8174842767295598,180,88,GALAXY
0.07548387096774212,1.8174842767295598,390,88,GALAXY
0.09995967741935496,1.8174842767295598,393,88,GALAXY
0.7526478494623654,1.8174842767295598,473,88,GALAXY
0.7771236559139783,1.8174842767295598,476,88,GALAXY
-2.2170833333333335,1.8080817610062894,109,89,GALAXY
-1.8744220430107528,1.8080817610062894,151,89,GALAXY
0.07548387096774212,1.8080817610062894,390,89,GALAXY
0.09995967741935496,1.8080817610062894,393,89,GALAXY
0.7608064516129032,1.8080817610062894,474,89,GALAXY
-2.2170833333333335,1.798679245283019,109,90,GALAXY
-1.7520430107526883,1.798679245283019,166,90,GALAXY
-1.4664919354838712,1.798679245283019,201,90,GALAXY
0.09995967741935496,1.798679245283019,393,90,GALAXY
2.1885618279569896,1.798679245283019,649,90,GALAXY
-1.9152150537634411,1.7892767295597485,146,91,GALAXY
-1.8662634408602152,1.7892767295597485,152,91,GALAXY
-1.735725806451613,1.7892767295597485,168,91,GALAXY
-1.7112500000000002,1.7892767295597485,171,91,GALAXY
-1.4664919354838712,1.7892767295597485,201,91,GALAXY
0.915819892473118,1.7892767295597485,493,91,GALAXY
2.1804032258064514,1.7892767295597485,648,91,GALAXY
-1.8825806451612905,1.779874213836478,150,92,GALAXY
0.8913440860215052,1.779874213836478,490,92,GALAXY
0.915819892473118,1.779874213836478,493,92,GALAXY
2.172244623655914,1.779874213836478,647,92,GALAXY
2.196720430107527,1.779874213836478,650,92,GALAXY
0.9076612903225802,1.7704716981132076,492,93,GALAXY
1.6664112903225807,1.7704716981132076,585,93,GALAXY
2.164086021505376,1.7704716981132076,646,93,GALAXY
2.1885618279569896,1.7704716981132076,649,93,GALAXY
0.711854838709677,1.7610691823899371,468,94,GALAXY
0.8995026881720425,1.7610691823899371,491,94,GALAXY
0.9239784946236558,1.7610691823899371,494,94,GALAXY
1.674569892473118,1.7610691823899371,586,94,GALAXY
2.172244623655914,1.7610691823899371,647,94,GALAXY
0.695537634408602,1.7516666666666667,466,95,GALAXY
0.7200134408602148,1.7516666666666667,469,95,GALAXY
0.8913440860215052,1.7516666666666667,490,95,GALAXY
0.915819892473118,1.7516666666666667,493,95,GALAXY
1.674569892473118,1.7516666666666667,586,95,GALAXY
0.695537634408602,1.7422641509433963,466,96,GALAXY
0.7200134408602148,1.7422641509433963,469,96,GALAXY
0.8913440860215052,1.7422641509433963,490,96,GALAXY
0.915819892473118,1.7422641509433963,493,96,GALAXY
1.674569892473118,1.7422641509433963,586,96,GALAXY
0.695537634408602,1.7328616352201258,466,97,GALAXY
0.7200134408602148,1.7328616352201258,469,97,GALAXY
0.8913440860215052,1.7328616352201258,490,97,GALAXY
0.915819892473118,1.7328616352201258,493,97,GALAXY
1.6827284946236554,1.7328616352201258,587,97,GALAXY
0.7200134408602148,1.7234591194968554,469,98,GALAXY
0.9076612903225802,1.7234591194968554,492,98,GALAXY
2.000913978494624,1.7234591194968554,626,98,GALAXY
2.1804032258064514,1.7234591194968554,648,98,GALAXY
1.992755376344086,1.714056603773585,625,99,GALAXY
2.1559274193548386,1.714056603773585,645,99,GALAXY
2.1804032258064514,1.714056603773585,648,99,GALAXY
1.9845967741935486,1.7046540880503145,624,100,GALAXY
2.0090725806451615,1.7046540880503145,627,100,GALAXY
2.172244623655914,1.7046540880503145,647,100,GALAXY
1.9764381720430104,1.695251572327044,623,101,GALAXY
2.000913978494624,1.695251572327044,626,101,GALAXY
2.1232930107526884,1.695251572327044,641,101,GALAXY
2.164086021505376,1.695251572327044,646,101,GALAXY
2.1885618279569896,1.695251572327044,649,101,GALAXY
1.6011424731182795,1.6858490566037734,577,102,GALAXY
2.000913978494624,1.6858490566037734,626,102,GALAXY
2.1232930107526884,1.6858490566037734,641,102,GALAXY
2.164086021505376,1.6858490566037734,646,102,GALAXY
1.4298118279569891,1.676446540880503,556,103,GALAXY
1.5766666666666667,1.676446540880503,574,103,GALAXY
1.6011424731182795,1.676446540880503,577,103,GALAXY
2.11513440860215,1.676446540880503,640,103,GALAXY
2.139610215053763,1.676446540880503,643,103,GALAXY
1.437970430107527,1.6670440251572325,557,104,GALAXY
1.5766666666666667,1.6670440251572325,574,104,GALAXY
1.6011424731182795,1.6670440251572325,577,104,GALAXY
2.11513440860215,1.6670440251572325,640,104,GALAXY
2.139610215053763,1.6670440251572325,643,104,GALAXY
0.7036962365591397,1.657641509433962,467,105,GALAXY
1.437970430107527,1.657641509433962,557,105,GALAXY
1.5766666666666667,1.657641509433962,574,105,GALAXY
1.6011424731182795,1.657641509433962,577,105,GALAXY
2.1232930107526884,1.657641509433962,641,105,GALAXY
0.6873790322580642,1.6482389937106916,465,106,GALAXY
0.711854838709677,1.6482389937106916,468,106,GALAXY
1.437970430107527,1.6482389937106916,557,106,GALAXY
1.584825268817204,1.6482389937106916,575,106,GALAXY
2.2130376344086025,1.6482389937106916,652,106,GALAXY
0.6792204301075269,1.6388364779874212,464,107,GALAXY
0.7036962365591397,1.6388364779874212,467,107,GALAXY
1.437970430107527,1.6388364779874212,557,107,GALAXY
2.2130376344086025,1.6388364779874212,652,107,GALAXY
2.2375134408602153,1.6388364779874212,655,107,GALAXY
2.3598924731182795,1.6388364779874212,670,107,GALAXY
2.7351881720430105,1.6388364779874212,716,107,GALAXY
0.695537634408602,1.6294339622641507,466,108,GALAXY
1.2013709677419357,1.6294339622641507,528,108,GALAXY
1.4787634408602148,1.6294339622641507,562,108,GALAXY
1.7724731182795703,1.6294339622641507,598,108,GALAXY
2.2048790322580643,1.6294339622641507,651,108,GALAXY
2.229354838709677,1.6294339622641507,654,108,GALAXY
2.343575268817204,1.6294339622641507,668,108,GALAXY
2.368051075268817,1.6294339622641507,671,108,GALAXY
2.727029569892473,1.6294339622641507,715,108,GALAXY
0.6873790322580642,1.6200314465408803,465,109,GALAXY
1.193212365591398,1.6200314465408803,527,109,GALAXY
1.2176881720430108,1.6200314465408803,530,109,GALAXY
1.4787634408602148,1.6200314465408803,562,109,GALAXY
1.5032392473118277,1.6200314465408803,565,109,GALAXY
1.7806317204301076,1.6200314465408803,599,109,GALAXY
1.8866935483870972,1.6200314465408803,612,109,GALAXY
2.2048790322580643,1.6200314465408803,651,109,GALAXY
2.229354838709677,1.6200314465408803,654,109,GALAXY
2.343575268817204,1.6200314465408803,668,109,GALAXY
2.368051075268817,1.6200314465408803,671,109,GALAXY
2.727029569892473,1.6200314465408803,715,109,GALAXY
1.193212365591398,1.6106289308176098,527,110,GALAXY
1.2176881720430108,1.6106289308176098,530,110,GALAXY
1.4787634408602148,1.6106289308176098,562,110,GALAXY
1.5032392473118277,1.6106289308176098,565,110,GALAXY
1.6093010752688168,1.6106289308176098,578,110,GALAXY
1.7806317204301076,1.6106289308176098,599,110,GALAXY
1.878534946236559,1.6106289308176098,611,110,GALAXY
1.9030107526881719,1.6106289308176098,614,110,GALAXY
2.22119623655914,1.6106289308176098,653,110,GALAXY
2.343575268817204,1.6106289308176098,668,110,GALAXY
2.368051075268817,1.6106289308176098,671,110,GALAXY
2.727029569892473,1.6106289308176098,715,110,GALAXY
1.193212365591398,1.6012264150943396,527,111,GALAXY
1.2176881720430108,1.6012264150943396,530,111,GALAXY
1.4787634408602148,1.6012264150943396,562,111,GALAXY
1.5032392473118277,1.6012264150943396,565,111,GALAXY
1.6011424731182795,1.6012264150943396,577,111,GALAXY
1.7643145161290321,1.6012264150943396,597,111,GALAXY
1.7887903225806459,1.6012264150943396,600,111,GALAXY
1.8866935483870972,1.6012264150943396,612,111,GALAXY
1.91116935483871,1.6012264150943396,615,111,GALAXY
2.2946236559139783,1.6012264150943396,662,111,GALAXY
2.3598924731182795,1.6012264150943396,670,111,GALAXY
2.7351881720430105,1.6012264150943396,716,111,GALAXY
1.2176881720430108,1.5918238993710692,530,112,GALAXY
1.4950806451612904,1.5918238993710692,564,112,GALAXY
1.6011424731182795,1.5918238993710692,577,112,GALAXY
1.7153629032258064,1.5918238993710692,591,112,GALAXY
1.7724731182795703,1.5918238993710692,598,112,GALAXY
1.821424731182796,1.5918238993710692,604,112,GALAXY
1.878534946236559,1.5918238993710692,611,112,GALAXY
1.9030107526881719,1.5918238993710692,614,112,GALAXY
2.278306451612903,1.5918238993710692,660,112,GALAXY
2.3027822580645156,1.5918238993710692,663,112,GALAXY
2.368051075268817,1.5918238993710692,671,112,GALAXY
1.6011424731182795,1.5824213836477987,577,113,GALAXY
1.707204301075269,1.5824213836477987,590,113,GALAXY
1.731680107526882,1.5824213836477987,593,113,GALAXY
1.821424731182796,1.5824213836477987,604,113,GALAXY
1.8459005376344089,1.5824213836477987,607,113,GALAXY
1.9030107526881719,1.5824213836477987,614,113,GALAXY
1.9845967741935486,1.5824213836477987,624,113,GALAXY
2.286465053763441,1.5824213836477987,661,113,GALAXY
2.343575268817204,1.5824213836477987,668,113,GALAXY
2.368051075268817,1.5824213836477987,671,113,GALAXY
2.4170026881720426,1.5824213836477987,677,113,GALAXY
1.5521908602150538,1.5730188679245283,571,114,GALAXY
1.6011424731182795,1.5730188679245283,577,114,GALAXY
1.7153629032258064,1.5730188679245283,591,114,GALAXY
1.7398387096774193,1.5730188679245283,594,114,GALAXY
1.8295833333333333,1.5730188679245283,605,114,GALAXY
1.9601209677419358,1.5730188679245283,621,114,GALAXY
1.9845967741935486,1.5730188679245283,624,114,GALAXY
2.278306451612903,1.5730188679245283,660,114,GALAXY
2.3027822580645156,1.5730188679245283,663,114,GALAXY
2.343575268817204,1.5730188679245283,668,114,GALAXY
2.368051075268817,1.5730188679245283,671,114,GALAXY
2.4088440860215052,1.5730188679245283,676,114,GALAXY
2.433319892473118,1.5730188679245283,679,114,GALAXY
1.3890188172043012,1.5636163522012578,551,115,GALAXY
1.5521908602150538,1.5636163522012578,571,115,GALAXY
1.707204301075269,1.5636163522012578,590,115,GALAXY
1.731680107526882,1.5636163522012578,593,115,GALAXY
1.821424731182796,1.5636163522012578,604,115,GALAXY
1.8459005376344089,1.5636163522012578,607,115,GALAXY
1.9764381720430104,1.5636163522012578,623,115,GALAXY
2.2375134408602153,1.5636163522012578,655,115,GALAXY
2.278306451612903,1.5636163522012578,660,115,GALAXY
2.319099462365591,1.5636163522012578,665,115,GALAXY
2.343575268817204,1.5636163522012578,668,115,GALAXY
2.368051075268817,1.5636163522012578,671,115,GALAXY
2.4088440860215052,1.5636163522012578,676,115,GALAXY
2.433319892473118,1.5636163522012578,679,115,GALAXY
1.3808602150537634,1.5542138364779874,550,116,GALAXY
1.5358736559139783,1.5542138364779874,569,116,GALAXY
1.5603494623655911,1.5542138364779874,572,116,GALAXY
1.7235215053763446,1.5542138364779874,592,116,GALAXY
1.8295833333333333,1.5542138364779874,605,116,GALAXY
1.968279569892473,1.5542138364779874,622,116,GALAXY
1.992755376344086,1.5542138364779874,625,116,GALAXY
2.2456720430107526,1.5542138364779874,656,116,GALAXY
2.319099462365591,1.5542138364779874,665,116,GALAXY
2.343575268817204,1.5542138364779874,668,116,GALAXY
2.368051075268817,1.5542138364779874,671,116,GALAXY
2.4170026881720426,1.5542138364779874,677,116,GALAXY
2.4741129032258065,1.5542138364779874,684,116,GALAXY
1.364543010752688,1.544811320754717,548,117,GALAXY
1.3890188172043012,1.544811320754717,551,117,GALAXY
1.5440322580645156,1.544811320754717,570,117,GALAXY
1.5685080645161285,1.544811320754717,573,117,GALAXY
1.9845967741935486,1.544811320754717,624,117,GALAXY
2.2456720430107526,1.544811320754717,656,117,GALAXY
2.319099462365591,1.544811320754717,665,117,GALAXY
2.343575268817204,1.544811320754717,668,117,GALAXY
2.4170026881720426,1.544811320754717,677,117,GALAXY
2.4741129032258065,1.544811320754717,684,117,GALAXY
2.4985887096774193,1.544811320754717,687,117,GALAXY
1.3808602150537634,1.5354088050314465,550,118,GALAXY
1.5440322580645156,1.5354088050314465,570,118,GALAXY
2.1314516129032257,1.5354088050314465,642,118,GALAXY
2.229354838709677,1.5354088050314465,654,118,GALAXY
2.25383064516129,1.5354088050314465,657,118,GALAXY
2.3354166666666667,1.5354088050314465,667,118,GALAXY
2.4741129032258065,1.5354088050314465,684,118,GALAXY
2.4985887096774193,1.5354088050314465,687,118,GALAXY
1.2258467741935486,1.526006289308176,531,119,GALAXY
1.3890188172043012,1.526006289308176,551,119,GALAXY
1.9030107526881719,1.526006289308176,614,119,GALAXY
2.139610215053763,1.526006289308176,643,119,GALAXY
2.164086021505376,1.526006289308176,646,119,GALAXY
2.25383064516129,1.526006289308176,657,119,GALAXY
2.465954301075269,1.526006289308176,683,119,GALAXY
2.490430107526882,1.526006289308176,686,119,GALAXY
2.5393817204301077,1.526006289308176,692,119,GALAXY
1.209529569892473,1.5166037735849056,529,120,GALAXY
1.234005376344086,1.5166037735849056,532,120,GALAXY
1.5032392473118277,1.5166037735849056,565,120,GALAXY
1.8948521505376346,1.5166037735849056,613,120,GALAXY
1.9519623655913976,1.5166037735849056,620,120,GALAXY
2.1232930107526884,1.5166037735849056,641,120,GALAXY
2.1477688172043012,1.5166037735849056,644,120,GALAXY
2.172244623655914,1.5166037735849056,647,120,GALAXY
2.2048790322580643,1.5166037735849056,651,120,GALAXY
2.261989247311828,1.5166037735849056,658,120,GALAXY
2.3843682795698924,1.5166037735849056,673,120,GALAXY
2.4741129032258065,1.5166037735849056,684,120,GALAXY
2.523064516129032,1.5166037735849056,690,120,GALAXY
2.547540322580646,1.5166037735849056,693,120,GALAXY
1.209529569892473,1.5072012578616352,529,121,GALAXY
1.234005376344086,1.5072012578616352,532,121,GALAXY
1.4950806451612904,1.5072012578616352,564,121,GALAXY
1.5195564516129032,1.5072012578616352,567,121,GALAXY
1.707204301075269,1.5072012578616352,590,121,GALAXY
1.878534946236559,1.5072012578616352,611,121,GALAXY
1.9030107526881719,1.5072012578616352,614,121,GALAXY
1.9519623655913976,1.5072012578616352,620,121,GALAXY
1.9764381720430104,1.5072012578616352,623,121,GALAXY
2.0090725806451615,1.5072012578616352,627,121,GALAXY
2.0825,1.5072012578616352,636,121,GALAXY
2.139610215053763,1.5072012578616352,643,121,GALAXY
2.164086021505376,1.5072012578616352,646,121,GALAXY
2.1885618279569896,1.5072012578616352,649,121,GALAXY
2.2130376344086025,1.5072012578616352,652,121,GALAXY
2.25383064516129,1.5072012578616352,657,121,GALAXY
2.278306451612903,1.5072012578616352,660,121,GALAXY
2.3925268817204297,1.5072012578616352,674,121,GALAXY
2.523064516129032,1.5072012578616352,690,121,GALAXY
2.547540322580646,1.5072012578616352,693,121,GALAXY
2.661760752688172,1.5072012578616352,707,121,GALAXY
1.209529569892473,1.4977987421383647,529,122,GALAXY
1.234005376344086,1.4977987421383647,532,122,GALAXY
1.4950806451612904,1.4977987421383647,564,122,GALAXY
1.5195564516129032,1.4977987421383647,567,122,GALAXY
1.5440322580645156,1.4977987421383647,570,122,GALAXY
1.7153629032258064,1.4977987421383647,591,122,GALAXY
1.7479973118279575,1.4977987421383647,595,122,GALAXY
1.8132661290322587,1.4977987421383647,603,122,GALAXY
1.878534946236559,1.4977987421383647,611,122,GALAXY
1.9030107526881719,1.4977987421383647,614,122,GALAXY
1.9438037634408603,1.4977987421383647,619,122,GALAXY
1.968279569892473,1.4977987421383647,622,122,GALAXY
1.992755376344086,1.4977987421383647,625,122,GALAXY
2.017231182795699,1.4977987421383647,628,122,GALAXY
2.0743413978494627,1.4977987421383647,635,122,GALAXY
2.1314516129032257,1.4977987421383647,642,122,GALAXY
2.1559274193548386,1.4977987421383647,645,122,GALAXY
2.1804032258064514,1.4977987421383647,648,122,GALAXY
2.2048790322580643,1.4977987421383647,651,122,GALAXY
2.229354838709677,1.4977987421383647,654,122,GALAXY
2.261989247311828,1.4977987421383647,658,122,GALAXY
2.343575268817204,1.4977987421383647,668,122,GALAXY
2.376209677419354,1.4977987421383647,672,122,GALAXY
2.400685483870968,1.4977987421383647,675,122,GALAXY
2.5312231182795704,1.4977987421383647,691,122,GALAXY
2.555698924731183,1.4977987421383647,694,122,GALAXY
2.661760752688172,1.4977987421383647,707,122,GALAXY
1.209529569892473,1.4883962264150943,529,123,GALAXY
1.4787634408602148,1.4883962264150943,562,123,GALAXY
1.5032392473118277,1.4883962264150943,565,123,GALAXY
1.5277150537634405,1.4883962264150943,568,123,GALAXY
1.699045698924731,1.4883962264150943,589,123,GALAXY
1.7235215053763446,1.4883962264150943,592,123,GALAXY
1.7479973118279575,1.4883962264150943,595,123,GALAXY
1.7724731182795703,1.4883962264150943,598,123,GALAXY
1.821424731182796,1.4883962264150943,604,123,GALAXY
1.8866935483870972,1.4883962264150943,612,123,GALAXY
1.91116935483871,1.4883962264150943,615,123,GALAXY
1.9438037634408603,1.4883962264150943,619,123,GALAXY
1.968279569892473,1.4883962264150943,622,123,GALAXY
1.992755376344086,1.4883962264150943,625,123,GALAXY
2.017231182795699,1.4883962264150943,628,123,GALAXY
2.04986559139785,1.4883962264150943,632,123,GALAXY
2.0743413978494627,1.4883962264150943,635,123,GALAXY
2.139610215053763,1.4883962264150943,643,123,GALAXY
2.164086021505376,1.4883962264150943,646,123,GALAXY
2.1885618279569896,1.4883962264150943,649,123,GALAXY
2.2130376344086025,1.4883962264150943,652,123,GALAXY
2.2375134408602153,1.4883962264150943,655,123,GALAXY
2.261989247311828,1.4883962264150943,658,123,GALAXY
2.286465053763441,1.4883962264150943,661,123,GALAXY
2.3354166666666667,1.4883962264150943,667,123,GALAXY
2.3598924731182795,1.4883962264150943,670,123,GALAXY
2.3843682795698924,1.4883962264150943,673,123,GALAXY
2.4088440860215052,1.4883962264150943,676,123,GALAXY
2.5393817204301077,1.4883962264150943,692,123,GALAXY
2.6454435483870973,1.4883962264150943,705,123,GALAXY
2.66991935483871,1.4883962264150943,708,123,GALAXY
1.1524193548387096,1.4789937106918238,522,124,GALAXY
1.4950806451612904,1.4789937106918238,564,124,GALAXY
1.5195564516129032,1.4789937106918238,567,124,GALAXY
1.5440322580645156,1.4789937106918238,570,124,GALAXY
1.7153629032258064,1.4789937106918238,591,124,GALAXY
1.7398387096774193,1.4789937106918238,594,124,GALAXY
1.7643145161290321,1.4789937106918238,597,124,GALAXY
1.8132661290322587,1.4789937106918238,603,124,GALAXY
1.8377419354838715,1.4789937106918238,606,124,GALAXY
1.8948521505376346,1.4789937106918238,613,124,GALAXY
1.9193279569892474,1.4789937106918238,616,124,GALAXY
1.9601209677419358,1.4789937106918238,621,124,GALAXY
1.9845967741935486,1.4789937106918238,624,124,GALAXY
2.0090725806451615,1.4789937106918238,627,124,GALAXY
2.0335483870967743,1.4789937106918238,630,124,GALAXY
2.058024193548387,1.4789937106918238,633,124,GALAXY
2.0825,1.4789937106918238,636,124,GALAXY
2.1559274193548386,1.4789937106918238,645,124,GALAXY
2.1804032258064514,1.4789937106918238,648,124,GALAXY
2.2048790322580643,1.4789937106918238,651,124,GALAXY
2.229354838709677,1.4789937106918238,654,124,GALAXY
2.25383064516129,1.4789937106918238,657,124,GALAXY
2.278306451612903,1.4789937106918238,660,124,GALAXY
2.3027822580645156,1.4789937106918238,663,124,GALAXY
2.3272580645161285,1.4789937106918238,666,124,GALAXY
2.3517338709677413,1.4789937106918238,669,124,GALAXY
2.3843682795698924,1.4789937106918238,673,124,GALAXY
2.5067473118279575,1.4789937106918238,688,124,GALAXY
2.5312231182795704,1.4789937106918238,691,124,GALAXY
2.555698924731183,1.4789937106918238,694,124,GALAXY
2.580174731182796,1.4789937106918238,697,124,GALAXY
2.661760752688172,1.4789937106918238,707,124,GALAXY
0.5976344086021506,1.4695911949685534,454,125,GALAXY
1.1361021505376345,1.4695911949685534,520,125,GALAXY
1.1605779569892474,1.4695911949685534,523,125,GALAXY
1.5277150537634405,1.4695911949685534,568,125,GALAXY
1.7153629032258064,1.4695911949685534,591,125,GALAXY
1.7479973118279575,1.4695911949685534,595,125,GALAXY
1.7724731182795703,1.4695911949685534,598,125,GALAXY
1.821424731182796,1.4695911949685534,604,125,GALAXY
1.8459005376344089,1.4695911949685534,607,125,GALAXY
1.8948521505376346,1.4695911949685534,613,125,GALAXY
1.9193279569892474,1.4695911949685534,616,125,GALAXY
1.968279569892473,1.4695911949685534,622,125,GALAXY
1.992755376344086,1.4695911949685534,625,125,GALAXY
2.017231182795699,1.4695911949685534,628,125,GALAXY
2.0417069892473116,1.4695911949685534,631,125,GALAXY
2.0661827956989245,1.4695911949685534,634,125,GALAXY
2.1477688172043012,1.4695911949685534,644,125,GALAXY
2.172244623655914,1.4695911949685534,647,125,GALAXY
2.2130376344086025,1.4695911949685534,652,125,GALAXY
2.2456720430107526,1.4695911949685534,656,125,GALAXY
2.2701478494623655,1.4695911949685534,659,125,GALAXY
2.2946236559139783,1.4695911949685534,662,125,GALAXY
2.319099462365591,1.4695911949685534,665,125,GALAXY
2.343575268817204,1.4695911949685534,668,125,GALAXY
2.368051075268817,1.4695911949685534,671,125,GALAXY
2.433319892473118,1.4695911949685534,679,125,GALAXY
2.514905913978495,1.4695911949685534,689,125,GALAXY
2.5393817204301077,1.4695911949685534,692,125,GALAXY
2.5638575268817205,1.4695911949685534,695,125,GALAXY
2.5883333333333334,1.4695911949685534,698,125,GALAXY
2.612809139784946,1.4695911949685534,701,125,GALAXY
2.66991935483871,1.4695911949685534,708,125,GALAXY
0.6057930107526879,1.460188679245283,455,126,GALAXY
0.8505510752688168,1.460188679245283,485,126,GALAXY
1.1361021505376345,1.460188679245283,520,126,GALAXY
1.1605779569892474,1.460188679245283,523,126,GALAXY
1.7479973118279575,1.460188679245283,595,126,GALAXY
1.8132661290322587,1.460188679245283,603,126,GALAXY
1.8377419354838715,1.460188679245283,606,126,GALAXY
1.8622177419354844,1.460188679245283,609,126,GALAXY
1.91116935483871,1.460188679245283,615,126,GALAXY
1.968279569892473,1.460188679245283,622,126,GALAXY
1.992755376344086,1.460188679245283,625,126,GALAXY
2.017231182795699,1.460188679245283,628,126,GALAXY
2.0417069892473116,1.460188679245283,631,126,GALAXY
2.164086021505376,1.460188679245283,646,126,GALAXY
2.1885618279569896,1.460188679245283,649,126,GALAXY
2.261989247311828,1.460188679245283,658,126,GALAXY
2.286465053763441,1.460188679245283,661,126,GALAXY
2.310940860215054,1.460188679245283,664,126,GALAXY
2.3354166666666667,1.460188679245283,667,126,GALAXY
2.3598924731182795,1.460188679245283,670,126,GALAXY
2.4251612903225808,1.460188679245283,678,126,GALAXY
2.4985887096774193,1.460188679245283,687,126,GALAXY
2.523064516129032,1.460188679245283,690,126,GALAXY
2.547540322580646,1.460188679245283,693,126,GALAXY
2.5720161290322587,1.460188679245283,696,126,GALAXY
2.5964919354838716,1.460188679245283,699,126,GALAXY
2.6209677419354844,1.460188679245283,702,126,GALAXY
0.6057930107526879,1.4507861635220125,455,127,GALAXY
0.8423924731182795,1.4507861635220125,484,127,GALAXY
0.8668682795698923,1.4507861635220125,487,127,GALAXY
1.1442607526881723,1.4507861635220125,521,127,GALAXY
1.1687365591397851,1.4507861635220125,524,127,GALAXY
1.7479973118279575,1.4507861635220125,595,127,GALAXY
1.8377419354838715,1.4507861635220125,606,127,GALAXY
1.8622177419354844,1.4507861635220125,609,127,GALAXY
1.968279569892473,1.4507861635220125,622,127,GALAXY
2.0090725806451615,1.4507861635220125,627,127,GALAXY
2.0335483870967743,1.4507861635220125,630,127,GALAXY
2.164086021505376,1.4507861635220125,646,127,GALAXY
2.1885618279569896,1.4507861635220125,649,127,GALAXY
2.22119623655914,1.4507861635220125,653,127,GALAXY
2.278306451612903,1.4507861635220125,660,127,GALAXY
2.3027822580645156,1.4507861635220125,663,127,GALAXY
2.3272580645161285,1.4507861635220125,666,127,GALAXY
2.4088440860215052,1.4507861635220125,676,127,GALAXY
2.433319892473118,1.4507861635220125,679,127,GALAXY
2.5067473118279575,1.4507861635220125,688,127,GALAXY
2.5312231182795704,1.4507861635220125,691,127,GALAXY
2.5720161290322587,1.4507861635220125,696,127,GALAXY
2.5964919354838716,1.4507861635220125,699,127,GALAXY
2.6209677419354844,1.4507861635220125,702,127,GALAXY
2.661760752688172,1.4507861635220125,707,127,GALAXY
2.6862365591397848,1.4507861635220125,710,127,GALAXY
0.6057930107526879,1.441383647798742,455,128,GALAXY
0.8423924731182795,1.441383647798742,484,128,GALAXY
0.8668682795698923,1.441383647798742,487,128,GALAXY
1.1524193548387096,1.441383647798742,522,128,GALAXY
1.731680107526882,1.441383647798742,593,128,GALAXY
1.7561559139784948,1.441383647798742,596,128,GALAXY
1.8377419354838715,1.441383647798742,606,128,GALAXY
1.8622177419354844,1.441383647798742,609,128,GALAXY
2.0090725806451615,1.441383647798742,627,128,GALAXY
2.0335483870967743,1.441383647798742,630,128,GALAXY
2.0825,1.441383647798742,636,128,GALAXY
2.106975806451613,1.441383647798742,639,128,GALAXY
2.1804032258064514,1.441383647798742,648,128,GALAXY
2.2048790322580643,1.441383647798742,651,128,GALAXY
2.229354838709677,1.441383647798742,654,128,GALAXY
2.3272580645161285,1.441383647798742,666,128,GALAXY
2.4170026881720426,1.441383647798742,677,128,GALAXY
2.4414784946236554,1.441383647798742,680,128,GALAXY
2.4985887096774193,1.441383647798742,687,128,GALAXY
2.523064516129032,1.441383647798742,690,128,GALAXY
2.580174731182796,1.441383647798742,697,128,GALAXY
2.604650537634409,1.441383647798742,700,128,GALAXY
2.637284946236559,1.441383647798742,704,128,GALAXY
2.661760752688172,1.441383647798742,707,128,GALAXY
2.6862365591397848,1.441383647798742,710,128,GALAXY
2.7433467741935487,1.441383647798742,717,128,GALAXY
-0.0958467741935487,1.4319811320754716,369,129,GALAXY
0.6057930107526879,1.4319811320754716,455,129,GALAXY
0.8505510752688168,1.4319811320754716,485,129,GALAXY
0.8750268817204296,1.4319811320754716,488,129,GALAXY
1.7398387096774193,1.4319811320754716,594,129,GALAXY
1.7643145161290321,1.4319811320754716,597,129,GALAXY
1.8459005376344089,1.4319811320754716,607,129,GALAXY
1.8703763440860217,1.4319811320754716,610,129,GALAXY
2.025389784946237,1.4319811320754716,629,129,GALAXY
2.04986559139785,1.4319811320754716,632,129,GALAXY
2.0825,1.4319811320754716,636,129,GALAXY
2.106975806451613,1.4319811320754716,639,129,GALAXY
2.172244623655914,1.4319811320754716,647,129,GALAXY
2.196720430107527,1.4319811320754716,650,129,GALAXY
2.22119623655914,1.4319811320754716,653,129,GALAXY
2.2701478494623655,1.4319811320754716,659,129,GALAXY
2.3843682795698924,1.4319811320754716,673,129,GALAXY
2.4088440860215052,1.4319811320754716,676,129,GALAXY
2.433319892473118,1.4319811320754716,679,129,GALAXY
2.490430107526882,1.4319811320754716,686,129,GALAXY
2.5964919354838716,1.4319811320754716,699,129,GALAXY
2.637284946236559,1.4319811320754716,704,129,GALAXY
2.661760752688172,1.4319811320754716,707,129,GALAXY
2.6862365591397848,1.4319811320754716,710,129,GALAXY
2.7351881720430105,1.4319811320754716,716,129,GALAXY
2.759663978494624,1.4319811320754716,719,129,GALAXY
-0.0958467741935487,1.4225786163522012,369,130,GALAXY
0.8505510752688168,1.4225786163522012,485,130,GALAXY
1.7235215053763446,1.4225786163522012,592,130,GALAXY
1.7479973118279575,1.4225786163522012,595,130,GALAXY
1.8295833333333333,1.4225786163522012,605,130,GALAXY
1.8540591397849462,1.4225786163522012,608,130,GALAXY
1.9601209677419358,1.4225786163522012,621,130,GALAXY
1.9845967741935486,1.4225786163522012,624,130,GALAXY
2.025389784946237,1.4225786163522012,629,130,GALAXY
2.04986559139785,1.4225786163522012,632,130,GALAXY
2.0825,1.4225786163522012,636,130,GALAXY
2.106975806451613,1.4225786163522012,639,130,GALAXY
2.172244623655914,1.4225786163522012,647,130,GALAXY
2.196720430107527,1.4225786163522012,650,130,GALAXY
2.22119623655914,1.4225786163522012,653,130,GALAXY
2.261989247311828,1.4225786163522012,658,130,GALAXY
2.286465053763441,1.4225786163522012,661,130,GALAXY
2.3843682795698924,1.4225786163522012,673,130,GALAXY
2.4088440860215052,1.4225786163522012,676,130,GALAXY
2.490430107526882,1.4225786163522012,686,130,GALAXY
2.637284946236559,1.4225786163522012,704,130,GALAXY
2.661760752688172,1.4225786163522012,707,130,GALAXY
2.6862365591397848,1.4225786163522012,710,130,GALAXY
2.7351881720430105,1.4225786163522012,716,130,GALAXY
2.759663978494624,1.4225786163522012,719,130,GALAXY
-0.0958467741935487,1.4131761006289307,369,131,GALAXY
1.731680107526882,1.4131761006289307,593,131,GALAXY
1.7561559139784948,1.4131761006289307,596,131,GALAXY
1.8377419354838715,1.4131761006289307,606,131,GALAXY
1.8622177419354844,1.4131761006289307,609,131,GALAXY
1.935645161290323,1.4131761006289307,618,131,GALAXY
1.968279569892473,1.4131761006289307,622,131,GALAXY
1.992755376344086,1.4131761006289307,625,131,GALAXY
2.025389784946237,1.4131761006289307,629,131,GALAXY
2.04986559139785,1.4131761006289307,632,131,GALAXY
2.0825,1.4131761006289307,636,131,GALAXY
2.106975806451613,1.4131761006289307,639,131,GALAXY
2.164086021505376,1.4131761006289307,646,131,GALAXY
2.1885618279569896,1.4131761006289307,649,131,GALAXY
2.2130376344086025,1.4131761006289307,652,131,GALAXY
2.261989247311828,1.4131761006289307,658,131,GALAXY
2.286465053763441,1.4131761006289307,661,131,GALAXY
2.3843682795698924,1.4131761006289307,673,131,GALAXY
2.4088440860215052,1.4131761006289307,676,131,GALAXY
2.490430107526882,1.4131761006289307,686,131,GALAXY
2.6454435483870973,1.4131761006289307,705,131,GALAXY
2.66991935483871,1.4131761006289307,708,131,GALAXY
2.727029569892473,1.4131761006289307,715,131,GALAXY
2.751505376344086,1.4131761006289307,718,131,GALAXY
-0.10400537634408602,1.4037735849056603,368,132,GALAXY
-0.07952956989247317,1.4037735849056603,371,132,GALAXY
1.5603494623655911,1.4037735849056603,572,132,GALAXY
1.7561559139784948,1.4037735849056603,596,132,GALAXY
1.8377419354838715,1.4037735849056603,606,132,GALAXY
1.8622177419354844,1.4037735849056603,609,132,GALAXY
1.9274865591397847,1.4037735849056603,617,132,GALAXY
1.9519623655913976,1.4037735849056603,620,132,GALAXY
1.9764381720430104,1.4037735849056603,623,132,GALAXY
2.000913978494624,1.4037735849056603,626,132,GALAXY
2.0417069892473116,1.4037735849056603,631,132,GALAXY
2.0825,1.4037735849056603,636,132,GALAXY
2.106975806451613,1.4037735849056603,639,132,GALAXY
2.164086021505376,1.4037735849056603,646,132,GALAXY
2.1885618279569896,1.4037735849056603,649,132,GALAXY
2.2130376344086025,1.4037735849056603,652,132,GALAXY
2.278306451612903,1.4037735849056603,660,132,GALAXY
2.376209677419354,1.4037735849056603,672,132,GALAXY
2.400685483870968,1.4037735849056603,675,132,GALAXY
2.490430107526882,1.4037735849056603,686,132,GALAXY
2.5393817204301077,1.4037735849056603,692,132,GALAXY
2.7351881720430105,1.4037735849056603,716,132,GALAXY
-0.10400537634408602,1.39437106918239,368,133,GALAXY
0.48341397849462364,1.39437106918239,440,133,GALAXY
1.5358736559139783,1.39437106918239,569,133,GALAXY
1.5603494623655911,1.39437106918239,572,133,GALAXY
1.7479973118279575,1.39437106918239,595,133,GALAXY
1.7724731182795703,1.39437106918239,598,133,GALAXY
1.8540591397849462,1.39437106918239,608,133,GALAXY
1.8948521505376346,1.39437106918239,613,133,GALAXY
1.9193279569892474,1.39437106918239,616,133,GALAXY
1.9438037634408603,1.39437106918239,619,133,GALAXY
1.968279569892473,1.39437106918239,622,133,GALAXY
1.992755376344086,1.39437106918239,625,133,GALAXY
2.0743413978494627,1.39437106918239,635,133,GALAXY
2.0988172043010755,1.39437106918239,638,133,GALAXY
2.1559274193548386,1.39437106918239,645,133,GALAXY
2.1804032258064514,1.39437106918239,648,133,GALAXY
2.2048790322580643,1.39437106918239,651,133,GALAXY
2.278306451612903,1.39437106918239,660,133,GALAXY
2.3843682795698924,1.39437106918239,673,133,GALAXY
2.4088440860215052,1.39437106918239,676,133,GALAXY
2.5393817204301077,1.39437106918239,692,133,GALAXY
2.5638575268817205,1.39437106918239,695,133,GALAXY
0.4915725806451614,1.3849685534591196,441,134,GALAXY
1.5358736559139783,1.3849685534591196,569,134,GALAXY
1.5603494623655911,1.3849685534591196,572,134,GALAXY
1.7479973118279575,1.3849685534591196,595,134,GALAXY
1.7724731182795703,1.3849685534591196,598,134,GALAXY
1.8540591397849462,1.3849685534591196,608,134,GALAXY
1.8866935483870972,1.3849685534591196,612,134,GALAXY
1.91116935483871,1.3849685534591196,615,134,GALAXY
1.935645161290323,1.3849685534591196,618,134,GALAXY
1.9601209677419358,1.3849685534591196,621,134,GALAXY
1.9845967741935486,1.3849685534591196,624,134,GALAXY
2.0743413978494627,1.3849685534591196,635,134,GALAXY
2.0988172043010755,1.3849685534591196,638,134,GALAXY
2.1232930107526884,1.3849685534591196,641,134,GALAXY
2.1559274193548386,1.3849685534591196,645,134,GALAXY
2.1804032258064514,1.3849685534591196,648,134,GALAXY
2.2048790322580643,1.3849685534591196,651,134,GALAXY
2.229354838709677,1.3849685534591196,654,134,GALAXY
2.3843682795698924,1.3849685534591196,673,134,GALAXY
2.4088440860215052,1.3849685534591196,676,134,GALAXY
2.433319892473118,1.3849685534591196,679,134,GALAXY
2.5393817204301077,1.3849685534591196,692,134,GALAXY
2.5638575268817205,1.3849685534591196,695,134,GALAXY
0.4915725806451614,1.3755660377358492,441,135,GALAXY
0.9566129032258068,1.3755660377358492,498,135,GALAXY
1.5358736559139783,1.3755660377358492,569,135,GALAXY
1.5603494623655911,1.3755660377358492,572,135,GALAXY
1.7561559139784948,1.3755660377358492,596,135,GALAXY
1.8459005376344089,1.3755660377358492,607,135,GALAXY
1.8703763440860217,1.3755660377358492,610,135,GALAXY
1.9030107526881719,1.3755660377358492,614,135,GALAXY
1.9274865591397847,1.3755660377358492,617,135,GALAXY
1.9519623655913976,1.3755660377358492,620,135,GALAXY
1.9764381720430104,1.3755660377358492,623,135,GALAXY
2.017231182795699,1.3755660377358492,628,135,GALAXY
2.0825,1.3755660377358492,636,135,GALAXY
2.106975806451613,1.3755660377358492,639,135,GALAXY
2.1314516129032257,1.3755660377358492,642,135,GALAXY
2.1559274193548386,1.3755660377358492,645,135,GALAXY
2.1804032258064514,1.3755660377358492,648,135,GALAXY
2.22119623655914,1.3755660377358492,653,135,GALAXY
2.2456720430107526,1.3755660377358492,656,135,GALAXY
2.3517338709677413,1.3755660377358492,669,135,GALAXY
2.3925268817204297,1.3755660377358492,674,135,GALAXY
2.4170026881720426,1.3755660377358492,677,135,GALAXY
2.4414784946236554,1.3755660377358492,680,135,GALAXY
2.5393817204301077,1.3755660377358492,692,135,GALAXY
2.5638575268817205,1.3755660377358492,695,135,GALAXY
0.4915725806451614,1.3661635220125787,441,136,GALAXY
0.9484543010752691,1.3661635220125787,497,136,GALAXY
0.9729301075268819,1.3661635220125787,500,136,GALAXY
1.5521908602150538,1.3661635220125787,571,136,GALAXY
1.8540591397849462,1.3661635220125787,608,136,GALAXY
1.8948521505376346,1.3661635220125787,613,136,GALAXY
1.9193279569892474,1.3661635220125787,616,136,GALAXY
1.9438037634408603,1.3661635220125787,619,136,GALAXY
1.968279569892473,1.3661635220125787,622,136,GALAXY
2.0090725806451615,1.3661635220125787,627,136,GALAXY
2.0335483870967743,1.3661635220125787,630,136,GALAXY
2.0988172043010755,1.3661635220125787,638,136,GALAXY
2.1232930107526884,1.3661635220125787,641,136,GALAXY
2.1477688172043012,1.3661635220125787,644,136,GALAXY
2.172244623655914,1.3661635220125787,647,136,GALAXY
2.2048790322580643,1.3661635220125787,651,136,GALAXY
2.229354838709677,1.3661635220125787,654,136,GALAXY
2.3272580645161285,1.3661635220125787,666,136,GALAXY
2.3517338709677413,1.3661635220125787,669,136,GALAXY
2.3843682795698924,1.3661635220125787,673,136,GALAXY
2.4088440860215052,1.3661635220125787,676,136,GALAXY
2.433319892473118,1.3661635220125787,679,136,GALAXY
2.5393817204301077,1.3661635220125787,692,136,GALAXY
0.48341397849462364,1.3567610062893083,440,137,GALAXY
0.9484543010752691,1.3567610062893083,497,137,GALAXY
0.9729301075268819,1.3567610062893083,500,137,GALAXY
1.282956989247312,1.3567610062893083,538,137,GALAXY
1.7724731182795703,1.3567610062893083,598,137,GALAXY
1.9030107526881719,1.3567610062893083,614,137,GALAXY
1.9274865591397847,1.3567610062893083,617,137,GALAXY
1.9519623655913976,1.3567610062893083,620,137,GALAXY
1.9845967741935486,1.3567610062893083,624,137,GALAXY
2.0090725806451615,1.3567610062893083,627,137,GALAXY
2.0335483870967743,1.3567610062893083,630,137,GALAXY
2.106975806451613,1.3567610062893083,639,137,GALAXY
2.1314516129032257,1.3567610062893083,642,137,GALAXY
2.1559274193548386,1.3567610062893083,645,137,GALAXY
2.1804032258064514,1.3567610062893083,648,137,GALAXY
2.2130376344086025,1.3567610062893083,652,137,GALAXY
2.2375134408602153,1.3567610062893083,655,137,GALAXY
2.3027822580645156,1.3567610062893083,663,137,GALAXY
2.3272580645161285,1.3567610062893083,666,137,GALAXY
2.3517338709677413,1.3567610062893083,669,137,GALAXY
2.3925268817204297,1.3567610062893083,674,137,GALAXY
2.4170026881720426,1.3567610062893083,677,137,GALAXY
2.4414784946236554,1.3567610062893083,680,137,GALAXY
0.9647715053763442,1.3473584905660378,499,138,GALAXY
1.2666397849462365,1.3473584905660378,536,138,GALAXY
1.2911155913978494,1.3473584905660378,539,138,GALAXY
1.7643145161290321,1.3473584905660378,597,138,GALAXY
1.7887903225806459,1.3473584905660378,600,138,GALAXY
1.9274865591397847,1.3473584905660378,617,138,GALAXY
1.9519623655913976,1.3473584905660378,620,138,GALAXY
1.9845967741935486,1.3473584905660378,624,138,GALAXY
2.0090725806451615,1.3473584905660378,627,138,GALAXY
2.0335483870967743,1.3473584905660378,630,138,GALAXY
2.0825,1.3473584905660378,636,138,GALAXY
2.1232930107526884,1.3473584905660378,641,138,GALAXY
2.1477688172043012,1.3473584905660378,644,138,GALAXY
2.172244623655914,1.3473584905660378,647,138,GALAXY
2.196720430107527,1.3473584905660378,650,138,GALAXY
2.22119623655914,1.3473584905660378,653,138,GALAXY
2.286465053763441,1.3473584905660378,661,138,GALAXY
2.310940860215054,1.3473584905660378,664,138,GALAXY
2.3354166666666667,1.3473584905660378,667,138,GALAXY
2.3598924731182795,1.3473584905660378,670,138,GALAXY
2.4251612903225808,1.3473584905660378,678,138,GALAXY
2.5067473118279575,1.3473584905660378,688,138,GALAXY
0.9566129032258068,1.3379559748427674,498,139,GALAXY
1.2666397849462365,1.3379559748427674,536,139,GALAXY
1.2911155913978494,1.3379559748427674,539,139,GALAXY
1.7643145161290321,1.3379559748427674,597,139,GALAXY
1.7887903225806459,1.3379559748427674,600,139,GALAXY
1.9030107526881719,1.3379559748427674,614,139,GALAXY
1.935645161290323,1.3379559748427674,618,139,GALAXY
1.9601209677419358,1.3379559748427674,621,139,GALAXY
2.000913978494624,1.3379559748427674,626,139,GALAXY
2.025389784946237,1.3379559748427674,629,139,GALAXY
2.0743413978494627,1.3379559748427674,635,139,GALAXY
2.0988172043010755,1.3379559748427674,638,139,GALAXY
2.1232930107526884,1.3379559748427674,641,139,GALAXY
2.1477688172043012,1.3379559748427674,644,139,GALAXY
2.172244623655914,1.3379559748427674,647,139,GALAXY
2.196720430107527,1.3379559748427674,650,139,GALAXY
2.22119623655914,1.3379559748427674,653,139,GALAXY
2.3027822580645156,1.3379559748427674,663,139,GALAXY
2.3272580645161285,1.3379559748427674,666,139,GALAXY
2.3517338709677413,1.3379559748427674,669,139,GALAXY
2.4251612903225808,1.3379559748427674,678,139,GALAXY
2.465954301075269,1.3379559748427674,683,139,GALAXY
2.4985887096774193,1.3379559748427674,687,139,GALAXY
2.523064516129032,1.3379559748427674,690,139,GALAXY
1.2747983870967743,1.328553459119497,537,140,GALAXY
1.2992741935483871,1.328553459119497,540,140,GALAXY
1.7643145161290321,1.328553459119497,597,140,GALAXY
1.7887903225806459,1.328553459119497,600,140,GALAXY
1.8948521505376346,1.328553459119497,613,140,GALAXY
1.9274865591397847,1.328553459119497,617,140,GALAXY
1.968279569892473,1.328553459119497,622,140,GALAXY
1.992755376344086,1.328553459119497,625,140,GALAXY
2.058024193548387,1.328553459119497,633,140,GALAXY
2.0825,1.328553459119497,636,140,GALAXY
2.106975806451613,1.328553459119497,639,140,GALAXY
2.1314516129032257,1.328553459119497,642,140,GALAXY
2.1559274193548386,1.328553459119497,645,140,GALAXY
2.1804032258064514,1.328553459119497,648,140,GALAXY
2.2048790322580643,1.328553459119497,651,140,GALAXY
2.229354838709677,1.328553459119497,654,140,GALAXY
2.3027822580645156,1.328553459119497,663,140,GALAXY
2.3272580645161285,1.328553459119497,666,140,GALAXY
2.4170026881720426,1.328553459119497,677,140,GALAXY
2.4414784946236554,1.328553459119497,680,140,GALAXY
2.4741129032258065,1.328553459119497,684,140,GALAXY
2.4985887096774193,1.328553459119497,687,140,GALAXY
2.523064516129032,1.328553459119497,690,140,GALAXY
1.282956989247312,1.3191509433962265,538,141,GALAXY
1.7479973118279575,1.3191509433962265,595,141,GALAXY
1.7724731182795703,1.3191509433962265,598,141,GALAXY
1.8866935483870972,1.3191509433962265,612,141,GALAXY
1.91116935483871,1.3191509433962265,615,141,GALAXY
1.968279569892473,1.3191509433962265,622,141,GALAXY
1.992755376344086,1.3191509433962265,625,141,GALAXY
2.0743413978494627,1.3191509433962265,635,141,GALAXY
2.0988172043010755,1.3191509433962265,638,141,GALAXY
2.1232930107526884,1.3191509433962265,641,141,GALAXY
2.1477688172043012,1.3191509433962265,644,141,GALAXY
2.172244623655914,1.3191509433962265,647,141,GALAXY
2.196720430107527,1.3191509433962265,650,141,GALAXY
2.22119623655914,1.3191509433962265,653,141,GALAXY
2.278306451612903,1.3191509433962265,660,141,GALAXY
2.3027822580645156,1.3191509433962265,663,141,GALAXY
2.3272580645161285,1.3191509433962265,666,141,GALAXY
2.4251612903225808,1.3191509433962265,678,141,GALAXY
2.457795698924731,1.3191509433962265,682,141,GALAXY
2.4822715053763447,1.3191509433962265,685,141,GALAXY
2.5067473118279575,1.3191509433962265,688,141,GALAXY
2.5312231182795704,1.3191509433962265,691,141,GALAXY
1.6093010752688168,1.309748427672956,578,142,GALAXY
1.7561559139784948,1.309748427672956,596,142,GALAXY
1.8295833333333333,1.309748427672956,605,142,GALAXY
1.878534946236559,1.309748427672956,611,142,GALAXY
1.9030107526881719,1.309748427672956,614,142,GALAXY
1.9274865591397847,1.309748427672956,617,142,GALAXY
1.9764381720430104,1.309748427672956,623,142,GALAXY
2.04986559139785,1.309748427672956,632,142,GALAXY
2.0743413978494627,1.309748427672956,635,142,GALAXY
2.106975806451613,1.309748427672956,639,142,GALAXY
2.1314516129032257,1.309748427672956,642,142,GALAXY
2.1559274193548386,1.309748427672956,645,142,GALAXY
2.1804032258064514,1.309748427672956,648,142,GALAXY
2.2048790322580643,1.309748427672956,651,142,GALAXY
2.229354838709677,1.309748427672956,654,142,GALAXY
2.278306451612903,1.309748427672956,660,142,GALAXY
2.3027822580645156,1.309748427672956,663,142,GALAXY
2.433319892473118,1.309748427672956,679,142,GALAXY
2.4741129032258065,1.309748427672956,684,142,GALAXY
2.5067473118279575,1.309748427672956,688,142,GALAXY
1.0871505376344088,1.3003459119496856,514,143,GALAXY
1.584825268817204,1.3003459119496856,575,143,GALAXY
1.6093010752688168,1.3003459119496856,578,143,GALAXY
1.6664112903225807,1.3003459119496856,585,143,GALAXY
1.7479973118279575,1.3003459119496856,595,143,GALAXY
1.7724731182795703,1.3003459119496856,598,143,GALAXY
1.8377419354838715,1.3003459119496856,606,143,GALAXY
1.8866935483870972,1.3003459119496856,612,143,GALAXY
1.91116935483871,1.3003459119496856,615,143,GALAXY
1.935645161290323,1.3003459119496856,618,143,GALAXY
1.9601209677419358,1.3003459119496856,621,143,GALAXY
1.9845967741935486,1.3003459119496856,624,143,GALAXY
2.04986559139785,1.3003459119496856,632,143,GALAXY
2.0743413978494627,1.3003459119496856,635,143,GALAXY
2.11513440860215,1.3003459119496856,640,143,GALAXY
2.139610215053763,1.3003459119496856,643,143,GALAXY
2.164086021505376,1.3003459119496856,646,143,GALAXY
2.1885618279569896,1.3003459119496856,649,143,GALAXY
2.2130376344086025,1.3003459119496856,652,143,GALAXY
2.2375134408602153,1.3003459119496856,655,143,GALAXY
2.286465053763441,1.3003459119496856,661,143,GALAXY
2.465954301075269,1.3003459119496856,683,143,GALAXY
0.3936693548387096,1.2909433962264152,429,144,GALAXY
1.078991935483871,1.2909433962264152,513,144,GALAXY
1.103467741935484,1.2909433962264152,516,144,GALAXY
1.5929838709677413,1.2909433962264152,576,144,GALAXY
1.6174596774193541,1.2909433962264152,579,144,GALAXY
1.6664112903225807,1.2909433962264152,585,144,GALAXY
1.7398387096774193,1.2909433962264152,594,144,GALAXY
1.7643145161290321,1.2909433962264152,597,144,GALAXY
1.8295833333333333,1.2909433962264152,605,144,GALAXY
1.8540591397849462,1.2909433962264152,608,144,GALAXY
1.91116935483871,1.2909433962264152,615,144,GALAXY
1.935645161290323,1.2909433962264152,618,144,GALAXY
1.9601209677419358,1.2909433962264152,621,144,GALAXY
1.9845967741935486,1.2909433962264152,624,144,GALAXY
2.058024193548387,1.2909433962264152,633,144,GALAXY
2.0825,1.2909433962264152,636,144,GALAXY
2.106975806451613,1.2909433962264152,639,144,GALAXY
2.1314516129032257,1.2909433962264152,642,144,GALAXY
2.1885618279569896,1.2909433962264152,649,144,GALAXY
2.2130376344086025,1.2909433962264152,652,144,GALAXY
2.2701478494623655,1.2909433962264152,659,144,GALAXY
2.2946236559139783,1.2909433962264152,662,144,GALAXY
2.4414784946236554,1.2909433962264152,680,144,GALAXY
0.3936693548387096,1.2815408805031447,429,145,GALAXY
0.41814516129032286,1.2815408805031447,432,145,GALAXY
0.9402956989247309,1.2815408805031447,496,145,GALAXY
1.0953091397849466,1.2815408805031447,515,145,GALAXY
1.584825268817204,1.2815408805031447,575,145,GALAXY
1.6093010752688168,1.2815408805031447,578,145,GALAXY
1.6582526881720425,1.2815408805031447,584,145,GALAXY
1.6827284946236554,1.2815408805031447,587,145,GALAXY
1.7561559139784948,1.2815408805031447,596,145,GALAXY
1.8132661290322587,1.2815408805031447,603,145,GALAXY
1.8377419354838715,1.2815408805031447,606,145,GALAXY
1.9030107526881719,1.2815408805031447,614,145,GALAXY
1.9274865591397847,1.2815408805031447,617,145,GALAXY
1.9519623655913976,1.2815408805031447,620,145,GALAXY
1.9764381720430104,1.2815408805031447,623,145,GALAXY
2.04986559139785,1.2815408805031447,632,145,GALAXY
2.0743413978494627,1.2815408805031447,635,145,GALAXY
2.0988172043010755,1.2815408805031447,638,145,GALAXY
2.1232930107526884,1.2815408805031447,641,145,GALAXY
2.2701478494623655,1.2815408805031447,659,145,GALAXY
2.2946236559139783,1.2815408805031447,662,145,GALAXY
2.4414784946236554,1.2815408805031447,680,145,GALAXY
0.38551075268817225,1.2721383647798743,428,146,GALAXY
0.4099865591397851,1.2721383647798743,431,146,GALAXY
0.45077956989247303,1.2721383647798743,436,146,GALAXY
0.9239784946236558,1.2721383647798743,494,146,GALAXY
0.9484543010752691,1.2721383647798743,497,146,GALAXY
1.0953091397849466,1.2721383647798743,515,146,GALAXY
1.5929838709677413,1.2721383647798743,576,146,GALAXY
1.6500940860215052,1.2721383647798743,583,146,GALAXY
1.674569892473118,1.2721383647798743,586,146,GALAXY
1.7479973118279575,1.2721383647798743,595,146,GALAXY
1.7724731182795703,1.2721383647798743,598,146,GALAXY
1.8295833333333333,1.2721383647798743,605,146,GALAXY
1.9274865591397847,1.2721383647798743,617,146,GALAXY
1.9519623655913976,1.2721383647798743,620,146,GALAXY
1.9764381720430104,1.2721383647798743,623,146,GALAXY
2.0417069892473116,1.2721383647798743,631,146,GALAXY
2.0661827956989245,1.2721383647798743,634,146,GALAXY
2.0988172043010755,1.2721383647798743,638,146,GALAXY
2.1232930107526884,1.2721383647798743,641,146,GALAXY
2.1477688172043012,1.2721383647798743,644,146,GALAXY
2.278306451612903,1.2721383647798743,660,146,GALAXY
2.3027822580645156,1.2721383647798743,663,146,GALAXY
2.400685483870968,1.2721383647798743,675,146,GALAXY
2.4414784946236554,1.2721383647798743,680,146,GALAXY
0.38551075268817225,1.2627358490566039,428,147,GALAXY
0.4099865591397851,1.2627358490566039,431,147,GALAXY
0.4426209677419357,1.2627358490566039,435,147,GALAXY
0.46709677419354856,1.2627358490566039,438,147,GALAXY
0.9321370967741931,1.2627358490566039,495,147,GALAXY
1.0871505376344088,1.2627358490566039,514,147,GALAXY
1.6582526881720425,1.2627358490566039,584,147,GALAXY
1.6827284946236554,1.2627358490566039,587,147,GALAXY
1.7561559139784948,1.2627358490566039,596,147,GALAXY
1.8132661290322587,1.2627358490566039,603,147,GALAXY
1.8377419354838715,1.2627358490566039,606,147,GALAXY
1.935645161290323,1.2627358490566039,618,147,GALAXY
1.9601209677419358,1.2627358490566039,621,147,GALAXY
1.9845967741935486,1.2627358490566039,624,147,GALAXY
2.04986559139785,1.2627358490566039,632,147,GALAXY
2.0906586021505373,1.2627358490566039,637,147,GALAXY
2.11513440860215,1.2627358490566039,640,147,GALAXY
2.139610215053763,1.2627358490566039,643,147,GALAXY
2.1885618279569896,1.2627358490566039,649,147,GALAXY
2.2701478494623655,1.2627358490566039,659,147,GALAXY
2.2946236559139783,1.2627358490566039,662,147,GALAXY
2.376209677419354,1.2627358490566039,672,147,GALAXY
2.400685483870968,1.2627358490566039,675,147,GALAXY
2.433319892473118,1.2627358490566039,679,147,GALAXY
2.457795698924731,1.2627358490566039,682,147,GALAXY
0.4099865591397851,1.2533333333333334,431,148,GALAXY
0.45077956989247303,1.2533333333333334,436,148,GALAXY
0.915819892473118,1.2533333333333334,493,148,GALAXY
0.9402956989247309,1.2533333333333334,496,148,GALAXY
1.5685080645161285,1.2533333333333334,573,148,GALAXY
1.6664112903225807,1.2533333333333334,585,148,GALAXY
1.6908870967741936,1.2533333333333334,588,148,GALAXY
1.7479973118279575,1.2533333333333334,595,148,GALAXY
1.8051075268817205,1.2533333333333334,602,148,GALAXY
1.8295833333333333,1.2533333333333334,605,148,GALAXY
1.8540591397849462,1.2533333333333334,608,148,GALAXY
1.9193279569892474,1.2533333333333334,616,148,GALAXY
1.9438037634408603,1.2533333333333334,619,148,GALAXY
1.968279569892473,1.2533333333333334,622,148,GALAXY
2.0417069892473116,1.2533333333333334,631,148,GALAXY
2.0661827956989245,1.2533333333333334,634,148,GALAXY
2.106975806451613,1.2533333333333334,639,148,GALAXY
2.1314516129032257,1.2533333333333334,642,148,GALAXY
2.172244623655914,1.2533333333333334,647,148,GALAXY
2.196720430107527,1.2533333333333334,650,148,GALAXY
2.25383064516129,1.2533333333333334,657,148,GALAXY
2.278306451612903,1.2533333333333334,660,148,GALAXY
2.3027822580645156,1.2533333333333334,663,148,GALAXY
2.3843682795698924,1.2533333333333334,673,148,GALAXY
2.4088440860215052,1.2533333333333334,676,148,GALAXY
2.4496370967741936,1.2533333333333334,681,148,GALAXY
3.1186424731182796,1.2533333333333334,763,148,GALAXY
0.45077956989247303,1.243930817610063,436,149,GALAXY
0.9239784946236558,1.243930817610063,494,149,GALAXY
1.5521908602150538,1.243930817610063,571,149,GALAXY
1.5766666666666667,1.243930817610063,574,149,GALAXY
1.6664112903225807,1.243930817610063,585,149,GALAXY
1.6908870967741936,1.243930817610063,588,149,GALAXY
1.7398387096774193,1.243930817610063,594,149,GALAXY
1.7643145161290321,1.243930817610063,597,149,GALAXY
1.821424731182796,1.243930817610063,604,149,GALAXY
1.8459005376344089,1.243930817610063,607,149,GALAXY
1.9030107526881719,1.243930817610063,614,149,GALAXY
1.9274865591397847,1.243930817610063,617,149,GALAXY
1.9519623655913976,1.243930817610063,620,149,GALAXY
2.0417069892473116,1.243930817610063,631,149,GALAXY
2.0661827956989245,1.243930817610063,634,149,GALAXY
2.106975806451613,1.243930817610063,639,149,GALAXY
2.1314516129032257,1.243930817610063,642,149,GALAXY
2.1804032258064514,1.243930817610063,648,149,GALAXY
2.2048790322580643,1.243930817610063,651,149,GALAXY
2.25383064516129,1.243930817610063,657,149,GALAXY
2.278306451612903,1.243930817610063,660,149,GALAXY
2.3027822580645156,1.243930817610063,663,149,GALAXY
2.376209677419354,1.243930817610063,672,149,GALAXY
2.400685483870968,1.243930817610063,675,149,GALAXY
2.580174731182796,1.243930817610063,697,149,GALAXY
3.102325268817204,1.243930817610063,761,149,GALAXY
3.126801075268817,1.243930817610063,764,149,GALAXY
0.45077956989247303,1.2345283018867925,436,150,GALAXY
1.5521908602150538,1.2345283018867925,571,150,GALAXY
1.5766666666666667,1.2345283018867925,574,150,GALAXY
1.6664112903225807,1.2345283018867925,585,150,GALAXY
1.6908870967741936,1.2345283018867925,588,150,GALAXY
1.731680107526882,1.2345283018867925,593,150,GALAXY
1.7561559139784948,1.2345283018867925,596,150,GALAXY
1.7806317204301076,1.2345283018867925,599,150,GALAXY
1.821424731182796,1.2345283018867925,604,150,GALAXY
1.8459005376344089,1.2345283018867925,607,150,GALAXY
1.9030107526881719,1.2345283018867925,614,150,GALAXY
1.9274865591397847,1.2345283018867925,617,150,GALAXY
1.992755376344086,1.2345283018867925,625,150,GALAXY
2.0335483870967743,1.2345283018867925,630,150,GALAXY
2.058024193548387,1.2345283018867925,633,150,GALAXY
2.0825,1.2345283018867925,636,150,GALAXY
2.106975806451613,1.2345283018867925,639,150,GALAXY
2.172244623655914,1.2345283018867925,647,150,GALAXY
2.196720430107527,1.2345283018867925,650,150,GALAXY
2.2375134408602153,1.2345283018867925,655,150,GALAXY
2.261989247311828,1.2345283018867925,658,150,GALAXY
2.286465053763441,1.2345283018867925,661,150,GALAXY
2.3598924731182795,1.2345283018867925,670,150,GALAXY
2.3843682795698924,1.2345283018867925,673,150,GALAXY
2.5638575268817205,1.2345283018867925,695,150,GALAXY
2.5883333333333334,1.2345283018867925,698,150,GALAXY
3.102325268817204,1.2345283018867925,761,150,GALAXY
3.126801075268817,1.2345283018867925,764,150,GALAXY
0.45077956989247303,1.225125786163522,436,151,GALAXY
1.3482258064516128,1.225125786163522,546,151,GALAXY
1.5521908602150538,1.225125786163522,571,151,GALAXY
1.5766666666666667,1.225125786163522,574,151,GALAXY
1.674569892473118,1.225125786163522,586,151,GALAXY
1.7235215053763446,1.225125786163522,592,151,GALAXY
1.7479973118279575,1.225125786163522,595,151,GALAXY
1.7724731182795703,1.225125786163522,598,151,GALAXY
1.7969489247311832,1.225125786163522,601,151,GALAXY
1.8459005376344089,1.225125786163522,607,151,GALAXY
1.91116935483871,1.225125786163522,615,151,GALAXY
1.968279569892473,1.225125786163522,622,151,GALAXY
1.992755376344086,1.225125786163522,625,151,GALAXY
2.025389784946237,1.225125786163522,629,151,GALAXY
2.04986559139785,1.225125786163522,632,151,GALAXY
2.0743413978494627,1.225125786163522,635,151,GALAXY
2.0988172043010755,1.225125786163522,638,151,GALAXY
2.1232930107526884,1.225125786163522,641,151,GALAXY
2.1885618279569896,1.225125786163522,649,151,GALAXY
2.2130376344086025,1.225125786163522,652,151,GALAXY
2.25383064516129,1.225125786163522,657,151,GALAXY
2.278306451612903,1.225125786163522,660,151,GALAXY
2.3598924731182795,1.225125786163522,670,151,GALAXY
2.3843682795698924,1.225125786163522,673,151,GALAXY
2.5720161290322587,1.225125786163522,696,151,GALAXY
2.5964919354838716,1.225125786163522,699,151,GALAXY
3.1104838709677414,1.225125786163522,762,151,GALAXY
0.4426209677419357,1.2157232704402516,435,152,GALAXY
1.340067204301075,1.2157232704402516,545,152,GALAXY
1.364543010752688,1.2157232704402516,548,152,GALAXY
1.3971774193548385,1.2157232704402516,552,152,GALAXY
1.5685080645161285,1.2157232704402516,573,152,GALAXY
1.7235215053763446,1.2157232704402516,592,152,GALAXY
1.7479973118279575,1.2157232704402516,595,152,GALAXY
1.7724731182795703,1.2157232704402516,598,152,GALAXY
1.7969489247311832,1.2157232704402516,601,152,GALAXY
1.9030107526881719,1.2157232704402516,614,152,GALAXY
1.9274865591397847,1.2157232704402516,617,152,GALAXY
1.9519623655913976,1.2157232704402516,620,152,GALAXY
1.9764381720430104,1.2157232704402516,623,152,GALAXY
2.000913978494624,1.2157232704402516,626,152,GALAXY
2.025389784946237,1.2157232704402516,629,152,GALAXY
2.04986559139785,1.2157232704402516,632,152,GALAXY
2.0743413978494627,1.2157232704402516,635,152,GALAXY
2.0988172043010755,1.2157232704402516,638,152,GALAXY
2.1804032258064514,1.2157232704402516,648,152,GALAXY
2.2048790322580643,1.2157232704402516,651,152,GALAXY
2.25383064516129,1.2157232704402516,657,152,GALAXY
2.278306451612903,1.2157232704402516,660,152,GALAXY
2.3598924731182795,1.2157232704402516,670,152,GALAXY
2.3843682795698924,1.2157232704402516,673,152,GALAXY
2.5720161290322587,1.2157232704402516,696,152,GALAXY
2.5964919354838716,1.2157232704402516,699,152,GALAXY
2.930994623655914,1.2157232704402516,740,152,GALAXY
3.1186424731182796,1.2157232704402516,763,152,GALAXY
1.3563844086021506,1.2063207547169812,547,153,GALAXY
1.3808602150537634,1.2063207547169812,550,153,GALAXY
1.4053360215053763,1.2063207547169812,553,153,GALAXY
1.5358736559139783,1.2063207547169812,569,153,GALAXY
1.731680107526882,1.2063207547169812,593,153,GALAXY
1.7561559139784948,1.2063207547169812,596,153,GALAXY
1.7806317204301076,1.2063207547169812,599,153,GALAXY
1.878534946236559,1.2063207547169812,611,153,GALAXY
1.9030107526881719,1.2063207547169812,614,153,GALAXY
1.9274865591397847,1.2063207547169812,617,153,GALAXY
1.9519623655913976,1.2063207547169812,620,153,GALAXY
1.9764381720430104,1.2063207547169812,623,153,GALAXY
2.000913978494624,1.2063207547169812,626,153,GALAXY
2.025389784946237,1.2063207547169812,629,153,GALAXY
2.04986559139785,1.2063207547169812,632,153,GALAXY
2.0743413978494627,1.2063207547169812,635,153,GALAXY
2.0988172043010755,1.2063207547169812,638,153,GALAXY
2.1559274193548386,1.2063207547169812,645,153,GALAXY
2.1804032258064514,1.2063207547169812,648,153,GALAXY
2.2048790322580643,1.2063207547169812,651,153,GALAXY
2.2701478494623655,1.2063207547169812,659,153,GALAXY
2.2946236559139783,1.2063207547169812,662,153,GALAXY
2.3843682795698924,1.2063207547169812,673,153,GALAXY
2.5883333333333334,1.2063207547169812,698,153,GALAXY
2.922836021505376,1.2063207547169812,739,153,GALAXY
1.340067204301075,1.1969182389937107,545,154,GALAXY
1.364543010752688,1.1969182389937107,548,154,GALAXY
1.3890188172043012,1.1969182389937107,551,154,GALAXY
1.413494623655914,1.1969182389937107,554,154,GALAXY
1.470604838709677,1.1969182389937107,561,154,GALAXY
1.5358736559139783,1.1969182389937107,569,154,GALAXY
1.7235215053763446,1.1969182389937107,592,154,GALAXY
1.7479973118279575,1.1969182389937107,595,154,GALAXY
1.7724731182795703,1.1969182389937107,598,154,GALAXY
1.878534946236559,1.1969182389937107,611,154,GALAXY
1.9030107526881719,1.1969182389937107,614,154,GALAXY
1.9274865591397847,1.1969182389937107,617,154,GALAXY
1.9519623655913976,1.1969182389937107,620,154,GALAXY
1.9764381720430104,1.1969182389937107,623,154,GALAXY
2.000913978494624,1.1969182389937107,626,154,GALAXY
2.025389784946237,1.1969182389937107,629,154,GALAXY
2.04986559139785,1.1969182389937107,632,154,GALAXY
2.0743413978494627,1.1969182389937107,635,154,GALAXY
2.0988172043010755,1.1969182389937107,638,154,GALAXY
2.1559274193548386,1.1969182389937107,645,154,GALAXY
2.1804032258064514,1.1969182389937107,648,154,GALAXY
2.2048790322580643,1.1969182389937107,651,154,GALAXY
2.229354838709677,1.1969182389937107,654,154,GALAXY
2.25383064516129,1.1969182389937107,657,154,GALAXY
2.278306451612903,1.1969182389937107,660,154,GALAXY
2.4822715053763447,1.1969182389937107,685,154,GALAXY
2.9065188172043013,1.1969182389937107,737,154,GALAXY
2.930994623655914,1.1969182389937107,740,154,GALAXY
1.3563844086021506,1.1875157232704403,547,155,GALAXY
1.3890188172043012,1.1875157232704403,551,155,GALAXY
1.413494623655914,1.1875157232704403,554,155,GALAXY
1.4624462365591397,1.1875157232704403,560,155,GALAXY
1.5195564516129032,1.1875157232704403,567,155,GALAXY
1.5440322580645156,1.1875157232704403,570,155,GALAXY
1.7398387096774193,1.1875157232704403,594,155,GALAXY
1.7643145161290321,1.1875157232704403,597,155,GALAXY
1.8866935483870972,1.1875157232704403,612,155,GALAXY
1.91116935483871,1.1875157232704403,615,155,GALAXY
1.935645161290323,1.1875157232704403,618,155,GALAXY
1.9601209677419358,1.1875157232704403,621,155,GALAXY
1.9845967741935486,1.1875157232704403,624,155,GALAXY
2.0090725806451615,1.1875157232704403,627,155,GALAXY
2.0335483870967743,1.1875157232704403,630,155,GALAXY
2.058024193548387,1.1875157232704403,633,155,GALAXY
2.0825,1.1875157232704403,636,155,GALAXY
2.106975806451613,1.1875157232704403,639,155,GALAXY
2.1314516129032257,1.1875157232704403,642,155,GALAXY
2.1559274193548386,1.1875157232704403,645,155,GALAXY
2.1804032258064514,1.1875157232704403,648,155,GALAXY
2.2048790322580643,1.1875157232704403,651,155,GALAXY
2.229354838709677,1.1875157232704403,654,155,GALAXY
2.25383064516129,1.1875157232704403,657,155,GALAXY
2.278306451612903,1.1875157232704403,660,155,GALAXY
2.4741129032258065,1.1875157232704403,684,155,GALAXY
2.4985887096774193,1.1875157232704403,687,155,GALAXY
2.9146774193548386,1.1875157232704403,738,155,GALAXY
2.9391532258064514,1.1875157232704403,741,155,GALAXY
1.2911155913978494,1.1781132075471699,539,156,GALAXY
1.4053360215053763,1.1781132075471699,553,156,GALAXY
1.4624462365591397,1.1781132075471699,560,156,GALAXY
1.5195564516129032,1.1781132075471699,567,156,GALAXY
1.5440322580645156,1.1781132075471699,570,156,GALAXY
1.6500940860215052,1.1781132075471699,583,156,GALAXY
1.7479973118279575,1.1781132075471699,595,156,GALAXY
1.7724731182795703,1.1781132075471699,598,156,GALAXY
1.8295833333333333,1.1781132075471699,605,156,GALAXY
1.9030107526881719,1.1781132075471699,614,156,GALAXY
1.9438037634408603,1.1781132075471699,619,156,GALAXY
1.968279569892473,1.1781132075471699,622,156,GALAXY
1.992755376344086,1.1781132075471699,625,156,GALAXY
2.017231182795699,1.1781132075471699,628,156,GALAXY
2.0417069892473116,1.1781132075471699,631,156,GALAXY
2.0661827956989245,1.1781132075471699,634,156,GALAXY
2.0906586021505373,1.1781132075471699,637,156,GALAXY
2.11513440860215,1.1781132075471699,640,156,GALAXY
2.139610215053763,1.1781132075471699,643,156,GALAXY
2.164086021505376,1.1781132075471699,646,156,GALAXY
2.1885618279569896,1.1781132075471699,649,156,GALAXY
2.2130376344086025,1.1781132075471699,652,156,GALAXY
2.2375134408602153,1.1781132075471699,655,156,GALAXY
2.261989247311828,1.1781132075471699,658,156,GALAXY
2.286465053763441,1.1781132075471699,661,156,GALAXY
2.4822715053763447,1.1781132075471699,685,156,GALAXY
2.5067473118279575,1.1781132075471699,688,156,GALAXY
2.6209677419354844,1.1781132075471699,702,156,GALAXY
2.930994623655914,1.1781132075471699,740,156,GALAXY
0.2549731182795698,1.1687106918238994,412,157,GALAXY
0.29576612903225774,1.1687106918238994,417,157,GALAXY
0.8587096774193546,1.1687106918238994,486,157,GALAXY
1.1116263440860217,1.1687106918238994,517,157,GALAXY
1.282956989247312,1.1687106918238994,538,157,GALAXY
1.4461290322580642,1.1687106918238994,558,157,GALAXY
1.470604838709677,1.1687106918238994,561,157,GALAXY
1.5358736559139783,1.1687106918238994,569,157,GALAXY
1.6419354838709679,1.1687106918238994,582,157,GALAXY
1.6664112903225807,1.1687106918238994,585,157,GALAXY
1.7561559139784948,1.1687106918238994,596,157,GALAXY
1.8051075268817205,1.1687106918238994,602,157,GALAXY
1.8295833333333333,1.1687106918238994,605,157,GALAXY
1.9274865591397847,1.1687106918238994,617,157,GALAXY
1.9519623655913976,1.1687106918238994,620,157,GALAXY
1.9764381720430104,1.1687106918238994,623,157,GALAXY
2.000913978494624,1.1687106918238994,626,157,GALAXY
2.025389784946237,1.1687106918238994,629,157,GALAXY
2.04986559139785,1.1687106918238994,632,157,GALAXY
2.0743413978494627,1.1687106918238994,635,157,GALAXY
2.0988172043010755,1.1687106918238994,638,157,GALAXY
2.1232930107526884,1.1687106918238994,641,157,GALAXY
2.1477688172043012,1.1687106918238994,644,157,GALAXY
2.172244623655914,1.1687106918238994,647,157,GALAXY
2.196720430107527,1.1687106918238994,650,157,GALAXY
2.22119623655914,1.1687106918238994,653,157,GALAXY
2.2456720430107526,1.1687106918238994,656,157,GALAXY
2.2701478494623655,1.1687106918238994,659,157,GALAXY
2.3354166666666667,1.1687106918238994,667,157,GALAXY
2.4741129032258065,1.1687106918238994,684,157,GALAXY
2.4985887096774193,1.1687106918238994,687,157,GALAXY
2.604650537634409,1.1687106918238994,700,157,GALAXY
2.6291263440860217,1.1687106918238994,703,157,GALAXY
0.24681451612903205,1.159308176100629,411,158,GALAXY
0.2712903225806449,1.159308176100629,414,158,GALAXY
0.29576612903225774,1.159308176100629,417,158,GALAXY
0.8423924731182795,1.159308176100629,484,158,GALAXY
0.8668682795698923,1.159308176100629,487,158,GALAXY
1.103467741935484,1.159308176100629,516,158,GALAXY
1.2666397849462365,1.159308176100629,536,158,GALAXY
1.2911155913978494,1.159308176100629,539,158,GALAXY
1.454287634408602,1.159308176100629,559,158,GALAXY
1.4787634408602148,1.159308176100629,562,158,GALAXY
1.6093010752688168,1.159308176100629,578,158,GALAXY
1.6500940860215052,1.159308176100629,583,158,GALAXY
1.674569892473118,1.159308176100629,586,158,GALAXY
1.7479973118279575,1.159308176100629,595,158,GALAXY
1.7724731182795703,1.159308176100629,598,158,GALAXY
1.8132661290322587,1.159308176100629,603,158,GALAXY
1.8377419354838715,1.159308176100629,606,158,GALAXY
1.878534946236559,1.159308176100629,611,158,GALAXY
1.9193279569892474,1.159308176100629,616,158,GALAXY
1.9438037634408603,1.159308176100629,619,158,GALAXY
1.968279569892473,1.159308176100629,622,158,GALAXY
1.992755376344086,1.159308176100629,625,158,GALAXY
2.017231182795699,1.159308176100629,628,158,GALAXY
2.0417069892473116,1.159308176100629,631,158,GALAXY
2.0661827956989245,1.159308176100629,634,158,GALAXY
2.0906586021505373,1.159308176100629,637,158,GALAXY
2.11513440860215,1.159308176100629,640,158,GALAXY
2.139610215053763,1.159308176100629,643,158,GALAXY
2.2048790322580643,1.159308176100629,651,158,GALAXY
2.229354838709677,1.159308176100629,654,158,GALAXY
2.25383064516129,1.159308176100629,657,158,GALAXY
2.2946236559139783,1.159308176100629,662,158,GALAXY
2.3354166666666667,1.159308176100629,667,158,GALAXY
2.3598924731182795,1.159308176100629,670,158,GALAXY
2.4985887096774193,1.159308176100629,687,158,GALAXY
2.612809139784946,1.159308176100629,701,158,GALAXY
0.23049731182795696,1.1499056603773585,409,159,GALAXY
0.2549731182795698,1.1499056603773585,412,159,GALAXY
0.27944892473118266,1.1499056603773585,415,159,GALAXY
0.3039247311827955,1.1499056603773585,418,159,GALAXY
0.7281720430107526,1.1499056603773585,470,159,GALAXY
0.8505510752688168,1.1499056603773585,485,159,GALAXY
1.0871505376344088,1.1499056603773585,514,159,GALAXY
1.1116263440860217,1.1499056603773585,517,159,GALAXY
1.2747983870967743,1.1499056603773585,537,159,GALAXY
1.2992741935483871,1.1499056603773585,540,159,GALAXY
1.470604838709677,1.1499056603773585,561,159,GALAXY
1.584825268817204,1.1499056603773585,575,159,GALAXY
1.6093010752688168,1.1499056603773585,578,159,GALAXY
1.6419354838709679,1.1499056603773585,582,159,GALAXY
1.6664112903225807,1.1499056603773585,585,159,GALAXY
1.6908870967741936,1.1499056603773585,588,159,GALAXY
1.7479973118279575,1.1499056603773585,595,159,GALAXY
1.7724731182795703,1.1499056603773585,598,159,GALAXY
1.8051075268817205,1.1499056603773585,602,159,GALAXY
1.8295833333333333,1.1499056603773585,605,159,GALAXY
1.8622177419354844,1.1499056603773585,609,159,GALAXY
1.8866935483870972,1.1499056603773585,612,159,GALAXY
1.91116935483871,1.1499056603773585,615,159,GALAXY
1.935645161290323,1.1499056603773585,618,159,GALAXY
1.9601209677419358,1.1499056603773585,621,159,GALAXY
1.9845967741935486,1.1499056603773585,624,159,GALAXY
2.0090725806451615,1.1499056603773585,627,159,GALAXY
2.0335483870967743,1.1499056603773585,630,159,GALAXY
2.058024193548387,1.1499056603773585,633,159,GALAXY
2.0825,1.1499056603773585,636,159,GALAXY
2.106975806451613,1.1499056603773585,639,159,GALAXY
2.1314516129032257,1.1499056603773585,642,159,GALAXY
2.1559274193548386,1.1499056603773585,645,159,GALAXY
2.1804032258064514,1.1499056603773585,648,159,GALAXY
2.2048790322580643,1.1499056603773585,651,159,GALAXY
2.229354838709677,1.1499056603773585,654,159,GALAXY
2.25383064516129,1.1499056603773585,657,159,GALAXY
2.278306451612903,1.1499056603773585,660,159,GALAXY
2.3027822580645156,1.1499056603773585,663,159,GALAXY
2.3354166666666667,1.1499056603773585,667,159,GALAXY
2.3598924731182795,1.1499056603773585,670,159,GALAXY
2.612809139784946,1.1499056603773585,701,159,GALAXY
0.23049731182795696,1.140503144654088,409,160,GALAXY
0.2549731182795698,1.140503144654088,412,160,GALAXY
0.27944892473118266,1.140503144654088,415,160,GALAXY
0.3039247311827955,1.140503144654088,418,160,GALAXY
0.7200134408602148,1.140503144654088,469,160,GALAXY
0.8342338709677417,1.140503144654088,483,160,GALAXY
0.8587096774193546,1.140503144654088,486,160,GALAXY
1.0055645161290325,1.140503144654088,504,160,GALAXY
1.0953091397849466,1.140503144654088,515,160,GALAXY
1.1197849462365594,1.140503144654088,518,160,GALAXY
1.2911155913978494,1.140503144654088,539,160,GALAXY
1.4624462365591397,1.140503144654088,560,160,GALAXY
1.4869220430107526,1.140503144654088,563,160,GALAXY
1.5929838709677413,1.140503144654088,576,160,GALAXY
1.6174596774193541,1.140503144654088,579,160,GALAXY
1.6582526881720425,1.140503144654088,584,160,GALAXY
1.6827284946236554,1.140503144654088,587,160,GALAXY
1.731680107526882,1.140503144654088,593,160,GALAXY
1.7561559139784948,1.140503144654088,596,160,GALAXY
1.7806317204301076,1.140503144654088,599,160,GALAXY
1.8051075268817205,1.140503144654088,602,160,GALAXY
1.8295833333333333,1.140503144654088,605,160,GALAXY
1.8540591397849462,1.140503144654088,608,160,GALAXY
1.878534946236559,1.140503144654088,611,160,GALAXY
1.9030107526881719,1.140503144654088,614,160,GALAXY
1.9274865591397847,1.140503144654088,617,160,GALAXY
1.9519623655913976,1.140503144654088,620,160,GALAXY
1.9764381720430104,1.140503144654088,623,160,GALAXY
2.000913978494624,1.140503144654088,626,160,GALAXY
2.025389784946237,1.140503144654088,629,160,GALAXY
2.04986559139785,1.140503144654088,632,160,GALAXY
2.0743413978494627,1.140503144654088,635,160,GALAXY
2.0988172043010755,1.140503144654088,638,160,GALAXY
2.1232930107526884,1.140503144654088,641,160,GALAXY
2.1477688172043012,1.140503144654088,644,160,GALAXY
2.172244623655914,1.140503144654088,647,160,GALAXY
2.196720430107527,1.140503144654088,650,160,GALAXY
2.22119623655914,1.140503144654088,653,160,GALAXY
2.2456720430107526,1.140503144654088,656,160,GALAXY
2.2701478494623655,1.140503144654088,659,160,GALAXY
2.2946236559139783,1.140503144654088,662,160,GALAXY
2.3272580645161285,1.140503144654088,666,160,GALAXY
2.3517338709677413,1.140503144654088,669,160,GALAXY
2.612809139784946,1.140503144654088,701,160,GALAXY
0.24681451612903205,1.1311006289308176,411,161,GALAXY
0.2876075268817204,1.1311006289308176,416,161,GALAXY
0.6873790322580642,1.1311006289308176,465,161,GALAXY
0.711854838709677,1.1311006289308176,468,161,GALAXY
0.7363306451612903,1.1311006289308176,471,161,GALAXY
0.8587096774193546,1.1311006289308176,486,161,GALAXY
1.0055645161290325,1.1311006289308176,504,161,GALAXY
1.0953091397849466,1.1311006289308176,515,161,GALAXY
1.282956989247312,1.1311006289308176,538,161,GALAXY
1.307432795698925,1.1311006289308176,541,161,GALAXY
1.470604838709677,1.1311006289308176,561,161,GALAXY
1.4950806451612904,1.1311006289308176,564,161,GALAXY
1.6011424731182795,1.1311006289308176,577,161,GALAXY
1.6500940860215052,1.1311006289308176,583,161,GALAXY
1.674569892473118,1.1311006289308176,586,161,GALAXY
1.699045698924731,1.1311006289308176,589,161,GALAXY
1.7479973118279575,1.1311006289308176,595,161,GALAXY
1.7724731182795703,1.1311006289308176,598,161,GALAXY
1.7969489247311832,1.1311006289308176,601,161,GALAXY
1.821424731182796,1.1311006289308176,604,161,GALAXY
1.8459005376344089,1.1311006289308176,607,161,GALAXY
1.8703763440860217,1.1311006289308176,610,161,GALAXY
1.8948521505376346,1.1311006289308176,613,161,GALAXY
1.9193279569892474,1.1311006289308176,616,161,GALAXY
1.9438037634408603,1.1311006289308176,619,161,GALAXY
1.968279569892473,1.1311006289308176,622,161,GALAXY
1.992755376344086,1.1311006289308176,625,161,GALAXY
2.017231182795699,1.1311006289308176,628,161,GALAXY
2.0417069892473116,1.1311006289308176,631,161,GALAXY
2.0661827956989245,1.1311006289308176,634,161,GALAXY
2.0906586021505373,1.1311006289308176,637,161,GALAXY
2.11513440860215,1.1311006289308176,640,161,GALAXY
2.139610215053763,1.1311006289308176,643,161,GALAXY
2.164086021505376,1.1311006289308176,646,161,GALAXY
2.1885618279569896,1.1311006289308176,649,161,GALAXY
2.2130376344086025,1.1311006289308176,652,161,GALAXY
2.2375134408602153,1.1311006289308176,655,161,GALAXY
2.261989247311828,1.1311006289308176,658,161,GALAXY
2.286465053763441,1.1311006289308176,661,161,GALAXY
2.310940860215054,1.1311006289308176,664,161,GALAXY
2.3517338709677413,1.1311006289308176,669,161,GALAXY
0.6873790322580642,1.121698113207547,465,162,GALAXY
0.711854838709677,1.121698113207547,468,162,GALAXY
0.7363306451612903,1.121698113207547,471,162,GALAXY
0.785282258064516,1.121698113207547,477,162,GALAXY
0.8913440860215052,1.121698113207547,490,162,GALAXY
0.9974059139784948,1.121698113207547,503,162,GALAXY
1.0218817204301076,1.121698113207547,506,162,GALAXY
1.0708333333333337,1.121698113207547,512,162,GALAXY
1.2992741935483871,1.121698113207547,540,162,GALAXY
1.3808602150537634,1.121698113207547,550,162,GALAXY
1.4624462365591397,1.121698113207547,560,162,GALAXY
1.4869220430107526,1.121698113207547,563,162,GALAXY
1.5521908602150538,1.121698113207547,571,162,GALAXY
1.5766666666666667,1.121698113207547,574,162,GALAXY
1.6011424731182795,1.121698113207547,577,162,GALAXY
1.6256182795698924,1.121698113207547,580,162,GALAXY
1.6908870967741936,1.121698113207547,588,162,GALAXY
1.7398387096774193,1.121698113207547,594,162,GALAXY
1.7643145161290321,1.121698113207547,597,162,GALAXY
1.7887903225806459,1.121698113207547,600,162,GALAXY
1.8132661290322587,1.121698113207547,603,162,GALAXY
1.8377419354838715,1.121698113207547,606,162,GALAXY
1.8622177419354844,1.121698113207547,609,162,GALAXY
1.8866935483870972,1.121698113207547,612,162,GALAXY
1.91116935483871,1.121698113207547,615,162,GALAXY
1.935645161290323,1.121698113207547,618,162,GALAXY
1.9601209677419358,1.121698113207547,621,162,GALAXY
1.9845967741935486,1.121698113207547,624,162,GALAXY
2.0090725806451615,1.121698113207547,627,162,GALAXY
2.0335483870967743,1.121698113207547,630,162,GALAXY
2.058024193548387,1.121698113207547,633,162,GALAXY
2.0825,1.121698113207547,636,162,GALAXY
2.106975806451613,1.121698113207547,639,162,GALAXY
2.1314516129032257,1.121698113207547,642,162,GALAXY
2.1559274193548386,1.121698113207547,645,162,GALAXY
2.1804032258064514,1.121698113207547,648,162,GALAXY
2.2048790322580643,1.121698113207547,651,162,GALAXY
2.229354838709677,1.121698113207547,654,162,GALAXY
2.25383064516129,1.121698113207547,657,162,GALAXY
2.2946236559139783,1.121698113207547,662,162,GALAXY
0.654744623655914,1.1122955974842765,461,163,GALAXY
0.6792204301075269,1.1122955974842765,464,163,GALAXY
0.7036962365591397,1.1122955974842765,467,163,GALAXY
0.7281720430107526,1.1122955974842765,470,163,GALAXY
0.7689650537634405,1.1122955974842765,475,163,GALAXY
0.7934408602150533,1.1122955974842765,478,163,GALAXY
0.8831854838709674,1.1122955974842765,489,163,GALAXY
0.9729301075268819,1.1122955974842765,500,163,GALAXY
0.9974059139784948,1.1122955974842765,503,163,GALAXY
1.0218817204301076,1.1122955974842765,506,163,GALAXY
1.062674731182796,1.1122955974842765,511,163,GALAXY
1.282956989247312,1.1122955974842765,538,163,GALAXY
1.307432795698925,1.1122955974842765,541,163,GALAXY
1.3808602150537634,1.1122955974842765,550,163,GALAXY
1.4053360215053763,1.1122955974842765,553,163,GALAXY
1.4624462365591397,1.1122955974842765,560,163,GALAXY
1.4869220430107526,1.1122955974842765,563,163,GALAXY
1.5521908602150538,1.1122955974842765,571,163,GALAXY
1.5766666666666667,1.1122955974842765,574,163,GALAXY
1.6011424731182795,1.1122955974842765,577,163,GALAXY
1.6256182795698924,1.1122955974842765,580,163,GALAXY
1.6908870967741936,1.1122955974842765,588,163,GALAXY
1.7153629032258064,1.1122955974842765,591,163,GALAXY
1.7561559139784948,1.1122955974842765,596,163,GALAXY
1.7806317204301076,1.1122955974842765,599,163,GALAXY
1.8051075268817205,1.1122955974842765,602,163,GALAXY
1.8295833333333333,1.1122955974842765,605,163,GALAXY
1.8540591397849462,1.1122955974842765,608,163,GALAXY
1.878534946236559,1.1122955974842765,611,163,GALAXY
1.9030107526881719,1.1122955974842765,614,163,GALAXY
1.9274865591397847,1.1122955974842765,617,163,GALAXY
1.9519623655913976,1.1122955974842765,620,163,GALAXY
1.9764381720430104,1.1122955974842765,623,163,GALAXY
2.000913978494624,1.1122955974842765,626,163,GALAXY
2.025389784946237,1.1122955974842765,629,163,GALAXY
2.04986559139785,1.1122955974842765,632,163,GALAXY
2.0743413978494627,1.1122955974842765,635,163,GALAXY
2.0988172043010755,1.1122955974842765,638,163,GALAXY
2.1232930107526884,1.1122955974842765,641,163,GALAXY
2.1477688172043012,1.1122955974842765,644,163,GALAXY
2.172244623655914,1.1122955974842765,647,163,GALAXY
2.196720430107527,1.1122955974842765,650,163,GALAXY
2.22119623655914,1.1122955974842765,653,163,GALAXY
0.6139516129032256,1.102893081761006,456,164,GALAXY
0.6465860215053763,1.102893081761006,460,164,GALAXY
0.6710618279569891,1.102893081761006,463,164,GALAXY
0.695537634408602,1.102893081761006,466,164,GALAXY
0.7281720430107526,1.102893081761006,470,164,GALAXY
0.7608064516129032,1.102893081761006,474,164,GALAXY
0.785282258064516,1.102893081761006,477,164,GALAXY
0.8750268817204296,1.102893081761006,488,164,GALAXY
0.8995026881720425,1.102893081761006,491,164,GALAXY
0.9892473118279574,1.102893081761006,502,164,GALAXY
1.0137231182795703,1.102893081761006,505,164,GALAXY
1.062674731182796,1.102893081761006,511,164,GALAXY
1.1524193548387096,1.102893081761006,522,164,GALAXY
1.2747983870967743,1.102893081761006,537,164,GALAXY
1.2992741935483871,1.102893081761006,540,164,GALAXY
1.3808602150537634,1.102893081761006,550,164,GALAXY
1.4053360215053763,1.102893081761006,553,164,GALAXY
1.454287634408602,1.102893081761006,559,164,GALAXY
1.4787634408602148,1.102893081761006,562,164,GALAXY
1.5113978494623654,1.102893081761006,566,164,GALAXY
1.5521908602150538,1.102893081761006,571,164,GALAXY
1.5766666666666667,1.102893081761006,574,164,GALAXY
1.6011424731182795,1.102893081761006,577,164,GALAXY
1.6256182795698924,1.102893081761006,580,164,GALAXY
1.6500940860215052,1.102893081761006,583,164,GALAXY
1.699045698924731,1.102893081761006,589,164,GALAXY
1.7235215053763446,1.102893081761006,592,164,GALAXY
1.7724731182795703,1.102893081761006,598,164,GALAXY
1.7969489247311832,1.102893081761006,601,164,GALAXY
1.821424731182796,1.102893081761006,604,164,GALAXY
1.8459005376344089,1.102893081761006,607,164,GALAXY
1.8703763440860217,1.102893081761006,610,164,GALAXY
1.8948521505376346,1.102893081761006,613,164,GALAXY
1.9193279569892474,1.102893081761006,616,164,GALAXY
1.9438037634408603,1.102893081761006,619,164,GALAXY
1.968279569892473,1.102893081761006,622,164,GALAXY
1.992755376344086,1.102893081761006,625,164,GALAXY
2.017231182795699,1.102893081761006,628,164,GALAXY
2.0417069892473116,1.102893081761006,631,164,GALAXY
2.0661827956989245,1.102893081761006,634,164,GALAXY
2.0906586021505373,1.102893081761006,637,164,GALAXY
2.11513440860215,1.102893081761006,640,164,GALAXY
2.139610215053763,1.102893081761006,643,164,GALAXY
2.164086021505376,1.102893081761006,646,164,GALAXY
2.1885618279569896,1.102893081761006,649,164,GALAXY
2.2130376344086025,1.102893081761006,652,164,GALAXY
2.2375134408602153,1.102893081761006,655,164,GALAXY
0.6139516129032256,1.0934905660377356,456,165,GALAXY
0.6384274193548385,1.0934905660377356,459,165,GALAXY
0.6629032258064513,1.0934905660377356,462,165,GALAXY
0.6873790322580642,1.0934905660377356,465,165,GALAXY
0.7200134408602148,1.0934905660377356,469,165,GALAXY
0.7444892473118276,1.0934905660377356,472,165,GALAXY
0.7689650537634405,1.0934905660377356,475,165,GALAXY
0.7934408602150533,1.0934905660377356,478,165,GALAXY
0.8831854838709674,1.0934905660377356,489,165,GALAXY
0.9729301075268819,1.0934905660377356,500,165,GALAXY
0.9974059139784948,1.0934905660377356,503,165,GALAXY
1.0545161290322582,1.0934905660377356,510,165,GALAXY
1.078991935483871,1.0934905660377356,513,165,GALAXY
1.1605779569892474,1.0934905660377356,523,165,GALAXY
1.1850537634408602,1.0934905660377356,526,165,GALAXY
1.282956989247312,1.0934905660377356,538,165,GALAXY
1.307432795698925,1.0934905660377356,541,165,GALAXY
1.3890188172043012,1.0934905660377356,551,165,GALAXY
1.437970430107527,1.0934905660377356,557,165,GALAXY
1.4624462365591397,1.0934905660377356,560,165,GALAXY
1.4869220430107526,1.0934905660377356,563,165,GALAXY
1.5113978494623654,1.0934905660377356,566,165,GALAXY
1.5440322580645156,1.0934905660377356,570,165,GALAXY
1.5685080645161285,1.0934905660377356,573,165,GALAXY
1.5929838709677413,1.0934905660377356,576,165,GALAXY
1.6174596774193541,1.0934905660377356,579,165,GALAXY
1.6419354838709679,1.0934905660377356,582,165,GALAXY
1.6908870967741936,1.0934905660377356,588,165,GALAXY
1.7153629032258064,1.0934905660377356,591,165,GALAXY
1.7643145161290321,1.0934905660377356,597,165,GALAXY
1.7887903225806459,1.0934905660377356,600,165,GALAXY
1.8132661290322587,1.0934905660377356,603,165,GALAXY
1.8377419354838715,1.0934905660377356,606,165,GALAXY
1.8622177419354844,1.0934905660377356,609,165,GALAXY
1.8866935483870972,1.0934905660377356,612,165,GALAXY
1.91116935483871,1.0934905660377356,615,165,GALAXY
1.935645161290323,1.0934905660377356,618,165,GALAXY
1.9601209677419358,1.0934905660377356,621,165,GALAXY
1.9845967741935486,1.0934905660377356,624,165,GALAXY
2.0090725806451615,1.0934905660377356,627,165,GALAXY
2.0335483870967743,1.0934905660377356,630,165,GALAXY
2.058024193548387,1.0934905660377356,633,165,GALAXY
2.0825,1.0934905660377356,636,165,GALAXY
2.106975806451613,1.0934905660377356,639,165,GALAXY
2.1314516129032257,1.0934905660377356,642,165,GALAXY
2.1559274193548386,1.0934905660377356,645,165,GALAXY
2.1804032258064514,1.0934905660377356,648,165,GALAXY
2.2048790322580643,1.0934905660377356,651,165,GALAXY
2.229354838709677,1.0934905660377356,654,165,GALAXY
0.3773521505376345,1.0840880503144652,427,166,GALAXY
0.5976344086021506,1.0840880503144652,454,166,GALAXY
0.6221102150537634,1.0840880503144652,457,166,GALAXY
0.6465860215053763,1.0840880503144652,460,166,GALAXY
0.6710618279569891,1.0840880503144652,463,166,GALAXY
0.7281720430107526,1.0840880503144652,470,166,GALAXY
0.7526478494623654,1.0840880503144652,473,166,GALAXY
0.785282258064516,1.0840880503144652,477,166,GALAXY
0.8750268817204296,1.0840880503144652,488,166,GALAXY
0.9810887096774197,1.0840880503144652,501,166,GALAXY
1.0545161290322582,1.0840880503144652,510,166,GALAXY
1.1442607526881723,1.0840880503144652,521,166,GALAXY
1.1687365591397851,1.0840880503144652,524,166,GALAXY
1.193212365591398,1.0840880503144652,527,166,GALAXY
1.282956989247312,1.0840880503144652,538,166,GALAXY
1.307432795698925,1.0840880503144652,541,166,GALAXY
1.3890188172043012,1.0840880503144652,551,166,GALAXY
1.437970430107527,1.0840880503144652,557,166,GALAXY
1.4624462365591397,1.0840880503144652,560,166,GALAXY
1.4869220430107526,1.0840880503144652,563,166,GALAXY
1.5113978494623654,1.0840880503144652,566,166,GALAXY
1.5521908602150538,1.0840880503144652,571,166,GALAXY
1.5766666666666667,1.0840880503144652,574,166,GALAXY
1.6011424731182795,1.0840880503144652,577,166,GALAXY
1.6256182795698924,1.0840880503144652,580,166,GALAXY
1.6500940860215052,1.0840880503144652,583,166,GALAXY
1.699045698924731,1.0840880503144652,589,166,GALAXY
1.7235215053763446,1.0840880503144652,592,166,GALAXY
1.7806317204301076,1.0840880503144652,599,166,GALAXY
1.8051075268817205,1.0840880503144652,602,166,GALAXY
1.8295833333333333,1.0840880503144652,605,166,GALAXY
1.8540591397849462,1.0840880503144652,608,166,GALAXY
1.878534946236559,1.0840880503144652,611,166,GALAXY
1.9030107526881719,1.0840880503144652,614,166,GALAXY
1.9274865591397847,1.0840880503144652,617,166,GALAXY
1.9519623655913976,1.0840880503144652,620,166,GALAXY
1.9764381720430104,1.0840880503144652,623,166,GALAXY
2.000913978494624,1.0840880503144652,626,166,GALAXY
2.025389784946237,1.0840880503144652,629,166,GALAXY
2.04986559139785,1.0840880503144652,632,166,GALAXY
2.0743413978494627,1.0840880503144652,635,166,GALAXY
2.0988172043010755,1.0840880503144652,638,166,GALAXY
2.1232930107526884,1.0840880503144652,641,166,GALAXY
2.1477688172043012,1.0840880503144652,644,166,GALAXY
2.172244623655914,1.0840880503144652,647,166,GALAXY
2.196720430107527,1.0840880503144652,650,166,GALAXY
2.22119623655914,1.0840880503144652,653,166,GALAXY
2.2456720430107526,1.0840880503144652,656,166,GALAXY
2.637284946236559,1.0840880503144652,704,166,GALAXY
0.1407526881720429,1.0746855345911948,398,167,GALAXY
0.38551075268817225,1.0746855345911948,428,167,GALAXY
0.5976344086021506,1.0746855345911948,454,167,GALAXY
0.6221102150537634,1.0746855345911948,457,167,GALAXY
0.654744623655914,1.0746855345911948,461,167,GALAXY
0.7200134408602148,1.0746855345911948,469,167,GALAXY
0.7444892473118276,1.0746855345911948,472,167,GALAXY
0.8668682795698923,1.0746855345911948,487,167,GALAXY
0.8913440860215052,1.0746855345911948,490,167,GALAXY
0.9729301075268819,1.0746855345911948,500,167,GALAXY
1.1605779569892474,1.0746855345911948,523,167,GALAXY
1.1850537634408602,1.0746855345911948,526,167,GALAXY
1.282956989247312,1.0746855345911948,538,167,GALAXY
1.3727016129032257,1.0746855345911948,549,167,GALAXY
1.3971774193548385,1.0746855345911948,552,167,GALAXY
1.4461290322580642,1.0746855345911948,558,167,GALAXY
1.470604838709677,1.0746855345911948,561,167,GALAXY
1.4950806451612904,1.0746855345911948,564,167,GALAXY
1.5195564516129032,1.0746855345911948,567,167,GALAXY
1.5685080645161285,1.0746855345911948,573,167,GALAXY
1.5929838709677413,1.0746855345911948,576,167,GALAXY
1.6174596774193541,1.0746855345911948,579,167,GALAXY
1.6419354838709679,1.0746855345911948,582,167,GALAXY
1.699045698924731,1.0746855345911948,589,167,GALAXY
1.7235215053763446,1.0746855345911948,592,167,GALAXY
1.7479973118279575,1.0746855345911948,595,167,GALAXY
1.7969489247311832,1.0746855345911948,601,167,GALAXY
1.821424731182796,1.0746855345911948,604,167,GALAXY
1.8459005376344089,1.0746855345911948,607,167,GALAXY
1.8703763440860217,1.0746855345911948,610,167,GALAXY
1.8948521505376346,1.0746855345911948,613,167,GALAXY
1.9193279569892474,1.0746855345911948,616,167,GALAXY
1.9438037634408603,1.0746855345911948,619,167,GALAXY
1.968279569892473,1.0746855345911948,622,167,GALAXY
1.992755376344086,1.0746855345911948,625,167,GALAXY
2.017231182795699,1.0746855345911948,628,167,GALAXY
2.0417069892473116,1.0746855345911948,631,167,GALAXY
2.0661827956989245,1.0746855345911948,634,167,GALAXY
2.0906586021505373,1.0746855345911948,637,167,GALAXY
2.11513440860215,1.0746855345911948,640,167,GALAXY
2.139610215053763,1.0746855345911948,643,167,GALAXY
2.164086021505376,1.0746855345911948,646,167,GALAXY
2.2048790322580643,1.0746855345911948,651,167,GALAXY
2.229354838709677,1.0746855345911948,654,167,GALAXY
2.612809139784946,1.0746855345911948,701,167,GALAXY
2.637284946236559,1.0746855345911948,704,167,GALAXY
0.12443548387096781,1.0652830188679243,396,168,GALAXY
0.14891129032258066,1.0652830188679243,399,168,GALAXY
0.3773521505376345,1.0652830188679243,427,168,GALAXY
0.40182795698924734,1.0652830188679243,430,168,GALAXY
0.6221102150537634,1.0652830188679243,457,168,GALAXY
0.7363306451612903,1.0652830188679243,471,168,GALAXY
0.8668682795698923,1.0652830188679243,487,168,GALAXY
0.8913440860215052,1.0652830188679243,490,168,GALAXY
0.9647715053763442,1.0652830188679243,499,168,GALAXY
1.1442607526881723,1.0652830188679243,521,168,GALAXY
1.1687365591397851,1.0652830188679243,524,168,GALAXY
1.193212365591398,1.0652830188679243,527,168,GALAXY
1.3808602150537634,1.0652830188679243,550,168,GALAXY
1.4053360215053763,1.0652830188679243,553,168,GALAXY
1.4461290322580642,1.0652830188679243,558,168,GALAXY
1.470604838709677,1.0652830188679243,561,168,GALAXY
1.4950806451612904,1.0652830188679243,564,168,GALAXY
1.5195564516129032,1.0652830188679243,567,168,GALAXY
1.5603494623655911,1.0652830188679243,572,168,GALAXY
1.584825268817204,1.0652830188679243,575,168,GALAXY
1.6093010752688168,1.0652830188679243,578,168,GALAXY
1.6337768817204297,1.0652830188679243,581,168,GALAXY
1.6827284946236554,1.0652830188679243,587,168,GALAXY
1.707204301075269,1.0652830188679243,590,168,GALAXY
1.731680107526882,1.0652830188679243,593,168,GALAXY
1.7561559139784948,1.0652830188679243,596,168,GALAXY
1.7806317204301076,1.0652830188679243,599,168,GALAXY
1.8051075268817205,1.0652830188679243,602,168,GALAXY
1.8295833333333333,1.0652830188679243,605,168,GALAXY
1.8540591397849462,1.0652830188679243,608,168,GALAXY
1.878534946236559,1.0652830188679243,611,168,GALAXY
1.9030107526881719,1.0652830188679243,614,168,GALAXY
1.9274865591397847,1.0652830188679243,617,168,GALAXY
1.9519623655913976,1.0652830188679243,620,168,GALAXY
1.9764381720430104,1.0652830188679243,623,168,GALAXY
2.000913978494624,1.0652830188679243,626,168,GALAXY
2.025389784946237,1.0652830188679243,629,168,GALAXY
2.04986559139785,1.0652830188679243,632,168,GALAXY
2.0743413978494627,1.0652830188679243,635,168,GALAXY
2.0988172043010755,1.0652830188679243,638,168,GALAXY
2.1232930107526884,1.0652830188679243,641,168,GALAXY
2.1477688172043012,1.0652830188679243,644,168,GALAXY
2.172244623655914,1.0652830188679243,647,168,GALAXY
2.2375134408602153,1.0652830188679243,655,168,GALAXY
2.6291263440860217,1.0652830188679243,703,168,GALAXY
0.11627688172043005,1.0558805031446539,395,169,GALAXY
0.1407526881720429,1.0558805031446539,398,169,GALAXY
0.36103494623655896,1.0558805031446539,425,169,GALAXY
0.38551075268817225,1.0558805031446539,428,169,GALAXY
0.8668682795698923,1.0558805031446539,487,169,GALAXY
0.9484543010752691,1.0558805031446539,497,169,GALAXY
0.9729301075268819,1.0558805031446539,500,169,GALAXY
1.1605779569892474,1.0558805031446539,523,169,GALAXY
1.1850537634408602,1.0558805031446539,526,169,GALAXY
1.3890188172043012,1.0558805031446539,551,169,GALAXY
1.413494623655914,1.0558805031446539,554,169,GALAXY
1.4461290322580642,1.0558805031446539,558,169,GALAXY
1.470604838709677,1.0558805031446539,561,169,GALAXY
1.4950806451612904,1.0558805031446539,564,169,GALAXY
1.5195564516129032,1.0558805031446539,567,169,GALAXY
1.5521908602150538,1.0558805031446539,571,169,GALAXY
1.5766666666666667,1.0558805031446539,574,169,GALAXY
1.6174596774193541,1.0558805031446539,579,169,GALAXY
1.6419354838709679,1.0558805031446539,582,169,GALAXY
1.674569892473118,1.0558805031446539,586,169,GALAXY
1.699045698924731,1.0558805031446539,589,169,GALAXY
1.7235215053763446,1.0558805031446539,592,169,GALAXY
1.7479973118279575,1.0558805031446539,595,169,GALAXY
1.7724731182795703,1.0558805031446539,598,169,GALAXY
1.7969489247311832,1.0558805031446539,601,169,GALAXY
1.821424731182796,1.0558805031446539,604,169,GALAXY
1.8459005376344089,1.0558805031446539,607,169,GALAXY
1.8703763440860217,1.0558805031446539,610,169,GALAXY
1.8948521505376346,1.0558805031446539,613,169,GALAXY
1.9193279569892474,1.0558805031446539,616,169,GALAXY
1.9438037634408603,1.0558805031446539,619,169,GALAXY
1.968279569892473,1.0558805031446539,622,169,GALAXY
1.992755376344086,1.0558805031446539,625,169,GALAXY
2.017231182795699,1.0558805031446539,628,169,GALAXY
2.0417069892473116,1.0558805031446539,631,169,GALAXY
2.0661827956989245,1.0558805031446539,634,169,GALAXY
2.0906586021505373,1.0558805031446539,637,169,GALAXY
2.11513440860215,1.0558805031446539,640,169,GALAXY
2.139610215053763,1.0558805031446539,643,169,GALAXY
2.164086021505376,1.0558805031446539,646,169,GALAXY
2.6209677419354844,1.0558805031446539,702,169,GALAXY
2.6454435483870973,1.0558805031446539,705,169,GALAXY
0.10811827956989228,1.0464779874213834,394,170,GALAXY
0.13259408602150513,1.0464779874213834,397,170,GALAXY
0.3528763440860212,1.0464779874213834,424,170,GALAXY
0.3773521505376345,1.0464779874213834,427,170,GALAXY
0.9484543010752691,1.0464779874213834,497,170,GALAXY
0.9729301075268819,1.0464779874213834,500,170,GALAXY
1.1687365591397851,1.0464779874213834,524,170,GALAXY
1.193212365591398,1.0464779874213834,527,170,GALAXY
1.2258467741935486,1.0464779874213834,531,170,GALAXY
1.3155913978494622,1.0464779874213834,542,170,GALAXY
1.340067204301075,1.0464779874213834,545,170,GALAXY
1.3971774193548385,1.0464779874213834,552,170,GALAXY
1.4216532258064514,1.0464779874213834,555,170,GALAXY
1.4461290322580642,1.0464779874213834,558,170,GALAXY
1.470604838709677,1.0464779874213834,561,170,GALAXY
1.4950806451612904,1.0464779874213834,564,170,GALAXY
1.5195564516129032,1.0464779874213834,567,170,GALAXY
1.5521908602150538,1.0464779874213834,571,170,GALAXY
1.5766666666666667,1.0464779874213834,574,170,GALAXY
1.6337768817204297,1.0464779874213834,581,170,GALAXY
1.6582526881720425,1.0464779874213834,584,170,GALAXY
1.6908870967741936,1.0464779874213834,588,170,GALAXY
1.7153629032258064,1.0464779874213834,591,170,GALAXY
1.7398387096774193,1.0464779874213834,594,170,GALAXY
1.7643145161290321,1.0464779874213834,597,170,GALAXY
1.7887903225806459,1.0464779874213834,600,170,GALAXY
1.8132661290322587,1.0464779874213834,603,170,GALAXY
1.8377419354838715,1.0464779874213834,606,170,GALAXY
1.8622177419354844,1.0464779874213834,609,170,GALAXY
1.8866935483870972,1.0464779874213834,612,170,GALAXY
1.91116935483871,1.0464779874213834,615,170,GALAXY
1.935645161290323,1.0464779874213834,618,170,GALAXY
1.9601209677419358,1.0464779874213834,621,170,GALAXY
1.9845967741935486,1.0464779874213834,624,170,GALAXY
2.0090725806451615,1.0464779874213834,627,170,GALAXY
2.0335483870967743,1.0464779874213834,630,170,GALAXY
2.058024193548387,1.0464779874213834,633,170,GALAXY
2.0825,1.0464779874213834,636,170,GALAXY
2.106975806451613,1.0464779874213834,639,170,GALAXY
2.1314516129032257,1.0464779874213834,642,170,GALAXY
2.1559274193548386,1.0464779874213834,645,170,GALAXY
2.6209677419354844,1.0464779874213834,702,170,GALAXY
0.08364247311827944,1.037075471698113,391,171,GALAXY
0.10811827956989228,1.037075471698113,394,171,GALAXY
0.13259408602150513,1.037075471698113,397,171,GALAXY
0.36103494623655896,1.037075471698113,425,171,GALAXY
0.38551075268817225,1.037075471698113,428,171,GALAXY
0.9729301075268819,1.037075471698113,500,171,GALAXY
1.1850537634408602,1.037075471698113,526,171,GALAXY
1.2176881720430108,1.037075471698113,530,171,GALAXY
1.2911155913978494,1.037075471698113,539,171,GALAXY
1.3155913978494622,1.037075471698113,542,171,GALAXY
1.340067204301075,1.037075471698113,545,171,GALAXY
1.3890188172043012,1.037075471698113,551,171,GALAXY
1.413494623655914,1.037075471698113,554,171,GALAXY
1.437970430107527,1.037075471698113,557,171,GALAXY
1.4624462365591397,1.037075471698113,560,171,GALAXY
1.4869220430107526,1.037075471698113,563,171,GALAXY
1.5113978494623654,1.037075471698113,566,171,GALAXY
1.5521908602150538,1.037075471698113,571,171,GALAXY
1.5766666666666667,1.037075471698113,574,171,GALAXY
1.6337768817204297,1.037075471698113,581,171,GALAXY
1.6582526881720425,1.037075471698113,584,171,GALAXY
1.6908870967741936,1.037075471698113,588,171,GALAXY
1.7153629032258064,1.037075471698113,591,171,GALAXY
1.7398387096774193,1.037075471698113,594,171,GALAXY
1.7643145161290321,1.037075471698113,597,171,GALAXY
1.7887903225806459,1.037075471698113,600,171,GALAXY
1.8132661290322587,1.037075471698113,603,171,GALAXY
1.8377419354838715,1.037075471698113,606,171,GALAXY
1.8622177419354844,1.037075471698113,609,171,GALAXY
1.8866935483870972,1.037075471698113,612,171,GALAXY
1.91116935483871,1.037075471698113,615,171,GALAXY
1.935645161290323,1.037075471698113,618,171,GALAXY
1.9601209677419358,1.037075471698113,621,171,GALAXY
1.9845967741935486,1.037075471698113,624,171,GALAXY
2.0090725806451615,1.037075471698113,627,171,GALAXY
2.0335483870967743,1.037075471698113,630,171,GALAXY
2.058024193548387,1.037075471698113,633,171,GALAXY
2.0825,1.037075471698113,636,171,GALAXY
2.106975806451613,1.037075471698113,639,171,GALAXY
2.1314516129032257,1.037075471698113,642,171,GALAXY
2.1559274193548386,1.037075471698113,645,171,GALAXY
0.08364247311827944,1.0276729559748425,391,172,GALAXY
0.10811827956989228,1.0276729559748425,394,172,GALAXY
0.3691935483870967,1.0276729559748425,426,172,GALAXY
0.8342338709677417,1.0276729559748425,483,172,GALAXY
1.0708333333333337,1.0276729559748425,512,172,GALAXY
1.2013709677419357,1.0276729559748425,528,172,GALAXY
1.2258467741935486,1.0276729559748425,531,172,GALAXY
1.2911155913978494,1.0276729559748425,539,172,GALAXY
1.3155913978494622,1.0276729559748425,542,172,GALAXY
1.340067204301075,1.0276729559748425,545,172,GALAXY
1.364543010752688,1.0276729559748425,548,172,GALAXY
1.3890188172043012,1.0276729559748425,551,172,GALAXY
1.413494623655914,1.0276729559748425,554,172,GALAXY
1.437970430107527,1.0276729559748425,557,172,GALAXY
1.4624462365591397,1.0276729559748425,560,172,GALAXY
1.4869220430107526,1.0276729559748425,563,172,GALAXY
1.5113978494623654,1.0276729559748425,566,172,GALAXY
1.5685080645161285,1.0276729559748425,573,172,GALAXY
1.6174596774193541,1.0276729559748425,579,172,GALAXY
1.6419354838709679,1.0276729559748425,582,172,GALAXY
1.6908870967741936,1.0276729559748425,588,172,GALAXY
1.7153629032258064,1.0276729559748425,591,172,GALAXY
1.7398387096774193,1.0276729559748425,594,172,GALAXY
1.7643145161290321,1.0276729559748425,597,172,GALAXY
1.7887903225806459,1.0276729559748425,600,172,GALAXY
1.8132661290322587,1.0276729559748425,603,172,GALAXY
1.8377419354838715,1.0276729559748425,606,172,GALAXY
1.8622177419354844,1.0276729559748425,609,172,GALAXY
1.8866935483870972,1.0276729559748425,612,172,GALAXY
1.91116935483871,1.0276729559748425,615,172,GALAXY
1.935645161290323,1.0276729559748425,618,172,GALAXY
1.9601209677419358,1.0276729559748425,621,172,GALAXY
1.9845967741935486,1.0276729559748425,624,172,GALAXY
2.0090725806451615,1.0276729559748425,627,172,GALAXY
2.0335483870967743,1.0276729559748425,630,172,GALAXY
2.058024193548387,1.0276729559748425,633,172,GALAXY
2.0825,1.0276729559748425,636,172,GALAXY
2.106975806451613,1.0276729559748425,639,172,GALAXY
2.1314516129032257,1.0276729559748425,642,172,GALAXY
2.1559274193548386,1.0276729559748425,645,172,GALAXY
0.08364247311827944,1.018270440251572,391,173,GALAXY
0.10811827956989228,1.018270440251572,394,173,GALAXY
0.826075268817204,1.018270440251572,482,173,GALAXY
0.8505510752688168,1.018270440251572,485,173,GALAXY
1.0708333333333337,1.018270440251572,512,173,GALAXY
1.0953091397849466,1.018270440251572,515,173,GALAXY
1.2176881720430108,1.018270440251572,530,173,GALAXY
1.282956989247312,1.018270440251572,538,173,GALAXY
1.307432795698925,1.018270440251572,541,173,GALAXY
1.3319086021505377,1.018270440251572,544,173,GALAXY
1.3563844086021506,1.018270440251572,547,173,GALAXY
1.3808602150537634,1.018270440251572,550,173,GALAXY
1.4053360215053763,1.018270440251572,553,173,GALAXY
1.4298118279569891,1.018270440251572,556,173,GALAXY
1.454287634408602,1.018270440251572,559,173,GALAXY
1.4787634408602148,1.018270440251572,562,173,GALAXY
1.5032392473118277,1.018270440251572,565,173,GALAXY
1.5603494623655911,1.018270440251572,572,173,GALAXY
1.584825268817204,1.018270440251572,575,173,GALAXY
1.6174596774193541,1.018270440251572,579,173,GALAXY
1.6419354838709679,1.018270440251572,582,173,GALAXY
1.674569892473118,1.018270440251572,586,173,GALAXY
1.699045698924731,1.018270440251572,589,173,GALAXY
1.7235215053763446,1.018270440251572,592,173,GALAXY
1.7479973118279575,1.018270440251572,595,173,GALAXY
1.7724731182795703,1.018270440251572,598,173,GALAXY
1.7969489247311832,1.018270440251572,601,173,GALAXY
1.821424731182796,1.018270440251572,604,173,GALAXY
1.8459005376344089,1.018270440251572,607,173,GALAXY
1.8703763440860217,1.018270440251572,610,173,GALAXY
1.8948521505376346,1.018270440251572,613,173,GALAXY
1.9193279569892474,1.018270440251572,616,173,GALAXY
1.9438037634408603,1.018270440251572,619,173,GALAXY
1.968279569892473,1.018270440251572,622,173,GALAXY
1.992755376344086,1.018270440251572,625,173,GALAXY
2.017231182795699,1.018270440251572,628,173,GALAXY
2.0417069892473116,1.018270440251572,631,173,GALAXY
2.0661827956989245,1.018270440251572,634,173,GALAXY
2.0906586021505373,1.018270440251572,637,173,GALAXY
2.11513440860215,1.018270440251572,640,173,GALAXY
2.1477688172043012,1.018270440251572,644,173,GALAXY
2.172244623655914,1.018270440251572,647,173,GALAXY
0.10811827956989228,1.0088679245283017,394,174,GALAXY
0.8342338709677417,1.0088679245283017,483,174,GALAXY
0.8587096774193546,1.0088679245283017,486,174,GALAXY
1.078991935483871,1.0088679245283017,513,174,GALAXY
1.209529569892473,1.0088679245283017,529,174,GALAXY
1.282956989247312,1.0088679245283017,538,174,GALAXY
1.307432795698925,1.0088679245283017,541,174,GALAXY
1.3319086021505377,1.0088679245283017,544,174,GALAXY
1.3563844086021506,1.0088679245283017,547,174,GALAXY
1.3808602150537634,1.0088679245283017,550,174,GALAXY
1.4053360215053763,1.0088679245283017,553,174,GALAXY
1.4298118279569891,1.0088679245283017,556,174,GALAXY
1.4624462365591397,1.0088679245283017,560,174,GALAXY
1.4869220430107526,1.0088679245283017,563,174,GALAXY
1.5113978494623654,1.0088679245283017,566,174,GALAXY
1.5358736559139783,1.0088679245283017,569,174,GALAXY
1.5685080645161285,1.0088679245283017,573,174,GALAXY
1.5929838709677413,1.0088679245283017,576,174,GALAXY
1.6174596774193541,1.0088679245283017,579,174,GALAXY
1.6419354838709679,1.0088679245283017,582,174,GALAXY
1.674569892473118,1.0088679245283017,586,174,GALAXY
1.699045698924731,1.0088679245283017,589,174,GALAXY
1.7235215053763446,1.0088679245283017,592,174,GALAXY
1.7479973118279575,1.0088679245283017,595,174,GALAXY
1.7724731182795703,1.0088679245283017,598,174,GALAXY
1.7969489247311832,1.0088679245283017,601,174,GALAXY
1.821424731182796,1.0088679245283017,604,174,GALAXY
1.8459005376344089,1.0088679245283017,607,174,GALAXY
1.8703763440860217,1.0088679245283017,610,174,GALAXY
1.8948521505376346,1.0088679245283017,613,174,GALAXY
1.9193279569892474,1.0088679245283017,616,174,GALAXY
1.9438037634408603,1.0088679245283017,619,174,GALAXY
1.968279569892473,1.0088679245283017,622,174,GALAXY
1.992755376344086,1.0088679245283017,625,174,GALAXY
2.017231182795699,1.0088679245283017,628,174,GALAXY
2.0417069892473116,1.0088679245283017,631,174,GALAXY
2.0661827956989245,1.0088679245283017,634,174,GALAXY
2.0906586021505373,1.0088679245283017,637,174,GALAXY
2.1477688172043012,1.0088679245283017,644,174,GALAXY
0.6792204301075269,0.9994654088050312,464,175,GALAXY
0.8179166666666662,0.9994654088050312,481,175,GALAXY
0.8423924731182795,0.9994654088050312,484,175,GALAXY
0.8668682795698923,0.9994654088050312,487,175,GALAXY
1.062674731182796,0.9994654088050312,511,175,GALAXY
1.0871505376344088,0.9994654088050312,514,175,GALAXY
1.2911155913978494,0.9994654088050312,539,175,GALAXY
1.3155913978494622,0.9994654088050312,542,175,GALAXY
1.340067204301075,0.9994654088050312,545,175,GALAXY
1.3727016129032257,0.9994654088050312,549,175,GALAXY
1.4624462365591397,0.9994654088050312,560,175,GALAXY
1.4869220430107526,0.9994654088050312,563,175,GALAXY
1.5113978494623654,0.9994654088050312,566,175,GALAXY
1.5358736559139783,0.9994654088050312,569,175,GALAXY
1.5603494623655911,0.9994654088050312,572,175,GALAXY
1.584825268817204,0.9994654088050312,575,175,GALAXY
1.6093010752688168,0.9994654088050312,578,175,GALAXY
1.6337768817204297,0.9994654088050312,581,175,GALAXY
1.6582526881720425,0.9994654088050312,584,175,GALAXY
1.6827284946236554,0.9994654088050312,587,175,GALAXY
1.707204301075269,0.9994654088050312,590,175,GALAXY
1.731680107526882,0.9994654088050312,593,175,GALAXY
1.7561559139784948,0.9994654088050312,596,175,GALAXY
1.7806317204301076,0.9994654088050312,599,175,GALAXY
1.8051075268817205,0.9994654088050312,602,175,GALAXY
1.8295833333333333,0.9994654088050312,605,175,GALAXY
1.8540591397849462,0.9994654088050312,608,175,GALAXY
1.878534946236559,0.9994654088050312,611,175,GALAXY
1.9030107526881719,0.9994654088050312,614,175,GALAXY
1.9274865591397847,0.9994654088050312,617,175,GALAXY
1.9519623655913976,0.9994654088050312,620,175,GALAXY
1.9764381720430104,0.9994654088050312,623,175,GALAXY
2.000913978494624,0.9994654088050312,626,175,GALAXY
2.025389784946237,0.9994654088050312,629,175,GALAXY
2.04986559139785,0.9994654088050312,632,175,GALAXY
2.0743413978494627,0.9994654088050312,635,175,GALAXY
2.0988172043010755,0.9994654088050312,638,175,GALAXY
0.581317204301075,0.9900628930817608,452,176,GALAXY
0.6873790322580642,0.9900628930817608,465,176,GALAXY
0.826075268817204,0.9900628930817608,482,176,GALAXY
0.8505510752688168,0.9900628930817608,485,176,GALAXY
0.8750268817204296,0.9900628930817608,488,176,GALAXY
0.9729301075268819,0.9900628930817608,500,176,GALAXY
1.0708333333333337,0.9900628930817608,512,176,GALAXY
1.0953091397849466,0.9900628930817608,515,176,GALAXY
1.282956989247312,0.9900628930817608,538,176,GALAXY
1.307432795698925,0.9900628930817608,541,176,GALAXY
1.3319086021505377,0.9900628930817608,544,176,GALAXY
1.364543010752688,0.9900628930817608,548,176,GALAXY
1.3890188172043012,0.9900628930817608,551,176,GALAXY
1.4787634408602148,0.9900628930817608,562,176,GALAXY
1.5032392473118277,0.9900628930817608,565,176,GALAXY
1.5277150537634405,0.9900628930817608,568,176,GALAXY
1.5521908602150538,0.9900628930817608,571,176,GALAXY
1.5766666666666667,0.9900628930817608,574,176,GALAXY
1.6011424731182795,0.9900628930817608,577,176,GALAXY
1.6256182795698924,0.9900628930817608,580,176,GALAXY
1.6500940860215052,0.9900628930817608,583,176,GALAXY
1.674569892473118,0.9900628930817608,586,176,GALAXY
1.699045698924731,0.9900628930817608,589,176,GALAXY
1.7235215053763446,0.9900628930817608,592,176,GALAXY
1.7479973118279575,0.9900628930817608,595,176,GALAXY
1.7724731182795703,0.9900628930817608,598,176,GALAXY
1.7969489247311832,0.9900628930817608,601,176,GALAXY
1.821424731182796,0.9900628930817608,604,176,GALAXY
1.8459005376344089,0.9900628930817608,607,176,GALAXY
1.8703763440860217,0.9900628930817608,610,176,GALAXY
1.8948521505376346,0.9900628930817608,613,176,GALAXY
1.9193279569892474,0.9900628930817608,616,176,GALAXY
1.9438037634408603,0.9900628930817608,619,176,GALAXY
1.968279569892473,0.9900628930817608,622,176,GALAXY
1.992755376344086,0.9900628930817608,625,176,GALAXY
2.017231182795699,0.9900628930817608,628,176,GALAXY
2.0417069892473116,0.9900628930817608,631,176,GALAXY
2.0661827956989245,0.9900628930817608,634,176,GALAXY
2.0906586021505373,0.9900628930817608,637,176,GALAXY
2.1314516129032257,0.9900628930817608,642,176,GALAXY
0.5731586021505377,0.9806603773584903,451,177,GALAXY
0.6710618279569891,0.9806603773584903,463,177,GALAXY
0.695537634408602,0.9806603773584903,466,177,GALAXY
0.8668682795698923,0.9806603773584903,487,177,GALAXY
0.8913440860215052,0.9806603773584903,490,177,GALAXY
0.9810887096774197,0.9806603773584903,501,177,GALAXY
1.0871505376344088,0.9806603773584903,514,177,GALAXY
1.1116263440860217,0.9806603773584903,517,177,GALAXY
1.2176881720430108,0.9806603773584903,530,177,GALAXY
1.2911155913978494,0.9806603773584903,539,177,GALAXY
1.3155913978494622,0.9806603773584903,542,177,GALAXY
1.340067204301075,0.9806603773584903,545,177,GALAXY
1.364543010752688,0.9806603773584903,548,177,GALAXY
1.3890188172043012,0.9806603773584903,551,177,GALAXY
1.4869220430107526,0.9806603773584903,563,177,GALAXY
1.5113978494623654,0.9806603773584903,566,177,GALAXY
1.5358736559139783,0.9806603773584903,569,177,GALAXY
1.5603494623655911,0.9806603773584903,572,177,GALAXY
1.584825268817204,0.9806603773584903,575,177,GALAXY
1.6093010752688168,0.9806603773584903,578,177,GALAXY
1.6337768817204297,0.9806603773584903,581,177,GALAXY
1.6582526881720425,0.9806603773584903,584,177,GALAXY
1.6827284946236554,0.9806603773584903,587,177,GALAXY
1.707204301075269,0.9806603773584903,590,177,GALAXY
1.731680107526882,0.9806603773584903,593,177,GALAXY
1.7561559139784948,0.9806603773584903,596,177,GALAXY
1.7806317204301076,0.9806603773584903,599,177,GALAXY
1.8051075268817205,0.9806603773584903,602,177,GALAXY
1.8295833333333333,0.9806603773584903,605,177,GALAXY
1.8540591397849462,0.9806603773584903,608,177,GALAXY
1.878534946236559,0.9806603773584903,611,177,GALAXY
1.9030107526881719,0.9806603773584903,614,177,GALAXY
1.9274865591397847,0.9806603773584903,617,177,GALAXY
1.9519623655913976,0.9806603773584903,620,177,GALAXY
1.9764381720430104,0.9806603773584903,623,177,GALAXY
2.000913978494624,0.9806603773584903,626,177,GALAXY
2.025389784946237,0.9806603773584903,629,177,GALAXY
2.04986559139785,0.9806603773584903,632,177,GALAXY
2.0743413978494627,0.9806603773584903,635,177,GALAXY
2.11513440860215,0.9806603773584903,640,177,GALAXY
2.139610215053763,0.9806603773584903,643,177,GALAXY
3.3307661290322588,0.9806603773584903,789,177,GALAXY
0.5731586021505377,0.9712578616352199,451,178,GALAXY
0.6710618279569891,0.9712578616352199,463,178,GALAXY
0.695537634408602,0.9712578616352199,466,178,GALAXY
0.8668682795698923,0.9712578616352199,487,178,GALAXY
0.8913440860215052,0.9712578616352199,490,178,GALAXY
0.9810887096774197,0.9712578616352199,501,178,GALAXY
1.0871505376344088,0.9712578616352199,514,178,GALAXY
1.1116263440860217,0.9712578616352199,517,178,GALAXY
1.1850537634408602,0.9712578616352199,526,178,GALAXY
1.209529569892473,0.9712578616352199,529,178,GALAXY
1.234005376344086,0.9712578616352199,532,178,GALAXY
1.2666397849462365,0.9712578616352199,536,178,GALAXY
1.2992741935483871,0.9712578616352199,540,178,GALAXY
1.32375,0.9712578616352199,543,178,GALAXY
1.3482258064516128,0.9712578616352199,546,178,GALAXY
1.3727016129032257,0.9712578616352199,549,178,GALAXY
1.4461290322580642,0.9712578616352199,558,178,GALAXY
1.5113978494623654,0.9712578616352199,566,178,GALAXY
1.5358736559139783,0.9712578616352199,569,178,GALAXY
1.5603494623655911,0.9712578616352199,572,178,GALAXY
1.584825268817204,0.9712578616352199,575,178,GALAXY
1.6174596774193541,0.9712578616352199,579,178,GALAXY
1.6419354838709679,0.9712578616352199,582,178,GALAXY
1.6664112903225807,0.9712578616352199,585,178,GALAXY
1.6908870967741936,0.9712578616352199,588,178,GALAXY
1.7153629032258064,0.9712578616352199,591,178,GALAXY
1.7398387096774193,0.9712578616352199,594,178,GALAXY
1.7643145161290321,0.9712578616352199,597,178,GALAXY
1.7887903225806459,0.9712578616352199,600,178,GALAXY
1.8132661290322587,0.9712578616352199,603,178,GALAXY
1.8377419354838715,0.9712578616352199,606,178,GALAXY
1.8622177419354844,0.9712578616352199,609,178,GALAXY
1.8866935483870972,0.9712578616352199,612,178,GALAXY
1.91116935483871,0.9712578616352199,615,178,GALAXY
1.935645161290323,0.9712578616352199,618,178,GALAXY
1.9601209677419358,0.9712578616352199,621,178,GALAXY
1.9845967741935486,0.9712578616352199,624,178,GALAXY
2.0090725806451615,0.9712578616352199,627,178,GALAXY
2.0335483870967743,0.9712578616352199,630,178,GALAXY
2.058024193548387,0.9712578616352199,633,178,GALAXY
2.0825,0.9712578616352199,636,178,GALAXY
2.106975806451613,0.9712578616352199,639,178,GALAXY
2.1314516129032257,0.9712578616352199,642,178,GALAXY
2.25383064516129,0.9712578616352199,657,178,GALAXY
3.3144489247311832,0.9712578616352199,787,178,GALAXY
3.338924731182796,0.9712578616352199,790,178,GALAXY
0.5731586021505377,0.9618553459119497,451,179,GALAXY
0.6792204301075269,0.9618553459119497,464,179,GALAXY
0.7036962365591397,0.9618553459119497,467,179,GALAXY
0.8831854838709674,0.9618553459119497,489,179,GALAXY
0.9810887096774197,0.9618553459119497,501,179,GALAXY
1.0871505376344088,0.9618553459119497,514,179,GALAXY
1.1116263440860217,0.9618553459119497,517,179,GALAXY
1.176895161290323,0.9618553459119497,525,179,GALAXY
1.2013709677419357,0.9618553459119497,528,179,GALAXY
1.2258467741935486,0.9618553459119497,531,179,GALAXY
1.2503225806451614,0.9618553459119497,534,179,GALAXY
1.2747983870967743,0.9618553459119497,537,179,GALAXY
1.2992741935483871,0.9618553459119497,540,179,GALAXY
1.32375,0.9618553459119497,543,179,GALAXY
1.3482258064516128,0.9618553459119497,546,179,GALAXY
1.3727016129032257,0.9618553459119497,549,179,GALAXY
1.437970430107527,0.9618553459119497,557,179,GALAXY
1.4624462365591397,0.9618553459119497,560,179,GALAXY
1.5195564516129032,0.9618553459119497,567,179,GALAXY
1.5440322580645156,0.9618553459119497,570,179,GALAXY
1.5685080645161285,0.9618553459119497,573,179,GALAXY
1.5929838709677413,0.9618553459119497,576,179,GALAXY
1.6256182795698924,0.9618553459119497,580,179,GALAXY
1.6500940860215052,0.9618553459119497,583,179,GALAXY
1.674569892473118,0.9618553459119497,586,179,GALAXY
1.707204301075269,0.9618553459119497,590,179,GALAXY
1.731680107526882,0.9618553459119497,593,179,GALAXY
1.7561559139784948,0.9618553459119497,596,179,GALAXY
1.7806317204301076,0.9618553459119497,599,179,GALAXY
1.8051075268817205,0.9618553459119497,602,179,GALAXY
1.8295833333333333,0.9618553459119497,605,179,GALAXY
1.8540591397849462,0.9618553459119497,608,179,GALAXY
1.878534946236559,0.9618553459119497,611,179,GALAXY
1.9030107526881719,0.9618553459119497,614,179,GALAXY
1.9274865591397847,0.9618553459119497,617,179,GALAXY
1.9519623655913976,0.9618553459119497,620,179,GALAXY
1.9764381720430104,0.9618553459119497,623,179,GALAXY
2.000913978494624,0.9618553459119497,626,179,GALAXY
2.058024193548387,0.9618553459119497,633,179,GALAXY
2.0825,0.9618553459119497,636,179,GALAXY
2.106975806451613,0.9618553459119497,639,179,GALAXY
2.1314516129032257,0.9618553459119497,642,179,GALAXY
2.2456720430107526,0.9618553459119497,656,179,GALAXY
2.2701478494623655,0.9618553459119497,659,179,GALAXY
2.6291263440860217,0.9618553459119497,703,179,GALAXY
3.3226075268817206,0.9618553459119497,788,179,GALAXY
0.565,0.9524528301886792,450,180,GALAXY
0.6792204301075269,0.9524528301886792,464,180,GALAXY
0.7036962365591397,0.9524528301886792,467,180,GALAXY
0.8995026881720425,0.9524528301886792,491,180,GALAXY
0.9810887096774197,0.9524528301886792,501,180,GALAXY
1.0708333333333337,0.9524528301886792,512,180,GALAXY
1.0953091397849466,0.9524528301886792,515,180,GALAXY
1.1197849462365594,0.9524528301886792,518,180,GALAXY
1.1850537634408602,0.9524528301886792,526,180,GALAXY
1.209529569892473,0.9524528301886792,529,180,GALAXY
1.234005376344086,0.9524528301886792,532,180,GALAXY
1.2584811827956988,0.9524528301886792,535,180,GALAXY
1.282956989247312,0.9524528301886792,538,180,GALAXY
1.307432795698925,0.9524528301886792,541,180,GALAXY
1.3319086021505377,0.9524528301886792,544,180,GALAXY
1.3563844086021506,0.9524528301886792,547,180,GALAXY
1.3808602150537634,0.9524528301886792,550,180,GALAXY
1.4461290322580642,0.9524528301886792,558,180,GALAXY
1.470604838709677,0.9524528301886792,561,180,GALAXY
1.5195564516129032,0.9524528301886792,567,180,GALAXY
1.5440322580645156,0.9524528301886792,570,180,GALAXY
1.5766666666666667,0.9524528301886792,574,180,GALAXY
1.6011424731182795,0.9524528301886792,577,180,GALAXY
1.6256182795698924,0.9524528301886792,580,180,GALAXY
1.6500940860215052,0.9524528301886792,583,180,GALAXY
1.674569892473118,0.9524528301886792,586,180,GALAXY
1.699045698924731,0.9524528301886792,589,180,GALAXY
1.7235215053763446,0.9524528301886792,592,180,GALAXY
1.7479973118279575,0.9524528301886792,595,180,GALAXY
1.7724731182795703,0.9524528301886792,598,180,GALAXY
1.7969489247311832,0.9524528301886792,601,180,GALAXY
1.821424731182796,0.9524528301886792,604,180,GALAXY
1.8459005376344089,0.9524528301886792,607,180,GALAXY
1.8703763440860217,0.9524528301886792,610,180,GALAXY
1.8948521505376346,0.9524528301886792,613,180,GALAXY
1.9193279569892474,0.9524528301886792,616,180,GALAXY
1.9438037634408603,0.9524528301886792,619,180,GALAXY
1.968279569892473,0.9524528301886792,622,180,GALAXY
1.992755376344086,0.9524528301886792,625,180,GALAXY
2.0417069892473116,0.9524528301886792,631,180,GALAXY
2.0661827956989245,0.9524528301886792,634,180,GALAXY
2.0906586021505373,0.9524528301886792,637,180,GALAXY
2.11513440860215,0.9524528301886792,640,180,GALAXY
2.139610215053763,0.9524528301886792,643,180,GALAXY
2.25383064516129,0.9524528301886792,657,180,GALAXY
2.604650537634409,0.9524528301886792,700,180,GALAXY
2.6291263440860217,0.9524528301886792,703,180,GALAXY
3.3144489247311832,0.9524528301886792,787,180,GALAXY
3.338924731182796,0.9524528301886792,790,180,GALAXY
0.695537634408602,0.9430503144654088,466,181,GALAXY
0.8831854838709674,0.9430503144654088,489,181,GALAXY
0.9076612903225802,0.9430503144654088,492,181,GALAXY
1.0137231182795703,0.9430503144654088,505,181,GALAXY
1.0381989247311831,0.9430503144654088,508,181,GALAXY
1.0708333333333337,0.9430503144654088,512,181,GALAXY
1.103467741935484,0.9430503144654088,516,181,GALAXY
1.1442607526881723,0.9430503144654088,521,181,GALAXY
1.176895161290323,0.9430503144654088,525,181,GALAXY
1.2013709677419357,0.9430503144654088,528,181,GALAXY
1.2258467741935486,0.9430503144654088,531,181,GALAXY
1.2584811827956988,0.9430503144654088,535,181,GALAXY
1.282956989247312,0.9430503144654088,538,181,GALAXY
1.307432795698925,0.9430503144654088,541,181,GALAXY
1.3319086021505377,0.9430503144654088,544,181,GALAXY
1.3563844086021506,0.9430503144654088,547,181,GALAXY
1.437970430107527,0.9430503144654088,557,181,GALAXY
1.4624462365591397,0.9430503144654088,560,181,GALAXY
1.4869220430107526,0.9430503144654088,563,181,GALAXY
1.5113978494623654,0.9430503144654088,566,181,GALAXY
1.5358736559139783,0.9430503144654088,569,181,GALAXY
1.5766666666666667,0.9430503144654088,574,181,GALAXY
1.6011424731182795,0.9430503144654088,577,181,GALAXY
1.6256182795698924,0.9430503144654088,580,181,GALAXY
1.6500940860215052,0.9430503144654088,583,181,GALAXY
1.674569892473118,0.9430503144654088,586,181,GALAXY
1.699045698924731,0.9430503144654088,589,181,GALAXY
1.7235215053763446,0.9430503144654088,592,181,GALAXY
1.7479973118279575,0.9430503144654088,595,181,GALAXY
1.7724731182795703,0.9430503144654088,598,181,GALAXY
1.7969489247311832,0.9430503144654088,601,181,GALAXY
1.821424731182796,0.9430503144654088,604,181,GALAXY
1.8459005376344089,0.9430503144654088,607,181,GALAXY
1.8703763440860217,0.9430503144654088,610,181,GALAXY
1.8948521505376346,0.9430503144654088,613,181,GALAXY
1.9193279569892474,0.9430503144654088,616,181,GALAXY
1.9438037634408603,0.9430503144654088,619,181,GALAXY
1.968279569892473,0.9430503144654088,622,181,GALAXY
1.992755376344086,0.9430503144654088,625,181,GALAXY
2.0335483870967743,0.9430503144654088,630,181,GALAXY
2.058024193548387,0.9430503144654088,633,181,GALAXY
2.0906586021505373,0.9430503144654088,637,181,GALAXY
2.11513440860215,0.9430503144654088,640,181,GALAXY
2.139610215053763,0.9430503144654088,643,181,GALAXY
2.25383064516129,0.9430503144654088,657,181,GALAXY
2.604650537634409,0.9430503144654088,700,181,GALAXY
2.6291263440860217,0.9430503144654088,703,181,GALAXY
3.3226075268817206,0.9430503144654088,788,181,GALAXY
0.38551075268817225,0.9336477987421383,428,182,GALAXY
0.6792204301075269,0.9336477987421383,464,182,GALAXY
0.7036962365591397,0.9336477987421383,467,182,GALAXY
0.8913440860215052,0.9336477987421383,490,182,GALAXY
0.915819892473118,0.9336477987421383,493,182,GALAXY
1.0137231182795703,0.9336477987421383,505,182,GALAXY
1.0381989247311831,0.9336477987421383,508,182,GALAXY
1.062674731182796,0.9336477987421383,511,182,GALAXY
1.0871505376344088,0.9336477987421383,514,182,GALAXY
1.1524193548387096,0.9336477987421383,522,182,GALAXY
1.176895161290323,0.9336477987421383,525,182,GALAXY
1.2013709677419357,0.9336477987421383,528,182,GALAXY
1.2503225806451614,0.9336477987421383,534,182,GALAXY
1.2747983870967743,0.9336477987421383,537,182,GALAXY
1.2992741935483871,0.9336477987421383,540,182,GALAXY
1.32375,0.9336477987421383,543,182,GALAXY
1.3482258064516128,0.9336477987421383,546,182,GALAXY
1.3971774193548385,0.9336477987421383,552,182,GALAXY
1.4216532258064514,0.9336477987421383,555,182,GALAXY
1.4461290322580642,0.9336477987421383,558,182,GALAXY
1.470604838709677,0.9336477987421383,561,182,GALAXY
1.4950806451612904,0.9336477987421383,564,182,GALAXY
1.5195564516129032,0.9336477987421383,567,182,GALAXY
1.5440322580645156,0.9336477987421383,570,182,GALAXY
1.5685080645161285,0.9336477987421383,573,182,GALAXY
1.5929838709677413,0.9336477987421383,576,182,GALAXY
1.6174596774193541,0.9336477987421383,579,182,GALAXY
1.6419354838709679,0.9336477987421383,582,182,GALAXY
1.6664112903225807,0.9336477987421383,585,182,GALAXY
1.6908870967741936,0.9336477987421383,588,182,GALAXY
1.7153629032258064,0.9336477987421383,591,182,GALAXY
1.7398387096774193,0.9336477987421383,594,182,GALAXY
1.7643145161290321,0.9336477987421383,597,182,GALAXY
1.7887903225806459,0.9336477987421383,600,182,GALAXY
1.8132661290322587,0.9336477987421383,603,182,GALAXY
1.8377419354838715,0.9336477987421383,606,182,GALAXY
1.8622177419354844,0.9336477987421383,609,182,GALAXY
1.8866935483870972,0.9336477987421383,612,182,GALAXY
1.91116935483871,0.9336477987421383,615,182,GALAXY
1.935645161290323,0.9336477987421383,618,182,GALAXY
1.9601209677419358,0.9336477987421383,621,182,GALAXY
1.9845967741935486,0.9336477987421383,624,182,GALAXY
2.0335483870967743,0.9336477987421383,630,182,GALAXY
2.058024193548387,0.9336477987421383,633,182,GALAXY
2.106975806451613,0.9336477987421383,639,182,GALAXY
2.1314516129032257,0.9336477987421383,642,182,GALAXY
2.25383064516129,0.9336477987421383,657,182,GALAXY
2.612809139784946,0.9336477987421383,701,182,GALAXY
2.637284946236559,0.9336477987421383,704,182,GALAXY
0.38551075268817225,0.9242452830188679,428,183,GALAXY
0.6629032258064513,0.9242452830188679,462,183,GALAXY
0.6873790322580642,0.9242452830188679,465,183,GALAXY
0.8831854838709674,0.9242452830188679,489,183,GALAXY
0.9076612903225802,0.9242452830188679,492,183,GALAXY
1.0055645161290325,0.9242452830188679,504,183,GALAXY
1.0300403225806454,0.9242452830188679,507,183,GALAXY
1.0545161290322582,0.9242452830188679,510,183,GALAXY
1.078991935483871,0.9242452830188679,513,183,GALAXY
1.103467741935484,0.9242452830188679,516,183,GALAXY
1.1524193548387096,0.9242452830188679,522,183,GALAXY
1.176895161290323,0.9242452830188679,525,183,GALAXY
1.2013709677419357,0.9242452830188679,528,183,GALAXY
1.2503225806451614,0.9242452830188679,534,183,GALAXY
1.2747983870967743,0.9242452830188679,537,183,GALAXY
1.2992741935483871,0.9242452830188679,540,183,GALAXY
1.32375,0.9242452830188679,543,183,GALAXY
1.3482258064516128,0.9242452830188679,546,183,GALAXY
1.3971774193548385,0.9242452830188679,552,183,GALAXY
1.4216532258064514,0.9242452830188679,555,183,GALAXY
1.4461290322580642,0.9242452830188679,558,183,GALAXY
1.470604838709677,0.9242452830188679,561,183,GALAXY
1.4950806451612904,0.9242452830188679,564,183,GALAXY
1.5195564516129032,0.9242452830188679,567,183,GALAXY
1.5440322580645156,0.9242452830188679,570,183,GALAXY
1.5685080645161285,0.9242452830188679,573,183,GALAXY
1.5929838709677413,0.9242452830188679,576,183,GALAXY
1.6174596774193541,0.9242452830188679,579,183,GALAXY
1.6419354838709679,0.9242452830188679,582,183,GALAXY
1.6664112903225807,0.9242452830188679,585,183,GALAXY
1.6908870967741936,0.9242452830188679,588,183,GALAXY
1.7153629032258064,0.9242452830188679,591,183,GALAXY
1.7398387096774193,0.9242452830188679,594,183,GALAXY
1.7643145161290321,0.9242452830188679,597,183,GALAXY
1.7887903225806459,0.9242452830188679,600,183,GALAXY
1.8132661290322587,0.9242452830188679,603,183,GALAXY
1.8377419354838715,0.9242452830188679,606,183,GALAXY
1.8622177419354844,0.9242452830188679,609,183,GALAXY
1.8866935483870972,0.9242452830188679,612,183,GALAXY
1.91116935483871,0.9242452830188679,615,183,GALAXY
1.9438037634408603,0.9242452830188679,619,183,GALAXY
1.968279569892473,0.9242452830188679,622,183,GALAXY
2.04986559139785,0.9242452830188679,632,183,GALAXY
2.11513440860215,0.9242452830188679,640,183,GALAXY
2.612809139784946,0.9242452830188679,701,183,GALAXY
0.3691935483870967,0.9148427672955974,426,184,GALAXY
0.3936693548387096,0.9148427672955974,429,184,GALAXY
0.6710618279569891,0.9148427672955974,463,184,GALAXY
0.695537634408602,0.9148427672955974,466,184,GALAXY
0.9076612903225802,0.9148427672955974,492,184,GALAXY
0.9484543010752691,0.9148427672955974,497,184,GALAXY
0.9729301075268819,0.9148427672955974,500,184,GALAXY
1.0137231182795703,0.9148427672955974,505,184,GALAXY
1.0381989247311831,0.9148427672955974,508,184,GALAXY
1.062674731182796,0.9148427672955974,511,184,GALAXY
1.0871505376344088,0.9148427672955974,514,184,GALAXY
1.1116263440860217,0.9148427672955974,517,184,GALAXY
1.1524193548387096,0.9148427672955974,522,184,GALAXY
1.176895161290323,0.9148427672955974,525,184,GALAXY
1.2013709677419357,0.9148427672955974,528,184,GALAXY
1.2584811827956988,0.9148427672955974,535,184,GALAXY
1.282956989247312,0.9148427672955974,538,184,GALAXY
1.307432795698925,0.9148427672955974,541,184,GALAXY
1.3319086021505377,0.9148427672955974,544,184,GALAXY
1.3808602150537634,0.9148427672955974,550,184,GALAXY
1.4053360215053763,0.9148427672955974,553,184,GALAXY
1.4298118279569891,0.9148427672955974,556,184,GALAXY
1.454287634408602,0.9148427672955974,559,184,GALAXY
1.4787634408602148,0.9148427672955974,562,184,GALAXY
1.5032392473118277,0.9148427672955974,565,184,GALAXY
1.5277150537634405,0.9148427672955974,568,184,GALAXY
1.5521908602150538,0.9148427672955974,571,184,GALAXY
1.5766666666666667,0.9148427672955974,574,184,GALAXY
1.6011424731182795,0.9148427672955974,577,184,GALAXY
1.6256182795698924,0.9148427672955974,580,184,GALAXY
1.6500940860215052,0.9148427672955974,583,184,GALAXY
1.674569892473118,0.9148427672955974,586,184,GALAXY
1.699045698924731,0.9148427672955974,589,184,GALAXY
1.7235215053763446,0.9148427672955974,592,184,GALAXY
1.7479973118279575,0.9148427672955974,595,184,GALAXY
1.7724731182795703,0.9148427672955974,598,184,GALAXY
1.7969489247311832,0.9148427672955974,601,184,GALAXY
1.821424731182796,0.9148427672955974,604,184,GALAXY
1.8459005376344089,0.9148427672955974,607,184,GALAXY
1.8703763440860217,0.9148427672955974,610,184,GALAXY
1.8948521505376346,0.9148427672955974,613,184,GALAXY
1.9193279569892474,0.9148427672955974,616,184,GALAXY
2.058024193548387,0.9148427672955974,633,184,GALAXY
2.1885618279569896,0.9148427672955974,649,184,GALAXY
0.38551075268817225,0.905440251572327,428,185,GALAXY
0.524206989247312,0.905440251572327,445,185,GALAXY
0.6629032258064513,0.905440251572327,462,185,GALAXY
0.6873790322580642,0.905440251572327,465,185,GALAXY
0.9321370967741931,0.905440251572327,495,185,GALAXY
0.9566129032258068,0.905440251572327,498,185,GALAXY
0.9810887096774197,0.905440251572327,501,185,GALAXY
1.0218817204301076,0.905440251572327,506,185,GALAXY
1.0463575268817205,0.905440251572327,509,185,GALAXY
1.0871505376344088,0.905440251572327,514,185,GALAXY
1.1116263440860217,0.905440251572327,517,185,GALAXY
1.1605779569892474,0.905440251572327,523,185,GALAXY
1.193212365591398,0.905440251572327,527,185,GALAXY
1.2176881720430108,0.905440251572327,530,185,GALAXY
1.3155913978494622,0.905440251572327,542,185,GALAXY
1.340067204301075,0.905440251572327,545,185,GALAXY
1.364543010752688,0.905440251572327,548,185,GALAXY
1.3971774193548385,0.905440251572327,552,185,GALAXY
1.4216532258064514,0.905440251572327,555,185,GALAXY
1.4461290322580642,0.905440251572327,558,185,GALAXY
1.470604838709677,0.905440251572327,561,185,GALAXY
1.4950806451612904,0.905440251572327,564,185,GALAXY
1.5277150537634405,0.905440251572327,568,185,GALAXY
1.5521908602150538,0.905440251572327,571,185,GALAXY
1.5766666666666667,0.905440251572327,574,185,GALAXY
1.6011424731182795,0.905440251572327,577,185,GALAXY
1.6256182795698924,0.905440251572327,580,185,GALAXY
1.6500940860215052,0.905440251572327,583,185,GALAXY
1.674569892473118,0.905440251572327,586,185,GALAXY
1.699045698924731,0.905440251572327,589,185,GALAXY
1.7235215053763446,0.905440251572327,592,185,GALAXY
1.7479973118279575,0.905440251572327,595,185,GALAXY
1.7724731182795703,0.905440251572327,598,185,GALAXY
1.7969489247311832,0.905440251572327,601,185,GALAXY
1.821424731182796,0.905440251572327,604,185,GALAXY
1.8459005376344089,0.905440251572327,607,185,GALAXY
1.8703763440860217,0.905440251572327,610,185,GALAXY
1.8948521505376346,0.905440251572327,613,185,GALAXY
1.9193279569892474,0.905440251572327,616,185,GALAXY
2.172244623655914,0.905440251572327,647,185,GALAXY
2.196720430107527,0.905440251572327,650,185,GALAXY
0.3936693548387096,0.8960377358490565,429,186,GALAXY
0.5323655913978493,0.8960377358490565,446,186,GALAXY
0.6710618279569891,0.8960377358490565,463,186,GALAXY
0.8913440860215052,0.8960377358490565,490,186,GALAXY
0.9239784946236558,0.8960377358490565,494,186,GALAXY
0.9484543010752691,0.8960377358490565,497,186,GALAXY
0.9729301075268819,0.8960377358490565,500,186,GALAXY
1.0055645161290325,0.8960377358490565,504,186,GALAXY
1.0300403225806454,0.8960377358490565,507,186,GALAXY
1.0545161290322582,0.8960377358490565,510,186,GALAXY
1.0953091397849466,0.8960377358490565,515,186,GALAXY
1.1279435483870968,0.8960377358490565,519,186,GALAXY
1.1850537634408602,0.8960377358490565,526,186,GALAXY
1.209529569892473,0.8960377358490565,529,186,GALAXY
1.2421639784946237,0.8960377358490565,533,186,GALAXY
1.2666397849462365,0.8960377358490565,536,186,GALAXY
1.3155913978494622,0.8960377358490565,542,186,GALAXY
1.340067204301075,0.8960377358490565,545,186,GALAXY
1.364543010752688,0.8960377358490565,548,186,GALAXY
1.3890188172043012,0.8960377358490565,551,186,GALAXY
1.413494623655914,0.8960377358490565,554,186,GALAXY
1.437970430107527,0.8960377358490565,557,186,GALAXY
1.4624462365591397,0.8960377358490565,560,186,GALAXY
1.4869220430107526,0.8960377358490565,563,186,GALAXY
1.5113978494623654,0.8960377358490565,566,186,GALAXY
1.5358736559139783,0.8960377358490565,569,186,GALAXY
1.5603494623655911,0.8960377358490565,572,186,GALAXY
1.584825268817204,0.8960377358490565,575,186,GALAXY
1.6093010752688168,0.8960377358490565,578,186,GALAXY
1.6337768817204297,0.8960377358490565,581,186,GALAXY
1.6582526881720425,0.8960377358490565,584,186,GALAXY
1.6827284946236554,0.8960377358490565,587,186,GALAXY
1.707204301075269,0.8960377358490565,590,186,GALAXY
1.731680107526882,0.8960377358490565,593,186,GALAXY
1.7561559139784948,0.8960377358490565,596,186,GALAXY
1.7806317204301076,0.8960377358490565,599,186,GALAXY
1.8051075268817205,0.8960377358490565,602,186,GALAXY
1.8295833333333333,0.8960377358490565,605,186,GALAXY
1.8540591397849462,0.8960377358490565,608,186,GALAXY
1.878534946236559,0.8960377358490565,611,186,GALAXY
1.9030107526881719,0.8960377358490565,614,186,GALAXY
1.9274865591397847,0.8960377358490565,617,186,GALAXY
2.172244623655914,0.8960377358490565,647,186,GALAXY
2.196720430107527,0.8960377358490565,650,186,GALAXY
0.5323655913978493,0.8866352201257861,446,187,GALAXY
0.8831854838709674,0.8866352201257861,489,187,GALAXY
0.9076612903225802,0.8866352201257861,492,187,GALAXY
0.9321370967741931,0.8866352201257861,495,187,GALAXY
0.9566129032258068,0.8866352201257861,498,187,GALAXY
0.9810887096774197,0.8866352201257861,501,187,GALAXY
1.0055645161290325,0.8866352201257861,504,187,GALAXY
1.0300403225806454,0.8866352201257861,507,187,GALAXY
1.0545161290322582,0.8866352201257861,510,187,GALAXY
1.103467741935484,0.8866352201257861,516,187,GALAXY
1.1361021505376345,0.8866352201257861,520,187,GALAXY
1.193212365591398,0.8866352201257861,527,187,GALAXY
1.2176881720430108,0.8866352201257861,530,187,GALAXY
1.2421639784946237,0.8866352201257861,533,187,GALAXY
1.2666397849462365,0.8866352201257861,536,187,GALAXY
1.2911155913978494,0.8866352201257861,539,187,GALAXY
1.3319086021505377,0.8866352201257861,544,187,GALAXY
1.3563844086021506,0.8866352201257861,547,187,GALAXY
1.3808602150537634,0.8866352201257861,550,187,GALAXY
1.4053360215053763,0.8866352201257861,553,187,GALAXY
1.4298118279569891,0.8866352201257861,556,187,GALAXY
1.454287634408602,0.8866352201257861,559,187,GALAXY
1.4787634408602148,0.8866352201257861,562,187,GALAXY
1.5032392473118277,0.8866352201257861,565,187,GALAXY
1.5277150537634405,0.8866352201257861,568,187,GALAXY
1.5521908602150538,0.8866352201257861,571,187,GALAXY
1.5766666666666667,0.8866352201257861,574,187,GALAXY
1.6011424731182795,0.8866352201257861,577,187,GALAXY
1.6256182795698924,0.8866352201257861,580,187,GALAXY
1.6500940860215052,0.8866352201257861,583,187,GALAXY
1.674569892473118,0.8866352201257861,586,187,GALAXY
1.699045698924731,0.8866352201257861,589,187,GALAXY
1.7235215053763446,0.8866352201257861,592,187,GALAXY
1.7479973118279575,0.8866352201257861,595,187,GALAXY
1.7806317204301076,0.8866352201257861,599,187,GALAXY
1.8051075268817205,0.8866352201257861,602,187,GALAXY
1.8295833333333333,0.8866352201257861,605,187,GALAXY
1.8540591397849462,0.8866352201257861,608,187,GALAXY
1.878534946236559,0.8866352201257861,611,187,GALAXY
1.9030107526881719,0.8866352201257861,614,187,GALAXY
1.9274865591397847,0.8866352201257861,617,187,GALAXY
2.172244623655914,0.8866352201257861,647,187,GALAXY
2.196720430107527,0.8866352201257861,650,187,GALAXY
0.5323655913978493,0.8772327044025157,446,188,GALAXY
0.8831854838709674,0.8772327044025157,489,188,GALAXY
0.9076612903225802,0.8772327044025157,492,188,GALAXY
0.9321370967741931,0.8772327044025157,495,188,GALAXY
0.9566129032258068,0.8772327044025157,498,188,GALAXY
0.9892473118279574,0.8772327044025157,502,188,GALAXY
1.0137231182795703,0.8772327044025157,505,188,GALAXY
1.0381989247311831,0.8772327044025157,508,188,GALAXY
1.1279435483870968,0.8772327044025157,519,188,GALAXY
1.1524193548387096,0.8772327044025157,522,188,GALAXY
1.2013709677419357,0.8772327044025157,528,188,GALAXY
1.2258467741935486,0.8772327044025157,531,188,GALAXY
1.2503225806451614,0.8772327044025157,534,188,GALAXY
1.2747983870967743,0.8772327044025157,537,188,GALAXY
1.307432795698925,0.8772327044025157,541,188,GALAXY
1.3319086021505377,0.8772327044025157,544,188,GALAXY
1.3563844086021506,0.8772327044025157,547,188,GALAXY
1.3808602150537634,0.8772327044025157,550,188,GALAXY
1.4053360215053763,0.8772327044025157,553,188,GALAXY
1.4298118279569891,0.8772327044025157,556,188,GALAXY
1.454287634408602,0.8772327044025157,559,188,GALAXY
1.4787634408602148,0.8772327044025157,562,188,GALAXY
1.5032392473118277,0.8772327044025157,565,188,GALAXY
1.5277150537634405,0.8772327044025157,568,188,GALAXY
1.5521908602150538,0.8772327044025157,571,188,GALAXY
1.5766666666666667,0.8772327044025157,574,188,GALAXY
1.6011424731182795,0.8772327044025157,577,188,GALAXY
1.6256182795698924,0.8772327044025157,580,188,GALAXY
1.6500940860215052,0.8772327044025157,583,188,GALAXY
1.674569892473118,0.8772327044025157,586,188,GALAXY
1.699045698924731,0.8772327044025157,589,188,GALAXY
1.7235215053763446,0.8772327044025157,592,188,GALAXY
1.7479973118279575,0.8772327044025157,595,188,GALAXY
1.7806317204301076,0.8772327044025157,599,188,GALAXY
1.8051075268817205,0.8772327044025157,602,188,GALAXY
1.8295833333333333,0.8772327044025157,605,188,GALAXY
1.8540591397849462,0.8772327044025157,608,188,GALAXY
1.878534946236559,0.8772327044025157,611,188,GALAXY
1.9030107526881719,0.8772327044025157,614,188,GALAXY
1.9274865591397847,0.8772327044025157,617,188,GALAXY
2.1804032258064514,0.8772327044025157,648,188,GALAXY
0.5323655913978493,0.8678301886792452,446,189,GALAXY
0.8913440860215052,0.8678301886792452,490,189,GALAXY
0.915819892473118,0.8678301886792452,493,189,GALAXY
0.9402956989247309,0.8678301886792452,496,189,GALAXY
0.9974059139784948,0.8678301886792452,503,189,GALAXY
1.0218817204301076,0.8678301886792452,506,189,GALAXY
1.1361021505376345,0.8678301886792452,520,189,GALAXY
1.1605779569892474,0.8678301886792452,523,189,GALAXY
1.2013709677419357,0.8678301886792452,528,189,GALAXY
1.2258467741935486,0.8678301886792452,531,189,GALAXY
1.2503225806451614,0.8678301886792452,534,189,GALAXY
1.2747983870967743,0.8678301886792452,537,189,GALAXY
1.307432795698925,0.8678301886792452,541,189,GALAXY
1.3319086021505377,0.8678301886792452,544,189,GALAXY
1.3563844086021506,0.8678301886792452,547,189,GALAXY
1.3808602150537634,0.8678301886792452,550,189,GALAXY
1.4053360215053763,0.8678301886792452,553,189,GALAXY
1.4298118279569891,0.8678301886792452,556,189,GALAXY
1.454287634408602,0.8678301886792452,559,189,GALAXY
1.4787634408602148,0.8678301886792452,562,189,GALAXY
1.5113978494623654,0.8678301886792452,566,189,GALAXY
1.5358736559139783,0.8678301886792452,569,189,GALAXY
1.5603494623655911,0.8678301886792452,572,189,GALAXY
1.584825268817204,0.8678301886792452,575,189,GALAXY
1.6093010752688168,0.8678301886792452,578,189,GALAXY
1.6337768817204297,0.8678301886792452,581,189,GALAXY
1.6582526881720425,0.8678301886792452,584,189,GALAXY
1.6827284946236554,0.8678301886792452,587,189,GALAXY
1.707204301075269,0.8678301886792452,590,189,GALAXY
1.731680107526882,0.8678301886792452,593,189,GALAXY
1.7643145161290321,0.8678301886792452,597,189,GALAXY
1.7887903225806459,0.8678301886792452,600,189,GALAXY
1.8132661290322587,0.8678301886792452,603,189,GALAXY
1.8377419354838715,0.8678301886792452,606,189,GALAXY
1.8622177419354844,0.8678301886792452,609,189,GALAXY
1.8866935483870972,0.8678301886792452,612,189,GALAXY
1.91116935483871,0.8678301886792452,615,189,GALAXY
0.8913440860215052,0.8584276729559748,490,190,GALAXY
0.915819892473118,0.8584276729559748,493,190,GALAXY
0.9402956989247309,0.8584276729559748,496,190,GALAXY
1.0055645161290325,0.8584276729559748,504,190,GALAXY
1.1361021505376345,0.8584276729559748,520,190,GALAXY
1.1605779569892474,0.8584276729559748,523,190,GALAXY
1.1850537634408602,0.8584276729559748,526,190,GALAXY
1.2176881720430108,0.8584276729559748,530,190,GALAXY
1.2421639784946237,0.8584276729559748,533,190,GALAXY
1.2666397849462365,0.8584276729559748,536,190,GALAXY
1.307432795698925,0.8584276729559748,541,190,GALAXY
1.3319086021505377,0.8584276729559748,544,190,GALAXY
1.3563844086021506,0.8584276729559748,547,190,GALAXY
1.3808602150537634,0.8584276729559748,550,190,GALAXY
1.4053360215053763,0.8584276729559748,553,190,GALAXY
1.4298118279569891,0.8584276729559748,556,190,GALAXY
1.454287634408602,0.8584276729559748,559,190,GALAXY
1.4787634408602148,0.8584276729559748,562,190,GALAXY
1.5032392473118277,0.8584276729559748,565,190,GALAXY
1.5277150537634405,0.8584276729559748,568,190,GALAXY
1.5521908602150538,0.8584276729559748,571,190,GALAXY
1.5766666666666667,0.8584276729559748,574,190,GALAXY
1.6011424731182795,0.8584276729559748,577,190,GALAXY
1.6256182795698924,0.8584276729559748,580,190,GALAXY
1.6500940860215052,0.8584276729559748,583,190,GALAXY
1.674569892473118,0.8584276729559748,586,190,GALAXY
1.699045698924731,0.8584276729559748,589,190,GALAXY
1.7235215053763446,0.8584276729559748,592,190,GALAXY
1.7479973118279575,0.8584276729559748,595,190,GALAXY
1.8295833333333333,0.8584276729559748,605,190,GALAXY
1.8540591397849462,0.8584276729559748,608,190,GALAXY
2.11513440860215,0.8584276729559748,640,190,GALAXY
0.915819892473118,0.8490251572327043,493,191,GALAXY
0.9402956989247309,0.8490251572327043,496,191,GALAXY
1.1361021505376345,0.8490251572327043,520,191,GALAXY
1.1605779569892474,0.8490251572327043,523,191,GALAXY
1.1850537634408602,0.8490251572327043,526,191,GALAXY
1.2176881720430108,0.8490251572327043,530,191,GALAXY
1.2421639784946237,0.8490251572327043,533,191,GALAXY
1.2666397849462365,0.8490251572327043,536,191,GALAXY
1.2911155913978494,0.8490251572327043,539,191,GALAXY
1.3319086021505377,0.8490251572327043,544,191,GALAXY
1.3563844086021506,0.8490251572327043,547,191,GALAXY
1.3808602150537634,0.8490251572327043,550,191,GALAXY
1.4053360215053763,0.8490251572327043,553,191,GALAXY
1.4298118279569891,0.8490251572327043,556,191,GALAXY
1.454287634408602,0.8490251572327043,559,191,GALAXY
1.4787634408602148,0.8490251572327043,562,191,GALAXY
1.5032392473118277,0.8490251572327043,565,191,GALAXY
1.5277150537634405,0.8490251572327043,568,191,GALAXY
1.5521908602150538,0.8490251572327043,571,191,GALAXY
1.5766666666666667,0.8490251572327043,574,191,GALAXY
1.6011424731182795,0.8490251572327043,577,191,GALAXY
1.6256182795698924,0.8490251572327043,580,191,GALAXY
1.6500940860215052,0.8490251572327043,583,191,GALAXY
1.674569892473118,0.8490251572327043,586,191,GALAXY
1.699045698924731,0.8490251572327043,589,191,GALAXY
1.7235215053763446,0.8490251572327043,592,191,GALAXY
1.7479973118279575,0.8490251572327043,595,191,GALAXY
1.8540591397849462,0.8490251572327043,608,191,GALAXY
2.0417069892473116,0.8490251572327043,631,191,GALAXY
2.11513440860215,0.8490251572327043,640,191,GALAXY
2.139610215053763,0.8490251572327043,643,191,GALAXY
0.9402956989247309,0.8396226415094339,496,192,GALAXY
1.1361021505376345,0.8396226415094339,520,192,GALAXY
1.1605779569892474,0.8396226415094339,523,192,GALAXY
1.1850537634408602,0.8396226415094339,526,192,GALAXY
1.2258467741935486,0.8396226415094339,531,192,GALAXY
1.2503225806451614,0.8396226415094339,534,192,GALAXY
1.2747983870967743,0.8396226415094339,537,192,GALAXY
1.2992741935483871,0.8396226415094339,540,192,GALAXY
1.3319086021505377,0.8396226415094339,544,192,GALAXY
1.3563844086021506,0.8396226415094339,547,192,GALAXY
1.3808602150537634,0.8396226415094339,550,192,GALAXY
1.4053360215053763,0.8396226415094339,553,192,GALAXY
1.4298118279569891,0.8396226415094339,556,192,GALAXY
1.454287634408602,0.8396226415094339,559,192,GALAXY
1.4787634408602148,0.8396226415094339,562,192,GALAXY
1.5032392473118277,0.8396226415094339,565,192,GALAXY
1.5277150537634405,0.8396226415094339,568,192,GALAXY
1.5521908602150538,0.8396226415094339,571,192,GALAXY
1.5766666666666667,0.8396226415094339,574,192,GALAXY
1.6174596774193541,0.8396226415094339,579,192,GALAXY
1.6419354838709679,0.8396226415094339,582,192,GALAXY
1.6664112903225807,0.8396226415094339,585,192,GALAXY
1.6908870967741936,0.8396226415094339,588,192,GALAXY
1.7153629032258064,0.8396226415094339,591,192,GALAXY
1.7398387096774193,0.8396226415094339,594,192,GALAXY
2.025389784946237,0.8396226415094339,629,192,GALAXY
2.04986559139785,0.8396226415094339,632,192,GALAXY
2.11513440860215,0.8396226415094339,640,192,GALAXY
2.139610215053763,0.8396226415094339,643,192,GALAXY
1.062674731182796,0.8302201257861634,511,193,GALAXY
1.1279435483870968,0.8302201257861634,519,193,GALAXY
1.1524193548387096,0.8302201257861634,522,193,GALAXY
1.176895161290323,0.8302201257861634,525,193,GALAXY
1.234005376344086,0.8302201257861634,532,193,GALAXY
1.2584811827956988,0.8302201257861634,535,193,GALAXY
1.282956989247312,0.8302201257861634,538,193,GALAXY
1.32375,0.8302201257861634,543,193,GALAXY
1.3482258064516128,0.8302201257861634,546,193,GALAXY
1.3727016129032257,0.8302201257861634,549,193,GALAXY
1.3971774193548385,0.8302201257861634,552,193,GALAXY
1.4216532258064514,0.8302201257861634,555,193,GALAXY
1.4461290322580642,0.8302201257861634,558,193,GALAXY
1.470604838709677,0.8302201257861634,561,193,GALAXY
1.4950806451612904,0.8302201257861634,564,193,GALAXY
1.5195564516129032,0.8302201257861634,567,193,GALAXY
1.5440322580645156,0.8302201257861634,570,193,GALAXY
1.5685080645161285,0.8302201257861634,573,193,GALAXY
1.6093010752688168,0.8302201257861634,578,193,GALAXY
1.6337768817204297,0.8302201257861634,581,193,GALAXY
1.6582526881720425,0.8302201257861634,584,193,GALAXY
1.6827284946236554,0.8302201257861634,587,193,GALAXY
1.707204301075269,0.8302201257861634,590,193,GALAXY
1.731680107526882,0.8302201257861634,593,193,GALAXY
1.7561559139784948,0.8302201257861634,596,193,GALAXY
2.0417069892473116,0.8302201257861634,631,193,GALAXY
2.106975806451613,0.8302201257861634,639,193,GALAXY
2.1314516129032257,0.8302201257861634,642,193,GALAXY
1.0137231182795703,0.820817610062893,505,194,GALAXY
1.0463575268817205,0.820817610062893,509,194,GALAXY
1.0708333333333337,0.820817610062893,512,194,GALAXY
1.1279435483870968,0.820817610062893,519,194,GALAXY
1.1524193548387096,0.820817610062893,522,194,GALAXY
1.176895161290323,0.820817610062893,525,194,GALAXY
1.234005376344086,0.820817610062893,532,194,GALAXY
1.2584811827956988,0.820817610062893,535,194,GALAXY
1.282956989247312,0.820817610062893,538,194,GALAXY
1.32375,0.820817610062893,543,194,GALAXY
1.3482258064516128,0.820817610062893,546,194,GALAXY
1.3727016129032257,0.820817610062893,549,194,GALAXY
1.3971774193548385,0.820817610062893,552,194,GALAXY
1.4216532258064514,0.820817610062893,555,194,GALAXY
1.4461290322580642,0.820817610062893,558,194,GALAXY
1.470604838709677,0.820817610062893,561,194,GALAXY
1.4950806451612904,0.820817610062893,564,194,GALAXY
1.5195564516129032,0.820817610062893,567,194,GALAXY
1.5440322580645156,0.820817610062893,570,194,GALAXY
1.5685080645161285,0.820817610062893,573,194,GALAXY
1.6093010752688168,0.820817610062893,578,194,GALAXY
1.6337768817204297,0.820817610062893,581,194,GALAXY
1.6582526881720425,0.820817610062893,584,194,GALAXY
1.6827284946236554,0.820817610062893,587,194,GALAXY
1.707204301075269,0.820817610062893,590,194,GALAXY
1.731680107526882,0.820817610062893,593,194,GALAXY
1.8540591397849462,0.820817610062893,608,194,GALAXY
1.968279569892473,0.820817610062893,622,194,GALAXY
2.025389784946237,0.820817610062893,629,194,GALAXY
2.04986559139785,0.820817610062893,632,194,GALAXY
2.1232930107526884,0.820817610062893,641,194,GALAXY
1.0055645161290325,0.8114150943396226,504,195,GALAXY
1.0300403225806454,0.8114150943396226,507,195,GALAXY
1.0545161290322582,0.8114150943396226,510,195,GALAXY
1.078991935483871,0.8114150943396226,513,195,GALAXY
1.1197849462365594,0.8114150943396226,518,195,GALAXY
1.1442607526881723,0.8114150943396226,521,195,GALAXY
1.1687365591397851,0.8114150943396226,524,195,GALAXY
1.193212365591398,0.8114150943396226,527,195,GALAXY
1.234005376344086,0.8114150943396226,532,195,GALAXY
1.2584811827956988,0.8114150943396226,535,195,GALAXY
1.282956989247312,0.8114150943396226,538,195,GALAXY
1.307432795698925,0.8114150943396226,541,195,GALAXY
1.3319086021505377,0.8114150943396226,544,195,GALAXY
1.3563844086021506,0.8114150943396226,547,195,GALAXY
1.3808602150537634,0.8114150943396226,550,195,GALAXY
1.4053360215053763,0.8114150943396226,553,195,GALAXY
1.4298118279569891,0.8114150943396226,556,195,GALAXY
1.454287634408602,0.8114150943396226,559,195,GALAXY
1.4787634408602148,0.8114150943396226,562,195,GALAXY
1.5032392473118277,0.8114150943396226,565,195,GALAXY
1.5277150537634405,0.8114150943396226,568,195,GALAXY
1.5521908602150538,0.8114150943396226,571,195,GALAXY
1.5766666666666667,0.8114150943396226,574,195,GALAXY
1.6174596774193541,0.8114150943396226,579,195,GALAXY
1.6419354838709679,0.8114150943396226,582,195,GALAXY
1.6664112903225807,0.8114150943396226,585,195,GALAXY
1.6908870967741936,0.8114150943396226,588,195,GALAXY
1.7153629032258064,0.8114150943396226,591,195,GALAXY
1.8051075268817205,0.8114150943396226,602,195,GALAXY
1.8540591397849462,0.8114150943396226,608,195,GALAXY
1.878534946236559,0.8114150943396226,611,195,GALAXY
1.9764381720430104,0.8114150943396226,623,195,GALAXY
2.0335483870967743,0.8114150943396226,630,195,GALAXY
0.7771236559139783,0.8020125786163521,476,196,GALAXY
0.9974059139784948,0.8020125786163521,503,196,GALAXY
1.0218817204301076,0.8020125786163521,506,196,GALAXY
1.0463575268817205,0.8020125786163521,509,196,GALAXY
1.0708333333333337,0.8020125786163521,512,196,GALAXY
1.0953091397849466,0.8020125786163521,515,196,GALAXY
1.1361021505376345,0.8020125786163521,520,196,GALAXY
1.1605779569892474,0.8020125786163521,523,196,GALAXY
1.1850537634408602,0.8020125786163521,526,196,GALAXY
1.209529569892473,0.8020125786163521,529,196,GALAXY
1.2421639784946237,0.8020125786163521,533,196,GALAXY
1.2666397849462365,0.8020125786163521,536,196,GALAXY
1.2911155913978494,0.8020125786163521,539,196,GALAXY
1.3155913978494622,0.8020125786163521,542,196,GALAXY
1.340067204301075,0.8020125786163521,545,196,GALAXY
1.364543010752688,0.8020125786163521,548,196,GALAXY
1.3890188172043012,0.8020125786163521,551,196,GALAXY
1.413494623655914,0.8020125786163521,554,196,GALAXY
1.437970430107527,0.8020125786163521,557,196,GALAXY
1.4624462365591397,0.8020125786163521,560,196,GALAXY
1.4869220430107526,0.8020125786163521,563,196,GALAXY
1.5113978494623654,0.8020125786163521,566,196,GALAXY
1.5358736559139783,0.8020125786163521,569,196,GALAXY
1.5766666666666667,0.8020125786163521,574,196,GALAXY
1.6011424731182795,0.8020125786163521,577,196,GALAXY
1.6256182795698924,0.8020125786163521,580,196,GALAXY
1.6500940860215052,0.8020125786163521,583,196,GALAXY
1.674569892473118,0.8020125786163521,586,196,GALAXY
1.7887903225806459,0.8020125786163521,600,196,GALAXY
1.8132661290322587,0.8020125786163521,603,196,GALAXY
1.8540591397849462,0.8020125786163521,608,196,GALAXY
1.878534946236559,0.8020125786163521,611,196,GALAXY
1.968279569892473,0.8020125786163521,622,196,GALAXY
1.992755376344086,0.8020125786163521,625,196,GALAXY
0.785282258064516,0.7926100628930817,477,197,GALAXY
0.9974059139784948,0.7926100628930817,503,197,GALAXY
1.0218817204301076,0.7926100628930817,506,197,GALAXY
1.0545161290322582,0.7926100628930817,510,197,GALAXY
1.078991935483871,0.7926100628930817,513,197,GALAXY
1.1279435483870968,0.7926100628930817,519,197,GALAXY
1.1524193548387096,0.7926100628930817,522,197,GALAXY
1.176895161290323,0.7926100628930817,525,197,GALAXY
1.2013709677419357,0.7926100628930817,528,197,GALAXY
1.2258467741935486,0.7926100628930817,531,197,GALAXY
1.2503225806451614,0.7926100628930817,534,197,GALAXY
1.2747983870967743,0.7926100628930817,537,197,GALAXY
1.2992741935483871,0.7926100628930817,540,197,GALAXY
1.32375,0.7926100628930817,543,197,GALAXY
1.3482258064516128,0.7926100628930817,546,197,GALAXY
1.3727016129032257,0.7926100628930817,549,197,GALAXY
1.3971774193548385,0.7926100628930817,552,197,GALAXY
1.4216532258064514,0.7926100628930817,555,197,GALAXY
1.4461290322580642,0.7926100628930817,558,197,GALAXY
1.470604838709677,0.7926100628930817,561,197,GALAXY
1.4950806451612904,0.7926100628930817,564,197,GALAXY
1.5195564516129032,0.7926100628930817,567,197,GALAXY
1.5440322580645156,0.7926100628930817,570,197,GALAXY
1.5685080645161285,0.7926100628930817,573,197,GALAXY
1.5929838709677413,0.7926100628930817,576,197,GALAXY
1.6174596774193541,0.7926100628930817,579,197,GALAXY
1.6419354838709679,0.7926100628930817,582,197,GALAXY
1.6664112903225807,0.7926100628930817,585,197,GALAXY
1.6908870967741936,0.7926100628930817,588,197,GALAXY
1.8051075268817205,0.7926100628930817,602,197,GALAXY
1.8459005376344089,0.7926100628930817,607,197,GALAXY
1.8703763440860217,0.7926100628930817,610,197,GALAXY
1.9601209677419358,0.7926100628930817,621,197,GALAXY
1.9845967741935486,0.7926100628930817,624,197,GALAXY
0.7771236559139783,0.7832075471698112,476,198,GALAXY
0.8015994623655911,0.7832075471698112,479,198,GALAXY
1.0218817204301076,0.7832075471698112,506,198,GALAXY
1.0708333333333337,0.7832075471698112,512,198,GALAXY
1.0953091397849466,0.7832075471698112,515,198,GALAXY
1.1361021505376345,0.7832075471698112,520,198,GALAXY
1.1605779569892474,0.7832075471698112,523,198,GALAXY
1.1850537634408602,0.7832075471698112,526,198,GALAXY
1.209529569892473,0.7832075471698112,529,198,GALAXY
1.234005376344086,0.7832075471698112,532,198,GALAXY
1.2584811827956988,0.7832075471698112,535,198,GALAXY
1.282956989247312,0.7832075471698112,538,198,GALAXY
1.307432795698925,0.7832075471698112,541,198,GALAXY
1.3319086021505377,0.7832075471698112,544,198,GALAXY
1.3563844086021506,0.7832075471698112,547,198,GALAXY
1.3808602150537634,0.7832075471698112,550,198,GALAXY
1.4053360215053763,0.7832075471698112,553,198,GALAXY
1.4298118279569891,0.7832075471698112,556,198,GALAXY
1.454287634408602,0.7832075471698112,559,198,GALAXY
1.4787634408602148,0.7832075471698112,562,198,GALAXY
1.5032392473118277,0.7832075471698112,565,198,GALAXY
1.5277150537634405,0.7832075471698112,568,198,GALAXY
1.5521908602150538,0.7832075471698112,571,198,GALAXY
1.5766666666666667,0.7832075471698112,574,198,GALAXY
1.6011424731182795,0.7832075471698112,577,198,GALAXY
1.6256182795698924,0.7832075471698112,580,198,GALAXY
1.6500940860215052,0.7832075471698112,583,198,GALAXY
1.674569892473118,0.7832075471698112,586,198,GALAXY
1.7887903225806459,0.7832075471698112,600,198,GALAXY
1.8132661290322587,0.7832075471698112,603,198,GALAXY
1.8622177419354844,0.7832075471698112,609,198,GALAXY
1.8866935483870972,0.7832075471698112,612,198,GALAXY
1.9845967741935486,0.7832075471698112,624,198,GALAXY
0.7771236559139783,0.7738050314465408,476,199,GALAXY
0.8015994623655911,0.7738050314465408,479,199,GALAXY
0.9647715053763442,0.7738050314465408,499,199,GALAXY
1.0708333333333337,0.7738050314465408,512,199,GALAXY
1.1197849462365594,0.7738050314465408,518,199,GALAXY
1.1442607526881723,0.7738050314465408,521,199,GALAXY
1.1687365591397851,0.7738050314465408,524,199,GALAXY
1.193212365591398,0.7738050314465408,527,199,GALAXY
1.2176881720430108,0.7738050314465408,530,199,GALAXY
1.2421639784946237,0.7738050314465408,533,199,GALAXY
1.2666397849462365,0.7738050314465408,536,199,GALAXY
1.2911155913978494,0.7738050314465408,539,199,GALAXY
1.3155913978494622,0.7738050314465408,542,199,GALAXY
1.340067204301075,0.7738050314465408,545,199,GALAXY
1.364543010752688,0.7738050314465408,548,199,GALAXY
1.3890188172043012,0.7738050314465408,551,199,GALAXY
1.413494623655914,0.7738050314465408,554,199,GALAXY
1.437970430107527,0.7738050314465408,557,199,GALAXY
1.4624462365591397,0.7738050314465408,560,199,GALAXY
1.4869220430107526,0.7738050314465408,563,199,GALAXY
1.5113978494623654,0.7738050314465408,566,199,GALAXY
1.5358736559139783,0.7738050314465408,569,199,GALAXY
1.5603494623655911,0.7738050314465408,572,199,GALAXY
1.584825268817204,0.7738050314465408,575,199,GALAXY
1.6093010752688168,0.7738050314465408,578,199,GALAXY
1.6337768817204297,0.7738050314465408,581,199,GALAXY
1.6582526881720425,0.7738050314465408,584,199,GALAXY
1.6827284946236554,0.7738050314465408,587,199,GALAXY
1.7969489247311832,0.7738050314465408,601,199,GALAXY
1.821424731182796,0.7738050314465408,604,199,GALAXY
1.878534946236559,0.7738050314465408,611,199,GALAXY
0.7771236559139783,0.7644025157232703,476,200,GALAXY
0.9402956989247309,0.7644025157232703,496,200,GALAXY
0.9647715053763442,0.7644025157232703,499,200,GALAXY
1.062674731182796,0.7644025157232703,511,200,GALAXY
1.0871505376344088,0.7644025157232703,514,200,GALAXY
1.1361021505376345,0.7644025157232703,520,200,GALAXY
1.1605779569892474,0.7644025157232703,523,200,GALAXY
1.1850537634408602,0.7644025157232703,526,200,GALAXY
1.209529569892473,0.7644025157232703,529,200,GALAXY
1.234005376344086,0.7644025157232703,532,200,GALAXY
1.2584811827956988,0.7644025157232703,535,200,GALAXY
1.282956989247312,0.7644025157232703,538,200,GALAXY
1.307432795698925,0.7644025157232703,541,200,GALAXY
1.3319086021505377,0.7644025157232703,544,200,GALAXY
1.3563844086021506,0.7644025157232703,547,200,GALAXY
1.3808602150537634,0.7644025157232703,550,200,GALAXY
1.4053360215053763,0.7644025157232703,553,200,GALAXY
1.4298118279569891,0.7644025157232703,556,200,GALAXY
1.454287634408602,0.7644025157232703,559,200,GALAXY
1.4787634408602148,0.7644025157232703,562,200,GALAXY
1.5032392473118277,0.7644025157232703,565,200,GALAXY
1.5277150537634405,0.7644025157232703,568,200,GALAXY
1.5521908602150538,0.7644025157232703,571,200,GALAXY
1.5766666666666667,0.7644025157232703,574,200,GALAXY
1.6011424731182795,0.7644025157232703,577,200,GALAXY
1.6256182795698924,0.7644025157232703,580,200,GALAXY
1.6500940860215052,0.7644025157232703,583,200,GALAXY
1.674569892473118,0.7644025157232703,586,200,GALAXY
1.8051075268817205,0.7644025157232703,602,200,GALAXY
0.7689650537634405,0.7549999999999999,475,201,GALAXY
0.7934408602150533,0.7549999999999999,478,201,GALAXY
0.8995026881720425,0.7549999999999999,491,201,GALAXY
0.9566129032258068,0.7549999999999999,498,201,GALAXY
1.0463575268817205,0.7549999999999999,509,201,GALAXY
1.0708333333333337,0.7549999999999999,512,201,GALAXY
1.1197849462365594,0.7549999999999999,518,201,GALAXY
1.1442607526881723,0.7549999999999999,521,201,GALAXY
1.1687365591397851,0.7549999999999999,524,201,GALAXY
1.193212365591398,0.7549999999999999,527,201,GALAXY
1.2176881720430108,0.7549999999999999,530,201,GALAXY
1.2421639784946237,0.7549999999999999,533,201,GALAXY
1.2666397849462365,0.7549999999999999,536,201,GALAXY
1.2911155913978494,0.7549999999999999,539,201,GALAXY
1.3155913978494622,0.7549999999999999,542,201,GALAXY
1.340067204301075,0.7549999999999999,545,201,GALAXY
1.364543010752688,0.7549999999999999,548,201,GALAXY
1.3890188172043012,0.7549999999999999,551,201,GALAXY
1.413494623655914,0.7549999999999999,554,201,GALAXY
1.437970430107527,0.7549999999999999,557,201,GALAXY
1.4624462365591397,0.7549999999999999,560,201,GALAXY
1.4950806451612904,0.7549999999999999,564,201,GALAXY
1.5195564516129032,0.7549999999999999,567,201,GALAXY
1.5440322580645156,0.7549999999999999,570,201,GALAXY
1.5685080645161285,0.7549999999999999,573,201,GALAXY
1.5929838709677413,0.7549999999999999,576,201,GALAXY
1.6174596774193541,0.7549999999999999,579,201,GALAXY
1.6419354838709679,0.7549999999999999,582,201,GALAXY
1.6664112903225807,0.7549999999999999,585,201,GALAXY
1.731680107526882,0.7549999999999999,593,201,GALAXY
0.7689650537634405,0.7455974842767294,475,202,GALAXY
0.8423924731182795,0.7455974842767294,484,202,GALAXY
0.8750268817204296,0.7455974842767294,488,202,GALAXY
0.8995026881720425,0.7455974842767294,491,202,GALAXY
0.9484543010752691,0.7455974842767294,497,202,GALAXY
0.9729301075268819,0.7455974842767294,500,202,GALAXY
1.062674731182796,0.7455974842767294,511,202,GALAXY
1.0871505376344088,0.7455974842767294,514,202,GALAXY
1.1361021505376345,0.7455974842767294,520,202,GALAXY
1.1605779569892474,0.7455974842767294,523,202,GALAXY
1.1850537634408602,0.7455974842767294,526,202,GALAXY
1.209529569892473,0.7455974842767294,529,202,GALAXY
1.234005376344086,0.7455974842767294,532,202,GALAXY
1.2584811827956988,0.7455974842767294,535,202,GALAXY
1.282956989247312,0.7455974842767294,538,202,GALAXY
1.307432795698925,0.7455974842767294,541,202,GALAXY
1.3319086021505377,0.7455974842767294,544,202,GALAXY
1.3563844086021506,0.7455974842767294,547,202,GALAXY
1.3808602150537634,0.7455974842767294,550,202,GALAXY
1.4053360215053763,0.7455974842767294,553,202,GALAXY
1.4298118279569891,0.7455974842767294,556,202,GALAXY
1.454287634408602,0.7455974842767294,559,202,GALAXY
1.4787634408602148,0.7455974842767294,562,202,GALAXY
1.5032392473118277,0.7455974842767294,565,202,GALAXY
1.5277150537634405,0.7455974842767294,568,202,GALAXY
1.5521908602150538,0.7455974842767294,571,202,GALAXY
1.584825268817204,0.7455974842767294,575,202,GALAXY
1.6093010752688168,0.7455974842767294,578,202,GALAXY
1.6419354838709679,0.7455974842767294,582,202,GALAXY
1.6664112903225807,0.7455974842767294,585,202,GALAXY
1.7235215053763446,0.7455974842767294,592,202,GALAXY
1.7479973118279575,0.7455974842767294,595,202,GALAXY
1.7806317204301076,0.7455974842767294,599,202,GALAXY
2.1559274193548386,0.7455974842767294,645,202,GALAXY
0.8423924731182795,0.736194968553459,484,203,GALAXY
0.8668682795698923,0.736194968553459,487,203,GALAXY
0.8913440860215052,0.736194968553459,490,203,GALAXY
0.9484543010752691,0.736194968553459,497,203,GALAXY
1.0463575268817205,0.736194968553459,509,203,GALAXY
1.0708333333333337,0.736194968553459,512,203,GALAXY
1.1279435483870968,0.736194968553459,519,203,GALAXY
1.1524193548387096,0.736194968553459,522,203,GALAXY
1.176895161290323,0.736194968553459,525,203,GALAXY
1.2013709677419357,0.736194968553459,528,203,GALAXY
1.2258467741935486,0.736194968553459,531,203,GALAXY
1.2503225806451614,0.736194968553459,534,203,GALAXY
1.2747983870967743,0.736194968553459,537,203,GALAXY
1.2992741935483871,0.736194968553459,540,203,GALAXY
1.32375,0.736194968553459,543,203,GALAXY
1.3482258064516128,0.736194968553459,546,203,GALAXY
1.3727016129032257,0.736194968553459,549,203,GALAXY
1.3971774193548385,0.736194968553459,552,203,GALAXY
1.4216532258064514,0.736194968553459,555,203,GALAXY
1.4461290322580642,0.736194968553459,558,203,GALAXY
1.470604838709677,0.736194968553459,561,203,GALAXY
1.4950806451612904,0.736194968553459,564,203,GALAXY
1.5195564516129032,0.736194968553459,567,203,GALAXY
1.5440322580645156,0.736194968553459,570,203,GALAXY
1.5766666666666667,0.736194968553459,574,203,GALAXY
1.6011424731182795,0.736194968553459,577,203,GALAXY
1.6419354838709679,0.736194968553459,582,203,GALAXY
1.6664112903225807,0.736194968553459,585,203,GALAXY
1.731680107526882,0.736194968553459,593,203,GALAXY
1.7561559139784948,0.736194968553459,596,203,GALAXY
1.7806317204301076,0.736194968553459,599,203,GALAXY
2.139610215053763,0.736194968553459,643,203,GALAXY
2.164086021505376,0.736194968553459,646,203,GALAXY
0.654744623655914,0.7267924528301886,461,204,GALAXY
0.8423924731182795,0.7267924528301886,484,204,GALAXY
0.8668682795698923,0.7267924528301886,487,204,GALAXY
0.8913440860215052,0.7267924528301886,490,204,GALAXY
1.0463575268817205,0.7267924528301886,509,204,GALAXY
1.0708333333333337,0.7267924528301886,512,204,GALAXY
1.0953091397849466,0.7267924528301886,515,204,GALAXY
1.1361021505376345,0.7267924528301886,520,204,GALAXY
1.1605779569892474,0.7267924528301886,523,204,GALAXY
1.1850537634408602,0.7267924528301886,526,204,GALAXY
1.209529569892473,0.7267924528301886,529,204,GALAXY
1.234005376344086,0.7267924528301886,532,204,GALAXY
1.2584811827956988,0.7267924528301886,535,204,GALAXY
1.282956989247312,0.7267924528301886,538,204,GALAXY
1.307432795698925,0.7267924528301886,541,204,GALAXY
1.3319086021505377,0.7267924528301886,544,204,GALAXY
1.3563844086021506,0.7267924528301886,547,204,GALAXY
1.3808602150537634,0.7267924528301886,550,204,GALAXY
1.4053360215053763,0.7267924528301886,553,204,GALAXY
1.4298118279569891,0.7267924528301886,556,204,GALAXY
1.454287634408602,0.7267924528301886,559,204,GALAXY
1.4787634408602148,0.7267924528301886,562,204,GALAXY
1.5032392473118277,0.7267924528301886,565,204,GALAXY
1.5521908602150538,0.7267924528301886,571,204,GALAXY
1.5766666666666667,0.7267924528301886,574,204,GALAXY
1.6337768817204297,0.7267924528301886,581,204,GALAXY
1.6582526881720425,0.7267924528301886,584,204,GALAXY
1.699045698924731,0.7267924528301886,589,204,GALAXY
1.7235215053763446,0.7267924528301886,592,204,GALAXY
1.7479973118279575,0.7267924528301886,595,204,GALAXY
1.7724731182795703,0.7267924528301886,598,204,GALAXY
1.7969489247311832,0.7267924528301886,601,204,GALAXY
2.1559274193548386,0.7267924528301886,645,204,GALAXY
0.6384274193548385,0.7173899371069181,459,205,GALAXY
0.6629032258064513,0.7173899371069181,462,205,GALAXY
0.8423924731182795,0.7173899371069181,484,205,GALAXY
0.8668682795698923,0.7173899371069181,487,205,GALAXY
0.8995026881720425,0.7173899371069181,491,205,GALAXY
1.062674731182796,0.7173899371069181,511,205,GALAXY
1.0871505376344088,0.7173899371069181,514,205,GALAXY
1.1116263440860217,0.7173899371069181,517,205,GALAXY
1.1442607526881723,0.7173899371069181,521,205,GALAXY
1.1687365591397851,0.7173899371069181,524,205,GALAXY
1.193212365591398,0.7173899371069181,527,205,GALAXY
1.2176881720430108,0.7173899371069181,530,205,GALAXY
1.2421639784946237,0.7173899371069181,533,205,GALAXY
1.2666397849462365,0.7173899371069181,536,205,GALAXY
1.2911155913978494,0.7173899371069181,539,205,GALAXY
1.3155913978494622,0.7173899371069181,542,205,GALAXY
1.340067204301075,0.7173899371069181,545,205,GALAXY
1.364543010752688,0.7173899371069181,548,205,GALAXY
1.3890188172043012,0.7173899371069181,551,205,GALAXY
1.413494623655914,0.7173899371069181,554,205,GALAXY
1.454287634408602,0.7173899371069181,559,205,GALAXY
1.4787634408602148,0.7173899371069181,562,205,GALAXY
1.5032392473118277,0.7173899371069181,565,205,GALAXY
1.5521908602150538,0.7173899371069181,571,205,GALAXY
1.5766666666666667,0.7173899371069181,574,205,GALAXY
1.6256182795698924,0.7173899371069181,580,205,GALAXY
1.6500940860215052,0.7173899371069181,583,205,GALAXY
1.6827284946236554,0.7173899371069181,587,205,GALAXY
1.707204301075269,0.7173899371069181,590,205,GALAXY
1.731680107526882,0.7173899371069181,593,205,GALAXY
1.7561559139784948,0.7173899371069181,596,205,GALAXY
1.7806317204301076,0.7173899371069181,599,205,GALAXY
2.139610215053763,0.7173899371069181,643,205,GALAXY
2.164086021505376,0.7173899371069181,646,205,GALAXY
2.3027822580645156,0.7173899371069181,663,205,GALAXY
0.6465860215053763,0.7079874213836477,460,206,GALAXY
0.6710618279569891,0.7079874213836477,463,206,GALAXY
0.8587096774193546,0.7079874213836477,486,206,GALAXY
1.062674731182796,0.7079874213836477,511,206,GALAXY
1.0871505376344088,0.7079874213836477,514,206,GALAXY
1.1116263440860217,0.7079874213836477,517,206,GALAXY
1.1524193548387096,0.7079874213836477,522,206,GALAXY
1.176895161290323,0.7079874213836477,525,206,GALAXY
1.2013709677419357,0.7079874213836477,528,206,GALAXY
1.2421639784946237,0.7079874213836477,533,206,GALAXY
1.2666397849462365,0.7079874213836477,536,206,GALAXY
1.2911155913978494,0.7079874213836477,539,206,GALAXY
1.3155913978494622,0.7079874213836477,542,206,GALAXY
1.340067204301075,0.7079874213836477,545,206,GALAXY
1.364543010752688,0.7079874213836477,548,206,GALAXY
1.3890188172043012,0.7079874213836477,551,206,GALAXY
1.413494623655914,0.7079874213836477,554,206,GALAXY
1.437970430107527,0.7079874213836477,557,206,GALAXY
1.4624462365591397,0.7079874213836477,560,206,GALAXY
1.4869220430107526,0.7079874213836477,563,206,GALAXY
1.5113978494623654,0.7079874213836477,566,206,GALAXY
1.5521908602150538,0.7079874213836477,571,206,GALAXY
1.5766666666666667,0.7079874213836477,574,206,GALAXY
1.6174596774193541,0.7079874213836477,579,206,GALAXY
1.6419354838709679,0.7079874213836477,582,206,GALAXY
1.6827284946236554,0.7079874213836477,587,206,GALAXY
1.707204301075269,0.7079874213836477,590,206,GALAXY
1.731680107526882,0.7079874213836477,593,206,GALAXY
1.7561559139784948,0.7079874213836477,596,206,GALAXY
1.7806317204301076,0.7079874213836477,599,206,GALAXY
2.1559274193548386,0.7079874213836477,645,206,GALAXY
2.2946236559139783,0.7079874213836477,662,206,GALAXY
2.319099462365591,0.7079874213836477,665,206,GALAXY
0.654744623655914,0.6985849056603772,461,207,GALAXY
1.0545161290322582,0.6985849056603772,510,207,GALAXY
1.078991935483871,0.6985849056603772,513,207,GALAXY
1.103467741935484,0.6985849056603772,516,207,GALAXY
1.1279435483870968,0.6985849056603772,519,207,GALAXY
1.1524193548387096,0.6985849056603772,522,207,GALAXY
1.176895161290323,0.6985849056603772,525,207,GALAXY
1.2013709677419357,0.6985849056603772,528,207,GALAXY
1.2258467741935486,0.6985849056603772,531,207,GALAXY
1.2503225806451614,0.6985849056603772,534,207,GALAXY
1.2747983870967743,0.6985849056603772,537,207,GALAXY
1.2992741935483871,0.6985849056603772,540,207,GALAXY
1.32375,0.6985849056603772,543,207,GALAXY
1.3482258064516128,0.6985849056603772,546,207,GALAXY
1.3727016129032257,0.6985849056603772,549,207,GALAXY
1.4053360215053763,0.6985849056603772,553,207,GALAXY
1.4298118279569891,0.6985849056603772,556,207,GALAXY
1.454287634408602,0.6985849056603772,559,207,GALAXY
1.4787634408602148,0.6985849056603772,562,207,GALAXY
1.5032392473118277,0.6985849056603772,565,207,GALAXY
1.5277150537634405,0.6985849056603772,568,207,GALAXY
1.5766666666666667,0.6985849056603772,574,207,GALAXY
1.6011424731182795,0.6985849056603772,577,207,GALAXY
1.6337768817204297,0.6985849056603772,581,207,GALAXY
1.6827284946236554,0.6985849056603772,587,207,GALAXY
1.707204301075269,0.6985849056603772,590,207,GALAXY
1.731680107526882,0.6985849056603772,593,207,GALAXY
1.7561559139784948,0.6985849056603772,596,207,GALAXY
1.7806317204301076,0.6985849056603772,599,207,GALAXY
2.3027822580645156,0.6985849056603772,663,207,GALAXY
0.6465860215053763,0.6891823899371068,460,208,GALAXY
0.8587096774193546,0.6891823899371068,486,208,GALAXY
0.9402956989247309,0.6891823899371068,496,208,GALAXY
1.062674731182796,0.6891823899371068,511,208,GALAXY
1.0871505376344088,0.6891823899371068,514,208,GALAXY
1.1116263440860217,0.6891823899371068,517,208,GALAXY
1.1361021505376345,0.6891823899371068,520,208,GALAXY
1.1605779569892474,0.6891823899371068,523,208,GALAXY
1.1850537634408602,0.6891823899371068,526,208,GALAXY
1.209529569892473,0.6891823899371068,529,208,GALAXY
1.234005376344086,0.6891823899371068,532,208,GALAXY
1.2584811827956988,0.6891823899371068,535,208,GALAXY
1.282956989247312,0.6891823899371068,538,208,GALAXY
1.307432795698925,0.6891823899371068,541,208,GALAXY
1.3319086021505377,0.6891823899371068,544,208,GALAXY
1.3563844086021506,0.6891823899371068,547,208,GALAXY
1.3808602150537634,0.6891823899371068,550,208,GALAXY
1.413494623655914,0.6891823899371068,554,208,GALAXY
1.437970430107527,0.6891823899371068,557,208,GALAXY
1.4624462365591397,0.6891823899371068,560,208,GALAXY
1.4869220430107526,0.6891823899371068,563,208,GALAXY
1.5113978494623654,0.6891823899371068,566,208,GALAXY
1.5685080645161285,0.6891823899371068,573,208,GALAXY
1.5929838709677413,0.6891823899371068,576,208,GALAXY
1.6337768817204297,0.6891823899371068,581,208,GALAXY
1.674569892473118,0.6891823899371068,586,208,GALAXY
1.699045698924731,0.6891823899371068,589,208,GALAXY
1.7235215053763446,0.6891823899371068,592,208,GALAXY
1.7479973118279575,0.6891823899371068,595,208,GALAXY
1.7724731182795703,0.6891823899371068,598,208,GALAXY
2.2946236559139783,0.6891823899371068,662,208,GALAXY
2.319099462365591,0.6891823899371068,665,208,GALAXY
0.8668682795698923,0.6797798742138363,487,209,GALAXY
0.9321370967741931,0.6797798742138363,495,209,GALAXY
0.9566129032258068,0.6797798742138363,498,209,GALAXY
1.0708333333333337,0.6797798742138363,512,209,GALAXY
1.0953091397849466,0.6797798742138363,515,209,GALAXY
1.1197849462365594,0.6797798742138363,518,209,GALAXY
1.1442607526881723,0.6797798742138363,521,209,GALAXY
1.1687365591397851,0.6797798742138363,524,209,GALAXY
1.193212365591398,0.6797798742138363,527,209,GALAXY
1.2176881720430108,0.6797798742138363,530,209,GALAXY
1.2421639784946237,0.6797798742138363,533,209,GALAXY
1.2666397849462365,0.6797798742138363,536,209,GALAXY
1.2911155913978494,0.6797798742138363,539,209,GALAXY
1.3155913978494622,0.6797798742138363,542,209,GALAXY
1.340067204301075,0.6797798742138363,545,209,GALAXY
1.364543010752688,0.6797798742138363,548,209,GALAXY
1.3890188172043012,0.6797798742138363,551,209,GALAXY
1.4216532258064514,0.6797798742138363,555,209,GALAXY
1.4461290322580642,0.6797798742138363,558,209,GALAXY
1.470604838709677,0.6797798742138363,561,209,GALAXY
1.4950806451612904,0.6797798742138363,564,209,GALAXY
1.5195564516129032,0.6797798742138363,567,209,GALAXY
1.584825268817204,0.6797798742138363,575,209,GALAXY
1.6582526881720425,0.6797798742138363,584,209,GALAXY
1.6827284946236554,0.6797798742138363,587,209,GALAXY
1.7561559139784948,0.6797798742138363,596,209,GALAXY
1.7806317204301076,0.6797798742138363,599,209,GALAXY
2.310940860215054,0.6797798742138363,664,209,GALAXY
0.8668682795698923,0.6703773584905659,487,210,GALAXY
0.9321370967741931,0.6703773584905659,495,210,GALAXY
0.9566129032258068,0.6703773584905659,498,210,GALAXY
1.0545161290322582,0.6703773584905659,510,210,GALAXY
1.078991935483871,0.6703773584905659,513,210,GALAXY
1.1116263440860217,0.6703773584905659,517,210,GALAXY
1.1361021505376345,0.6703773584905659,520,210,GALAXY
1.1605779569892474,0.6703773584905659,523,210,GALAXY
1.1850537634408602,0.6703773584905659,526,210,GALAXY
1.209529569892473,0.6703773584905659,529,210,GALAXY
1.234005376344086,0.6703773584905659,532,210,GALAXY
1.2584811827956988,0.6703773584905659,535,210,GALAXY
1.282956989247312,0.6703773584905659,538,210,GALAXY
1.307432795698925,0.6703773584905659,541,210,GALAXY
1.3319086021505377,0.6703773584905659,544,210,GALAXY
1.3563844086021506,0.6703773584905659,547,210,GALAXY
1.3808602150537634,0.6703773584905659,550,210,GALAXY
1.4298118279569891,0.6703773584905659,556,210,GALAXY
1.470604838709677,0.6703773584905659,561,210,GALAXY
1.4950806451612904,0.6703773584905659,564,210,GALAXY
1.5277150537634405,0.6703773584905659,568,210,GALAXY
1.5766666666666667,0.6703773584905659,574,210,GALAXY
1.6582526881720425,0.6703773584905659,584,210,GALAXY
1.6827284946236554,0.6703773584905659,587,210,GALAXY
1.7643145161290321,0.6703773584905659,597,210,GALAXY
0.8587096774193546,0.6609748427672955,486,211,GALAXY
0.8831854838709674,0.6609748427672955,489,211,GALAXY
0.9484543010752691,0.6609748427672955,497,211,GALAXY
1.0381989247311831,0.6609748427672955,508,211,GALAXY
1.062674731182796,0.6609748427672955,511,211,GALAXY
1.0871505376344088,0.6609748427672955,514,211,GALAXY
1.1279435483870968,0.6609748427672955,519,211,GALAXY
1.1524193548387096,0.6609748427672955,522,211,GALAXY
1.176895161290323,0.6609748427672955,525,211,GALAXY
1.2013709677419357,0.6609748427672955,528,211,GALAXY
1.2258467741935486,0.6609748427672955,531,211,GALAXY
1.2503225806451614,0.6609748427672955,534,211,GALAXY
1.2747983870967743,0.6609748427672955,537,211,GALAXY
1.2992741935483871,0.6609748427672955,540,211,GALAXY
1.32375,0.6609748427672955,543,211,GALAXY
1.3482258064516128,0.6609748427672955,546,211,GALAXY
1.4869220430107526,0.6609748427672955,563,211,GALAXY
1.5113978494623654,0.6609748427672955,566,211,GALAXY
1.5358736559139783,0.6609748427672955,569,211,GALAXY
1.6582526881720425,0.6609748427672955,584,211,GALAXY
1.6827284946236554,0.6609748427672955,587,211,GALAXY
0.8179166666666662,0.651572327044025,481,212,GALAXY
0.8668682795698923,0.651572327044025,487,212,GALAXY
0.9484543010752691,0.651572327044025,497,212,GALAXY
1.0463575268817205,0.651572327044025,509,212,GALAXY
1.0708333333333337,0.651572327044025,512,212,GALAXY
1.1197849462365594,0.651572327044025,518,212,GALAXY
1.1442607526881723,0.651572327044025,521,212,GALAXY
1.1687365591397851,0.651572327044025,524,212,GALAXY
1.193212365591398,0.651572327044025,527,212,GALAXY
1.2176881720430108,0.651572327044025,530,212,GALAXY
1.2421639784946237,0.651572327044025,533,212,GALAXY
1.2666397849462365,0.651572327044025,536,212,GALAXY
1.2911155913978494,0.651572327044025,539,212,GALAXY
1.3155913978494622,0.651572327044025,542,212,GALAXY
1.340067204301075,0.651572327044025,545,212,GALAXY
1.364543010752688,0.651572327044025,548,212,GALAXY
1.4624462365591397,0.651572327044025,560,212,GALAXY
1.4950806451612904,0.651572327044025,564,212,GALAXY
1.5195564516129032,0.651572327044025,567,212,GALAXY
1.5440322580645156,0.651572327044025,570,212,GALAXY
1.674569892473118,0.651572327044025,586,212,GALAXY
0.8097580645161289,0.6421698113207546,480,213,GALAXY
0.8342338709677417,0.6421698113207546,483,213,GALAXY
0.9729301075268819,0.6421698113207546,500,213,GALAXY
0.9974059139784948,0.6421698113207546,503,213,GALAXY
1.0463575268817205,0.6421698113207546,509,213,GALAXY
1.0708333333333337,0.6421698113207546,512,213,GALAXY
1.1197849462365594,0.6421698113207546,518,213,GALAXY
1.1442607526881723,0.6421698113207546,521,213,GALAXY
1.1687365591397851,0.6421698113207546,524,213,GALAXY
1.193212365591398,0.6421698113207546,527,213,GALAXY
1.2176881720430108,0.6421698113207546,530,213,GALAXY
1.2421639784946237,0.6421698113207546,533,213,GALAXY
1.2666397849462365,0.6421698113207546,536,213,GALAXY
1.2911155913978494,0.6421698113207546,539,213,GALAXY
1.3155913978494622,0.6421698113207546,542,213,GALAXY
1.340067204301075,0.6421698113207546,545,213,GALAXY
1.364543010752688,0.6421698113207546,548,213,GALAXY
1.437970430107527,0.6421698113207546,557,213,GALAXY
1.4624462365591397,0.6421698113207546,560,213,GALAXY
1.4950806451612904,0.6421698113207546,564,213,GALAXY
1.5277150537634405,0.6421698113207546,568,213,GALAXY
1.5521908602150538,0.6421698113207546,571,213,GALAXY
0.0918010752688172,0.6327672955974841,392,214,GALAXY
0.8179166666666662,0.6327672955974841,481,214,GALAXY
0.9484543010752691,0.6327672955974841,497,214,GALAXY
0.9729301075268819,0.6327672955974841,500,214,GALAXY
0.9974059139784948,0.6327672955974841,503,214,GALAXY
1.0381989247311831,0.6327672955974841,508,214,GALAXY
1.062674731182796,0.6327672955974841,511,214,GALAXY
1.1197849462365594,0.6327672955974841,518,214,GALAXY
1.1442607526881723,0.6327672955974841,521,214,GALAXY
1.1687365591397851,0.6327672955974841,524,214,GALAXY
1.193212365591398,0.6327672955974841,527,214,GALAXY
1.2176881720430108,0.6327672955974841,530,214,GALAXY
1.2421639784946237,0.6327672955974841,533,214,GALAXY
1.2666397849462365,0.6327672955974841,536,214,GALAXY
1.3155913978494622,0.6327672955974841,542,214,GALAXY
1.340067204301075,0.6327672955974841,545,214,GALAXY
1.364543010752688,0.6327672955974841,548,214,GALAXY
1.3890188172043012,0.6327672955974841,551,214,GALAXY
1.454287634408602,0.6327672955974841,559,214,GALAXY
1.5277150537634405,0.6327672955974841,568,214,GALAXY
0.06732526881720435,0.6233647798742137,389,215,GALAXY
0.0918010752688172,0.6233647798742137,392,215,GALAXY
0.8097580645161289,0.6233647798742137,480,215,GALAXY
0.8342338709677417,0.6233647798742137,483,215,GALAXY
0.9647715053763442,0.6233647798742137,499,215,GALAXY
0.9892473118279574,0.6233647798742137,502,215,GALAXY
1.0137231182795703,0.6233647798742137,505,215,GALAXY
1.0463575268817205,0.6233647798742137,509,215,GALAXY
1.1197849462365594,0.6233647798742137,518,215,GALAXY
1.1442607526881723,0.6233647798742137,521,215,GALAXY
1.1687365591397851,0.6233647798742137,524,215,GALAXY
1.193212365591398,0.6233647798742137,527,215,GALAXY
1.2176881720430108,0.6233647798742137,530,215,GALAXY
1.2421639784946237,0.6233647798742137,533,215,GALAXY
1.2666397849462365,0.6233647798742137,536,215,GALAXY
1.2911155913978494,0.6233647798742137,539,215,GALAXY
1.3155913978494622,0.6233647798742137,542,215,GALAXY
1.340067204301075,0.6233647798742137,545,215,GALAXY
1.364543010752688,0.6233647798742137,548,215,GALAXY
1.3890188172043012,0.6233647798742137,551,215,GALAXY
1.454287634408602,0.6233647798742137,559,215,GALAXY
1.4787634408602148,0.6233647798742137,562,215,GALAXY
0.07548387096774212,0.6139622641509432,390,216,GALAXY
0.09995967741935496,0.6139622641509432,393,216,GALAXY
0.826075268817204,0.6139622641509432,482,216,GALAXY
0.9647715053763442,0.6139622641509432,499,216,GALAXY
0.9892473118279574,0.6139622641509432,502,216,GALAXY
1.0137231182795703,0.6139622641509432,505,216,GALAXY
1.0545161290322582,0.6139622641509432,510,216,GALAXY
1.078991935483871,0.6139622641509432,513,216,GALAXY
1.103467741935484,0.6139622641509432,516,216,GALAXY
1.1279435483870968,0.6139622641509432,519,216,GALAXY
1.1524193548387096,0.6139622641509432,522,216,GALAXY
1.176895161290323,0.6139622641509432,525,216,GALAXY
1.2013709677419357,0.6139622641509432,528,216,GALAXY
1.2258467741935486,0.6139622641509432,531,216,GALAXY
1.2503225806451614,0.6139622641509432,534,216,GALAXY
1.2747983870967743,0.6139622641509432,537,216,GALAXY
1.2992741935483871,0.6139622641509432,540,216,GALAXY
1.32375,0.6139622641509432,543,216,GALAXY
1.3482258064516128,0.6139622641509432,546,216,GALAXY
1.3727016129032257,0.6139622641509432,549,216,GALAXY
1.437970430107527,0.6139622641509432,557,216,GALAXY
1.4624462365591397,0.6139622641509432,560,216,GALAXY
1.4869220430107526,0.6139622641509432,563,216,GALAXY
0.07548387096774212,0.6045597484276728,390,217,GALAXY
0.09995967741935496,0.6045597484276728,393,217,GALAXY
0.5160483870967743,0.6045597484276728,444,217,GALAXY
0.9729301075268819,0.6045597484276728,500,217,GALAXY
0.9974059139784948,0.6045597484276728,503,217,GALAXY
1.062674731182796,0.6045597484276728,511,217,GALAXY
1.0871505376344088,0.6045597484276728,514,217,GALAXY
1.1116263440860217,0.6045597484276728,517,217,GALAXY
1.1361021505376345,0.6045597484276728,520,217,GALAXY
1.1605779569892474,0.6045597484276728,523,217,GALAXY
1.1850537634408602,0.6045597484276728,526,217,GALAXY
1.209529569892473,0.6045597484276728,529,217,GALAXY
1.234005376344086,0.6045597484276728,532,217,GALAXY
1.2584811827956988,0.6045597484276728,535,217,GALAXY
1.282956989247312,0.6045597484276728,538,217,GALAXY
1.307432795698925,0.6045597484276728,541,217,GALAXY
1.3319086021505377,0.6045597484276728,544,217,GALAXY
1.3727016129032257,0.6045597484276728,549,217,GALAXY
1.454287634408602,0.6045597484276728,559,217,GALAXY
1.4787634408602148,0.6045597484276728,562,217,GALAXY
1.5032392473118277,0.6045597484276728,565,217,GALAXY
0.08364247311827944,0.5951572327044024,391,218,GALAXY
0.4997311827956987,0.5951572327044024,442,218,GALAXY
0.524206989247312,0.5951572327044024,445,218,GALAXY
0.8505510752688168,0.5951572327044024,485,218,GALAXY
0.9729301075268819,0.5951572327044024,500,218,GALAXY
0.9974059139784948,0.5951572327044024,503,218,GALAXY
1.0545161290322582,0.5951572327044024,510,218,GALAXY
1.078991935483871,0.5951572327044024,513,218,GALAXY
1.103467741935484,0.5951572327044024,516,218,GALAXY
1.1279435483870968,0.5951572327044024,519,218,GALAXY
1.1524193548387096,0.5951572327044024,522,218,GALAXY
1.176895161290323,0.5951572327044024,525,218,GALAXY
1.2013709677419357,0.5951572327044024,528,218,GALAXY
1.2258467741935486,0.5951572327044024,531,218,GALAXY
1.2503225806451614,0.5951572327044024,534,218,GALAXY
1.2747983870967743,0.5951572327044024,537,218,GALAXY
1.2992741935483871,0.5951572327044024,540,218,GALAXY
1.32375,0.5951572327044024,543,218,GALAXY
1.4624462365591397,0.5951572327044024,560,218,GALAXY
1.4869220430107526,0.5951572327044024,563,218,GALAXY
1.5113978494623654,0.5951572327044024,566,218,GALAXY
0.4997311827956987,0.5857547169811319,442,219,GALAXY
0.524206989247312,0.5857547169811319,445,219,GALAXY
0.7689650537634405,0.5857547169811319,475,219,GALAXY
0.7934408602150533,0.5857547169811319,478,219,GALAXY
0.8423924731182795,0.5857547169811319,484,219,GALAXY
0.9566129032258068,0.5857547169811319,498,219,GALAXY
0.9810887096774197,0.5857547169811319,501,219,GALAXY
1.0055645161290325,0.5857547169811319,504,219,GALAXY
1.0300403225806454,0.5857547169811319,507,219,GALAXY
1.0545161290322582,0.5857547169811319,510,219,GALAXY
1.078991935483871,0.5857547169811319,513,219,GALAXY
1.103467741935484,0.5857547169811319,516,219,GALAXY
1.1279435483870968,0.5857547169811319,519,219,GALAXY
1.1524193548387096,0.5857547169811319,522,219,GALAXY
1.176895161290323,0.5857547169811319,525,219,GALAXY
1.2013709677419357,0.5857547169811319,528,219,GALAXY
1.2258467741935486,0.5857547169811319,531,219,GALAXY
1.2503225806451614,0.5857547169811319,534,219,GALAXY
1.2747983870967743,0.5857547169811319,537,219,GALAXY
1.2992741935483871,0.5857547169811319,540,219,GALAXY
1.32375,0.5857547169811319,543,219,GALAXY
1.3482258064516128,0.5857547169811319,546,219,GALAXY
1.437970430107527,0.5857547169811319,557,219,GALAXY
1.4787634408602148,0.5857547169811319,562,219,GALAXY
1.5032392473118277,0.5857547169811319,565,219,GALAXY
0.4915725806451614,0.5763522012578615,441,220,GALAXY
0.5160483870967743,0.5763522012578615,444,220,GALAXY
0.7526478494623654,0.5763522012578615,473,220,GALAXY
0.7771236559139783,0.5763522012578615,476,220,GALAXY
0.8015994623655911,0.5763522012578615,479,220,GALAXY
0.8423924731182795,0.5763522012578615,484,220,GALAXY
0.9239784946236558,0.5763522012578615,494,220,GALAXY
0.9484543010752691,0.5763522012578615,497,220,GALAXY
0.9729301075268819,0.5763522012578615,500,220,GALAXY
0.9974059139784948,0.5763522012578615,503,220,GALAXY
1.0218817204301076,0.5763522012578615,506,220,GALAXY
1.0463575268817205,0.5763522012578615,509,220,GALAXY
1.0708333333333337,0.5763522012578615,512,220,GALAXY
1.0953091397849466,0.5763522012578615,515,220,GALAXY
1.1197849462365594,0.5763522012578615,518,220,GALAXY
1.1442607526881723,0.5763522012578615,521,220,GALAXY
1.1687365591397851,0.5763522012578615,524,220,GALAXY
1.193212365591398,0.5763522012578615,527,220,GALAXY
1.2176881720430108,0.5763522012578615,530,220,GALAXY
1.2421639784946237,0.5763522012578615,533,220,GALAXY
1.2666397849462365,0.5763522012578615,536,220,GALAXY
1.2911155913978494,0.5763522012578615,539,220,GALAXY
1.3155913978494622,0.5763522012578615,542,220,GALAXY
1.340067204301075,0.5763522012578615,545,220,GALAXY
1.364543010752688,0.5763522012578615,548,220,GALAXY
1.3890188172043012,0.5763522012578615,551,220,GALAXY
1.437970430107527,0.5763522012578615,557,220,GALAXY
1.4869220430107526,0.5763522012578615,563,220,GALAXY
1.5113978494623654,0.5763522012578615,566,220,GALAXY
0.4589381720430108,0.566949685534591,437,221,GALAXY
0.5078897849462365,0.566949685534591,443,221,GALAXY
0.7526478494623654,0.566949685534591,473,221,GALAXY
0.7771236559139783,0.566949685534591,476,221,GALAXY
0.8015994623655911,0.566949685534591,479,221,GALAXY
0.8423924731182795,0.566949685534591,484,221,GALAXY
0.8750268817204296,0.566949685534591,488,221,GALAXY
0.915819892473118,0.566949685534591,493,221,GALAXY
0.9402956989247309,0.566949685534591,496,221,GALAXY
0.9647715053763442,0.566949685534591,499,221,GALAXY
1.0055645161290325,0.566949685534591,504,221,GALAXY
1.0300403225806454,0.566949685534591,507,221,GALAXY
1.0545161290322582,0.566949685534591,510,221,GALAXY
1.078991935483871,0.566949685534591,513,221,GALAXY
1.103467741935484,0.566949685534591,516,221,GALAXY
1.1279435483870968,0.566949685534591,519,221,GALAXY
1.1524193548387096,0.566949685534591,522,221,GALAXY
1.176895161290323,0.566949685534591,525,221,GALAXY
1.2013709677419357,0.566949685534591,528,221,GALAXY
1.2258467741935486,0.566949685534591,531,221,GALAXY
1.2503225806451614,0.566949685534591,534,221,GALAXY
1.2747983870967743,0.566949685534591,537,221,GALAXY
1.2992741935483871,0.566949685534591,540,221,GALAXY
1.32375,0.566949685534591,543,221,GALAXY
1.3482258064516128,0.566949685534591,546,221,GALAXY
1.3727016129032257,0.566949685534591,549,221,GALAXY
1.3971774193548385,0.566949685534591,552,221,GALAXY
1.437970430107527,0.566949685534591,557,221,GALAXY
1.4950806451612904,0.566949685534591,564,221,GALAXY
0.4426209677419357,0.5575471698113206,435,222,GALAXY
0.46709677419354856,0.5575471698113206,438,222,GALAXY
0.7526478494623654,0.5575471698113206,473,222,GALAXY
0.7771236559139783,0.5575471698113206,476,222,GALAXY
0.8015994623655911,0.5575471698113206,479,222,GALAXY
0.8505510752688168,0.5575471698113206,485,222,GALAXY
0.8831854838709674,0.5575471698113206,489,222,GALAXY
0.9076612903225802,0.5575471698113206,492,222,GALAXY
0.9321370967741931,0.5575471698113206,495,222,GALAXY
0.9566129032258068,0.5575471698113206,498,222,GALAXY
1.0055645161290325,0.5575471698113206,504,222,GALAXY
1.0300403225806454,0.5575471698113206,507,222,GALAXY
1.0545161290322582,0.5575471698113206,510,222,GALAXY
1.078991935483871,0.5575471698113206,513,222,GALAXY
1.103467741935484,0.5575471698113206,516,222,GALAXY
1.1279435483870968,0.5575471698113206,519,222,GALAXY
1.1524193548387096,0.5575471698113206,522,222,GALAXY
1.176895161290323,0.5575471698113206,525,222,GALAXY
1.2013709677419357,0.5575471698113206,528,222,GALAXY
1.2258467741935486,0.5575471698113206,531,222,GALAXY
1.2503225806451614,0.5575471698113206,534,222,GALAXY
1.2747983870967743,0.5575471698113206,537,222,GALAXY
1.2992741935483871,0.5575471698113206,540,222,GALAXY
1.32375,0.5575471698113206,543,222,GALAXY
1.3482258064516128,0.5575471698113206,546,222,GALAXY
1.3727016129032257,0.5575471698113206,549,222,GALAXY
1.3971774193548385,0.5575471698113206,552,222,GALAXY
1.437970430107527,0.5575471698113206,557,222,GALAXY
0.4426209677419357,0.5481446540880501,435,223,GALAXY
0.46709677419354856,0.5481446540880501,438,223,GALAXY
0.7608064516129032,0.5481446540880501,474,223,GALAXY
0.785282258064516,0.5481446540880501,477,223,GALAXY
0.8750268817204296,0.5481446540880501,488,223,GALAXY
0.8995026881720425,0.5481446540880501,491,223,GALAXY
0.9239784946236558,0.5481446540880501,494,223,GALAXY
0.9484543010752691,0.5481446540880501,497,223,GALAXY
0.9974059139784948,0.5481446540880501,503,223,GALAXY
1.0218817204301076,0.5481446540880501,506,223,GALAXY
1.0463575268817205,0.5481446540880501,509,223,GALAXY
1.0708333333333337,0.5481446540880501,512,223,GALAXY
1.103467741935484,0.5481446540880501,516,223,GALAXY
1.1279435483870968,0.5481446540880501,519,223,GALAXY
1.1524193548387096,0.5481446540880501,522,223,GALAXY
1.176895161290323,0.5481446540880501,525,223,GALAXY
1.2013709677419357,0.5481446540880501,528,223,GALAXY
1.2258467741935486,0.5481446540880501,531,223,GALAXY
1.2503225806451614,0.5481446540880501,534,223,GALAXY
1.2992741935483871,0.5481446540880501,540,223,GALAXY
1.32375,0.5481446540880501,543,223,GALAXY
1.3482258064516128,0.5481446540880501,546,223,GALAXY
1.3727016129032257,0.5481446540880501,549,223,GALAXY
1.3971774193548385,0.5481446540880501,552,223,GALAXY
1.4461290322580642,0.5481446540880501,558,223,GALAXY
0.4589381720430108,0.5387421383647799,437,224,GALAXY
0.48341397849462364,0.5387421383647799,440,224,GALAXY
0.8831854838709674,0.5387421383647799,489,224,GALAXY
0.9076612903225802,0.5387421383647799,492,224,GALAXY
0.9321370967741931,0.5387421383647799,495,224,GALAXY
0.9566129032258068,0.5387421383647799,498,224,GALAXY
1.0055645161290325,0.5387421383647799,504,224,GALAXY
1.0300403225806454,0.5387421383647799,507,224,GALAXY
1.0545161290322582,0.5387421383647799,510,224,GALAXY
1.0871505376344088,0.5387421383647799,514,224,GALAXY
1.1116263440860217,0.5387421383647799,517,224,GALAXY
1.1361021505376345,0.5387421383647799,520,224,GALAXY
1.1605779569892474,0.5387421383647799,523,224,GALAXY
1.1850537634408602,0.5387421383647799,526,224,GALAXY
1.209529569892473,0.5387421383647799,529,224,GALAXY
1.234005376344086,0.5387421383647799,532,224,GALAXY
1.2584811827956988,0.5387421383647799,535,224,GALAXY
1.307432795698925,0.5387421383647799,541,224,GALAXY
1.3319086021505377,0.5387421383647799,544,224,GALAXY
1.3563844086021506,0.5387421383647799,547,224,GALAXY
1.3808602150537634,0.5387421383647799,550,224,GALAXY
1.7806317204301076,0.5387421383647799,599,224,GALAXY
0.4589381720430108,0.5293396226415095,437,225,GALAXY
0.48341397849462364,0.5293396226415095,440,225,GALAXY
0.8831854838709674,0.5293396226415095,489,225,GALAXY
0.9239784946236558,0.5293396226415095,494,225,GALAXY
0.9484543010752691,0.5293396226415095,497,225,GALAXY
0.9974059139784948,0.5293396226415095,503,225,GALAXY
1.0218817204301076,0.5293396226415095,506,225,GALAXY
1.0463575268817205,0.5293396226415095,509,225,GALAXY
1.0708333333333337,0.5293396226415095,512,225,GALAXY
1.0953091397849466,0.5293396226415095,515,225,GALAXY
1.1197849462365594,0.5293396226415095,518,225,GALAXY
1.1442607526881723,0.5293396226415095,521,225,GALAXY
1.1687365591397851,0.5293396226415095,524,225,GALAXY
1.193212365591398,0.5293396226415095,527,225,GALAXY
1.2258467741935486,0.5293396226415095,531,225,GALAXY
1.2503225806451614,0.5293396226415095,534,225,GALAXY
1.2992741935483871,0.5293396226415095,540,225,GALAXY
1.32375,0.5293396226415095,543,225,GALAXY
1.364543010752688,0.5293396226415095,548,225,GALAXY
1.7724731182795703,0.5293396226415095,598,225,GALAXY
1.7969489247311832,0.5293396226415095,601,225,GALAXY
0.3528763440860212,0.519937106918239,424,226,GALAXY
0.4752553763440859,0.519937106918239,439,226,GALAXY
0.9321370967741931,0.519937106918239,495,226,GALAXY
0.9566129032258068,0.519937106918239,498,226,GALAXY
1.0055645161290325,0.519937106918239,504,226,GALAXY
1.0300403225806454,0.519937106918239,507,226,GALAXY
1.0545161290322582,0.519937106918239,510,226,GALAXY
1.078991935483871,0.519937106918239,513,226,GALAXY
1.103467741935484,0.519937106918239,516,226,GALAXY
1.1279435483870968,0.519937106918239,519,226,GALAXY
1.1524193548387096,0.519937106918239,522,226,GALAXY
1.176895161290323,0.519937106918239,525,226,GALAXY
1.2013709677419357,0.519937106918239,528,226,GALAXY
1.234005376344086,0.519937106918239,532,226,GALAXY
1.2584811827956988,0.519937106918239,535,226,GALAXY
1.2992741935483871,0.519937106918239,540,226,GALAXY
1.32375,0.519937106918239,543,226,GALAXY
1.7724731182795703,0.519937106918239,598,226,GALAXY
1.7969489247311832,0.519937106918239,601,226,GALAXY
0.3447177419354839,0.5105345911949686,423,227,GALAXY
0.4589381720430108,0.5105345911949686,437,227,GALAXY
0.48341397849462364,0.5105345911949686,440,227,GALAXY
0.5405241935483871,0.5105345911949686,447,227,GALAXY
0.9402956989247309,0.5105345911949686,496,227,GALAXY
0.9647715053763442,0.5105345911949686,499,227,GALAXY
1.0055645161290325,0.5105345911949686,504,227,GALAXY
1.0300403225806454,0.5105345911949686,507,227,GALAXY
1.0545161290322582,0.5105345911949686,510,227,GALAXY
1.078991935483871,0.5105345911949686,513,227,GALAXY
1.103467741935484,0.5105345911949686,516,227,GALAXY
1.1279435483870968,0.5105345911949686,519,227,GALAXY
1.1524193548387096,0.5105345911949686,522,227,GALAXY
1.176895161290323,0.5105345911949686,525,227,GALAXY
1.2013709677419357,0.5105345911949686,528,227,GALAXY
1.234005376344086,0.5105345911949686,532,227,GALAXY
1.2584811827956988,0.5105345911949686,535,227,GALAXY
1.282956989247312,0.5105345911949686,538,227,GALAXY
1.307432795698925,0.5105345911949686,541,227,GALAXY
1.3319086021505377,0.5105345911949686,544,227,GALAXY
1.7806317204301076,0.5105345911949686,599,227,GALAXY
0.32840053763440835,0.5011320754716981,421,228,GALAXY
0.3528763440860212,0.5011320754716981,424,228,GALAXY
0.4752553763440859,0.5011320754716981,439,228,GALAXY
0.5323655913978493,0.5011320754716981,446,228,GALAXY
0.5568413978494622,0.5011320754716981,449,228,GALAXY
0.6384274193548385,0.5011320754716981,459,228,GALAXY
0.9484543010752691,0.5011320754716981,497,228,GALAXY
0.9729301075268819,0.5011320754716981,500,228,GALAXY
0.9974059139784948,0.5011320754716981,503,228,GALAXY
1.0218817204301076,0.5011320754716981,506,228,GALAXY
1.0463575268817205,0.5011320754716981,509,228,GALAXY
1.0708333333333337,0.5011320754716981,512,228,GALAXY
1.0953091397849466,0.5011320754716981,515,228,GALAXY
1.1197849462365594,0.5011320754716981,518,228,GALAXY
1.1442607526881723,0.5011320754716981,521,228,GALAXY
1.1687365591397851,0.5011320754716981,524,228,GALAXY
1.193212365591398,0.5011320754716981,527,228,GALAXY
1.2258467741935486,0.5011320754716981,531,228,GALAXY
1.2503225806451614,0.5011320754716981,534,228,GALAXY
1.2747983870967743,0.5011320754716981,537,228,GALAXY
1.2992741935483871,0.5011320754716981,540,228,GALAXY
1.32375,0.5011320754716981,543,228,GALAXY
1.470604838709677,0.5011320754716981,561,228,GALAXY
1.7724731182795703,0.5011320754716981,598,228,GALAXY
0.32840053763440835,0.4917295597484277,421,229,GALAXY
0.3528763440860212,0.4917295597484277,424,229,GALAXY
0.5323655913978493,0.4917295597484277,446,229,GALAXY
0.5568413978494622,0.4917295597484277,449,229,GALAXY
0.6302688172043012,0.4917295597484277,458,229,GALAXY
0.6710618279569891,0.4917295597484277,463,229,GALAXY
0.8995026881720425,0.4917295597484277,491,229,GALAXY
0.9239784946236558,0.4917295597484277,494,229,GALAXY
0.9484543010752691,0.4917295597484277,497,229,GALAXY
0.9729301075268819,0.4917295597484277,500,229,GALAXY
0.9974059139784948,0.4917295597484277,503,229,GALAXY
1.0218817204301076,0.4917295597484277,506,229,GALAXY
1.0463575268817205,0.4917295597484277,509,229,GALAXY
1.0708333333333337,0.4917295597484277,512,229,GALAXY
1.0953091397849466,0.4917295597484277,515,229,GALAXY
1.1197849462365594,0.4917295597484277,518,229,GALAXY
1.1442607526881723,0.4917295597484277,521,229,GALAXY
1.1687365591397851,0.4917295597484277,524,229,GALAXY
1.193212365591398,0.4917295597484277,527,229,GALAXY
1.2258467741935486,0.4917295597484277,531,229,GALAXY
1.2503225806451614,0.4917295597484277,534,229,GALAXY
1.2747983870967743,0.4917295597484277,537,229,GALAXY
1.2992741935483871,0.4917295597484277,540,229,GALAXY
1.32375,0.4917295597484277,543,229,GALAXY
1.4624462365591397,0.4917295597484277,560,229,GALAXY
1.4869220430107526,0.4917295597484277,563,229,GALAXY
0.3447177419354839,0.48232704402515725,423,230,GALAXY
0.5323655913978493,0.48232704402515725,446,230,GALAXY
0.5568413978494622,0.48232704402515725,449,230,GALAXY
0.6384274193548385,0.48232704402515725,459,230,GALAXY
0.6710618279569891,0.48232704402515725,463,230,GALAXY
0.695537634408602,0.48232704402515725,466,230,GALAXY
0.9076612903225802,0.48232704402515725,492,230,GALAXY
0.9321370967741931,0.48232704402515725,495,230,GALAXY
0.9566129032258068,0.48232704402515725,498,230,GALAXY
0.9810887096774197,0.48232704402515725,501,230,GALAXY
1.0055645161290325,0.48232704402515725,504,230,GALAXY
1.0300403225806454,0.48232704402515725,507,230,GALAXY
1.0545161290322582,0.48232704402515725,510,230,GALAXY
1.078991935483871,0.48232704402515725,513,230,GALAXY
1.103467741935484,0.48232704402515725,516,230,GALAXY
1.1279435483870968,0.48232704402515725,519,230,GALAXY
1.1524193548387096,0.48232704402515725,522,230,GALAXY
1.176895161290323,0.48232704402515725,525,230,GALAXY
1.2013709677419357,0.48232704402515725,528,230,GALAXY
1.2258467741935486,0.48232704402515725,531,230,GALAXY
1.2503225806451614,0.48232704402515725,534,230,GALAXY
1.2747983870967743,0.48232704402515725,537,230,GALAXY
1.2992741935483871,0.48232704402515725,540,230,GALAXY
1.32375,0.48232704402515725,543,230,GALAXY
1.4624462365591397,0.48232704402515725,560,230,GALAXY
1.4869220430107526,0.48232704402515725,563,230,GALAXY
0.5405241935483871,0.4729245283018868,447,231,GALAXY
0.6221102150537634,0.4729245283018868,457,231,GALAXY
0.6465860215053763,0.4729245283018868,460,231,GALAXY
0.6792204301075269,0.4729245283018868,464,231,GALAXY
0.8913440860215052,0.4729245283018868,490,231,GALAXY
0.915819892473118,0.4729245283018868,493,231,GALAXY
0.9402956989247309,0.4729245283018868,496,231,GALAXY
0.9647715053763442,0.4729245283018868,499,231,GALAXY
0.9892473118279574,0.4729245283018868,502,231,GALAXY
1.0137231182795703,0.4729245283018868,505,231,GALAXY
1.0381989247311831,0.4729245283018868,508,231,GALAXY
1.062674731182796,0.4729245283018868,511,231,GALAXY
1.0871505376344088,0.4729245283018868,514,231,GALAXY
1.1116263440860217,0.4729245283018868,517,231,GALAXY
1.1361021505376345,0.4729245283018868,520,231,GALAXY
1.1605779569892474,0.4729245283018868,523,231,GALAXY
1.1850537634408602,0.4729245283018868,526,231,GALAXY
1.209529569892473,0.4729245283018868,529,231,GALAXY
1.234005376344086,0.4729245283018868,532,231,GALAXY
1.2584811827956988,0.4729245283018868,535,231,GALAXY
1.282956989247312,0.4729245283018868,538,231,GALAXY
1.32375,0.4729245283018868,543,231,GALAXY
1.470604838709677,0.4729245283018868,561,231,GALAXY
1.4950806451612904,0.4729245283018868,564,231,GALAXY
0.6384274193548385,0.46352201257861636,459,232,GALAXY
0.6792204301075269,0.46352201257861636,464,232,GALAXY
0.8913440860215052,0.46352201257861636,490,232,GALAXY
0.915819892473118,0.46352201257861636,493,232,GALAXY
0.9402956989247309,0.46352201257861636,496,232,GALAXY
0.9647715053763442,0.46352201257861636,499,232,GALAXY
0.9892473118279574,0.46352201257861636,502,232,GALAXY
1.0137231182795703,0.46352201257861636,505,232,GALAXY
1.0381989247311831,0.46352201257861636,508,232,GALAXY
1.062674731182796,0.46352201257861636,511,232,GALAXY
1.0871505376344088,0.46352201257861636,514,232,GALAXY
1.1116263440860217,0.46352201257861636,517,232,GALAXY
1.1361021505376345,0.46352201257861636,520,232,GALAXY
1.1605779569892474,0.46352201257861636,523,232,GALAXY
1.1850537634408602,0.46352201257861636,526,232,GALAXY
1.209529569892473,0.46352201257861636,529,232,GALAXY
1.2421639784946237,0.46352201257861636,533,232,GALAXY
1.2666397849462365,0.46352201257861636,536,232,GALAXY
1.4787634408602148,0.46352201257861636,562,232,GALAXY
0.6792204301075269,0.4541194968553459,464,233,GALAXY
0.9076612903225802,0.4541194968553459,492,233,GALAXY
0.9729301075268819,0.4541194968553459,500,233,GALAXY
0.9974059139784948,0.4541194968553459,503,233,GALAXY
1.0218817204301076,0.4541194968553459,506,233,GALAXY
1.0463575268817205,0.4541194968553459,509,233,GALAXY
1.0708333333333337,0.4541194968553459,512,233,GALAXY
1.0953091397849466,0.4541194968553459,515,233,GALAXY
1.1197849462365594,0.4541194968553459,518,233,GALAXY
1.1524193548387096,0.4541194968553459,522,233,GALAXY
1.176895161290323,0.4541194968553459,525,233,GALAXY
1.2013709677419357,0.4541194968553459,528,233,GALAXY
0.9076612903225802,0.4447169811320755,492,234,GALAXY
0.9647715053763442,0.4447169811320755,499,234,GALAXY
0.9892473118279574,0.4447169811320755,502,234,GALAXY
1.0137231182795703,0.4447169811320755,505,234,GALAXY
1.0381989247311831,0.4447169811320755,508,234,GALAXY
1.062674731182796,0.4447169811320755,511,234,GALAXY
1.0871505376344088,0.4447169811320755,514,234,GALAXY
1.1116263440860217,0.4447169811320755,517,234,GALAXY
1.1442607526881723,0.4447169811320755,521,234,GALAXY
1.1687365591397851,0.4447169811320755,524,234,GALAXY
1.193212365591398,0.4447169811320755,527,234,GALAXY
0.8995026881720425,0.43531446540880503,491,235,GALAXY
0.9239784946236558,0.43531446540880503,494,235,GALAXY
0.9647715053763442,0.43531446540880503,499,235,GALAXY
0.9892473118279574,0.43531446540880503,502,235,GALAXY
1.0137231182795703,0.43531446540880503,505,235,GALAXY
1.0381989247311831,0.43531446540880503,508,235,GALAXY
1.062674731182796,0.43531446540880503,511,235,GALAXY
1.0871505376344088,0.43531446540880503,514,235,GALAXY
1.1116263440860217,0.43531446540880503,517,235,GALAXY
1.1605779569892474,0.43531446540880503,523,235,GALAXY
1.1850537634408602,0.43531446540880503,526,235,GALAXY
0.8831854838709674,0.4259119496855346,489,236,GALAXY
0.9076612903225802,0.4259119496855346,492,236,GALAXY
0.9321370967741931,0.4259119496855346,495,236,GALAXY
0.9647715053763442,0.4259119496855346,499,236,GALAXY
0.9892473118279574,0.4259119496855346,502,236,GALAXY
1.0137231182795703,0.4259119496855346,505,236,GALAXY
1.0381989247311831,0.4259119496855346,508,236,GALAXY
1.062674731182796,0.4259119496855346,511,236,GALAXY
1.0871505376344088,0.4259119496855346,514,236,GALAXY
1.1116263440860217,0.4259119496855346,517,236,GALAXY
1.176895161290323,0.4259119496855346,525,236,GALAXY
0.2549731182795698,0.41650943396226414,412,237,GALAXY
0.8668682795698923,0.41650943396226414,487,237,GALAXY
0.8913440860215052,0.41650943396226414,490,237,GALAXY
0.915819892473118,0.41650943396226414,493,237,GALAXY
0.9484543010752691,0.41650943396226414,497,237,GALAXY
0.9729301075268819,0.41650943396226414,500,237,GALAXY
0.9974059139784948,0.41650943396226414,503,237,GALAXY
1.0218817204301076,0.41650943396226414,506,237,GALAXY
1.0463575268817205,0.41650943396226414,509,237,GALAXY
1.0871505376344088,0.41650943396226414,514,237,GALAXY
1.1687365591397851,0.41650943396226414,524,237,GALAXY
1.2258467741935486,0.41650943396226414,531,237,GALAXY
1.32375,0.41650943396226414,543,237,GALAXY
0.2549731182795698,0.4071069182389937,412,238,GALAXY
0.7444892473118276,0.4071069182389937,472,238,GALAXY
0.8587096774193546,0.4071069182389937,486,238,GALAXY
0.8831854838709674,0.4071069182389937,489,238,GALAXY
0.9076612903225802,0.4071069182389937,492,238,GALAXY
0.9321370967741931,0.4071069182389937,495,238,GALAXY
0.9647715053763442,0.4071069182389937,499,238,GALAXY
0.9892473118279574,0.4071069182389937,502,238,GALAXY
1.0137231182795703,0.4071069182389937,505,238,GALAXY
1.0381989247311831,0.4071069182389937,508,238,GALAXY
1.062674731182796,0.4071069182389937,511,238,GALAXY
1.234005376344086,0.4071069182389937,532,238,GALAXY
1.3155913978494622,0.4071069182389937,542,238,GALAXY
1.340067204301075,0.4071069182389937,545,238,GALAXY
0.2712903225806449,0.39770440251572325,414,239,GALAXY
0.7444892473118276,0.39770440251572325,472,239,GALAXY
0.7689650537634405,0.39770440251572325,475,239,GALAXY
0.826075268817204,0.39770440251572325,482,239,GALAXY
0.8668682795698923,0.39770440251572325,487,239,GALAXY
0.8913440860215052,0.39770440251572325,490,239,GALAXY
0.915819892473118,0.39770440251572325,493,239,GALAXY
0.9566129032258068,0.39770440251572325,498,239,GALAXY
0.9810887096774197,0.39770440251572325,501,239,GALAXY
1.0055645161290325,0.39770440251572325,504,239,GALAXY
1.0300403225806454,0.39770440251572325,507,239,GALAXY
1.0545161290322582,0.39770440251572325,510,239,GALAXY
1.2258467741935486,0.39770440251572325,531,239,GALAXY
1.2503225806451614,0.39770440251572325,534,239,GALAXY
1.3319086021505377,0.39770440251572325,544,239,GALAXY
0.2549731182795698,0.3883018867924528,412,240,GALAXY
0.27944892473118266,0.3883018867924528,415,240,GALAXY
0.7526478494623654,0.3883018867924528,473,240,GALAXY
0.7771236559139783,0.3883018867924528,476,240,GALAXY
0.8179166666666662,0.3883018867924528,481,240,GALAXY
0.8505510752688168,0.3883018867924528,485,240,GALAXY
0.8750268817204296,0.3883018867924528,488,240,GALAXY
0.8995026881720425,0.3883018867924528,491,240,GALAXY
0.9239784946236558,0.3883018867924528,494,240,GALAXY
0.9566129032258068,0.3883018867924528,498,240,GALAXY
0.9810887096774197,0.3883018867924528,501,240,GALAXY
1.0055645161290325,0.3883018867924528,504,240,GALAXY
1.0300403225806454,0.3883018867924528,507,240,GALAXY
1.0545161290322582,0.3883018867924528,510,240,GALAXY
1.078991935483871,0.3883018867924528,513,240,GALAXY
1.234005376344086,0.3883018867924528,532,240,GALAXY
1.3155913978494622,0.3883018867924528,542,240,GALAXY
1.340067204301075,0.3883018867924528,545,240,GALAXY
0.2712903225806449,0.37889937106918237,414,241,GALAXY
0.7526478494623654,0.37889937106918237,473,241,GALAXY
0.7771236559139783,0.37889937106918237,476,241,GALAXY
0.8097580645161289,0.37889937106918237,480,241,GALAXY
0.8342338709677417,0.37889937106918237,483,241,GALAXY
0.8668682795698923,0.37889937106918237,487,241,GALAXY
0.8913440860215052,0.37889937106918237,490,241,GALAXY
0.915819892473118,0.37889937106918237,493,241,GALAXY
0.9484543010752691,0.37889937106918237,497,241,GALAXY
0.9729301075268819,0.37889937106918237,500,241,GALAXY
0.9974059139784948,0.37889937106918237,503,241,GALAXY
1.0218817204301076,0.37889937106918237,506,241,GALAXY
1.0463575268817205,0.37889937106918237,509,241,GALAXY
1.0708333333333337,0.37889937106918237,512,241,GALAXY
1.2258467741935486,0.37889937106918237,531,241,GALAXY
1.32375,0.37889937106918237,543,241,GALAXY
0.7444892473118276,0.3694968553459119,472,242,GALAXY
0.7689650537634405,0.3694968553459119,475,242,GALAXY
0.8015994623655911,0.3694968553459119,479,242,GALAXY
0.826075268817204,0.3694968553459119,482,242,GALAXY
0.8668682795698923,0.3694968553459119,487,242,GALAXY
0.8913440860215052,0.3694968553459119,490,242,GALAXY
0.915819892473118,0.3694968553459119,493,242,GALAXY
0.9566129032258068,0.3694968553459119,498,242,GALAXY
0.9810887096774197,0.3694968553459119,501,242,GALAXY
1.0055645161290325,0.3694968553459119,504,242,GALAXY
1.0300403225806454,0.3694968553459119,507,242,GALAXY
1.0545161290322582,0.3694968553459119,510,242,GALAXY
1.078991935483871,0.3694968553459119,513,242,GALAXY
0.7608064516129032,0.3600943396226415,474,243,GALAXY
0.785282258064516,0.3600943396226415,477,243,GALAXY
0.826075268817204,0.3600943396226415,482,243,GALAXY
0.8668682795698923,0.3600943396226415,487,243,GALAXY
0.8913440860215052,0.3600943396226415,490,243,GALAXY
0.915819892473118,0.3600943396226415,493,243,GALAXY
0.9566129032258068,0.3600943396226415,498,243,GALAXY
0.9810887096774197,0.3600943396226415,501,243,GALAXY
1.0300403225806454,0.3600943396226415,507,243,GALAXY
1.0545161290322582,0.3600943396226415,510,243,GALAXY
1.078991935483871,0.3600943396226415,513,243,GALAXY
0.7689650537634405,0.35069182389937104,475,244,GALAXY
0.8505510752688168,0.35069182389937104,485,244,GALAXY
0.8750268817204296,0.35069182389937104,488,244,GALAXY
0.8995026881720425,0.35069182389937104,491,244,GALAXY
0.9484543010752691,0.35069182389937104,497,244,GALAXY
0.9729301075268819,0.35069182389937104,500,244,GALAXY
1.0381989247311831,0.35069182389937104,508,244,GALAXY
1.062674731182796,0.35069182389937104,511,244,GALAXY
0.06732526881720435,0.3412893081761006,389,245,GALAXY
0.8423924731182795,0.3412893081761006,484,245,GALAXY
0.8668682795698923,0.3412893081761006,487,245,GALAXY
0.9402956989247309,0.3412893081761006,496,245,GALAXY
0.9647715053763442,0.3412893081761006,499,245,GALAXY
1.0381989247311831,0.3412893081761006,508,245,GALAXY
1.062674731182796,0.3412893081761006,511,245,GALAXY
0.06732526881720435,0.33188679245283015,389,246,GALAXY
0.0918010752688172,0.33188679245283015,392,246,GALAXY
0.8587096774193546,0.33188679245283015,486,246,GALAXY
0.9484543010752691,0.33188679245283015,497,246,GALAXY
0.9892473118279574,0.33188679245283015,502,246,GALAXY
1.0463575268817205,0.33188679245283015,509,246,GALAXY
0.05916666666666659,0.3224842767295597,388,247,GALAXY
0.08364247311827944,0.3224842767295597,391,247,GALAXY
0.8505510752688168,0.3224842767295597,485,247,GALAXY
0.8750268817204296,0.3224842767295597,488,247,GALAXY
0.9566129032258068,0.3224842767295597,498,247,GALAXY
0.9974059139784948,0.3224842767295597,503,247,GALAXY
0.05916666666666659,0.31308176100628926,388,248,GALAXY
0.08364247311827944,0.31308176100628926,391,248,GALAXY
0.8587096774193546,0.31308176100628926,486,248,GALAXY
0.9402956989247309,0.31308176100628926,496,248,GALAXY
0.9647715053763442,0.31308176100628926,499,248,GALAXY
0.9974059139784948,0.31308176100628926,503,248,GALAXY
0.06732526881720435,0.3036792452830188,389,249,GALAXY
0.9321370967741931,0.3036792452830188,495,249,GALAXY
0.9566129032258068,0.3036792452830188,498,249,GALAXY
0.9892473118279574,0.3036792452830188,502,249,GALAXY
1.0137231182795703,0.3036792452830188,505,249,GALAXY
1.5440322580645156,0.3036792452830188,570,249,GALAXY
0.9484543010752691,0.2942767295597484,497,250,GALAXY
0.9892473118279574,0.2942767295597484,502,250,GALAXY
1.5195564516129032,0.2942767295597484,567,250,GALAXY
1.5440322580645156,0.2942767295597484,570,250,GALAXY
0.9484543010752691,0.28487421383647793,497,251,GALAXY
1.5277150537634405,0.28487421383647793,568,251,GALAXY
1.5521908602150538,0.28487421383647793,571,251,GALAXY
1.5358736559139783,0.2754716981132075,569,252,GALAXY
1.5277150537634405,0.26606918238993704,568,253,GALAXY
0.2876075268817204,0.2566666666666666,416,254,GALAXY
0.8179166666666662,0.2566666666666666,481,254,GALAXY
0.27944892473118266,0.24726415094339638,415,255,GALAXY
0.3039247311827955,0.24726415094339638,418,255,GALAXY
0.8179166666666662,0.24726415094339638,481,255,GALAXY
0.8423924731182795,0.24726415094339638,484,255,GALAXY
0.09995967741935496,0.23786163522012593,393,256,GALAXY
0.29576612903225774,0.23786163522012593,417,256,GALAXY
0.8097580645161289,0.23786163522012593,480,256,GALAXY
0.8342338709677417,0.23786163522012593,483,256,GALAXY
0.08364247311827944,0.2284591194968555,391,257,GALAXY
0.10811827956989228,0.2284591194968555,394,257,GALAXY
0.29576612903225774,0.2284591194968555,417,257,GALAXY
0.8097580645161289,0.2284591194968555,480,257,GALAXY
0.8342338709677417,0.2284591194968555,483,257,GALAXY
0.08364247311827944,0.21905660377358505,391,258,GALAXY
0.10811827956989228,0.21905660377358505,394,258,GALAXY
0.3039247311827955,0.21905660377358505,418,258,GALAXY
0.8342338709677417,0.21905660377358505,483,258,GALAXY
0.0918010752688172,0.2096540880503146,392,259,GALAXY
0.08364247311827944,0.20025157232704416,391,260,GALAXY
0.6302688172043012,0.19084905660377371,458,261,GALAXY
0.6221102150537634,0.18144654088050327,457,262,GALAXY
0.6465860215053763,0.18144654088050327,460,262,GALAXY
0.6302688172043012,0.17204402515723283,458,263,GALAXY
0.654744623655914,0.17204402515723283,461,263,GALAXY
0.6384274193548385,0.16264150943396238,459,264,GALAXY
0.6302688172043012,0.15323899371069194,458,265,GALAXY
0.3202419354838706,0.13443396226415105,420,267,GALAXY
0.31208333333333327,0.1250314465408806,419,268,GALAXY
0.3365591397849461,0.1250314465408806,422,268,GALAXY
0.8342338709677417,0.1250314465408806,483,268,GALAXY
0.3202419354838706,0.11562893081761016,420,269,GALAXY
0.8097580645161289,0.11562893081761016,480,269,GALAXY
0.8342338709677417,0.11562893081761016,483,269,GALAXY
0.31208333333333327,0.10622641509433972,419,270,GALAXY
0.3365591397849461,0.10622641509433972,422,270,GALAXY
0.826075268817204,0.10622641509433972,482,270,GALAXY
0.31208333333333327,0.09682389937106928,419,271,GALAXY
0.8097580645161289,0.09682389937106928,480,271,GALAXY
0.8342338709677417,0.09682389937106928,483,271,GALAXY
0.826075268817204,0.08742138364779883,482,272,GALAXY
0.8505510752688168,0.021603773584905728,485,279,GALAXY
0.8423924731182795,0.012201257861635284,484,280,GALAXY
0.8668682795698923,0.012201257861635284,487,280,GALAXY
0.8505510752688168,0.0027987421383643962,485,281,GALAXY
0.8342338709677417,-0.0066037735849060475,483,282,GALAXY
0.8587096774193546,-0.0066037735849060475,486,282,GALAXY
0.8505510752688168,-0.01600628930817649,485,283,GALAXY
-0.16927419354838724,-0.2510691823899376,360,308,GALAXY
-0.177432795698925,-0.26047169811320803,359,309,GALAXY
-0.15295698924731216,-0.26047169811320803,362,309,GALAXY
-0.16927419354838724,-0.26987421383647847,360,310,GALAXY
-0.18559139784946233,-0.2792767295597489,358,311,GALAXY
-0.16111559139784948,-0.2792767295597489,361,311,GALAXY
-0.16927419354838724,-0.28867924528301936,360,312,GALAXY
0.32840053763440835,-0.42971698113207557,421,327,GALAXY
0.3202419354838706,-0.439119496855346,420,328,GALAXY
0.3447177419354839,-0.439119496855346,423,328,GALAXY
0.32840053763440835,-0.44852201257861646,421,329,GALAXY
1.992755376344086,-0.44852201257861646,625,329,GALAXY
0.31208333333333327,-0.4579245283018869,419,330,GALAXY
0.3365591397849461,-0.4579245283018869,422,330,GALAXY
1.992755376344086,-0.4579245283018869,625,330,GALAXY
2.017231182795699,-0.4579245283018869,628,330,GALAXY
0.3365591397849461,-0.46732704402515735,422,331,GALAXY
2.000913978494624,-0.46732704402515735,626,331,GALAXY
1.9845967741935486,-0.4767295597484278,624,332,GALAXY
2.0090725806451615,-0.4767295597484278,627,332,GALAXY
2.000913978494624,-0.48613207547169823,626,333,GALAXY
-2.1926075268817207,-3.1846540880503147,112,620,GALAXY
-2.2007661290322584,-3.1940566037735847,111,621,GALAXY
-2.1762903225806456,-3.1940566037735847,114,621,GALAXY
-2.1926075268817207,-3.2034591194968556,112,622,GALAXY
-2.2089247311827958,-3.2128616352201256,110,623,GALAXY
-2.184448924731183,-3.2128616352201256,113,623,GALAXY
-2.1926075268817207,-3.2222641509433965,112,624,GALAXY
3.5918413978494628,-3.457327044025157,821,649,GALAXY
-1.9886424731182797,-3.476132075471698,137,651,GALAXY
0.002056451612903132,-3.476132075471698,381,651,GALAXY
1.0137231182795703,-3.476132075471698,505,651,GALAXY
2.9962634408602153,-3.476132075471698,748,651,GALAXY
-1.9723252688172046,-3.5795597484276733,139,662,GALAXY
3.020739247311828,-3.5795597484276733,751,662,GALAXY
-1.9152150537634411,-3.5889622641509433,146,663,GALAXY
1.992755376344086,-3.5889622641509433,625,663,GALAXY
2.988104838709677,-3.5889622641509433,747,663,GALAXY
-0.03057795698924748,-3.598364779874214,377,664,GALAXY
0.03469086021505374,-3.617169811320755,385,666,GALAXY
0.03469086021505374,-3.626572327044025,385,667,GALAXY
0.03469086021505374,-3.635974842767296,385,668,GALAXY
3.0288978494623655,-3.635974842767296,752,668,GALAXY
-2.053911290322581,-3.645377358490566,129,669,GALAXY
-2.029435483870968,-3.645377358490566,132,669,GALAXY
-2.0049596774193548,-3.645377358490566,135,669,GALAXY
-1.0748790322580648,-3.645377358490566,249,669,GALAXY
-1.0504032258064517,-3.645377358490566,252,669,GALAXY
-1.0259274193548387,-3.645377358490566,255,669,GALAXY
-1.0014516129032258,-3.645377358490566,258,669,GALAXY
0.01837365591397866,-3.654779874213837,383,670,GALAXY
-0.014260752688172396,-3.664182389937107,379,671,GALAXY
-0.9606586021505377,-3.6735849056603778,263,672,GALAXY
-0.9198655913978495,-3.6735849056603778,268,672,GALAXY
0.9892473118279574,-3.6735849056603778,502,672,GALAXY
1.0300403225806454,-3.6735849056603778,507,672,GALAXY
2.988104838709677,-3.6735849056603778,747,672,GALAXY
2.9717876344086025,-3.6829874213836478,745,673,GALAXY
